1.444848888750437599e+00 1.137758596568629699e+01
6.834355104070726217e-01 1.221473299109854338e+01
8.409704912627311568e-01 1.172095310083400399e+01
1.117337987863055160e+00 1.264254306650342841e+01
6.776476123804532348e-01 1.268082363076366192e+01
1.741636086308470333e+00 1.203152195334685182e+01
1.722002361511877577e+00 1.207031338008455634e+01
1.533422926523200447e+00 1.273534034431514250e+01
1.255811688729189246e+00 1.281934605900836388e+01
4.988559763787587253e-01 1.210107550501192719e+01
3.988821142826336485e-01 1.285567697134968412e+01
1.928507320791436275e+00 1.214707250464033805e+01
5.804239305558190898e-01 1.209272403387051043e+01
2.199931472652749243e+00 1.209449232148031150e+01
1.570631015519573070e+00 1.265343883170551997e+01
1.367360939633654127e+00 1.220094191347771151e+01
2.132276865591595350e+00 1.270667278937031597e+01
1.992970663035264822e+00 1.074874304006132775e+01
1.510318364437282179e+00 1.260132287805398299e+01
5.870888426595951559e-01 1.273959056796634570e+01
9.879711965734359058e-01 1.213745471187902680e+01
1.479160576302919639e+00 1.190703140462169429e+01
2.102677186627960992e+00 1.158975545422544151e+01
5.097356707056069913e-01 1.244003962672013408e+01
6.032427873921811790e-01 1.262671422766636375e+01
1.552352422315605329e+00 1.256749948352761415e+01
4.342161094384944797e-01 1.284072234154083958e+01
1.662465781506659468e+00 1.219216465039964525e+01
2.133348060896704812e+00 1.161480154023814215e+01
2.139975404240372470e+00 1.282437582351839822e+01
5.088385841335745230e-01 1.265847198070392920e+01
5.462433807759954352e-01 1.257111475512013499e+01
5.506487091122713728e-01 1.290990462915461556e+01
5.058452186918889204e-01 1.231928010878166013e+01
1.178094470590300924e+00 1.240491600614740975e+01
1.505423790722074884e+00 1.272335423928616294e+01
5.420601441965741119e-01 1.244646478225429398e+01
1.002446491158329955e+00 1.200844674620453567e+01
1.383014446702010458e+00 1.184252400221648394e+01
1.783928105280433885e+00 1.160949686512467238e+01
1.987680278226895192e+00 1.184950220974669044e+01
1.657188679136665233e+00 1.319890741584442040e+01
1.428816443542024528e+00 1.109483434921888900e+01
1.663109623543232996e+00 1.275129070585886204e+01
3.071429670897500297e-01 1.303175931672364385e+01
1.106652970548059889e+00 1.199188118122737379e+01
4.227603313534899487e-01 1.238585943664907951e+01
1.298680796981099839e+00 1.175931823168618351e+01
7.931401492593178615e-01 1.209928653548768196e+01
6.190865413626194247e-01 1.241590928747524103e+01
9.616937540396300887e-01 1.223604735751991690e+01
1.802595715042542457e+00 1.226568369659040769e+01
5.463399518059509630e-01 1.192771924526024208e+01
3.670039555009408927e-01 1.296811771661418256e+01
8.373924226942301985e-01 1.190050315987888574e+01
6.994016673811579432e-01 1.257108507319512469e+01
1.305342451857600450e+00 1.289651799446175495e+01
1.447672982415394216e+00 1.251790217804915528e+01
1.839190337345075532e+00 1.284365291452042790e+01
3.396735690614746117e-01 1.268575221513785145e+01
2.040559384295133949e+00 1.233458468808083097e+01
4.766165765066688320e-01 1.241431167050083850e+01
1.035873645795561071e+00 1.224253906194623553e+01
1.022217794049860018e+00 1.163380217017906304e+01
7.874689833937801309e-01 1.222876543021540208e+01
1.356741481873315225e+00 1.270562869017205898e+01
1.796269088020685301e+00 1.211962492710154571e+01
1.234364670439453304e+00 1.275827329385170650e+01
1.692294497338112214e+00 1.247412297035796769e+01
1.689110742836015033e+00 1.237437572489299598e+01
1.002131902482929604e+00 1.243131260289522366e+01
6.009500165660502935e-01 1.159003384612472232e+01
1.826822966897827749e+00 1.117623772093346979e+01
3.831249545395452594e-01 1.301913243254139374e+01
8.808591373925972468e-01 1.230992405611263329e+01
1.105373873687281128e+00 1.220406862085433985e+01
3.039720272700409121e-01 1.336007130554064837e+01
1.585819475941235623e+00 1.246370408188998624e+01
5.225991878178739558e-01 1.211092453257878532e+01
7.834225338753190160e-01 1.267103900449499676e+01
2.000427547577925402e+00 1.231294558047188126e+01
1.985508682205209041e+00 1.192723149229042612e+01
9.154731937900220107e-01 1.230606324826570663e+01
1.929472460889199326e+00 1.293284921074911331e+01
7.381838332241340561e-01 1.236419165004677545e+01
9.348249650503073216e-01 1.231879787139288140e+01
1.959968453168859481e+00 1.264680317332061854e+01
7.218325965379658316e-01 1.175403786502935866e+01
4.512560711362039734e-01 1.277382963159888440e+01
1.768738546695870273e+00 1.182012187977604967e+01
1.338019718649812839e+00 1.212105946073082308e+01
1.133317762501143910e+00 1.225278354426378868e+01
1.743594193688658756e+00 1.220104172026343470e+01
6.940710642643385109e-01 1.233740762993422635e+01
1.845473593266582890e+00 1.085048095269409174e+01
9.602727234924703925e-01 1.222872961822069904e+01
3.958979965535735501e-01 1.297066015696607266e+01
1.830649965409376856e+00 1.148520014045907445e+01
3.609773875678297661e-01 1.291229887221984285e+01
4.623413597668215580e-01 1.272034816330879003e+01
2.847887820283155347e-01 1.348676740168512111e+01
1.746857166253605209e+00 1.237461135252712729e+01
8.253504671057525499e-01 1.230361246971598632e+01
6.155678441597702832e-01 1.200223436750387229e+01
8.450509769079006528e-01 1.250735062434853972e+01
1.464019644889973382e+00 1.107164121813767999e+01
1.008468693699174246e+00 1.184354977312051638e+01
1.307020967522533939e+00 1.215264671292155363e+01
5.832405983975799124e-01 1.191318670703267202e+01
1.892568058151045340e+00 1.091117541551160919e+01
4.518503215019596952e-01 1.237810436111297463e+01
3.144014104778531382e-01 1.278630534065110069e+01
1.073579945800372082e+00 1.254457625864511883e+01
2.064546781168322909e+00 1.294274540001496021e+01
1.713025352616721397e+00 1.290128618766837221e+01
6.500167889343065886e-01 1.260431639467171827e+01
6.662730961471513558e-01 1.264905131110420378e+01
5.504055469321093019e-01 1.270211283248543666e+01
6.996653376415260528e-01 1.205439030856240556e+01
7.745443828988636259e-01 1.247521578348102089e+01
1.838663538971054834e+00 1.211540761930960031e+01
1.458978854450019513e+00 1.222595124845387637e+01
6.132973127180810780e-01 1.271956150699363874e+01
1.509101835128903391e+00 1.223052372836050061e+01
1.447798663473461200e+00 1.308492829426346837e+01
7.705114980401294167e-01 1.210409971679027663e+01
4.913013211321115015e-01 1.250327713407891039e+01
7.959669427950534226e-01 1.211816970994371978e+01
5.986233410566700330e-01 1.253581697788128402e+01
1.056997450340266820e+00 1.244969233205797465e+01
1.763546525234950035e+00 1.217511658854418855e+01
1.988826765571574562e+00 1.229464295548588915e+01
1.907066047812525866e+00 1.220674884186534470e+01
2.059557628099049076e+00 1.265765944199724302e+01
1.216870752562439817e+00 1.215537589874908875e+01
6.164974042904095564e-01 1.253354848483493100e+01
1.258600900280415047e+00 1.214652363107230038e+01
8.647410216910719205e-01 1.213190722594336357e+01
1.288803262719342424e+00 1.266217074704259815e+01
1.637975275273289677e+00 1.247751773653697605e+01
1.868121354863460315e+00 1.244927835384264370e+01
7.238977172207339272e-01 1.221990361300665207e+01
4.187988369641401643e-01 1.310439343900249654e+01
4.020121310945284354e-01 1.240455472788148583e+01
1.990945552292298082e+00 1.199241810398478769e+01
1.596827514926207670e+00 1.267407676398562444e+01
9.720521629524975227e-01 1.154870025862730287e+01
3.790545426771659288e-01 1.308618669165014126e+01
4.759913786427031890e-01 1.310466387582604852e+01
1.996990659981676464e+00 1.285608631089726650e+01
1.935250808006635515e+00 1.308043921038143864e+01
9.094250690739569265e-01 1.224709608302599229e+01
5.200780087936832663e-01 1.226045731184895082e+01
8.358668098678548875e-01 1.242962993129769877e+01
2.203708103385419115e+00 1.299342479487486202e+01
2.008748895209972130e+00 1.131321884708134284e+01
1.142859542703233977e+00 1.157015545869618478e+01
6.289256444874791185e-01 1.256656235256687104e+01
1.423724476572676423e+00 1.241841762267342020e+01
1.800246753110448905e+00 1.255542462284922856e+01
7.862529511109368485e-01 1.162891217868531157e+01
1.248021636787073119e+00 1.213568713512161601e+01
3.763283514001620755e-01 1.227260929474087980e+01
7.354520539062846529e-01 1.209772072654335950e+01
4.645254303848792565e-01 1.219045341963669138e+01
9.831982601694780888e-01 1.246553786256868435e+01
1.510982077419439795e+00 1.235661117573942747e+01
1.206677776264344804e+00 1.211723733513301049e+01
1.715494919888305159e+00 1.291821809438852142e+01
1.120067171527671990e+00 1.251724167608877458e+01
9.524651423250647397e-01 1.257825013664368718e+01
5.768294266591137420e-01 1.213862458376212494e+01
3.631584753054435399e-01 1.269730708703697175e+01
1.724430933396313481e+00 1.198901741696760936e+01
4.331044798440094601e-01 1.298004459014566869e+01
1.379328971359292000e+00 1.244325742494938858e+01
3.641004020806641317e-01 1.263606821744387787e+01
9.224816981293995077e-01 1.191776011412369307e+01
1.338439590344804531e+00 1.259147352528153441e+01
6.370850703353808653e-01 1.244204830118358807e+01
9.371136881974141408e-01 1.254225573076002576e+01
5.246336447662445224e-01 1.289779371507430916e+01
1.172639569080000665e+00 1.254753948161271815e+01
4.621758781259269200e-01 1.239124868642901056e+01
1.661463619444655926e+00 1.296835734519501848e+01
3.559239676409139408e-01 1.317144967228608365e+01
1.063869638995914135e+00 1.275658508064208974e+01
1.500655332515452134e+00 1.212057409914649497e+01
5.776260610849213162e-01 1.232248018557546665e+01
3.731990579496602956e-01 1.323107771603529415e+01
1.071248008899501780e+00 1.187332737245135483e+01
8.844930726898974083e-01 1.177165925984352057e+01
1.983255600879650027e+00 1.179595312669856533e+01
1.057519727961475420e+00 1.275757345902365181e+01
1.457791180401530218e+00 1.159606708003694919e+01
1.903669242127063788e+00 1.155749387028101438e+01
1.438459629252341943e+00 1.301824777147676748e+01
6.483992876985794629e-01 1.208330785581933853e+01
1.665722942230002612e+00 1.219822577893389415e+01
1.901330395679151186e+00 1.191177976816314299e+01
6.654445679812697190e-01 1.222246207183424183e+01
1.061301201149402962e+00 1.216825916685232656e+01
4.444305015780025681e-01 1.244898516487523032e+01
1.357705910260709414e+00 1.223924868948238220e+01
1.961979006135452730e+00 1.249496232010933383e+01
4.096123759284361343e-01 1.312181910463026746e+01
1.826666646531477811e+00 1.274053707025884030e+01
1.724601158523748179e+00 1.291075797119590973e+01
2.124402447686149831e+00 1.275421394540433617e+01
4.795761689643264214e-01 1.237624695222381810e+01
2.923126649548321576e-01 1.346395425821751779e+01
5.133488277195131788e-01 1.263764982729394681e+01
7.317457525517936379e-01 1.200768929745495051e+01
4.983276994731856147e-01 1.223400090547464814e+01
6.613132397485892433e-01 1.246738911937337591e+01
2.133667498437640475e+00 1.199428641714387389e+01
4.562822957439143234e-01 1.284894575061292343e+01
8.259541581536730126e-01 1.216389046642012950e+01
1.383990900201391039e+00 1.269921557800228307e+01
1.424249739974648543e+00 1.180276962467022450e+01
3.910326986904643642e-01 1.296762042950265581e+01
2.051715727889118490e+00 1.205980596410338457e+01
1.928237218997356672e+00 1.285709865734743929e+01
2.209107588037535486e+00 1.260539221686291889e+01
1.432710274163965680e+00 1.237997319595484313e+01
8.729535373972985290e-01 1.213987018664113471e+01
1.220803662064460671e+00 1.265944419802545973e+01
1.860409197631798461e+00 1.188344263175542181e+01
6.760196644552957101e-01 1.218890107209070983e+01
1.863468170868691320e+00 1.233795407035120739e+01
9.500753759258372400e-01 1.209789378486625466e+01
1.826416899780095360e+00 1.278123615283291947e+01
1.048990405844154372e+00 1.233488364835879025e+01
1.970267762239775955e+00 1.234424878422993466e+01
1.899392956213826533e+00 1.285198441692069160e+01
5.649038480311781019e-01 1.241724071662136986e+01
1.388973630177768648e+00 1.182155257091005396e+01
1.903280957326029199e+00 1.253366060078134048e+01
4.485271490423883844e-01 1.210237789467872815e+01
8.570303431028843955e-01 1.233237333267231151e+01
7.232395263014819164e-01 1.279239123178658133e+01
1.000548039096411657e+00 1.219486192654786549e+01
2.907240896394130414e-01 1.350472796314997659e+01
1.066361230211106292e+00 1.251602543909775989e+01
4.952214017741395913e-01 1.269177032693057505e+01
1.862138935221933744e+00 1.228722630024100226e+01
5.673091405595644954e-01 1.261796991638534315e+01
5.006738574351650151e-01 1.279132977090312373e+01
3.661995104736658901e-01 1.278856756789152804e+01
2.175904443642310060e+00 1.300837443416387984e+01
9.244733934850983825e-01 1.241338337359871424e+01
3.332744497322139288e-01 1.289038124440228650e+01
8.873749857242674288e-01 1.196439209757484967e+01
5.923790361772968138e-01 1.251192934938869961e+01
1.979129965650860745e+00 1.269581487827730548e+01
2.032339552438898966e+00 1.243943247210487257e+01
7.965367618743121048e-01 1.211224397027726063e+01
6.158139621281778497e-01 1.267685075144646234e+01
1.644930217152257956e+00 1.261062069640397354e+01
1.597136831832799198e+00 1.254526695067902864e+01
5.056410753771768407e-01 1.269278161896155233e+01
1.091314053092056424e+00 1.197502780538577305e+01
1.485869481518014901e+00 1.292037385410448103e+01
8.715393688991961429e-01 1.176529819460375670e+01
4.584926777760368610e-01 1.312264523907100333e+01
1.483423458424294239e+00 1.266040014171402461e+01
1.030974545752700866e+00 1.240390417677893353e+01
1.261117262119307192e+00 1.261001444902300150e+01
1.020041935007395928e+00 1.245792922482176657e+01
9.644921313222653003e-01 1.277339414358812597e+01
1.461028055871638420e+00 1.216101397269349782e+01
1.554036509991992387e+00 1.288714485039346336e+01
1.563419555921264026e+00 1.250731800983489528e+01
1.608118160883920567e+00 1.287925319776009481e+01
1.067819495215728720e+00 1.168300324488908259e+01
1.882529830496487921e+00 1.260805084274918109e+01
9.781546789746149440e-01 1.217441760711681020e+01
4.346152127852821456e-01 1.294575089408675161e+01
5.123456772649389590e-01 1.265376816397111170e+01
4.889020099593825996e-01 1.235520990722650403e+01
1.964463355332103367e+00 1.251150768317716278e+01
4.609899595752255941e-01 1.251076164235114163e+01
9.175519671381666686e-01 1.229938880941174695e+01
1.845123962893400416e+00 1.243354927127876941e+01
1.880959353677648549e+00 1.190496380735879711e+01
4.162876262282539930e-01 1.314419236954629255e+01
1.914878575190248622e+00 1.260772658128595758e+01
1.763832506773976627e+00 1.299487103290879908e+01
1.949619115401660885e+00 1.229418456231183221e+01
1.851625449885531349e+00 1.045510732790883068e+01
4.995540303158152451e-01 1.219294323702006544e+01
1.159428552177598215e+00 1.213086011239954587e+01
5.035344801424992411e-01 1.224727440588782024e+01
3.931984532663336807e-01 1.299530492347457766e+01
4.055618544182516549e-01 1.284570774250182090e+01
7.690791720342843307e-01 1.177564099494915872e+01
3.544029894488633925e-01 1.288485514059559200e+01
1.914619260151925628e+00 1.297419751912070218e+01
2.213728443734851226e+00 1.156506710671324356e+01
8.283977746623275573e-01 1.244014589431995255e+01
4.868831587825575569e-01 1.287193501933637307e+01
1.894186460638770830e+00 1.345174932249896393e+01
5.054917193492338701e-01 1.266991655854296894e+01
1.449197493418767246e+00 1.276325199618588258e+01
1.064824384075949038e+00 1.264157655858468310e+01
3.927892023499811591e-01 1.218226567875417210e+01
6.121684730585217338e-01 1.196108104364987490e+01
1.948732475358945671e+00 1.276197236730246587e+01
6.933940861080661877e-01 1.270757484013268446e+01
2.083006913163421014e+00 1.077918848008316921e+01
1.175808335301492313e+00 1.284821623178923566e+01
3.670001846032431292e-01 1.300672344919617984e+01
1.731978096885460783e+00 1.135712075149011113e+01
4.300362902214069361e-01 1.236568340179383974e+01
8.505221312598184591e-01 1.230894580952053019e+01
1.878039769007973314e+00 1.271187908270696809e+01
5.794430182422846132e-01 1.216516627833796704e+01
2.004402714002735841e+00 1.101306173820899481e+01
1.367017946204503342e+00 1.230355720284330445e+01
6.066742045971575958e-01 1.209367712089588665e+01
1.388159251853166909e+00 1.204449419984337943e+01
1.273311334209815904e+00 1.223346694258155054e+01
7.329760362899792048e-01 1.268081996572145798e+01
2.087791937820547616e+00 1.226494820154965559e+01
1.926208553919718680e+00 1.201364000410274357e+01
1.544840171042075161e+00 1.260421915501193446e+01
1.126964132358032167e+00 1.192093886338124342e+01
1.017705732332182977e+00 1.209048102758243637e+01
5.130570934867499933e-01 1.239505943453136183e+01
1.038598661999422745e+00 1.217056808420955960e+01
4.193335747387687551e-01 1.277029289758442232e+01
9.511913547173503902e-01 1.163107159373879895e+01
1.867626581461338864e+00 1.276168378243836798e+01
1.938616210114518346e+00 1.112801689766678237e+01
1.568771860836073895e+00 1.275509912025307457e+01
1.215461140092720660e+00 1.169706312109962276e+01
1.313643787222196435e+00 1.209632480683759503e+01
3.180742940015302556e-01 1.311612096064222754e+01
4.403791648152459159e-01 1.228123672012555723e+01
1.351452539057764080e+00 1.226084937927523910e+01
2.829546910384174718e-01 1.400843556824253255e+01
7.632966132574259266e-01 1.232109584471363739e+01
3.800147592685919062e-01 1.257958165602173395e+01
1.425432932360746419e+00 1.247348042480235719e+01
1.904213537561000313e+00 1.146478818569862312e+01
5.710380659679834547e-01 1.213359406257660389e+01
5.643372293749311375e-01 1.265700303338313049e+01
4.241206621097748375e-01 1.245647267700142713e+01
5.448784028655581091e-01 1.198778215708260220e+01
1.863123568606999125e+00 1.276517205700133673e+01
7.979813170183117643e-01 1.240689655063762409e+01
3.769222485034979808e-01 1.299184155618039505e+01
8.812491580505192879e-01 1.244831452697302865e+01
2.114789360691616160e+00 1.140147356145297941e+01
7.250214563330941164e-01 1.255872057650342555e+01
1.769680165184988496e+00 1.135983807100129539e+01
9.365773798164916952e-01 1.210975082653888002e+01
2.215285377134990963e+00 1.298707566377699685e+01
1.072236041641385418e+00 1.174671265210431947e+01
8.168874825701915032e-01 1.211623842025888642e+01
1.851256544028777151e+00 1.239936967510298160e+01
2.055306720053997172e+00 1.171828234811194669e+01
2.093903764904539777e+00 1.272510214305947152e+01
8.615769173691617544e-01 1.268852236016252633e+01
6.481154818997127975e-01 1.244716027285766557e+01
1.158803547880387752e+00 1.216310787783295311e+01
2.033517840045036884e+00 1.078815733732746729e+01
6.290573760698279226e-01 1.227820562641019642e+01
3.825595868136520972e-01 1.325103567376516267e+01
1.847803178704246152e+00 1.121468103964862095e+01
1.368210717513697050e+00 1.132509444349585337e+01
4.022578480151151048e-01 1.324128609449578242e+01
2.056296143853748593e+00 1.125149761206623822e+01
1.782087080816935343e+00 1.281314102251086418e+01
1.396725479680624771e+00 1.245808508091036160e+01
4.258009176713683508e-01 1.253361947194784598e+01
6.517882118789143364e-01 1.164194798677864107e+01
2.021209103160122034e+00 1.279679739014381568e+01
7.449476403901765797e-01 1.181734501649386004e+01
1.984385566591986949e+00 1.238923279034336566e+01
1.883517928608066327e+00 1.155279369771325726e+01
1.907472794005113048e+00 1.239138383554940859e+01
1.247883861677747452e+00 1.205424030606835828e+01
6.182415096803457466e-01 1.203901498198378306e+01
6.904732715383946617e-01 1.188514935294181996e+01
3.762797521034707549e-01 1.250474117604407631e+01
1.524253555029542184e+00 1.282259499206972464e+01
2.015520271419519283e+00 1.311033419214030538e+01
2.005475358728489699e+00 1.235599582630689319e+01
1.706231430077623346e+00 1.262828504796670259e+01
4.248206793221179223e-01 1.256453271967749075e+01
8.867331476355483355e-01 1.220972611414027931e+01
1.205081338454610185e+00 1.255794934000017093e+01
1.158892479138732945e+00 1.231379455685161695e+01
1.109343340153407631e+00 1.159367929430457345e+01
2.066476425636088798e+00 1.126010061241235860e+01
2.181464750190970303e+00 1.271630094144110501e+01
5.061154792927715640e-01 1.275868850071863037e+01
4.097824141502535156e-01 1.254983800304287378e+01
4.041135148914817843e-01 1.341866196051675786e+01
1.776195550218707675e+00 1.302553887212912542e+01
1.844399087190199626e+00 1.193892434751750642e+01
2.058342092752135422e+00 1.165385246249920392e+01
1.312081891514794929e+00 1.240818319973756978e+01
1.045456021415381187e+00 1.238756373978862335e+01
6.218365059434566300e-01 1.217404632952854726e+01
1.289280491391064931e+00 1.285699553718335686e+01
1.293708798064157284e+00 1.220361613281323798e+01
5.819584145457420421e-01 1.279104669098622082e+01
1.748968937223080777e+00 1.253615516181921308e+01
1.355445987797514240e+00 1.267861674380946013e+01
4.689042968750314344e-01 1.199536834175051681e+01
1.954279277529166636e+00 1.240878515985074948e+01
3.539325795951062670e-01 1.315020438960617710e+01
1.542338823134797643e+00 1.246621219128400782e+01
5.737987459103273125e-01 1.203099119334479283e+01
2.138656381884292745e+00 1.208989733287644519e+01
3.840468034870646030e-01 1.297125004138772297e+01
7.871804602185232813e-01 1.202061262877594494e+01
2.077876922594507736e+00 1.236483160106855017e+01
2.122458295586714616e+00 1.251210516554885288e+01
8.917715371644242550e-01 1.203751830930959521e+01
5.006853774872332963e-01 1.265031330965770096e+01
1.590640309763506899e+00 1.236781447220097796e+01
7.354098396944689364e-01 1.206669434605635871e+01
1.987282693756545315e+00 1.183402800017447909e+01
9.646664344365002419e-01 1.230141502777898665e+01
8.721683418929606635e-01 1.200241799271017129e+01
5.112063990373042488e-01 1.278330602791523951e+01
1.694091372762277947e+00 1.315310184161929641e+01
1.700112767504799560e+00 1.319356187000151515e+01
1.017885037440180218e+00 1.153270894930030188e+01
1.229028999606424311e+00 1.239828295317876616e+01
4.818333982527562287e-01 1.267596756013416837e+01
8.597856707595983305e-01 1.171970690624396028e+01
8.882744723635160877e-01 1.251392649703886129e+01
9.144730645912446665e-01 1.247236014169197915e+01
9.877661858999682298e-01 1.209841570512097775e+01
1.960680167234791549e+00 1.317814328219267139e+01
3.921149219270493314e-01 1.280878797474372632e+01
2.096403780904325220e+00 1.275073939324237671e+01
1.462683649209862047e+00 1.255393177768811519e+01
1.832701504858190722e+00 1.212854327215627137e+01
2.182963516997854736e+00 1.283371111298894540e+01
1.936037922193144079e+00 1.082570539571083579e+01
6.499680795529374500e-01 1.186109201360061149e+01
1.852050961029961806e+00 1.216259597757929889e+01
2.100578838040536578e+00 1.265297686477636674e+01
4.629131554549136829e-01 1.297841671140445108e+01
1.879615907153312282e+00 1.241670393637546255e+01
9.589259153715570250e-01 1.215284001390591584e+01
1.704185349527352678e+00 1.219474850954332545e+01
8.798434605652298846e-01 1.169231477858772017e+01
1.776606391815030328e+00 1.337187491051045285e+01
1.256796972593055006e+00 1.261416233902758144e+01
1.130961512906953903e+00 1.259018243401034098e+01
1.898223284985637971e+00 1.263292733410292534e+01
1.734803264142075419e+00 1.269060727663014987e+01
1.630923353331375836e+00 1.233215746015584102e+01
7.782470208949961998e-01 1.210072642976196988e+01
6.214102711702641502e-01 1.246343961877883899e+01
6.474036008207190163e-01 1.241951112034066185e+01
1.171081068036597950e+00 1.249452643155388287e+01
1.458962801542209364e+00 1.237395989121869988e+01
2.077339768321777136e+00 1.323285589722996036e+01
4.316572498190475171e-01 1.220795208014967237e+01
1.560193603811515395e+00 1.308084619016711869e+01
5.692585096346721718e-01 1.181689815441585445e+01
9.759790702271337048e-01 1.247650213022797416e+01
1.397928622133650878e+00 1.180034323010774777e+01
3.214516622770974830e-01 1.286001897547393824e+01
1.270516037747650540e+00 1.299530217818134226e+01
1.450874066535625895e+00 1.149331339896337845e+01
3.015952361247428160e-01 1.353758702160546967e+01
2.171679473779140057e+00 1.269736427260947487e+01
5.198069713623636456e-01 1.227670215693324351e+01
1.944575931407176439e+00 1.210929815861613967e+01
4.635198456987144611e-01 1.273839678523430763e+01
1.112524868982653903e+00 1.264596398370590791e+01
6.340348941773535918e-01 1.250706452791232337e+01
5.407176046441377615e-01 1.191031468324748310e+01
2.230078522541897534e+00 1.280506906955908697e+01
1.895514379180896380e+00 1.191387798932805175e+01
1.987355939130071469e+00 1.152071505364559201e+01
6.837919283070822418e-01 1.258275045963644700e+01
1.162546242152373344e+00 1.261269653963725013e+01
9.636982262879877359e-01 1.244887903741018675e+01
1.252060194146975114e+00 1.281047311769609998e+01
1.475808432698574091e+00 1.249760884311398002e+01
7.944130046149243674e-01 1.221849750057985950e+01
1.294490089707236447e+00 1.163034351940715538e+01
2.158127516819424496e+00 1.274962138614177043e+01
1.391537740957809133e+00 1.140217589141702348e+01
8.025257804434722253e-01 1.231598955084334079e+01
2.100213366826799710e+00 1.194335646425812669e+01
1.164530746686186724e+00 1.252019010514001529e+01
1.397553114830952570e+00 1.267981416710848208e+01
1.059061082906460172e+00 1.185658114152381870e+01
1.883007186621010964e+00 1.133610240822486404e+01
1.721104121756502847e+00 1.220232628916139461e+01
9.530604439422367680e-01 1.262270368073338211e+01
8.547277807258045756e-01 1.269496286992788470e+01
1.483037035217428690e+00 1.170771623971635300e+01
2.223070265951501590e+00 1.225201273239164301e+01
1.675081144462129412e+00 1.259550332613181389e+01
3.122436670516564594e-01 1.351266372893222645e+01
1.390050264696327753e+00 1.255457920966737895e+01
1.467251505319854932e+00 1.293957168484848452e+01
1.811816818068230361e+00 1.186955014735610625e+01
5.693490852581125639e-01 1.211502736060981178e+01
4.942330879108312036e-01 1.269229740361559955e+01
1.839377740047825505e+00 1.226896402791557605e+01
1.404500077137416980e+00 1.216657901525279328e+01
1.537186344455611531e+00 1.173053721831762886e+01
2.143912884677663833e+00 1.223645475517770542e+01
1.823086289213373012e+00 1.199828694177438315e+01
1.015420129936935201e+00 1.194698875111789249e+01
1.227565337185734906e+00 1.195958527911926872e+01
1.374104815354503684e+00 1.189801831865812964e+01
4.578797233411694423e-01 1.312900729132726241e+01
5.794975494525494986e-01 1.275089124312626154e+01
1.521453558700793796e+00 1.214801958420091488e+01
5.425076044147386645e-01 1.294904995275269499e+01
1.408865215642097546e+00 1.274289713616309960e+01
8.443113357418363663e-01 1.233360156384871331e+01
6.578146724111325616e-01 1.244029418424811873e+01
1.954225011207635365e+00 1.262049140219741439e+01
4.829739848994574758e-01 1.259523178216011985e+01
1.433913564969608867e+00 1.283426950556824231e+01
2.076882447507574003e+00 1.234632072025936367e+01
5.861727855770693107e-01 1.267060861960874085e+01
8.048273530298560852e-01 1.227972521555703977e+01
6.301996372603497765e-01 1.243134805374327811e+01
1.314307102495857471e+00 1.290986212693245605e+01
5.260039123236597280e-01 1.233577122051836916e+01
5.243896009891444443e-01 1.271681387581746137e+01
2.040528435821550080e+00 1.192696461071181879e+01
3.521632033669515605e-01 1.278018153688487146e+01
4.130086420589255680e-01 1.273053904154875582e+01
2.726183228485442034e-01 1.360832604030336235e+01
8.106381279543626306e-01 1.220880508955722021e+01
7.116886212336593909e-01 1.224877390784348741e+01
1.259313280605499408e+00 1.213856855810779933e+01
1.532331752317283691e+00 1.233233505740360592e+01
2.296196108281837400e+00 1.210237069445481772e+01
5.012664030287627970e-01 1.230488418003565165e+01
6.554863008932531043e-01 1.247147320453797015e+01
1.148938411779834246e+00 1.246806172122513168e+01
1.911270913100230562e+00 1.291516883686984407e+01
1.883290390879400533e+00 1.289241363380813965e+01
1.881531620066061894e+00 1.273886423851298488e+01
1.392149876607730263e+00 1.120678652073964265e+01
1.654107223887256062e+00 1.275834159687956415e+01
1.399778640275883612e+00 1.251558448939912438e+01
3.257642010128818377e-01 1.328869645358754781e+01
1.253957296659811593e+00 1.221933163010045931e+01
8.366418764807186381e-01 1.247591589949886171e+01
1.914491480572569015e+00 1.222193523912202018e+01
5.482027172167043272e-01 1.195192449947123947e+01
1.896062716109113921e+00 1.221554043503445364e+01
5.004924896513615051e-01 1.242877764498367732e+01
1.638400141537501131e+00 1.285733511160059983e+01
1.973453508345839547e+00 1.191335541054396252e+01
3.624161953625982813e-01 1.263498121642769867e+01
4.408487986969912842e-01 1.287319528127502721e+01
7.880933246972520179e-01 1.244170039342393785e+01
1.862552944391042242e+00 1.312602702982619363e+01
1.430168432354406827e+00 1.142707981467610701e+01
1.670829106850144408e+00 1.224380819310331425e+01
6.681423671589944435e-01 1.256845575404907756e+01
2.056035406016991196e+00 1.153667545738958289e+01
1.297412890213645476e+00 1.199296299239166252e+01
8.429532351478836727e-01 1.254624326303243187e+01
4.213788591973998687e-01 1.291126632170956334e+01
1.098139735766600289e+00 1.224835887110048382e+01
1.687389463219182817e+00 1.211690097578022574e+01
1.941800011598402875e+00 1.236550706306009317e+01
1.245199380221525542e+00 1.236093122236608011e+01
2.071020941688541672e+00 1.290926465737035223e+01
6.581805210043845111e-01 1.212623275392228273e+01
6.521482398735430897e-01 1.195379614521851686e+01
1.151728479598692401e+00 1.232354652371332904e+01
6.535523788383122978e-01 1.237253328419516407e+01
1.078059174192432579e+00 1.176704486114868686e+01
1.002670215388138386e+00 1.195033737978243060e+01
3.667368798605931124e-01 1.313995170434143667e+01
4.470248200098397295e-01 1.290174764240967953e+01
4.916549468167811243e-01 1.209528450693060009e+01
1.600164564853128635e+00 1.163669049175858206e+01
2.099695616889931227e+00 1.233316727516129774e+01
4.063731973466808145e-01 1.277849476915661242e+01
2.068114712842156866e+00 1.251516683349931114e+01
1.714740252237838991e+00 1.245521335941050722e+01
2.971690837946739938e-01 1.335262326430955682e+01
1.246453466313730329e+00 1.253624295594971549e+01
1.395229241571195544e+00 1.196117547748108656e+01
1.137511322324904040e+00 1.188455631858492545e+01
1.433671314400672747e+00 1.263376185090926995e+01
8.445634046892149804e-01 1.228308750677488703e+01
1.557787506123384569e+00 1.292503082593958830e+01
1.979346063532569255e+00 1.246154563373991131e+01
1.195845903860686787e+00 1.249230752963108948e+01
1.464085384457599837e+00 1.225810774914950585e+01
1.126693131591153696e+00 1.283640389810384796e+01
1.619486995987342137e+00 1.282319134822163953e+01
5.005299013557522603e-01 1.287068490631686579e+01
1.818703249278395884e+00 1.200917220655411555e+01
1.717193426291095060e+00 1.248428224526469066e+01
6.034636455304035474e-01 1.193149238457063532e+01
9.144902160685887127e-01 1.254059269855322256e+01
1.927942898417102091e+00 1.262069798056740844e+01
2.019517078716798864e+00 1.223080715465560253e+01
5.014942751058626413e-01 1.307680704666437776e+01
5.395623151495845260e-01 1.271988923974123864e+01
1.456515017798815981e+00 1.281248381332528297e+01
3.947755651239173158e-01 1.252476210118657995e+01
1.937899615619804061e+00 1.195213529297418376e+01
1.820012393238107817e+00 1.138935013662050721e+01
1.313472065125710797e+00 1.257716072154603459e+01
4.227097274985822661e-01 1.306379073965772264e+01
7.229892977111405106e-01 1.221313573601647917e+01
5.029646482310516920e-01 1.282357860870622801e+01
1.892022192191101571e+00 1.274352067806338695e+01
1.317408996304307855e+00 1.243762807724744235e+01
4.386131651831350342e-01 1.305348981218693005e+01
2.102526864165808362e+00 1.291463736766721127e+01
5.454320815095899944e-01 1.190435133658996492e+01
1.814380360699300532e+00 1.284700974818460217e+01
5.033960547018873077e-01 1.234368190641943208e+01
5.522955762690562320e-01 1.198295408506643511e+01
4.512618427025323342e-01 1.219986641323097309e+01
4.926331645271267989e-01 1.221170660681176301e+01
9.448898227683645290e-01 1.270168874276721205e+01
5.071464041467167450e-01 1.214030781597673858e+01
6.172529229682715002e-01 1.203367178349852118e+01
6.825138680563370697e-01 1.175091615935166445e+01
1.444224121961708907e+00 1.189775655194081772e+01
1.764258040651545567e+00 1.251813961472193881e+01
7.158562307073935704e-01 1.252276741547784233e+01
1.082389179101390209e+00 1.260328046901673815e+01
6.977327967438706757e-01 1.245133511644499791e+01
1.991305955538629879e+00 1.263716146252234651e+01
2.142756380318705300e+00 1.225031046147830871e+01
1.887311743091180327e+00 1.282000325628728632e+01
3.702529800696812146e-01 1.295442858832171673e+01
1.671712062133755339e+00 1.215952480935834501e+01
1.363396810565528527e+00 1.238633114414837699e+01
2.124647345565473522e+00 1.298327374979114701e+01
1.200747354010135881e+00 1.265670508163224461e+01
5.192599899813002962e-01 1.265580238509554256e+01
8.064349457495811890e-01 1.184492766304001954e+01
1.700315945753397617e+00 1.315504934467787557e+01
1.519716953794961967e+00 1.211731911456149113e+01
5.911934291796242524e-01 1.240627242689296850e+01
1.944624331916495308e+00 1.283981891257505126e+01
6.220030667050316930e-01 1.274784038200875713e+01
1.033924425780937462e+00 1.212251134463970104e+01
1.709800100890251029e+00 1.245523710867986367e+01
3.353746871979771949e-01 1.331832878018996880e+01
1.581553384937836926e+00 1.248054099437550946e+01
8.498853042803885538e-01 1.265519351733874309e+01
2.088493019545971219e+00 1.118019575266871612e+01
5.157820998133006984e-01 1.279010818358938018e+01
5.209424124772648046e-01 1.176812178171098999e+01
6.821131522681397330e-01 1.249823852751538134e+01
4.570204493991040229e-01 1.274983484789045463e+01
4.982143649720691125e-01 1.300967375470345111e+01
8.914729850533902322e-01 1.236940729764582336e+01
1.638344137691606583e+00 1.172200268346548491e+01
1.330302552421271489e+00 1.268773655883458851e+01
9.651428634303935716e-01 1.276426254851032027e+01
4.998479777089734344e-01 1.284116596128491494e+01
5.318264294292335270e-01 1.255118179799804068e+01
1.349465190649277169e+00 1.294086185074017692e+01
1.538138417891427023e+00 1.240300953090647162e+01
1.970931506843579761e+00 1.206644564220109217e+01
1.117385446342969546e+00 1.206119898979474492e+01
1.780164887261510342e+00 1.269529115045895651e+01
3.823524689141681310e-01 1.308018058009217555e+01
8.797638381763274174e-01 1.215384008158500251e+01
2.078748918194811335e+00 1.207729001788086798e+01
1.387946324150367117e+00 1.233216412726879341e+01
7.271758773738081771e-01 1.170258318088887250e+01
1.948849216136616658e+00 1.195674491957633734e+01
9.538868737137528031e-01 1.225072084281895535e+01
1.150608165389517268e+00 1.249068810726762813e+01
1.649666164171617710e+00 1.266876654859741436e+01
5.802261333303111446e-01 1.223908474783061351e+01
9.886739217094067111e-01 1.285032785438624359e+01
1.981075189589178498e+00 1.152977632519516860e+01
1.985934739004687755e+00 1.250099046396185720e+01
1.015235775838112087e+00 1.211464349563794229e+01
1.136219050393656449e+00 1.257405891207043069e+01
1.040101080426264923e+00 1.249533147813606782e+01
1.358994611712886380e+00 1.258747546708183584e+01
1.815359710348699140e+00 1.242299407272199474e+01
9.469896544970847208e-01 1.249234786771577355e+01
6.106304274635757645e-01 1.275293875303038682e+01
8.482845921586659177e-01 1.262197081337604843e+01
1.249258855717947814e+00 1.229174368059071298e+01
2.109616954366161590e+00 1.124128219137825369e+01
3.605674524453205132e-01 1.324522198581329313e+01
1.238483039180414691e+00 1.184374561821491056e+01
1.479256749062844101e+00 1.161470556013592059e+01
1.981893818861344636e+00 1.091548772005139867e+01
5.716367605691551335e-01 1.213980515449512687e+01
4.383890890343321578e-01 1.271830904251292971e+01
1.797514565226251193e+00 1.316400936798603816e+01
7.734869830688809733e-01 1.215453846947339578e+01
1.144776643678461658e+00 1.247277596479037598e+01
9.487471555737725382e-01 1.259037317471562822e+01
1.174808897617193759e+00 1.276868397035706160e+01
7.181548597977909232e-01 1.239733578465069641e+01
4.417836420611770398e-01 1.309520757156471404e+01
7.579978696964432272e-01 1.258139642248807633e+01
4.252064804629051564e-01 1.304497848332814236e+01
1.671942551684423961e+00 1.189308576906806358e+01
2.109218755154198988e+00 1.202031195342370395e+01
2.090586646894695200e+00 1.200422990987173577e+01
1.286588523583277466e+00 1.292288930514660272e+01
4.554786465680338292e-01 1.285422789970449209e+01
1.705010300544576030e+00 1.122413417746002295e+01
2.144370389102003394e+00 1.233045937531860226e+01
8.392661989664894628e-01 1.179878554213349240e+01
5.647398941932771921e-01 1.266396625889329464e+01
1.191791809522907863e+00 1.208944307501254656e+01
1.263800890785911291e+00 1.189837158201768297e+01
1.660746190225163899e+00 1.196743510456794013e+01
1.533795350597343399e+00 1.256135174161122592e+01
2.039672715063633568e+00 1.201506779820090642e+01
1.861266076967956540e+00 1.222097643980478665e+01
1.868910594921956880e+00 1.148356043989548780e+01
2.135395943135311114e+00 1.290126268671903809e+01
1.536862741653319597e+00 1.289920173792907576e+01
1.564202534034452530e+00 1.207069971051443602e+01
4.172146568377416154e-01 1.282465041955224727e+01
5.726935168625886252e-01 1.260093960360305587e+01
5.137730961848856470e-01 1.274176853812594423e+01
5.204306125042927889e-01 1.261966427596783547e+01
1.847052257795402941e+00 1.183157065649908191e+01
6.946154471381423834e-01 1.178705466098690557e+01
4.629250642555725603e-01 1.304567724962377184e+01
1.633763312241971022e+00 1.235547808355651611e+01
1.877365047326046810e+00 1.235658562645655856e+01
4.491859379589237533e-01 1.255477652920878029e+01
1.739926075875808387e+00 1.140028348616665532e+01
3.414972753343546441e-01 1.251109159016005989e+01
5.332370172114097029e-01 1.235095228306074233e+01
9.012526835582217455e-01 1.231984160774517889e+01
1.935456945591937039e+00 1.226851767260517967e+01
1.807720046618477072e+00 1.267879867274829842e+01
5.725824338401224178e-01 1.238068306488015935e+01
1.101350813301583687e+00 1.233721100090265566e+01
6.194142589016662370e-01 1.251160427337441661e+01
5.499433837343677967e-01 1.237759169811924842e+01
3.533207885101343204e-01 1.266951220017790547e+01
2.082955410607044922e+00 1.190009307577141762e+01
1.578567903576733489e+00 1.223004627027287405e+01
1.290594921306377874e+00 1.217494626792244539e+01
1.557894004133395738e+00 1.212457541466137201e+01
2.217891726604357849e+00 1.167699674700035395e+01
1.192285779560280812e+00 1.188949687473749961e+01
1.503934760302920282e+00 1.220776831687103403e+01
6.643422795564170036e-01 1.224852287533340522e+01
1.673375945062683279e+00 1.147600933507798970e+01
2.156968219540227327e+00 1.283921837529235432e+01
1.974386825671544221e+00 1.150763038322263476e+01
1.234780702250296791e+00 1.210515434746244701e+01
1.268124561548054752e+00 1.274068705272944868e+01
9.280157573006335703e-01 1.259503970473097390e+01
1.652741056335330860e+00 1.218359310884719271e+01
9.407877734216256727e-01 1.142443618778139047e+01
1.611706216819939641e+00 1.231313513825421424e+01
4.955892766550411555e-01 1.299343232584357466e+01
5.533947348079626405e-01 1.257091762680681590e+01
2.046264741097455264e+00 1.178691188315849026e+01
5.049770701193549982e-01 1.266011872695320939e+01
1.668985787833421552e+00 1.301579881796409310e+01
1.874881938141732540e+00 1.226657573155687153e+01
2.092705037369443577e+00 1.301735711115326311e+01
2.205698831008624961e+00 1.174924907683767827e+01
4.171735617558232634e-01 1.235302312631430866e+01
1.623040319472104365e+00 1.159564820704799182e+01
5.371382485064383205e-01 1.267385226127745135e+01
8.914418394744506591e-01 1.211907172104923269e+01
9.833623888104233712e-01 1.237450333587502627e+01
7.916223887507600754e-01 1.165282527444585270e+01
1.846501847862937584e+00 1.267369407934347691e+01
1.781487472454119647e+00 1.262451719180648269e+01
1.030896399130445396e+00 1.227092117468931320e+01
2.221298267919328495e+00 1.284149485628285525e+01
1.203087213843027969e+00 1.206361060947440578e+01
7.258615318033641017e-01 1.242013586065360364e+01
1.977609537358901548e+00 1.230657541321704684e+01
4.884455717879118697e-01 1.198449347497837003e+01
3.447674332738563385e-01 1.281627005445052170e+01
4.080680622262022883e-01 1.271651810905854063e+01
6.111412691670811137e-01 1.179581996742564698e+01
9.599706827910605700e-01 1.195280370377086854e+01
1.898759077661939187e+00 1.228493344766800988e+01
1.225141822585160023e+00 1.280554550037796169e+01
9.645312840590415382e-01 1.234012143604619283e+01
1.397311455808309288e+00 1.204172112001760020e+01
3.887530223262599116e-01 1.299895597584593254e+01
1.819120636868984953e+00 1.256047937075011944e+01
5.698552481646462775e-01 1.277215146256388145e+01
2.000368769992245443e+00 1.205752767485529731e+01
1.126964109525194324e+00 1.194069786929769705e+01
1.283905344920460045e+00 1.228945303189586191e+01
4.665937831728013685e-01 1.304316738860324065e+01
1.392513529833169672e+00 1.185260352140766571e+01
7.685629576606025637e-01 1.225904374809173802e+01
4.497469300414534965e-01 1.204824354284250809e+01
1.558675733467516977e+00 1.131062280605805803e+01
1.351705324465020341e+00 1.258446042728686898e+01
2.106464210093716538e+00 1.209928341832664778e+01
8.102018696460329128e-01 1.224271269651887550e+01
1.961478096781150260e+00 1.334027279219024642e+01
6.570346026880048429e-01 1.203187904737597158e+01
5.113239371558284674e-01 1.294752545901289231e+01
5.987957455084493841e-01 1.273444544396151024e+01
1.737355784095344191e+00 1.204440103012451146e+01
1.141324282776535970e+00 1.260949181488822468e+01
5.095344487166895142e-01 1.243453085132852109e+01
1.643102983717118715e+00 1.142083106960013517e+01
5.303398225833571011e-01 1.238668672823230033e+01
3.948506841432169456e-01 1.294159734822095764e+01
1.558053328217131606e+00 1.208400669492738366e+01
8.401703370187079134e-01 1.192596649134078746e+01
1.578777889572221316e+00 1.220735734771777814e+01
8.420967408209828475e-01 1.248720325393935937e+01
1.491979764844963974e+00 1.252138007303519096e+01
1.531970188832006308e+00 1.269480022294497346e+01
1.907305694300088561e+00 1.236023426016363125e+01
1.789249065652685156e+00 1.285231847637346725e+01
1.758547204253511520e+00 1.224985132091587658e+01
1.930923576678045483e+00 1.261249284683691130e+01
7.932227123433949201e-01 1.240658438764567428e+01
6.563211052369336551e-01 1.242716762350118209e+01
1.940918574998637958e+00 1.298060867534107921e+01
4.089062927166323136e-01 1.309662236776659050e+01
1.775033201700935592e+00 1.170939094692476878e+01
1.299953673877013438e+00 1.201635765248126120e+01
1.220338164741815001e+00 1.196678556350717137e+01
6.291282203599369849e-01 1.273043869766407710e+01
2.000724209456611113e+00 1.092312343034346789e+01
6.400653693299501734e-01 1.225078205896068617e+01
8.888286416558429659e-01 1.201247774952763869e+01
3.229601396398937840e-01 1.323590916135983342e+01
5.512938708599023352e-01 1.195924095728342706e+01
7.922225952963558582e-01 1.253283538699745847e+01
1.999403888613491054e+00 1.127709864344311264e+01
1.437769410060107944e+00 1.264220059141153918e+01
2.001550887026459336e+00 1.076279788208800881e+01
5.166391339323209708e-01 1.269597839436715958e+01
3.008426460352522369e-01 1.299236559279515468e+01
1.176213324498862178e+00 1.267403286372472948e+01
5.024768192373223474e-01 1.266066333594997140e+01
5.565020732031579209e-01 1.270761343833884283e+01
1.038753263411716476e+00 1.180666832733328775e+01
1.455995042747486590e+00 1.282729946629099516e+01
1.589023678668614714e+00 1.243335362705370351e+01
2.151559984707064110e+00 1.161081385108822062e+01
1.291262317655164749e+00 1.204236231241534050e+01
4.773890655189014232e-01 1.247588480835301716e+01
1.768779495065307961e+00 1.171335743608220881e+01
2.034495779927774972e+00 1.139133338355066094e+01
4.536193445539995484e-01 1.303987834661140255e+01
9.299702909917222371e-01 1.207570704670671446e+01
3.450299567517101651e-01 1.306489170836241698e+01
1.740426003406462030e+00 1.250476257551810733e+01
1.834802030638301051e+00 1.133001272218587552e+01
1.087258596521299747e+00 1.241524947845263682e+01
1.269110641163078368e+00 1.218157188805032831e+01
3.907695082671787667e-01 1.307222172920898018e+01
1.024902470889240025e+00 1.174262994078751454e+01
4.455125147386755913e-01 1.243347169413173070e+01
1.571017482540831400e+00 1.198900787778753241e+01
1.936985668625666124e+00 1.278825753831073442e+01
5.616526659310767666e-01 1.175769327439306977e+01
8.628700870398260392e-01 1.249165608146559059e+01
6.572022064080121906e-01 1.252073779204162385e+01
2.746843345009373216e-01 1.353979229741340085e+01
9.141844278006550084e-01 1.184117297387461853e+01
1.817148759968019611e+00 1.201857537104307383e+01
2.076907304011759159e+00 1.176970985909863820e+01
1.070490339514976075e+00 1.199403394868761374e+01
2.087434817774628026e+00 1.114793627505933671e+01
1.979869273674395469e+00 1.233583830266915804e+01
1.688092222688940547e+00 1.256441463221208465e+01
1.545656224203503903e+00 1.189355998327241082e+01
4.949905538880940425e-01 1.268159575031202735e+01
1.377976167946109554e+00 1.190552955603672025e+01
7.010563634799382715e-01 1.248137248956489920e+01
1.124337433960450827e+00 1.259449598793117353e+01
7.142111485340331134e-01 1.231365654417606947e+01
1.463006686320329930e+00 1.271736899527957121e+01
7.766069239313637684e-01 1.270068044683106478e+01
4.645751089182422744e-01 1.256966889460051817e+01
1.186252797125833203e+00 1.185449947914261770e+01
1.983602946382198473e+00 1.031151723020301958e+01
1.272659596569304163e+00 1.230026757893588929e+01
7.243685459315120090e-01 1.181887004410424957e+01
1.878805469295507180e+00 1.230029072477648278e+01
1.878237680391616760e+00 1.281909606074007613e+01
9.003776517385411182e-01 1.219147546480417255e+01
6.710156598217885682e-01 1.238474711363518388e+01
6.133017076866227324e-01 1.184016966466653820e+01
2.064205326054785239e+00 1.256310645440234808e+01
6.891198736165480287e-01 1.268040511126675618e+01
9.474632192089420535e-01 1.235578484478495476e+01
2.103481106606249096e+00 1.263171636412470811e+01
2.224246167310389044e+00 1.139529959546794480e+01
6.399425356930841247e-01 1.183231692340365804e+01
1.097739982804599501e+00 1.207707084372182216e+01
1.580161055265180359e+00 1.171078448017423312e+01
6.165025758691088376e-01 1.249039211351593970e+01
1.298710559700969602e+00 1.141539552591143192e+01
4.187259988662798693e-01 1.254055228168362746e+01
6.062344392746774613e-01 1.242323973678738191e+01
1.533526283493190645e+00 1.282642277227500394e+01
6.339531966749792913e-01 1.272640782023955452e+01
4.212589344699088634e-01 1.258369070733997219e+01
7.061159400835214095e-01 1.186023336550875840e+01
2.051247944347267094e+00 1.288935747567770562e+01
1.152081942763851563e+00 1.214484416990831761e+01
8.349417473101391485e-01 1.236097660774770901e+01
1.145463323292813973e+00 1.245358356520275045e+01
1.150947341254598744e+00 1.213638707858221188e+01
3.773622298258366703e-01 1.306249049356621406e+01
8.544621203744452442e-01 1.228446420845083864e+01
6.972646636798223163e-01 1.201269934153842200e+01
4.315671947122314278e-01 1.306770754382735156e+01
1.700944446305367785e+00 1.239950308069572849e+01
5.587805498125679726e-01 1.282893776209920667e+01
1.045395648472255523e+00 1.251387839685025405e+01
7.460283567830913176e-01 1.221842100434919764e+01
2.105355983332958925e+00 1.159161660915835057e+01
5.664187327573055875e-01 1.239219310122380691e+01
5.951682621682871099e-01 1.242705666664130959e+01
1.663913836729622897e+00 1.243826022783688678e+01
5.918749788219541674e-01 1.217614244257884870e+01
1.021240289037074866e+00 1.243502404194534705e+01
1.343532330704280131e+00 1.278640931437118944e+01
3.164270058637748684e-01 1.334364979356429792e+01
1.785233601818904559e+00 1.307880480639245846e+01
1.127236832079716811e+00 1.184149398506511019e+01
1.130705973952404797e+00 1.275228267857388609e+01
5.340788731693094649e-01 1.238666480791524549e+01
2.095985957196713212e+00 1.219066944750448300e+01
1.938037951669802528e+00 1.275264842645503549e+01
8.040888244176517263e-01 1.242733903199269641e+01
5.649435816736091409e-01 1.238027685595956129e+01
1.026531682433155401e+00 1.230582383285317327e+01
6.630570037266051431e-01 1.219148129904798772e+01
2.156859517059168674e+00 1.217150275850982943e+01
8.662396226622581796e-01 1.171667397268505617e+01
2.080762833984305615e+00 1.184920992178020072e+01
5.177550178042760187e-01 1.303717531392426032e+01
7.802081863816613394e-01 1.265740940390130476e+01
1.805597243570595145e+00 1.196451814904281186e+01
2.025943403894572281e+00 1.267690066801089976e+01
2.359812465964866990e-01 1.530737772525102613e+01
1.861543188625847556e+00 1.201381965881251901e+01
3.395846297893852506e-01 1.321258217994267348e+01
9.436730135367511485e-01 1.257651127897362286e+01
2.004043286481189678e+00 1.289893930782598730e+01
1.714992735224684539e+00 1.193949059448998007e+01
1.826940159628508864e+00 1.289631551266842280e+01
2.069972744477386772e+00 1.353583914919360609e+01
1.755625904760355294e+00 1.165517540401727636e+01
5.093817592860202526e-01 1.237562483122061074e+01
2.119732309694062344e+00 1.224606811172878551e+01
8.244695599024863819e-01 1.206028611749334090e+01
8.531337093712552111e-01 1.215378695560591460e+01
5.733560059394388064e-01 1.231669634690438819e+01
3.067390128377365244e-01 1.315942520159495821e+01
1.771374042534702875e+00 1.270632372816310252e+01
1.852617051108818691e+00 1.271488474505816413e+01
2.111227855039529366e+00 1.169731092136606421e+01
6.506208333241193520e-01 1.202281533821554405e+01
8.513495514430872158e-01 1.204009907270965130e+01
1.057231820387267707e+00 1.264819516335731997e+01
1.747101893648602466e+00 1.258900750668326829e+01
2.125279289758897683e+00 1.213118300834598529e+01
4.061761346827525432e-01 1.284330372020885136e+01
1.250822564248625479e+00 1.235142170145568485e+01
3.739398951095391777e-01 1.251014474972757817e+01
2.010034993495512179e+00 1.107634986543690836e+01
7.121657498453413115e-01 1.215827941889444830e+01
1.347546721728205554e+00 1.213948188890395841e+01
9.668905638629533561e-01 1.274538245283563676e+01
1.010682039218309347e+00 1.226694569266535062e+01
1.249575034029982712e+00 1.293857915606278652e+01
3.518898821017544254e-01 1.326198715640560799e+01
3.679366913424471086e-01 1.257031885766762969e+01
1.654293249841183755e+00 1.232079113724574881e+01
1.576653109044489298e+00 1.203793450599449599e+01
2.998573150074069216e-01 1.333402298353528792e+01
1.735431891510482494e+00 1.274831992174829409e+01
1.956830484246492530e+00 1.244218339060584810e+01
4.109249499723447441e-01 1.287078017175464417e+01
2.035601815040584128e+00 1.192776705821232142e+01
1.449084151751794280e+00 1.236042641343676785e+01
1.777165059118988921e+00 1.167828333622635384e+01
1.853988137067452691e+00 1.219011070191723078e+01
1.376889278011239837e+00 1.170952514274137357e+01
1.883344011745469393e+00 1.203767266961293814e+01
2.497325163339882692e-01 1.435435875139337902e+01
1.897248574066058957e+00 1.145890028742596023e+01
1.451383702189061209e+00 1.290953274178439969e+01
1.602439160802792806e+00 1.277767653395893355e+01
9.894492182769247801e-01 1.216004727541694663e+01
1.316473735376172849e+00 1.221187967433214716e+01
2.046306582805418994e+00 1.145619409312009118e+01
1.764301616442890852e+00 1.201073574318624537e+01
1.530588537319310438e+00 1.293720480729682443e+01
1.677755298782688254e+00 1.220757507121473751e+01
7.621562996373807408e-01 1.171659079641427681e+01
5.503855626318617800e-01 1.245207650980756853e+01
1.978267826238037985e+00 1.257311633162795772e+01
4.658805899664938410e-01 1.237052538341911223e+01
3.738735590466824021e-01 1.299372854333145355e+01
2.311647025362888908e+00 1.281304561944659248e+01
1.230932169580159607e+00 1.274300742741017878e+01
6.467766138132479137e-01 1.226833475395621775e+01
7.072458360932090127e-01 1.247921908914208622e+01
5.005708365468022336e-01 1.250952157231307638e+01
1.022605584764148201e+00 1.269222181856933673e+01
1.006190129558989454e+00 1.220029012399252721e+01
7.191738799917479774e-01 1.265152587681949647e+01
7.845634918867735452e-01 1.235125647079387257e+01
1.855027244488871796e+00 1.308069674450166708e+01
1.096437529388365251e+00 1.241135350468928777e+01
7.244728619410870651e-01 1.270523424189079620e+01
2.157552021939509235e+00 1.266568270592758516e+01
1.632454833848488995e+00 1.263795286117748340e+01
9.931798291198271622e-01 1.208688477042342768e+01
6.173023803646792151e-01 1.241290581880836363e+01
8.166687204861470262e-01 1.171631440864543983e+01
9.017805346362730567e-01 1.156174388208165382e+01
9.717116977590389837e-01 1.187953602076265547e+01
4.424745073366839199e-01 1.287378008100059290e+01
1.873179719948745436e+00 1.106363423852620720e+01
1.231805658255327174e+00 1.190547283049322402e+01
1.118993502953065766e+00 1.260464028689273697e+01
5.227955743792380705e-01 1.287204898086276827e+01
1.191215983620164787e+00 1.287248293166144109e+01
4.940775752894686623e-01 1.264580944056929113e+01
1.372891837721923025e+00 1.231892089177200056e+01
1.550971859606473435e+00 1.260543474716148893e+01
1.103951321262108820e+00 1.229437515380250368e+01
2.132744647187639675e+00 1.131531239725720184e+01
5.139541481556327840e-01 1.231402644434294480e+01
1.929105470399300470e+00 1.309485613689645156e+01
5.442204649121273885e-01 1.259907339236943535e+01
2.964988872826740951e-01 1.327510315515317707e+01
1.573896007996044011e+00 1.229355525819713080e+01
1.396368538545914584e+00 1.255007373152206007e+01
2.049018497203288991e+00 1.154724767809202923e+01
1.377940490664751438e+00 1.216637580040934452e+01
8.311425697442913485e-01 1.233328869683003326e+01
5.806862186490504563e-01 1.215309019050532768e+01
3.524514328075140090e-01 1.287407911455871101e+01
8.546550318663184154e-01 1.214290223531162205e+01
1.709068856180861795e+00 1.277256889073278323e+01
1.344808236074131136e+00 1.196046385060222050e+01
5.558793394191781090e-01 1.183175554611538693e+01
3.455278456419650368e-01 1.319993237759268645e+01
9.142572124955185009e-01 1.222939034637526134e+01
9.870263991508735346e-01 1.229648966259006571e+01
2.128834590877868305e+00 1.122238003917389015e+01
2.097542275233433617e+00 1.346765891558468375e+01
3.775116694651810545e-01 1.236329329849149516e+01
1.102658619029315057e+00 1.254819133721573898e+01
1.452573747508874691e+00 1.244217987787782498e+01
3.364621657545110445e-01 1.302220226582227447e+01
9.798230782406410766e-01 1.213456653779210725e+01
5.337454782404900122e-01 1.247682111508622960e+01
2.376189906414102992e+00 1.290911882168717462e+01
9.562076536869901222e-01 1.175790031927972734e+01
1.039859328572547037e+00 1.177486367121497857e+01
1.863595361673834772e+00 1.173881168113487128e+01
8.774551132172040413e-01 1.260505251584976172e+01
1.061463221768327081e+00 1.162567036285203237e+01
2.805275171541722345e-01 1.358030968873275413e+01
1.696418750051520208e+00 1.250137994561768195e+01
1.884430940339600680e+00 1.261691266309195392e+01
6.403728397177773646e-01 1.251272990380442884e+01
1.246803797110509704e+00 1.201586780404763921e+01
5.914333046734503441e-01 1.250035749295444987e+01
1.590830209304621601e+00 1.146831084881367246e+01
5.139948058979514345e-01 1.208761295701165217e+01
2.018567957879633834e+00 1.219269330663315287e+01
1.823629956900413962e+00 1.180814533534013222e+01
1.325380732583687493e+00 1.278796952277898136e+01
1.700887147868852534e+00 1.280547249425138645e+01
5.178005979499762379e-01 1.243346410903989074e+01
1.490704251895175858e+00 1.227414563206719933e+01
2.110045155748716539e+00 1.198042473970415323e+01
1.625320759246507762e+00 1.137847307230676464e+01
4.582366889464367099e-01 1.290252705966028657e+01
1.637309343481061275e+00 1.104076911756392043e+01
1.741104509278745827e+00 1.278953940823360824e+01
1.306605159500840330e+00 1.242801634703140223e+01
7.911994246325071423e-01 1.234946137998248261e+01
1.610005523185665144e+00 1.269557114019830557e+01
8.520897772101156953e-01 1.215950091389478338e+01
6.605022911756636139e-01 1.261667390305313674e+01
6.642413916536079599e-01 1.247966926132984966e+01
2.023495909487011968e+00 1.286019668068728805e+01
2.122124095222487572e+00 1.283877525130786701e+01
1.182519090690556052e+00 1.224844844858533044e+01
2.117347634801252987e+00 1.219919147564462669e+01
1.977694091161791956e+00 1.268885905460049557e+01
1.233098348221286944e+00 1.258432245783413350e+01
1.426138190961625973e+00 1.184228069032338837e+01
1.005554377161590240e+00 1.196275861133026019e+01
4.014124008069204774e-01 1.312743904992657562e+01
5.735050671201556982e-01 1.272935035636129975e+01
1.931919607985736365e+00 1.203525894737900614e+01
1.890523714209965345e+00 1.194013518383125572e+01
1.441158842866805623e+00 1.227255677996693706e+01
1.311556012297052431e+00 1.265613819308686949e+01
1.379742394261219918e+00 1.214476689839224122e+01
8.176884827492435504e-01 1.201140149608616525e+01
9.828642690930342596e-01 1.224270916313337842e+01
3.627197880406902164e-01 1.272356291046145671e+01
1.885564447620954098e+00 1.226735806589284827e+01
4.056978118954907564e-01 1.246065990720778238e+01
1.002712225943064972e+00 1.222950717804540410e+01
1.900010611770474034e+00 1.205038076217078213e+01
2.076002219953488659e+00 1.270601470512343845e+01
1.549635037089252432e+00 1.287768821819894782e+01
1.408361625971919828e+00 1.224224454737101375e+01
4.864721847607493821e-01 1.281665341187867035e+01
8.998598452194399577e-01 1.229171644595233204e+01
1.667333227600271695e+00 1.266146358500276392e+01
4.925430881433566221e-01 1.262365641683700090e+01
8.714316365784163798e-01 1.146484921577673788e+01
1.263389687800506422e+00 1.160671657405252333e+01
5.530024705162035481e-01 1.217792357728396091e+01
1.056140680324183734e+00 1.149469995234038144e+01
4.697023189096057871e-01 1.307616467482181477e+01
3.911487221212985865e-01 1.332852990382033198e+01
1.532000121498166667e+00 1.190296416952465108e+01
1.768297102415998134e+00 1.265862204058030116e+01
1.875501572125183758e+00 1.238019157453433294e+01
1.858658305235927566e+00 1.106326724925490090e+01
1.018518530442519054e+00 1.284687305170468363e+01
1.882026655281369365e+00 1.259366246426039204e+01
6.895215938551030321e-01 1.210764105456082795e+01
1.827111666808896029e+00 1.245626747045308313e+01
1.733991487775207840e+00 1.274605498695922812e+01
1.419049201158904649e+00 1.244529164990929715e+01
1.029345458805310809e+00 1.231809294472439653e+01
5.520226399812229179e-01 1.235302059538521036e+01
8.355710166783100190e-01 1.248544378132872090e+01
1.300437114216507206e+00 1.225676217776234544e+01
7.356705704050562344e-01 1.232402359891796984e+01
9.835670562934327732e-01 1.239229941948648062e+01
9.126775940732448911e-01 1.242376146353670308e+01
1.813593696266124544e+00 1.206175610773167506e+01
1.074716080029514576e+00 1.217297002172533027e+01
6.497371283564664646e-01 1.228589768268685845e+01
5.368165824358758220e-01 1.260886606929093112e+01
1.712533945898770726e+00 1.232028772470716937e+01
1.470791717515335550e+00 1.244000337449696403e+01
5.587112658636015361e-01 1.209497141070660753e+01
3.817448608981664493e-01 1.301076552890555682e+01
1.769481251210689887e+00 1.291787236126532257e+01
1.280317161302605422e+00 1.288317053130390200e+01
3.859397882108853706e-01 1.300231044391395940e+01
6.099701731333065924e-01 1.219142041665015697e+01
2.016728238298069797e+00 1.275216388613810103e+01
6.148088639040035774e-01 1.209520734342522452e+01
1.947674252136044393e+00 1.268275853859550040e+01
5.290622434652901829e-01 1.270992091761506870e+01
1.544080168086311211e+00 1.169828515464098828e+01
1.132337613710054924e+00 1.222670240765670790e+01
6.861824926857833518e-01 1.249211123491055808e+01
1.428956438307138255e+00 1.218773773698934981e+01
1.860709522233012114e+00 1.229731657048948179e+01
2.019817398336306358e+00 1.083290023903049004e+01
1.132848085700399743e+00 1.224614710595455946e+01
1.491790215568689737e+00 1.232802145480790479e+01
2.024109647741306528e+00 1.187188133147119729e+01
2.056295568790233563e+00 1.163309983183448360e+01
1.240298912870348769e+00 1.271779057800570989e+01
2.177038297505833331e+00 1.272204006849071156e+01
4.054547017649984264e-01 1.311682834040619028e+01
1.489118797259341820e+00 1.266562682468910772e+01
1.575802824439326955e+00 1.197769545880123587e+01
1.678413594699904809e+00 1.275077701011671039e+01
1.912163781934462570e+00 1.202281368826020902e+01
1.715963078834592537e+00 1.249754328698939609e+01
1.355598235102051241e+00 1.273125144107526197e+01
6.046983845469366958e-01 1.201166807377112100e+01
1.929037053136218427e+00 1.246311247109088960e+01
6.620127313802200986e-01 1.243067835856427727e+01
1.091006011080924765e+00 1.279218559026754498e+01
4.168030104436458161e-01 1.247829837373655693e+01
6.949949197283077362e-01 1.233553067287856564e+01
1.908645251614108140e+00 1.265077075213632973e+01
1.135817371106499385e+00 1.241523412474217380e+01
1.525494796961356592e+00 1.238813544880820494e+01
1.686708392070746854e+00 1.204720012628923698e+01
2.092844947846361325e+00 1.268027969632472995e+01
1.197341263916703813e+00 1.281444441507429133e+01
1.707337851758241376e+00 1.281694732231393630e+01
1.056963558224898847e+00 1.246104224362667345e+01
1.708724128167518952e+00 1.241810734712304942e+01
3.472307977378221167e-01 1.318204275960630056e+01
1.056870139916841200e+00 1.242032315405024256e+01
5.723761462410799084e-01 1.274484208402594376e+01
1.294880291346929502e+00 1.247955258944320889e+01
8.120093408796563716e-01 1.221011540793227645e+01
1.027421284113609445e+00 1.185762964425948063e+01
1.427181501935239627e+00 1.294345266618620371e+01
7.831571846629695743e-01 1.218061397717391436e+01
1.395053771679555910e+00 1.222954080490845108e+01
5.147767240808922562e-01 1.211420068650781801e+01
1.528740763624412358e+00 1.259559251055818763e+01
1.502131675975509895e+00 1.156722638829149830e+01
8.906130769445047557e-01 1.246587577842137939e+01
9.855256880362434080e-01 1.235825208808078912e+01
1.205210165467475614e+00 1.259477039333081727e+01
7.606300448902370004e-01 1.256749867839451440e+01
1.116835367979026161e+00 1.204378231383585174e+01
1.848852125022212967e+00 1.244982275126435312e+01
1.989424613648324680e+00 1.246977238860512216e+01
1.933910525229907362e+00 1.267079156327242728e+01
3.242218081528540630e-01 1.320568506571771650e+01
2.016207882047014621e+00 1.232024149848201766e+01
1.774562318075950662e+00 1.282682391253362475e+01
2.065654597024183747e+00 1.261201627698735273e+01
1.826786489219337284e+00 1.272095795327087409e+01
2.119937760469098098e+00 1.184392907351251623e+01
4.631154220032288604e-01 1.180547712071368949e+01
8.811837627049776689e-01 1.159958301539190728e+01
1.264221427124722519e+00 1.267068215543613974e+01
4.575309347017856854e-01 1.296062848428994840e+01
5.014269296659173980e-01 1.271013672295447705e+01
7.338474045774358023e-01 1.225318749271938401e+01
1.533340256848452654e+00 1.288442102094878017e+01
1.071766350248208655e+00 1.202611407433762913e+01
1.906553808001805628e+00 1.184862726210094763e+01
7.183851887089307553e-01 1.221470555234353128e+01
5.932005394035643198e-01 1.193063945511907598e+01
7.580977102981470983e-01 1.233947903367205257e+01
7.563190006396320886e-01 1.213280468167999260e+01
1.878977494747762211e+00 1.286524713480249815e+01
1.801574039813174322e+00 1.204516582819845993e+01
1.782865751877660054e+00 1.255264520577581422e+01
2.035200493367023800e+00 1.309936104358198428e+01
6.040602481137991031e-01 1.260160385795295213e+01
9.897532520175721382e-01 1.229471351984871497e+01
1.059103413052226328e+00 1.241084497879761450e+01
6.199552753850345876e-01 1.187492896371242779e+01
1.103049543167634150e+00 1.235126878308513731e+01
2.012333346800269762e+00 1.185367440129469863e+01
1.621743769808149604e+00 1.299306698329101373e+01
1.217104062274389831e+00 1.251185233839106914e+01
2.006277178000792194e+00 1.240209312110648554e+01
9.257340769697103289e-01 1.203442926160782278e+01
1.891186023641179936e+00 1.201202333679051648e+01
1.832390051968489475e+00 1.243589163971158662e+01
2.112915001058415676e+00 1.256129716014192965e+01
1.464171944133497050e+00 1.280221416788690192e+01
2.088170436819840603e+00 1.236797617943149241e+01
1.432553247023197418e+00 1.289034009577042106e+01
1.683407000195410008e+00 1.259226376796776137e+01
1.817291808118637997e+00 1.066013923884390557e+01
1.015723047611332142e+00 1.198140115101354120e+01
4.366979526717565396e-01 1.315080809690719299e+01
1.880943218661484950e+00 1.246621740567302794e+01
3.728094830097018475e-01 1.256678933879055116e+01
1.993357689473303385e+00 1.276237252828363111e+01
5.892468241198484113e-01 1.270650306617122816e+01
6.594450241992977357e-01 1.250150445729112292e+01
1.374952606065244387e+00 1.238201466826763664e+01
8.528776811397277280e-01 1.209122594249576643e+01
7.731699454692672058e-01 1.222932770805475933e+01
7.258831233681428685e-01 1.231163654553599507e+01
6.232729199349636984e-01 1.167557301396441360e+01
1.603063603974888007e+00 1.230242279659335658e+01
7.212163484107879663e-01 1.211389467003193232e+01
1.512913241672942721e+00 1.289362766475946565e+01
4.258566655463252859e-01 1.281667117770724218e+01
3.765341572191374109e-01 1.290160628335470960e+01
1.390058914607602114e+00 1.241572901803129270e+01
5.647065919838103465e-01 1.194020006935398648e+01
3.606636907130455483e-01 1.342311051006794287e+01
6.975730273822158267e-01 1.225749081175896293e+01
3.497725314017582354e-01 1.261759058739733597e+01
1.904795840986416522e+00 1.250894849425301203e+01
2.121666043952574299e+00 1.165950176842204833e+01
2.097820429755994365e+00 1.288615974821453136e+01
2.017147066096437680e+00 1.168274384278222300e+01
1.438828019939608627e+00 1.208596963219565623e+01
3.616550257518365563e-01 1.296285408117682358e+01
1.819626237752787867e+00 1.154380802513401427e+01
7.498111701437728538e-01 1.230975341266376510e+01
2.092153391979409083e+00 1.230944000782157310e+01
1.966010735409917665e+00 1.255782796085512487e+01
7.166505106180700579e-01 1.176471917216527530e+01
1.492361990986460496e+00 1.162630967920192582e+01
5.578435681396838319e-01 1.270586308861245683e+01
5.560121825907851090e-01 1.280291085985088095e+01
1.835798435497456138e+00 1.242475668232117769e+01
1.141902095537728368e+00 1.256021601853162295e+01
1.211458904505712697e+00 1.229942858534025873e+01
1.397772152564928705e+00 1.276166175375054301e+01
6.680355197318492699e-01 1.239595174914861708e+01
2.120199890973655688e+00 1.206634353723503672e+01
1.508721705334392871e+00 1.196283687708002219e+01
1.470137697593835835e+00 1.210792033441231119e+01
3.269751862628013095e-01 1.298430220661606960e+01
1.587308070129731741e+00 1.181548086522928465e+01
6.370527557087479753e-01 1.191176797997066750e+01
1.169957354325572130e+00 1.277320300199549408e+01
1.504725218815397891e+00 1.284861875732611658e+01
1.523412847257277214e+00 1.230252494037352484e+01
7.551482836092794360e-01 1.232952934618122143e+01
7.191145295532783699e-01 1.219313898831961751e+01
7.191394565929414284e-01 1.262331914549706902e+01
6.021885664334358790e-01 1.258758772564818784e+01
1.518121529802696434e+00 1.255395346052902106e+01
7.485231486841198434e-01 1.218836799681944072e+01
8.098729489582452423e-01 1.195883665034119225e+01
1.081020532840046178e+00 1.194555005514613200e+01
3.308637254484057544e-01 1.316581197558437744e+01
1.487397067511976978e+00 1.216781057842430513e+01
1.361152930735346711e+00 1.301408906144865263e+01
1.450708748350841848e+00 1.277668730611846826e+01
1.484392510681528110e+00 1.199405436562283178e+01
9.001763715359246687e-01 1.225224308124155215e+01
1.342885309974639174e+00 1.288530273659632996e+01
8.283417708535883994e-01 1.235942234359100489e+01
1.480247341800561278e+00 1.273486154715583574e+01
1.410068262204668965e+00 1.269819069654072408e+01
1.536839643918176623e+00 1.211724404953438494e+01
1.483690252798661957e+00 1.285750690136512731e+01
6.589748782731144061e-01 1.225593322919507955e+01
6.574795375440041223e-01 1.243483677691601663e+01
1.069546635282489611e+00 1.197419862563518578e+01
2.048863427464148401e+00 1.264174936603163069e+01
6.911711835763109102e-01 1.246719364068561298e+01
1.626073405772206382e+00 1.231859321645771921e+01
7.401549453821298918e-01 1.238705475252919186e+01
1.365651778507237291e+00 1.209365005562238693e+01
5.985096503027685921e-01 1.196115586924829977e+01
2.140461070015709844e+00 1.285253993347192214e+01
1.881851317155486258e+00 1.245117742367826175e+01
6.555227506035166130e-01 1.240847494916298643e+01
1.417387361892633368e+00 1.298791690586533853e+01
1.825431378953874084e+00 1.229085565524707846e+01
1.246821188219501719e+00 1.192702015763871692e+01
8.310739006001344187e-01 1.205070813863879309e+01
1.515159094103508908e+00 1.257821896575792486e+01
4.607932788337407159e-01 1.255501379659179051e+01
4.418440832139898800e-01 1.290058461488075991e+01
1.836683179570433921e+00 1.267164942437543296e+01
1.574673941199840277e+00 1.212402201568553473e+01
1.852112364846866921e+00 1.218643322673159268e+01
6.462327871494791820e-01 1.245686189159879653e+01
9.943432618913494725e-01 1.233927966635089390e+01
2.282420678394424751e+00 1.234480264373355318e+01
6.905641483334313824e-01 1.210430023523781884e+01
1.619892566157066005e+00 1.221920274538768503e+01
1.848508818549396082e+00 1.219117311218622923e+01
1.772051136313750996e+00 1.272513252894966485e+01
1.951316687994411936e+00 1.248172417772291709e+01
3.691854920373482951e-01 1.312203704840002594e+01
1.310802415365069473e+00 1.230793485321125402e+01
1.317979184043905461e+00 1.151838526678465158e+01
4.039944133978237706e-01 1.275513055552768904e+01
1.593811275167958952e+00 1.249607056240791536e+01
2.101674816060829176e+00 1.204463806719062191e+01
1.849043855987650975e+00 1.185024350473257293e+01
7.232434610868750946e-01 1.225485055734702122e+01
1.521897995763602296e+00 1.216444700245464539e+01
1.846054755617594356e+00 1.254848940118673895e+01
1.347711718561286354e+00 1.221056215993949401e+01
7.294096933519709225e-01 1.228539428017295698e+01
6.637125369679583997e-01 1.210885992110975984e+01
5.233836180894392287e-01 1.246453636320629776e+01
5.885706952063648467e-01 1.175945498636362530e+01
4.839617068723655047e-01 1.265712866350801846e+01
2.136484929157371315e+00 1.262472746118299938e+01
1.392381535315972751e+00 1.248707943582833124e+01
1.181712409506327388e+00 1.189720354707985273e+01
7.528375103399269630e-01 1.242723250881303976e+01
1.080095130847662954e+00 1.212752577775400376e+01
6.887292502071087341e-01 1.197474065221483741e+01
1.644484480161656492e+00 1.186937798543384304e+01
1.654035803685459660e+00 1.269745248131182258e+01
9.246447626319588275e-01 1.231592948611153027e+01
1.132403360530522818e+00 1.266920810287055765e+01
2.019553308559212557e+00 1.149952273055143692e+01
3.566031422228770897e-01 1.331485052200611285e+01
1.518346252299622945e+00 1.237455046520436852e+01
8.933592829359355836e-01 1.242594710240298106e+01
1.825915769043502390e+00 1.184505968955806487e+01
1.152047542220745235e+00 1.260387206818051808e+01
1.260337970460774448e+00 1.233263307373361251e+01
4.124691618365737833e-01 1.279035358410837198e+01
7.562181092320474640e-01 1.191562027314918382e+01
8.831229692601394454e-01 1.196333058319327414e+01
2.056622043596904703e+00 1.232819300988496813e+01
8.809921524149421090e-01 1.247034704610272726e+01
1.590326925075601805e+00 1.253432472320317537e+01
4.826111478413566136e-01 1.203903436364960911e+01
1.991455669775445969e+00 1.286870046192307981e+01
9.123653767549417815e-01 1.232985584669419410e+01
7.686259432733579811e-01 1.234426925345872306e+01
1.695379134443740110e+00 1.237909552954105941e+01
1.189985142683537722e+00 1.219647129362340365e+01
1.939667308922176092e+00 1.135218344198976403e+01
1.592120664950908537e+00 1.214572644496874254e+01
3.461802922977801900e-01 1.308246042625096450e+01
8.125845829031836942e-01 1.251796819685983486e+01
1.732764234532054193e+00 1.150698668486469245e+01
1.405076702937245736e+00 1.265522187085697148e+01
4.277368450166461611e-01 1.288407516149893794e+01
1.727649543288252820e+00 1.279097621985568267e+01
1.306864759101129980e+00 1.220888931646467590e+01
7.723159364942985272e-01 1.222247127176807524e+01
4.416220618298763445e-01 1.233380818737219542e+01
1.610624796175876838e+00 1.191942353030775159e+01
4.937291836370199527e-01 1.226396674000579345e+01
9.921851487978122774e-01 1.166175604690644718e+01
6.628513259849886374e-01 1.181007021941920598e+01
8.688137698693325639e-01 1.191916383816413649e+01
1.538642880876251784e+00 1.236356170177292313e+01
5.633647999588913269e-01 1.218623119379575215e+01
1.864029853302493267e+00 1.141793771594968199e+01
9.711648055472409391e-01 1.263876392669660298e+01
1.998204099214173413e+00 1.132418412297616861e+01
4.074307352860754849e-01 1.312402754449822417e+01
1.378394147242182788e+00 1.249971517675590249e+01
4.752088414658628968e-01 1.249636566760963774e+01
7.214516168547739916e-01 1.186722211206416588e+01
1.872092305188689743e+00 1.255207499301203455e+01
5.466688379406462461e-01 1.281325517462161123e+01
4.294058601468054848e-01 1.281935363671236239e+01
6.883916708851881561e-01 1.235273778655235866e+01
6.329043105414592363e-01 1.171707885994575982e+01
4.200460636040483364e-01 1.229492288968576652e+01
6.942899380324999425e-01 1.263758515239292279e+01
5.434694217798968774e-01 1.229161255892716653e+01
1.616191392433702578e+00 1.248855532888769382e+01
2.016630690728167696e+00 1.156279621200610563e+01
1.055466194789982382e+00 1.201275608331016542e+01
1.675879700282955964e+00 1.254830227438644918e+01
1.944580275266871716e+00 1.286799598900181252e+01
1.359309563726200709e+00 1.205430251781317175e+01
1.805851122285175636e+00 1.094755584889604627e+01
5.202414079362129851e-01 1.280277589075777200e+01
1.321462550547759518e+00 1.192456885833815505e+01
1.800988042776212827e+00 1.241155467177380523e+01
4.203061200549023102e-01 1.236737301647946907e+01
3.629350416348483543e-01 1.275422694321613371e+01
1.685421272839987106e+00 1.222464253476794660e+01
1.950404529348431337e+00 1.070415251911923704e+01
1.875977353818352400e+00 1.221059391233603186e+01
1.975667127420538405e+00 1.320694715151474519e+01
5.584330128515938574e-01 1.288455057227398903e+01
1.865666795251828436e+00 1.196432935211061732e+01
9.784079634154683180e-01 1.279826448810514705e+01
1.709006035115298694e+00 1.301656261967553441e+01
1.466474849713979900e+00 1.271196386236274556e+01
1.341254258775617103e+00 1.236805057086006343e+01
1.953522092770795471e+00 1.212908838055287575e+01
1.490704575518827513e+00 1.246839294873547566e+01
7.677167073241666362e-01 1.260311716939259163e+01
6.001683252021833281e-01 1.260281057518332659e+01
1.579424254974053810e+00 1.239645155909262897e+01
1.841732262215612037e+00 1.187976214416276477e+01
1.158977515856505214e+00 1.202975318390143755e+01
1.882746813264123853e+00 1.247839166789787591e+01
1.171434850899056634e+00 1.262348706030366685e+01
6.347256506984362279e-01 1.237084812085857344e+01
1.990948079704227380e+00 1.164526799752354158e+01
1.724416350649239371e+00 1.234144971651867451e+01
9.829867952326697411e-01 1.197814964970560503e+01
5.431171423206746507e-01 1.229550682801424344e+01
1.720037767155280450e+00 1.183889822311927098e+01
9.269720855176314389e-01 1.210719591785931115e+01
2.788691601719208157e-01 1.346347610665591255e+01
1.262012574408019727e+00 1.172015563611740419e+01
3.130555270200856000e-01 1.298437383977229231e+01
1.907997957004971434e+00 1.157848890337528402e+01
4.409756377189680276e-01 1.229208995112344560e+01
1.447022691929380489e+00 1.231754022701023210e+01
1.437557943894873569e+00 1.256230263690455295e+01
1.347416162949035101e+00 1.238280815719718397e+01
4.921051243438889777e-01 1.239721882794896146e+01
1.364950430394781478e+00 1.244501853139996328e+01
1.132162048130285870e+00 1.206623045076891110e+01
9.140524983091365963e-01 1.196845781941240183e+01
1.703053586510254291e+00 1.210068014150631655e+01
7.940701332822492908e-01 1.240280024418523475e+01
5.206917983378537285e-01 1.209669840577024047e+01
1.310264645076852030e+00 1.244981650458529288e+01
2.411797579970950345e+00 1.218146528742648727e+01
7.390274311535948160e-01 1.245238083454172617e+01
1.027828518445447203e+00 1.227080442297532947e+01
4.083760834091826331e-01 1.311055065108779161e+01
1.958489636144105095e+00 1.197829133145369163e+01
1.929855193304088612e+00 1.271267297263418783e+01
4.431724975938045041e-01 1.231127708378432750e+01
1.625636211314458235e+00 1.199738584735251479e+01
1.591595928398420456e+00 1.220943301354322408e+01
1.788855768792752654e+00 1.331353492814735695e+01
1.741754350286941477e+00 1.211630203632127056e+01
2.032346186118456188e+00 1.246394807158542051e+01
1.899344056830950311e+00 1.244329142161567781e+01
4.784628688433546495e-01 1.221050915773813195e+01
4.510046664384511073e-01 1.299738341665450569e+01
4.824207735761470994e-01 1.243758887428246851e+01
3.962655011080165601e-01 1.263805872533851371e+01
1.668718208983855922e+00 1.157367832124657880e+01
4.987993461270949225e-01 1.166488694717935815e+01
1.362316044622162936e+00 1.180725794631656989e+01
1.364587179774961800e+00 1.211680637565596541e+01
5.651303395692406362e-01 1.255785461215388210e+01
2.126473886850975603e+00 1.197569403598939353e+01
8.450772838348473703e-01 1.232992673885856583e+01
1.954558053045436727e+00 1.157277266230282287e+01
1.432645491809254157e+00 1.264343032883629014e+01
7.658536399221570479e-01 1.264648189076174489e+01
2.019026713130736006e+00 1.337172356389931238e+01
1.255573352093523720e+00 1.295483281593479141e+01
2.062228965630294120e+00 1.086386877344373403e+01
9.340346742966266769e-01 1.264667468332214817e+01
6.133737137152288632e-01 1.227021216158824046e+01
3.844321115880791062e-01 1.316683676635469702e+01
2.251495098145790852e+00 1.264336703979518894e+01
6.071939442166410794e-01 1.222986827244672448e+01
4.436944450850292543e-01 1.274299569049908598e+01
9.871631171744258415e-01 1.205234545131539292e+01
1.346691633315525438e+00 1.268268862962199073e+01
5.129562595069586672e-01 1.266890912557646232e+01
1.384323893048734044e+00 1.250375424969367444e+01
1.058757074476960103e+00 1.251620322262013651e+01
1.984099072224650762e+00 1.214636451804456030e+01
1.878355466214423286e+00 1.177338761553434665e+01
4.048350242323688342e-01 1.215749171740095669e+01
2.068787174879857194e+00 1.200846700680174450e+01
1.606797328291943883e+00 1.221001298104018673e+01
7.174314898385114603e-01 1.165336813401230565e+01
1.746517832770720480e+00 1.271967978856303816e+01
5.252621785055585635e-01 1.236764807647217346e+01
4.363438902448545931e-01 1.255532062887405687e+01
2.019851947059225328e+00 1.339612087895186932e+01
3.648768005867846775e-01 1.333982616698530954e+01
1.776591391247344998e+00 1.288779004447433429e+01
1.704454695915700979e+00 1.250241096803355312e+01
8.423131723984627062e-01 1.235326314146451487e+01
4.369483072915408828e-01 1.301841488597578333e+01
1.571763893356254549e+00 1.265187963454438780e+01
8.385750907908058327e-01 1.257696391036240335e+01
4.362733023997784065e-01 1.297005906692596611e+01
1.460047486233851721e+00 1.297005146262167941e+01
1.267585092010255599e+00 1.260917098607863096e+01
1.615832663658020252e+00 1.172638281469704324e+01
2.074655477238210199e+00 1.165274902649983702e+01
1.766234626441030464e+00 1.246436199705184222e+01
9.210899755196251260e-01 1.152900690912053072e+01
3.347521825812067031e-01 1.334439252773103846e+01
1.046663463080118150e+00 1.190528965951462936e+01
1.811682456549601694e+00 1.285222217249562959e+01
1.245088743734697800e+00 1.278386257370176082e+01
3.919242206539488849e-01 1.287000334122984491e+01
6.811105079682217012e-01 1.237227757330868805e+01
1.367256123573200810e+00 1.255119134812295911e+01
2.055012207943344382e+00 1.248870934960449652e+01
5.542602052485275932e-01 1.226582762708191510e+01
5.994166934547141556e-01 1.237183310283472260e+01
1.642443505795555314e+00 1.204668253726286764e+01
9.782030421235319295e-01 1.244953483575935671e+01
7.776713920453962592e-01 1.261464704685996097e+01
1.258952473234110858e+00 1.177214209089717123e+01
5.000290644947892327e-01 1.282269530319926787e+01
3.501816306639514154e-01 1.347040484342526234e+01
8.659552949708503311e-01 1.192920447311675858e+01
2.066224669221072840e+00 1.176107001268438701e+01
1.353134464146869220e+00 1.250358330049966860e+01
6.306103622616249238e-01 1.171669074099810359e+01
4.543506287897311480e-01 1.267467183545846332e+01
1.246212578083524702e+00 1.219604654413924472e+01
2.079713416368515144e+00 1.303155789800948483e+01
1.078956477788013624e+00 1.209590428912549598e+01
3.195785952744868985e-01 1.337243601505201518e+01
5.550464986731338257e-01 1.280107428433223937e+01
2.061984712100311423e+00 1.154932833494895661e+01
2.054283589380054842e+00 1.286321367275387928e+01
8.193257830270950226e-01 1.235295274799692145e+01
1.704294380602882963e+00 1.126651797494456453e+01
1.371644308235716814e+00 1.215587686598802009e+01
9.502557962546824832e-01 1.156466976484472475e+01
1.839362364035885600e+00 1.318524576857600827e+01
1.741241997325737811e+00 1.267442985916532727e+01
4.490993903085756522e-01 1.278458230147098362e+01
5.550218591817550617e-01 1.284613531938403597e+01
2.128843074105685851e+00 1.232797671572491360e+01
1.594386433278376813e+00 1.254134439111511945e+01
1.634623924547080165e+00 1.266773668935480757e+01
1.232762646107904869e+00 1.216284920998436547e+01
1.304930316505562793e+00 1.241639990027611340e+01
1.864663517734947762e+00 1.100336237389060123e+01
1.108046315409743077e+00 1.258124340975273014e+01
1.138684522259125531e+00 1.261983007573910243e+01
3.286308620165563354e-01 1.315606472969468221e+01
1.861866145745137313e+00 1.326057575912734521e+01
7.782360223770001806e-01 1.177789009677376875e+01
1.557290040077790705e+00 1.237585553538920102e+01
8.279455656052956414e-01 1.265422336954365967e+01
3.172969005075817472e-01 1.283248392215271672e+01
4.769479487036135112e-01 1.317734653221032382e+01
3.495338846938827460e-01 1.300903049050420535e+01
6.360103304606121721e-01 1.278066811002111969e+01
5.346637206955822119e-01 1.164798661208620700e+01
1.111863200209542990e+00 1.284451593081770504e+01
6.364553932777176071e-01 1.186048692553930906e+01
8.278556931634809546e-01 1.275770395828481796e+01
1.624673360591686766e+00 1.256455396760454235e+01
1.703681617482642130e+00 1.197434606744682029e+01
1.894498242154925904e+00 1.265570847726861636e+01
2.090744577820893291e+00 1.252322272755279897e+01
4.390607795117352219e-01 1.243477414546797810e+01
3.013650431629534276e-01 1.342567150543799315e+01
9.720423782021444525e-01 1.273850440123669614e+01
1.019040025864921928e+00 1.237452139963809472e+01
5.142536313446993690e-01 1.245604671047648004e+01
6.593624053322121314e-01 1.229445922474365638e+01
1.238374171965226367e+00 1.216616005925544108e+01
5.680680536527035196e-01 1.170899921228974172e+01
7.181287287355461180e-01 1.201580418665271743e+01
6.379934825318266389e-01 1.214260185018271621e+01
2.041178060178025166e+00 1.227469221492379603e+01
3.730147469159668105e-01 1.296567037350349416e+01
1.955316077575393718e+00 1.128154586650099844e+01
2.139699978587015661e+00 1.141823486311315783e+01
4.656228764988237789e-01 1.298365593007941499e+01
8.712008095968371002e-01 1.204972528760891670e+01
1.749884362199056520e+00 1.181913632276571668e+01
2.112687678731453911e+00 1.193599963545742426e+01
7.578189737915914659e-01 1.254808530002170919e+01
7.743137487181931400e-01 1.155531105015669979e+01
7.457738124916105660e-01 1.173631900929469118e+01
5.982114218076928225e-01 1.244407700066905065e+01
7.550503404677452179e-01 1.206547874826332034e+01
1.092531102625068806e+00 1.239340097048703626e+01
1.033895148034858380e+00 1.250955036182864788e+01
1.620383518423921920e+00 1.203900557771323498e+01
1.831938009557940727e+00 1.205156039328507411e+01
4.682228431076339015e-01 1.238917570808883006e+01
8.808546380547779275e-01 1.203633777824257756e+01
9.587498503150976292e-01 1.182198939213242816e+01
7.536129618017576304e-01 1.199966627916833595e+01
7.445380313566626329e-01 1.235494447749270286e+01
1.983134085792371604e+00 1.179018340490823569e+01
1.889698702666160468e+00 1.285414879533555066e+01
1.545566478360654639e+00 1.222674242241618181e+01
5.441631708061808181e-01 1.286199738042012974e+01
7.543046268421764733e-01 1.201937920515877245e+01
5.347580295189406918e-01 1.231778790068133311e+01
1.338423527681204872e+00 1.285128925832689362e+01
1.120742463478264561e+00 1.200450467070536398e+01
7.386108042066416024e-01 1.262547879731095080e+01
6.367684795736108239e-01 1.227395632308899387e+01
8.424527356179035698e-01 1.166305209052188019e+01
8.989524227931215972e-01 1.182337697115967678e+01
1.777797413932082904e+00 1.155519022779632365e+01
9.512568814442329268e-01 1.166431481598739950e+01
3.816268633420351608e-01 1.284774383774141526e+01
2.172065998966434375e+00 1.193646010517400136e+01
1.075344962939059013e+00 1.270427647589135489e+01
2.037681060586305826e+00 1.112549324181846977e+01
2.022880958737479418e+00 1.255174166295511462e+01
4.369938974913439300e-01 1.206239424357568346e+01
6.594800508339841993e-01 1.229359782459524908e+01
1.892192015084691370e+00 1.283892579656433952e+01
5.482909520221056487e-01 1.195626070616724235e+01
2.138283371118729903e+00 1.318938260227784554e+01
5.959623729142746740e-01 1.222043274934815926e+01
1.496872942248487215e+00 1.242428508367029494e+01
6.473236089454529330e-01 1.204387151554128366e+01
5.096652226236921823e-01 1.278069443362878843e+01
2.125352218816173533e+00 1.239484090024148166e+01
1.856470311513221283e+00 1.163870531584900547e+01
6.022135040421667806e-01 1.236982204230565152e+01
7.716006572484704895e-01 1.197495807077985042e+01
8.533853891240081868e-01 1.220435307609362496e+01
6.380390349150573126e-01 1.230733624170311558e+01
9.550890838618464329e-01 1.257715935116495665e+01
1.333967231929942265e+00 1.291688441186139613e+01
1.731476632473172517e+00 1.170232229287486980e+01
1.188615404767733086e+00 1.212775414071904478e+01
1.274129394278321392e+00 1.231778392448422998e+01
2.969646572956723407e-01 1.344947773301771221e+01
6.275806517861887146e-01 1.212810232425214707e+01
1.870202281650926279e+00 1.175079364559517892e+01
1.939285381588109480e+00 1.183237307052634613e+01
1.386957733384354574e+00 1.195718568882621291e+01
3.977531121095864153e-01 1.286674065796950117e+01
4.139451449521824866e-01 1.234381344589577445e+01
1.998370666275064655e+00 1.192379703870503427e+01
7.301110268101307366e-01 1.232757991858475144e+01
9.092862567964552500e-01 1.220845722501504760e+01
4.062472623716688047e-01 1.298941995381573911e+01
7.057925226793103635e-01 1.177068067105652815e+01
1.058095016399983157e+00 1.239781941332407555e+01
5.910595331887341652e-01 1.191304246895599839e+01
1.352197371137269233e+00 1.250634714458310270e+01
1.699380096214703428e+00 1.262133002806415050e+01
1.092302730240533482e+00 1.231264267617399533e+01
4.442871952458374851e-01 1.249081014189345851e+01
8.529208840062441066e-01 1.227407332324121825e+01
1.106864251615573114e+00 1.232407554965274876e+01
1.690782718581001820e+00 1.261017342050429413e+01
4.658907231171474650e-01 1.292148368847193218e+01
1.842050140871942743e+00 1.102376556686446918e+01
4.183975390202434586e-01 1.256763195264141331e+01
1.731689299899168422e+00 1.203607975519601681e+01
6.216946986668400177e-01 1.178234072173166247e+01
1.743297938061656449e+00 1.278236703817123932e+01
1.210196074667475585e+00 1.198940608195868940e+01
4.675776167335114475e-01 1.238045735282643633e+01
7.234894500043437260e-01 1.202098554299261401e+01
1.917927667953207571e+00 1.100835310873983275e+01
5.457498179729841636e-01 1.190641237567585975e+01
1.583298137741887102e+00 1.213299438671545083e+01
1.708447037535888002e+00 1.308100181653095007e+01
1.907524744647893344e+00 1.174563409591643648e+01
8.945120060724974786e-01 1.267214956492964717e+01
1.652304522554518540e+00 1.251739789737709252e+01
4.790047636204146086e-01 1.264755942305189507e+01
1.972995701569271398e+00 1.227564372791698233e+01
1.845095744971462670e+00 1.169389621394779688e+01
3.317593750992074986e-01 1.319122460568418198e+01
4.477144137709886951e-01 1.295084970236994515e+01
1.802602859901115240e+00 1.224638755387217515e+01
5.073750533517715766e-01 1.295287762393152775e+01
5.083843788222075499e-01 1.248220623007032515e+01
4.772135810873540107e-01 1.292436281732367576e+01
1.007832867251238884e+00 1.226546693710292502e+01
9.984429938397717530e-01 1.239293405403467041e+01
1.223083080033926739e+00 1.240758287092569567e+01
7.290891684709798204e-01 1.216457009534873812e+01
5.303156465012186516e-01 1.265992751843060837e+01
9.771103095499483748e-01 1.221078943827564522e+01
4.250388519176470092e-01 1.284414547278833751e+01
3.406970617150102965e-01 1.304400806519311828e+01
2.415735711971944255e+00 1.141761733332631579e+01
1.580275619853461544e+00 1.206379522743228527e+01
6.447265034967142316e-01 1.222357823911787555e+01
1.614558483320272186e+00 1.182925690242554495e+01
7.723566858061162721e-01 1.246218067632867310e+01
1.518025425366609005e+00 1.214225468580161937e+01
1.619636918156164951e+00 1.271662906580947272e+01
1.104698919690635606e+00 1.245848670005288383e+01
6.676033537695272857e-01 1.257021062096296760e+01
1.456346321379823561e+00 1.192325166352383548e+01
1.336674334609288195e+00 1.288466854301134390e+01
2.102571167648504602e+00 1.303413209147643492e+01
8.244101861285062505e-01 1.234960972995631856e+01
7.938109554990550043e-01 1.242081758373081435e+01
1.861453234554143021e+00 1.311381677081855734e+01
1.666306637050289696e+00 1.121662483390286802e+01
7.759309641876570574e-01 1.235864089523925635e+01
1.413355999458001833e+00 1.264406616057542188e+01
8.130653029330341397e-01 1.242276247000720879e+01
1.231642603624538923e+00 1.226018977177322178e+01
1.593638674406226974e+00 1.259378317834476668e+01
6.739589243468926405e-01 1.184244827558984348e+01
1.452727955189170084e+00 1.280837393492918430e+01
1.692279438843975692e+00 1.316049228452094866e+01
7.020168636521156857e-01 1.197899057675460099e+01
4.248600212100743234e-01 1.285833236671417801e+01
8.930062548565068647e-01 1.259747417931992963e+01
5.017060743807998380e-01 1.235725387660171393e+01
4.917878384055061614e-01 1.232213832566553435e+01
1.480149781434487499e+00 1.201830196861073397e+01
1.482820545210241869e+00 1.263861002490195062e+01
1.810525077583493125e+00 1.119083247439338891e+01
1.310834289659866814e+00 1.286939564102849864e+01
1.877493718477021289e+00 1.131418233781242577e+01
1.776657234413452802e+00 1.302307132551661617e+01
2.063375451620994561e+00 1.114279880318143334e+01
3.649406846596291998e-01 1.316651187339603979e+01
8.815579841163588837e-01 1.268174735796794295e+01
1.139692138367946361e+00 1.253505414507715798e+01
9.666591248820929350e-01 1.270946704882297418e+01
9.311932495951488198e-01 1.270726368432335818e+01
1.629282116351971954e+00 1.241591270890708287e+01
1.919638569628967062e+00 1.225591558573960071e+01
8.452321365230733852e-01 1.248316622520628449e+01
1.624383361351997568e+00 1.189095503611952331e+01
1.482881122398095775e+00 1.189128815947025863e+01
1.875367451102828875e+00 1.282106056317317488e+01
2.162729391146518854e+00 1.194718885476371995e+01
5.558356829906335728e-01 1.211842071547175514e+01
1.965916762715618882e+00 1.092538176212869416e+01
1.275105373274533438e+00 1.289944240669092679e+01
6.671079192819514558e-01 1.233816029587250895e+01
3.759346894859473820e-01 1.253724028577357252e+01
2.127668115037135710e+00 1.219557049557819184e+01
1.977565213507363806e+00 1.075521492013326430e+01
3.461721045966177912e-01 1.252974597558146286e+01
1.242827896129234277e+00 1.222728262365276208e+01
1.367131160789884614e+00 1.179740128343390460e+01
8.153068866485371213e-01 1.226497950654094637e+01
4.237120319883538322e-01 1.253427324745213589e+01
1.758644917871136526e+00 1.199510306481638722e+01
3.258550196228178208e-01 1.301042964490724252e+01
1.341030942088993649e+00 1.144235919025115500e+01
1.727907936774491171e+00 1.256083582017289402e+01
6.936583591622609291e-01 1.273126558360769955e+01
4.736695363997182051e-01 1.221733732512148940e+01
1.373966222369191748e+00 1.268957413411520108e+01
4.550209632806906934e-01 1.309213408376673726e+01
4.525899485673065548e-01 1.303593826399045597e+01
1.242783888251372426e+00 1.240563394541679720e+01
1.145854240275119507e+00 1.240272705805167242e+01
3.792914135749287929e-01 1.289656681809933403e+01
4.020005639314534474e-01 1.226345792916520061e+01
1.800445269182765262e+00 1.113337798990035843e+01
1.045941074200541054e+00 1.242760250735891780e+01
5.757583400020954700e-01 1.260062930674025772e+01
2.033949364333321519e+00 1.234473793997403845e+01
1.455452756447646490e+00 1.257441384589060718e+01
5.279982141004933016e-01 1.185960141989837879e+01
7.325848417535099077e-01 1.252608526274812206e+01
1.717031375937590143e+00 1.262074643648710115e+01
1.577427754919046965e+00 1.194139808340152520e+01
1.951163263427577954e+00 1.095568463097111156e+01
4.489437731335646498e-01 1.292100252955552442e+01
1.719502611361888311e+00 1.223860684638338192e+01
1.393141553863334936e+00 1.273355616745452679e+01
6.894473541524084315e-01 1.261783606046845918e+01
2.044565434943572235e+00 1.239672791033099841e+01
4.971139603560166265e-01 1.282042215428177911e+01
2.008220715249214194e+00 1.315949780787290990e+01
1.870654894001937629e+00 1.319407073113033846e+01
9.100022253960449170e-01 1.207456849879621963e+01
1.141493170849838590e+00 1.234756384742726532e+01
5.515744031221428978e-01 1.197452616631521138e+01
1.422473180219679945e+00 1.212038659528572282e+01
1.288031201987887009e+00 1.221588906174132205e+01
1.596297290251041945e+00 1.318403245239539068e+01
2.115086906687210888e+00 1.223410260631505686e+01
1.232092642015984341e+00 1.209716312807240257e+01
1.269576800494724989e+00 1.229926497129564922e+01
1.028774879141197918e+00 1.185905842087181128e+01
7.842863261714727585e-01 1.243802804490420044e+01
7.493726067543777791e-01 1.236878567748534685e+01
6.591796080094213250e-01 1.251535434220517828e+01
5.897292738282583491e-01 1.252209749287141705e+01
2.072657598979686711e+00 1.313527838606079179e+01
5.737034583051121572e-01 1.165019365833402354e+01
9.415986737822332753e-01 1.229008734271266334e+01
1.244857668862462186e+00 1.254370776739170346e+01
2.079415837994381899e+00 1.137392696448831586e+01
4.519757931250750760e-01 1.222229053015032818e+01
6.941885767033385557e-01 1.190921184397040200e+01
8.247949829169133329e-01 1.245300202452315297e+01
2.117741523924267621e+00 1.246869966026907761e+01
1.127904473277219433e+00 1.277393487355925572e+01
1.569597013468672531e+00 1.156585882924725617e+01
1.844489361313525810e+00 1.168064004212401130e+01
6.496745766427556301e-01 1.219043438391820366e+01
2.193619895016705179e+00 1.208532890316377006e+01
1.497212355441572829e+00 1.236287802860530505e+01
1.722801516980678072e+00 1.219589323075217457e+01
6.834320088122312065e-01 1.223205167841213559e+01
6.417092776229322837e-01 1.233103026737781072e+01
7.906650636411104438e-01 1.257178110617899058e+01
1.877800937318482744e+00 1.304870516948101056e+01
7.597533869883424940e-01 1.166615669119623888e+01
2.104184553174624384e+00 1.324379599845264188e+01
4.315682494060493202e-01 1.281752228459711240e+01
8.340962132016557229e-01 1.215268617810409957e+01
5.803698269558000833e-01 1.196998039001401359e+01
1.392474347826717862e+00 1.248296509701826551e+01
1.062006884731997003e+00 1.270211668127211269e+01
1.265362198091648072e+00 1.257399758797303591e+01
3.289797401870588334e-01 1.314525702792798612e+01
1.263380816420029307e+00 1.263432174347459558e+01
6.747863684843196097e-01 1.232151780300488220e+01
1.531281798594667842e+00 1.290901673678077088e+01
1.703794753626922676e+00 1.227985226194362589e+01
7.887952520496279707e-01 1.256773924200263259e+01
1.584387332813342431e+00 1.214350371561092956e+01
1.605588624741280057e+00 1.226441086325022134e+01
5.650462354929577380e-01 1.203515936463459823e+01
7.794765275741789567e-01 1.252436499757575028e+01
6.389261626406379513e-01 1.233507696801522258e+01
7.619254212608309595e-01 1.244978287231825576e+01
2.018432706172283098e+00 1.166225877631297081e+01
1.046256856106896116e+00 1.182208490257046840e+01
1.457809345084611241e+00 1.244853018653116727e+01
1.509973151065484132e+00 1.306452813688209247e+01
2.752378777156023748e-01 1.340193353430179357e+01
1.689321741097262963e+00 1.314721424542902817e+01
1.667919911287265800e+00 1.255281002714603389e+01
5.418422750095469587e-01 1.249970783620141290e+01
7.769437092119957367e-01 1.191321946605014759e+01
1.256637437015103664e+00 1.300378580268293938e+01
1.912233057778171874e+00 1.251247663133937138e+01
1.072957739471663619e+00 1.198131732117596826e+01
4.915704399842333316e-01 1.279651546878277024e+01
5.887721165850227090e-01 1.273855429031377717e+01
9.923252422854526023e-01 1.185212655190729336e+01
7.336158373963915791e-01 1.219145905600018054e+01
1.683151789441865720e+00 1.234385373973012356e+01
2.192463915438240374e+00 1.198070533128772830e+01
6.846157632760262457e-01 1.266078482416903661e+01
1.281179360110088039e+00 1.256386169535264763e+01
6.872256806158827391e-01 1.280534319194506310e+01
9.306297993002937696e-01 1.194154895019775253e+01
5.948039507598095188e-01 1.251311433256163497e+01
1.488173712199831078e+00 1.284800459014172169e+01
1.735861079657519124e+00 1.319652905504046281e+01
1.599061469273765024e+00 1.123272064887801491e+01
7.519354935508558713e-01 1.239861563507546371e+01
1.328766002856700768e+00 1.215324160724424551e+01
1.947233150457301054e+00 1.273602462991227924e+01
1.022831763785690740e+00 1.272097145035027133e+01
1.130988981958587436e+00 1.212106965580203521e+01
1.095228875308958072e+00 1.143980343395631927e+01
1.984162064486178600e+00 1.028484010187042941e+01
1.148961515034788716e+00 1.249058182863298505e+01
3.900408315999175368e-01 1.232232836744431559e+01
4.582937413424250095e-01 1.278001986836462756e+01
2.119411327363172504e+00 1.268066011153513628e+01
9.760629630764227072e-01 1.273784008061556605e+01
5.481304098459819363e-01 1.269137861555275748e+01
9.190603669186463431e-01 1.222749139871179658e+01
1.984510725955969557e+00 1.235856015742161773e+01
1.566019337226864483e+00 1.245103250128434524e+01
1.960625672707258627e+00 1.123419907399148698e+01
6.457338458557830840e-01 1.169057904096604084e+01
2.024963289917290243e+00 1.271451777894964152e+01
1.323990913672576264e+00 1.255936762928274675e+01
1.742660298905619021e+00 1.187549324838096076e+01
2.071849162650294396e+00 1.194354422512516578e+01
1.968234784574660390e+00 1.212690483482234427e+01
8.214861546524017122e-01 1.207505687387628335e+01
1.283179232191504093e+00 1.265098794777903635e+01
1.433905753839714414e+00 1.255694877881181704e+01
7.036224331913709662e-01 1.220164327946897309e+01
1.164374331237642668e+00 1.230451456315265091e+01
9.403348846354788737e-01 1.241851681749997027e+01
2.051276282198849277e+00 1.077977678990855637e+01
1.959781164678316312e+00 1.291380219512998195e+01
3.586930919567644094e-01 1.257840627191670180e+01
5.540843237729168314e-01 1.243609551190052187e+01
1.218086210173447759e+00 1.256059949628398975e+01
2.115399648011174083e+00 1.127936103260549672e+01
5.740842806769018702e-01 1.268253366954767536e+01
1.865273310196012391e+00 1.157054926116824589e+01
9.021412327040079226e-01 1.174579052094783016e+01
1.448385935078380760e+00 1.195393138047818127e+01
3.694126745691881375e-01 1.248050026877527507e+01
4.941127231912845752e-01 1.287298233302970019e+01
1.091029545692784763e+00 1.212835680514031544e+01
4.013979172754821856e-01 1.310192207465066971e+01
6.814998103862884848e-01 1.268740126404421709e+01
7.741013398552227809e-01 1.181377473657642874e+01
5.953650929189802099e-01 1.214614118693205214e+01
3.103875367456688239e-01 1.333787382570026381e+01
1.820526193648263957e+00 1.258056371042827415e+01
9.901659869740664366e-01 1.221085450919743387e+01
1.725295037861610981e+00 1.311947641961664601e+01
1.969438052971445252e+00 1.123254308201537199e+01
1.065819737169857895e+00 1.202563165335392981e+01
1.715718560664606596e+00 1.245957849072789969e+01
4.903913813465700100e-01 1.262567307957113272e+01
4.953352032743497113e-01 1.272757251074854956e+01
7.222810857679176078e-01 1.268120370523530838e+01
9.968654601659535652e-01 1.258314698595787817e+01
8.449552941608255985e-01 1.191499550426009968e+01
1.367013942879576893e+00 1.282643658882605209e+01
4.701616558746424257e-01 1.284515089015576272e+01
1.424869809660633813e+00 1.208999502044049734e+01
1.872463769042677750e+00 1.178647240561774545e+01
1.975885507861036894e+00 1.237428131212623406e+01
9.572192479695276202e-01 1.207528051897808297e+01
8.741509095486630354e-01 1.210949006732026056e+01
7.268949824635182466e-01 1.177049713894792582e+01
5.600365118240850926e-01 1.206141664088652732e+01
1.873326546462367181e+00 1.089498298741138349e+01
1.893379260791434149e+00 1.261012479028927835e+01
1.193536332031356562e+00 1.172957891864737334e+01
3.788278858076921107e-01 1.318389702869551527e+01
5.439625562342740306e-01 1.294559935195867162e+01
2.110307474112271819e+00 1.261374458414260680e+01
7.858209010585461840e-01 1.278644578596391668e+01
1.374323405861854974e+00 1.246712627092418479e+01
5.159976983375986759e-01 1.253458802654288640e+01
8.024096050964635296e-01 1.193607671382779500e+01
1.583624634024425326e+00 1.258827870250936520e+01
6.929415129001398332e-01 1.205850553164364136e+01
1.892434884276655405e+00 1.198201416159414023e+01
1.460274274849190590e+00 1.223921047500757453e+01
9.129115008001162934e-01 1.201227485218549695e+01
4.274124730290094765e-01 1.291302167771828557e+01
3.588427920332782906e-01 1.305979518272035556e+01
8.929079000015733847e-01 1.172732018255867459e+01
2.111174420663679108e+00 1.307096227728253446e+01
9.713140617453949188e-01 1.236039310441963224e+01
2.091450010634789081e+00 1.222544919609896219e+01
1.533477142302524188e+00 1.225522131444262186e+01
2.121693661891004279e+00 1.240304855601173095e+01
2.159834602736335540e+00 1.275445909276983869e+01
3.637984894451639084e-01 1.310767199772322478e+01
6.939058345707901365e-01 1.238840737673452352e+01
1.833153729031321566e+00 1.294970534830258480e+01
9.332791515820939576e-01 1.197343241163435223e+01
5.807043148065653693e-01 1.287094395895183396e+01
4.186194009808229533e-01 1.254466428715644888e+01
3.751379144164081469e-01 1.264006504630659755e+01
1.031160244317953056e+00 1.230521537331068949e+01
7.577588488670328193e-01 1.257935890353135555e+01
5.745962817427526792e-01 1.224489250849659250e+01
4.874328926637712112e-01 1.235605030474615518e+01
1.715400181646695499e+00 1.151098667147297405e+01
8.861771055620866200e-01 1.262756639853389551e+01
3.551443737769714448e-01 1.303966211808834608e+01
1.694123598783685125e+00 1.136438378324038112e+01
1.050321199179767628e+00 1.277466960852713385e+01
1.524463265735572781e+00 1.216172595271494217e+01
7.877615596362677053e-01 1.210333875130915260e+01
1.958621863774746119e+00 1.199456820063580942e+01
4.863303286349777155e-01 1.256850782351878237e+01
6.109711043803796038e-01 1.182601226868678523e+01
7.142172267857284096e-01 1.249406310463559500e+01
4.462703138859095975e-01 1.279344198774786356e+01
3.962212324816734577e-01 1.236954048648689408e+01
1.910322743125171918e+00 1.173932533498203235e+01
7.219145596745401017e-01 1.226968028806706634e+01
5.686741204158520802e-01 1.204093059896425366e+01
1.967612795263358194e+00 1.134485834665308168e+01
2.094739260150659366e+00 1.290562177899846574e+01
1.820458948566686885e+00 1.263235977966590617e+01
1.379887825307652305e+00 1.264021746720084671e+01
4.491755058687257329e-01 1.289631781135648936e+01
1.625510756953893132e+00 1.226940498389889456e+01
1.747863036793743774e+00 1.224850692875126335e+01
5.427560228246787188e-01 1.277165133179984835e+01
4.069151841879749543e-01 1.274353378945612292e+01
3.979306571057624198e-01 1.313514497176726614e+01
1.723396486048470511e+00 1.281757781395598350e+01
1.745645157486571009e+00 1.251026337570412039e+01
9.017116235937401303e-01 1.229624393728092357e+01
1.040653924139007369e+00 1.206683883823473558e+01
1.169623872887771032e+00 1.255987748989840291e+01
1.935624673125355688e+00 1.057833269620848604e+01
4.957738096981438858e-01 1.243966160537292254e+01
1.293267506834484548e+00 1.209265008304110900e+01
2.010871780022603694e+00 1.312565859579102678e+01
1.761067496982318126e+00 1.285089428818194257e+01
1.337840207268268466e+00 1.184075616845298562e+01
9.593789916585857558e-01 1.245102366926655613e+01
1.897638470914595921e+00 1.150326318684055416e+01
4.246317972107662708e-01 1.279495514740040285e+01
1.297692945322938440e+00 1.278589029834436985e+01
1.127363279693995413e+00 1.272073556843550612e+01
2.951979308176354011e-01 1.346671071374235851e+01
5.177295080095897228e-01 1.299195680608275083e+01
1.188155683435760945e+00 1.227838779807840552e+01
6.325216408048993655e-01 1.199698277702045424e+01
1.989319407006138851e+00 1.241743214725081756e+01
3.505866384063197061e-01 1.281025494931746245e+01
5.744669898626725280e-01 1.269091462608742304e+01
6.008449086767128078e-01 1.225901352352473594e+01
1.854690235479275140e+00 1.242317964127555285e+01
1.529969204283731177e+00 1.247610133765380525e+01
9.124253013862750894e-01 1.182064112569324443e+01
5.889028996661755944e-01 1.240018872659835303e+01
5.244557418550791494e-01 1.263298899536389364e+01
9.311842448680390794e-01 1.259615180494001407e+01
5.892230764430987922e-01 1.217194625059899948e+01
3.551947058275384816e-01 1.268460608172234672e+01
4.943485640867664732e-01 1.310051292235736042e+01
1.437447711411199425e+00 1.206945205334994498e+01
1.266440966856984929e+00 1.168572666398625870e+01
1.484127194033930897e+00 1.190272154338825494e+01
7.046121513988456986e-01 1.246541758007857403e+01
4.677965611530809364e-01 1.248190272313657445e+01
4.420914781494260648e-01 1.279719586600801939e+01
5.113588435202561788e-01 1.228374403219088506e+01
1.819986033695524696e+00 1.073194330938216545e+01
1.795220398407175288e+00 1.223850141303481820e+01
4.182471402504581715e-01 1.230668525891320364e+01
1.813873234495422038e+00 1.126348788479063145e+01
1.805831484917204133e+00 1.180391741057959365e+01
3.915588473921949864e-01 1.307137601201354116e+01
1.768895451223201576e+00 1.240774397528053008e+01
5.718066071855877341e-01 1.267015342992723426e+01
5.648918042533943584e-01 1.274042203302381715e+01
4.114493028496045701e-01 1.298342852180054940e+01
4.957013063645596129e-01 1.236246696784210464e+01
5.458293576272573722e-01 1.274013573758896456e+01
1.600109189516804920e+00 1.264243030539833690e+01
1.987148501239558440e+00 1.223186774955589939e+01
4.846105718668552442e-01 1.238096538331397589e+01
1.717469075228571063e+00 1.183254617539989617e+01
1.859242370987796766e+00 1.250564128534701247e+01
7.439973978495464380e-01 1.207190803708632032e+01
5.678741541767595713e-01 1.266225248852653884e+01
9.132643121926755647e-01 1.210824496868826650e+01
1.528889980648191926e+00 1.297376964959688017e+01
5.830872908351425465e-01 1.234211370816190545e+01
6.823043088633111708e-01 1.177941848526960911e+01
6.394695837897172996e-01 1.185592692224029499e+01
1.419814979795248622e+00 1.277149620797596086e+01
1.784562056522657647e+00 1.308273916444074914e+01
5.420765618002967301e-01 1.229114007762021465e+01
5.000451575554912820e-01 1.282452176447060843e+01
3.960696994365893731e-01 1.307548320213174975e+01
7.186122084625188311e-01 1.222236795571224732e+01
5.495202077292838938e-01 1.247607384273272046e+01
2.237095246255214942e+00 1.297925500175430180e+01
8.757581379913941255e-01 1.200583267017244182e+01
8.071760832779392159e-01 1.256643677599171838e+01
4.833771073407976404e-01 1.258061734911980345e+01
1.223873188138650869e+00 1.235494558937214293e+01
1.403006955240393205e+00 1.137580250833092776e+01
4.704951415893020017e-01 1.259556113291614743e+01
1.583998657567563750e+00 1.241290087627908534e+01
1.421583367357864391e+00 1.206995747726958790e+01
1.379291508575029690e+00 1.160794471166419406e+01
1.128891107423503293e+00 1.228321399306539696e+01
2.027156904924552805e+00 1.248277707375001100e+01
4.412673454085068170e-01 1.187207904284491278e+01
1.867039250855448085e+00 1.261922435356392924e+01
3.102176639352837162e-01 1.322036593856768505e+01
4.075855537906659110e-01 1.249055691675286894e+01
3.087794016607739445e-01 1.342405492069360484e+01
6.386727912528870066e-01 1.201901299341695761e+01
6.647488484989594326e-01 1.209693178122982538e+01
1.738286510218212566e+00 1.258484687263559110e+01
4.381732080733918844e-01 1.297675590846183269e+01
2.007299723543926717e+00 1.201117450683394416e+01
7.389720422998629079e-01 1.223461395526860862e+01
7.405521090836014730e-01 1.213124732690312868e+01
6.187202246693465080e-01 1.250996691593017474e+01
1.896014460213628627e+00 1.165175210242495929e+01
1.084701416171422128e+00 1.237356374036667361e+01
1.753126789241793881e+00 1.282560872922745610e+01
1.025353562343302549e+00 1.230133606167339444e+01
3.343681683573805352e-01 1.301143824085246514e+01
1.757750826905907449e+00 1.188087522976637800e+01
1.418218996513902708e+00 1.198620247347579415e+01
3.533033089851794206e-01 1.272713665563332697e+01
1.820145146333988606e+00 1.168463499493997126e+01
1.883441435823337784e+00 1.212124759727075407e+01
6.185496493905304760e-01 1.166574799367005788e+01
2.060276810686772819e+00 1.133974901573889582e+01
3.853228418497681718e-01 1.287825158586011121e+01
3.624223463131666656e-01 1.276240982596860185e+01
5.415736872171070804e-01 1.156634847275898714e+01
1.602059288106817858e+00 1.290013476031608874e+01
1.090009466737164257e+00 1.273141921239793994e+01
3.567743408648936243e-01 1.254148281952646826e+01
8.527235915151540890e-01 1.260911361119994645e+01
1.642422069298754117e+00 1.238372147920903998e+01
1.650562918893715203e+00 1.201242114899863900e+01
6.725750956281917325e-01 1.192849100472494506e+01
3.324701277551364020e-01 1.330039626261535979e+01
5.710133372071558577e-01 1.248253579027755933e+01
7.437299627285327563e-01 1.224739508928173137e+01
1.740842035280310451e+00 1.237272103708058424e+01
1.251675301377959793e+00 1.165108471913593391e+01
5.838854824848187519e-01 1.257755408075204073e+01
3.907529828954038886e-01 1.310142677732292960e+01
1.488612350154919106e+00 1.142422111315903521e+01
1.434455761387747774e+00 1.257486652978331598e+01
1.579042108202325823e+00 1.229614173165822599e+01
1.983340716451252872e+00 1.110268869467387454e+01
2.185144708330873264e+00 1.207840394073750367e+01
3.866188510495608965e-01 1.302685706746385286e+01
5.655237243700467209e-01 1.263911679395764764e+01
2.108102657537613833e+00 1.260491132171307527e+01
8.776846432207234816e-01 1.245507142153478419e+01
6.981427918620342066e-01 1.220167320061445615e+01
1.672608296134634243e+00 1.266921280144935480e+01
1.134097539469798077e+00 1.241220181410557366e+01
1.888760087251716291e+00 1.224903934644056669e+01
4.618469552671692346e-01 1.267391480160610939e+01
6.577956169639951334e-01 1.247313197704988141e+01
6.591445668257015500e-01 1.251711486551758590e+01
3.084185771731849934e-01 1.311557001484175267e+01
3.675423104878776659e-01 1.272302024738812598e+01
1.318019773220943769e+00 1.270948441119768724e+01
5.664110409508802402e-01 1.201839538793442053e+01
1.919766406833407935e+00 1.248131333200632831e+01
1.861531500856811627e+00 1.149260434155266886e+01
6.115676129281029105e-01 1.253875769624908010e+01
1.160558083476719737e+00 1.180238810051025133e+01
1.530291111260231540e+00 1.279163241098512138e+01
2.128660613392415080e+00 1.139007943957145841e+01
1.863109086679578974e+00 1.177088792222845548e+01
1.552706069119604404e+00 1.254404184210712714e+01
4.890766492232029861e-01 1.272585028746250302e+01
1.658623498613878811e+00 1.244124058124374343e+01
1.309209360139169664e+00 1.280341227765453738e+01
1.329721881697019548e+00 1.267929963531339688e+01
8.003232757786263862e-01 1.253098938763593040e+01
3.673063512645960427e-01 1.297199409983610785e+01
1.979936525067810704e+00 1.164591890516900463e+01
2.090642993190268584e+00 1.198582221774098500e+01
1.136670904447876884e+00 1.271524567756305757e+01
1.216052817992679946e+00 1.239102798604101885e+01
4.911442168769146743e-01 1.194486237697949349e+01
4.585140385326575974e-01 1.264020419766626624e+01
6.564564402952680622e-01 1.212719566815544603e+01
1.287691313152572459e+00 1.224881521997105871e+01
6.451173193512949045e-01 1.262646241031399974e+01
1.465822420705861218e+00 1.224455480740476787e+01
9.025830060048110060e-01 1.226868451414939543e+01
2.095135035656537248e+00 1.113125608081552009e+01
4.886187420617249533e-01 1.229205235820861830e+01
4.485925696720086675e-01 1.276227592123272103e+01
1.218449552872031605e+00 1.230529818122985830e+01
2.264016145508136013e+00 1.203054992686664271e+01
6.614002215163434784e-01 1.232266228317702250e+01
6.316649796666266026e-01 1.194072954588347102e+01
1.535099596387109244e+00 1.234118258387350942e+01
9.733048721703725370e-01 1.206593850204264307e+01
1.863465422154929385e+00 1.277211011599776391e+01
5.612382878111951134e-01 1.242209914983125252e+01
1.715026266227857477e+00 1.214116595900049589e+01
7.049506295594017979e-01 1.245132435378419444e+01
1.743414443079094545e+00 1.321531136442832377e+01
1.210409535015398497e+00 1.205164270947746452e+01
1.139177792545641221e+00 1.270260599148668845e+01
9.811004193875820789e-01 1.219283099430958295e+01
1.979931450014923433e+00 1.255548498923025491e+01
7.914089284465662955e-01 1.237938047499168626e+01
4.522411182007409214e-01 1.291574798012924141e+01
9.788218541269364525e-01 1.242895057999560393e+01
1.944731586062848239e+00 1.149265776522432070e+01
5.647440818744990931e-01 1.221715494448035955e+01
1.372102962352117039e+00 1.226434036126953586e+01
2.011329072523695860e+00 1.235666907484131904e+01
1.886187151925851513e+00 1.257383543710933793e+01
6.434700776547771506e-01 1.230470811519706942e+01
3.856407341674523703e-01 1.248325558088987997e+01
1.500239353236072715e+00 1.196701350280951637e+01
1.522981656074085421e+00 1.212798452472372368e+01
8.596945894406831101e-01 1.175433235379381181e+01
1.561257912933482261e+00 1.204328400280319578e+01
1.083180144911260356e+00 1.206240906911183153e+01
1.044822076766477981e+00 1.212423659708939461e+01
8.143164147423572752e-01 1.236209551369049109e+01
7.048465187523672570e-01 1.211024295313223575e+01
1.856721507453082731e+00 1.250378995041982932e+01
7.390792718419006979e-01 1.237375329424219750e+01
1.609477753085184704e+00 1.268687088070210933e+01
1.094557268047421594e+00 1.220911720380735055e+01
1.467967988849724348e+00 1.160905225830430076e+01
1.103321188058587810e+00 1.145764784294644123e+01
6.827699595781590025e-01 1.178887161007121698e+01
9.384570290777964896e-01 1.229896510491825090e+01
1.711184817379321377e+00 1.245592878888100152e+01
7.073252600151689329e-01 1.228801892057427025e+01
1.286206405264113117e+00 1.280251438454072854e+01
1.051654293252573646e+00 1.281038874207782108e+01
1.209731398980493644e+00 1.213645576361795619e+01
8.769851948124238739e-01 1.255409942998669770e+01
4.673271516953450000e-01 1.175987349526808678e+01
1.294226998386790894e+00 1.255385436138723243e+01
8.251370998318209304e-01 1.193139503762779441e+01
3.977643425006114897e-01 1.268641103483624732e+01
1.246813799605704709e+00 1.260842675048997918e+01
1.886934879235208973e+00 1.054516651390241400e+01
3.781194497218330342e-01 1.300790050223259264e+01
1.043215102225243829e+00 1.217024850842734551e+01
1.899711257913034634e+00 1.128847922369032375e+01
1.334989444912147771e+00 1.198754207421413476e+01
1.911888185708755072e+00 1.196444582980292104e+01
3.358194292019348048e-01 1.303425177930542489e+01
1.828671231149553877e+00 1.284035465921048491e+01
1.641313332780103051e+00 1.242156644495078410e+01
2.013618091854237235e+00 1.296743167533123575e+01
1.694794036393543424e+00 1.238412734587375574e+01
1.694191987177500858e+00 1.300647958813502747e+01
4.730980433617661962e-01 1.254890642937081680e+01
1.166963785105422868e+00 1.248417839670019980e+01
1.923123939216925926e+00 1.230423977013828640e+01
1.888512043353853587e+00 1.267844928470471011e+01
1.938347095197375580e+00 1.141163640304324645e+01
1.841501504643853870e+00 1.333370078477781284e+01
4.513409340097895850e-01 1.297683093882797323e+01
6.951462066558786734e-01 1.156189073847806270e+01
1.488834694262839431e+00 1.238524359758547355e+01
1.861406502373849303e+00 1.225873664401785312e+01
2.121946686333290533e+00 1.230278129539535925e+01
3.590719809087278835e-01 1.262832804083442539e+01
1.891109705948079034e+00 1.237820549161942196e+01
1.425080670593722676e+00 1.273496020120370709e+01
1.706444665216765966e+00 1.258265438636870748e+01
3.631769854347729476e-01 1.329183730459132384e+01
1.338369753334842205e+00 1.194051585908493962e+01
3.509588718159823983e-01 1.277538614902577407e+01
1.801773711998457372e+00 1.260852423259627386e+01
2.089327687436658643e+00 1.134355186024059492e+01
1.510926737333872394e+00 1.239447154620589053e+01
2.739775802968346663e-01 1.368108561076646268e+01
1.225026197034651210e+00 1.236066993862573327e+01
1.970474336813657912e+00 1.249129428466259562e+01
1.898508477240997028e+00 1.320153957121170585e+01
1.155506668683080385e+00 1.237880270995992049e+01
5.588302452207761783e-01 1.214487202137585875e+01
1.929115331067154493e+00 1.328014705987328981e+01
4.157765839166469579e-01 1.295880152994733514e+01
1.082618431899412093e+00 1.225250984302798329e+01
1.571135360701704453e+00 1.178311444746640113e+01
4.491597218789300516e-01 1.263234349378857679e+01
5.447661854169874029e-01 1.223926500297376130e+01
1.926304821030353498e+00 1.097210054701913329e+01
9.131542004457302575e-01 1.223693733748322643e+01
1.838605140658788217e+00 1.246836488415357458e+01
8.328467842245644848e-01 1.224211374635088490e+01
1.857110097674506299e+00 1.293887612608984661e+01
3.964936019053067473e-01 1.320688604732126770e+01
1.862384876143194923e+00 1.294855588741189401e+01
5.687529621470419627e-01 1.216126911204050209e+01
5.948036645192092964e-01 1.230593752794365692e+01
6.341095148542507109e-01 1.213583832614640201e+01
1.941030243282386047e+00 1.120101398174918295e+01
1.520807540389401691e+00 1.234291424043625618e+01
1.936397099814815226e+00 1.137357880926475673e+01
8.187172893555803022e-01 1.178904272279671872e+01
1.079428853555222556e+00 1.200048093576519115e+01
1.834737549758030939e+00 1.116012475699544026e+01
5.700754586443995686e-01 1.161401833838965736e+01
1.802923821720345376e+00 1.263235539529416940e+01
1.473265788460926151e+00 1.280112725194227252e+01
1.743652964273979089e+00 1.213300828908470841e+01
1.634915223786461258e+00 1.180195788586629746e+01
2.074514695523155261e+00 1.156289272512348809e+01
1.561830899073206380e+00 1.284231718840548808e+01
1.186897333886440142e+00 1.219177130517986818e+01
3.544463803855018025e-01 1.333204846450883174e+01
2.067757342176276936e+00 1.263248984614083525e+01
1.537138042224353907e+00 1.232248687511140872e+01
4.721813691829037651e-01 1.255762604008040562e+01
1.463337143060493784e+00 1.198569041367797006e+01
1.963415998990326372e+00 1.265813785724540885e+01
3.851169218091576307e-01 1.313883742934279830e+01
1.642151917074633038e+00 1.223474253233047193e+01
8.288792441460767213e-01 1.267020478724510113e+01
4.074425066265123796e-01 1.291156821509774488e+01
1.860364616856347908e+00 1.226387547134189226e+01
1.225092438628014646e+00 1.231094071452721472e+01
1.150510152571694089e+00 1.227109958868356721e+01
1.477959332663003167e+00 1.249800080658462420e+01
1.047319772861545095e+00 1.242494402890974570e+01
5.014860750800242961e-01 1.191278372651147954e+01
3.549926351342498343e-01 1.293270689851071076e+01
9.999717624816095718e-01 1.157423690700395191e+01
1.478016922345954942e+00 1.278694250474909744e+01
8.322118609056672334e-01 1.237703071165539370e+01
1.242240496525525817e+00 1.253385941831505868e+01
4.158265450215725689e-01 1.247298335996936736e+01
1.913754991095608649e+00 1.326039236831365109e+01
1.779733188026028312e+00 1.311645456730767911e+01
1.190529237535837837e+00 1.243171001473460358e+01
1.753724615035092915e+00 1.262066398330195049e+01
1.166482332551700418e+00 1.179269159741659401e+01
3.465840465649111524e-01 1.269826977938285140e+01
8.139988232877658492e-01 1.232617084166112775e+01
1.132922718255493955e+00 1.235533741019927589e+01
2.134443816007796979e+00 1.272983516506809210e+01
1.894483020053113087e+00 1.281509864479941463e+01
3.668705721241077855e-01 1.261378785214929543e+01
2.097690252837460356e+00 1.266997406998956421e+01
3.983075045826469096e-01 1.331724714257771147e+01
7.307597312361319153e-01 1.240583980836813183e+01
9.172201219284583651e-01 1.216916677738179509e+01
5.587590478462589605e-01 1.250561490790667207e+01
1.763817004213014128e+00 1.192598115346850207e+01
4.424165207710870629e-01 1.300568410813411191e+01
1.176310503618203329e+00 1.265629687608084808e+01
1.821618346702168489e+00 1.232226733443993361e+01
1.027195762606075258e+00 1.209375467717050867e+01
7.621451370239801237e-01 1.211439786653201267e+01
1.294194183079011129e+00 1.224138873854506215e+01
9.448336950402548284e-01 1.215530498828230677e+01
3.011092253277924402e-01 1.321744028825246886e+01
5.606940567502648465e-01 1.181958684420537509e+01
4.980222728373183694e-01 1.267703992921513212e+01
4.882630276146749382e-01 1.227310244228888081e+01
9.878622646756463066e-01 1.203569159162003999e+01
2.035290295286545259e+00 1.224408627915423509e+01
1.962170893024869134e+00 1.203849254040146910e+01
1.578656545020802993e+00 1.196144532735527655e+01
1.581787962327751318e+00 1.138850782372478321e+01
8.294983803705259229e-01 1.242442215175186249e+01
6.541947221020508740e-01 1.190891679659308622e+01
1.369111753369259388e+00 1.257386651915093800e+01
1.008093076792434095e+00 1.270581906092715485e+01
7.913249275633683633e-01 1.199584194968527484e+01
1.747191468416523730e+00 1.208363578877746747e+01
2.185086553088259720e+00 1.215418293783590720e+01
1.817829903413184178e+00 1.154717493857831201e+01
1.387616980876207773e+00 1.150693202539036442e+01
1.032569263444865770e+00 1.247480293432593612e+01
4.300778861609995674e-01 1.307230498123547058e+01
4.173499875800363301e-01 1.270672762621012097e+01
6.822831262479537306e-01 1.234377544231713486e+01
1.120138273120755645e+00 1.210431761834663789e+01
1.158269616202157959e+00 1.195513148742570309e+01
9.179115977821606931e-01 1.223645022022631323e+01
5.322120640972783923e-01 1.211216054152821897e+01
4.444991125573783397e-01 1.297587518847018195e+01
1.882956503362068101e+00 1.265591080192761098e+01
3.922888789499756057e-01 1.290189157637268735e+01
1.571120946902893500e+00 1.306349416693580956e+01
1.730162162086894551e+00 1.246488250222892802e+01
5.741077244914361000e-01 1.273903887028099113e+01
1.004540742475819259e+00 1.206653305877211046e+01
1.622541583825117151e+00 1.201237981552212908e+01
1.616909868232326408e+00 1.276846586109366477e+01
4.158538882601152120e-01 1.302482203391456039e+01
9.424984532664028025e-01 1.193096294940911406e+01
5.189218540226472332e-01 1.284741442373388765e+01
2.124065902108315917e+00 1.142539221535824190e+01
1.440822916958488076e+00 1.253692101154103788e+01
1.122752384051979746e+00 1.268329701208418214e+01
8.750299711984779183e-01 1.229991489410167560e+01
5.911009816924871485e-01 1.236910962349552712e+01
1.000213686295913673e+00 1.225370783132063934e+01
1.645727153307657842e+00 1.300499855893070311e+01
1.704478683358928937e+00 1.215232689634290786e+01
1.016818668607711418e+00 1.246920091222608917e+01
1.033561949059296659e+00 1.271214078761856747e+01
1.592847419593857783e+00 1.250657910698898689e+01
1.175296577270272147e+00 1.111357792449901893e+01
1.059327792192911621e+00 1.187209788266780741e+01
1.964013395346447144e+00 1.177490140322576551e+01
6.718010176782455156e-01 1.248283726159512774e+01
5.478426938486694597e-01 1.268980094073915588e+01
7.122314690383970692e-01 1.215952530013392696e+01
9.950605552955368305e-01 1.182266330207285066e+01
1.190131247705675799e+00 1.246812275381212665e+01
7.176579846341665236e-01 1.191849089333178391e+01
1.433126538218463031e+00 1.192882100552230185e+01
1.648745892685330228e+00 1.182753195987619144e+01
8.027107449441437392e-01 1.221943873440341477e+01
9.345240151050341337e-01 1.216227241963346550e+01
3.624639251747912572e-01 1.255936877972451349e+01
1.112652676555562214e+00 1.244309465102534595e+01
1.870053478108880674e+00 1.246200785586606941e+01
1.228766590506152445e+00 1.247848915384799184e+01
5.245983691507213331e-01 1.270820456239544960e+01
8.025685207156698642e-01 1.259814614368848318e+01
1.278312513745184065e+00 1.243236264312286821e+01
3.137193529665585623e-01 1.312467593975416413e+01
5.032362082331296449e-01 1.275449802411255185e+01
2.021456186766138696e+00 1.126792998481856678e+01
2.031679231163888488e+00 1.166264034540723493e+01
1.192739371861492259e+00 1.202206957395494946e+01
5.521405077932023397e-01 1.189301634905060112e+01
1.134288366597644870e+00 1.245201989752410654e+01
2.091845264656257974e+00 1.273123273993464721e+01
9.277536483115219612e-01 1.226095848182843540e+01
1.984484359299343748e+00 1.155044144755697388e+01
1.447832429806219956e+00 1.208416989921578377e+01
3.698743708037168787e-01 1.297116584901956138e+01
1.910503116084163011e+00 1.282782864149496938e+01
6.885644086275225506e-01 1.217514309848265874e+01
5.055976558223598261e-01 1.265070896569186765e+01
2.121931221130885170e+00 1.203923071853322213e+01
1.976048608647852589e+00 1.128942610797460233e+01
1.807831253352444767e+00 1.161915569203696030e+01
8.227219660898501541e-01 1.206168966549516952e+01
1.550009178030050450e+00 1.233891660463524786e+01
1.894591808364538110e+00 1.174267037622356291e+01
1.474628783619338357e+00 1.172574663147290153e+01
1.964036848272042945e+00 1.090348611264772316e+01
8.121121893190788033e-01 1.219591372463692913e+01
1.456615794633670413e+00 1.247850053972203987e+01
1.267165553433875491e+00 1.221760255720238142e+01
1.754622693125890809e+00 1.149213680111133762e+01
1.489399953351242756e+00 1.188893931968673634e+01
1.651508837499050752e+00 1.195989656249552802e+01
8.202338874652648215e-01 1.264756643166260552e+01
4.795538003689099327e-01 1.259692298756376871e+01
4.192299159613001591e-01 1.276607528890791521e+01
1.195467895413390380e+00 1.188267085643954601e+01
1.792552083407766172e+00 1.264070844206606559e+01
2.030384958671028084e+00 1.234502242385707405e+01
7.035716552783736200e-01 1.222083073707535128e+01
6.638718017555813589e-01 1.211955828030852800e+01
1.773636468137248512e+00 1.258053398737346207e+01
1.610836675198258128e+00 1.172182412548301045e+01
5.742440229882617153e-01 1.212005293788415550e+01
1.817861740440414708e+00 1.315410512344506344e+01
2.179266244179225875e+00 1.243370025008599811e+01
4.245140558065884639e-01 1.290875507566768299e+01
6.614276421905155301e-01 1.200909970453236220e+01
1.709249382891958158e+00 1.225891031290938926e+01
9.400664810659872250e-01 1.240060891416240452e+01
1.912088347386564635e+00 1.216326852218235643e+01
6.013429789710618145e-01 1.257380435275412900e+01
1.902753121205274622e+00 1.133650075453751960e+01
1.825408215986815241e+00 1.197807003797194270e+01
1.809945595001085428e+00 1.171002756962004376e+01
2.033011482009137616e+00 1.220527091588671809e+01
1.985746884812132462e+00 1.225412597527142466e+01
1.010296601815216633e+00 1.237979109148269963e+01
5.534868566577195725e-01 1.259203260350360587e+01
6.551947150537682507e-01 1.191084062379273334e+01
1.351821296867541600e+00 1.184848357111372685e+01
4.019737569468160854e-01 1.322808256750717071e+01
1.232157138029544408e+00 1.246669610011057294e+01
2.039106160771099852e+00 1.145581732905980665e+01
8.509498527187240313e-01 1.230379127321224253e+01
8.399450052035547509e-01 1.239365324389752487e+01
3.936089912244565281e-01 1.312594729842103369e+01
6.223867770226267915e-01 1.218684853473868301e+01
1.113818068949490536e+00 1.202253377272243640e+01
7.705609553809958934e-01 1.201227022157470969e+01
2.042371495888416710e+00 1.126428068063750842e+01
5.259280272966677661e-01 1.296021320776561581e+01
4.679932548082674226e-01 1.264864625025320599e+01
4.023938490181944161e-01 1.263708895217147976e+01
1.826795082441458273e+00 1.206549013785622293e+01
1.952480221119683890e+00 1.270291586606526835e+01
8.531415121521367384e-01 1.153930824964550617e+01
4.966368987919643763e-01 1.266355296566953825e+01
8.456947125901870255e-01 1.243358491088164186e+01
1.387224199088531451e+00 1.189453752958675459e+01
2.122104726712760403e+00 1.192370897539736418e+01
1.946114326409539297e+00 1.154275557101578009e+01
1.450016656626688327e+00 1.219054448962938331e+01
1.901038945234967636e+00 1.158430756669792139e+01
1.463284956752253230e+00 1.251283708950110274e+01
1.108973890299624454e+00 1.182162827219523216e+01
5.016198967110773177e-01 1.269934781187897954e+01
8.731835587925894648e-01 1.171086546047629362e+01
9.526262488876496848e-01 1.192656468552018012e+01
2.928466051851522645e-01 1.337053076501064552e+01
1.020866772101042264e+00 1.209257222217905792e+01
2.060657395305877326e+00 1.208605079365184309e+01
2.101943243863487965e+00 1.123846305370562781e+01
1.789858675334529803e+00 1.258874162142040198e+01
6.829690180168740410e-01 1.254358705742988533e+01
5.167748407686636458e-01 1.229054237331783561e+01
1.807060906572284020e+00 1.293112094836727088e+01
1.354989663812005363e+00 1.163215144594778927e+01
1.828071591530116669e+00 1.292248236953701124e+01
2.158749947332346597e+00 1.277159350011426575e+01
2.098144863699267670e+00 1.087491961287956954e+01
1.258650139179129157e+00 1.261702438856049469e+01
1.165004753165785001e+00 1.211683139040764701e+01
1.921541845730702303e+00 1.258729089657386524e+01
4.644324237917540898e-01 1.284087663469949447e+01
1.175946810104516294e+00 1.186836516946670983e+01
1.171483950005966612e+00 1.198532056712830496e+01
2.058328487954768082e+00 1.255664189057745972e+01
2.074609263310053020e+00 1.254934557086962066e+01
5.567843632185111025e-01 1.265492500668158371e+01
3.929417040774251801e-01 1.246452275848249514e+01
3.314004788263628098e-01 1.296943234978305171e+01
1.256153653647040347e+00 1.211270426907284836e+01
1.738353591757441086e+00 1.187678586325778163e+01
1.503706478379031486e+00 1.205624087834202030e+01
4.066902855625683100e-01 1.306949903942734537e+01
5.395693756449330136e-01 1.236460501163390724e+01
3.633847305174662812e-01 1.335871712214915341e+01
1.608351015186396671e+00 1.226027226122661062e+01
2.975330751946688723e-01 1.349445476218337170e+01
4.422082267816732637e-01 1.251408477768127625e+01
3.654210423889593939e-01 1.295131705131345612e+01
3.342305154807422851e-01 1.283114802529985710e+01
5.859127900590025417e-01 1.242711751409957799e+01
2.060460661371625868e+00 1.142962394497689260e+01
1.444291030050479874e+00 1.211832535658998466e+01
2.056716635211299771e+00 1.215307251921774068e+01
2.043982150533793174e+00 1.312042025707399162e+01
1.432542905401956945e+00 1.234478595698418779e+01
5.170484382800333290e-01 1.203602016137797825e+01
1.921584903599149463e+00 1.155689355437162114e+01
1.352180217899130232e+00 1.180231142824406909e+01
2.050898489536350233e+00 1.066427476044985845e+01
4.717968289279810268e-01 1.291282878752372199e+01
5.557533694666476620e-01 1.229503856728975641e+01
2.132376689338605136e+00 1.176977709581194453e+01
1.058539178304243933e+00 1.211476821660255965e+01
7.516300369813105897e-01 1.173999972148452109e+01
1.668893496100777973e+00 1.269918328804999419e+01
1.397846551678965321e+00 1.154625145895149174e+01
1.385298516072410280e+00 1.150238613339445948e+01
1.652978780301513240e+00 1.196473205184231325e+01
4.263382821959763591e-01 1.207485479906426562e+01
9.295745992470445529e-01 1.151326813550822514e+01
1.801679126762410155e+00 1.328304398346563531e+01
1.802573814159562637e+00 1.245306261864784680e+01
6.122398820981439505e-01 1.228866269199503058e+01
1.467458774185849357e+00 1.210387328554832109e+01
4.240986527235478531e-01 1.253991871767297894e+01
1.194229775270864602e+00 1.255445756329229567e+01
1.267424635732780080e+00 1.279298551774244608e+01
1.324161644802198667e+00 1.220703865583726433e+01
1.866196715852030730e+00 1.169998850290994241e+01
1.862343115221786638e+00 1.281937560158646860e+01
9.706487253281167460e-01 1.222544849796567767e+01
1.697403309382587544e+00 1.268810642741136796e+01
7.767651649747839837e-01 1.215553864059796041e+01
4.011406163414129589e-01 1.274037638564571040e+01
1.246604712856538288e+00 1.179138945731302002e+01
1.897215117013462571e+00 1.325912721569158137e+01
2.069512959727397572e+00 1.331749724114945010e+01
4.131645566664278180e-01 1.306389168249576294e+01
1.116285024780789836e+00 1.267256863158775104e+01
1.335580877728342442e+00 1.277627409421534743e+01
1.434638701923758308e+00 1.188822967571335809e+01
1.702103735253514438e+00 1.186303320351499302e+01
1.432962065648703209e+00 1.177542260669176777e+01
1.341160935090016437e+00 1.178507985053847129e+01
1.834124588514097987e+00 1.289024793672566815e+01
2.296385382435373934e+00 1.198607976074414516e+01
2.255754557808804961e+00 1.207651592501849791e+01
7.445685864325234382e-01 1.239929583522635070e+01
8.351183875002126111e-01 1.238166621878492180e+01
6.382486672029188401e-01 1.188115405143837222e+01
3.085875166884110010e-01 1.315444606958842400e+01
1.995582986201302811e+00 1.258329825022167725e+01
1.395669956756997898e+00 1.215444347860039187e+01
7.550971011575166036e-01 1.251347813541033815e+01
4.522962526415706397e-01 1.293373216579818319e+01
1.194259185138672352e+00 1.229754859925496469e+01
7.646906155144103101e-01 1.244561247615354205e+01
2.009547029643838467e+00 1.265421130634571867e+01
1.469700883982298256e+00 1.143653485702579786e+01
8.907154206186369549e-01 1.201970801218860707e+01
5.720260774147720717e-01 1.230396409329819640e+01
1.218309285275762655e+00 1.275941616202962337e+01
8.736524445917025483e-01 1.176335812612887288e+01
9.300800571233679426e-01 1.199410816133693736e+01
1.628425899239195562e+00 1.206561085346335815e+01
8.095450257116570958e-01 1.166016099604176048e+01
6.900504105344152928e-01 1.239644794214045476e+01
4.579109449209906590e-01 1.247996058280634379e+01
1.857680142328739015e+00 1.196714863520194605e+01
8.679047886928062949e-01 1.206431868425948828e+01
9.678780115711675958e-01 1.220012267024634234e+01
2.064035114673036908e+00 1.111078291365000226e+01
6.994037952659295510e-01 1.267513773112439956e+01
1.084826360224039332e+00 1.233745843502201112e+01
9.779256661945682216e-01 1.167397431915066264e+01
1.544696003635427806e+00 1.162576105022841055e+01
7.060881441108127765e-01 1.201880748788201458e+01
1.362534614203336325e+00 1.205158447609228567e+01
2.068312573083314287e+00 1.089749891928453529e+01
1.257741054322654151e+00 1.215505039920692987e+01
2.018957363855198750e+00 1.230748626038480253e+01
5.271111353053709037e-01 1.254676920214617830e+01
1.760102397403533914e+00 1.205239092123337308e+01
1.573501847819505750e+00 1.292493162828713871e+01
1.246948170176206849e+00 1.200461061857381750e+01
1.578012547699899182e+00 1.222542778217011872e+01
7.365703989650768113e-01 1.171480562331137421e+01
2.247807185336852864e+00 1.132013856392420870e+01
1.180022847514503592e+00 1.201153309055457363e+01
1.964880711319684670e+00 1.224624068815472455e+01
2.113157904323584191e+00 1.200795522445915076e+01
7.807109659646701560e-01 1.195300150965502972e+01
3.192204980818768023e-01 1.314024387816659001e+01
1.254270179077560998e+00 1.202298592026524204e+01
4.854487776881296623e-01 1.213532792608993205e+01
4.329002343852580981e-01 1.232225386518894084e+01
1.812900789353369957e+00 1.181152621397620095e+01
5.661084008946600798e-01 1.236454434175871597e+01
2.160444601646515750e+00 1.085710898169665661e+01
1.252082437093697598e+00 1.220448971357552814e+01
4.547701813263549386e-01 1.278034987366861941e+01
1.234032092233948719e+00 1.257325915150540574e+01
1.690311535504816387e+00 1.265330035262840092e+01
1.141550575988085514e+00 1.278383857902201903e+01
4.073065735094366646e-01 1.300153061320160752e+01
8.263454275679642524e-01 1.211616867482641702e+01
1.798992796878677414e+00 1.307321054479888467e+01
6.498306971257618025e-01 1.181596996515823150e+01
1.606996816254410598e+00 1.248165417616667838e+01
1.299793381779097867e+00 1.215980500215496107e+01
1.474004629147978473e+00 1.263338670393442342e+01
1.530344440700857067e+00 1.275186002196094570e+01
2.224349470366357995e+00 1.297579770039609670e+01
1.365801495899372719e+00 1.251019342577800586e+01
3.444765741646567125e-01 1.323369555397257358e+01
6.006066091441408794e-01 1.281623568618020492e+01
4.435632522848924619e-01 1.257486710027443522e+01
7.457366504841757004e-01 1.202740145016199236e+01
1.670686681432407727e+00 1.203351047892452996e+01
1.673778229715218391e+00 1.150988102334394547e+01
1.904900355762065400e+00 1.121205428456106468e+01
2.012365520126898399e+00 1.214014117830835993e+01
8.039565028973228999e-01 1.189641674672303573e+01
9.387450859073522835e-01 1.193983955483031956e+01
6.244211377103959792e-01 1.223088980477969656e+01
9.603973242120441567e-01 1.244378849175372004e+01
5.224159255831263282e-01 1.263296143913801295e+01
2.056710844087915824e+00 1.303400691516922549e+01
2.116876829852290864e+00 1.208162515664366055e+01
1.652841458576602029e+00 1.197068233833997297e+01
1.253387241296072707e+00 1.209827481455186415e+01
5.943719451845577151e-01 1.210334001616742405e+01
1.842665027714810222e+00 1.230835107259998118e+01
6.844974772438656707e-01 1.206307381182430838e+01
1.006353219010495126e+00 1.240995200142825006e+01
8.285583853128586362e-01 1.258405685335989332e+01
1.684331251072144431e+00 1.234124065552075677e+01
1.671647637470561554e+00 1.289233381069891138e+01
9.031305252661279148e-01 1.183494792817902130e+01
3.498835150730331134e-01 1.297540958561983260e+01
1.959452677691916112e+00 1.184157618475598994e+01
1.641632359819761300e+00 1.192883368643039610e+01
1.616130983853864445e+00 1.242768896866794748e+01
1.628299246176701631e+00 1.242599749787337871e+01
4.797981061070855646e-01 1.255515580451232438e+01
1.815615976471060655e+00 1.178700923024649505e+01
7.520641369400290488e-01 1.175003711870302858e+01
1.150044870515141371e+00 1.241076159845079907e+01
1.007189003403945904e+00 1.230565839371731585e+01
1.760827104909543861e+00 1.256552695093175664e+01
1.245231785972371608e+00 1.271456583885404257e+01
1.569220855359409139e+00 1.159988341564027614e+01
1.109668674432656488e+00 1.258404723534668790e+01
3.659564155639499772e-01 1.308045113844448970e+01
8.490780620546876101e-01 1.216140407729912098e+01
5.533410423630240604e-01 1.213384583268026873e+01
1.103901480458858719e+00 1.269163000556709875e+01
8.190724858873913439e-01 1.227719585743854225e+01
2.229158157267583817e+00 1.286295898997054721e+01
7.002122421785408335e-01 1.223676058670240252e+01
5.249617537096841202e-01 1.267878479462570596e+01
1.890050734971000068e+00 1.192729745389875440e+01
1.560782393541905844e+00 1.230203593533131823e+01
6.433597557977445147e-01 1.170905235653828846e+01
1.274366944567873361e+00 1.235246840878884456e+01
2.186977830736396289e+00 1.308528914775356000e+01
1.349661837239678031e+00 1.186930386520950798e+01
2.094553968001158228e+00 1.242549086090472521e+01
4.259169618919876332e-01 1.299292390653291562e+01
1.560968735665267726e+00 1.244256975169960100e+01
1.627999373925661741e+00 1.270346500672845380e+01
1.502456509713313570e+00 1.247950653176027735e+01
1.686555073037730779e+00 1.249350242402778477e+01
1.841797997527044206e+00 1.289591273408063543e+01
5.015861891448839538e-01 1.195961247919805359e+01
1.826222450815240261e+00 1.133689910637550469e+01
7.055396439189239866e-01 1.221834686655076219e+01
2.000102769420091242e+00 1.273493050634962209e+01
5.763185678223651243e-01 1.210379183286311644e+01
6.095080093689371203e-01 1.226969777139298579e+01
1.089084277841146919e+00 1.263824782982024075e+01
9.962063380117983646e-01 1.266122909734133550e+01
7.353294285137603747e-01 1.241405879713560623e+01
5.058733287204186801e-01 1.285842864951816900e+01
1.766694849523245292e+00 1.240688436786307491e+01
6.110252705424978892e-01 1.246555910715823678e+01
1.485333735861915416e+00 1.268370087873890739e+01
2.193727482813164542e+00 1.250632513961514647e+01
6.736434071343367913e-01 1.253654328717383315e+01
6.453660741514242183e-01 1.190383805481667245e+01
1.169528182511822889e+00 1.192712139866176990e+01
6.251820283754232488e-01 1.179886510021569990e+01
2.049623429722486900e+00 1.238135318586870071e+01
6.246093033397176475e-01 1.217331489561407665e+01
1.608001970587674245e+00 1.193876495154090200e+01
1.357912659319037596e+00 1.121051918219236043e+01
8.267516394297342863e-01 1.193896683075057297e+01
1.842848931585935990e+00 1.256684300092421758e+01
3.838782908264175564e-01 1.272224213956277517e+01
1.640955597845275449e+00 1.295071617472533987e+01
1.456971807230048599e+00 1.256325910819187541e+01
1.863381249559270314e+00 1.253531892908168111e+01
9.444356594300955532e-01 1.219488330827733336e+01
3.577938355407372373e-01 1.259473553741249496e+01
1.681142885151978961e+00 1.131473379941415125e+01
1.035787905907323170e+00 1.244828659896651502e+01
1.321875785927809854e+00 1.257072913122533286e+01
1.509496604687396992e+00 1.259175428232292937e+01
3.915710161228133090e-01 1.256379403941624773e+01
1.326292956200234130e+00 1.245736236660114749e+01
1.839813767760251961e+00 1.285062672000016981e+01
1.302708499393915753e+00 1.181367856885667500e+01
1.081292368570159868e+00 1.262674199808530062e+01
7.097762976004432511e-01 1.220934898392202506e+01
2.136539593351498567e+00 1.290984541781287476e+01
5.202732829354669297e-01 1.254609139553764052e+01
1.529277696783722051e+00 1.192304168525487462e+01
4.233177473802234303e-01 1.280219458860805304e+01
1.048511985637615052e+00 1.219407354560039991e+01
1.997935384135199888e+00 1.160812319753327237e+01
9.186022089883089103e-01 1.250756691795086795e+01
4.937058151965276753e-01 1.280816742185771062e+01
5.905289029530834677e-01 1.269598110490081844e+01
5.687853739721862034e-01 1.281572267522611241e+01
1.028706964948307379e+00 1.215930274675364586e+01
8.567148200435388272e-01 1.244732630584601552e+01
2.117196360307985969e+00 1.311180244568276443e+01
1.881572452970181830e+00 1.291941666433737801e+01
1.323353856093091974e+00 1.168628916479109847e+01
1.771120366667148227e+00 1.179268273649950949e+01
2.005543656719362300e+00 1.277111168571517830e+01
1.669081214760827603e+00 1.279117586024849906e+01
1.025348406454159145e+00 1.263358681890570345e+01
6.283764499493528222e-01 1.259496229451452898e+01
2.117222344091626240e+00 1.178144612850005046e+01
4.438223300551989436e-01 1.262873867720327503e+01
7.828911068821026165e-01 1.222029378901585694e+01
7.630340936247385075e-01 1.254197800345027503e+01
1.629532231316059177e+00 1.265172154083285427e+01
4.238513451871894211e-01 1.236253984140519258e+01
1.213270343982912891e+00 1.188118564994885062e+01
1.372964340925154625e+00 1.208240682632120055e+01
1.781529879338709321e+00 1.199567146163165887e+01
4.960310797998437882e-01 1.230667914145419672e+01
4.865863590404216898e-01 1.234374184403286101e+01
1.656309939168329137e+00 1.177735534583758970e+01
6.150248953919806860e-01 1.254286722764100936e+01
1.889189957667183339e+00 1.240951593185026880e+01
1.626503466553146815e+00 1.227712643340829146e+01
1.054532692635647750e+00 1.195334493273314358e+01
1.677704148962403385e+00 1.165010322457515635e+01
3.547250519565918192e-01 1.303577981026123567e+01
7.861895840846949701e-01 1.224711097141681648e+01
1.010000468510926064e+00 1.177165893683275755e+01
1.807394298458576687e+00 1.192988699262089014e+01
1.968822773507102220e+00 1.188264081595925603e+01
8.048725610990894452e-01 1.193317150681461847e+01
1.935965674006895343e+00 1.222495308398961988e+01
9.848001456435738765e-01 1.205184710379607971e+01
8.197370953499850676e-01 1.184017615809155011e+01
1.558066210638331839e+00 1.104317138861448910e+01
4.475361203579706904e-01 1.293050796177942097e+01
7.868736934114013426e-01 1.274201119814439664e+01
1.383619497578157054e+00 1.235596570411887107e+01
1.571906945150642887e+00 1.278688470748440409e+01
1.935439215041680372e+00 1.123456326442757813e+01
1.737621824090944234e+00 1.245576842865990663e+01
2.063418836879638008e+00 1.248164166860831692e+01
1.998367727625105950e+00 1.179885431543787000e+01
5.383116580214223346e-01 1.224115266219538434e+01
6.503126957642808570e-01 1.255088468573802452e+01
8.922113716898593117e-01 1.229032386088395690e+01
5.932991208490334678e-01 1.213176841592526323e+01
1.163900866399441236e+00 1.205785476030124670e+01
1.830962428639003381e+00 1.100930918015975912e+01
5.572296958370031028e-01 1.278465700929870330e+01
2.028611045953169434e+00 1.223425439437600026e+01
3.612890651561533328e-01 1.280655452598447219e+01
3.324055698626895983e-01 1.315076888209309836e+01
1.524298351603508239e+00 1.242741852106658307e+01
5.386147248957049438e-01 1.244898681573744348e+01
1.168726627053681355e+00 1.219117258228041401e+01
1.147772888148570480e+00 1.253106919925475893e+01
1.943966690936085095e+00 1.143494702483534553e+01
1.339774784905791716e+00 1.231566263851371801e+01
2.181776176391212463e+00 1.192667898008195948e+01
3.473428954817944780e-01 1.279435451137371516e+01
1.721377771074293683e+00 1.202934659678600227e+01
4.906111309120202990e-01 1.267592803327657514e+01
9.681872712639506551e-01 1.236953519525109968e+01
7.633433769342281572e-01 1.174603071557555900e+01
1.983065148180896520e+00 1.256463564357657958e+01
1.771601908661150748e+00 1.308200832257975321e+01
1.132285732129747924e+00 1.201258743118509820e+01
2.101831026970054417e+00 1.266369202946439465e+01
6.127481573182811392e-01 1.258523586204540479e+01
2.051133055284898532e+00 1.263959476873064602e+01
1.020804161771478702e+00 1.207571230714247967e+01
6.624742483464099996e-01 1.202697521926109481e+01
1.737504483402167121e+00 1.167419764927814008e+01
6.433576237068225900e-01 1.186054198338795729e+01
9.896283573047633952e-01 1.191141194548865556e+01
7.980751005243315044e-01 1.219161647877263199e+01
1.460330016202141978e+00 1.122762538067140703e+01
1.427219390721827796e+00 1.175539382356785190e+01
1.295398095388708759e+00 1.252414536370471332e+01
1.996389171403966767e+00 1.230847280049090742e+01
1.925416547921243060e+00 1.237471430070739231e+01
5.235283581190287583e-01 1.226607785715582288e+01
1.960927842152473621e+00 1.191453791810195462e+01
1.428112032938864129e+00 1.247067113043903142e+01
1.323522959209282979e+00 1.241087351744997846e+01
1.703220335950092146e+00 1.217423927966184927e+01
6.390119937515065240e-01 1.238950743925800246e+01
1.858543380820023128e+00 1.198783734313647997e+01
2.141825986923802105e+00 1.168785859232603386e+01
1.416408182521755821e+00 1.266841036179166480e+01
2.020268752335625084e+00 1.278518421051998821e+01
1.000768311115943332e+00 1.196114227901231253e+01
4.229117502204344792e-01 1.283072834827499165e+01
1.991780528296926756e+00 1.248016145841194735e+01
1.457653786426533538e+00 1.235531337983841738e+01
4.752909882068139802e-01 1.227936793894073197e+01
6.441906171945374071e-01 1.188184328781188448e+01
8.309470401985574739e-01 1.241542334381519375e+01
4.748930130802871408e-01 1.221389518180963840e+01
7.174025306054132578e-01 1.243516689276710352e+01
2.174561647568989287e+00 1.205238041366670210e+01
2.065149624885802115e+00 1.207484607557188738e+01
5.925485695034891087e-01 1.261085084820677515e+01
4.379829722373460577e-01 1.237087873490349210e+01
5.688229574243484077e-01 1.175988965051276303e+01
5.438044455485485651e-01 1.243680477077993807e+01
7.139676879011346289e-01 1.219993152195485742e+01
1.744654535858600308e+00 1.242247887406833229e+01
6.162848190480569865e-01 1.200388383869159092e+01
2.120057705202960108e+00 1.232068971820619119e+01
8.549066191639319578e-01 1.219878551784016629e+01
2.146366368707680383e+00 1.341430343670210767e+01
1.082181649156637171e+00 1.191759430448295731e+01
1.262142299801866985e+00 1.268943575557252856e+01
1.796151015118077954e+00 1.296851718900657069e+01
6.442399721077237684e-01 1.209470819895485683e+01
3.248224917490482033e-01 1.319762419943056564e+01
3.446949907373215161e-01 1.337376063367746326e+01
8.045156762316605370e-01 1.214055454855468597e+01
1.969045302176036571e+00 1.148273638230941707e+01
1.730382341404077984e+00 1.177289867966301706e+01
1.583208267586544649e+00 1.271827716072174042e+01
2.093654341942772668e+00 1.248390838211380149e+01
7.695080036261514600e-01 1.132470456058474184e+01
6.934071530450014453e-01 1.139228469013449185e+01
1.375058625201392104e+00 1.173394623418333538e+01
7.788561952738387584e-01 1.228476325758578547e+01
6.767018935298659832e-01 1.245822249100374002e+01
1.500165029936957550e+00 1.196889111080397861e+01
1.934095375980771081e+00 1.197884189553976597e+01
8.354016865031022032e-01 1.233519591291675965e+01
1.816210559223701448e+00 1.219865670442109540e+01
1.028598101670128662e+00 1.229814530630512337e+01
1.172838136261267206e+00 1.247008671650741007e+01
6.907228137965664150e-01 1.266607266057846637e+01
1.650215384401226615e+00 1.216141448713893958e+01
1.394791994877651486e+00 1.226176764965242683e+01
9.707177170282470513e-01 1.242010767043397834e+01
2.861929281263577707e-01 1.345592152479301618e+01
5.901795427104846725e-01 1.235997040982178241e+01
1.934564492288142867e+00 1.211361748645678915e+01
4.760727296880738479e-01 1.273913491286410782e+01
1.517672125945314754e+00 1.279375227810755078e+01
6.212724881112057229e-01 1.279826980656286928e+01
9.254640814829646622e-01 1.218158266633332687e+01
6.602196518346750143e-01 1.197855111826063279e+01
3.181107601777443672e-01 1.316562998251023942e+01
4.546941413117649433e-01 1.271459905416638669e+01
5.777439474824944687e-01 1.220686066069245967e+01
5.829822190804401227e-01 1.253277470029276408e+01
6.134416560537351293e-01 1.270083986374575247e+01
1.688053196984669047e+00 1.241010464642653410e+01
9.664582046676108984e-01 1.231749390579710912e+01
6.633168727946512355e-01 1.207206819925741925e+01
1.578568696747135292e+00 1.233162752414503593e+01
1.289383363758972001e+00 1.164940348612649856e+01
6.395855811445817496e-01 1.238453952343549069e+01
4.191010909770339077e-01 1.292469067335336952e+01
1.982995597447412273e+00 1.187241451552162097e+01
3.694409728074679045e-01 1.257137631612289219e+01
1.439893243842259141e+00 1.193384807770511635e+01
3.490798764836994250e-01 1.282816345158505023e+01
3.781713534215963568e-01 1.292914551778440213e+01
1.678521135442777368e+00 1.305893942382415673e+01
8.118640361535788275e-01 1.186170414107145099e+01
2.046362567049719416e+00 1.188614913853994182e+01
6.795192090038322252e-01 1.175677813902773394e+01
3.341429917253363469e-01 1.277988434830765030e+01
3.495722093548626064e-01 1.283732049881383119e+01
3.646646997238877086e-01 1.292222061893657781e+01
4.771013162461948953e-01 1.231246296155516085e+01
1.350760656420567418e+00 1.257379727433363215e+01
7.801606888550360885e-01 1.208754043527127209e+01
3.756273386584941254e-01 1.280856134223896348e+01
1.311768451216643872e+00 1.269526003911667189e+01
1.016257167589093013e+00 1.229376090858542092e+01
1.209008115088538782e+00 1.245779455767956811e+01
1.634947178298445936e+00 1.209776841931421387e+01
6.144240028092281536e-01 1.210110379093614874e+01
4.463104868559346072e-01 1.209970570042500526e+01
7.407539959640745408e-01 1.231935716110654688e+01
4.386735487503535258e-01 1.255227638029589521e+01
4.905726449024496727e-01 1.285622192928733121e+01
6.640719208280473351e-01 1.219978771091681935e+01
2.244698363495601257e+00 1.279315490618057360e+01
5.846588240565419037e-01 1.268092920019195624e+01
8.019542764912280797e-01 1.260002032697673258e+01
2.088294173330215386e+00 1.335050002387447066e+01
5.111282188525978487e-01 1.200504616260719892e+01
1.051201551798182976e+00 1.244910110173634088e+01
5.878672223168009969e-01 1.262210912129193829e+01
1.735731850160948220e+00 1.230649243799952863e+01
1.502241294258079618e+00 1.235926443764586224e+01
7.284071384937790272e-01 1.175901701666226629e+01
1.880094704263497229e+00 1.199447575986779846e+01
9.977919584650049023e-01 1.251849845639609526e+01
1.335514868496977980e+00 1.260631594477465178e+01
4.982636387333352901e-01 1.268618068511802655e+01
2.949823850438144657e-01 1.322737356014878429e+01
1.052014987560036197e+00 1.195261368746312769e+01
2.135901045768189288e+00 1.242615549570793299e+01
8.658780258569442889e-01 1.195788005416968325e+01
8.497256649774022064e-01 1.139434243041993433e+01
2.131627811599021705e+00 1.212085741434447250e+01
1.030811139475300120e+00 1.247092683479912978e+01
1.533272062471587427e+00 1.201364327621352146e+01
3.957659677481158988e-01 1.283915457603499810e+01
1.531121714128304667e+00 1.259618721963105337e+01
2.076252918701026573e+00 1.305494381465692122e+01
8.878564682622251958e-01 1.154654001137625663e+01
1.830243696858192326e+00 1.305755657634673383e+01
6.510328830655320864e-01 1.189734523583548764e+01
8.473324605543030019e-01 1.210398828728705212e+01
1.720215649542557124e+00 1.241285752420159483e+01
3.663522542685863637e-01 1.299392542679657758e+01
4.088388637620211652e-01 1.230922748406008616e+01
1.363100933592951813e+00 1.208587250353779119e+01
3.497181711343718691e-01 1.241961098014768439e+01
7.237529841446828094e-01 1.225059815322638457e+01
1.636393405920734123e+00 1.288002553019614638e+01
6.971063068205579638e-01 1.236222218181881871e+01
7.590533968919683794e-01 1.258523150654115064e+01
1.544371164833769017e+00 1.258658315934827598e+01
1.161215007262491827e+00 1.144167806942375876e+01
1.940497919739829547e+00 1.275374691985608067e+01
1.802035456054672524e+00 1.248796402098137470e+01
1.623634835213205729e+00 1.230686472951710719e+01
1.217464198429778488e+00 1.265294520180627558e+01
4.922595076076198839e-01 1.297136151437902285e+01
4.749609924390664206e-01 1.270488224966679525e+01
4.485580992754479857e-01 1.278607567709099690e+01
1.045832735842533445e+00 1.200465811965543317e+01
1.125347608534692956e+00 1.256546563143459672e+01
4.407800133468089965e-01 1.308996791842709939e+01
4.255308352094732682e-01 1.214337764890377613e+01
1.149271975567867532e+00 1.243502659658259191e+01
9.847442948042877120e-01 1.222427810259594594e+01
3.503672892358700164e-01 1.325187358726888931e+01
2.100696238999927079e+00 1.252721952383456916e+01
2.146479540635576555e+00 1.170706569695613197e+01
2.110447734181095658e+00 1.179684506380293740e+01
3.032075357868216359e-01 1.341686939931161149e+01
1.219043559362404716e+00 1.250228294538976392e+01
1.072248308122815352e+00 1.242923490635979888e+01
6.175294355571572247e-01 1.188117931301954400e+01
1.805194006990122002e+00 1.160231187081026860e+01
2.088861086561300873e+00 1.204729307781390624e+01
3.449075970971509086e-01 1.315297565624544340e+01
7.703903957058387819e-01 1.194859065257342579e+01
1.449478784125832531e+00 1.195964806801942615e+01
1.716687182801357459e+00 1.314100734149956651e+01
1.909867005564257703e+00 1.178906880744682795e+01
4.426144585185431413e-01 1.278873524201540590e+01
4.768391144218576683e-01 1.237177240386510313e+01
6.970270041075427025e-01 1.198190358718108861e+01
1.598039340205156700e+00 1.191681663631298349e+01
4.171005881105881441e-01 1.269827614070377386e+01
1.827952315202667544e+00 1.306789282346165493e+01
4.473809954976200043e-01 1.248878506562694035e+01
6.038680204042065069e-01 1.213263123141067545e+01
1.351900463358759685e+00 1.226133218202229536e+01
4.943780116452923257e-01 1.221189747982549179e+01
3.906417407127202868e-01 1.291467835135588871e+01
4.176941877401786907e-01 1.252690070791596000e+01
1.872965786861676474e+00 1.197232307272649088e+01
5.032609249414312647e-01 1.191828084984148362e+01
1.926610321938502235e+00 1.222252058914183159e+01
2.001234691473721128e+00 1.238818841095776335e+01
1.681131645888423121e+00 1.282773141984652199e+01
1.172050239222952595e+00 1.258354544821568943e+01
1.977815913240391188e+00 1.155646500253229902e+01
4.532070963865155178e-01 1.257179508042574589e+01
5.114799320357993340e-01 1.225850654720270327e+01
1.884201516655745978e+00 1.092021789216245331e+01
1.603251607249958077e+00 1.256505819467528440e+01
6.294084023266629524e-01 1.281114488659115302e+01
5.791951702835667071e-01 1.264634444139181468e+01
4.569423745509215706e-01 1.199962889534679178e+01
1.016475384809314653e+00 1.157766112197539954e+01
2.033457690052748124e+00 1.242727241307206931e+01
2.001633254646071336e+00 1.149049752370273225e+01
5.144852628429644747e-01 1.193117950767985924e+01
1.124553109694389486e+00 1.175210042454692605e+01
1.368511135781164789e+00 1.178318113370765019e+01
1.669975478913475753e+00 1.288172718739531497e+01
7.281894246854636599e-01 1.227414262637472397e+01
1.428279092022954444e+00 1.234121363348290501e+01
4.029073572566888028e-01 1.272907856279991101e+01
1.565809490831604478e+00 1.301304853285508401e+01
1.258298570323354237e+00 1.241938564373092646e+01
1.854842154978979973e+00 1.267962635843283259e+01
6.145247944029597065e-01 1.231759198675478295e+01
1.155846063138152635e+00 1.192101084455358517e+01
2.004703951845804077e+00 1.198874840303647815e+01
1.789727593891921487e+00 1.274453913754396339e+01
5.668966173549059295e-01 1.272129522454113193e+01
2.153824364930337243e+00 1.312317270730078711e+01
1.621490285437148904e+00 1.219769631537854515e+01
5.227477204835371261e-01 1.242820012255382345e+01
5.131703660784904253e-01 1.237984066446464482e+01
4.475528012803421385e-01 1.258552880347591163e+01
1.198808875269772534e+00 1.206598661384468052e+01
7.875581891549816582e-01 1.237031646504989979e+01
2.157111156263181950e+00 1.147535930915615054e+01
7.373816002346184062e-01 1.266417124563179364e+01
6.470108853086302680e-01 1.245679231314820967e+01
2.023969131692433088e+00 1.298057678784318547e+01
7.271056254120124018e-01 1.233298827462634151e+01
4.188718879673799522e-01 1.232776426876021780e+01
1.966949429196520827e+00 1.206608873335763121e+01
2.036995398316154393e+00 1.199488410114767767e+01
1.038411235316149206e+00 1.206651174544959737e+01
3.950096269572131447e-01 1.317503436021571694e+01
1.923297692252954105e+00 1.294969737968412993e+01
1.797682416535864691e+00 1.160913893173821521e+01
1.030023630363305909e+00 1.256127289856290830e+01
7.278131254595805455e-01 1.197060770145268727e+01
4.720122212026883757e-01 1.227120365658473844e+01
8.125331691152904989e-01 1.236645435736367560e+01
3.847595414932779012e-01 1.317997046782161874e+01
5.076004615700362432e-01 1.258175974534905706e+01
1.023953572314193705e+00 1.249396025782579756e+01
1.322721264542883857e+00 1.181844427410265652e+01
6.595613901227657117e-01 1.271397884217596896e+01
3.966961407539697504e-01 1.259908916229520415e+01
3.041557019091004066e-01 1.350558913735875421e+01
1.150530055034417076e+00 1.240246392377340179e+01
1.379009551407041290e+00 1.236293915283298972e+01
1.786108978194647090e+00 1.176124553424107333e+01
9.230916139759086647e-01 1.220508868432225746e+01
1.705567509076126420e+00 1.179609623947821007e+01
7.199405022215206174e-01 1.178778824596982666e+01
3.531502735891121070e-01 1.328956231582542813e+01
1.741957713359324034e+00 1.265305709424442071e+01
3.545260560563294749e-01 1.314424810457027704e+01
1.532557329328743334e+00 1.245288944654913799e+01
1.422629968229184527e+00 1.203493816264355765e+01
1.309918083342770379e+00 1.183318713687845047e+01
6.321679202129094621e-01 1.250885321010489193e+01
1.173013181120022397e+00 1.263762360807891660e+01
2.162607650795080438e+00 1.244494563714895641e+01
1.813125783880866537e+00 1.269871290365769489e+01
7.305786061916504925e-01 1.230298307874584651e+01
1.599825126008017850e+00 1.243984570637022991e+01
8.214370599516654936e-01 1.235807570363496488e+01
1.242569730208129108e+00 1.270231061576599174e+01
3.902491450011579821e-01 1.309028448780355980e+01
1.623138649714983339e+00 1.209919794349175426e+01
8.452444217293426654e-01 1.228914983012820805e+01
2.113201548922633677e+00 1.077449671878192383e+01
7.450759671969130471e-01 1.242097435272171246e+01
1.921582829526676806e+00 1.203283501365462271e+01
1.684277564063078714e+00 1.287818670426202416e+01
7.845663426245124139e-01 1.235617943865437773e+01
1.794902172152373687e+00 1.295697628423962122e+01
4.592831415190000155e-01 1.218094417862487511e+01
1.991811971822147864e+00 1.253177716744481884e+01
1.718751308878941675e+00 1.234979829948642838e+01
1.030901035362216334e+00 1.252585230735888722e+01
8.790185563407435509e-01 1.260626871320821074e+01
1.890193539409006362e+00 1.188360874550431667e+01
3.402088981866765449e-01 1.330575922714621129e+01
7.278425879455669989e-01 1.170193650048176437e+01
7.139621002286159479e-01 1.258400640671140103e+01
2.127132689637423635e+00 1.183478462555808797e+01
6.409057390847151536e-01 1.216668043574531843e+01
2.151904677883338390e+00 1.238063484494231581e+01
1.316955362780330763e+00 1.189905026941300825e+01
1.839845460559753398e+00 1.222521180619668613e+01
2.042745437343268300e+00 1.214806992466351332e+01
1.915958462846789390e+00 1.255889068967445255e+01
6.629071391729919327e-01 1.235341985260041930e+01
1.928657636179801349e+00 1.201060710120209940e+01
2.030327117399074233e+00 1.259170562174229957e+01
1.524114882250072522e+00 1.272360365303645402e+01
3.539906965318571630e-01 1.315796674140828415e+01
1.464056122654783909e+00 1.282198527739296168e+01
1.625153895575092378e+00 1.183647260634908172e+01
6.035884310783308226e-01 1.206017929760420060e+01
3.142648422554052967e-01 1.313758489734006396e+01
1.378158388961300052e+00 1.246475535654718136e+01
9.222438254978339023e-01 1.174771155519851007e+01
4.466587213352108954e-01 1.239505733138899579e+01
2.168676249107187370e+00 1.291228953804345281e+01
8.202973263904901335e-01 1.253728633271251525e+01
1.589886722606979275e+00 1.214436182501022721e+01
1.176622583922990684e+00 1.239405915781375001e+01
1.719179805507056846e+00 1.131489743530210568e+01
1.726824269670384160e+00 1.213705986932685121e+01
1.495273487642033050e+00 1.209920475428671161e+01
2.016627125298048995e+00 1.192777251479630785e+01
1.311571245151651910e+00 1.206149168817410455e+01
1.598504619585682462e+00 1.221740897004177739e+01
4.179326256272208329e-01 1.284912528925223896e+01
8.355672783780323520e-01 1.228945458407632785e+01
1.184574317017124345e+00 1.223349082134765098e+01
3.736167979373061221e-01 1.270922796194923521e+01
1.362222694904054121e+00 1.227506660915633674e+01
1.959471399747431120e+00 1.255308073300992611e+01
1.320362654089980214e+00 1.261218690888972205e+01
1.107751044998400491e+00 1.186867013320293118e+01
5.462831731971021787e-01 1.227498013667265653e+01
2.054683435290970195e+00 1.095883838934092580e+01
1.674658406131888766e+00 1.176940809434786495e+01
1.780430530174284653e+00 1.232481381626486971e+01
6.290742430740901003e-01 1.247133635076239422e+01
1.345765820495519849e+00 1.268126634663119390e+01
1.715586345817534886e+00 1.268799765370747323e+01
1.400058745636641122e+00 1.209282554091159056e+01
1.450344210000161782e+00 1.208170640355155179e+01
4.308330932989925532e-01 1.314959898837345165e+01
2.188818719022737724e+00 1.259932083516667056e+01
2.036228442054781596e+00 1.112790921488911877e+01
1.115581656518891185e+00 1.247750796713375010e+01
7.492141699470127314e-01 1.238266502131675750e+01
1.987724743763546353e+00 1.269245616024363521e+01
9.007691216673723300e-01 1.182306672468832609e+01
1.931586106163683425e+00 1.281091306363837035e+01
6.102873176539389544e-01 1.265794425449311689e+01
1.625017685472936790e+00 1.151400184915936364e+01
1.432276125211548345e+00 1.163372627884128896e+01
1.060532297232138710e+00 1.198938667988537787e+01
2.082936279353865494e+00 1.308019705171580682e+01
1.817077416622197239e+00 1.301941358909273205e+01
8.697491625502387080e-01 1.231192797733610789e+01
9.099902212892254649e-01 1.233254551297430268e+01
1.858161902285421663e+00 1.287065821447249903e+01
7.863358310619197322e-01 1.241882706614352827e+01
1.159413492111090571e+00 1.224396562381863873e+01
1.593862647981389324e+00 1.235508228811066900e+01
6.305919507777228983e-01 1.261951550916698217e+01
1.370577323344824627e+00 1.200194187926793710e+01
1.837237760021074751e+00 1.125396799945140458e+01
1.032016877971502211e+00 1.194084363094272305e+01
1.941421685367699990e+00 1.079638260469397970e+01
1.537241221571461702e+00 1.127577590616974312e+01
7.373362347503005232e-01 1.152020144338960073e+01
1.909707933161675308e+00 1.257440045123590444e+01
6.461609626134275919e-01 1.191966497707945294e+01
2.053392552682918204e+00 1.282367769443665928e+01
1.429653594397231053e+00 1.265250548982330869e+01
1.639106032443032435e+00 1.242901315357818248e+01
1.358366415666659721e+00 1.232544923425445127e+01
2.927102004500863330e-01 1.350429705777722234e+01
1.516476960447589617e+00 1.221974758961933638e+01
2.016032315816400633e+00 1.191747096790184912e+01
1.068566040246878179e+00 1.216952895554295111e+01
1.114257765912730402e+00 1.253830121127499808e+01
1.041354045219301083e+00 1.242876076170839283e+01
3.744310359169739089e-01 1.292841407199310311e+01
6.631031929750137444e-01 1.248995412115679748e+01
1.859666183284504282e+00 1.183325276930948711e+01
3.524831623240180511e-01 1.285100523899843949e+01
1.942615320474779139e+00 1.270059090717972872e+01
1.784527383291515612e+00 1.235433555951894746e+01
1.867579317265063210e+00 1.282685710024895087e+01
6.055567503490933978e-01 1.261080691157435929e+01
1.971108150579587770e+00 1.208681297249327358e+01
7.748654098599084827e-01 1.170751472376467461e+01
1.790680729617272426e+00 1.161177965672138157e+01
1.656520464886407362e+00 1.176786752375751277e+01
2.114585179329707021e+00 1.247307536551444862e+01
1.265466398293752182e+00 1.269829147206952769e+01
1.437994216357132204e+00 1.249036018647175439e+01
4.659818938195992577e-01 1.263958582008639198e+01
1.895722836667514732e+00 1.294836329208298764e+01
1.085517412671537230e+00 1.264474857160118226e+01
1.623710170445864964e+00 1.252554989707046929e+01
4.743263557285230525e-01 1.205790440961461663e+01
7.532613872334457117e-01 1.213799317402494360e+01
1.832424583694788556e+00 1.115202761387738484e+01
1.322425764600976938e+00 1.138699829317061507e+01
8.103602902834641242e-01 1.246559743970474976e+01
4.055856630195039947e-01 1.290934932401999369e+01
1.825463137587625129e+00 1.119741061442917918e+01
5.857757131004293072e-01 1.193289897692958590e+01
1.516362474224309587e+00 1.237803826511433414e+01
8.076905299028132035e-01 1.237850366363684351e+01
1.553805872687705536e+00 1.212800042393935129e+01
1.788075460289859642e+00 1.206598060770188852e+01
4.880509268580163207e-01 1.296237436613796312e+01
1.831444708198256999e+00 1.245714084357245888e+01
6.900389494413660119e-01 1.219055103308411958e+01
7.170138063050771615e-01 1.247642289383111347e+01
1.875466003473734711e+00 1.104269383303920193e+01
1.790371037918631059e+00 1.118292956810177152e+01
1.199106124039348353e+00 1.229375856141154166e+01
1.277912567338204575e+00 1.222205612567577759e+01
4.134864222230281716e-01 1.292771450687820511e+01
1.821977374441713371e+00 1.171048545710425870e+01
1.440170689770267076e+00 1.259500788786422731e+01
7.567596104649905175e-01 1.253972827756427044e+01
2.510532364811760564e-01 1.431447745218342327e+01
9.350337668016504011e-01 1.180439010572155389e+01
1.052542605559832367e+00 1.202077943863603515e+01
1.454715391305894334e+00 1.250949208639220522e+01
1.293891206140112882e+00 1.184585952524111896e+01
1.369547494777912267e+00 1.184911773777125710e+01
2.007670401612110744e+00 1.132682647714860735e+01
4.034265392765053471e-01 1.232197262360981860e+01
1.533325419827045621e+00 1.196577617279653438e+01
8.111520377843594032e-01 1.244141907518229928e+01
6.625134547489006653e-01 1.269933216594674619e+01
8.677962791925094566e-01 1.201391684093690237e+01
1.843036546867910630e+00 1.159587693746153292e+01
2.125657972597867484e+00 1.219538330059102194e+01
1.700024420778921908e+00 1.228026945707817141e+01
1.524994462074959367e+00 1.296415691855192343e+01
7.982699805394964931e-01 1.228396923657722617e+01
3.750152515335939962e-01 1.319569094199190218e+01
1.427646717795876485e+00 1.226057426050105903e+01
1.794357318967489290e+00 1.187068504114347078e+01
5.551268193836401688e-01 1.206527751524609293e+01
1.058475505390006344e+00 1.243014379366698918e+01
2.736370829140788996e-01 1.371820653835214721e+01
1.486109584724399690e+00 1.224329133835740180e+01
1.999000950669142851e+00 1.222164396164257560e+01
1.923480848027550927e+00 1.275470417647629517e+01
5.670419837188040990e-01 1.261078680451553780e+01
7.571468169544333104e-01 1.220620114195984840e+01
1.542544497704678275e+00 1.275507416310824027e+01
1.648629220906826287e+00 1.276485831556673567e+01
1.135960745072623901e+00 1.222864643323591416e+01
1.977177179211357272e+00 1.292969917677215008e+01
1.144476251286627999e+00 1.241665738332144642e+01
8.164639022414948988e-01 1.224769429575756163e+01
8.252568354706733000e-01 1.197813769954940355e+01
9.386718218713191453e-01 1.202560110083853395e+01
1.933486777380039046e+00 1.169852913448436027e+01
6.281763374909929976e-01 1.197012916558220219e+01
4.563567344468151266e-01 1.239473644415866360e+01
2.102979137131988807e+00 1.187410348166753593e+01
1.538517195911531132e+00 1.185864642384261991e+01
1.253976482224265832e+00 1.167248927578422979e+01
4.054694929136166692e-01 1.274371295840781215e+01
1.855598418869360833e+00 1.102474353478526226e+01
4.645327252288324327e-01 1.251695551054481115e+01
1.428641170135046545e+00 1.259678608214331774e+01
1.522993917034006550e+00 1.151608004814968922e+01
5.260324775134425090e-01 1.227306000968454924e+01
5.847459821736978869e-01 1.217441153452593916e+01
1.366598358065695518e+00 1.253860882000040178e+01
1.473499846099346478e+00 1.225836017961610125e+01
1.977071243290164482e+00 1.258309378397457756e+01
3.644988850928572166e-01 1.286675134771618012e+01
1.878041436955932397e+00 1.236271493713770120e+01
1.899151113572385530e+00 1.141314453782038463e+01
7.847595523872401557e-01 1.207591359757036464e+01
1.184786984535430632e+00 1.198744481728777522e+01
2.146621116357100512e+00 1.216491037067205205e+01
2.099060735005185752e+00 1.209007087054391327e+01
1.205680954491568979e+00 1.167857928770149201e+01
5.095629160405139579e-01 1.295704773482395389e+01
1.648995617569273486e+00 1.270883706932471391e+01
1.629640340955531563e+00 1.238373952189828486e+01
3.208595837028334619e-01 1.344688814975608082e+01
1.712096317745711360e+00 1.248040610697850816e+01
2.142642728813628494e+00 1.285219744147228305e+01
8.542284861989186684e-01 1.165264270905104027e+01
3.340898117638999021e-01 1.287100720005784815e+01
8.197676483863510777e-01 1.200709589638337960e+01
7.535732543059449062e-01 1.182457099211273466e+01
6.694658241364092044e-01 1.187031747315042907e+01
1.898348336187394736e+00 1.076287987560475479e+01
2.667518409197880969e-01 1.410748127719997846e+01
1.044869658425125580e+00 1.228520722152354416e+01
1.144566848708612694e+00 1.219926477604697901e+01
4.339552466902633077e-01 1.247155632483481114e+01
2.018783119158044315e+00 1.057491585635291820e+01
7.496281534108154565e-01 1.218289040970841697e+01
1.607805008443177419e+00 1.185226229225991545e+01
8.256464356567760898e-01 1.164252403405570035e+01
1.926045638989624553e+00 1.127569960694344076e+01
7.649223320276749005e-01 1.220766142529572562e+01
4.036492966567363228e-01 1.290537024601323779e+01
1.251419355487097818e+00 1.182589960684431496e+01
9.956917869967437662e-01 1.209385707221302120e+01
1.902698944416449711e+00 1.259996572917580870e+01
1.513653849612294211e+00 1.216682717859713314e+01
4.606400662535716783e-01 1.241098310641035241e+01
1.063352051013570332e+00 1.179127534939791744e+01
1.144509432026857843e+00 1.183209807251819612e+01
8.679807831141955754e-01 1.224568414965430918e+01
1.555388482141674356e+00 1.262014994272744239e+01
1.882862276855346906e+00 1.248161688320400486e+01
1.688721593199118631e+00 1.246216413012381174e+01
1.118855060026415771e+00 1.194298767376000114e+01
1.870296527580800561e+00 1.239629109384696548e+01
1.071284714779470182e+00 1.200833024297990903e+01
1.962038276670591497e+00 1.070524729840907519e+01
1.924549191191162301e+00 1.133381293234539910e+01
1.738554103294606135e+00 1.208466099190484222e+01
1.067856100260792918e+00 1.238463748876569603e+01
6.283266538715311933e-01 1.238188523403483643e+01
7.712699405226437488e-01 1.239024940063340807e+01
2.122668259752241049e+00 1.132723646779007431e+01
2.013388757100450288e+00 1.179114126861883705e+01
9.662922958091475500e-01 1.237465010471279570e+01
1.320028119239035957e+00 1.233372916468348812e+01
1.056287469834839676e+00 1.224615941164376665e+01
1.341770775567525886e+00 1.250356120892984180e+01
1.346075218143091501e+00 1.202760511436257040e+01
8.013452708420020221e-01 1.186256841979714594e+01
5.077037330552641725e-01 1.222874965569666195e+01
1.960079268154233390e+00 1.157437452190933591e+01
5.097323391707727636e-01 1.306638773062222825e+01
8.122191490372610012e-01 1.234646583056102465e+01
2.077676506585254934e+00 1.274536284067682246e+01
1.885821680312190107e+00 1.234906871572564313e+01
2.221876194170230523e+00 1.193390699733930482e+01
3.250579408776754775e-01 1.314599527887162367e+01
1.664887377060434437e+00 1.240355804643045801e+01
1.173383913904865850e+00 1.223338468921471112e+01
2.117640065946893468e+00 1.217729139994523635e+01
6.835645077993528496e-01 1.230855414425353800e+01
1.332741822026863643e+00 1.139632159376200526e+01
1.655574511150185391e+00 1.121265873297991078e+01
6.911468737748447388e-01 1.208392818071035713e+01
1.929166558379218133e+00 1.245677607217255911e+01
1.445989956777602670e+00 1.280319443667170987e+01
9.546899341434925690e-01 1.275085930437843018e+01
1.208506667097980269e+00 1.216172746110256320e+01
5.803343370885628572e-01 1.211950786175802364e+01
9.901241391540562820e-01 1.190269705552231727e+01
4.089612723026359586e-01 1.298982288404864960e+01
1.267607068450205210e+00 1.200096970360064219e+01
9.626691631559058937e-01 1.262281158236183032e+01
1.004255315863305187e+00 1.182563108148476338e+01
8.585398464692415299e-01 1.228706514087419066e+01
1.200252207825158735e+00 1.254008095576850934e+01
2.091783534828835833e+00 1.313592581679103688e+01
1.608587348629614278e+00 1.297224565442307664e+01
5.282373388494757682e-01 1.208088845191493554e+01
1.528354744178636260e+00 1.271629942351676767e+01
2.039431413966992235e+00 1.275245268132864318e+01
6.014146119685163105e-01 1.245978683320766400e+01
1.599765938234249507e+00 1.250695511941933624e+01
1.588867920615371077e+00 1.258642704441612992e+01
1.694122364738802178e+00 1.263158426377692223e+01
7.002575407727914536e-01 1.216473964876099068e+01
1.988127867844452945e+00 1.187297020547630488e+01
7.903355359420327630e-01 1.233424103440975372e+01
1.939246621538154525e+00 1.270306374693375950e+01
1.934616863823773292e+00 1.263277951931935483e+01
2.236368049283211867e+00 1.200341745349241585e+01
6.835392160571036602e-01 1.164577464741171831e+01
1.644120637514260741e+00 1.245301643648972245e+01
8.561208049612633042e-01 1.217654883659955800e+01
1.607330443837754919e+00 1.246166208977869516e+01
4.471127552951736361e-01 1.208358434851521679e+01
6.486642662446628904e-01 1.243697921788193028e+01
4.705622676739544263e-01 1.274471486139297483e+01
6.686966048062709111e-01 1.226831714773321025e+01
4.044395506296850629e-01 1.293894375629319882e+01
1.723405545010817441e+00 1.218341710028586355e+01
1.607999615680357985e+00 1.224211258268860192e+01
1.585933784965578353e+00 1.224082748538863541e+01
4.719692256453345003e-01 1.203339141648400101e+01
3.270852110505389487e-01 1.292856969692818758e+01
6.575889192424970719e-01 1.174773375519076346e+01
1.474060907840500700e+00 1.274880124824614214e+01
5.934457680321000295e-01 1.238535812047315687e+01
2.149755522489745552e+00 1.260987913218710155e+01
1.116914077250466653e+00 1.232280699318686423e+01
8.090488261053843111e-01 1.219747565222113472e+01
1.659651473029137625e+00 1.258603045639175377e+01
6.454301286857496711e-01 1.234525910030488660e+01
5.777677462559681620e-01 1.240743078467206395e+01
4.888587472264282474e-01 1.229687992196037705e+01
1.166775940143439660e+00 1.211832679627936571e+01
1.703125825117409287e+00 1.242152513595172181e+01
1.559495914339922518e+00 1.221829003433917826e+01
8.181542369605905307e-01 1.190695172487841624e+01
1.512651437517205322e+00 1.190221283275385566e+01
2.016462526653282961e+00 1.336445385558854326e+01
5.638334984585942067e-01 1.282054029660104533e+01
3.670143783589853159e-01 1.260290305201224825e+01
1.309950005302239706e+00 1.160355912013798552e+01
8.442239237886749459e-01 1.245879053043108620e+01
2.050043336654761461e+00 1.051681152276901976e+01
1.797535932449922935e+00 1.188224431829412708e+01
1.891645267905063932e+00 1.246024397560378816e+01
5.318980929537574509e-01 1.200160818357819181e+01
1.872273878256067059e+00 1.228484751087776417e+01
1.609731029310117911e+00 1.263261594643524077e+01
1.843200377994318018e+00 1.268551873954098674e+01
4.492206877279523725e-01 1.242640379190358324e+01
1.347303094688088621e+00 1.228738109961094160e+01
1.706224450105655821e+00 1.254671342223812758e+01
9.243342971923719231e-01 1.224861095136063405e+01
1.240056655921683237e+00 1.268810050852659010e+01
1.469143049415536195e+00 1.275273420948381364e+01
1.311582059624442076e+00 1.245513535274250927e+01
2.059453390721137200e+00 1.332158647488536829e+01
7.637117430352114988e-01 1.278169954157422694e+01
1.669295656020849616e+00 1.309142784674861026e+01
1.602114066111296475e+00 1.214804684587047667e+01
4.908106545659867148e-01 1.223738556008702538e+01
6.198477367404542360e-01 1.174734663593793371e+01
6.424537078023826453e-01 1.228028090265091521e+01
2.182734853952167597e+00 1.263073935017011351e+01
1.938804910213800303e+00 1.269049653681478063e+01
7.609147324733563922e-01 1.212816559200002509e+01
1.995008049396920891e+00 1.264052132439769593e+01
2.082842069343809221e+00 1.276546932545169177e+01
1.219889362166840963e+00 1.230176669279688717e+01
1.877547367152418767e+00 1.243804955291743397e+01
7.436342972280421959e-01 1.220639720272973605e+01
9.118250254293265300e-01 1.220697693169004694e+01
1.468130012991898825e+00 1.216816573372807042e+01
5.116789434670876435e-01 1.278938948620415061e+01
1.738947483278168615e+00 1.186891526619351467e+01
1.997642308765133823e+00 1.273119236438991564e+01
1.275783708154033746e+00 1.233173234521093242e+01
1.912911317464891514e+00 1.190501781028007677e+01
1.177598632928006595e+00 1.231916344984899325e+01
3.570312784041076992e-01 1.319132147145765188e+01
1.877881369310183013e+00 1.108160588045310035e+01
1.674055244933597697e+00 1.227859568867431506e+01
1.765590384423767034e+00 1.253754864655774703e+01
1.971712352845960803e+00 1.095815555541292596e+01
1.042439293641672649e+00 1.193624428022390482e+01
8.737387513931426097e-01 1.228414182624628026e+01
2.097007781532995274e+00 1.164243216155068339e+01
1.977960523371023349e+00 1.213104718909159274e+01
1.253666114609510718e+00 1.213072870055385089e+01
7.035750429974970688e-01 1.189456008484601668e+01
9.305021535362858476e-01 1.219010978672837986e+01
1.652482410251330247e+00 1.228673883481113727e+01
1.030480516171637495e+00 1.219428548575508842e+01
2.099932695649409098e+00 1.071459668181493008e+01
1.883411594803749312e+00 1.145814726753191160e+01
1.243339370844212199e+00 1.191147192036338431e+01
3.528391902940560820e-01 1.261277952183764839e+01
4.787200922429923344e-01 1.250638781514627240e+01
7.420952371661267977e-01 1.220437280099779898e+01
5.876750642573494998e-01 1.210645245059883912e+01
1.100301482558224686e+00 1.246996634079197186e+01
9.389303844334960791e-01 1.182398021383403020e+01
1.200365649244232724e+00 1.193250580048369436e+01
2.030890673408033198e+00 1.107247735305923086e+01
5.088271611578991660e-01 1.297225040466899060e+01
9.762228589907041565e-01 1.157656949143198588e+01
1.271185202616689436e+00 1.238068055028316294e+01
1.381549108411764371e+00 1.258978742829004815e+01
1.162802437835819713e+00 1.187886770275439119e+01
1.263123727594714474e+00 1.238482004106035639e+01
1.750027583268249476e+00 1.239852143207788160e+01
1.824593825560612892e+00 1.238654914650005523e+01
6.471122172309663467e-01 1.261726271253182041e+01
1.823109657354850421e+00 1.185856762615883930e+01
1.653880885700686809e+00 1.198306020624349166e+01
4.501097203774150901e-01 1.231121194419400844e+01
1.871525856577920699e+00 1.153985036016607602e+01
1.936369764867984955e+00 1.233134306623022347e+01
4.419858536683336503e-01 1.278198842242185229e+01
3.089141315033856472e-01 1.385738959871740583e+01
1.765172829964359869e+00 1.163402751598734497e+01
1.274004343198127609e+00 1.202932435643944231e+01
2.870076743927108542e-01 1.346413534283076352e+01
2.943177778768381048e-01 1.327765301678788390e+01
1.317729515187314293e+00 1.237371168906464725e+01
6.829175183055045117e-01 1.244067436080251277e+01
1.915538191386727096e+00 1.189127027828222616e+01
2.032893387415172892e+00 1.184255028263174481e+01
1.984475873903392307e+00 1.178099899625913949e+01
1.411129500956177063e+00 1.225720609642731063e+01
3.617288342862226558e-01 1.273730630522740093e+01
2.956076096808275544e-01 1.352628031879116044e+01
3.147788967396855098e-01 1.303523948181600467e+01
1.517903130445401372e+00 1.199457726099011268e+01
1.968891638678474276e+00 1.141277209151673055e+01
7.407869414580829925e-01 1.254367643056282233e+01
1.792582653117314129e+00 1.162810000724759263e+01
2.036045354032814725e+00 1.147331259036563367e+01
9.585665472183404479e-01 1.221121342321294811e+01
6.255676733344538443e-01 1.222959558372626354e+01
6.190950835591920720e-01 1.280519866195889023e+01
1.689708157725138937e+00 1.209691687131762983e+01
1.014270980423346291e+00 1.135137264503339338e+01
2.105052431174111671e+00 1.073068184934091285e+01
3.219765277955379812e-01 1.310785691741528858e+01
5.567487762160202580e-01 1.205972249739470037e+01
3.488117466314801796e-01 1.288923765851444081e+01
8.782524169984756712e-01 1.257841828344905366e+01
1.723288538949961701e+00 1.284661956486154644e+01
2.109925388946190861e+00 1.204726777553629091e+01
1.319118735322364344e+00 1.226646777777975217e+01
1.111616215712623701e+00 1.196946883060790512e+01
1.323743970334114062e+00 1.205955944310594852e+01
7.493862905979151723e-01 1.235321187215593675e+01
1.746748202628732871e+00 1.200641500999458522e+01
1.773808056810036726e+00 1.188156152332320126e+01
1.749768234125547828e+00 1.189456379576500566e+01
1.637389478204262616e+00 1.281629282309524775e+01
1.634941617944606129e+00 1.281547264080715642e+01
8.047398127086400343e-01 1.176650653438587391e+01
8.844996434596131829e-01 1.221469518798529919e+01
6.348439880090912535e-01 1.273118294093834635e+01
2.014868690658977446e+00 1.162503700944509433e+01
1.821658741056924269e+00 1.228453670896862882e+01
6.943375608084682016e-01 1.214094960194196027e+01
1.391313616887386528e+00 1.190078795580740234e+01
1.802903347155206726e+00 1.206203333669967037e+01
7.723689278019701954e-01 1.229986437116599873e+01
2.088095669121222908e+00 1.211638219406912498e+01
4.056016392440209284e-01 1.284697518281096507e+01
1.915268923896152886e+00 1.256245521341730687e+01
5.711362279315299606e-01 1.222027122249873088e+01
8.053622962755315751e-01 1.231786046651705213e+01
9.383960609204214931e-01 1.206563826888437418e+01
1.099934240602833624e+00 1.250611302438073302e+01
4.959372476363602122e-01 1.257059334695379960e+01
6.471523094501904216e-01 1.233791164454392941e+01
1.926529596884740236e+00 1.248589860632760207e+01
1.745284412625900394e+00 1.245502883492318880e+01
5.332006017710334556e-01 1.256251974625788215e+01
1.275844838088771027e+00 1.250157319736934802e+01
1.628009838452570746e+00 1.258846093212207862e+01
1.860661692594241634e+00 1.137509754377923699e+01
1.924990991823011699e+00 1.277646183117923506e+01
1.619736386576879905e+00 1.234225383887265792e+01
2.518566279891545356e-01 1.398611433491041467e+01
1.073076010973282424e+00 1.167236223004113960e+01
7.640291823230871415e-01 1.212978269852473545e+01
6.170964663684744833e-01 1.218821960767534840e+01
1.961074545618214149e+00 1.203565525857936436e+01
5.882635827690855246e-01 1.231796880015040507e+01
1.997444145755244094e+00 1.151203325092683016e+01
1.533299605058035420e+00 1.215464468371316542e+01
1.565774811765582086e+00 1.208389488002167766e+01
6.493072977932257128e-01 1.199447113544039034e+01
1.002606255158974058e+00 1.245868419876790867e+01
1.885355269155076119e+00 1.278226642547755709e+01
1.192173902248845785e+00 1.175949637582755614e+01
3.610827397759099333e-01 1.265244957504789625e+01
2.197937942038624914e+00 1.247174936609684082e+01
1.581584660888050387e+00 1.135279759260425791e+01
1.437245232059734201e+00 1.139014534482173779e+01
1.117710047262847617e+00 1.267071500644278892e+01
1.967751053283379736e+00 1.280930792370485527e+01
4.938268342905494102e-01 1.237204402258205604e+01
3.951020894788753179e-01 1.293521364408313445e+01
5.106860316006510692e-01 1.281372802690816570e+01
9.519315037999110940e-01 1.248882824047438156e+01
2.045270779963003438e+00 1.215617930037420713e+01
1.551418570342038006e+00 1.253769360358456453e+01
1.195869982568270817e+00 1.232670459030864762e+01
2.012469365788663200e+00 1.222007169640853697e+01
2.078450282120551496e+00 1.205981695788661412e+01
1.980897722963805396e+00 1.166961299786400552e+01
1.874509695912946361e+00 1.322025034973659707e+01
7.909708860965455335e-01 1.263789089477249661e+01
1.962688106756841577e+00 1.133135894480642136e+01
4.810935673347909725e-01 1.250377775927392499e+01
1.056605245874469245e+00 1.248797154702766043e+01
6.360353817432068402e-01 1.254075276363369973e+01
1.941211024753841885e+00 1.248546574751176230e+01
1.534827769852932677e+00 1.239871216129406584e+01
6.123391943826826944e-01 1.180270494358769540e+01
7.223968904084927534e-01 1.173910847937000490e+01
1.184725780632685632e+00 1.195587751947783595e+01
1.493561728274432232e+00 1.233219829420256630e+01
6.410723485744288519e-01 1.244538693049329048e+01
1.683616698754571983e+00 1.276650095995639944e+01
8.784842368745577890e-01 1.262848887397653641e+01
1.180707890735617660e+00 1.231107289998909771e+01
1.086920745197911264e+00 1.231892623224541694e+01
3.603109540693185675e-01 1.311238337767279560e+01
3.665475957049578182e-01 1.290956739382940732e+01
1.606725434469543856e+00 1.228641663946805096e+01
1.981478339929242605e+00 1.116216177436223944e+01
6.943618483606349701e-01 1.220783315613243936e+01
1.402689521289603558e+00 1.224628517298824093e+01
3.488998153542048342e-01 1.271920994489290457e+01
4.117928747738921480e-01 1.223059348557319659e+01
1.897552913727292401e+00 1.166656373402019042e+01
2.071094396794380454e+00 1.254259291599398018e+01
2.134523285214744881e+00 1.247421689191756577e+01
1.226729924345929312e+00 1.226515740528834542e+01
1.749467392696341550e+00 1.129269512804575193e+01
5.216925291959961797e-01 1.237973652619119491e+01
1.332751997667519506e+00 1.249434533093188016e+01
7.080014634818723174e-01 1.239058340297843941e+01
3.913522345859287710e-01 1.305491758869578334e+01
1.081150516280902529e+00 1.210468790645415460e+01
6.334457348940510935e-01 1.209349365496829698e+01
4.943190989238753774e-01 1.181544462110788274e+01
1.598293446140211405e+00 1.189865664465165196e+01
1.597977525917514408e+00 1.191547343777109091e+01
1.130702160579658999e+00 1.209259932602417820e+01
1.281300968321913647e+00 1.179979754102873102e+01
1.457575103456809185e+00 1.177109075923195824e+01
8.229966432636826035e-01 1.173057833806811345e+01
6.404841897029304176e-01 1.177935868687073473e+01
1.812363615999328381e+00 1.221210090682448879e+01
1.111868520689710982e+00 1.212618147920795941e+01
5.741154014722521515e-01 1.199067349380223391e+01
3.171561204047300131e-01 1.319103940276723819e+01
6.507614941823526289e-01 1.227536837156348248e+01
1.248698141683730611e+00 1.176406885454009910e+01
1.888718942123252420e+00 1.232955393940953570e+01
6.721296448629909825e-01 1.219515519508758139e+01
2.009857236635250732e+00 1.168633919439802682e+01
1.265051816558786069e+00 1.173275984909246183e+01
7.368000305577130371e-01 1.179137492721631197e+01
9.549724801528148843e-01 1.185747234802860994e+01
1.553826065513440824e+00 1.199869814507584032e+01
8.852001259975148528e-01 1.201887671513631872e+01
6.117889728569011476e-01 1.168773259067565284e+01
1.698697049101169476e+00 1.102965923829122019e+01
4.414460952329334886e-01 1.270763054759422594e+01
1.995081583027701111e+00 1.235902318643419839e+01
1.651701494454999697e+00 1.209066362889657675e+01
1.126705858286534578e+00 1.246195273234689793e+01
8.594468411837880018e-01 1.183102959837212964e+01
9.323780157483406716e-01 1.183545569641339412e+01
4.801924448671170964e-01 1.210850834941243725e+01
3.122674650851356426e-01 1.325462024668517280e+01
1.685714150748790052e+00 1.219163417289419549e+01
4.099589633463293081e-01 1.212151269032466239e+01
6.137324843893463555e-01 1.237522050460131595e+01
1.510764366693930327e+00 1.275332547950440265e+01
1.891629271212692753e+00 1.132394366289113208e+01
6.968766446667280512e-01 1.248645037478624786e+01
6.786188897181162361e-01 1.249597245072527762e+01
4.518409567390961334e-01 1.288478027323063912e+01
9.451436336226454182e-01 1.255375615283393920e+01
7.701664768420311002e-01 1.235065410907907157e+01
7.433311151980573905e-01 1.221836356944629642e+01
4.826350772106791087e-01 1.248344644319447028e+01
5.144856835777777970e-01 1.285940674405767048e+01
1.831282927697281737e+00 1.275257200196799623e+01
1.824759918516966284e+00 1.277026080701008048e+01
1.849944700756903870e+00 1.168366383179279033e+01
1.097953067122254600e+00 1.239620809513787592e+01
8.679566944459164990e-01 1.232508366844898795e+01
1.598419068463732717e+00 1.230340371091867091e+01
1.188623452590294782e+00 1.221912334231821085e+01
9.165535692673335566e-01 1.159128448404144507e+01
4.171952838024403087e-01 1.234168213073548692e+01
4.426373779673492548e-01 1.263948764047572837e+01
1.476589877091404990e+00 1.262708521170057985e+01
2.214593674880272811e+00 1.265761492608531569e+01
4.151671337423343822e-01 1.317788351213657094e+01
1.055233434300682172e+00 1.198370199750761422e+01
1.435045514008762568e+00 1.244452485135684405e+01
1.986721774283463970e+00 1.173025706999401585e+01
2.004137205974911407e+00 1.171258958587408294e+01
3.551492522005447183e-01 1.265815856185582611e+01
9.408997060143273750e-01 1.215170866218620382e+01
1.293137108940525026e+00 1.179760296932201058e+01
3.548926476974758049e-01 1.309593098262737065e+01
1.905651426685594396e+00 1.235687348691676313e+01
1.270495549211873909e+00 1.187838293910736631e+01
4.476668243589590479e-01 1.225027258909951655e+01
3.460390525426271235e-01 1.265004638261663672e+01
1.597566806434835840e+00 1.273719126029764759e+01
2.043474821769371008e+00 1.259294208824505823e+01
6.900012762079148487e-01 1.257410636964861084e+01
1.950344799796621675e+00 1.117292469205328231e+01
1.055538242335762433e+00 1.241317218545064804e+01
3.303912190459618592e-01 1.301273194546495482e+01
1.808201375519342902e+00 1.260468649857638646e+01
1.109601773687296511e+00 1.216010226702466923e+01
1.754596860286971927e+00 1.129892691591876286e+01
1.196110561046919596e+00 1.274042584262038424e+01
1.852674938326465570e+00 1.233225482412109208e+01
1.201922482531436520e+00 1.227985196880462837e+01
4.421659599877360014e-01 1.231472716920637112e+01
6.837961074516503146e-01 1.186335154097692168e+01
2.182109669088129866e+00 1.217130099524875675e+01
1.875560071660917538e+00 1.222735266186879244e+01
1.765407132310668370e+00 1.176102279616942603e+01
1.980511965313333844e+00 1.166946813984598563e+01
1.770488199151519115e+00 1.199742813720827961e+01
1.991341115779547977e+00 1.185068148455409975e+01
2.111247957250090401e+00 1.183910233678935242e+01
3.577713143206625035e-01 1.322755631535392773e+01
7.837085548760368559e-01 1.217137384870533623e+01
5.841704122681961042e-01 1.263975695540039190e+01
4.366984101967303911e-01 1.201931394824579513e+01
1.951675909256864294e+00 1.114187042307724518e+01
1.040718274486118089e+00 1.176023333594508635e+01
1.384416861664803822e+00 1.174405629785760219e+01
9.702232921160983681e-01 1.246018271456284232e+01
1.604158159468040079e+00 1.278195292673341399e+01
1.808786154395111812e+00 1.181075465243006661e+01
4.934017643166049849e-01 1.216525631518794626e+01
4.605294274694915480e-01 1.226385344684001311e+01
6.052186556822287677e-01 1.197444468438326126e+01
1.838143289020921278e+00 1.237691645105790350e+01
1.890149944496043011e+00 1.235597156493462201e+01
5.956697827159973535e-01 1.223724105998262601e+01
4.324967456126120879e-01 1.214038850337977671e+01
2.089523907016217041e+00 1.212824192961057257e+01
3.360844749876274462e-01 1.331496569645707062e+01
6.969689551973311525e-01 1.240435065461074693e+01
6.341119892898486876e-01 1.201133169828265856e+01
1.510985370023487651e+00 1.236576618235459257e+01
1.890471926101242151e+00 1.224175454585879663e+01
1.580738974823976628e+00 1.214952243891508488e+01
4.743826559279648580e-01 1.234464732581240121e+01
1.165337401129105110e+00 1.208235162940415819e+01
6.330093077151471848e-01 1.234735952876030218e+01
1.269590891839849078e+00 1.176809700348091248e+01
1.250217743021955208e+00 1.176464540558743010e+01
9.918705704661638922e-01 1.186150418700082376e+01
6.716150725206246896e-01 1.205629491348052795e+01
1.303983894637312124e+00 1.229955055670602171e+01
1.298572703677118190e+00 1.242626824316890755e+01
6.543724264591838091e-01 1.217359405783020421e+01
1.385713902191398450e+00 1.211745320675088067e+01
2.147691120301100653e+00 1.150735772292743242e+01
4.745621735991186751e-01 1.244167167847091271e+01
1.017978860126831142e+00 1.235049063720790841e+01
1.110395992058572645e+00 1.222952222708399006e+01
1.764876552052797365e+00 1.210387966156955564e+01
4.979314902174424851e-01 1.258130788921370957e+01
1.963748050041995041e+00 1.256368326011749481e+01
1.824378831482579066e+00 1.256847047356803415e+01
1.924207508232968822e+00 1.252673507852788504e+01
1.067429972136049621e+00 1.189458604145664644e+01
1.451321879659693392e+00 1.206756632364247217e+01
7.909925014659958675e-01 1.223440666952571121e+01
4.817829779009696889e-01 1.258877548328196916e+01
4.058092098220995037e-01 1.295613684947143618e+01
4.976479744823075757e-01 1.256719715406069682e+01
1.735835328306381875e+00 1.191791764889126348e+01
1.935114761247603399e+00 1.181441341956464619e+01
1.732483160035362957e+00 1.160014737354415182e+01
2.059305777752851618e+00 1.228760661103162199e+01
1.652141505177910474e+00 1.149174157719625455e+01
1.510154039376549795e+00 1.156727119806508242e+01
5.897213463865526029e-01 1.255396247606388904e+01
2.041338289281252383e+00 1.261299416515745442e+01
1.903103517456946170e+00 1.164266082681845660e+01
1.049096097262041560e+00 1.230555694324608140e+01
1.514658359685517652e+00 1.277382091093269700e+01
2.109111223238679056e+00 1.181738505797790673e+01
1.905326390218345045e+00 1.205166966883639112e+01
8.531018491009945137e-01 1.185224969427048869e+01
1.953736686841037740e+00 1.289374088168272792e+01
4.244832106230427837e-01 1.314600778581974261e+01
7.214184809009825949e-01 1.227408242948465933e+01
1.307746145663510884e+00 1.239029691226716423e+01
1.071617496767828026e+00 1.230338283550265643e+01
1.202813385603069385e+00 1.238134348253725392e+01
1.341221168229161931e+00 1.173277574825485914e+01
8.839998043736664313e-01 1.233094023953395002e+01
7.935162387244546478e-01 1.236241867230492630e+01
4.520411359120740102e-01 1.279367180608564958e+01
5.695590048885117440e-01 1.180992718126966068e+01
2.026533565715123331e+00 1.229302922502158246e+01
7.040908132948270337e-01 1.178042022184938453e+01
1.480377220304606389e+00 1.290245305539645315e+01
1.059491144007780994e+00 1.160065682263527265e+01
2.002907860418648323e+00 1.124597838408891981e+01
9.067607313144874226e-01 1.230264877020180947e+01
2.079726240260032721e+00 1.089673284412625875e+01
8.600077282894508235e-01 1.229841865656585931e+01
2.079232247131671318e+00 1.210722198552200091e+01
4.689157882284142320e-01 1.295864221206275779e+01
8.074906229034887195e-01 1.250309835078485321e+01
1.847135351952696958e+00 1.243850210718366078e+01
9.974694125487938434e-01 1.194680303768155483e+01
8.700635570400192531e-01 1.194971736777822535e+01
4.024556379397759565e-01 1.250645625102871961e+01
1.914163286986522605e+00 1.256224071839590728e+01
1.049806628841586376e+00 1.238705968019669257e+01
8.128556612962395400e-01 1.219579426025946844e+01
1.649061360896962869e+00 1.199187011797314462e+01
8.020502324694023244e-01 1.226044862889754050e+01
1.143159422215966892e+00 1.226660661146716613e+01
5.731269479185887583e-01 1.205834989400517365e+01
1.299085501003123255e+00 1.220281412378539798e+01
9.946715821793575829e-01 1.240679839627145498e+01
3.925904902202250191e-01 1.285809385602891375e+01
1.300201663615591974e+00 1.275618879066492717e+01
7.903279432792136294e-01 1.211591138019491964e+01
4.868531622746996579e-01 1.188646734657930004e+01
3.742525619331139586e-01 1.316149543640122310e+01
1.460822494368474445e+00 1.278705760283793857e+01
1.112670610144575578e+00 1.257247104876074317e+01
1.205813963420984125e+00 1.193518295424494724e+01
1.693407827561789203e+00 1.197100558319600694e+01
3.862788514647874094e-01 1.305199703314473325e+01
2.281651536337694353e+00 1.179796135664255274e+01
2.320091282751263861e+00 1.164901672312396386e+01
5.827591623656374065e-01 1.241110745877608501e+01
1.700442619171734782e+00 1.222431536206302205e+01
1.203604879218390211e+00 1.238532465709336350e+01
7.489583966217023825e-01 1.185465500515303638e+01
5.677669688553869110e-01 1.231335411559299153e+01
1.648555546999539212e+00 1.237705330409133353e+01
1.886044926374041752e+00 1.226674433238919093e+01
3.329451699074513771e-01 1.321939670554938928e+01
6.089680971121784747e-01 1.212015696334070469e+01
4.615780187008855506e-01 1.217631362864850786e+01
9.928745629736048794e-01 1.177014987018795722e+01
9.615007800102109981e-01 1.177994059710524688e+01
9.094141824409412989e-01 1.259524572483265104e+01
5.113711124662979612e-01 1.283764728202162964e+01
3.980751584199740400e-01 1.266099347365273609e+01
3.152564186186210815e-01 1.295540706539243025e+01
1.950061077603437276e+00 1.095873185323235433e+01
1.708230688919720963e+00 1.280547704956671495e+01
2.276526825139505661e+00 1.260437160631830622e+01
1.297924711610689341e+00 1.134978812707892359e+01
5.805321576072989265e-01 1.184807597268410539e+01
1.753421068804003058e+00 1.226041688820232345e+01
2.055029132796837743e+00 1.202480422935069626e+01
9.585352386817814763e-01 1.229234841571020276e+01
6.937874706411590875e-01 1.209433619089639045e+01
1.840091646633202904e+00 1.252894360809506402e+01
3.268429079840184937e-01 1.324920582934542956e+01
6.986673263723026661e-01 1.220686801377641473e+01
7.996356959948897059e-01 1.184695724551959728e+01
2.048748602100352478e+00 1.175580544485122658e+01
1.876809204902047279e+00 1.188650057013197170e+01
1.718591884111254409e+00 1.211787476867452717e+01
4.302874904908437492e-01 1.243302312170683699e+01
4.881022337432579516e-01 1.195897341861259733e+01
2.827798579361454068e-01 1.340908903434326227e+01
1.647095181403095854e+00 1.209915884224720806e+01
1.067885506064421008e+00 1.244032712942455632e+01
5.354421972196378166e-01 1.220483395248268543e+01
1.107294318930081678e+00 1.214005312054326602e+01
1.047811440153432860e+00 1.219519176388265969e+01
1.118378065156898638e+00 1.240633038510725328e+01
4.447665075248011246e-01 1.237640992810176499e+01
4.999547316289731369e-01 1.221060751855290682e+01
5.817331213473880824e-01 1.254778623767767520e+01
5.536995572632170681e-01 1.259038301868046084e+01
1.248887631914136431e+00 1.240541651185201566e+01
4.615081396741726460e-01 1.235234310390097612e+01
8.746158030909915171e-01 1.221509377268693264e+01
1.782972229407525866e+00 1.151392078572620115e+01
1.763534511617751432e+00 1.292700969079470674e+01
1.632934528397093965e+00 1.261529759321579292e+01
4.189556545502194362e-01 1.317417007557368080e+01
2.222209790674688268e+00 1.264709700980676388e+01
1.990523977061623206e+00 1.274801795691597661e+01
1.653252654934398436e+00 1.260743645749701969e+01
1.490454678318495096e+00 1.242757700561694989e+01
1.308626496311292353e+00 1.250066979232177111e+01
1.549113759122274114e+00 1.252798672004780478e+01
1.323501029907676596e+00 1.148756077479114523e+01
4.976851883802306808e-01 1.177408878324921737e+01
1.173972429016449714e+00 1.249762531331700899e+01
1.123607413358147955e+00 1.155872016303916894e+01
1.494292393019353904e+00 1.152885418990620714e+01
1.766522549525055830e+00 1.137763543146312628e+01
4.180957090490229344e-01 1.223883064102612117e+01
1.856209862220559392e+00 1.185794041388349918e+01
3.878427526817969651e-01 1.308245818017071116e+01
7.516417865970336232e-01 1.232756983991911426e+01
6.751359959110149189e-01 1.239503374197123620e+01
1.000168970350511000e+00 1.231145528048746485e+01
1.717088661589028620e+00 1.188810909931884119e+01
1.548270851070992382e+00 1.205984183467344906e+01
5.203557391491008266e-01 1.261359283746711135e+01
1.863608523815444284e+00 1.260255773480591657e+01
1.218163128445275634e+00 1.165548703145913834e+01
5.829794194475489411e-01 1.231497861847797459e+01
2.060927954079622815e+00 1.088808630834770597e+01
1.588837171892219402e+00 1.199069257361021279e+01
6.936996613152622837e-01 1.176557634050959500e+01
2.047753190384625999e+00 1.045928010777696748e+01
8.018119190170597266e-01 1.172502447115267543e+01
6.571890972714019563e-01 1.242901002706197744e+01
1.617714616192222454e+00 1.218465590823437594e+01
1.135898895109285656e+00 1.203778739494097039e+01
8.172793812209770969e-01 1.189840404007333063e+01
7.302331777851578387e-01 1.186745304639015153e+01
6.580618992917802723e-01 1.188964407728702000e+01
6.901945742536749195e-01 1.244599900829783401e+01
1.633401219003592031e+00 1.205651695533531331e+01
2.880990766354684096e-01 1.323921849006766749e+01
3.172587103456112056e-01 1.335925274318470457e+01
5.045492956748433011e-01 1.256936999703185620e+01
4.088107107356694914e-01 1.295139870986639075e+01
3.993544593765862571e-01 1.298766624966252081e+01
1.057767511291471951e+00 1.218163303229652428e+01
1.920863552919269912e+00 1.189408317555214367e+01
6.032158152243088933e-01 1.193325132852047687e+01
4.053827929288364440e-01 1.237246156560723165e+01
1.241663432454486626e+00 1.221243333007710241e+01
2.127583073596049701e+00 1.216438951725886142e+01
1.712771706732794774e+00 1.213402547463823389e+01
1.177071436068837240e+00 1.206079847622430634e+01
1.888071102294442305e+00 1.190484836762287912e+01
1.054047540476833023e+00 1.221416192240291032e+01
4.241949378765639267e-01 1.264150402169984488e+01
3.794957862955711247e-01 1.283332047439437318e+01
6.175595175979372575e-01 1.203595773190455276e+01
1.681749888314847174e+00 1.147434336114968900e+01
1.512040262817414327e+00 1.151463962265268215e+01
1.903296117005710997e+00 1.210364874557479453e+01
1.102996941114432916e+00 1.210935115148537555e+01
7.910330140556920409e-01 1.243966882401482366e+01
2.182698940273043231e+00 1.242988566563275477e+01
4.115294927119502733e-01 1.285802466675989031e+01
1.346363551191089858e+00 1.231702822445533307e+01
2.049344087923882007e+00 1.187622106946176181e+01
2.041400179222552236e+00 1.194484146872947683e+01
1.057772830725709934e+00 1.209483747565285938e+01
7.789112884541978810e-01 1.198965814489244863e+01
1.991164282999038582e+00 1.248263743314536711e+01
1.040724924779143912e+00 1.206663490328256039e+01
8.433030258817248992e-01 1.194335749258645762e+01
6.325833895462988909e-01 1.202998175364191802e+01
1.852954932760056517e+00 1.194334690070532723e+01
7.318683718842804442e-01 1.162160140646159157e+01
4.389931501457685070e-01 1.277295897049791407e+01
5.991509981414590014e-01 1.245370879160814148e+01
6.739323715410576732e-01 1.206107001896224595e+01
1.035207122855862583e+00 1.198895738313114023e+01
1.460072919607608100e+00 1.246252600167626312e+01
3.110092857963240309e-01 1.311957217891705696e+01
3.716818458542831549e-01 1.289700284302410616e+01
3.868394304872507794e-01 1.278759291757769212e+01
4.382199027020878823e-01 1.278614821526138101e+01
1.750389242012747593e+00 1.280418656586912540e+01
1.455014798081108784e+00 1.266728150491955951e+01
7.267446551175356095e-01 1.177581042861215543e+01
5.432485419284099892e-01 1.191528108500575023e+01
2.376793898208247491e+00 1.160266602262915114e+01
4.131882008554527697e-01 1.260224057920176222e+01
4.387936417974056535e-01 1.271656472750461120e+01
1.067015415684482660e+00 1.232873645898825465e+01
2.037380088691093771e+00 1.262610271725978173e+01
1.984983068543472173e+00 1.183371254424173458e+01
6.317312786542088610e-01 1.203713007482526187e+01
7.805639815838315565e-01 1.203886737132054741e+01
1.216961881924240929e+00 1.238297072648409802e+01
1.446582872901452488e+00 1.253021363990055548e+01
7.926354959689085877e-01 1.174434634476545014e+01
1.706657627585740133e+00 1.226153570157287476e+01
8.674905719053487285e-01 1.185943268528069616e+01
1.236566761339143339e+00 1.212194448794788926e+01
8.378370311735893194e-01 1.197771725786063968e+01
7.884911931436463517e-01 1.220086075138089932e+01
4.490705745069579757e-01 1.273577589105578767e+01
4.733420446584417629e-01 1.273948573123480621e+01
1.658496967269787570e+00 1.235101388016693491e+01
1.677802219548266915e+00 1.264785333598091199e+01
1.923507181756658913e+00 1.273612602945926398e+01
1.720599562533418503e+00 1.282722115276830799e+01
3.949222458340369002e-01 1.269432680223505727e+01
6.831688981181059939e-01 1.198718901418885174e+01
2.130878145891227593e+00 1.215198526983211558e+01
1.708617361024769021e+00 1.231316848942746667e+01
7.150788717314862097e-01 1.247350589316489611e+01
1.939429738272809178e+00 1.165363199515644865e+01
1.619506047197955434e+00 1.225230296556935095e+01
8.859318639635427317e-01 1.183234076994671291e+01
5.472590933800464130e-01 1.193452085591243872e+01
4.463503067594131735e-01 1.287128951264985410e+01
1.178858113234030114e+00 1.194799581670854494e+01
4.092583985904828525e-01 1.262593261839249337e+01
1.658941456077307253e+00 1.209592573997633735e+01
5.948509861407794697e-01 1.200078933787238533e+01
1.993935511588692755e+00 1.137599456396679898e+01
1.658986999237561211e+00 1.240929769276850436e+01
4.345260271994709211e-01 1.260111607468401829e+01
1.459155890286693458e+00 1.285265559071924990e+01
1.858164313933739153e+00 1.305728240531033890e+01
1.559892254135701650e+00 1.230220957202767806e+01
1.101764144434306480e+00 1.175966136510593074e+01
1.467129496331591065e+00 1.193983299010595545e+01
1.092476988343613842e+00 1.201341931380958350e+01
1.444102063003485314e+00 1.184690492545721874e+01
3.144169397436057944e-01 1.288072601252539329e+01
5.031751989758461718e-01 1.300070242867630910e+01
4.022078542332314099e-01 1.341739912948657931e+01
7.625800808118177176e-01 1.244924943711050958e+01
5.573027869876266971e-01 1.237554602298925133e+01
5.723634246893402056e-01 1.261866348802808702e+01
6.530067160217066791e-01 1.253960859424235075e+01
4.884941132165084299e-01 1.278529192497119737e+01
1.333133221817229153e+00 1.263714600245493891e+01
6.847726400702874860e-01 1.233172419059948588e+01
1.565471440721978080e+00 1.243815256537483549e+01
1.370899639614005405e+00 1.258136427639133004e+01
1.181282396216661201e+00 1.252176813460479288e+01
1.373564131476842531e+00 1.228306498546949577e+01
1.397861715749800560e+00 1.229558697575105519e+01
1.359533265245376876e+00 1.166221778228476680e+01
1.932876471424232578e+00 1.145889148461596996e+01
4.455970306281107907e-01 1.256193026471088459e+01
7.982321913251084755e-01 1.214471440942818603e+01
1.308757967153003854e+00 1.276278328841494591e+01
9.574791189976837869e-01 1.215118262050987674e+01
4.248316706276387689e-01 1.244580816782820420e+01
1.947500245766379923e+00 1.319355862506656507e+01
1.938856579505594535e+00 1.270070407413319202e+01
7.076824771089706978e-01 1.204967711909871397e+01
1.508126896118549665e+00 1.189951154948241019e+01
2.001793668136045312e+00 1.117027098304800248e+01
9.863182851361015357e-01 1.222427786272048245e+01
2.063417043479335522e+00 1.279993316704337936e+01
1.989347776065476525e+00 1.278293955197446508e+01
8.842440360169881997e-01 1.162906442739570601e+01
2.141939828470170060e+00 1.170150168089278253e+01
3.928621019642534740e-01 1.301160558223017105e+01
8.374727153777133948e-01 1.232216760522269361e+01
8.176934548288867788e-01 1.222904177405699144e+01
1.513414670969049247e+00 1.278735530050430214e+01
1.278763271582092020e+00 1.216415520819695217e+01
1.866674527502784731e+00 1.158944051034772116e+01
5.849485358406262270e-01 1.208954539005617868e+01
9.332566852594126328e-01 1.203855859990421884e+01
1.990195334818991801e+00 1.276088443643956261e+01
1.402920533383435586e+00 1.257312776788537434e+01
2.983593247164206264e-01 1.326364887040064211e+01
2.027518285763119987e+00 1.171719788396754502e+01
3.793430249014551614e-01 1.317870814605752905e+01
8.455179371184446957e-01 1.231929766265164083e+01
5.256035552448169446e-01 1.278059275227671066e+01
2.168166897082203004e+00 1.198439124415071966e+01
1.622912163526059270e+00 1.239436763882178028e+01
1.962478815721042658e+00 1.272111905968212753e+01
3.447402596248000939e-01 1.252520177789928901e+01
2.931225713408530109e-01 1.333034692008734723e+01
5.192022610399379401e-01 1.288300730934670035e+01
1.846396606955307940e+00 1.311073837401961661e+01
6.002403386648982320e-01 1.227450120120472654e+01
1.190310281679770599e+00 1.217762764380264251e+01
1.927404861859552954e+00 1.227962677160730109e+01
9.906112529647371767e-01 1.217913487839994247e+01
1.336434185132838515e+00 1.217260835173564892e+01
5.649071627749669977e-01 1.243488536310420578e+01
4.164681919846773828e-01 1.291719324243736366e+01
1.521283812908669208e+00 1.256974094483789273e+01
6.512883821699571030e-01 1.183213310311848687e+01
2.180960310537836566e+00 1.241210269243385689e+01
2.001865246428088163e+00 1.047522984204058893e+01
4.677694016662964360e-01 1.202569478670963932e+01
1.102427818020883965e+00 1.214292026447824746e+01
3.272480493313600358e-01 1.292560008687790685e+01
1.467270365720177772e+00 1.267844859582321249e+01
3.907791740720257256e-01 1.297351696535638688e+01
5.692181645489968744e-01 1.218346586304530454e+01
6.222596328208501726e-01 1.261394108178972040e+01
1.882745107235918702e+00 1.259549178380462564e+01
1.412076581980068024e+00 1.237985290871888644e+01
5.956688078432551547e-01 1.242810088125184720e+01
4.169948646968384964e-01 1.296716506220470499e+01
8.847813250005568397e-01 1.243956853611779678e+01
2.014954344226329574e+00 1.118831111733666361e+01
1.096270839291982213e+00 1.199656838635457667e+01
8.740392346675934787e-01 1.209404309533842792e+01
1.353064076950546202e+00 1.246387615141303939e+01
4.348934907041989706e-01 1.281293270067712697e+01
1.286843024920241163e+00 1.256594882489033438e+01
7.923365461480941230e-01 1.257334684438690964e+01
1.309018863227535912e+00 1.269780172260743356e+01
3.212230477699926090e-01 1.320749014544304067e+01
7.529361855971520301e-01 1.196888508991797373e+01
1.822609022660565570e+00 1.302284999313472547e+01
1.732729149657943335e+00 1.298784667202881593e+01
4.352700350727985446e-01 1.253715782874026807e+01
1.220230569361599349e+00 1.242736945069201759e+01
7.240635473189760418e-01 1.173986003866834871e+01
1.047639475067464465e+00 1.244033651358493309e+01
4.238335332617751416e-01 1.284228473446835217e+01
2.039769622711355090e+00 1.072971227545899175e+01
7.627699417912581215e-01 1.231234624563464131e+01
1.783940107758231308e+00 1.248961500651182632e+01
9.521840027289119046e-01 1.233432988807471986e+01
2.061927945382065808e+00 1.167896231120015749e+01
4.682187352291562465e-01 1.279589217320934225e+01
1.894624033253744289e+00 1.239128089513118169e+01
1.477979042414253597e+00 1.228463076523593323e+01
4.917197179914263860e-01 1.231108996096866193e+01
1.779179124144823598e+00 1.133802638057461287e+01
1.356181891476273771e+00 1.233950521322739569e+01
2.111253430439436141e+00 1.226107542632676939e+01
1.292613624732809940e+00 1.218025038801382820e+01
1.820156606540185074e+00 1.221206947790692077e+01
1.547725319317589721e+00 1.224317291773010830e+01
7.585817441410805939e-01 1.232116551396870108e+01
1.794978797799892334e+00 1.223745093363968728e+01
4.961785210441898575e-01 1.264546086199450592e+01
7.939222653990674061e-01 1.250869904792832621e+01
8.529620528881440844e-01 1.251140545592912723e+01
1.783189079251230602e+00 1.217483182047065604e+01
4.472766971520683588e-01 1.292016152099291482e+01
6.051440563172768572e-01 1.270497940568450090e+01
2.146776046937633797e+00 1.243795203907923508e+01
8.460957184992172753e-01 1.230901829866179575e+01
1.477500313262004816e+00 1.154957737974460485e+01
3.903410186209280708e-01 1.308945192964141668e+01
9.077096182473975983e-01 1.168302414528645095e+01
4.576961381498951820e-01 1.191503973562981500e+01
1.540159835068430683e+00 1.230342975308802878e+01
3.718046640107741663e-01 1.292681324839261059e+01
1.928726619827672017e+00 1.127342637986064666e+01
4.498859162308202486e-01 1.311960022677509841e+01
1.455959696852865193e+00 1.201717733563962121e+01
1.763985856972775768e+00 1.277790200639017115e+01
5.086805584266301805e-01 1.254071976184280324e+01
1.480248949322924057e+00 1.238100041955526720e+01
5.126285459707987657e-01 1.280023139828598389e+01
2.109013557908953729e+00 1.304943839508437975e+01
5.233945194805943446e-01 1.264200438948369154e+01
1.588751144245074798e+00 1.282378360908831461e+01
3.651555767015119969e-01 1.283579277107205918e+01
7.142298285332822072e-01 1.189282886286561869e+01
1.563552763473113005e+00 1.276628760101264959e+01
6.148762155057138079e-01 1.247530998117052192e+01
1.424409110043640458e+00 1.242147640318443003e+01
1.338233676526973115e+00 1.239212171145350183e+01
1.439503762640752971e+00 1.196787756662787139e+01
4.443027706833035384e-01 1.314195870106512487e+01
8.639593871483275400e-01 1.181286847686385322e+01
5.385691402743982836e-01 1.285760966820170026e+01
2.009445656742272046e+00 1.237789929764789321e+01
1.325468516613543146e+00 1.222896766044755168e+01
2.121697364012057552e+00 1.249152877102748249e+01
1.524752919852384814e+00 1.227861305104923240e+01
1.172829355519016792e+00 1.240501665629813388e+01
8.793832415746888342e-01 1.186400044476887672e+01
1.867972780188993154e+00 1.227805545377073848e+01
1.927168294264622439e+00 1.221187634970201152e+01
6.387342818486074769e-01 1.253963014141157295e+01
1.172894779744860783e+00 1.256343526895104290e+01
1.731761163658741554e+00 1.147717210128616294e+01
9.361117420872361317e-01 1.224396599727247903e+01
5.077188387461384345e-01 1.210298562917487253e+01
3.644964485642924190e-01 1.276764967801288719e+01
2.259426281872677134e+00 1.236477375552349223e+01
2.191607902185043866e+00 1.156154670334991508e+01
9.547551493304917702e-01 1.228407619111219340e+01
1.201031155567270581e+00 1.202734429138294381e+01
1.043996880466085297e+00 1.198325807515905872e+01
8.524678004631236483e-01 1.147704006477819050e+01
1.624693855858982516e+00 1.156175221583224122e+01
2.216950291663150718e+00 1.182465186336746044e+01
6.105242192696772596e-01 1.264451428635439534e+01
8.031334856791596533e-01 1.255041236027381579e+01
1.422000875767956529e+00 1.225574894899049383e+01
5.666423748948317130e-01 1.231063084861482437e+01
5.011263395972643808e-01 1.188507413977631444e+01
3.981619297586884154e-01 1.228757200427753560e+01
3.176669100458430761e-01 1.292407666344089456e+01
2.846477805870364919e-01 1.339837835075155326e+01
3.747190291979383137e-01 1.284997359242956882e+01
9.035672908715572937e-01 1.137806829541414011e+01
1.308612414065275953e+00 1.227405789436194183e+01
1.879330843910525184e+00 1.236987735470222560e+01
1.856036433893593518e+00 1.308986274561402396e+01
5.658091536159647328e-01 1.256986171212051318e+01
1.928951238424807535e+00 1.241051608991127075e+01
9.098286247377296299e-01 1.190577503918543023e+01
1.566702149471245420e+00 1.210491221483252922e+01
1.449821073893602597e+00 1.205417395934735403e+01
1.100409174637533294e+00 1.245580248379233979e+01
8.696240129816076303e-01 1.244711380472683970e+01
1.117121249684692952e+00 1.249722694662236577e+01
1.392167329031075873e+00 1.239596456172651173e+01
6.195098478343545878e-01 1.228158444732680721e+01
1.996368717102595003e+00 1.110713013009380745e+01
1.958715354022938282e+00 1.203065279117475939e+01
9.611474548296093934e-01 1.212361714097029264e+01
5.442175962194029104e-01 1.256266905079777096e+01
5.266732873049352337e-01 1.224366040741202433e+01
5.399648474537904752e-01 1.221500820074925286e+01
1.219852422994945007e+00 1.187376664256181513e+01
2.098990804559819789e+00 1.194903222398270159e+01
1.061443365424185270e+00 1.229495546249578908e+01
3.736799849100129189e-01 1.321505157111142559e+01
1.346506562343068536e+00 1.198482549788789520e+01
1.092412112795468904e+00 1.209494046930260502e+01
1.246845543676194712e+00 1.200397558323635749e+01
3.036219932047324321e-01 1.334967290492728864e+01
4.361768452310377797e-01 1.295752279135315455e+01
3.813716757750368891e-01 1.298625135760357630e+01
3.923714971102054694e-01 1.315775044443944530e+01
2.042506546810800128e+00 1.204265982036151428e+01
1.169047270916045322e+00 1.231548614899169714e+01
8.164312021610676817e-01 1.216799506955592491e+01
3.991523917274509281e-01 1.274733973097007045e+01
6.324161748016731144e-01 1.249315220126310777e+01
1.405141425924619991e+00 1.258212982072010355e+01
3.944169895140812732e-01 1.271664064643749015e+01
2.315942242198866907e+00 1.218112087139867761e+01
8.386739721044936813e-01 1.228744247716792160e+01
9.786367850735259166e-01 1.249971919114229202e+01
1.194016041075012469e+00 1.177911998484170297e+01
1.408797818698238391e+00 1.174877151543475229e+01
1.066612465708922208e+00 1.226974948809726662e+01
3.694116034617048183e-01 1.290018931869283136e+01
1.881465028765214598e+00 1.192938662390062099e+01
1.725076465938634840e+00 1.203500710700683562e+01
6.620963597403536349e-01 1.233715273758553899e+01
3.165718971802501391e-01 1.338310704119726324e+01
7.009440196251860433e-01 1.193121621592718462e+01
4.019458392120003332e-01 1.258326991776028336e+01
3.552165058881895932e-01 1.295064948080551304e+01
1.117369072436215083e+00 1.226303255498981315e+01
3.832633292905028854e-01 1.243853304059947185e+01
1.367029280899636934e+00 1.220890238744275358e+01
4.409115974146832206e-01 1.281243062639737573e+01
1.839796260490180524e+00 1.278212218064438588e+01
1.097060287042884941e+00 1.213327233074572220e+01
1.756929514314662155e+00 1.261198659306102954e+01
7.079338453722532343e-01 1.257014473435726565e+01
1.539411487084754615e+00 1.231002266294501091e+01
3.549298875708571388e-01 1.285989317093975082e+01
4.164698471109323785e-01 1.303339304886102923e+01
1.825162824375381909e+00 1.208234016813607425e+01
1.634724442562514923e+00 1.210372193180135980e+01
1.887207831189651186e+00 1.199422624391221959e+01
1.284243213214485868e+00 1.186904736008578709e+01
4.001034676705217397e-01 1.233614136292727892e+01
1.734044419198125242e+00 1.286960848614155140e+01
7.022225818060042757e-01 1.210530719070188965e+01
2.329962604654992830e+00 1.229757456360496093e+01
1.349389535604486046e+00 1.229768537832540254e+01
1.927784038310916603e+00 1.196018041575357138e+01
1.638160893679118990e+00 1.203988034724316414e+01
1.041129590310919451e+00 1.202556413394192170e+01
6.487740014421415902e-01 1.241659275684570041e+01
1.768576668673326857e+00 1.177560060683326526e+01
6.992298342502764052e-01 1.222620762325797195e+01
6.904223930105598539e-01 1.223176339082449360e+01
4.460821382302536664e-01 1.263217170496501218e+01
1.029515747767212552e+00 1.228869359747608847e+01
2.001880196986846716e+00 1.179077186808910760e+01
4.293018944273201964e-01 1.278614161181142705e+01
4.679699758566688850e-01 1.262558047947285189e+01
1.007342649551755231e+00 1.261202999618986453e+01
9.881146096350760244e-01 1.213166927070484213e+01
3.966857966607822972e-01 1.236700540913665236e+01
5.701938337932499490e-01 1.239111056089298479e+01
1.398749896003917303e+00 1.200463445213089919e+01
1.222604450603854920e+00 1.198994970969437546e+01
1.432388359138278222e+00 1.272358334613147512e+01
3.318716969909923376e-01 1.300305464481644080e+01
1.971919510233431261e+00 1.276421916187115002e+01
3.931959908042683693e-01 1.306560795547644105e+01
3.331678025426726419e-01 1.314197247399337343e+01
1.318571729921325542e+00 1.180378348698580204e+01
2.046556840927741927e+00 1.188932908420283141e+01
2.025204601366944246e+00 1.191590905048130544e+01
1.850634342538554744e+00 1.174908873138956444e+01
5.468682839519103389e-01 1.195663324090407009e+01
1.695898332715952916e+00 1.253056044983750716e+01
8.791444603359259702e-01 1.240138472108754364e+01
1.067862799698744647e+00 1.239693527734631395e+01
4.792087675515295242e-01 1.273705426756028380e+01
2.199177812578896773e+00 1.253639135082942424e+01
1.288166527355258939e+00 1.257757787979516628e+01
3.047367519526513746e-01 1.314210733881389892e+01
1.353268535259139815e+00 1.204714855040836063e+01
5.268699438987319850e-01 1.254613348318633470e+01
2.876380813138292303e-01 1.368954719249563468e+01
1.593581305324830222e+00 1.216739435609034992e+01
1.110850045112706130e+00 1.229543615450551464e+01
8.599831862850950692e-01 1.216734014609488490e+01
8.597672172023071990e-01 1.222494650633908897e+01
8.728853850197448860e-01 1.220199335409431995e+01
1.479687934969470264e+00 1.252251508612652309e+01
2.035749030903751144e+00 1.083386234942265069e+01
4.373958351610580109e-01 1.295603326553103329e+01
1.935750345302308606e+00 1.229417998609605966e+01
4.520437435276551952e-01 1.217838879438859934e+01
1.391544931194749424e+00 1.169641148801746766e+01
6.477228266496203313e-01 1.164987066448796504e+01
1.073609770273791897e+00 1.194033666810998895e+01
5.186632931834830318e-01 1.201959210067660955e+01
1.769802537468665671e+00 1.246843328874857448e+01
2.282637216296439231e+00 1.215984737996864062e+01
1.377928020873733672e+00 1.253054772458537514e+01
1.952748582468552874e+00 1.152614983592657616e+01
4.705676472177902636e-01 1.197536163248437013e+01
1.454633745587339932e+00 1.209835948217616952e+01
2.053000019745943483e+00 1.216343659555695034e+01
1.364946473456434051e+00 1.240936413072409117e+01
1.558317589473498854e+00 1.220474200985569446e+01
1.412580046602741390e+00 1.219716476942538996e+01
2.014475518281225508e+00 1.198635387500341487e+01
3.268426449032412751e-01 1.309976415851536835e+01
4.173743600219771976e-01 1.274208334301139267e+01
4.286127850050188148e-01 1.268475451812394894e+01
1.210827928356792427e+00 1.255149124113023973e+01
1.962352106688174169e+00 1.138208684611395860e+01
6.346267779167663603e-01 1.257655098720167963e+01
5.354113399701440068e-01 1.275149566413530167e+01
1.598041517072827933e+00 1.260990669906207629e+01
1.900981705031949298e+00 1.252743661575236622e+01
1.797730019632105547e+00 1.272274371174524354e+01
1.734345616554255010e+00 1.247186562053622438e+01
7.140011780579218481e-01 1.192191163997425463e+01
1.886666932783289008e+00 1.212503278062406231e+01
1.935089322136039458e+00 1.210556340788833829e+01
1.121344847343438422e+00 1.240272435719940169e+01
1.029883457898136179e+00 1.227633857090681779e+01
1.528860268815666501e+00 1.192072545475252987e+01
2.013237597723814165e+00 1.224652220480782994e+01
1.877044480658419223e+00 1.261097430645378026e+01
1.060449347426420497e+00 1.210223439234104070e+01
1.825784262964507798e+00 1.269041218180472796e+01
1.178323667508634154e+00 1.226609574508561451e+01
9.185182594939073075e-01 1.239869718532300524e+01
1.173256876018363037e+00 1.240712716680150685e+01
1.794350679509717938e+00 1.236514415755377705e+01
8.334950150720310535e-01 1.236314204717209364e+01
5.369470111397408596e-01 1.227587913975318834e+01
4.425500230995964568e-01 1.257237106779181168e+01
3.836659185159585483e-01 1.281281189939064014e+01
1.463094907219533392e+00 1.241084804448733969e+01
5.348037909903435860e-01 1.290635229946524554e+01
1.729704096359118148e+00 1.222875282348368309e+01
1.136335962474741557e+00 1.237836931684201858e+01
9.784210258063755772e-01 1.238928696568046917e+01
1.387655317642338737e+00 1.248357415722605701e+01
2.083953792318180565e+00 1.100431259232638403e+01
1.973787184413999363e+00 1.175607083293826705e+01
5.890527965014310530e-01 1.173343992433822258e+01
1.690189871083891848e+00 1.191577213723828699e+01
6.533984240049538483e-01 1.234467219432600515e+01
3.243937725134098948e-01 1.317208399951583964e+01
1.450208395602307743e+00 1.147519907536680606e+01
1.343118029249305456e+00 1.203475814627673302e+01
1.715898652557834581e+00 1.270406484159675919e+01
3.691937364134165733e-01 1.293247052604086456e+01
1.202070470070837782e+00 1.215960619020530054e+01
1.316367147472313093e+00 1.206244787619714209e+01
4.746608772236260987e-01 1.199304796167417919e+01
1.552498866739974615e+00 1.217041501534154158e+01
1.983680528818315913e+00 1.229462785470531827e+01
1.217310316098236589e+00 1.182017179569906951e+01
1.607121013280743194e+00 1.155100545859968797e+01
3.915036191003004040e-01 1.306026974534428220e+01
4.508755031794868251e-01 1.245228387650123736e+01
1.977073687921034884e+00 1.281902061830887796e+01
2.007742466973838624e+00 1.193692181708216715e+01
1.048860472514081099e+00 1.256718614763488517e+01
1.414380330224134008e+00 1.250680389034099349e+01
1.133765442125119760e+00 1.239582685043947485e+01
2.964188849458152530e-01 1.348213158977283932e+01
2.196167254250212864e+00 1.194288443010287182e+01
7.365468672682489171e-01 1.206854301831226017e+01
1.757985166083258166e+00 1.223119513027818961e+01
1.672235809330389289e+00 1.280270577527235787e+01
3.362771165960121711e-01 1.347249901283266915e+01
7.155916636625703209e-01 1.222295819664413763e+01
1.862420382894208970e+00 1.204714253523306766e+01
5.774643468640067168e-01 1.187791956881487465e+01
1.210546516671758610e+00 1.142039960981737856e+01
1.788227445641452862e+00 1.118238469702442117e+01
8.097087006351254557e-01 1.262653595314980670e+01
6.500913459031456565e-01 1.275478699199962662e+01
1.350060511910850858e+00 1.160854136848975671e+01
1.274229255240810099e+00 1.226764213380561941e+01
1.825723139057793709e+00 1.175236247599301187e+01
1.559004186642370282e+00 1.248319488500000496e+01
4.079972924448185823e-01 1.303369481071759672e+01
8.610930124803974905e-01 1.212611413838237517e+01
1.740872101823567331e+00 1.160813334769386174e+01
4.455296905849930877e-01 1.227513880157910542e+01
1.517039632497005242e+00 1.244343309609146075e+01
1.905851598246857570e+00 1.263022708314690590e+01
4.937379059665913394e-01 1.259584301121353000e+01
1.681777676731685212e+00 1.303111454234076128e+01
1.587274535105982265e+00 1.191965558126474889e+01
3.967692797062490895e-01 1.294036058270974010e+01
1.763367220200064311e+00 1.111762844834681552e+01
9.240774612316885461e-01 1.238825091557983527e+01
8.678559936400312980e-01 1.237151197946083769e+01
9.277065772408567002e-01 1.190965334803291320e+01
4.100106853265210183e-01 1.234260769872364172e+01
1.849694791782525938e+00 1.232775267924988682e+01
1.865300209466038250e+00 1.169009950903336836e+01
1.842714067888199692e+00 1.170688503221993138e+01
5.637700398501621635e-01 1.245085995409789881e+01
1.224487116327087621e+00 1.222813692973418398e+01
7.719641585942097484e-01 1.191079916973939667e+01
1.660909605371524878e+00 1.139048897965130358e+01
2.115916918173686767e+00 1.212478688113583658e+01
5.229281287362963493e-01 1.251177238337447406e+01
6.908389201570094285e-01 1.260381178748160558e+01
1.262542784926291350e+00 1.267366911304343446e+01
2.015815264338959079e+00 1.277535248558579006e+01
1.983553245748887583e+00 1.276601283486187910e+01
1.341830101019479304e+00 1.212411361969578749e+01
3.666115843447050326e-01 1.268174536892528792e+01
1.294192016656823929e+00 1.226300396580245966e+01
1.605429097748900302e+00 1.220621442363026610e+01
1.518557379431951349e+00 1.280003581906724008e+01
1.016691657047758435e+00 1.251132432778036296e+01
1.648711598773017650e+00 1.268951731894511958e+01
1.085124071272928425e+00 1.253330716883074736e+01
2.032572233837564024e+00 1.287310643686807765e+01
9.184963368030191200e-01 1.260268410408344408e+01
4.574279203179293929e-01 1.284639832743179433e+01
4.295482696602047068e-01 1.296490072008601580e+01
1.169734546748442128e+00 1.256730118691839060e+01
1.229307098027237588e+00 1.204117815881475373e+01
9.730670117319163426e-01 1.180135829285686810e+01
2.124291869827065860e+00 1.183850730270542684e+01
1.838237182528043689e+00 1.168488786507215416e+01
6.804419218098807232e-01 1.222129186723982919e+01
1.201463842610195121e+00 1.241753569987678851e+01
4.579349087935782325e-01 1.292038971112418011e+01
2.126489260209436516e+00 1.269936631068080679e+01
6.590746222188260672e-01 1.228917502707793119e+01
2.045575721226967403e+00 1.174508548309433920e+01
1.605272491447877981e+00 1.269958016928892874e+01
1.483469231678896216e+00 1.266683654895666677e+01
1.256674306753610137e+00 1.163012162353994050e+01
5.173371650753839646e-01 1.180587189193515130e+01
1.044000294851658683e+00 1.252367423108942646e+01
2.001900999157906647e+00 1.283707569127491865e+01
1.859752890924166957e+00 1.174463119229453234e+01
5.925156631107885152e-01 1.251855667921181769e+01
1.522222271605886634e+00 1.209159728399767708e+01
6.413707185823797063e-01 1.206792990890992101e+01
9.166755573119912404e-01 1.183234185643958902e+01
1.483068361414795255e+00 1.195837883766003884e+01
1.987600175190769258e+00 1.162634945343778270e+01
1.577003122812471458e+00 1.222650601521929481e+01
1.065712748710550883e+00 1.226409950992703912e+01
5.922625024411231065e-01 1.222330053082901102e+01
3.821698126099553616e-01 1.314377518548852031e+01
1.176610074444038645e+00 1.257583142580483404e+01
2.050570501739451768e+00 1.281192061111717173e+01
4.234697327942019141e-01 1.226403568240976583e+01
5.449238448294501103e-01 1.227027536196551694e+01
4.826158086090590049e-01 1.273914937563332295e+01
6.129294251650480030e-01 1.248441187764734117e+01
1.980636389520258778e+00 1.157647914987864901e+01
9.424165214391853063e-01 1.210688721954918989e+01
1.433811741107029247e+00 1.210069542470827209e+01
5.726308774271225976e-01 1.218688667302473760e+01
8.577355952432914599e-01 1.231313629443562796e+01
4.157471171064200943e-01 1.292334964261715236e+01
1.883795086739784352e+00 1.081478323320373924e+01
1.944599335353671243e+00 1.056488917077241929e+01
1.652867461608338973e+00 1.241066897934492630e+01
4.962756485869567191e-01 1.252182965105052759e+01
1.881289085508740744e+00 1.159944064882480319e+01
7.080345702252915929e-01 1.252222362917217602e+01
3.887808044105907079e-01 1.302480186528725170e+01
1.523872737443834557e+00 1.276555834769252762e+01
5.453297732839025302e-01 1.276276586258378742e+01
1.803788845850158529e+00 1.133225897217327471e+01
7.242741414515284637e-01 1.141657496721876974e+01
1.233866892288645767e+00 1.273330290185076663e+01
9.040942795431466950e-01 1.265212560310693313e+01
2.035442592585320121e+00 1.239401511468560635e+01
5.099972997742737713e-01 1.249762668961655621e+01
7.313447783663754587e-01 1.170654051349884206e+01
1.999576032571390938e+00 1.150896198979541829e+01
1.668023927768330195e+00 1.294181875400878567e+01
3.684379725148694829e-01 1.254404569853765672e+01
4.910830172806838756e-01 1.194744511772294260e+01
1.792707281371318073e+00 1.208987068157724387e+01
1.826348760060705789e+00 1.241646491687371778e+01
1.861445874964570146e+00 1.240907264562840773e+01
1.343360464900850149e+00 1.220431351120295282e+01
1.602161671141814736e+00 1.232201697952434571e+01
7.434807574939510388e-01 1.223966085465830922e+01
1.445644787720366642e+00 1.157925478002472808e+01
1.994723544344025656e+00 1.151168344014811495e+01
4.335176244783102151e-01 1.319368696184112721e+01
1.388225670191317151e+00 1.268742777252800913e+01
7.856024609741113496e-01 1.275586079468635603e+01
1.324466574811470565e+00 1.247206578902360086e+01
1.555336305238313788e+00 1.247607755433240051e+01
3.400477476131014143e-01 1.265344318811394686e+01
8.779229958165232217e-01 1.266983015658030354e+01
5.502892815869574461e-01 1.201868683300822127e+01
1.564317756723080821e+00 1.200186923025121644e+01
1.049596247666673587e+00 1.206869009014988237e+01
5.140257647772297211e-01 1.249482879881911934e+01
9.670976470673623426e-01 1.227060270364738059e+01
7.192534395788071633e-01 1.228438695345384524e+01
4.226622089224399414e-01 1.259153294534741718e+01
2.176514934725208850e+00 1.229905217896512326e+01
7.683776006475628861e-01 1.161201454378185360e+01
6.372553164381608015e-01 1.251373922244372316e+01
5.799443656801844815e-01 1.282755949599459555e+01
1.087045079098943434e+00 1.279194447128932310e+01
8.284666093178619795e-01 1.195125829374103787e+01
1.424637219290249224e+00 1.250910082281039770e+01
2.083810483391983936e+00 1.262580708822633291e+01
2.072788982825574777e+00 1.246004764809439713e+01
3.546394579792504498e-01 1.320333681506805590e+01
1.577152687652415786e+00 1.226412617517329018e+01
1.235901876942838040e+00 1.219648237998394791e+01
1.831951456283924529e+00 1.249624797922103170e+01
9.552161540608611334e-01 1.179709577013199429e+01
1.128248854874494445e+00 1.225026942922707818e+01
4.676624597128232752e-01 1.291928821353933543e+01
1.050424217284133377e+00 1.174294655461742565e+01
1.554254504000561976e+00 1.258354443906192444e+01
2.244342830239248077e+00 1.195870261290332692e+01
1.250922041777567939e+00 1.212676918027428030e+01
6.131355238812606911e-01 1.209398404784580983e+01
1.670417402460227629e+00 1.150438308066271986e+01
3.670694558975168276e-01 1.274783357733568678e+01
2.127661800433083616e+00 1.168096159715526028e+01
1.682406693766925532e+00 1.233939722618675106e+01
1.989400589217855897e+00 1.243294583360323990e+01
2.182761864440079691e+00 1.247255899906414811e+01
1.873530865117610800e+00 1.258431430987841715e+01
6.212833450855056450e-01 1.243945776877520437e+01
2.067691625423369040e+00 1.213335254510471195e+01
1.856508159353648546e+00 1.217689563705142675e+01
5.832926920460407283e-01 1.275210830525982431e+01
1.017542449803749749e+00 1.265471460054618369e+01
6.730840627494548700e-01 1.263727718593012739e+01
4.940457383246773526e-01 1.274367684056994499e+01
1.341359158740671020e+00 1.266468936052226724e+01
2.056767062659460521e+00 1.289695573258922678e+01
4.959891257602930814e-01 1.280573326240880938e+01
1.560671622611055520e+00 1.229032259580166730e+01
3.356479737192991086e-01 1.292503912261754984e+01
1.803462122071522344e+00 1.236329735087273107e+01
1.558737588633531956e+00 1.257013487219564851e+01
1.661108022548818841e+00 1.252365413443133058e+01
2.120286798683482132e+00 1.208922460629941931e+01
5.064959859970163958e-01 1.266864817291420842e+01
1.934585319736169318e+00 1.230909906082815475e+01
6.304509561054636446e-01 1.238682820699345299e+01
7.500400837058970316e-01 1.165326405159800238e+01
1.999793456335124953e+00 1.089383397298204237e+01
1.094764125151701073e+00 1.244972966421598493e+01
1.126116007337490510e+00 1.246899914086276517e+01
1.938118889295995739e+00 1.194588633942517752e+01
4.180308374569993157e-01 1.254055948642280249e+01
1.328705153644517578e+00 1.193836782923663442e+01
4.831961660813250403e-01 1.220483403114855214e+01
1.006389116561067887e+00 1.149478065067381749e+01
5.917223665986728331e-01 1.159256554766870551e+01
3.140455586909604579e-01 1.340030673861906152e+01
4.902970005420361210e-01 1.190668779787669429e+01
9.896616210424522553e-01 1.242958478742315442e+01
1.081790363691484735e+00 1.225511734595335867e+01
1.866894434484382970e+00 1.252585686048385405e+01
1.780247151736350064e+00 1.252564115699301439e+01
1.418837699922198547e+00 1.223249684551858074e+01
2.027282718568523379e+00 1.210040568707877462e+01
3.412132010862093945e-01 1.327958487531999054e+01
1.829732895432544248e+00 1.230169320716098902e+01
4.336748575271704431e-01 1.302565861559861560e+01
7.528243464353618908e-01 1.238491221995957936e+01
7.002084535586757807e-01 1.253127486349493225e+01
5.628967694243688369e-01 1.266456969021783685e+01
5.440114093063628253e-01 1.257899750837285602e+01
1.258863565516715299e+00 1.194135587824979083e+01
1.590661296066542496e+00 1.270417953708301617e+01
1.232342295712412827e+00 1.272110379614612086e+01
1.401214601604702681e+00 1.263459920250445201e+01
2.095405449411123833e+00 1.170608544167667553e+01
7.960720584223195395e-01 1.218839893067231550e+01
1.799697662140517407e+00 1.159175961543486011e+01
1.396746015405995189e+00 1.197461887369565581e+01
1.955445734168317351e+00 1.160464566127253860e+01
1.299700912337923064e+00 1.178289420288349909e+01
1.692259283302858242e+00 1.260577407067511402e+01
3.522775156925615492e-01 1.305353863055369423e+01
2.014790460246799864e+00 1.264738006411947779e+01
1.301147409568601754e+00 1.241736884007572606e+01
1.907738481816455112e+00 1.196040257038396071e+01
1.408255052481955039e+00 1.203349689421873059e+01
1.212508209085114252e+00 1.204031233545575574e+01
1.968151343164552758e+00 1.194428898807769812e+01
2.050964796083185604e+00 1.190652490620098725e+01
1.104329071416881192e+00 1.235025894926424606e+01
1.244838387669646940e+00 1.270108462417947770e+01
2.045346214513007688e+00 1.263034314105238032e+01
1.035187117297879267e+00 1.229377382603576230e+01
1.745862566093988599e+00 1.230968527170748672e+01
6.406293009222527868e-01 1.263432571420545614e+01
6.972732122399807331e-01 1.235751612171486435e+01
1.102845970851258350e+00 1.175952130082579750e+01
1.369572791392194011e+00 1.170051311507150693e+01
9.355454421787476882e-01 1.243943892595235745e+01
1.005322075253521463e+00 1.234385293570520581e+01
1.453811424477966074e+00 1.291730382499788021e+01
3.709977979983705154e-01 1.257429644450435191e+01
4.139239131367321023e-01 1.231356924711625567e+01
2.284622304069547027e+00 1.167838080014017876e+01
1.994342816903877491e+00 1.193143577751057727e+01
4.136822428662071394e-01 1.272466064294612309e+01
1.672188767227201112e+00 1.243478303943120089e+01
7.720325236564594684e-01 1.207094224437923202e+01
4.693823833691732617e-01 1.256832995899094918e+01
8.446836541474281868e-01 1.212473514929281571e+01
4.032276443577857417e-01 1.275046937278987613e+01
7.257833033324474492e-01 1.208485965907374116e+01
3.422969947367835997e-01 1.278874699220331301e+01
2.252913539046881741e+00 1.245320814395986275e+01
8.788491665564699407e-01 1.218850438036023220e+01
8.079900103068139439e-01 1.162971864961598101e+01
5.490091532043522848e-01 1.226875801441561720e+01
4.028607346655723731e-01 1.280907893982610624e+01
1.798071274627639715e+00 1.160982304072526894e+01
5.356677274015065882e-01 1.221365267676100608e+01
1.296586512349996223e+00 1.233899290799502779e+01
6.588075434126751118e-01 1.201498294826045665e+01
1.978445375806365814e+00 1.057427753309878682e+01
3.510750351654812196e-01 1.307103642510119812e+01
2.053215162470899191e+00 1.205012236276657056e+01
1.136032337422863137e+00 1.197070090844050583e+01
3.083175417260871076e-01 1.332099436745295584e+01
1.067334638335834418e+00 1.225269524699558055e+01
4.378867706085790568e-01 1.265529419151955004e+01
1.390122616688943991e+00 1.217202308056919691e+01
3.045624287534087204e-01 1.332949599028072818e+01
1.250221600231059993e+00 1.156162659290145456e+01
9.406516795788775198e-01 1.194847010877878368e+01
7.805211867407535475e-01 1.212946416409387673e+01
5.973821978135900324e-01 1.224483102545316626e+01
5.330279140003145733e-01 1.206001537986092309e+01
3.948332852088463074e-01 1.280864066364245168e+01
3.706889689766109108e-01 1.295772290533285442e+01
6.225516731919761293e-01 1.214383014547075135e+01
1.199530543735365606e+00 1.224177785439193045e+01
5.406392554227318348e-01 1.266146097958609040e+01
1.358639273425096050e+00 1.210018727692310669e+01
7.044503405848075994e-01 1.181887765652323452e+01
1.577585565177220372e+00 1.178412523350904983e+01
4.137807399725952351e-01 1.266662257134348302e+01
2.123378226681354786e+00 1.257103613937547948e+01
3.011474374044972313e-01 1.358559212312652775e+01
9.485120573137871824e-01 1.261634616361103234e+01
4.782681535577668064e-01 1.261290560500854419e+01
5.660522203926033891e-01 1.241469756132355684e+01
4.130638532123028783e-01 1.257212140077077933e+01
8.308957624771394768e-01 1.201286572082481818e+01
7.804685255872185756e-01 1.171677496182478961e+01
3.624648506008076865e-01 1.283753932498946781e+01
2.175925187591983168e+00 1.220590831908134000e+01
1.850399483005728651e+00 1.178819576162742067e+01
1.376442379717364828e+00 1.192415033492379095e+01
1.808694825017589158e+00 1.143015277093083526e+01
2.482375652640718411e-01 1.430399164259853606e+01
9.635431448777245222e-01 1.149965112409502055e+01
1.977065575263739383e+00 1.076123425035814130e+01
1.650432482524306632e+00 1.292669221429359716e+01
2.046250235903743775e+00 1.310550067339366542e+01
1.338450061031046578e+00 1.224248080594433219e+01
3.994973298023713482e-01 1.248544037013009955e+01
5.787829709896862296e-01 1.204764575387051373e+01
7.366565100330910720e-01 1.211411443536305832e+01
1.921612553163600801e+00 1.168477332190204621e+01
1.875900854880200530e+00 1.176830027796161815e+01
2.036515000935310127e+00 1.231778673275537628e+01
7.116549359833262978e-01 1.180320198365348361e+01
1.297232366319904795e+00 1.215572397729491350e+01
1.995984010287434884e+00 1.213902218165604197e+01
1.853178336869878429e+00 1.168318717017343822e+01
1.284151777895318203e+00 1.153466601477892084e+01
1.836576049761325713e+00 1.147387222802446871e+01
1.278415625750569218e+00 1.253361457053385664e+01
8.591658073934589357e-01 1.232969892718644367e+01
1.422244350716950878e+00 1.190573525525594789e+01
2.195678223023949105e+00 1.081348672502469555e+01
1.017756481249066480e+00 1.224228642619643992e+01
7.221946098233634759e-01 1.219611955318504215e+01
1.513927725208950470e+00 1.292538263290153822e+01
9.223528484778017456e-01 1.176256526078290143e+01
6.085306564749940472e-01 1.208839359179965989e+01
1.654046546606461110e+00 1.208389437396634669e+01
7.020153089807839031e-01 1.171771272298121858e+01
5.810126917066543717e-01 1.266907806738696252e+01
3.668614624368412569e-01 1.291275855533597827e+01
2.108746800835993973e+00 1.312337426413333752e+01
1.803592547869675489e+00 1.247673958665274263e+01
2.053460722256787996e+00 1.247389765470402168e+01
1.669507957783929353e+00 1.244554528933701043e+01
1.507667412395399253e+00 1.175762984572883418e+01
8.188673409683209226e-01 1.162003408604203258e+01
1.964092137989103870e+00 1.234726746087851090e+01
1.658425132318041451e+00 1.233324555020229951e+01
2.047127739263005619e+00 1.242202791692253427e+01
1.288913932266640083e+00 1.223853371696250747e+01
6.652808115413647583e-01 1.228339303647878644e+01
1.364330050415051288e+00 1.233890687240138817e+01
1.079469281192262375e+00 1.264537480715690698e+01
2.262415589876888955e+00 1.279699660636667424e+01
4.934564066025327045e-01 1.221323883412177835e+01
7.043373504629307780e-01 1.227813505251244131e+01
9.944941278712557953e-01 1.262728011112160509e+01
1.054980856707283587e+00 1.262614141426278813e+01
3.910719311726499892e-01 1.223054634274454067e+01
1.584983069985669069e+00 1.207807947178089059e+01
1.156770690399977930e+00 1.246062552687500435e+01
8.105500306144578504e-01 1.225826121792991685e+01
5.932627070435120276e-01 1.235663749458522531e+01
1.831017753458645592e+00 1.103639789154432727e+01
4.447037049523945296e-01 1.275856199820863957e+01
1.442295398337457346e+00 1.291465066175417498e+01
5.951368309943237955e-01 1.251908082956997426e+01
1.068623399908741334e+00 1.216302343109662409e+01
6.835646866146183331e-01 1.241828583163180078e+01
1.221778787505291897e+00 1.233296774068100099e+01
2.040686267715657198e+00 1.249957674798072560e+01
4.343895498210861850e-01 1.296639102457166715e+01
5.680016594009341668e-01 1.278036167833398018e+01
4.853782096898555665e-01 1.204897856551698432e+01
1.912218648347182359e+00 1.226487222630309404e+01
1.564117867151331165e+00 1.304184674711181380e+01
1.947275488503489971e+00 1.239474801292168848e+01
1.665193731147105227e+00 1.221265009504160126e+01
6.328898635828099639e-01 1.223846844825145297e+01
1.877988395645423081e+00 1.237692316063522213e+01
1.199845198595871798e+00 1.209465172248443565e+01
2.050637078014659220e+00 1.229580169730238381e+01
2.039554582773439595e+00 1.231280889263786094e+01
5.448653650491195322e-01 1.255587619519429765e+01
3.310027649744058942e-01 1.283244542787711318e+01
6.860556390641132651e-01 1.163852973525879264e+01
1.844805670643943962e+00 1.217813264998222067e+01
1.221700089413440660e+00 1.200096373239533598e+01
7.452815264852502564e-01 1.240426183792369486e+01
1.742719824622639635e+00 1.279097552482159550e+01
8.951011169959743885e-01 1.212605204125464198e+01
5.951162484186780510e-01 1.221940707607657117e+01
6.704763058031797396e-01 1.188207886293079518e+01
1.428901842633736319e+00 1.172746173055666752e+01
2.038187453953887118e+00 1.086866606286315928e+01
1.883325173739856861e+00 1.303366860460304366e+01
1.695642832477567419e+00 1.169120887568021594e+01
1.935878669961907272e+00 1.234500957701661861e+01
2.063534824089197972e+00 1.225621293587538219e+01
3.798648903008439714e-01 1.258352195450983757e+01
2.225057469132228238e+00 1.204489159619465255e+01
1.442892244340088448e+00 1.205915938302633528e+01
1.189469282003972062e+00 1.197021893272658666e+01
1.226146015542722179e+00 1.181122790997355665e+01
8.461996011147779884e-01 1.241338379688263238e+01
1.966775980626979781e+00 1.187697135081019262e+01
1.393678366252816936e+00 1.235476665768751481e+01
1.091861480175025712e+00 1.168834668530154097e+01
1.377242876026845586e+00 1.177125825933449832e+01
3.792378816801642016e-01 1.234817542076837960e+01
6.425460711502747335e-01 1.169514243527187958e+01
1.754713807594960651e+00 1.118654778222768087e+01
2.009373564040082716e+00 1.252299912529823089e+01
4.973370305689096549e-01 1.214621995132467092e+01
1.485905521673356100e+00 1.219865660360187931e+01
4.884358266411511496e-01 1.262793327114258624e+01
9.343367749198414618e-01 1.203218826425765720e+01
1.549653417010756762e+00 1.187406590375951509e+01
1.445712169232431732e+00 1.220189413905135645e+01
1.901919441716736214e+00 1.106627616545113213e+01
1.062594948040914922e+00 1.200032013302977951e+01
2.855462856013207817e-01 1.354273183091329713e+01
1.391315128209984042e+00 1.225000829414288006e+01
9.185040692337943513e-01 1.257581914547568580e+01
1.491903760983614990e+00 1.259875991404169859e+01
6.427801910408671437e-01 1.251056657890316970e+01
1.464011658961051454e+00 1.212561130896451900e+01
1.994319403380607092e+00 1.183508382455160834e+01
1.658608815148268745e+00 1.211579074991882266e+01
6.806795138977030923e-01 1.209230641557918240e+01
4.398505704962539786e-01 1.221073686715602946e+01
5.015126075365207159e-01 1.204455819506578074e+01
1.937367323079592696e+00 1.248191407022635246e+01
4.100034756132228675e-01 1.262864072862455878e+01
1.882777503431234845e+00 1.246146121413541685e+01
1.818323167142682273e+00 1.154259484377564249e+01
8.005470767832777446e-01 1.218448675504513012e+01
2.085098662619862431e+00 1.234607419826661534e+01
1.800801660709362872e+00 1.247085400994671822e+01
1.735410562801195544e+00 1.248363105481224444e+01
6.766150136420027161e-01 1.242499001815563098e+01
4.246503134587809591e-01 1.296966974151540164e+01
1.742910410407232824e+00 1.204675080721532687e+01
1.731526237722826433e+00 1.205054560632213878e+01
1.641104650762413630e+00 1.198311011016885530e+01
8.464030786062591849e-01 1.248045034785287832e+01
6.470744779737535035e-01 1.257673742938840711e+01
2.012546415504696373e+00 1.262483342159782929e+01
8.252645002234458849e-01 1.242432124967185381e+01
4.134418147553006184e-01 1.252552617560848525e+01
5.091614259799966957e-01 1.217589188852484838e+01
9.360473798928263811e-01 1.234485367294195335e+01
8.461287111590727328e-01 1.264495466931598067e+01
7.326964540215066268e-01 1.268705505049426741e+01
6.173481120012115353e-01 1.177140337427887573e+01
1.103968390829284330e+00 1.170739300343761258e+01
3.586988419411097362e-01 1.263433338530427541e+01
9.399020435746530122e-01 1.239588215475252397e+01
9.060645423754599692e-01 1.200887471549806129e+01
9.881157713956552069e-01 1.251860831499369375e+01
1.885171868087935687e+00 1.160950590374202740e+01
1.414610447596404308e+00 1.189239320383490117e+01
4.736624639440368822e-01 1.308753552019625666e+01
1.365086257144011439e+00 1.289638934477573784e+01
2.018848791545529764e+00 1.216283987500882446e+01
1.341785172397912396e+00 1.168740256131629174e+01
4.249263583511018183e-01 1.239025313048958843e+01
1.319569480899398739e+00 1.225762446207436440e+01
1.589999497731799272e+00 1.231544255858057824e+01
2.072126506776406529e+00 1.243209585525536198e+01
5.927453951179217917e-01 1.251634351730215755e+01
7.867169687330383132e-01 1.261190854818402762e+01
5.895098298733311148e-01 1.272009670649411106e+01
1.319420601277029981e+00 1.195506818550901507e+01
1.996230888411567594e+00 1.155122780863828957e+01
1.115261673420872457e+00 1.221696711315805572e+01
1.067429034562067169e+00 1.220734688885413810e+01
2.012545859258807024e+00 1.228744397367745833e+01
2.251307073279467996e+00 1.199233219353710034e+01
1.788796651498021806e+00 1.234904231736530278e+01
1.347893737307910955e+00 1.200894618723260265e+01
2.014554485177453280e+00 1.242208005351219491e+01
1.764509863976739812e+00 1.250986195213920382e+01
1.077975488951118166e+00 1.171040068934177469e+01
4.801760101955440119e-01 1.255225646920489346e+01
8.744021737474152456e-01 1.224777918779779284e+01
1.416461857224784904e+00 1.217157836867794707e+01
4.659544318001254681e-01 1.285229235516071533e+01
4.253478721968318443e-01 1.258657102126051264e+01
1.670607764503651227e+00 1.205517793893684697e+01
9.254200468295411541e-01 1.179674835340981787e+01
1.533645312300089492e+00 1.186292087375969118e+01
1.702105641899699595e+00 1.174100158689483742e+01
5.903854049195859099e-01 1.239737248995844077e+01
5.906570933360771880e-01 1.249636559530780922e+01
1.144879643008460235e+00 1.236965530490594212e+01
4.175582937990471866e-01 1.310503061386949142e+01
8.901750572797404448e-01 1.226572667372625780e+01
4.611264134389616576e-01 1.288763085447365420e+01
4.773200377590714472e-01 1.268690604066553540e+01
1.565960368392854241e+00 1.265992961818909279e+01
4.927015168593175121e-01 1.280226694899546303e+01
4.886615843191446928e-01 1.268946425151490409e+01
4.128895797754611463e-01 1.284336055011390521e+01
1.256419408626259449e+00 1.192025282136523856e+01
1.246611117270014724e+00 1.220413246566369381e+01
1.045085755676160799e+00 1.209191869474641834e+01
1.484016623853521732e+00 1.254460201535952280e+01
1.526130211646261170e+00 1.256080326176783579e+01
1.682231694649630072e+00 1.244127283556306018e+01
8.450676100037557426e-01 1.207896034493825077e+01
1.058086507682052257e+00 1.177666585521169296e+01
1.923370087755539970e+00 1.172880584634490120e+01
5.858704739962035113e-01 1.244520852265637600e+01
9.558162434992714118e-01 1.190791108987907876e+01
4.070344714753532656e-01 1.231929486068583302e+01
5.926524227266988243e-01 1.244237902449347288e+01
1.119947321729936718e+00 1.226554463978755116e+01
9.754041535350908010e-01 1.204665581669375918e+01
1.407314003343985043e+00 1.252613281518874011e+01
1.049248470380823139e+00 1.265007681828225472e+01
1.125439166445926453e+00 1.268662546778545241e+01
2.048176518385917078e+00 1.148985431132448554e+01
9.899708182959451319e-01 1.191533679022102454e+01
4.996099933065036858e-01 1.256049192680579552e+01
6.562770457591170503e-01 1.232762132745208916e+01
5.591158969139644608e-01 1.218477328451189301e+01
6.506202335558572969e-01 1.215254115485242359e+01
7.876258011726195996e-01 1.212743731216904486e+01
4.451120345590733884e-01 1.305227389829858708e+01
1.986676601434837597e+00 1.260433785311322907e+01
5.723121339608921998e-01 1.210740290293251675e+01
1.932873364484016809e+00 1.163950546127678365e+01
1.363958114290349855e+00 1.200161363221737787e+01
2.079884341924526758e+00 1.201245539109667071e+01
1.226997012767528705e+00 1.226108424987756251e+01
1.803218343660069500e+00 1.204632084001700676e+01
1.503249415451807014e+00 1.237345730718947934e+01
9.220641058727709893e-01 1.218196274265172896e+01
4.835862985490370081e-01 1.211680641335367881e+01
1.010099055418714142e+00 1.160683696443484791e+01
7.562302495762215360e-01 1.248572933041816846e+01
5.058695068987468790e-01 1.275449816178832840e+01
4.921810190960814735e-01 1.298015962752507946e+01
1.984296812474098726e+00 1.140761522796473670e+01
4.856491955185536225e-01 1.255422933448998890e+01
1.109813825302533585e+00 1.220321142992626662e+01
2.038600716911506350e+00 1.192960016298958337e+01
2.090677715176350038e+00 1.135793570416735321e+01
1.678602555155690235e+00 1.203509036311070624e+01
9.921959499238748315e-01 1.193614789294984035e+01
1.614948953108451324e+00 1.259841251823178432e+01
1.701366328873912037e+00 1.262130917245489492e+01
1.886593123400918781e+00 1.196648363172314511e+01
9.138886154965571995e-01 1.266840495892610718e+01
3.874787953637119364e-01 1.283284933269006878e+01
1.461740363569339562e+00 1.160891481034583883e+01
1.595515718728795607e+00 1.226795616295314417e+01
7.585828393279721027e-01 1.199358425359559632e+01
2.064700997065380239e+00 1.148960709015991455e+01
1.337006186674896124e+00 1.146206555402140204e+01
9.579129153184703371e-01 1.142814995224604679e+01
4.981868849718468217e-01 1.255071973025044585e+01
5.905273714267683660e-01 1.256545617584241015e+01
1.594229293005315018e+00 1.214871223391814858e+01
1.948398110248442450e+00 1.219287955268776713e+01
4.611521611664902709e-01 1.290670889181685688e+01
1.008574264966500156e+00 1.242837752275419838e+01
1.948533661257731975e+00 1.243060634202366010e+01
2.168379287492387064e+00 1.227119191603065751e+01
1.945572409896009214e+00 1.181453023476142050e+01
1.826816964357127038e+00 1.250652666182499573e+01
3.884712134664761174e-01 1.267417344364433696e+01
1.143692854461771935e+00 1.248023864399356775e+01
1.984590555850306748e+00 1.291966231523364250e+01
1.693768362743437672e+00 1.278727397112012376e+01
1.416776328485327419e+00 1.264793848063897563e+01
5.544560880569914252e-01 1.178973037802598967e+01
2.083507070386676929e+00 1.207394189680117869e+01
1.615349865346427105e+00 1.180295346044853488e+01
8.963121307081096667e-01 1.239503781186706810e+01
5.743268176347262610e-01 1.197189656918809675e+01
4.730687300416158703e-01 1.277516327659366802e+01
9.495874949125489017e-01 1.225887546659413729e+01
1.371442162785902807e+00 1.240149022398230905e+01
1.689568776517343496e+00 1.197049468295484154e+01
1.999797074429946253e+00 1.165331133475890901e+01
4.889581629954831143e-01 1.256806375131010256e+01
2.022624181415503486e+00 1.208214981847585001e+01
4.908566724470889708e-01 1.256924031595384861e+01
3.128242179315768312e-01 1.316667519610288117e+01
2.910958505559101406e-01 1.349039491155086523e+01
3.915636083559582148e-01 1.295035168108050705e+01
5.585663379963785591e-01 1.236171621013172839e+01
8.184744781867810959e-01 1.181389867081394662e+01
2.091893030935269238e+00 1.172209597105401357e+01
2.064791683485446949e+00 1.265895732012678465e+01
4.209507641822222146e-01 1.276394776877540593e+01
1.850569533066213301e+00 1.217342180912864613e+01
4.135035128452707043e-01 1.285066584503100806e+01
3.394217345113469397e-01 1.328123949598181497e+01
1.286698639272590095e+00 1.233000742765969093e+01
7.962153176388957476e-01 1.245721472595420209e+01
2.073289284575117630e+00 1.220288635685152911e+01
1.637928931676514432e+00 1.130543326719671704e+01
9.839299767659583917e-01 1.196278814264039347e+01
1.866106915949985456e+00 1.224405707321840531e+01
2.049904064736289833e+00 1.207258120376754995e+01
2.170189917882092701e+00 1.195345665087036124e+01
1.188960899263945326e+00 1.248365531369342918e+01
1.679070058374873664e+00 1.264576088276962906e+01
5.189519894896127417e-01 1.211122747452802528e+01
1.301817374365822122e+00 1.206952651175672742e+01
1.319233012986052778e+00 1.263002789482765209e+01
1.924131235052771283e+00 1.258729716867291870e+01
1.123470207443161950e+00 1.223420590689728904e+01
1.818516270065028584e+00 1.287174349415380803e+01
7.238505316670094114e-01 1.191096263865329519e+01
1.008761406704533181e+00 1.199874011440989108e+01
5.663026797728014650e-01 1.238697097144036086e+01
1.499984818143653031e+00 1.267334256504982726e+01
3.681600613543415945e-01 1.322875257340391819e+01
1.242895852717389005e+00 1.248191923577757478e+01
1.751504110787361235e+00 1.241327554000194944e+01
2.021231616992705149e+00 1.291528311447083688e+01
8.076553240301905801e-01 1.255378163331349128e+01
2.211333472293542268e+00 1.121909067875983901e+01
4.376247867984183193e-01 1.220860291947796661e+01
8.693153341469483930e-01 1.259880562809634696e+01
1.678499295497116295e+00 1.286829542303698659e+01
1.611848571215660053e+00 1.285735155160356236e+01
6.900301395879184785e-01 1.237772284238957177e+01
1.563465154972793592e+00 1.218724332737284755e+01
6.661199098504481109e-01 1.254355624665988067e+01
1.587472442528758076e+00 1.200747307679347209e+01
1.186198343281764211e+00 1.211205877131989617e+01
5.895999474916772121e-01 1.255325658847038106e+01
1.839505097378460574e+00 1.245662944771745195e+01
3.318962732835072926e-01 1.338455604899082374e+01
1.993387519665887675e+00 1.265500820663424975e+01
7.430652790907985583e-01 1.216000424157688897e+01
1.215413684162250041e+00 1.229727248975056497e+01
3.412503157184239022e-01 1.333487966525034096e+01
6.569543442173215730e-01 1.213906506762223714e+01
1.141045913348857521e+00 1.210189966809717710e+01
1.526316466106913960e+00 1.234565991597608203e+01
1.433893706567306525e+00 1.229730101566162404e+01
1.804837496752935255e+00 1.240420759023188424e+01
1.919063933173992931e+00 1.235369048806536973e+01
1.707546959404439901e+00 1.251454561245985708e+01
7.774049601720004476e-01 1.247919376296992233e+01
1.589251465186747536e+00 1.192755633922054592e+01
4.671125026321374385e-01 1.223209028471788429e+01
1.084622773765184789e+00 1.269017186857724511e+01
2.115581913093858901e+00 1.173762848091882738e+01
1.061180447837913432e+00 1.221729975166875448e+01
2.126712346842652313e+00 1.195964470243367828e+01
2.143038842227102503e+00 1.194891969571856727e+01
4.470005754799767361e-01 1.281365119897481719e+01
7.731436643429611122e-01 1.227540796360698039e+01
2.058940909385450269e+00 1.271374083813963729e+01
1.441323780912716179e+00 1.241923202328843523e+01
3.275321174077264197e-01 1.301583530377503806e+01
1.727000659500881108e+00 1.261517984850546092e+01
6.302172315940464120e-01 1.281754417856573802e+01
5.937323828911932333e-01 1.173313784236058055e+01
3.655304016058959493e-01 1.292262830793563744e+01
1.235473002584379643e+00 1.252095457323370908e+01
1.077622847313121968e+00 1.226774974255844164e+01
8.797471116929909130e-01 1.207945451773780654e+01
6.303789052453073749e-01 1.178269557555963587e+01
1.875185006414985756e+00 1.224672571267801047e+01
9.843968018399391617e-01 1.241841751391911153e+01
2.192403813374198762e+00 1.097998705802142894e+01
4.647296283778071246e-01 1.304047883468554403e+01
1.520066866609420808e+00 1.289219024533175428e+01
3.943010275664099451e-01 1.282863669251467975e+01
1.259781540640160458e+00 1.232204893215081398e+01
1.565719101922917300e+00 1.249170351093805209e+01
5.170486170304599005e-01 1.235680638782793395e+01
6.933863543933076468e-01 1.241228218466084066e+01
6.907617773042500353e-01 1.239082209341596652e+01
1.815915578099126737e+00 1.271644635446567584e+01
1.854830321356274903e+00 1.201706965340443212e+01
1.725761516804052764e+00 1.267529588863393109e+01
1.420174571268978836e+00 1.209935810101229769e+01
1.384286281533145813e+00 1.211738555936700479e+01
1.669198399524298937e+00 1.249404426346425367e+01
3.348327512344629331e-01 1.301226529575143154e+01
8.751458267301612803e-01 1.177797043099548269e+01
1.693682975692948567e+00 1.160963479688234656e+01
1.641507491930670470e+00 1.277373878621816239e+01
4.422730501386296087e-01 1.300305649465227553e+01
1.536513161887386625e+00 1.250200239514428802e+01
8.966127630598970111e-01 1.239561210714818706e+01
6.634704313384962582e-01 1.223054968512303908e+01
5.681489541856654668e-01 1.265196949208047172e+01
1.431669308746689184e+00 1.217522442066566946e+01
1.228183691285753332e+00 1.209196072929728594e+01
1.222283854937248337e+00 1.240800386352059981e+01
1.927707075558367178e+00 1.171102635344647780e+01
1.842939110985080342e+00 1.258194070232715411e+01
7.199596243194777978e-01 1.213238357768811682e+01
7.718184073956484426e-01 1.212163416567261542e+01
1.023594930827227634e+00 1.215378185727417382e+01
6.432549356417216480e-01 1.224880927513539319e+01
1.722231938429291009e+00 1.214255270135042508e+01
7.910773668734747410e-01 1.228093067468794608e+01
1.912010238032977760e+00 1.162585105360620830e+01
4.442248889658925171e-01 1.268853470725512445e+01
7.977398026055890767e-01 1.227053821634751074e+01
1.961849009088080242e+00 1.123246125981085264e+01
1.285508419164192562e+00 1.197124791595773097e+01
1.436877567783045428e+00 1.256551299946732669e+01
1.328446415888490995e+00 1.171413308058995995e+01
1.718646836901169817e+00 1.220221179412346579e+01
1.917096025006203686e+00 1.302237795630855288e+01
3.764512556689299516e-01 1.311422856931793213e+01
2.962417104505747911e-01 1.333207522172326520e+01
7.836841532919562869e-01 1.183340558320407077e+01
1.782505957585047707e+00 1.171878548229042671e+01
1.586185189757055136e+00 1.193792709627936510e+01
5.793205829522733996e-01 1.285797532727682047e+01
1.456710696218868728e+00 1.263691377860692988e+01
7.505085836890248441e-01 1.265045157633282003e+01
2.058443263542422574e+00 1.195543016000679692e+01
7.502857335898036606e-01 1.187267110715955987e+01
1.101386271327202460e+00 1.178962614019317634e+01
2.234058309721321578e+00 1.157532888429100559e+01
5.121714311321368118e-01 1.233558195913759370e+01
2.819279721300566588e-01 1.344851258179472708e+01
5.018339701450250656e-01 1.263888569090535086e+01
1.979280438835486100e+00 1.190132509504730862e+01
8.119407539374339233e-01 1.223975846489810415e+01
1.940417042680703474e+00 1.263632778067760398e+01
7.607883923717969621e-01 1.176215919680291933e+01
1.802030343805727908e+00 1.207183939577150866e+01
1.479112981820068562e+00 1.194073757097472743e+01
5.749073538059078503e-01 1.263578139100190434e+01
1.760826617250494941e+00 1.272885973836859286e+01
1.646600703096000595e+00 1.267013678169666946e+01
1.533875877951992761e+00 1.262135565621739985e+01
9.042845931289714700e-01 1.246635432970395563e+01
5.922681187726422936e-01 1.255306939029977720e+01
4.355540023956731566e-01 1.293662877228497976e+01
1.465084311804732531e+00 1.168436878042858496e+01
1.412908588923599496e+00 1.255785233802759748e+01
1.963567796556523692e+00 1.195503657064728920e+01
6.903331558622306519e-01 1.254208537396480772e+01
4.447335290726359691e-01 1.262084957535972762e+01
4.113230740459232204e-01 1.287392090378390108e+01
4.223892545973766954e-01 1.281580971489611720e+01
7.510168214571917300e-01 1.229048525808274306e+01
1.294274260096825113e+00 1.246317205974106024e+01
1.658456255842646332e+00 1.246352876953017841e+01
1.510983987923051330e+00 1.238201543943320004e+01
5.346053485541644168e-01 1.191574806161167110e+01
1.044742861578757509e+00 1.148377145518938924e+01
1.314591634413360133e+00 1.204307305922784543e+01
3.777515181703487435e-01 1.302060531861442172e+01
2.145921504774272126e+00 1.245503566034565424e+01
5.610687961666445123e-01 1.250004206189536227e+01
6.120661416162217483e-01 1.243275287417308661e+01
1.787720883627401225e+00 1.128494095957893428e+01
6.789083818458753194e-01 1.190675489356291905e+01
3.572993046136902495e-01 1.346569820706204723e+01
2.074216328758393679e+00 1.207050036577523677e+01
1.146848821848943212e+00 1.251249355381808748e+01
7.144982211339264699e-01 1.244959606085559400e+01
3.804642793181726712e-01 1.290482870553270267e+01
1.457106138358113423e+00 1.196948625148544743e+01
3.631934406183803810e-01 1.282590732739420680e+01
2.017584388873747692e+00 1.198685628395171143e+01
3.524864508950109609e-01 1.293391229652227281e+01
1.971556847707012450e+00 1.117184256759631644e+01
4.967892758473849146e-01 1.233936173233259481e+01
8.445311232366639054e-01 1.248124717264106565e+01
3.233044473526389129e-01 1.335921669647641785e+01
1.584353279800879921e+00 1.219070884539075195e+01
3.345807670003267398e-01 1.300469938734472208e+01
1.096229682540832862e+00 1.201909936056302541e+01
1.162658630399019177e+00 1.228065097920794457e+01
7.693024552176965791e-01 1.215080276618359356e+01
7.588991776279587764e-01 1.251671812354436319e+01
1.372124370086013068e+00 1.275757374710995151e+01
9.407888032639175613e-01 1.170209470611414559e+01
3.423203007421253274e-01 1.298222986775345689e+01
6.304322400139590332e-01 1.229628518579852603e+01
1.750757527232156496e+00 1.162281297768635291e+01
4.297935829009451036e-01 1.230450297991565023e+01
8.707228423951547391e-01 1.265957334276160928e+01
8.985968429207831232e-01 1.266340745384614763e+01
1.161397386843305402e+00 1.262590728315581501e+01
1.283512962963582416e+00 1.265868719484557658e+01
1.394816875828053915e+00 1.155043564226046016e+01
1.618391453794020274e+00 1.148358364106975493e+01
1.972567712495884695e+00 1.203314627047284446e+01
1.252472799684169802e+00 1.214155652305926658e+01
3.659368860671375900e-01 1.300345070674014814e+01
5.444284519559161595e-01 1.207775929569308815e+01
5.221805609129454018e-01 1.211531854226846505e+01
2.111283061242056114e+00 1.188507356507968105e+01
9.123247051191620827e-01 1.180636592625917203e+01
1.029814023118271304e+00 1.185344491461817640e+01
9.286882604727531021e-01 1.203911038956585422e+01
2.005361106745174649e+00 1.229923775664299335e+01
1.664481011823917278e+00 1.176539344405754051e+01
3.709368609026345576e-01 1.248021917710642725e+01
7.370448726535948625e-01 1.178167608027202995e+01
1.727732729556034297e+00 1.164373552363871767e+01
7.768181975155311614e-01 1.241657029709016591e+01
8.647496168752656365e-01 1.235117054884091914e+01
1.469241436102699527e+00 1.260997520544915673e+01
1.556191876365053961e+00 1.297293675902209209e+01
2.050572171631284579e+00 1.203414920217195316e+01
2.080717787101063809e+00 1.315432928615146579e+01
5.373465317486384452e-01 1.237149236709145761e+01
1.086443831534148918e+00 1.253339978418180500e+01
1.992289044504314877e+00 1.182344863869310281e+01
1.980829441137785141e+00 1.182928164819269412e+01
7.445314356161080172e-01 1.192496709427718926e+01
3.206613158456101953e-01 1.282837788878104845e+01
1.556160428456550004e+00 1.184541097958065947e+01
8.236238296260559588e-01 1.166930333664394404e+01
3.927109708009692834e-01 1.232276634902012802e+01
1.154640578992011113e+00 1.231047231469855596e+01
1.176078810563247590e+00 1.232117075762174174e+01
1.333164705802911909e+00 1.176199952911667523e+01
9.343324168544051567e-01 1.169918687422042680e+01
4.605200851449256505e-01 1.224941154705295965e+01
5.315487634700335473e-01 1.202628904395375820e+01
1.672400162027478210e+00 1.232558980184047215e+01
1.026287234657206948e+00 1.260355637191255163e+01
1.299471948102874252e+00 1.183303217095130577e+01
4.131546709350631952e-01 1.306100816501147754e+01
1.834965850911640439e+00 1.179258060238250749e+01
7.220455215951395722e-01 1.249054089306086013e+01
1.133631185062873081e+00 1.255937309412409242e+01
5.141530108924388109e-01 1.223520101865367060e+01
1.587151008620543591e+00 1.247337841049670537e+01
1.268698160885728843e+00 1.256849555635815108e+01
2.152965832710207916e+00 1.251750583498033897e+01
1.983178523479161459e+00 1.271124020159372314e+01
8.190462071029724900e-01 1.214136213485329385e+01
7.817102126542579965e-01 1.215927646686455788e+01
1.861204369928789681e+00 1.256128413876414918e+01
8.641188467551246255e-01 1.216324571063881343e+01
2.134015391616595814e+00 1.245189540411572970e+01
1.269570755299247677e+00 1.225659470064607071e+01
6.250112657684075979e-01 1.247916113098789559e+01
1.717469002080513452e+00 1.208472249691465628e+01
9.929311387464874183e-01 1.199935926620725724e+01
1.218912531034912039e+00 1.264567270902954199e+01
5.306122893541127539e-01 1.256265028527064764e+01
6.769733849354127031e-01 1.240927618121778053e+01
2.994908165813526257e-01 1.314298113783913813e+01
1.131086315494784333e+00 1.219526516938321237e+01
6.657111859955952005e-01 1.228690274851818742e+01
2.149978626112488467e+00 1.260417623161093381e+01
8.831384258390903019e-01 1.238630815325539025e+01
1.437717628918463442e+00 1.280858600134763847e+01
5.489094035315917885e-01 1.191583381063484381e+01
1.749612728914751392e+00 1.228319706497633312e+01
6.553389721336029261e-01 1.190417538743958303e+01
8.750096591396749890e-01 1.244437389597361943e+01
1.875705570058699312e+00 1.166218287401734344e+01
1.452857065298144512e+00 1.214339523453445935e+01
4.029229315232980557e-01 1.261849961537879139e+01
1.288461566887100673e+00 1.211550586800579943e+01
2.103592615882043493e+00 1.176096675930144464e+01
8.064288901660319198e-01 1.182021653611296763e+01
3.479839342320204532e-01 1.297431384927556586e+01
1.720576956419087367e+00 1.225278778895270015e+01
1.522175764881838367e+00 1.261688690093690290e+01
1.610485676991820325e+00 1.177058327914724778e+01
1.194386457827786296e+00 1.172581955042737611e+01
8.100515383947597403e-01 1.259772573811085472e+01
6.817947152291617963e-01 1.262779417985322716e+01
6.043393620554040613e-01 1.208908347295366248e+01
8.768401652111558198e-01 1.254995062637853742e+01
2.939634345977089613e-01 1.333668248613057372e+01
9.637374364062945009e-01 1.220280924143403034e+01
1.294607266958925917e+00 1.236214017864245385e+01
8.075282279718603018e-01 1.220243798187273576e+01
5.639891656054729641e-01 1.244712737194906005e+01
1.446241038433092152e+00 1.224307406898595652e+01
1.248882334781094894e+00 1.212440777471521436e+01
1.497196888102307222e+00 1.264719455847542484e+01
1.512127496691590522e+00 1.264727113833690098e+01
6.789591869929492152e-01 1.217033532121335604e+01
1.369789285173889981e+00 1.283776543722988350e+01
8.203780019306399218e-01 1.258852515733047461e+01
6.743278015786290380e-01 1.238186805759157672e+01
1.255431814274204250e+00 1.248636451849614737e+01
2.034867644593232772e+00 1.251923693168999385e+01
1.833564424421183503e+00 1.166040118616592203e+01
4.604667427879930441e-01 1.253189829089562579e+01
6.261596444340153944e-01 1.221098424759591516e+01
2.116750905341050260e+00 1.267499652679181921e+01
1.770310050444241279e+00 1.224950076284161327e+01
1.872008943768920020e+00 1.222417309821427800e+01
1.037032923985795385e+00 1.203503747722407624e+01
4.817028486872050319e-01 1.233084154130001586e+01
1.016491890937474718e+00 1.218712866891638313e+01
2.082418477327453665e+00 1.305255341447972839e+01
1.671238572611365658e+00 1.301823701568274672e+01
1.966587566623192673e+00 1.284471551745580342e+01
2.279659291516642927e+00 1.155922703183776079e+01
5.885121800735667597e-01 1.236217431715482817e+01
1.312735174727199583e+00 1.152661477500667253e+01
1.960206218902555531e+00 1.280897559987201539e+01
1.843814794475282071e+00 1.198972217992763589e+01
1.041137597882911603e+00 1.248424424208232608e+01
1.352183979248929413e+00 1.242414386501788393e+01
1.030402893805223208e+00 1.232730427724031763e+01
1.017290323702083388e+00 1.232476631953645452e+01
2.085626231836976707e+00 1.273888225683046471e+01
5.790200348182601431e-01 1.224860681325561629e+01
1.109331534323066304e+00 1.190306056357169773e+01
5.608406961324020612e-01 1.238547117191335900e+01
1.370642810852316318e+00 1.228057061536350680e+01
6.502747822397122457e-01 1.220126665161869717e+01
1.800735383692378289e+00 1.186620827066081141e+01
1.885922150658394303e+00 1.172552554347924136e+01
8.439026571442904689e-01 1.223896648515892061e+01
4.497556672096343910e-01 1.215596369245034403e+01
4.214076854965677632e-01 1.290796701264365076e+01
1.211155418712138720e+00 1.202930689825902455e+01
1.170450356026296657e+00 1.184840032592562054e+01
1.857892420893193730e+00 1.199761061514523419e+01
6.057603412309063851e-01 1.180341872405183956e+01
3.832475056324426421e-01 1.287366759255957405e+01
2.214078855281046199e+00 1.225258911156810626e+01
1.727178119852956328e+00 1.251347636533987639e+01
2.180811549568844931e+00 1.089496729315314383e+01
1.543808105103974926e+00 1.217441833668737061e+01
1.655044475002313220e+00 1.243882004992570245e+01
7.918238035409559394e-01 1.226653088994783403e+01
4.124806733390609659e-01 1.215704748089121878e+01
1.591519836224382534e+00 1.262727051065530226e+01
4.343183241216323487e-01 1.289003684326027432e+01
1.088130354293956215e+00 1.206402403094619480e+01
9.629898914774703833e-01 1.200574258180721898e+01
2.070162725198218645e+00 1.109017007997950088e+01
1.657167750740945467e+00 1.173355310403164431e+01
1.919313721304466869e+00 1.207243003110079371e+01
1.305342782391957890e+00 1.265050270993606674e+01
1.806883075758088930e+00 1.285782595755331670e+01
5.573076585431301355e-01 1.197442767137456698e+01
1.255157035537074250e+00 1.168259003599973589e+01
5.430334742957931837e-01 1.224063520023117135e+01
1.302488926047205453e+00 1.238627286297703911e+01
9.347798305265683227e-01 1.209621972920666977e+01
8.838284407993615144e-01 1.209794479916256904e+01
4.344587943104447070e-01 1.248280941878936190e+01
6.312927097753610051e-01 1.235080511673877801e+01
1.649542818186596982e+00 1.263338163754014687e+01
1.134951075985656477e+00 1.255600313973481974e+01
1.657546983731674750e+00 1.211141035760997475e+01
8.866527905179423241e-01 1.205348145642974167e+01
8.712013254564597853e-01 1.232696821040085666e+01
3.151711584158697343e-01 1.315863113124626693e+01
6.781813159275346115e-01 1.204026103338187248e+01
8.539479404998194800e-01 1.218690934624388333e+01
8.539779423416392623e-01 1.229643048100618152e+01
9.064902688522529228e-01 1.231761729771366731e+01
4.805710417424140513e-01 1.239649814968362485e+01
1.491953612014213171e+00 1.230066870307948967e+01
1.819277714394608170e+00 1.208292374779359690e+01
2.118463434861551864e+00 1.149230734267503884e+01
9.196091017130496592e-01 1.212222335090379488e+01
6.662975221883167265e-01 1.215443653461864670e+01
1.355286507299422905e+00 1.255506451753253394e+01
1.398753947846449019e+00 1.255700572000441895e+01
1.298358359836174314e+00 1.257065743496235477e+01
1.540882193873409856e+00 1.265584781073264864e+01
7.168825306539011732e-01 1.199725792474592190e+01
7.414055364206749710e-01 1.257107443343868702e+01
4.659661866333464908e-01 1.298694038773382609e+01
5.156612182104756137e-01 1.267955082085859431e+01
5.379473563064017805e-01 1.217883401033058277e+01
1.180768225285383721e+00 1.208364900476312975e+01
1.443707154842378548e+00 1.204802939206394896e+01
1.016071833202467634e+00 1.189846877094510269e+01
8.591543062481624693e-01 1.250787833335581212e+01
8.072236742136986720e-01 1.251618317432333249e+01
4.174458687896325237e-01 1.289123374150520185e+01
1.642298443480588066e+00 1.214829838333177392e+01
2.006115509280215647e+00 1.099522123017766262e+01
1.928971401757361148e+00 1.115503770681489470e+01
5.083656842491935945e-01 1.231621329041196411e+01
4.115437750003621553e-01 1.260393325696543165e+01
1.915617963950560609e+00 1.222444105504099099e+01
1.446835855962338657e+00 1.213428317152889413e+01
7.464810708260146699e-01 1.259241040827610547e+01
6.562506946633052118e-01 1.263958377812229550e+01
1.619294269934077324e+00 1.239548285670361061e+01
1.762818847600923222e+00 1.217519653200187690e+01
1.348006215424927934e+00 1.220283327669741524e+01
1.774180655557679565e+00 1.283675187485875036e+01
1.664230487046583162e+00 1.282139468091813406e+01
1.193703670700962727e+00 1.215731081935708602e+01
1.945961923810315186e+00 1.207250463667328866e+01
8.811106072529082400e-01 1.223589742362976018e+01
4.829016663560651290e-01 1.269412932964188556e+01
6.548800875243196984e-01 1.237796765729672721e+01
1.859653435298863400e+00 1.126272856023103408e+01
5.582312784498980607e-01 1.235258607275857656e+01
9.330107880119006269e-01 1.207659019624863994e+01
1.651532858031199202e+00 1.294879734759053136e+01
8.385752407589984747e-01 1.264460197469269431e+01
1.919846254192848711e+00 1.192361529594528413e+01
1.523178917009474276e+00 1.225674368969949946e+01
7.707670431924311671e-01 1.199826211493753192e+01
9.448244790188158326e-01 1.246446893681326884e+01
1.509440046122057399e+00 1.255512011069536626e+01
1.265759652611360586e+00 1.191296838735753205e+01
7.701140973810527424e-01 1.187393792034538542e+01
5.057781779095279484e-01 1.229932823680232090e+01
4.065087309263094029e-01 1.266921777997022502e+01
1.157075339670472935e+00 1.242886642917996909e+01
3.111600082215875696e-01 1.316419173049115798e+01
1.224980681607757971e+00 1.164598901222458593e+01
1.960266068164318254e+00 1.162159614140634467e+01
1.543029297358205376e+00 1.234644190010489595e+01
5.927577654180784528e-01 1.230570974566125564e+01
6.768407525745556708e-01 1.157958566993850802e+01
2.055590643881310964e+00 1.272848641860126051e+01
1.239476841177354016e+00 1.233654036782481889e+01
3.423523287804159376e-01 1.290606365350341278e+01
1.934649709882644064e+00 1.231471011996703524e+01
4.329650847758528820e-01 1.263417691920842678e+01
6.784379124399224636e-01 1.210572589079140648e+01
1.740124863672596556e+00 1.187479282639482747e+01
1.084195651973246077e+00 1.209524181847457136e+01
4.431997162938830503e-01 1.236363027616818755e+01
6.905944069242468952e-01 1.246872636735773732e+01
8.322437936903592792e-01 1.243809149134075476e+01
1.741667227060054168e+00 1.293630991808824504e+01
5.280284251340470192e-01 1.277707592752873111e+01
7.635124349579827108e-01 1.247797760360356101e+01
7.178161437332506445e-01 1.224337364436658149e+01
1.115487957322075951e+00 1.252691804755277438e+01
1.620634028247927683e+00 1.254054114892679550e+01
1.008865379245474259e+00 1.244388649095262878e+01
4.453084004529517803e-01 1.220612450992442710e+01
1.293777395781353201e+00 1.247789419814547074e+01
2.136943885861864789e+00 1.175334140290177842e+01
8.130644879358627231e-01 1.256296532053607429e+01
1.484006059151061319e+00 1.221066331596019516e+01
2.100900652291004977e+00 1.176634396324067566e+01
2.104199867047872541e+00 1.176058444736664121e+01
1.115502364615107878e+00 1.194875076516150436e+01
1.127397749605810295e+00 1.194749657310356206e+01
1.215202956863876915e+00 1.216416430610462385e+01
1.024470771373699796e+00 1.222611036561597864e+01
4.442664352023734664e-01 1.283484820334840748e+01
2.146985147537066929e+00 1.267306697298974250e+01
2.139109248482644166e+00 1.267771441780422137e+01
4.602495204813695784e-01 1.232023263022214188e+01
1.799856363943758364e+00 1.219273816087845219e+01
6.569444667238341085e-01 1.160521357678170951e+01
3.443034962321471215e-01 1.293931686470335762e+01
6.592501474569328890e-01 1.183622999171852896e+01
1.422102891475837350e+00 1.209661140113911770e+01
6.253034479396951673e-01 1.193574074958223186e+01
1.253106105818433180e+00 1.253841914723980189e+01
1.503301819971801567e+00 1.241917840728268096e+01
4.294534899768702174e-01 1.263925577824593205e+01
1.615792512673193793e+00 1.269548610155109003e+01
1.113489082954675080e+00 1.194797039121087856e+01
8.873517155738556150e-01 1.256164106209112497e+01
3.450626902957144582e-01 1.321380205657509421e+01
7.027139535147557403e-01 1.248474356298741128e+01
1.117616212553217192e+00 1.253169832238224046e+01
3.392523423279086292e-01 1.293310487029761013e+01
7.247287632288762493e-01 1.248005062131186094e+01
9.665464243617331030e-01 1.250013853368123762e+01
1.797803268843133351e+00 1.232573417616475808e+01
1.363922195425342210e+00 1.220178277584661686e+01
9.486833891672994401e-01 1.205660342457549561e+01
5.588887588668213224e-01 1.252804707464787448e+01
1.091705083842062773e+00 1.222391792894303109e+01
1.818831950703586164e+00 1.282326252875657246e+01
1.839782744053959584e+00 1.246603143525851465e+01
1.071114025573802087e+00 1.222745664748867789e+01
2.108716941349867202e+00 1.265566613485720993e+01
1.976321630770252469e+00 1.204362662895975333e+01
1.824944791378259046e+00 1.216664925603713598e+01
4.350510595685552762e-01 1.304823169520673609e+01
8.238026174172865534e-01 1.244492814969787453e+01
1.487276477428881805e+00 1.204367879472811431e+01
5.336453934956792988e-01 1.235710632561023026e+01
1.029281293687060117e+00 1.187162233547721613e+01
1.874506497820846995e+00 1.148875945532230425e+01
1.532956344615610478e+00 1.266090404258854996e+01
1.189084853452058166e+00 1.192354516019700306e+01
1.184505560772431298e+00 1.170018629972089741e+01
1.716545179306892432e+00 1.170201251369442375e+01
2.195288572308819131e+00 1.189106191397538126e+01
4.816828927884414524e-01 1.286346078731816434e+01
2.067958012016105851e+00 1.144463220015739324e+01
1.442847596838210178e+00 1.221576530851887554e+01
3.761262407469248559e-01 1.259373247913699601e+01
6.830923302584290813e-01 1.208412140903455700e+01
3.963996737427297745e-01 1.324164326554022963e+01
2.032832172180787822e+00 1.210127588178516156e+01
1.770527997319715885e+00 1.226811097068429390e+01
1.134312258885013636e+00 1.257033004058401104e+01
1.716327192136981150e+00 1.256185140452917359e+01
1.215993430796567187e+00 1.248000556060455324e+01
2.945256094918283218e-01 1.353133950824104303e+01
3.330310952181683160e-01 1.302484815168390320e+01
1.986594006402571333e+00 1.228905126812045978e+01
2.062088284368220226e+00 1.285219856918401504e+01
5.893517394297970169e-01 1.202398828584601809e+01
3.868979622678744290e-01 1.270441641080888751e+01
8.659812993828555072e-01 1.200161885250632210e+01
1.010885497912840547e+00 1.246743263334375307e+01
1.970746830438256270e+00 1.196470408719079970e+01
1.051614588675240825e+00 1.215812078538452035e+01
1.796942093408042895e+00 1.232767746516706886e+01
1.943400889129714093e+00 1.235991668693015200e+01
9.964300558626038029e-01 1.189665525744801400e+01
2.885575316889783526e-01 1.356415724984530868e+01
3.179912058082267623e-01 1.311771011751873139e+01
6.691372597896796393e-01 1.217933376653460265e+01
6.746973800716599134e-01 1.217617216203123576e+01
5.400548972103621503e-01 1.232536212251796215e+01
7.182872143711549473e-01 1.208470746595473955e+01
3.818870687565187327e-01 1.294239844361233338e+01
4.142722371122555258e-01 1.273315401019726245e+01
9.881045044152823031e-01 1.231017125754596897e+01
6.959527854639293576e-01 1.221107036776311006e+01
1.978867685570672830e+00 1.286811063362697993e+01
3.950748363645614214e-01 1.260588623013287801e+01
1.780888783799077224e+00 1.225766873492426789e+01
2.149070973601673984e+00 1.237048032054178570e+01
1.935994023581770751e+00 1.249273993614663070e+01
1.523073080381286415e+00 1.163222517702457104e+01
1.135727150179010270e+00 1.182087644060073117e+01
6.523883367385213683e-01 1.258297231645867420e+01
1.431611023278893224e+00 1.215881798168846828e+01
1.734743773894749763e+00 1.218227517639139634e+01
6.869541851386316011e-01 1.165648226387526165e+01
2.859909909523448701e-01 1.335184557399283811e+01
2.976002173028662878e-01 1.316543142941695343e+01
1.290533020633882533e+00 1.150779498682245361e+01
1.217440042245098830e+00 1.155012709396902437e+01
3.481800993676226752e-01 1.310347596787485536e+01
9.190434798163459318e-01 1.213654038160741067e+01
4.828683170383033518e-01 1.274459563352662350e+01
1.871990965706137766e+00 1.283806023528568474e+01
1.403302874941547040e+00 1.265127176560469913e+01
5.109667892288651814e-01 1.298268271298307042e+01
1.087884781010727941e+00 1.249449635454852192e+01
1.427249828221676564e+00 1.254238283709093160e+01
2.195212360946062091e+00 1.279735627624246952e+01
5.208716698100771536e-01 1.284971487409665691e+01
5.431791068681145473e-01 1.279751498318612590e+01
1.210216545534538390e+00 1.216018419134273465e+01
8.172887890752776885e-01 1.193591269043424852e+01
9.774189422072574462e-01 1.230364154270385235e+01
1.115606143287023233e+00 1.212454934388195937e+01
2.004668370396364807e+00 1.159368646170638684e+01
6.437194427395689367e-01 1.221175766870297075e+01
1.845900560521586575e+00 1.219960947866626633e+01
6.381368988607647452e-01 1.249664131101834563e+01
4.637439144904805799e-01 1.198522356166208880e+01
1.627566892163826884e+00 1.270616297286364649e+01
7.203109004625960488e-01 1.239107442984195195e+01
1.244600955703064615e+00 1.221328407515228420e+01
2.004838263639397322e+00 1.184553334695910642e+01
4.718267567522725914e-01 1.236225414319501503e+01
1.475286009570007328e+00 1.161885044499010355e+01
1.150684595122426268e+00 1.220402892997401345e+01
6.343757548103532429e-01 1.244133257495843559e+01
7.596252040054827237e-01 1.192300103647808385e+01
4.986015549069898189e-01 1.212823968769731486e+01
2.042273133634453064e+00 1.177004428093508892e+01
1.907130397314095394e+00 1.162352008115430380e+01
1.395263548465440540e+00 1.209214245797449294e+01
1.333248065379125880e+00 1.244101664004835683e+01
9.760408822672912432e-01 1.237957791558043574e+01
6.455375748215076426e-01 1.238281518238099288e+01
6.063362785314743153e-01 1.231835568518947355e+01
1.318172945125451356e+00 1.232833003517515991e+01
1.642700055771276535e+00 1.160363101134232444e+01
1.084572276454426998e+00 1.167260386964897911e+01
1.093879975691125050e+00 1.179175017382662283e+01
1.250458703143114692e+00 1.178398494688132558e+01
1.445363229287464746e+00 1.245400081391008129e+01
1.751914759456123960e+00 1.243685628633311779e+01
1.761136789388997981e+00 1.243483543571590921e+01
1.877837863409184349e+00 1.248202499695256407e+01
7.718956487932095989e-01 1.192472062586088732e+01
1.614881508337640215e+00 1.242840495387610922e+01
1.017215283205658904e+00 1.207614802387929842e+01
1.648782344617873541e+00 1.212841163484094942e+01
3.868422216149052240e-01 1.273255406418371471e+01
1.467788955642117754e+00 1.275730347953105870e+01
5.715921446847237464e-01 1.272806649536552648e+01
1.912692014924734396e+00 1.175489190245949622e+01
2.090088649029985923e+00 1.152622274487941567e+01
1.728006932320501843e+00 1.253675320080998823e+01
1.956987963341224601e+00 1.257470433627960738e+01
1.163414205090308906e+00 1.258496388877702721e+01
4.593996372573496689e-01 1.199487737134305121e+01
6.678453570517126625e-01 1.170918262422292244e+01
5.664263109016320907e-01 1.209547488546458993e+01
1.113124926092382561e+00 1.191702285595669686e+01
1.735201949502251262e+00 1.193139894353094910e+01
5.657397493502883679e-01 1.266934043516328856e+01
4.294096638105887598e-01 1.309187073185388961e+01
3.176461841115829077e-01 1.305508028375559881e+01
1.036750425315562607e+00 1.203196059597938117e+01
1.601391345786831844e+00 1.251717281768772239e+01
1.623129937687505686e+00 1.140571107735233092e+01
6.339757186326315797e-01 1.245889332848914677e+01
5.036877177084261303e-01 1.269223876090995518e+01
1.560720933530896914e+00 1.212555206547152231e+01
7.485877636980611260e-01 1.206245918701594988e+01
1.602450890426334595e+00 1.276105492577558564e+01
2.293480473916291729e+00 1.295789348724400902e+01
1.652790784783714217e+00 1.252550584579395121e+01
5.209864060916328254e-01 1.261139340250639052e+01
4.354083306722547064e-01 1.252792007853593859e+01
3.424312217366153877e-01 1.314042595664915858e+01
1.630240854660236938e+00 1.239395432482350579e+01
1.270578366852342711e+00 1.200026915576936659e+01
9.933766049784068519e-01 1.192520011244891620e+01
4.660267326541736588e-01 1.295288641119708117e+01
4.743001496618628465e-01 1.188252836018007663e+01
1.750462855099645720e+00 1.249910554016216047e+01
1.315360193608566375e+00 1.247506948392029535e+01
2.039477316101121929e+00 1.181481229073352601e+01
1.638421229791777067e+00 1.223110562837970683e+01
1.262637420681640199e+00 1.237952305872112291e+01
8.449584824121090243e-01 1.231047023682516084e+01
2.195374364748843288e+00 1.207423232928351808e+01
4.938801857408375851e-01 1.280991761364997572e+01
2.050343253093061868e+00 1.206078033878485911e+01
1.354616223180968193e+00 1.266249941074386243e+01
9.185559610355387150e-01 1.188956731334612016e+01
1.927748980205489238e+00 1.201717693585798585e+01
3.928050364249586202e-01 1.272243835618958663e+01
2.064703867008312876e+00 1.152945084689511646e+01
3.163515543511273287e-01 1.307560383213743016e+01
3.269112435710574971e-01 1.294936962867179808e+01
1.581210332530960327e+00 1.179540314482720298e+01
5.817481501700096924e-01 1.213691649046321253e+01
9.632536399520852388e-01 1.212675228678708628e+01
8.345588432948016777e-01 1.250884210679928010e+01
4.594988626181154556e-01 1.297870576137830056e+01
7.737788003518509816e-01 1.220900515048022150e+01
1.721486660047984563e+00 1.252958365364901105e+01
1.841950064392071429e+00 1.207388962310834479e+01
9.751419638076340712e-01 1.185947362642634495e+01
3.353892206308688451e-01 1.353415158498706283e+01
1.925089760342593381e+00 1.197105617879347861e+01
6.325125515668298393e-01 1.239281771021533451e+01
1.960173295780626601e+00 1.278889500002743063e+01
8.189577283141589170e-01 1.157798525309189941e+01
1.230820334787099624e+00 1.158078149133473644e+01
1.978635865750923983e+00 1.110651313587231570e+01
1.590531661692924814e+00 1.162387178909188457e+01
3.694855284227765435e-01 1.331601707240363375e+01
2.163149640539961727e+00 1.305389332287369264e+01
1.831769004541130341e+00 1.302322057906477681e+01
5.786368332393598823e-01 1.201850189210351161e+01
1.472808723848337831e+00 1.225480222739836123e+01
1.971054667007867689e+00 1.262086831000918252e+01
1.042117819021068259e+00 1.235672314500169833e+01
1.019767167994137802e+00 1.237967912220882205e+01
1.405694817416926146e+00 1.271592551167930907e+01
1.633324296935823927e+00 1.102144883304645973e+01
6.977591878436029127e-01 1.210874370112259690e+01
2.012768594855311566e+00 1.222306530253495538e+01
1.554324546643711225e+00 1.213645033881397772e+01
4.232505768248958633e-01 1.291685956347916431e+01
9.644828509121915472e-01 1.240514423693539570e+01
1.785449498735759200e+00 1.249953422741700138e+01
2.010981402102337778e+00 1.229211155199218553e+01
2.155393954367088138e+00 1.164582231283795011e+01
2.006383719796356324e+00 1.195532025879955995e+01
8.470387816745974519e-01 1.202240932488211378e+01
1.341708385460674835e+00 1.182309582245009061e+01
6.387396590188387790e-01 1.226185325653566771e+01
1.521984471188214671e+00 1.248013415557754868e+01
1.815514870408861503e+00 1.154800844754002753e+01
5.603681256285624190e-01 1.234622884172812718e+01
1.568089207009544239e+00 1.258256705013146792e+01
9.381967907313981669e-01 1.243063654147356090e+01
1.243145476045002251e+00 1.215698094201814605e+01
7.687234473218258479e-01 1.223204098849172539e+01
3.577443004265047910e-01 1.321633508295241199e+01
3.613723393557747299e-01 1.285706030283374979e+01
2.064121264427837055e+00 1.293064629287962575e+01
4.246559731956736639e-01 1.304968481975657646e+01
3.101557565175125930e-01 1.316585120034798706e+01
1.621961999352096395e+00 1.175669752677993785e+01
5.552907259187910283e-01 1.199681916805792525e+01
1.551851112885419770e+00 1.227109351513739277e+01
1.303910853760686717e+00 1.228465044818125840e+01
1.994121800025610236e+00 1.208798870062730657e+01
1.171735814887271188e+00 1.264914152026219440e+01
4.081009348590581287e-01 1.318341404504859504e+01
1.776037142482954190e+00 1.128361392145584752e+01
1.313641191455913848e+00 1.150399908473132626e+01
1.537693322855786082e+00 1.287610647845657574e+01
1.323309012135146290e+00 1.275685781062275481e+01
4.078810779388867269e-01 1.315890291849592764e+01
2.082105645038484276e+00 1.190608306844907816e+01
2.106815882472000467e+00 1.165967322232903847e+01
7.434748990353928777e-01 1.249788228542406188e+01
5.272590543440431876e-01 1.204471632382586854e+01
5.464660359668128686e-01 1.194945485168400445e+01
9.962466136522801774e-01 1.247158922673671277e+01
1.513924244666159824e+00 1.243568536904944288e+01
4.103503254310118531e-01 1.297402369310059100e+01
7.851797552096189126e-01 1.223710478767210574e+01
9.125991039681313755e-01 1.226121567263948009e+01
1.325453239104522174e+00 1.188545264009121816e+01
3.830863010255698975e-01 1.241604411734140534e+01
6.174199722175660598e-01 1.238021082442881138e+01
1.944115078093035409e+00 1.153669193970506512e+01
1.874800276129445775e+00 1.159655253002092934e+01
1.069047271722156411e+00 1.228564226916085467e+01
7.581142193942765894e-01 1.221272512078644468e+01
1.874057729939156758e+00 1.100562492657194902e+01
1.309336302771503036e+00 1.253550064515430229e+01
4.342720182572857301e-01 1.276749185329246039e+01
7.459723302502384579e-01 1.231058154441570096e+01
2.003046152107596622e+00 1.216387709825145613e+01
2.884496474416022860e-01 1.306502711284635332e+01
1.896414242185878951e+00 1.237910891301704375e+01
2.169217385821452737e+00 1.226263575932979322e+01
9.596251715177921415e-01 1.191526201407643804e+01
1.369647754144276641e+00 1.278339423014529075e+01
4.255432492324930371e-01 1.311894458545698505e+01
1.003496056746362886e+00 1.211540020390418171e+01
1.984147467681995014e+00 1.194736941964368349e+01
9.809833282844975244e-01 1.234936694974967963e+01
4.430553901996325816e-01 1.276931339351938632e+01
5.759780583054662229e-01 1.183619632484674966e+01
8.695564981442587271e-01 1.249596677451463833e+01
1.177608981024083290e+00 1.258769688130690056e+01
1.575494968649037153e+00 1.264441714067277900e+01
1.639777079969193752e+00 1.245219691638927983e+01
6.055508697140076224e-01 1.222959358965209375e+01
2.199605576736285872e+00 1.266016979856022395e+01
8.461092306850394040e-01 1.261184354922221118e+01
9.586086595411752453e-01 1.197178116925271141e+01
4.131403056068209123e-01 1.305109192363083537e+01
1.706946877598640055e+00 1.278465326929486423e+01
1.407907654697543531e+00 1.236428395058816321e+01
1.872974374953034093e+00 1.242560141432930898e+01
1.699591136657009338e+00 1.187602803614496061e+01
2.054293549882285852e+00 1.295643117663784949e+01
5.858297358192523507e-01 1.251243337628881669e+01
1.540096988111517851e+00 1.165626979616903292e+01
1.236140209397631917e+00 1.179470707023378218e+01
1.716089215679417634e+00 1.179036791716343657e+01
9.038592555042792576e-01 1.252058640526290567e+01
1.636032481118057769e+00 1.176628955845748159e+01
1.426836279574120070e+00 1.185521608988881503e+01
2.039409399752837082e+00 1.179200615084117132e+01
1.855269518968769349e+00 1.190345551981306649e+01
7.513529219286094740e-01 1.266350734929812916e+01
6.767865970224899996e-01 1.271036390279143902e+01
1.675819517641736978e+00 1.273517279402439684e+01
2.097989617370583204e+00 1.227248046363458300e+01
1.503742737799936169e+00 1.262860912342822495e+01
8.875652244129765833e-01 1.235079756201630730e+01
5.456288884557369823e-01 1.179530442425969206e+01
2.135197756231811628e+00 1.217565768072002186e+01
2.124806187817654290e+00 1.218355722790780682e+01
1.199515437809961504e+00 1.263667130383909409e+01
2.006931450515763604e+00 1.183856745856433612e+01
8.709965912441404168e-01 1.260164453346198954e+01
4.823788345351732731e-01 1.242849312114565130e+01
6.879540249665947460e-01 1.242061066180928464e+01
2.151190126573714334e+00 1.274683356300813308e+01
7.732875372264328417e-01 1.194303995659433149e+01
1.968870206512788990e+00 1.252674461941919226e+01
3.739508031215169614e-01 1.284022357743352494e+01
7.656427814388638842e-01 1.197780643023173397e+01
1.853771739780299965e+00 1.289140282832822315e+01
2.079584234469570081e+00 1.216370644995334516e+01
2.039076506577592873e+00 1.221506391027075189e+01
1.957591766972345715e+00 1.153609473095219862e+01
3.755671123808636547e-01 1.291437074460189471e+01
1.053838346714503382e+00 1.219196576377721719e+01
2.172538272424736849e+00 1.150326875741045285e+01
1.878893008737323456e+00 1.240429009230325441e+01
6.289125577725528382e-01 1.181110211095033868e+01
1.443737231055193249e+00 1.168988355142002078e+01
2.120524692577208103e+00 1.194505237938894204e+01
6.783720465942024713e-01 1.235502343967194605e+01
9.798960822665030435e-01 1.265409460981703127e+01
1.385481732760385221e+00 1.262905571540229310e+01
1.481233358566981240e+00 1.183574961686459659e+01
6.788519708243485606e-01 1.188272641530930152e+01
4.151166267540158938e-01 1.254223863562988406e+01
1.409108516053250382e+00 1.281050752499876033e+01
1.699876125707678209e+00 1.297146306315892872e+01
1.200657267284161778e+00 1.258515530726903897e+01
9.924802209713213808e-01 1.255888919917126856e+01
1.058571885726465212e+00 1.231942902659885775e+01
1.226646959287813754e+00 1.239413677815419312e+01
9.530089921412091547e-01 1.220307825068947238e+01
3.440026093569192311e-01 1.277239434731770373e+01
1.385010727645473283e+00 1.251087581151397288e+01
5.621280081032490328e-01 1.241581558621439996e+01
3.815228072759345723e-01 1.291121268813806289e+01
1.183545117210532682e+00 1.214530215729861595e+01
2.039642675164347718e+00 1.044383750598579219e+01
8.136245600150607826e-01 1.265138399162734828e+01
8.711775781893672521e-01 1.264791112526987860e+01
1.550613022858321477e+00 1.280924710584102577e+01
1.346365882656651802e+00 1.162143862183599019e+01
1.203636177136110597e+00 1.160895335519853333e+01
6.517864977128268178e-01 1.234002215308825079e+01
4.452883665130147883e-01 1.251458586925749827e+01
8.221982825638566306e-01 1.212137298107782613e+01
1.573152690945571530e+00 1.236640448346419241e+01
4.257486004291193837e-01 1.293956469356919570e+01
3.125189211554548763e-01 1.384746217853517969e+01
9.877278740114707745e-01 1.255395514688892078e+01
1.545453117132127296e+00 1.239164708397831483e+01
1.719387978192342459e+00 1.132258377785199777e+01
3.381808419201193794e-01 1.309575300116864227e+01
9.207777611530555406e-01 1.191003527092214043e+01
3.877450372032764103e-01 1.283687982332772393e+01
6.588572116644793031e-01 1.257796445851463396e+01
1.507405431410994145e+00 1.254037388430855060e+01
1.632862660920514353e+00 1.262080860779458114e+01
1.469027372523006525e+00 1.259600192737882907e+01
4.439948780185546395e-01 1.319007494486886323e+01
1.349777287522835767e+00 1.269163611775140943e+01
5.482546458129061717e-01 1.181146024206726786e+01
4.060139688732039565e-01 1.272151457825804854e+01
7.625805252204599372e-01 1.237640322451552066e+01
1.368916359392757354e+00 1.239596094796208980e+01
1.316267144507216713e+00 1.199067816267869624e+01
1.900490790232530092e+00 1.186192375702363755e+01
3.245334199817361265e-01 1.311185777538444874e+01
1.579812967387688838e+00 1.164078811849227257e+01
2.041190574202534691e+00 1.204861865769675688e+01
7.004898229047568092e-01 1.183310156138386127e+01
1.179288137661916425e+00 1.210693085595151430e+01
5.470585347200018767e-01 1.225674480255884546e+01
1.109256011241851692e+00 1.214425063829641971e+01
1.307474772312249289e+00 1.269353932958813580e+01
7.171435617013649511e-01 1.243209498396456070e+01
1.893398355626454199e+00 1.087684443105637833e+01
9.671320834145314960e-01 1.222302802078589501e+01
1.855133375513442484e+00 1.213048339339782267e+01
1.965782298242118920e+00 1.281268264383616540e+01
3.365320173100946888e-01 1.324370513934517568e+01
7.603612209324533966e-01 1.191438677902987742e+01
5.548706044910540758e-01 1.291175161144454719e+01
5.815928242554236904e-01 1.230056852102200082e+01
6.007020231016801937e-01 1.227297574371458033e+01
4.670385386461393673e-01 1.228888169227238691e+01
1.715199432927366097e+00 1.217859140871461676e+01
4.820418649529474853e-01 1.222978275279687921e+01
1.927088315795867812e+00 1.134914832270238350e+01
1.846928923658431199e+00 1.268138754061634188e+01
1.237933756952223741e+00 1.225453139079528420e+01
2.161322120156959681e+00 1.111437749615014781e+01
2.045771748454110028e+00 1.155183494250088394e+01
2.033762496470708392e+00 1.239602682228631636e+01
6.117394937791446052e-01 1.217742899558909642e+01
3.721617570207306214e-01 1.298983021846395935e+01
1.899616220801254141e+00 1.193100585320584628e+01
5.302198750214228706e-01 1.241249932134517309e+01
7.080316432016638961e-01 1.226664022315893376e+01
9.754506176932418171e-01 1.218067463215358970e+01
1.794081839948342250e+00 1.218687850927913807e+01
5.518211801589614218e-01 1.240325810973622644e+01
1.792194642919739511e+00 1.214209165781369926e+01
2.066703528139644863e+00 1.211748455032208405e+01
5.346323477012548953e-01 1.198173340210965776e+01
1.620796577661026472e+00 1.210990749707469938e+01
1.969198859866071238e+00 1.225447398442755009e+01
5.666981219166791206e-01 1.228202836076531135e+01
2.018674462799024294e+00 1.121991032898512941e+01
4.093419747589636670e-01 1.268478141397039138e+01
1.005432991921166197e+00 1.193977654259296983e+01
1.912796674554509968e+00 1.157447676585223562e+01
1.495788557551346543e+00 1.178481158231304349e+01
3.894517449276685972e-01 1.312653266425275866e+01
4.459021679089093526e-01 1.279317415255101942e+01
3.775440839288940476e-01 1.282882097175835590e+01
1.035012377928047567e+00 1.223652873324453161e+01
1.910647630160193344e+00 1.131984996897869777e+01
5.065197266224071848e-01 1.230573582183075665e+01
5.558468214804415108e-01 1.159405336787261476e+01
4.446571076936845501e-01 1.186440065923505394e+01
3.500868378341306930e-01 1.299602417331986537e+01
6.080637511374521464e-01 1.242869318179102223e+01
6.172371778826862831e-01 1.178663763537080023e+01
2.200216205597893993e+00 1.144877885452020827e+01
1.764264264946682870e+00 1.177489748675374770e+01
1.786073717375794345e+00 1.238669425882043740e+01
1.112057564574982393e+00 1.224119540906309567e+01
6.957859770766176011e-01 1.245226060728967710e+01
1.801604482726109957e+00 1.171436211705452024e+01
1.383563207224950409e+00 1.181007298960263441e+01
7.076938359903477416e-01 1.167498784554494762e+01
1.344702976793380245e+00 1.175366260714292288e+01
1.573933205283038372e+00 1.190025961350419514e+01
1.593015727085653310e+00 1.176964702423257947e+01
1.374954583338103165e+00 1.176637761911660363e+01
1.452141535933950456e+00 1.243653559798628727e+01
1.735634519537845533e+00 1.244474980819160059e+01
1.143869122640420732e+00 1.159933580870346859e+01
9.285882354219333612e-01 1.168008147867810287e+01
8.434920225830753182e-01 1.182191046868939210e+01
5.281163116046726502e-01 1.214646440918339643e+01
5.367818700960097500e-01 1.281470628672823509e+01
4.523405190357641659e-01 1.306952658387733557e+01
1.730846959524204420e+00 1.203098130870025173e+01
8.734594760589998730e-01 1.220988104080490544e+01
4.342352900772866731e-01 1.290285042665709092e+01
4.834370787241791811e-01 1.295742137781228642e+01
7.289781916518982552e-01 1.262397893307966967e+01
7.200100517064640382e-01 1.211739098620482658e+01
1.419307702256088710e+00 1.245227272828728893e+01
4.038040751918142712e-01 1.286932522549691171e+01
6.035889715603091066e-01 1.227618543795480122e+01
1.651074613852017814e+00 1.262691660736094867e+01
3.551314503144391566e-01 1.312443771548582916e+01
1.543343302934468975e+00 1.249470160724402490e+01
1.765430278287007715e+00 1.204519351065113675e+01
1.995806872371628016e+00 1.185513765991493074e+01
1.241641487708439184e+00 1.217179869125567571e+01
1.980627717746050065e+00 1.210229295048594267e+01
1.388655828348834609e+00 1.231357724774976248e+01
1.460666268864272199e+00 1.229153581678551888e+01
1.982729977265994536e+00 1.208537661633772586e+01
1.684034731055982226e+00 1.190561748251796281e+01
2.132206941047709581e+00 1.174058193087741486e+01
1.107929676566603350e+00 1.206956014575572134e+01
1.625117987163906097e+00 1.249122883436265319e+01
1.358480500714149608e+00 1.256947006310980974e+01
1.991038989153343985e+00 1.234782380960925785e+01
4.703950233908340550e-01 1.267586860775224089e+01
7.490359561403034938e-01 1.236952450238952217e+01
9.621840653742759208e-01 1.229869582010241835e+01
2.112843107830071343e+00 1.241662411881721084e+01
9.638524202498474081e-01 1.228031464805781603e+01
1.998094061616484618e+00 1.212410409589714178e+01
5.726930273263503013e-01 1.251372971254711786e+01
5.790730938745811684e-01 1.239400458351738443e+01
5.321038985385015962e-01 1.248262423715297587e+01
1.968216469993091300e+00 1.234083102475160487e+01
1.311687196545930023e+00 1.245561627313845854e+01
1.886500160290432104e+00 1.292975828646405745e+01
1.893810765392809348e+00 1.277650657162237380e+01
4.914542378559327851e-01 1.224470118840774013e+01
1.093044354870139179e+00 1.211323770821057977e+01
1.585268026329959223e+00 1.204258575106464413e+01
2.007879873226507961e+00 1.283479594914763489e+01
6.289821625876579336e-01 1.266628727529493936e+01
2.117866029776732439e+00 1.196148273459419364e+01
5.931111755238541727e-01 1.191992828105391311e+01
7.949301965193660280e-01 1.178686551388385872e+01
6.934945810919671549e-01 1.187048194535593559e+01
1.964635926652289477e+00 1.182491885082952621e+01
2.055137431537356729e+00 1.278070851503248484e+01
1.650657973548578461e+00 1.224693612227166994e+01
1.045730356714193121e+00 1.224383954708677003e+01
4.871257418560153707e-01 1.251422318225405483e+01
5.342081332232164748e-01 1.215439732586515653e+01
3.951505492725105317e-01 1.268337570102940326e+01
2.053364386345688963e+00 1.201963817417948199e+01
2.011586162030689628e+00 1.281694341386447000e+01
1.861800814807364368e+00 1.292400359253628395e+01
8.239178970698121107e-01 1.164957461499579772e+01
1.682932382900576229e+00 1.257165918195108922e+01
9.119183029768677118e-01 1.253856913202095491e+01
1.230360239401532940e+00 1.251654492944541097e+01
1.490751953032847910e+00 1.250306403188641902e+01
5.030175994926378014e-01 1.255033854927916614e+01
5.786585329895479468e-01 1.240403287493953499e+01
5.058413550496454469e-01 1.237826699187486490e+01
5.890949125589000079e-01 1.223582876824179877e+01
3.296113855415854221e-01 1.306029003171282810e+01
1.483433764152373602e+00 1.190471384463865157e+01
1.834260010231494320e+00 1.243303701795880478e+01
1.158993407848527779e+00 1.203492870494631539e+01
1.281952963128570211e+00 1.243724036272266353e+01
4.659731230231320964e-01 1.271687981707992421e+01
4.660510327654177054e-01 1.271240738042246754e+01
5.612682204675055742e-01 1.246747893530039875e+01
6.738362034728084815e-01 1.226379905545420712e+01
9.470190197711673141e-01 1.226051503462586467e+01
5.338215921601764391e-01 1.260400163180599620e+01
1.804319109313368807e+00 1.197334087789674228e+01
9.471498446217390121e-01 1.262053558204221027e+01
1.766971818233108005e+00 1.238643313932767853e+01
9.147411920018752030e-01 1.206888984638341178e+01
1.972657063448097547e+00 1.299813486233684223e+01
1.800713965451761212e+00 1.294978565866572495e+01
1.923521280529296273e+00 1.295246176054561893e+01
1.873974057744862920e+00 1.264112587166963131e+01
1.918933769123181587e+00 1.265537827385955261e+01
2.150664983031942867e+00 1.243094872421070463e+01
1.054104671258708326e+00 1.228894832948533988e+01
4.614002401446057888e-01 1.275319254308773154e+01
9.985034322688446373e-01 1.204557707136071976e+01
1.039264281428968539e+00 1.206152380560001802e+01
5.880290443585911575e-01 1.256690943090757884e+01
1.185097194600894355e+00 1.250086644521878831e+01
1.370292080757509856e+00 1.196198283945935081e+01
8.887437002524399832e-01 1.178063621756096602e+01
1.108948551957038786e+00 1.245284560176552979e+01
5.534706516479085403e-01 1.274525456449288185e+01
1.543940565641127138e+00 1.257093408996910355e+01
7.083901820223368340e-01 1.257786332414938535e+01
5.603415504603992403e-01 1.172315613780203059e+01
6.257946376276811717e-01 1.165936440340894720e+01
1.029018465187592435e+00 1.245343294375202703e+01
1.091303519889700979e+00 1.247118952377942414e+01
8.721505541854029930e-01 1.257576279949745590e+01
1.097970652192392649e+00 1.258905538502769161e+01
6.150127331950414611e-01 1.200852620937008730e+01
2.069492936145861606e+00 1.251307395075964912e+01
2.124303999238052132e+00 1.243964403110150307e+01
9.408609185630086857e-01 1.208907964888399178e+01
1.114437077274265997e+00 1.241884900244879120e+01
7.808842278355219158e-01 1.241487372719067217e+01
2.029604861260578375e+00 1.169750351223247975e+01
6.256767307229251784e-01 1.266212025993374013e+01
1.909092779745057644e+00 1.290418745820594637e+01
1.344008887628376225e+00 1.217171957038351415e+01
3.741681385061033094e-01 1.309526437100502605e+01
2.120595626657710397e+00 1.212861437438858836e+01
4.357775171067464481e-01 1.303260644364339349e+01
4.592559531409957096e-01 1.250695023920496141e+01
1.020801718236702627e+00 1.213697282095407992e+01
1.558453694070427886e+00 1.164487928895403712e+01
8.852799591270829049e-01 1.211575714512956736e+01
4.321992882587920026e-01 1.216050144057060400e+01
1.308024004520196293e+00 1.194429330525248822e+01
1.328364767013095804e+00 1.224525885490935906e+01
1.658422273465819385e+00 1.236947943007692174e+01
1.320905149448105442e+00 1.229602614857808618e+01
1.347953680051299674e+00 1.231176664974046098e+01
1.470241097331435931e+00 1.207640304405026832e+01
7.421025846905655587e-01 1.202683762778979926e+01
1.902122608230910616e+00 1.150153903610519812e+01
1.318240793527642118e+00 1.230950735564359455e+01
1.662545854525170785e+00 1.242150395239306171e+01
5.927762045153325277e-01 1.227117604847637899e+01
1.555413474316177380e+00 1.183216812468664969e+01
1.646547908335476595e+00 1.171268844991468150e+01
1.773812916671682061e+00 1.263878458989160336e+01
5.229240553766303368e-01 1.223076692529025777e+01
1.966568540263613940e+00 1.130333063124027504e+01
1.905786144910858182e+00 1.283487311987016533e+01
3.260865234398689361e-01 1.341077332043590253e+01
4.581364177325842890e-01 1.246570308149912165e+01
3.434177228915993862e-01 1.319369126086760247e+01
2.119297264659312674e+00 1.227218216302247988e+01
6.722719505162739750e-01 1.261267220846501935e+01
1.952679940969116235e+00 1.240363677119605157e+01
8.592656424292309802e-01 1.236819084090097043e+01
2.968348892414170992e-01 1.333744985800137783e+01
8.347038773064970885e-01 1.230363842495149385e+01
1.978000206071278688e+00 1.251741672619392176e+01
2.029586618369268347e+00 1.250068029102133416e+01
1.654853891397287224e+00 1.266802736216627601e+01
6.950634628434023687e-01 1.247816969639490203e+01
1.741728013938778075e+00 1.137941554059345250e+01
3.336871779630923296e-01 1.282238291135453423e+01
8.673225034531980571e-01 1.221931752891457457e+01
3.912894825597614257e-01 1.289225408908000858e+01
6.293390993508815034e-01 1.200246497039025328e+01
1.773891146532195595e+00 1.256129080367797712e+01
1.932367906256248657e+00 1.235187659802183546e+01
1.076932637214856436e+00 1.227159077174203539e+01
1.517725232908448074e+00 1.197616443049883550e+01
4.633263252491937600e-01 1.290259253494723524e+01
1.788603557276947420e+00 1.271262513665158345e+01
1.094661139518481097e+00 1.254003631392158269e+01
9.629118514292606124e-01 1.238542106099083817e+01
1.671399838911204805e+00 1.249656118980774266e+01
1.925040440620983784e+00 1.234313783396615172e+01
3.737417967185274192e-01 1.253110135793156843e+01
9.677254373977477453e-01 1.163450690405204746e+01
8.831929339035309301e-01 1.224772554156179716e+01
1.729526351194022427e+00 1.201407414490303083e+01
1.259351808496800507e+00 1.261822958185082477e+01
9.445873971745752939e-01 1.221031500742366127e+01
4.489495312569056762e-01 1.258791951248317176e+01
2.101120596830392984e+00 1.156938185284299969e+01
1.648286543026451723e+00 1.224880928323115725e+01
4.543187261484187833e-01 1.257626978556424646e+01
6.388068440678814630e-01 1.212491369912677897e+01
1.475826436393151031e+00 1.194211804389246723e+01
1.436170429124848269e+00 1.194948732936027191e+01
4.825770945187924377e-01 1.229715686420280463e+01
2.072702748460949262e+00 1.240483768216268246e+01
4.680327305103835767e-01 1.289063120882197566e+01
1.219784873976230699e+00 1.187174977108927187e+01
1.370316800028823057e+00 1.189507590233745837e+01
7.012235955209226157e-01 1.229354173508629877e+01
3.516928749599484427e-01 1.268034480402042696e+01
1.449729133669364733e+00 1.206534242921822475e+01
1.996144222068291674e+00 1.191739298025967031e+01
4.542636094904066724e-01 1.286212737407018203e+01
1.906489770251709626e+00 1.172915519626834957e+01
1.010634781991138542e+00 1.202337568798183298e+01
1.955649723345900926e+00 1.203205683864909759e+01
1.604038207882034994e+00 1.239336024664366853e+01
1.765153573937623177e+00 1.238934651042450064e+01
1.307145083301075816e+00 1.228711184333502082e+01
1.018724505704002636e+00 1.181315292407924566e+01
1.220586065939629705e+00 1.188100795479621752e+01
1.973346065890365653e+00 1.226205963115769038e+01
4.413441179012136395e-01 1.290059899880868777e+01
1.757965635993071540e+00 1.152353472411495439e+01
3.262953253713490875e-01 1.291817393298735084e+01
2.798174338293005214e-01 1.359142201987265608e+01
2.991929458982153234e-01 1.326383494369566840e+01
1.074493535657828902e+00 1.210245529815298049e+01
1.729315070040601032e+00 1.248002569413642426e+01
2.135925198897789645e+00 1.300033742838532724e+01
4.173831478775774095e-01 1.312343152811023472e+01
3.427202572452250351e-01 1.294231608453495674e+01
1.878299731015084184e+00 1.191307515845369025e+01
3.309598439405636028e-01 1.335468401304286878e+01
8.495664899315111818e-01 1.183678523855029319e+01
4.322346476932467096e-01 1.243774149670407603e+01
1.494066020270847561e+00 1.213967405986087122e+01
1.890686805815616323e+00 1.222663052798666072e+01
7.978079801045131481e-01 1.250014594665415046e+01
1.000091726671886283e+00 1.237687244734957126e+01
1.204531319087702501e+00 1.250238274902300617e+01
1.784316760023722193e+00 1.287065031067723808e+01
6.863292919377894652e-01 1.251360040452907363e+01
9.719308590384279078e-01 1.218834675026889158e+01
1.158703275530441168e+00 1.222915742595784749e+01
1.500550123916205125e+00 1.202239648096145430e+01
2.098074039724485029e+00 1.170577055107807674e+01
4.149882631650987919e-01 1.265735275069431864e+01
1.030640636496304330e+00 1.213164033160350996e+01
1.986454627823985852e+00 1.204909875004753061e+01
1.587919363893465663e+00 1.212995343042534024e+01
7.377629335911406461e-01 1.192155601389215036e+01
1.169854190028431606e+00 1.197623844607318766e+01
1.232923077445290616e+00 1.199955476612392857e+01
7.385776716690510835e-01 1.208253323250490219e+01
6.625938104216718694e-01 1.217364665075752406e+01
1.812268162320895826e+00 1.241223679929414736e+01
1.903660168333759950e+00 1.243649399418202073e+01
1.354582477396878648e+00 1.276528908837267196e+01
8.108430667524026969e-01 1.182824638006704809e+01
5.319830171084121151e-01 1.276006060020189103e+01
1.963636340999576957e+00 1.089006811139690889e+01
1.261617622061080857e+00 1.144695054191864791e+01
8.269420331890586784e-01 1.178208612938253275e+01
1.944667403396837857e+00 1.166786323895231803e+01
1.019807415814867557e+00 1.175452673138637749e+01
1.939812989482083694e+00 1.162785083694007682e+01
1.160705500730935036e+00 1.213118468064744881e+01
3.226467271484943500e-01 1.322802943597867831e+01
1.063783711317217051e+00 1.175463161624658426e+01
1.753936581531510441e+00 1.231737372202050906e+01
9.571510297927500188e-01 1.183981203211319944e+01
4.215695787767331781e-01 1.265140709736214042e+01
8.102655573568964265e-01 1.219185033467669932e+01
5.278870157201523972e-01 1.214868315174119573e+01
3.891814935185914925e-01 1.269290437846099984e+01
3.847304499433056857e-01 1.257245276437077663e+01
1.705167405165617600e+00 1.240432278986730097e+01
1.657547547204976102e+00 1.239786819649085814e+01
2.151710684451395572e+00 1.227928061200135090e+01
2.023472240096318320e+00 1.274715441577970054e+01
5.546414414478232358e-01 1.271685033509484875e+01
1.943570238000507544e+00 1.278512055255871083e+01
1.324516981481725475e+00 1.269338415471808013e+01
1.881498529693495847e+00 1.284576791706208887e+01
1.888951658612507689e+00 1.267861571528037778e+01
2.057640242164375355e+00 1.266846132224960719e+01
1.144371351539827053e+00 1.214562220778299739e+01
4.148524145096537663e-01 1.263384668306822967e+01
1.271052000437850493e+00 1.265474126274905586e+01
2.132570474653192161e+00 1.298346704286284670e+01
5.034991266632259377e-01 1.244769546331360033e+01
5.964486401240249869e-01 1.227551287537054669e+01
1.321394093948658144e+00 1.281441614386497285e+01
1.595632369322777411e+00 1.289579048487458657e+01
5.654591599478687725e-01 1.247040739954464605e+01
7.552667816211071639e-01 1.220976250189830736e+01
7.137213704294008698e-01 1.246503545262213564e+01
8.926145862088771255e-01 1.239416344110066071e+01
1.217905604444694978e+00 1.236452686979593096e+01
1.664188082562962911e+00 1.270590180201912567e+01
1.660979340418942130e+00 1.239587431508949500e+01
6.431241501959273910e-01 1.206555276478081673e+01
1.604694861599898603e+00 1.243682375583226118e+01
1.069892164353736463e+00 1.251033350457342586e+01
4.004169237136255277e-01 1.232661459585426122e+01
1.804878471503738702e+00 1.131459989658340426e+01
1.943140587421903875e+00 1.255507510475372435e+01
3.588315673575313003e-01 1.306977821749641144e+01
1.370816829601668951e+00 1.239351898795512419e+01
1.434936081001185082e+00 1.285772507255147268e+01
1.512148507563382038e+00 1.288939137945203051e+01
1.944985343448053960e+00 1.169849733842121431e+01
9.081734198178473827e-01 1.175748814292046873e+01
1.630258200015643366e+00 1.116668298159163975e+01
9.136508413759086844e-01 1.200622020307080184e+01
1.720820581498268664e+00 1.164747573195062635e+01
6.160855875555489858e-01 1.202219668714508671e+01
1.505693253000227161e+00 1.230254088684144875e+01
2.134720139036208497e+00 1.275228020860218514e+01
1.311403481978909547e+00 1.261625394435795577e+01
6.703811546950848577e-01 1.247202411948965661e+01
8.779643015911914317e-01 1.237770757264007493e+01
1.886740057308072815e+00 1.260967561958212713e+01
8.716889246425260085e-01 1.192680689904200086e+01
1.416947944687032335e+00 1.228416664273461123e+01
1.002228381240751753e+00 1.206706661736536823e+01
9.150479443737254970e-01 1.257529106233290861e+01
1.554484495798526877e+00 1.202380330838550115e+01
5.649713565973741858e-01 1.235159097197872669e+01
2.101693495402343625e+00 1.139214728030995083e+01
1.862292645592583895e+00 1.180432136117854469e+01
2.953884048751282410e-01 1.358822630112260832e+01
1.914304314806301477e+00 1.205750909417278827e+01
3.101520724089600889e-01 1.318069190090012555e+01
1.841461156286050560e+00 1.223978491004347724e+01
1.482354868312372620e+00 1.242174982936263383e+01
2.065713611641774250e+00 1.137327056135049297e+01
1.673763962011056483e+00 1.197484446555106885e+01
2.005123233699814378e+00 1.231443434464907760e+01
9.987675016023718211e-01 1.198730453993442069e+01
3.296324871362168452e-01 1.327855837037324882e+01
1.510980396131992087e+00 1.226778461810839360e+01
1.428037783779771752e+00 1.222763224410366689e+01
8.359747783010497146e-01 1.233113385514901061e+01
3.640312489649157879e-01 1.329355868263247231e+01
5.124367697105658426e-01 1.299862065934083510e+01
2.016013148483175144e+00 1.273901369776818449e+01
1.172321633801509666e+00 1.217090041169505277e+01
3.701221294645701265e-01 1.294803969614062389e+01
1.403274356419766056e+00 1.233589187691900868e+01
5.316984838183739237e-01 1.253828037640166926e+01
1.699770286811546072e+00 1.239665864688335972e+01
1.231892922391213174e+00 1.232439309581983444e+01
6.934747105559239122e-01 1.229692896659819823e+01
1.655560620399488592e+00 1.210879080402808938e+01
2.078249129734328626e+00 1.167300937047522247e+01
3.815496639288621372e-01 1.260348807791695513e+01
1.687364857178470734e+00 1.208140521403414169e+01
2.079828365975918913e+00 1.196767254159759020e+01
1.633162499007162038e+00 1.222215565876346766e+01
1.463132341444793427e+00 1.256196752140193240e+01
1.451741889901085436e+00 1.256472516795324879e+01
1.753867315853626430e+00 1.292971814794047702e+01
1.027247960032009688e+00 1.220376548780397563e+01
8.678716606021271707e-01 1.213519480601880218e+01
7.197799926889864031e-01 1.183493576380139167e+01
1.656495752400339860e+00 1.258381560959401391e+01
2.811615770402699499e-01 1.336120451530747744e+01
1.161063450433880595e+00 1.222379132400402391e+01
9.078122826316316063e-01 1.222417853349082861e+01
1.653367917641660467e+00 1.228339514291737267e+01
5.107392268309882688e-01 1.254665520024071057e+01
1.723849021744713550e+00 1.170269653595516957e+01
1.341002584092818362e+00 1.198149973537491242e+01
1.450178441917321814e+00 1.269689477530150157e+01
3.995319636561791565e-01 1.289879425369602650e+01
5.888390542289554386e-01 1.250316320679128346e+01
1.856711903305201083e+00 1.220674723092795766e+01
5.278835377072929047e-01 1.245915747823414321e+01
6.993792454730562991e-01 1.244303460981775267e+01
2.134964777150901938e+00 1.130599154033982501e+01
9.226962051001936782e-01 1.231693806210958897e+01
1.751793598514719053e+00 1.121954780414348640e+01
3.623216550859722496e-01 1.263817785076031441e+01
3.753897327991809751e-01 1.300809767618617130e+01
1.701539703339972398e+00 1.244459774760215787e+01
1.997818195938757313e+00 1.236435774051461145e+01
4.388460497155993179e-01 1.237374315414890802e+01
2.005740247032536505e+00 1.165563177013318530e+01
1.619922275191462813e+00 1.277463881513762978e+01
1.545480421994200437e+00 1.274093459422293506e+01
1.806876611437697733e+00 1.293077509658996860e+01
6.729474707972111780e-01 1.181707692830153711e+01
4.904703316962752968e-01 1.213015153406774793e+01
1.634033256577541060e+00 1.251082880978046141e+01
9.773063000205958195e-01 1.218123534174001499e+01
1.929718867168679797e+00 1.224474671424958316e+01
1.690661624969084675e+00 1.169294908285208656e+01
7.152092447039019030e-01 1.224484254305582986e+01
9.501431424415166527e-01 1.164053287445351259e+01
1.274602923983699787e+00 1.179878611137857014e+01
2.863974049343118722e-01 1.365740528486079342e+01
1.188702156132902532e+00 1.241787500734490379e+01
1.838050603802470206e+00 1.262909076365322569e+01
8.270672908805685175e-01 1.235318554943589042e+01
1.954359630231232048e+00 1.266125926250080269e+01
1.850776727834992474e+00 1.254977024233191507e+01
1.867785761921235466e+00 1.114605228646306401e+01
2.009990171522515467e+00 1.250567466876172951e+01
9.532813964973970711e-01 1.186253586489648804e+01
5.354138398243989405e-01 1.261902324337085624e+01
5.119273222368062592e-01 1.267632799328364435e+01
2.032818661073604982e+00 1.123209964839086439e+01
1.119290477955070751e+00 1.177522067408715145e+01
1.305350630416172164e+00 1.246257597137951478e+01
1.588167943434455109e+00 1.257689558918696804e+01
1.299472058176849076e+00 1.196523872317927939e+01
5.414739842826969962e-01 1.204273280797220913e+01
2.161358925175118628e+00 1.233643347402124846e+01
1.503612443016832056e+00 1.229930107566309694e+01
4.814434814786425765e-01 1.202147632149137557e+01
6.386393157349327110e-01 1.257327243992570054e+01
1.593788989737923378e+00 1.264585142634563653e+01
1.882073216815034700e+00 1.269440664096209659e+01
5.714142036991602946e-01 1.288834839506581886e+01
1.404357886112563403e+00 1.283440154571594150e+01
8.582232521442122453e-01 1.207008741468600022e+01
4.751444434712080445e-01 1.227853089491453886e+01
9.129452761703620300e-01 1.179849658104441978e+01
2.089931271082635433e+00 1.246546573110443923e+01
1.508821340520166476e+00 1.168486609897019868e+01
1.641313288319469876e+00 1.267787718883796089e+01
6.101899443340500495e-01 1.231601667320293991e+01
7.514612770917991069e-01 1.227034145739514415e+01
9.628875711786974989e-01 1.231106746811081365e+01
1.701462911341862227e+00 1.266781281805549497e+01
1.653465009369208483e+00 1.216223089248932965e+01
1.696490684520669534e+00 1.288369256757150083e+01
1.105807175514032403e+00 1.238458669760011333e+01
1.644438798559891834e+00 1.258081498185801017e+01
2.120782265496084840e+00 1.248972557998088639e+01
6.886489929055349402e-01 1.214641698935952974e+01
4.259210248064776994e-01 1.271478415678994800e+01
3.244578970585354494e-01 1.318123737033170428e+01
5.430055743038891825e-01 1.203540491704586124e+01
1.587310533694790804e+00 1.281268764420855355e+01
1.939403919281804223e+00 1.205988487632690287e+01
8.609498338232624004e-01 1.222151378820092837e+01
8.596518174878675644e-01 1.226370436200396163e+01
1.188178466459571814e+00 1.184482874541069641e+01
7.106131073659744946e-01 1.166900592328981645e+01
1.899558216187320570e+00 1.282891938095413309e+01
1.985711082033248198e+00 1.283737049029197941e+01
1.704663319144051448e+00 1.211803476152507564e+01
1.277440744726895394e+00 1.207729398489566464e+01
5.813186234693241694e-01 1.247587874865258151e+01
1.636253317174169108e+00 1.272054622628116327e+01
2.220737578909097287e+00 1.246484316705745599e+01
3.942058855247372873e-01 1.230217664220054807e+01
1.898371172788078320e+00 1.232295470087166223e+01
1.850739602002115181e+00 1.272252847700241318e+01
2.046419846794024444e+00 1.268272821117245641e+01
1.766980101438016426e+00 1.205340380248697763e+01
1.720312480725782800e+00 1.208571967443854867e+01
3.039074840012490619e-01 1.318873535085991655e+01
9.815011803177103866e-01 1.186339345020075520e+01
5.296766236663954519e-01 1.237932253326784604e+01
8.432806082426330674e-01 1.223507321179721252e+01
8.920563804019395748e-01 1.261644892646863170e+01
6.022998362412449458e-01 1.271119262064090627e+01
1.655256763453084368e+00 1.254420164828354523e+01
1.416706032274993143e+00 1.254081819404212794e+01
1.189082337316518689e+00 1.248808902379714958e+01
5.154367644751007838e-01 1.271250409912677881e+01
1.676110613737314070e+00 1.236521619097119640e+01
1.159682411019255843e+00 1.224199819517895094e+01
9.776588567001136543e-01 1.172958390069420176e+01
5.987011875085137547e-01 1.225878412873508161e+01
5.352544850348773808e-01 1.234673872617769952e+01
1.986123255631635498e+00 1.305904282633650304e+01
1.728975129819611878e+00 1.297152894164788961e+01
1.668744167820668922e+00 1.180815714127765226e+01
1.682451465117222655e+00 1.189471899527929288e+01
5.118389463373579362e-01 1.180818420033802774e+01
2.114274441922762815e+00 1.291036882190813806e+01
7.459899936571520174e-01 1.229730834642341364e+01
1.718330978531599662e+00 1.196261036390785115e+01
5.021445619047915088e-01 1.228906391463026182e+01
1.790259226329623310e+00 1.274853701332731859e+01
7.283891546734606592e-01 1.247640056271957754e+01
1.825470512692830116e+00 1.271490574331152246e+01
8.362776932304513133e-01 1.199105417951666475e+01
6.314727016032511964e-01 1.210127254236319416e+01
2.103691647925868047e+00 1.272467613507282636e+01
1.636705837748039460e+00 1.266755018115667575e+01
2.059135955812655183e+00 1.272974863748475904e+01
1.015847058191574614e+00 1.219143567411395246e+01
1.986429603982933445e+00 1.125325589725968456e+01
2.030234500401245867e+00 1.118942922923213423e+01
9.125738426929463909e-01 1.193607231380816103e+01
1.378934413438913653e+00 1.194640822391136581e+01
4.967291868262466714e-01 1.275555517857444698e+01
9.245744623646090510e-01 1.214858665895329359e+01
1.020151570953488962e+00 1.218127370953342670e+01
1.411053793657989441e+00 1.285770547598392533e+01
2.198585767584405382e+00 1.211843090759340136e+01
2.025501121994856213e+00 1.237824372400181439e+01
1.619801774943721240e+00 1.247440625883640664e+01
1.613166862057080486e+00 1.247147716219231661e+01
7.544326547645220371e-01 1.193909764652307182e+01
1.421559968515741623e+00 1.177137025499575529e+01
3.129793641960917361e-01 1.316824854465021133e+01
2.959650575367023251e-01 1.337240351899207624e+01
2.043620700555678127e+00 1.229438282635463153e+01
1.083836910183614499e+00 1.242497545775050227e+01
7.495261269653177294e-01 1.255657087722001997e+01
1.637239068316132862e+00 1.246625219535440898e+01
4.565849710400282646e-01 1.276045826921134640e+01
8.715067806108126591e-01 1.181434917327385925e+01
1.203951132790247014e+00 1.188393475926963916e+01
1.771592378513776156e+00 1.249679874933612922e+01
1.746971498422277058e+00 1.250026909647238504e+01
4.491861575584664146e-01 1.297687654306259475e+01
1.999404099734763074e+00 1.148060938138591780e+01
8.890964899181946768e-01 1.208653166489507313e+01
1.626194663479633151e+00 1.267843379974186213e+01
5.863516838286743083e-01 1.221049113098157335e+01
7.946074316035222074e-01 1.202495294308158336e+01
1.937145125950994196e+00 1.266500819120679822e+01
4.254548023345032237e-01 1.249789393723366793e+01
1.283136728508021518e+00 1.219863552340450319e+01
7.116307672398231032e-01 1.210498380903700166e+01
7.368129113350945225e-01 1.239448659460602720e+01
1.611225101134567517e+00 1.289020513871271589e+01
1.341012572000618519e+00 1.151350993077454454e+01
1.214579191634225008e+00 1.163625796882581653e+01
8.556904154832262188e-01 1.157682581612512429e+01
1.581520078878382307e+00 1.140082576352575749e+01
1.443052706285540276e+00 1.182967533274775285e+01
6.278364134367929728e-01 1.225439507798036409e+01
6.168558597500652940e-01 1.226418390363596167e+01
1.773540239743017111e+00 1.208054767035758559e+01
1.776603868406699371e+00 1.207785784186270561e+01
1.783326521884968319e+00 1.226406672784768226e+01
8.934018383080082337e-01 1.237295688832750784e+01
3.920194946338164677e-01 1.308804006193083858e+01
1.982679473322482844e+00 1.214443286383722409e+01
6.401072411236922166e-01 1.189595639201766808e+01
1.361592836168234122e+00 1.182097214234366511e+01
1.520311350716733179e+00 1.263086411373815032e+01
4.468526761924963564e-01 1.269826180038529628e+01
1.530296983757669871e+00 1.261538851959180541e+01
1.453198752330534083e+00 1.206004599718916381e+01
1.589367538637397770e+00 1.204859978658291730e+01
3.361508779047023276e-01 1.275495476877407164e+01
4.620059859309447181e-01 1.202306346717760910e+01
7.274776041035198038e-01 1.185110013747114976e+01
7.974507880691802386e-01 1.186350729697573847e+01
3.002857704868060473e-01 1.344506774403603266e+01
1.984196656766413325e+00 1.190412834849219514e+01
1.809763049963373005e+00 1.218477296473650995e+01
6.180070417647770542e-01 1.211011911874068936e+01
7.961322513439594850e-01 1.224792165732247717e+01
1.682921262053298506e+00 1.201679490528021965e+01
5.764696524320785942e-01 1.195318583924001565e+01
2.029494623442667400e+00 1.186366047045919103e+01
1.937306733880470366e+00 1.170442953190797475e+01
1.699310121893076619e+00 1.182583302110283618e+01
9.443948990149805267e-01 1.192922389293972429e+01
2.067947216365118912e+00 1.096864873213344538e+01
6.014590780072871512e-01 1.191142360222795737e+01
1.664273039356249040e+00 1.190919403585539982e+01
1.289136679930216189e+00 1.225000958184620359e+01
1.881617186271350217e+00 1.228089128273878927e+01
4.378131514889590514e-01 1.299537568371063401e+01
4.539428448124933069e-01 1.293134733952214965e+01
7.157510107469819971e-01 1.217051309687914085e+01
6.297635850423677351e-01 1.231633165604327829e+01
1.877344939733487372e+00 1.276167858433791480e+01
1.403693583758595986e+00 1.195415414682228139e+01
1.742691663209675834e+00 1.198116089531563055e+01
8.686142627534950700e-01 1.201007187302133694e+01
7.474566055365066131e-01 1.240628281634614183e+01
2.144880770884264098e+00 1.165419889101938367e+01
2.113753931328022695e+00 1.248699155997084631e+01
9.370084473208024622e-01 1.243889707197506667e+01
5.470208306117932961e-01 1.241632317661840013e+01
1.112244044225314976e+00 1.234152223315405372e+01
1.902821167726686857e+00 1.232879287394106349e+01
1.073835088331564602e+00 1.233073070031574936e+01
8.649959374860524131e-01 1.198599790343391192e+01
8.041049440375661606e-01 1.188659593897125966e+01
4.344901926468484055e-01 1.238234483933677588e+01
4.836713830427883387e-01 1.277262411465632930e+01
1.805909882332036975e+00 1.279182395257394944e+01
1.797601857376478707e+00 1.149390232976573323e+01
3.010932579216301086e-01 1.346078640438050655e+01
2.010469757553286829e+00 1.224261694666041578e+01
8.384101400911758706e-01 1.202261203628091302e+01
4.997800913496881492e-01 1.233399373825588263e+01
3.516868158812838097e-01 1.320655240961534460e+01
2.023301203540363247e+00 1.272066571477100183e+01
1.178933210729522951e+00 1.184089943249174937e+01
5.030507117379076076e-01 1.213873415011895140e+01
5.741504622074520281e-01 1.225627216403840869e+01
1.681147414569781562e+00 1.184733110339994688e+01
1.121781352423233402e+00 1.253018381628392675e+01
3.871505352334912442e-01 1.326097077534407909e+01
1.432146380818689835e+00 1.227571523213138605e+01
2.124398983581892608e+00 1.246153467476766608e+01
7.656032725172339237e-01 1.238555160080937867e+01
6.470837139966675311e-01 1.210577547895566397e+01
1.300757791293830179e+00 1.217407137240066817e+01
1.821609103371040206e+00 1.287740968245372208e+01
3.208124634728029556e-01 1.291168427743106584e+01
7.260692089830240725e-01 1.194789687339330975e+01
5.866238433901669325e-01 1.207145987135081100e+01
9.176234095265590751e-01 1.183542362960023553e+01
5.774744046559296962e-01 1.214189032899269094e+01
6.041625296435727543e-01 1.210330803451195969e+01
6.357405160650629883e-01 1.241252249902202287e+01
4.276232433650828391e-01 1.289741777282171675e+01
7.097966743450986327e-01 1.193163517946636354e+01
1.139396159766102645e+00 1.215778732181983912e+01
1.624232749707988477e+00 1.270665896383633431e+01
7.350945812358339326e-01 1.225031996980786531e+01
5.245727426082514855e-01 1.255283521770230415e+01
1.431818194852529702e+00 1.250909645682893512e+01
1.393910555847237553e+00 1.170018094768952999e+01
1.554189428914320104e+00 1.169282094273987660e+01
1.158428107474174018e+00 1.221827461418813954e+01
1.634508304062960660e+00 1.214561637069312106e+01
1.154878703008086482e+00 1.219179260266932907e+01
8.042359838906039116e-01 1.215448511786418706e+01
1.685763664915066906e+00 1.226974363569370396e+01
6.791402239793967732e-01 1.212857967648655233e+01
4.543719604880760432e-01 1.288108900608066243e+01
2.091553319163211633e+00 1.107614032836684892e+01
1.898425342559558526e+00 1.172382948158815275e+01
8.787796996541153982e-01 1.206170879885313774e+01
8.338657416254123822e-01 1.206142724304701908e+01
1.484088384810120287e+00 1.273932211825567506e+01
9.517561324088880115e-01 1.243304935681261369e+01
1.064448820873533430e+00 1.246235706449297176e+01
5.399560216674009760e-01 1.287929919094817421e+01
8.643517595759457883e-01 1.217429564821035548e+01
1.445613897003814152e+00 1.207710993371441965e+01
1.291234814959032695e+00 1.228152420174704851e+01
1.537987991025489443e+00 1.238163794920969352e+01
1.191709314880406989e+00 1.196218397586496707e+01
1.678840486531353537e+00 1.186479861925545798e+01
1.246512523874005574e+00 1.191963082149230679e+01
5.169336936999423537e-01 1.191228284475111643e+01
1.022176117877568124e+00 1.222276305771743132e+01
1.345178874079833387e+00 1.245546776486896867e+01
1.780617910835023077e+00 1.211351653692573116e+01
1.779752084907858301e+00 1.211369462603967584e+01
1.982612059099463808e+00 1.284897546484170050e+01
6.990905111696326113e-01 1.246429354447789528e+01
2.176923724801330451e+00 1.177380116923915310e+01
1.119785431142218401e+00 1.190462343221574493e+01
1.759838834204818347e+00 1.275942722196980128e+01
1.682520253241558406e+00 1.213061471276929204e+01
6.877433639840860868e-01 1.203612006718331706e+01
9.833376198802098456e-01 1.181693725048643984e+01
1.535551534415138475e+00 1.205137395435388648e+01
1.123753943702321623e+00 1.243791956086496597e+01
2.048794113919515159e+00 1.283889397581161518e+01
1.767820478635768300e+00 1.211031217616189437e+01
7.301544929555864316e-01 1.213382729554217931e+01
3.110335920475470473e-01 1.352972095025579691e+01
6.343134250237997263e-01 1.187538034309867285e+01
1.944488097053723497e+00 1.249022658559182908e+01
1.327075047314381750e+00 1.258904776301095296e+01
1.897822111584507754e+00 1.278785697880779004e+01
6.957537519468155462e-01 1.192780746937517833e+01
1.681917994736599420e+00 1.217903840265116244e+01
3.786101601543194750e-01 1.283592119942216137e+01
9.273202571360387170e-01 1.221537652002074736e+01
6.478852590807140377e-01 1.218012014489056050e+01
1.274361502686653491e+00 1.239177335287098281e+01
2.953846969203294814e-01 1.359355137529992419e+01
1.994103589359165873e+00 1.093822388018639913e+01
5.758415223015556084e-01 1.193204804196797042e+01
1.980579293342158875e+00 1.245532343931688146e+01
1.997784367150212681e+00 1.229563449949073295e+01
1.968428678841846580e+00 1.232576711350855625e+01
1.296460473676195768e+00 1.157237863594012417e+01
1.311851667074816596e+00 1.216273934001901402e+01
1.268022667825249528e+00 1.213569557773504926e+01
1.882671323636792016e+00 1.207164163359834141e+01
4.682591811813697769e-01 1.225272766351252862e+01
4.841210875701622562e-01 1.275747410698014228e+01
4.119534758025849563e-01 1.305329016966394562e+01
6.599676066631912086e-01 1.190882389232493210e+01
1.522511538291895672e+00 1.234901430557210666e+01
1.060691852440844407e+00 1.204254699216669877e+01
8.143026118765444021e-01 1.221838266440753351e+01
4.163677084537619200e-01 1.277912191049211188e+01
1.697295804366196537e+00 1.126194740033193575e+01
1.352143112546587922e+00 1.156327903121648859e+01
4.762992695765878581e-01 1.288107248621193612e+01
1.846161852636631240e+00 1.244782045477472998e+01
1.711299198886505391e+00 1.200576809260461175e+01
7.268092585143475226e-01 1.232637160857539627e+01
1.834377101443461555e+00 1.293458624793613509e+01
1.239769057652500894e+00 1.268613706062910396e+01
3.830944087694803657e-01 1.279955830115544657e+01
6.671105083551941428e-01 1.202718647341638381e+01
4.922424794121995073e-01 1.257069463324038772e+01
7.761279719033385982e-01 1.226631885932262556e+01
7.950775083001631049e-01 1.244242080399797246e+01
1.698038710458257494e+00 1.218145891489174382e+01
2.114694519755103475e+00 1.198513387171435163e+01
5.513036975299550058e-01 1.257751696570017330e+01
1.336247083105739142e+00 1.225014238153194235e+01
7.365869443071100253e-01 1.187702519790913414e+01
8.453984051389411558e-01 1.187557918713632077e+01
9.986900936118233707e-01 1.188052874065085973e+01
3.929017612898288436e-01 1.241005314903036982e+01
1.829557331450505364e+00 1.288655082991946266e+01
2.035456347901578589e+00 1.244959539231001600e+01
2.188773892043852420e+00 1.225431128238854228e+01
1.516787930767834025e+00 1.234655866102792565e+01
1.367110980073217741e+00 1.227464403535996773e+01
6.538408893966101143e-01 1.270226793652351738e+01
9.579368299827121236e-01 1.266554510212340112e+01
1.652277995458187432e+00 1.199564300074355394e+01
4.212403673962596407e-01 1.261862727384333738e+01
4.593233088319314539e-01 1.245538432480944557e+01
4.270596049382525683e-01 1.260817726495283431e+01
7.891751605888478460e-01 1.150388786394331753e+01
1.457003131328004963e+00 1.166023070848844512e+01
1.365756063492605588e+00 1.195126050404147655e+01
2.034022118670005597e+00 1.213892424710236639e+01
1.122702015535894660e+00 1.191448319238853593e+01
1.792687070044086006e+00 1.261256356872927142e+01
1.108583627328078469e+00 1.222651124436496595e+01
2.047803850751982679e+00 1.216622183689387349e+01
6.232623934897556506e-01 1.257348089142405634e+01
1.027010611476842694e+00 1.184896974147128113e+01
1.975294779095574160e+00 1.221294598729263825e+01
1.002318940889924459e+00 1.246990515420595891e+01
1.725618736123156083e+00 1.238509950852231434e+01
1.412386837420791963e+00 1.204446613121351461e+01
4.641300676821334958e-01 1.218896032199467072e+01
1.982991452480748373e+00 1.269220527967442003e+01
1.316967906417983558e+00 1.231283870582267426e+01
1.707052186938991856e+00 1.202560466204118761e+01
1.333323252757502075e+00 1.215288570566304038e+01
7.541836645578517961e-01 1.247682588200157028e+01
3.881234758271903673e-01 1.211331666715158661e+01
1.257452225716572558e+00 1.248799245955876103e+01
1.178698382999727512e+00 1.198296758336066503e+01
6.015614807568696598e-01 1.217319011324685718e+01
6.245553605283989951e-01 1.218654532896301035e+01
2.092240140664278769e+00 1.211824529467859790e+01
6.769206897177384441e-01 1.236373239235972932e+01
2.142093624172508370e+00 1.212374624564983705e+01
1.311227031512212093e+00 1.227633915162344280e+01
5.186043614578266236e-01 1.284429241823380785e+01
1.222983818045539239e+00 1.252633577468487580e+01
8.327463057266654145e-01 1.243755431994072147e+01
8.526414930469986553e-01 1.244076551772423755e+01
2.058131667511497565e+00 1.108768019836152874e+01
1.975722672660739754e+00 1.130826017478245582e+01
4.950852804304179955e-01 1.257981676468497056e+01
4.400122030243957538e-01 1.278314327339622025e+01
6.800794013350598410e-01 1.211852678507269587e+01
1.179771570063061548e+00 1.231279361017146456e+01
4.053721261010184707e-01 1.244221912059845714e+01
7.184204406385317210e-01 1.232520389660691684e+01
5.785018211728067961e-01 1.245902022480424698e+01
9.429454388759055394e-01 1.222319609574788402e+01
3.972477399981749757e-01 1.284283478827029157e+01
4.476407280633204477e-01 1.241144370074514747e+01
1.446215975213952509e+00 1.232364271278468415e+01
5.773276122358094176e-01 1.249083869434530669e+01
3.249268324949671771e-01 1.332398954286398585e+01
4.522641304040457833e-01 1.292576132225210550e+01
2.176427998088871441e+00 1.290854081767103700e+01
9.619824195286977853e-01 1.192743750110576784e+01
3.207474022572289751e-01 1.339299620497530263e+01
1.214540421197715991e+00 1.239912618047232939e+01
1.979581697397836404e+00 1.229251348422637413e+01
1.432290785013158541e+00 1.274622829145560488e+01
1.796280848236882610e+00 1.254212670593224921e+01
6.409720425223900397e-01 1.219839902000688880e+01
1.986178620196756173e+00 1.283124946783075515e+01
1.055695273694282843e+00 1.194024065835334092e+01
2.001947208913201770e+00 1.234019862580934124e+01
8.026637861341560098e-01 1.230812086193045829e+01
1.133272397222083505e+00 1.232140437036725622e+01
4.497290475958024558e-01 1.262305183525862873e+01
3.834108763167043965e-01 1.266441887172115344e+01
9.729309518436251025e-01 1.201613661221834306e+01
1.490413104313187853e+00 1.225839137327858630e+01
3.774099344366345088e-01 1.265367523795169724e+01
8.518871933168811195e-01 1.232736560421270333e+01
1.988626533746374880e+00 1.204855610389185649e+01
7.554588966598780875e-01 1.222265009387996493e+01
1.377117233923326189e+00 1.251043213050764003e+01
9.766538964241242571e-01 1.214318725072517680e+01
6.177789605092128822e-01 1.195049506221736024e+01
3.891588618607847994e-01 1.269092460562334779e+01
9.637407896309795330e-01 1.249856502970485295e+01
1.041393118780426175e+00 1.237832903851169242e+01
1.960035256955692029e+00 1.261784063029135794e+01
7.637093658840340415e-01 1.194005969166567560e+01
2.096848174066105130e+00 1.067251701323422353e+01
3.597428411316346830e-01 1.299472977095238946e+01
5.592775054132463897e-01 1.200517486209765750e+01
1.960554635710831439e+00 1.245891532865137741e+01
8.391842976538552712e-01 1.235930433258963568e+01
7.253675479440937490e-01 1.234540146768185842e+01
1.982221675967902996e+00 1.110731235585880228e+01
1.818487301391564781e+00 1.277184763642560306e+01
4.551207389504382528e-01 1.270858495205188810e+01
6.855893934917818289e-01 1.227476533345347320e+01
2.086776737531115256e+00 1.174411799106771781e+01
1.967711380910747598e+00 1.180027546685147755e+01
7.162492020189721309e-01 1.263489626018331080e+01
6.516754463423659605e-01 1.246831431548884872e+01
7.983037537343049550e-01 1.229350598457379284e+01
5.722175098383645020e-01 1.213058128095950394e+01
1.206898169852217650e+00 1.208372287786783872e+01
8.252461325960277483e-01 1.190519369931110027e+01
4.978453011581974175e-01 1.241541627449753271e+01
1.200098840343970297e+00 1.233175565533874973e+01
2.197019756957366621e+00 1.293996346711672096e+01
9.806833825447792696e-01 1.267665583554781072e+01
2.017794272578397496e+00 1.236329584690471428e+01
1.518969554900803987e+00 1.244734084932945883e+01
2.028419453579689335e+00 1.222654860772068908e+01
1.489437350088171463e+00 1.185322072393617887e+01
1.335939826569416011e+00 1.195240411662084057e+01
1.839352659673516577e+00 1.205689277253550884e+01
6.273373973942310000e-01 1.175087688095509009e+01
1.457694785785931035e+00 1.253317595369130544e+01
1.194160153889593401e+00 1.244133822223600916e+01
1.410635551354456840e+00 1.224742236838917009e+01
1.926250751945645989e+00 1.231205158904701236e+01
7.240236236614756571e-01 1.208354484084054370e+01
1.590574424434233913e+00 1.187500158385004134e+01
1.203210158770465110e+00 1.183075201073082461e+01
1.324844536895126934e+00 1.189981283664141465e+01
1.731965010207671796e+00 1.198659098474966811e+01
1.948320335238945100e+00 1.105648900746143681e+01
6.824133558788431086e-01 1.221555919693432557e+01
1.107019629954331785e+00 1.205471680591455019e+01
1.176222944938099424e+00 1.207196315508995177e+01
1.548315471130100596e+00 1.175630493249647124e+01
1.584683459361621249e+00 1.174876941048503376e+01
2.121026903371623362e+00 1.262152400012700149e+01
1.097768469709454520e+00 1.253106569600381803e+01
1.990026020229308967e+00 1.080308940183515887e+01
1.801242034363879752e+00 1.192062134210688207e+01
1.889685783769382788e+00 1.207400394742887961e+01
1.201737922997003549e+00 1.198172364875056495e+01
2.844099540764467027e-01 1.348761588433414182e+01
1.587226492890726703e+00 1.183545308417960484e+01
1.005196522405758186e+00 1.245050385816510463e+01
8.805380223459505773e-01 1.239654915294612003e+01
2.010678046627324189e+00 1.266077919920661721e+01
7.521199021641339355e-01 1.246151036709408899e+01
1.796290945059350941e+00 1.236854645894777249e+01
1.548742576706578999e+00 1.240520210376825183e+01
1.347507484693815094e+00 1.253948145767780531e+01
1.994872803753154233e+00 1.166685422748022560e+01
1.805735559710479166e+00 1.174556623645852937e+01
8.087088001751898680e-01 1.191697656324391552e+01
1.174138150086596832e+00 1.182159681590251843e+01
3.835274388362920339e-01 1.287991385444005488e+01
1.845968841735670551e+00 1.172240913504038495e+01
2.071575040184098881e+00 1.295410888039035058e+01
6.288230212530215857e-01 1.239424404523456680e+01
1.900801688372765863e+00 1.170261683455741242e+01
1.226626122435915622e+00 1.251568699462245249e+01
9.420881967747313235e-01 1.251017305576906224e+01
7.949799004547216663e-01 1.153401672684107915e+01
1.786984989376886324e+00 1.274383602822128658e+01
1.722721395391475507e+00 1.273001759566870916e+01
5.768824397097775947e-01 1.262632341132266056e+01
3.917842403945381857e-01 1.269242743948148622e+01
2.038305451333262575e+00 1.201458516016672284e+01
5.014102266030991961e-01 1.249324784294370083e+01
2.101713711192904732e+00 1.189098105024953789e+01
6.294784288236712211e-01 1.239251982504422323e+01
8.805800777490926379e-01 1.231611655939401651e+01
1.613486426946064256e+00 1.267763744390760294e+01
4.825618020522297047e-01 1.274700791561534885e+01
9.786459345808632415e-01 1.210793936730733655e+01
1.687810347052754789e+00 1.209031549314354770e+01
1.691669321456203523e+00 1.251244497087719765e+01
1.449017081125054007e+00 1.233837245420131445e+01
1.981287612946775356e+00 1.247169450728726758e+01
1.456982674872731698e+00 1.265335704786624227e+01
5.862488994681215315e-01 1.244221945899763071e+01
1.773591627719362851e+00 1.245353631413256679e+01
1.680042903078502681e+00 1.232933313539875009e+01
5.557093496010055977e-01 1.245480333201610179e+01
1.630529351327018039e+00 1.269859164960418596e+01
1.575363914745884220e+00 1.248922046162938493e+01
5.986841262753023196e-01 1.261625750012498060e+01
1.436993181882835202e+00 1.202474766904633441e+01
1.834668800775330011e+00 1.145438082494702670e+01
4.955711355850666022e-01 1.199904322254636568e+01
3.461971462800023103e-01 1.321468853022471457e+01
2.008350224758696623e+00 1.201591421773031776e+01
9.603869260798358898e-01 1.206260149549870953e+01
1.851080974980023441e+00 1.213668314991672226e+01
1.720142291480037944e+00 1.213512468044855552e+01
6.487856668411016159e-01 1.226466356759714138e+01
1.486035398132808494e+00 1.184908656113718806e+01
1.993581584903311166e+00 1.179189490684148822e+01
7.668512622306101756e-01 1.194614543466694734e+01
2.116280805157473743e+00 1.230578765348576553e+01
2.171077128210325835e+00 1.279862136217455415e+01
4.638688782860454496e-01 1.287645850613265530e+01
1.668365067599789864e+00 1.270820473248526739e+01
1.489767564623592833e+00 1.263597192958220639e+01
5.421006857810227730e-01 1.233109305588518723e+01
1.940329284561800760e+00 1.251078631908105621e+01
1.470144762499173918e+00 1.254260336831716849e+01
4.621911406210612583e-01 1.257308406574760973e+01
1.715318573457855544e+00 1.171645716602571063e+01
4.026959968262618372e-01 1.280957472148016940e+01
9.160312468882896297e-01 1.205590209917300903e+01
9.917164022841827853e-01 1.182354519311063612e+01
1.824014669590198867e+00 1.211380199355284404e+01
6.842750900941401149e-01 1.261190193434582518e+01
6.959098530930819537e-01 1.248452387258306295e+01
1.574992456703929067e+00 1.248376052989627638e+01
9.383964312120702811e-01 1.230305843289193035e+01
1.973884467108717455e+00 1.260667595155228682e+01
5.837768943763157470e-01 1.215197775560238824e+01
8.493581375582384130e-01 1.198795047478972897e+01
1.970924143862328837e+00 1.200039809644196609e+01
4.270893731405854821e-01 1.276165687321029907e+01
1.614287196930346724e+00 1.202357921909013960e+01
8.198536481221205818e-01 1.214477256237552716e+01
7.993053942216599150e-01 1.208458855838713042e+01
2.109598613372168252e+00 1.235232598157826978e+01
4.836912966696590432e-01 1.254324284513770671e+01
5.431243990733798377e-01 1.238181104347429162e+01
1.230719639264838960e+00 1.177389868514195470e+01
1.660110047658881705e+00 1.160983349032700218e+01
7.990008897186196002e-01 1.239910918439793619e+01
1.726964014375615086e+00 1.283210705534174956e+01
1.952422385726268805e+00 1.219004825156000393e+01
1.414553789968044040e+00 1.254657328774839797e+01
1.492125967306172418e+00 1.259205912030116359e+01
2.005340878777605695e+00 1.192219740992012866e+01
2.161355714597948285e+00 1.178640758160567081e+01
4.895014757463973520e-01 1.250734625032669811e+01
1.789259932195630176e+00 1.150778241531266843e+01
3.730801609249354001e-01 1.295614957954393631e+01
1.211652215236691532e+00 1.200342150910276295e+01
3.019874051573591123e-01 1.348204386723974224e+01
1.048735949769862952e+00 1.223643671567796964e+01
4.285751798813940416e-01 1.266492054447750348e+01
1.250875069732864997e+00 1.217993259936190498e+01
1.778541962458783487e+00 1.260255845893795623e+01
1.617306935661695588e+00 1.218633757153099673e+01
7.288332605623383254e-01 1.247850621792154335e+01
7.583756590643628837e-01 1.245731471619223996e+01
6.645937832275872204e-01 1.242268736980029331e+01
1.585047221112365401e+00 1.285326304747129633e+01
6.035214070018479759e-01 1.232253510482584602e+01
3.549275935274811000e-01 1.326597492968120307e+01
1.199109748466244296e+00 1.193694474870104649e+01
1.907490546481709126e+00 1.218672645907380669e+01
1.356542224945965325e+00 1.210686859582775909e+01
1.794854623864933441e+00 1.244099643463172278e+01
7.183830897250655934e-01 1.222077311560865098e+01
4.750173681795468728e-01 1.236680419512174645e+01
1.708182945703782929e+00 1.258866755041652041e+01
1.791738200295607264e+00 1.243282873671432043e+01
4.671618910816589532e-01 1.214645732204233930e+01
3.365497750870928839e-01 1.303501228819610525e+01
1.104527116460564340e+00 1.206835749494327281e+01
7.999119701511386848e-01 1.234851215762946808e+01
4.133795077911132099e-01 1.307695645144026919e+01
6.220759118584285874e-01 1.243830314193985487e+01
2.011885265236695197e+00 1.212167655271441369e+01
1.325449163485145299e+00 1.214280871992817445e+01
1.161492372795670081e+00 1.210213116119934718e+01
1.170165016511985234e+00 1.210155844412609305e+01
9.182478862978729062e-01 1.249307493122197776e+01
1.565186234467928816e+00 1.282612663360950478e+01
1.057393287658698000e+00 1.219234719725731608e+01
7.679358111462916137e-01 1.212582512546369173e+01
1.875166677532298820e+00 1.213200504619551978e+01
1.016917534923066357e+00 1.181734097665979100e+01
4.066422070268832512e-01 1.248057667708769713e+01
1.622866666150625692e+00 1.257908259055006006e+01
3.540866121916289022e-01 1.314406912711298325e+01
1.707517383544872924e+00 1.206073232138088258e+01
1.535794011159464567e+00 1.210606089395735729e+01
3.752678837205899454e-01 1.255386036308446052e+01
1.367573144890781078e+00 1.172391142811540909e+01
6.797284670789222050e-01 1.241756507471384197e+01
2.006228794332177046e+00 1.294967668065200961e+01
1.971064630605012580e+00 1.249257523310335394e+01
1.879024505863507777e+00 1.251801244019137904e+01
2.025573237754586309e+00 1.223457824116852777e+01
1.326816520587398074e+00 1.201686573319673990e+01
2.012538000140542405e+00 1.225085226772895730e+01
1.819728672659945756e+00 1.175151343595314835e+01
2.006983979285272834e+00 1.150325887319705842e+01
3.677164333990322054e-01 1.262879772745074725e+01
1.271236202279190541e+00 1.172588640243156988e+01
3.149275879777671538e-01 1.338668114691060218e+01
1.899548456209786851e+00 1.234961611737188214e+01
1.363377276763630963e+00 1.142883308771462403e+01
4.001190346181778823e-01 1.218801355976416545e+01
6.946294790340896697e-01 1.215153814771958452e+01
1.834516101730645055e+00 1.216406518883011145e+01
6.632679536177684687e-01 1.191791702610117554e+01
1.036255200043651792e+00 1.203633570155072263e+01
1.046546339474841325e+00 1.190823414417094384e+01
2.024886234979854649e+00 1.277060513008276743e+01
7.388518038104491259e-01 1.236921763508935257e+01
4.320010393337544441e-01 1.247910563634119896e+01
1.868454375736878115e+00 1.249357849397721765e+01
2.124463234664272004e+00 1.231621728613854216e+01
8.166805854347566340e-01 1.218348841664100135e+01
1.516782027916318221e+00 1.275296995530176147e+01
1.985948181199857610e+00 1.287248762273575231e+01
1.425360186685618258e+00 1.246530018623434444e+01
1.072636204029082885e+00 1.238404182024580180e+01
1.191292757782785872e+00 1.219372956147672760e+01
6.364266720848844594e-01 1.237249269707841748e+01
2.119916953103608392e+00 1.203241474085035989e+01
1.832079452604884473e+00 1.218788041520793008e+01
6.754946997111189733e-01 1.232014339029520578e+01
1.506570746273652395e+00 1.205107479861765185e+01
5.193749338896584966e-01 1.269924854846476414e+01
5.209432222133913992e-01 1.220179495251595014e+01
1.869290165088110189e+00 1.139849235977269259e+01
2.071799816854642540e+00 1.235742125745011677e+01
1.977148116364801034e+00 1.070107286397996127e+01
9.255799442899592666e-01 1.252357913349211849e+01
1.790989478054036743e+00 1.250662317394919221e+01
6.412323667960182494e-01 1.204949989246530428e+01
4.630236762291569663e-01 1.240426618322247165e+01
1.335495995740936026e+00 1.210825440336712333e+01
2.024231054712588573e+00 1.104256298808096126e+01
1.129050543394540140e+00 1.231676797443694049e+01
6.825128895870162804e-01 1.234079080014393881e+01
5.773832341171611926e-01 1.202385579468992560e+01
1.563440569677604364e+00 1.229837093541408244e+01
7.837895751996755145e-01 1.254500862974587783e+01
5.149341948145672587e-01 1.280627000939829330e+01
6.420266520958729517e-01 1.211412243713079562e+01
8.678407821814656531e-01 1.205111239455489525e+01
1.394442262541721655e+00 1.246404174721228664e+01
8.757588685601003231e-01 1.191129973528548192e+01
1.863225511901832609e+00 1.204139402061762354e+01
9.860174191776294172e-01 1.158099188192988116e+01
1.623834808961046372e+00 1.166801689892684024e+01
1.917015666158531584e+00 1.241053318502071612e+01
1.825521709126928682e+00 1.204637461892439276e+01
1.584693303408420517e+00 1.199685628000782955e+01
6.618828999531166657e-01 1.226456542434551800e+01
1.531681493210334422e+00 1.265054867752020940e+01
1.074287128379264100e+00 1.240471769066178886e+01
1.698599943427949510e+00 1.208186801728241555e+01
1.603503142066751153e+00 1.207786859122384371e+01
6.921056872373643198e-01 1.213599166767762227e+01
9.837516626455857782e-01 1.214172018483822235e+01
1.154221164788862941e+00 1.228552760422655332e+01
2.112096220192426266e+00 1.255254051993345321e+01
9.407686586329772060e-01 1.233234130024409936e+01
4.173197067618002465e-01 1.278554698851349691e+01
1.547095478283315950e+00 1.263526314767627312e+01
5.686543002592459040e-01 1.234687525816502962e+01
6.011240818768462946e-01 1.227789521634318604e+01
4.881080839395514070e-01 1.285473336153723700e+01
5.887561903667034580e-01 1.264494466141866447e+01
5.142823014945392401e-01 1.191043472905346512e+01
1.020058801958546590e+00 1.213345218721354080e+01
1.927537165049879375e+00 1.168371505038218849e+01
9.366657372982724050e-01 1.203854657799628569e+01
4.681755154148435905e-01 1.251198197199404305e+01
1.735992788208366999e+00 1.187899486607013522e+01
1.507183775440297691e+00 1.176227638782680529e+01
1.845094152438322199e+00 1.124777013109782864e+01
1.289103411606671301e+00 1.168238461802470063e+01
9.887782168834486907e-01 1.194597693868014332e+01
7.060763397139040443e-01 1.191495872316678906e+01
1.539947112400466889e+00 1.287620969556488149e+01
2.090268280391551770e+00 1.302048325443651144e+01
1.732652044506933109e+00 1.203814347126095541e+01
3.930262722921616381e-01 1.245915522745088921e+01
1.981034885896980180e+00 1.247027286993567685e+01
8.925621198029890513e-01 1.265457974601942404e+01
1.088645449941736842e+00 1.265804052184566864e+01
6.254556097336497755e-01 1.228848616607868571e+01
8.432413741344392255e-01 1.210368450524801887e+01
1.780347619799104386e+00 1.237609476571513412e+01
2.258674064237148560e+00 1.219605455725377219e+01
1.469934685496520288e+00 1.234497052058009459e+01
6.869852571513566097e-01 1.208468859015626151e+01
3.720395221752565429e-01 1.305282581626285143e+01
4.028863113569643994e-01 1.224090901060035996e+01
5.921779075524172820e-01 1.176272666553411383e+01
3.985812331835394406e-01 1.311360689261492318e+01
4.682774130822694447e-01 1.276770246135176912e+01
2.024421473503317692e+00 1.238735552962711139e+01
1.540708104591620442e+00 1.194933035034847002e+01
8.934197299993628105e-01 1.180529991955359037e+01
4.360982844825732063e-01 1.238958297020284505e+01
1.935149969711327689e+00 1.151880141486657827e+01
7.769072928774742870e-01 1.250365605194735963e+01
2.064971106691732228e+00 1.277828541139521157e+01
9.611211801281850375e-01 1.193653700718180666e+01
2.053443775256291737e+00 1.273800963747757997e+01
1.877250767769613082e+00 1.273258929826623564e+01
1.994754559714897235e+00 1.118891246951336527e+01
9.425369720418484976e-01 1.160558828222785088e+01
1.548596342375639479e+00 1.278819231164445824e+01
5.630090209631728460e-01 1.253969331175476754e+01
1.832744568898504456e+00 1.277647037077260350e+01
4.575214917731889042e-01 1.276527245901262120e+01
1.437561311351172710e+00 1.255665635623116039e+01
6.017630706049889033e-01 1.277037310529475356e+01
2.164334898971256305e+00 1.246596945910544108e+01
1.283634649527220839e+00 1.261017739512045388e+01
3.997353902131693393e-01 1.317085643494676361e+01
1.929013246142907034e+00 1.141209940904995435e+01
1.116571215513735726e+00 1.180450917232837327e+01
8.156283499200729370e-01 1.245582342443957735e+01
1.610569438532462483e+00 1.255626173063124718e+01
1.372279567559671731e+00 1.222343223862160144e+01
1.929811347663769938e+00 1.275506790111845667e+01
3.104261080708048959e-01 1.304099015699948616e+01
1.437417138546813744e+00 1.161663080561300987e+01
3.960635198491918030e-01 1.246541418231082154e+01
1.740988723674588678e+00 1.204484301387110534e+01
1.287621686316142711e+00 1.232920962464981685e+01
1.781631976317655797e+00 1.214909237025791100e+01
1.832664403574123080e+00 1.246696739622705330e+01
7.616688943005918144e-01 1.201686409549594892e+01
4.562081239031642865e-01 1.228172854514654944e+01
5.162894019616073304e-01 1.210753859345096828e+01
1.148118332966466149e+00 1.268493412594070868e+01
6.913653961345395116e-01 1.272617492216110691e+01
1.195130617843364718e+00 1.202617935690829931e+01
1.030114512256240289e+00 1.195684256513674093e+01
1.053826641870868608e+00 1.248803325424992750e+01
5.591809371404392603e-01 1.255245837620600113e+01
1.894259333218046404e+00 1.104551751537828785e+01
1.455158538863108530e+00 1.145237243363990487e+01
2.033101376493097856e+00 1.238938905494155307e+01
5.603339547252338404e-01 1.269034738294935316e+01
1.915954124706834127e+00 1.210034642121982529e+01
5.755826025811464630e-01 1.168905254560910834e+01
1.799179778594553136e+00 1.161250520127394914e+01
1.071835014026666366e+00 1.188564568028512625e+01
1.915411902305074632e+00 1.200487014518550311e+01
5.584710959662482210e-01 1.228210175753437916e+01
1.577258054590582770e+00 1.249320908985197853e+01
1.565831884755496395e+00 1.248918199980423793e+01
4.002340540048757167e-01 1.305230263074732555e+01
1.373186557856151513e+00 1.262393302106817217e+01
3.319820804057626029e-01 1.323983174828704712e+01
6.530738155829624025e-01 1.150772739149003598e+01
1.912910601794363341e+00 1.158344889675974621e+01
2.121503088785258839e+00 1.282881362485898258e+01
1.376991173977298644e+00 1.269420111576777721e+01
1.160185295685745022e+00 1.195379074634071515e+01
1.905587382267129426e+00 1.186494557458138566e+01
9.519333325175082239e-01 1.202282400420030761e+01
1.920221835380125253e+00 1.160011130462737228e+01
1.918390579782334404e+00 1.160132882321989811e+01
3.986588097229070704e-01 1.306953315943218286e+01
1.329105351767203791e+00 1.243950176966432508e+01
2.192295792506184338e+00 1.217468186330017410e+01
1.107229986691397494e+00 1.250026249692686875e+01
5.231432678605703046e-01 1.272712758768110852e+01
2.017433772701189287e+00 1.303303604884678890e+01
1.206567711888854699e+00 1.219971614093898360e+01
1.972565060620695476e+00 1.077799417946893001e+01
4.668831219327464477e-01 1.268617903561757032e+01
3.207610259894896343e-01 1.300002915673686843e+01
4.745674542530706752e-01 1.200555820492415293e+01
1.065760944641089392e+00 1.188649342549753385e+01
1.994242325633410085e+00 1.232875990881646011e+01
1.877240480546708890e+00 1.230174468290215195e+01
8.030809117463386659e-01 1.160682933700409514e+01
1.541897045048156167e+00 1.215702463841128633e+01
3.896446756926166266e-01 1.286617718782307307e+01
5.890276138973898901e-01 1.190442014395319603e+01
1.247579195826796550e+00 1.186005936567287655e+01
2.018579494172987765e+00 1.279200610574409325e+01
4.682165799222898772e-01 1.310193016749911443e+01
6.136233988262629335e-01 1.184374092093843522e+01
1.666532156883144378e+00 1.213487113940709428e+01
5.600398498292142868e-01 1.260753032222301151e+01
2.080952207353307326e+00 1.198225165023446515e+01
6.668422206008987052e-01 1.225425223736668201e+01
1.921787191882150969e+00 1.201184940834441761e+01
8.732408428571734049e-01 1.202808461546738883e+01
2.091262752988638507e+00 1.213488254790493315e+01
1.024958827453033017e+00 1.180594702021012132e+01
7.411986617900735430e-01 1.202638468509338487e+01
3.617847378245228618e-01 1.269784676384553634e+01
6.925982091937470386e-01 1.253453207205344455e+01
6.290657274731888959e-01 1.260285428720416689e+01
3.324973066384073195e-01 1.321210788129525326e+01
4.220347442992520848e-01 1.252878687257569368e+01
1.494382386298136467e+00 1.219897942359777865e+01
4.183621346435276167e-01 1.246582636460118998e+01
2.079898452334681735e+00 1.226330538280696558e+01
1.243488794192264324e+00 1.244504159455454051e+01
1.769788806556330307e+00 1.252621897785547844e+01
5.294485041998832076e-01 1.214317398381590785e+01
7.056166806204726694e-01 1.245853831265110756e+01
2.035162621950448614e+00 1.217261427747617297e+01
1.858246163467442535e+00 1.213208185833127928e+01
5.996363624995126873e-01 1.252357553674338320e+01
1.920971869304339164e+00 1.102288381952322105e+01
6.374631457387727185e-01 1.213095605023226398e+01
1.850854667658105912e+00 1.228137110000938925e+01
1.217895236662854597e+00 1.202046979525227499e+01
3.376406360666581175e-01 1.304467694460308103e+01
2.058181691247281453e+00 1.158969657428573363e+01
6.389235337428413875e-01 1.208699916614464520e+01
1.837799052025469893e+00 1.259130379673244882e+01
4.443752344991820369e-01 1.274491340982429932e+01
8.282515485694769142e-01 1.232817381309561355e+01
3.699873161914922770e-01 1.278647844752464380e+01
5.776292772990830882e-01 1.205256494966527470e+01
1.338689145505089995e+00 1.232175201960683175e+01
6.030484447598742914e-01 1.274423532635283429e+01
1.286273022051442005e+00 1.248642848969410579e+01
1.735859759178612238e+00 1.269305937439205323e+01
1.238892940957387667e+00 1.264703029316375016e+01
1.399037434447311323e+00 1.273391478829004519e+01
7.141671387779380265e-01 1.239714276136171556e+01
5.952087770638933018e-01 1.248284557777980197e+01
5.906632338774652213e-01 1.240499414996609318e+01
4.306880380174228917e-01 1.235912373359807681e+01
1.749485437560766687e+00 1.103655106912983186e+01
1.580373835983581499e+00 1.179698473062298802e+01
1.368083348906147689e+00 1.257404567039489329e+01
1.328302162268178543e+00 1.255997372140495116e+01
1.369247587325411519e+00 1.203298017430459232e+01
4.015891083258271155e-01 1.297583657681140856e+01
5.648600643702978985e-01 1.260635754552004428e+01
1.078385566269305373e+00 1.255788670562374953e+01
1.059503429643122496e+00 1.198458457316978887e+01
1.178969613838952712e+00 1.201409457120748847e+01
7.088643665547174066e-01 1.200464229458727949e+01
1.069394412193317212e+00 1.199127241209967210e+01
7.244989279896236756e-01 1.220744816365619023e+01
1.260850556317814064e+00 1.219025750339221403e+01
7.012587238726579741e-01 1.193335331409234357e+01
1.934890935128655398e+00 1.213301363987655002e+01
2.065208362481600890e+00 1.264054864400557854e+01
4.377745241379455976e-01 1.254143467561359593e+01
1.713840426853662668e+00 1.257948692577011940e+01
1.007869600438787261e+00 1.150600066728772575e+01
3.763722254314155191e-01 1.246752646452527991e+01
1.744538193838816253e+00 1.185865619955123407e+01
5.233209703766258380e-01 1.224489947279344726e+01
5.402378240760733474e-01 1.223052259044226453e+01
1.254214281911773421e+00 1.236774935208283210e+01
7.740132849012650862e-01 1.208271239221767779e+01
1.441367354715816562e+00 1.168334020204748214e+01
5.560797894084235082e-01 1.298523154365991061e+01
1.654534611150781709e+00 1.246118283635055946e+01
1.969547526298921047e+00 1.192359609813261123e+01
2.049148731260890255e+00 1.170480846366044858e+01
3.391641473441624477e-01 1.329432087494702230e+01
1.436808568870297398e+00 1.232541151233883170e+01
1.812129996827211542e+00 1.253482909907486942e+01
9.427659264134344852e-01 1.200889561558789609e+01
2.071669243424851370e+00 1.145305131400743193e+01
1.711792402705336835e+00 1.176390944751671697e+01
2.008657652512135350e+00 1.272499872390326736e+01
9.940764434488704726e-01 1.240676392397013217e+01
5.126992006900292775e-01 1.228037151033001173e+01
3.907030862919924075e-01 1.275179271806122649e+01
1.691988285306847306e+00 1.220550721907327940e+01
6.751775274976650199e-01 1.220505414933513144e+01
1.446377267463628602e+00 1.246844981316108480e+01
1.012051427862196595e+00 1.232005441526780132e+01
1.561452529755491980e+00 1.269740593621797231e+01
6.114512587428760915e-01 1.262163533418640782e+01
5.573436110790493947e-01 1.191842288600054367e+01
7.965730188208243190e-01 1.180911080083928688e+01
3.960954511729635197e-01 1.304188213755614534e+01
1.428306962436614036e+00 1.244989784800801402e+01
1.790270315669512335e+00 1.218892488756182146e+01
2.007042522050679345e+00 1.286029888345066041e+01
7.293337697017848731e-01 1.234181063011049773e+01
5.580390807234165695e-01 1.199094293529493882e+01
6.835541790628115733e-01 1.183768547627134460e+01
6.985825936782198431e-01 1.216201878322212337e+01
7.869900584894087281e-01 1.246070085855187415e+01
1.901441721140357144e+00 1.176465797524214985e+01
1.980999898533667869e+00 1.164986926186978344e+01
8.663425162312928807e-01 1.253098704344918168e+01
1.824101217070023040e+00 1.266029164527246920e+01
6.490510036036937214e-01 1.235631594007330492e+01
5.391737467775281623e-01 1.251839475932493961e+01
6.951368742995668315e-01 1.235474027429576083e+01
1.417089457417572973e+00 1.197500773295814902e+01
1.252881536144216490e+00 1.190458299398233422e+01
4.357063048882365841e-01 1.246943985919513054e+01
1.179612003325333447e+00 1.213661222936171491e+01
7.046999904386116453e-01 1.180940537189098016e+01
9.796378273991429575e-01 1.226455790027837267e+01
6.698036841509472650e-01 1.221064466071864096e+01
1.050507455873036511e+00 1.177389074042460670e+01
1.223933003909525308e+00 1.165306306482505327e+01
9.598727018227148911e-01 1.179104242831201965e+01
1.946317869491735131e+00 1.249656868458629511e+01
7.034532744567351115e-01 1.197723418352786418e+01
7.221734042669777365e-01 1.209635446962672134e+01
7.067209021878070319e-01 1.209946415314808554e+01
1.564332988335559227e+00 1.230723183445202373e+01
2.125419312005735417e+00 1.190629293197244465e+01
2.014667354406573629e+00 1.109314068177379120e+01
9.616569229310428790e-01 1.215854505288651133e+01
1.356824199095817862e+00 1.225910843721721477e+01
1.154336234634403935e+00 1.226844833998618434e+01
1.286011379832373791e+00 1.214627587578654477e+01
1.957141109775319521e+00 1.207173126420419607e+01
1.097905693489197976e+00 1.253867368838145246e+01
1.244905003682996059e+00 1.239539780287631743e+01
9.719109881724010691e-01 1.179792177454139335e+01
2.031257984548594298e+00 1.207766083261562073e+01
2.035615681024216528e+00 1.207359650589411615e+01
8.322001669245853162e-01 1.231645887527099958e+01
6.018547566924030701e-01 1.174342548248572804e+01
4.423031941452635896e-01 1.209704535339986187e+01
1.979197910952154471e+00 1.183067994968751435e+01
3.430224794878469208e-01 1.316086586263160285e+01
7.181909936491523982e-01 1.204561457053196349e+01
8.287557329134629391e-01 1.202381465925842541e+01
7.689392015796256974e-01 1.232110953761605288e+01
9.388078786561874223e-01 1.234226571747742618e+01
1.443142543547679901e+00 1.190814984225247741e+01
6.493933390860621158e-01 1.234403264109945653e+01
1.847118170541081072e+00 1.238448677880222526e+01
3.429085597495225013e-01 1.309812694333097127e+01
1.411909281544544426e+00 1.195082947700889520e+01
4.124786609810123794e-01 1.232006281563141670e+01
1.293431458078687868e+00 1.218257659687763272e+01
1.247126500006666472e+00 1.215443832920101208e+01
6.743665475507142348e-01 1.227407971420623767e+01
1.518541624973455129e+00 1.246283999326992564e+01
5.099808766326735521e-01 1.222574414450310876e+01
8.226099800976510723e-01 1.235858452469498125e+01
1.406746574214626122e+00 1.254277527537758452e+01
5.386103108932605021e-01 1.252296655894828881e+01
1.907713292373709457e+00 1.296100431338748926e+01
1.580351704422010783e+00 1.187130432273118963e+01
3.780771845283149024e-01 1.293018872557142096e+01
1.840423907578058182e+00 1.226444138704167663e+01
1.485872624424162902e+00 1.166840852018223096e+01
3.032358962692744409e-01 1.327115629602149127e+01
3.440493957077334630e-01 1.328402395438597239e+01
1.048953145580561630e+00 1.212895795317743008e+01
2.063449857279950450e+00 1.165166466448097893e+01
1.405587268030960013e+00 1.179251314559268948e+01
7.495812646180475269e-01 1.256725152657191558e+01
4.599994130146038973e-01 1.301127510677689436e+01
3.195921459416590227e-01 1.345813716273712224e+01
6.048724925826440835e-01 1.216386356597631391e+01
8.267690771331850375e-01 1.237538890810189329e+01
1.140607175444582566e+00 1.168333146334247985e+01
4.214438669795702586e-01 1.238667026739860333e+01
5.787212800997759699e-01 1.191325290006230375e+01
4.065107186736868217e-01 1.286485875828348036e+01
1.734078335744354327e+00 1.190634146147702133e+01
1.260936100319967945e+00 1.270054137042005316e+01
4.608739703329625681e-01 1.311116014401561358e+01
5.628566371933518830e-01 1.177551789446849817e+01
1.977841828862896500e+00 1.062489282970845217e+01
1.596493680530777670e+00 1.276583726086519910e+01
9.896820525739604690e-01 1.256587289061700297e+01
1.549910448203289715e+00 1.151223416401332322e+01
1.206166732978395162e+00 1.227065361236125440e+01
1.970722758725383716e+00 1.199769082624315786e+01
1.287014243286274340e+00 1.209383390722542373e+01
7.498386548171124266e-01 1.219665355623502201e+01
5.305604671096550984e-01 1.265924168691604557e+01
1.238038265163533103e+00 1.257120804407727022e+01
1.195866550537604933e+00 1.255764805804447271e+01
1.990278402302472882e+00 1.139583057278206191e+01
1.744919718895890259e+00 1.171432111015962008e+01
1.516029692195870027e+00 1.264231198607860840e+01
9.818501732178510633e-01 1.249777013525039138e+01
1.515536816419536637e+00 1.170098989626958463e+01
2.038449161678776100e+00 1.187432695524111814e+01
4.689979244429215988e-01 1.245911268005140649e+01
1.221191436631768656e+00 1.182721315163118803e+01
1.416173558665407617e+00 1.224209235625832726e+01
1.742155961266409259e+00 1.240363832646358233e+01
2.067480835010818474e+00 1.245413511863664979e+01
4.487944398732340301e-01 1.244665518795317105e+01
1.338290232259196300e+00 1.247003826397130766e+01
3.951995578626332217e-01 1.261032432300001993e+01
4.321257156735920923e-01 1.241710343331986266e+01
3.784341149423227080e-01 1.291567374728646200e+01
1.301647712260379786e+00 1.262497080827422202e+01
1.606729926519558926e+00 1.273989476020548750e+01
5.231998143261255008e-01 1.235825573745625938e+01
1.665414268426425037e+00 1.215541983803783488e+01
1.704380798311269318e+00 1.286399685522175673e+01
1.512960626395676078e+00 1.215023617741282180e+01
1.792717525160491432e+00 1.208005711496772072e+01
1.782533145217920945e+00 1.128474368173892906e+01
2.073455474952771382e+00 1.239878552382880272e+01
6.878307074700608092e-01 1.224132239684325718e+01
1.928974468209540216e+00 1.244748907835575835e+01
5.547601201814114091e-01 1.270569111731505174e+01
1.827784921429173925e+00 1.223382409553227035e+01
2.144731082311485793e+00 1.299103152324819277e+01
1.455399671159799624e+00 1.183313726204507965e+01
4.726286122834316705e-01 1.207041237492430241e+01
2.210410000308626888e+00 1.138047507347910603e+01
1.871605505117363011e+00 1.180060627790343908e+01
1.954910804684600212e+00 1.213652594675806107e+01
7.094989359658167016e-01 1.202961334011180838e+01
7.054474034595596965e-01 1.185251089879398911e+01
1.764831018453024480e+00 1.206200937470721257e+01
5.566410642224756122e-01 1.253619039514550693e+01
1.113294755694006266e+00 1.214463644376684215e+01
6.138065004202393204e-01 1.218665375818665098e+01
1.029386074012633046e+00 1.221335806988818362e+01
1.989660395269088111e+00 1.155010956657287835e+01
2.010714942130162886e+00 1.145393112082993170e+01
9.836202372037810004e-01 1.209093678369841562e+01
5.717997793977742660e-01 1.223620071588011449e+01
1.115433922699303304e+00 1.220148243960191436e+01
5.793435847011185746e-01 1.207679881871369432e+01
1.921444933180364467e+00 1.295522687398032780e+01
1.335539035988653422e+00 1.185539354047587324e+01
2.096684847018376541e+00 1.144593781029945667e+01
1.923257957209063118e+00 1.168933082123554357e+01
3.828244828362168395e-01 1.278565592984078236e+01
1.507798214470931875e+00 1.209101842502798441e+01
4.251806508887290281e-01 1.220211022697511538e+01
2.043724295062235186e+00 1.204197406917577595e+01
1.966972606698497605e+00 1.222940815433983275e+01
1.445754524631768678e+00 1.236586573187578963e+01
1.557174664996108904e+00 1.193875258501328673e+01
2.037023442772310400e+00 1.134886299273189003e+01
1.659208750702642288e+00 1.165045107754797016e+01
1.978026995794039733e+00 1.273378470171952337e+01
1.354269028971648359e+00 1.258285756647941867e+01
5.576743419759775389e-01 1.168312202774989572e+01
5.531473701689649802e-01 1.169078579967271914e+01
4.911601985146299976e-01 1.250056567543864183e+01
6.847817961511134532e-01 1.255161108034957174e+01
5.838465854674405042e-01 1.201506683813783560e+01
3.209764478330298654e-01 1.320635302955236590e+01
6.961300385508059074e-01 1.190944121129376043e+01
6.522189383267920082e-01 1.193527598996130124e+01
8.527530031025127855e-01 1.190769005480335174e+01
1.319893603656880243e+00 1.213211366507820088e+01
3.339804916004556201e-01 1.277320446236121221e+01
7.164824760516139701e-01 1.160280828666712161e+01
8.682351503613664478e-01 1.183371013600577193e+01
1.831286789990799191e+00 1.198425369453226885e+01
1.548754396716882642e+00 1.253272807039206782e+01
1.367747740006675983e+00 1.244390465822085545e+01
5.760325029338758673e-01 1.194126097596579505e+01
1.953378459697038938e+00 1.128890892987960548e+01
1.744761700595390153e+00 1.221073126028226952e+01
1.511613921302797703e+00 1.255516165563030917e+01
9.193125895560618766e-01 1.194335286105466487e+01
1.010326938419457976e+00 1.202040197577776937e+01
1.281841183852904908e+00 1.208971021884206642e+01
1.801593087539706373e+00 1.141550217343855245e+01
4.674711504530255080e-01 1.264770610276331375e+01
5.557922079490190681e-01 1.257600382695139452e+01
9.405366544598465772e-01 1.240048242422865421e+01
4.371489055031877458e-01 1.255006218885952762e+01
9.639935028223536317e-01 1.185706330867914104e+01
1.423118179982308940e+00 1.246256213112865652e+01
1.504668363916079610e+00 1.248950637660431617e+01
2.047106322194098382e+00 1.253380665773406122e+01
1.762629913064842402e+00 1.197370433732414163e+01
8.033001493672657922e-01 1.183541167277547679e+01
5.376700218556325073e-01 1.192962347792214750e+01
1.109423526458496179e+00 1.170997312131973445e+01
4.137279731934523364e-01 1.236487495324979236e+01
4.073192110552493195e-01 1.239947119104277995e+01
6.976828778616344096e-01 1.176737767479486152e+01
1.235639449971076775e+00 1.226262581446203015e+01
6.023646462799410184e-01 1.245322421360952525e+01
2.032730023949723464e+00 1.113191995704189630e+01
1.715088528547617619e+00 1.171637663975906740e+01
1.937278399315065069e+00 1.291200853528115822e+01
7.898429627806656805e-01 1.272171107143498681e+01
4.984826411914114463e-01 1.189487591044351156e+01
8.063449718258556276e-01 1.156138820495351460e+01
1.357290093060927294e+00 1.259161169574539940e+01
1.300361595726734265e+00 1.259833495506718570e+01
1.967196510509928720e+00 1.085037264164655291e+01
1.586278473236866216e+00 1.163790442105065992e+01
4.502980420822829122e-01 1.256804163875556135e+01
8.772920528692182973e-01 1.242486444603781415e+01
1.577458041261738719e+00 1.258040976016423684e+01
6.441200260324968507e-01 1.244018555963378425e+01
6.876263517017403570e-01 1.262221446749145315e+01
8.457178475577032950e-01 1.242220807375976754e+01
1.075936422913294166e+00 1.157042216712547145e+01
3.739194884791928741e-01 1.232698468212951504e+01
6.212000121852127021e-01 1.226098326630259550e+01
2.042912587064525720e+00 1.210968253888290924e+01
1.574441260577749357e+00 1.189428310534409050e+01
1.935095063596647957e+00 1.158071883263662016e+01
4.403734807538644547e-01 1.287970641614023393e+01
3.040550372095582876e-01 1.317787642721884822e+01
2.393636391936152297e+00 1.173563231434076570e+01
1.714877898474813644e+00 1.260740790642772957e+01
4.789193395995275937e-01 1.232962146685737359e+01
3.425981582845066820e-01 1.281155464037002112e+01
7.821491456873319592e-01 1.184912988102630926e+01
9.576095190897019327e-01 1.183142291987549477e+01
9.985975808045990387e-01 1.165506558337119003e+01
3.021322134983125962e-01 1.319968184448312520e+01
1.495432021928960742e+00 1.215577202051375494e+01
5.241819047942295473e-01 1.263161362384418318e+01
5.202504097395842519e-01 1.259826278289787460e+01
3.297982408675209642e-01 1.271211866624123132e+01
5.038648184211143022e-01 1.298342464345069658e+01
1.444735204317988631e+00 1.274483107590668141e+01
8.647278785668711665e-01 1.164559519346647498e+01
6.694566002586503917e-01 1.202458061477801543e+01
2.042747140783744531e+00 1.188148020989235931e+01
1.826843673628713027e+00 1.197380426165388911e+01
7.636236301389934811e-01 1.173980838178867891e+01
1.927046923783596544e+00 1.111682472738648109e+01
2.001189261793299146e+00 1.142416953767116716e+01
2.008580895949914513e+00 1.268556451295004628e+01
9.558263673544951100e-01 1.242839704280348023e+01
1.156365003086351928e+00 1.191822687103486800e+01
1.024122473373694886e+00 1.186197407032801721e+01
2.007573064981882816e+00 1.263581882930051314e+01
1.838960595039010437e+00 1.209428566441657260e+01
1.798312442011432255e+00 1.213084047072645966e+01
5.352924885348563366e-01 1.228627706509286277e+01
1.712192521853208804e+00 1.216216501415230944e+01
1.390732537620930964e+00 1.226978105824036547e+01
2.056536567585680597e+00 1.266301583536684205e+01
1.304643747669359310e+00 1.270775028694680664e+01
1.348309296083378905e+00 1.269687629962489162e+01
5.833028728369069604e-01 1.288444399659246464e+01
1.308786735279677149e+00 1.241317915289052998e+01
3.544680411927319530e-01 1.311162610982458787e+01
1.716895846084524058e+00 1.178740101019083752e+01
3.254059847662898464e-01 1.338925903684571139e+01
2.088765094799518440e+00 1.137922373085078576e+01
1.925998145472062273e+00 1.175442371043476086e+01
4.321035514886060747e-01 1.227420735846551203e+01
1.801262012847975047e+00 1.240096457555605269e+01
3.545312518161445325e-01 1.289091057923051054e+01
4.333231124226984421e-01 1.235826206162144025e+01
8.857663100268831080e-01 1.220345726266203634e+01
3.986214924739326371e-01 1.290278264907662553e+01
4.391653357669569879e-01 1.285482482600082932e+01
6.894757640425112077e-01 1.238405193103214685e+01
1.158318209026187429e+00 1.182644708436135872e+01
1.662647545023097306e+00 1.160803756155494604e+01
7.849814716376670720e-01 1.215213682182296218e+01
1.321099240408332598e+00 1.218343251516592929e+01
2.031428012588167853e+00 1.063685210731155451e+01
3.014195286128369400e-01 1.303625888844495329e+01
3.993840320129475874e-01 1.277699044259871641e+01
1.894831671153838881e+00 1.100104816002970587e+01
1.524436061641026185e+00 1.210720508986413257e+01
1.968229022299657682e+00 1.199716878094771566e+01
1.842548859211698309e+00 1.231856332464631798e+01
1.002709445808008581e+00 1.205920250472718180e+01
1.958693359009339607e+00 1.212923148583998234e+01
2.086980041597979341e+00 1.159638638292759438e+01
1.127156786225784302e+00 1.186227164065374495e+01
1.187126964482654534e+00 1.185375330181707554e+01
1.279894720287185761e+00 1.161740604647888020e+01
1.615325735264186324e+00 1.159730127369148178e+01
1.955000610367492397e+00 1.180490932502170764e+01
2.047423662978068659e+00 1.158397488968315336e+01
6.092444168124738768e-01 1.249341585221126927e+01
1.426308879468730195e+00 1.217204438987420367e+01
6.948613638408543958e-01 1.233210198010060488e+01
1.564634283539118709e+00 1.260111099988057681e+01
9.947412932089640947e-01 1.219818700057077976e+01
3.212763308832913833e-01 1.337072483836621295e+01
1.552826977570686662e+00 1.253307387124407413e+01
5.696364118262180476e-01 1.264659916769227443e+01
3.952795317738131420e-01 1.257662819244026586e+01
1.021384301246804904e+00 1.179302093150382547e+01
2.086328482791171890e+00 1.164975564978118783e+01
2.075346398446622498e+00 1.167556792685449985e+01
3.323060222394538799e-01 1.320851024933803508e+01
2.066912961716155461e+00 1.204982725486760309e+01
7.864613576661154681e-01 1.175644025522107938e+01
1.429883606053339307e+00 1.266362258497449389e+01
1.303292771452814414e+00 1.258984521892170960e+01
7.557360761801287241e-01 1.171272840715174368e+01
2.036833448733264440e+00 1.143145293259974871e+01
6.426388109399145954e-01 1.192139718417674565e+01
1.110818469676539078e+00 1.230240679549276805e+01
5.923698958734867626e-01 1.210410563582536803e+01
1.445419737312370945e+00 1.233562287448219408e+01
6.384509376619251775e-01 1.197886583254733850e+01
1.734208088422996452e+00 1.220961716736177038e+01
2.094818610205399612e+00 1.232273380287892017e+01
2.139893713926463104e+00 1.227314929035185820e+01
1.358319830951011609e+00 1.261849248742856489e+01
2.068067954959034171e+00 1.274454298579014910e+01
6.418633540410061400e-01 1.222483757638712731e+01
1.174061620405117079e+00 1.213211534173274408e+01
9.035708028249069823e-01 1.202327422301348037e+01
1.099328412780417930e+00 1.214572455698891318e+01
1.560093622756422160e+00 1.224263314009657044e+01
2.901964924821244796e-01 1.357022568373171190e+01
1.459539493113735320e+00 1.242898961809881442e+01
4.318938306766287316e-01 1.246963114466883482e+01
3.431172048449369627e-01 1.308247621535173799e+01
1.256844707760452984e+00 1.215618682807310691e+01
1.028633269022657393e+00 1.220745781673214481e+01
1.536983325414311263e+00 1.272073287249974527e+01
6.631486985083510088e-01 1.240711394077862373e+01
7.505038031548448840e-01 1.235935557229487181e+01
5.834114902411565717e-01 1.215941273514131105e+01
3.719947026226004261e-01 1.295653433928244525e+01
5.362043014928868923e-01 1.226598264346024791e+01
1.023522273853680220e+00 1.248400559063438742e+01
1.127327135362485411e+00 1.253816456214884134e+01
1.777830436706960837e+00 1.275693227895160753e+01
1.672148703595534913e+00 1.282001109640833647e+01
6.220954686918683807e-01 1.201863066739385566e+01
9.267907953421596901e-01 1.188753277397837671e+01
1.694678755724438268e+00 1.211819501973078594e+01
5.467657956005111952e-01 1.233417154990516629e+01
1.994588848529937453e+00 1.159372808468611282e+01
1.926938535682394038e+00 1.162560677557997124e+01
1.843573528483491319e+00 1.170454442731087852e+01
1.233929947671137839e+00 1.210484087521310670e+01
2.108277534572905676e+00 1.211493883946718242e+01
1.026583670618090638e+00 1.219522829174524325e+01
1.418437033169865913e+00 1.244054143587558059e+01
1.737489269105824352e+00 1.195329651161594064e+01
4.289689003871854367e-01 1.268204978458748577e+01
4.109694865089689175e-01 1.274752716731400248e+01
1.655074115547188862e+00 1.269010276877843602e+01
2.068448838631828046e+00 1.283659545607228125e+01
1.991983691231810072e+00 1.180442556678115196e+01
4.177630576885372204e-01 1.288353695902166685e+01
8.067424188868440593e-01 1.241276171961295205e+01
1.075952401379686174e+00 1.208890015493051351e+01
1.061538683678542760e+00 1.251689563433781061e+01
7.929265439610960753e-01 1.249137846504834926e+01
1.563773353202072336e+00 1.218142318693276316e+01
3.863148549759640171e-01 1.313206559339913504e+01
5.519277103062474321e-01 1.244432602293433376e+01
1.141975683224027094e+00 1.237854981675342358e+01
1.537646240242429130e+00 1.256769289160628134e+01
1.284763765287219028e+00 1.262323076209850825e+01
1.257129764216402323e+00 1.260979862654832040e+01
4.989887094914665089e-01 1.218527558911653053e+01
1.383408908607513199e+00 1.255590795766660328e+01
1.197262234639150602e+00 1.215773816641113036e+01
4.531183491709681599e-01 1.233550491447492092e+01
1.160950863143342948e+00 1.246651895946302702e+01
1.092467856073741528e+00 1.249481795020481556e+01
1.497649911470354089e+00 1.226036414006165032e+01
1.636886514469325649e+00 1.227982220842726946e+01
1.383715587680110382e+00 1.197155377627547068e+01
1.418262409214151365e+00 1.196638348431678089e+01
1.629727946704936814e+00 1.287030396963801415e+01
6.434957120899523764e-01 1.261270358453507967e+01
2.073620193458069583e+00 1.115809673839471117e+01
9.483694070296773138e-01 1.257774795833918269e+01
5.802774241876373917e-01 1.270372993249343452e+01
2.033272539593702799e+00 1.148068825362387635e+01
2.091398463278865805e+00 1.137832276692417288e+01
6.874085131875564691e-01 1.218392511332173633e+01
1.199311248927547258e+00 1.237810079717071687e+01
1.979742681670046300e+00 1.235303101859533648e+01
1.825136949616127158e+00 1.238617815459183014e+01
1.669919421774195722e+00 1.239077151355317241e+01
1.602931659683527021e+00 1.261808168803733032e+01
1.174924608311537444e+00 1.244703870952188929e+01
1.103647389845027194e+00 1.245423526466960240e+01
1.134274881244669242e+00 1.246413854882232108e+01
4.066490481676993674e-01 1.305792107819368830e+01
1.027923619619883322e+00 1.243598150071180619e+01
1.199460331455467044e+00 1.238643592629357926e+01
1.504697796360125128e+00 1.218578691764479238e+01
5.971674969233342622e-01 1.228626778143862275e+01
1.790316256102269854e+00 1.199145962221811246e+01
1.020499213945510242e+00 1.193288461706005066e+01
1.966716964932061273e+00 1.118700713034182570e+01
6.111138876473612980e-01 1.233269476827668676e+01
1.721055097956963209e+00 1.253266422730626495e+01
1.804695645390962166e+00 1.246453075973065872e+01
1.974986755067021704e+00 1.272740316468950361e+01
1.411281427771875041e+00 1.159764019263916879e+01
2.035836631475120839e+00 1.084325985573503104e+01
7.262627117365917373e-01 1.155260456441794759e+01
6.900446413542827839e-01 1.157712835310291410e+01
1.825032266625386423e+00 1.223565240099410723e+01
1.022896423365378560e+00 1.215543514854420870e+01
9.804705809491512936e-01 1.216053917320281741e+01
9.558914001061245003e-01 1.240725988851734130e+01
1.550987342238950628e+00 1.215508866643498642e+01
1.822906448100465315e+00 1.207887628137553371e+01
5.691655804169701849e-01 1.267930993292055497e+01
1.936013650371480210e+00 1.295232311348640053e+01
6.976693559375953813e-01 1.209876263325573120e+01
3.886326612945892323e-01 1.256154692289205954e+01
1.905053945084134392e+00 1.216863716967820608e+01
2.001410833587285776e+00 1.280965238749784163e+01
7.413120891611695296e-01 1.222602121197484948e+01
6.678230518217344036e-01 1.179727550686908621e+01
1.854077655873443087e+00 1.188333958819973368e+01
4.033721525853343759e-01 1.302606082187439362e+01
1.791556607668790546e+00 1.235767159222186784e+01
1.267552936714653633e+00 1.157234619643562645e+01
4.087969434617923503e-01 1.234679086858312580e+01
1.908096965382936938e+00 1.175180209585301760e+01
1.123963224085714474e+00 1.199764841319542796e+01
4.159885983432426992e-01 1.241868546432950104e+01
1.690894184724204719e+00 1.230367701214336940e+01
1.626480386174486314e+00 1.231819147603387066e+01
5.521836691295638477e-01 1.207608673256470766e+01
1.835517200031337559e+00 1.123915368001337711e+01
4.197495009134563082e-01 1.280420863326217784e+01
4.835766435233726512e-01 1.256073822439925891e+01
2.773026206101140700e-01 1.326765317967093161e+01
2.050957435892869718e+00 1.111689306701495283e+01
8.328684533853502048e-01 1.219097200591278707e+01
6.428317472920822562e-01 1.204248119436074127e+01
1.405243412272001891e+00 1.233789254192765128e+01
9.900593263695278701e-01 1.197934693231197301e+01
1.386575535484633415e+00 1.221456656889285242e+01
1.210471306781587320e+00 1.257456560824440039e+01
9.324241029213861109e-01 1.233940137108001700e+01
1.624013404504612179e+00 1.185425025641727004e+01
6.806264457470337925e-01 1.225647145349340761e+01
1.384680664697270691e+00 1.241547489393846604e+01
9.588527369694451741e-01 1.244285987744729560e+01
2.141442644917314286e+00 1.245617209482338517e+01
1.301601737788948387e+00 1.208820794350168981e+01
5.520299659818502791e-01 1.247404043567738086e+01
1.634625688009001765e+00 1.228540400815761657e+01
1.296157866954745552e+00 1.161312271132189977e+01
2.072251214637795602e+00 1.084149829096424433e+01
6.743970698530068475e-01 1.249781231825681438e+01
6.128995391651179681e-01 1.202731230470524437e+01
4.071084645596794171e-01 1.262248999437494135e+01
9.055135397104987494e-01 1.223428109549339560e+01
5.881731229986342235e-01 1.236868008632718308e+01
1.524163865590948852e+00 1.229356996687393178e+01
1.450771476994577425e+00 1.234238381734410694e+01
4.864462799372003543e-01 1.225264249631995028e+01
2.046516107913870730e+00 1.269582446927744002e+01
8.709535977122581096e-01 1.249490465905524950e+01
1.365742885273796503e+00 1.217216650603727857e+01
2.096155473471474018e+00 1.238560174811955505e+01
3.436180674874979579e-01 1.310731888012455038e+01
1.853766204603351841e+00 1.239081418577887561e+01
2.230150016048333850e+00 1.238438458100358552e+01
4.752639698821985448e-01 1.281999231267428563e+01
1.446146776458216099e+00 1.235108741546614830e+01
1.873108053720275334e+00 1.250956839746991633e+01
1.215527664173099653e+00 1.237208491256617471e+01
1.776299421874515616e+00 1.229907002848470832e+01
1.593946981349194880e+00 1.185789658320706508e+01
4.370697131593823670e-01 1.253604503285259320e+01
2.913360286644267050e-01 1.328153362328976606e+01
1.788331466706814421e+00 1.146817928433459421e+01
3.817239541046018592e-01 1.287481770495761424e+01
2.372740815282510685e+00 1.231225542539516304e+01
1.861257223245641690e+00 1.153288161313023252e+01
7.027702246336854364e-01 1.179660691781690751e+01
1.680011465550497629e+00 1.238970666371106155e+01
1.389194310925057296e+00 1.232729102898897899e+01
7.533605187244811763e-01 1.189317698969633241e+01
8.985197451565669624e-01 1.211025908598373135e+01
1.566759637781667935e+00 1.240016123689818173e+01
1.239774454787603064e+00 1.219761188066887669e+01
2.022604795697201752e+00 1.127726836338630889e+01
1.781890580309641203e+00 1.219517321353744244e+01
1.744941213773002042e+00 1.264902628380774452e+01
1.612846580311746436e+00 1.263832438787008172e+01
9.399193037340273227e-01 1.189016840737532554e+01
1.400455127991761417e+00 1.213376919179061808e+01
2.134333415374895182e+00 1.241410607215409456e+01
1.102777639223311956e+00 1.228512575934319706e+01
1.963443985514923051e+00 1.272440276355230537e+01
1.453126603027826258e+00 1.267777218959281882e+01
3.650867170908482229e-01 1.265503480692852278e+01
1.667259967189112402e+00 1.190454966212353050e+01
1.784026184972361317e+00 1.142676166494248235e+01
1.964218728094263122e+00 1.218874307149574143e+01
4.758572576260655107e-01 1.258105912668021098e+01
2.038333063789569355e+00 1.282038793828166767e+01
2.133249877534459937e+00 1.279415532539026046e+01
4.097541981385855459e-01 1.221817941148050046e+01
2.654542482342432952e-01 1.382456274178922406e+01
5.511369596975097540e-01 1.158815005268652776e+01
3.534725052704570381e-01 1.243398738311529605e+01
7.494952525417930556e-01 1.208077674248836431e+01
8.978777699120670253e-01 1.222698750237360343e+01
1.841553418303833345e+00 1.221897381229431900e+01
3.345213556639147767e-01 1.306668912156411366e+01
3.515509437296817086e-01 1.281311621157252034e+01
6.141136003241838281e-01 1.186179882175025746e+01
6.481420215094805259e-01 1.159273367266741772e+01
1.006738909891940592e+00 1.156340404877092176e+01
6.477806379678529014e-01 1.220696209000148258e+01
3.994393757511609522e-01 1.292588815944568736e+01
4.211182776121180082e-01 1.235655597958238161e+01
3.363140141527858895e-01 1.266548885594590956e+01
1.931471659922129103e+00 1.205624537776072991e+01
5.279679755993658130e-01 1.258591691383886335e+01
2.074501781216483209e+00 1.226872509422766022e+01
1.479667167727265920e+00 1.196644098484973462e+01
1.862910786211905201e+00 1.171627074403765079e+01
1.631236973482225183e+00 1.201025294205411065e+01
6.744796588155685946e-01 1.202539452807840270e+01
3.843189464552403956e-01 1.289806452871266984e+01
4.360124134521401462e-01 1.261945294363165715e+01
1.219912051796057550e+00 1.240790011900880607e+01
3.705980384189344612e-01 1.322660432161499244e+01
1.920321793062273796e+00 1.196516564796804616e+01
1.985208316363227476e+00 1.191260456990463013e+01
6.902171289264044107e-01 1.220514065199510512e+01
1.377285396728204159e+00 1.194129818531695975e+01
4.935583913560152580e-01 1.226578871151692240e+01
1.720007904201939830e+00 1.107140912545685829e+01
1.576817437984300074e+00 1.195333062380634637e+01
1.521558194466080760e+00 1.280605868383001145e+01
6.484519591144088935e-01 1.217573318530490845e+01
7.445162433509187050e-01 1.191630873244551303e+01
1.989468549403245579e+00 1.275161191333306476e+01
1.756323659112169810e+00 1.265142781681097794e+01
8.221082648643575075e-01 1.161089659693923082e+01
2.060753767564800221e+00 1.111050578765228813e+01
6.638765383130456055e-01 1.244521650959254622e+01
5.196261483099579026e-01 1.260056635983553086e+01
2.963732922589789598e-01 1.328729422820376271e+01
2.010141246520646519e+00 1.218082939093440942e+01
7.961140204343648552e-01 1.172776127081387720e+01
8.183336373113853091e-01 1.180230411115542211e+01
2.421006548152196736e+00 1.174173441562638764e+01
3.069014943439773990e-01 1.340384556952074391e+01
9.652119421297004065e-01 1.198221384044390625e+01
5.297807661377215149e-01 1.210514036634254964e+01
1.986381003758434849e+00 1.159966228642050190e+01
8.874988049662528855e-01 1.162630859688973572e+01
5.800503505550949068e-01 1.174623482091408455e+01
3.818618177498511734e-01 1.281335884286920468e+01
1.460695923593632539e+00 1.232450073583649086e+01
7.871992763644793945e-01 1.189471431266577461e+01
6.592626331613069546e-01 1.222104202721873811e+01
1.187427017726575995e+00 1.228236075358823420e+01
1.166435762165351608e+00 1.209766861359465651e+01
5.626754781501603908e-01 1.226807719991162138e+01
1.846242238856469209e+00 1.200533694890133951e+01
7.375096160343157514e-01 1.201147803069308928e+01
1.585237350068094742e+00 1.219165513599757134e+01
1.235941836605450206e+00 1.246158882705123183e+01
5.424121811947738570e-01 1.269787445819038396e+01
1.495273573682579737e+00 1.206839239460067503e+01
1.918191598151261390e+00 1.272866155782588216e+01
5.262224193841622544e-01 1.257895462538354536e+01
1.656020942350689973e+00 1.224126553756061320e+01
1.896982964942323768e+00 1.251360713072335074e+01
6.303891014633581369e-01 1.250105435015248823e+01
4.434250863587271829e-01 1.286118127392766830e+01
1.651190441222007532e+00 1.234834540799987046e+01
6.274461167876885792e-01 1.199891499427200081e+01
1.369386298746678277e+00 1.208331828928166018e+01
1.128512488626836285e+00 1.228228672043493930e+01
7.609663568773967768e-01 1.214964843765855740e+01
1.564352666679271309e+00 1.226357558535190329e+01
3.878550542039025939e-01 1.244296853655212765e+01
7.508822612475156699e-01 1.251473258539863842e+01
1.504310221845184037e+00 1.223401765955054188e+01
2.047203835632160462e+00 1.129018764589334189e+01
1.019538348828445962e+00 1.247391071705701115e+01
4.982295132825618755e-01 1.251826768039176940e+01
7.734172136174451984e-01 1.251718922238569931e+01
6.267559217415895612e-01 1.246423515291102646e+01
5.613763863776206620e-01 1.253898154834029732e+01
7.575504317488622741e-01 1.234727557335997616e+01
8.343227009771838620e-01 1.194663329768397197e+01
8.893001939119445920e-01 1.222718260502879950e+01
2.068865913695038916e+00 1.077444779039474021e+01
3.916247168700796033e-01 1.238497846107419420e+01
1.420709172599249781e+00 1.231657417252764297e+01
1.010055085868872382e+00 1.250824795060871431e+01
1.329895918738728255e+00 1.246906905274258648e+01
1.857795862711802526e+00 1.252564619986453387e+01
1.053720468592562964e+00 1.188530604250175671e+01
1.818618408518238860e+00 1.222652142388588459e+01
2.199169071202418113e+00 1.171279687045599616e+01
4.435734353251374329e-01 1.198793725077441863e+01
1.749533816131217945e+00 1.122458819702744037e+01
1.129991882114929957e+00 1.252654047216195110e+01
1.676604113079571690e+00 1.163528528378618887e+01
5.850547156713180597e-01 1.193503069486383339e+01
1.621812467562658622e+00 1.134482300387619524e+01
1.268271670445065169e+00 1.207416878395592263e+01
1.852876743432883888e+00 1.160766541855806899e+01
1.334712146882806261e+00 1.136253669302116087e+01
6.060031047423657391e-01 1.218989231702889775e+01
2.072624215835188632e+00 1.205031474875950259e+01
1.847062905096071406e+00 1.196273938251135327e+01
4.286036045619663337e-01 1.239449925068166891e+01
1.457009240188956944e+00 1.191037863827465593e+01
1.832242057425016446e+00 1.180730247879882810e+01
1.660837587059933007e+00 1.187532479723658163e+01
1.980052173476090749e+00 1.238598134536383633e+01
1.122375531842599639e+00 1.232821870538198894e+01
1.990535104705430713e+00 1.096287773260907095e+01
2.145822034142746304e+00 1.212215039321609389e+01
2.108959541098712087e+00 1.215119507171782232e+01
1.744048959360454010e+00 1.220386394046656520e+01
1.193936013658783546e+00 1.221240532984693772e+01
1.338422439599286973e+00 1.242908668863080912e+01
9.845990495547048971e-01 1.185728310840020683e+01
1.701215405936700620e+00 1.206320878525599305e+01
1.468257575096945322e+00 1.272160332970124941e+01
1.433208950422997674e+00 1.269748943053981094e+01
3.745411497267420731e-01 1.280272187380786519e+01
1.038617014877112110e+00 1.188744784503461815e+01
1.470253674771956121e+00 1.264199522650191376e+01
4.573150370309733148e-01 1.265401714048761228e+01
1.374359909101044108e+00 1.243287783289167869e+01
9.433453936140044904e-01 1.243967533701846584e+01
1.833867059954352063e+00 1.199963559400259250e+01
9.653137717545093865e-01 1.255023992652793119e+01
5.874507567001289177e-01 1.266290656893080957e+01
1.855224168657485517e+00 1.244418141155727398e+01
1.536156384913958561e+00 1.125316493975070031e+01
3.264035759577975648e-01 1.283156065555408354e+01
1.754372253013216421e+00 1.262218887879891405e+01
2.198230430950240510e+00 1.245637347657159211e+01
7.926184345201778836e-01 1.190810467207014334e+01
1.798592854121883633e+00 1.209476454765940723e+01
1.344342238183760196e+00 1.218922949190022820e+01
5.357989739943874730e-01 1.216772101353701352e+01
1.253449660085039996e+00 1.178464351587088821e+01
6.215464319810294347e-01 1.258264994342276211e+01
1.536644484310870196e+00 1.265515644026120690e+01
1.540139601254646884e+00 1.254368744595091556e+01
4.884152239514830129e-01 1.266336020240419380e+01
6.955944787944692287e-01 1.197523156800363431e+01
5.070298775471466790e-01 1.269016889434919015e+01
1.836999474957093481e+00 1.230625719580197952e+01
1.577264393128281705e+00 1.233994299043300025e+01
1.794840052466879943e+00 1.229798230639688583e+01
1.111721468875432217e+00 1.212174768475439102e+01
1.023937088435080023e+00 1.207896513249166226e+01
9.708631619332278584e-01 1.172229740460877601e+01
1.246143220077204017e+00 1.159590752426201554e+01
2.260110053525832274e+00 1.238111185445110785e+01
2.063344441885503144e+00 1.175631506917107849e+01
2.076832480380479851e+00 1.270038580192177236e+01
2.108640450258782995e+00 1.214113322526453231e+01
1.602091307779345053e+00 1.185814645719789517e+01
2.123844212064900372e+00 1.237636240208529692e+01
1.896972122997076848e+00 1.248679244468441496e+01
3.242226175627591633e-01 1.332775441022835139e+01
1.518621062603245031e+00 1.195701783896173431e+01
1.142753427390572618e+00 1.162294151435426137e+01
6.742643374489999397e-01 1.158986625861020769e+01
5.124550059528725221e-01 1.280501645471662719e+01
1.365596285517701958e+00 1.255915151438647470e+01
4.262840255057292471e-01 1.276367370133014667e+01
6.882864985063759100e-01 1.161839979238450837e+01
7.526233656339349487e-01 1.242102390128407841e+01
1.130460808295322250e+00 1.251520964833054883e+01
1.346071244538532774e+00 1.220177190482201723e+01
4.704441767310799660e-01 1.244640301074683819e+01
1.502457662445458864e+00 1.281901845899756687e+01
8.955005873670702776e-01 1.255091122554966532e+01
2.038518572616794700e+00 1.266618117536673083e+01
8.077622427570133601e-01 1.249970836365610616e+01
1.026031740578281060e+00 1.248327518726926577e+01
1.988503480954691094e+00 1.241263707354756818e+01
1.584979676623368583e+00 1.240139476309746591e+01
2.164612823395788421e+00 1.140953650996996593e+01
1.800211392772002705e+00 1.236517764271126119e+01
1.682134331633649449e+00 1.239681486730539994e+01
1.651696257812207858e+00 1.173134842632199693e+01
1.389275983345471088e+00 1.177690335724885173e+01
5.945531317264897142e-01 1.205803850981375369e+01
1.974033475217738642e+00 1.169554707945632721e+01
1.496581746064642671e+00 1.198436670327269482e+01
1.671790170974624568e+00 1.169936774969758986e+01
1.991555033377805595e+00 1.142499479371209681e+01
8.470183281515150098e-01 1.200649093037053738e+01
1.214652557506319841e+00 1.200425657387375367e+01
4.758431413352065542e-01 1.214994027045569069e+01
1.874856391826594137e+00 1.239609541877784515e+01
1.975908016474266171e+00 1.240115404552981104e+01
4.753188104145911752e-01 1.280781979014205696e+01
1.567489498860886510e+00 1.273566884900962926e+01
1.957812267421436214e+00 1.231796029934267089e+01
1.189070458072620573e+00 1.205672252332048444e+01
3.799266879203411773e-01 1.237961943965533962e+01
5.636670847790301586e-01 1.223406844777369784e+01
9.331268728058739192e-01 1.233169872137385958e+01
7.102767672089705941e-01 1.174110429797150168e+01
2.437306333997019681e-01 1.450653347053476772e+01
1.784411510117263955e+00 1.234024218833290121e+01
5.979417756153952990e-01 1.237351655357310065e+01
9.182752535274307792e-01 1.192621058787166177e+01
1.076759976561822096e+00 1.192559260661790077e+01
5.125504787462827894e-01 1.227511159466859958e+01
6.005354857207768626e-01 1.212116039157094960e+01
5.260174870213933929e-01 1.241035570617112960e+01
3.874759166831012736e-01 1.297234806590051370e+01
1.020169264294692901e+00 1.210497614242644104e+01
2.057166054049194948e+00 1.225217901979180901e+01
1.702128903425788931e+00 1.263817663800947777e+01
1.235976962370089582e+00 1.246559879382164837e+01
2.147373279460623063e+00 1.262555601897915558e+01
1.651185823532407726e+00 1.207863703947091949e+01
1.659942857090166868e+00 1.207955961089569463e+01
9.927136024956836335e-01 1.186649430911996639e+01
1.352957292655962540e+00 1.204177997225190921e+01
1.836377713642244780e+00 1.165805840560556916e+01
1.784909705379468692e+00 1.172082465632820458e+01
7.748874526596906120e-01 1.225552500240122455e+01
4.475512225277490375e-01 1.273679880524229802e+01
1.686853768628909567e+00 1.255464194016467694e+01
4.531318222811205332e-01 1.254263124901773452e+01
2.044632716178126586e+00 1.308228417812980915e+01
1.706441289656063232e+00 1.286391309116248571e+01
9.318020430699710532e-01 1.208992592745510564e+01
7.216952487323475829e-01 1.204807468788520630e+01
2.084894291567153779e+00 1.235951388675272078e+01
1.941859142822339734e+00 1.093329139385816617e+01
1.016803284160464838e+00 1.212473617660521974e+01
7.423760561272786385e-01 1.205098641242257251e+01
1.679222394491157511e+00 1.219917090562534590e+01
1.102296770069829401e+00 1.209392295434146369e+01
1.174693251430337648e+00 1.237701045899676444e+01
7.180295671093193111e-01 1.237001938737605222e+01
7.397086682407453262e-01 1.234913395583839346e+01
4.046635567902306385e-01 1.297712330102844547e+01
1.759956994170610800e+00 1.271724807688895886e+01
3.636817225741122983e-01 1.288286000037199663e+01
1.133463199687456679e+00 1.221907013615345328e+01
2.652124367544286820e-01 1.356404585418986564e+01
3.541663286857515414e-01 1.314786922214294584e+01
1.265323914527936466e+00 1.239823306045738249e+01
1.612424641728133157e+00 1.218055772910730639e+01
1.328894835127514051e+00 1.204329548587440257e+01
4.222883266978089134e-01 1.296969060449568545e+01
1.465386439541290775e+00 1.229341048687219917e+01
7.023017555434042380e-01 1.197199512439068592e+01
2.198894886434927365e+00 1.201940779207636822e+01
2.023207724143124775e+00 1.248660009648029856e+01
2.150289915799278528e+00 1.218511933646431622e+01
1.000176650495829156e+00 1.232977168651023803e+01
9.003123251029884200e-01 1.243971813635362089e+01
2.031189317769843239e+00 1.202700042516315371e+01
1.972008550411533223e+00 1.204135588965571202e+01
3.567006454630687884e-01 1.282534729861084166e+01
1.714166934384012020e+00 1.199066392458810704e+01
2.102816622308975258e+00 1.141633078846047411e+01
2.024210764902593773e+00 1.142680369626611636e+01
5.310117379990630937e-01 1.216507486905817359e+01
1.029032485787632067e+00 1.184828186544601181e+01
4.933344045504951536e-01 1.291901229202342982e+01
1.948095553131927948e+00 1.221666789349583127e+01
1.370809157836215597e+00 1.248334945799196305e+01
1.015118893354778562e+00 1.224170744694969315e+01
1.145246441665422665e+00 1.230218071480568121e+01
5.098135071049891831e-01 1.233713891062980927e+01
4.912779135087713689e-01 1.197519649288811472e+01
6.592104493145449773e-01 1.173467833200382948e+01
9.513473276267011558e-01 1.189845263807823628e+01
4.493922839375683043e-01 1.264473939205084996e+01
4.620209661684441249e-01 1.255953131352088015e+01
9.576728417499935642e-01 1.182166773653350234e+01
4.759475306545202233e-01 1.204883294972736074e+01
2.090942905806741692e+00 1.239389343339104244e+01
1.441627550074902508e+00 1.241532781715482869e+01
1.903786068860941816e+00 1.258909640011331099e+01
1.988339371993667504e+00 1.140445619845473679e+01
8.355819744403076843e-01 1.187483535814349267e+01
1.900078704860559409e+00 1.243466596858082518e+01
1.020843178812886665e+00 1.223489635151442378e+01
3.191401366997121403e-01 1.342243799647804536e+01
3.731186603320038042e-01 1.286803263357776927e+01
1.817011090968020826e+00 1.237115589999919507e+01
1.201600859909226715e+00 1.235310632484237381e+01
1.818900531537620324e+00 1.198972743375117211e+01
9.032278500798789356e-01 1.227347426125093754e+01
8.376517568581519635e-01 1.207862837140034173e+01
7.590744921153763647e-01 1.209316611188947199e+01
8.452523859764927705e-01 1.211550124438818088e+01
1.406511776939228131e+00 1.201611980417137460e+01
2.083872996206641126e+00 1.280258903843134100e+01
9.496316996083173922e-01 1.255115685198537001e+01
8.738668188202239895e-01 1.249496762288314500e+01
9.795498733130090230e-01 1.248763043173173237e+01
2.034494792507524963e+00 1.228274437188753154e+01
1.286648389274872351e+00 1.252472380061010426e+01
1.404408819622926297e+00 1.146350229729605985e+01
1.711306871199981927e+00 1.116417123924271237e+01
7.055715127013236776e-01 1.218977479443438305e+01
1.962040584462503956e+00 1.219138894650013150e+01
2.030396037044496005e+00 1.265359583562106849e+01
1.039314734142531949e+00 1.163180143788605214e+01
1.121887101766949169e+00 1.163743046717526575e+01
3.298286970729205625e-01 1.315356782580272466e+01
1.941591681379634782e+00 1.166707457105013468e+01
8.503382568453545787e-01 1.241765600971173811e+01
1.973945188087368185e+00 1.261795100192892072e+01
1.020095005785040865e+00 1.244691599786677649e+01
6.171667414713692956e-01 1.255109403164760273e+01
8.551852425457421303e-01 1.242989265624945538e+01
1.575281248230142594e+00 1.282657171550001252e+01
2.067008791569291848e+00 1.243761946699775223e+01
1.779779068495839445e+00 1.187201856412484346e+01
6.819483241326846912e-01 1.209487391313524718e+01
1.528593435455205762e+00 1.202951452385488018e+01
3.901360452285755342e-01 1.281201953462858434e+01
5.788286236632300685e-01 1.249067426675062187e+01
7.558908703573415933e-01 1.235555314427747220e+01
5.025506321362427364e-01 1.192752949937706042e+01
1.324344277911610357e+00 1.199593315275154382e+01
2.012197747435068518e+00 1.183483438047824876e+01
2.948985443327235001e-01 1.332881460458438205e+01
1.225149415787323504e+00 1.225455805336936876e+01
1.032765229403068474e+00 1.267093069978791675e+01
7.501877797059751662e-01 1.264237676668312815e+01
1.305069163452901249e+00 1.119090774487518303e+01
4.961006697532249210e-01 1.230020021268590646e+01
2.060634002413261445e+00 1.217688878372639039e+01
1.004737767396860271e+00 1.237887145731990302e+01
8.743226739862899333e-01 1.205651054220109941e+01
5.371502045968875594e-01 1.215976896684164643e+01
1.245246906134539033e+00 1.217044359185864266e+01
1.387558114859020364e+00 1.221284793782405842e+01
2.040084739315802587e+00 1.193547399011132271e+01
1.206709214940653974e+00 1.231051661419092369e+01
6.186565569757435101e-01 1.226114580246722063e+01
1.962781699371734634e+00 1.233977635725361566e+01
1.859432790883839948e+00 1.241089194281671126e+01
1.928907075366672608e+00 1.239902525885416118e+01
2.024895117200339545e+00 1.112781309833736465e+01
1.966228414955618398e+00 1.135243329379557409e+01
4.092607712429142675e-01 1.250460409004462825e+01
1.724888705532232613e+00 1.225637615150489523e+01
1.283416525413909826e+00 1.239240752177984284e+01
5.881453299388595957e-01 1.224301227316193952e+01
1.308033421318550715e+00 1.198624338310530391e+01
1.556539348205166595e+00 1.195584155602303156e+01
5.477623535915518982e-01 1.234131019694370757e+01
1.816113244006626992e+00 1.249199833491528722e+01
1.381318540863951894e+00 1.224392120395225447e+01
6.219073096647345089e-01 1.197743738898057764e+01
8.675329323280404070e-01 1.252322401065676871e+01
5.605521751332357416e-01 1.271786837349683097e+01
3.071831245914848907e-01 1.309626494847770317e+01
5.109139330275334068e-01 1.188702582555763598e+01
4.343266845838826273e-01 1.283369326045474779e+01
5.468039846949102056e-01 1.247651923298066734e+01
1.987373066151349787e+00 1.206541775348652656e+01
9.371787744489992189e-01 1.216694720683782904e+01
1.558449615271959354e+00 1.227506003641363641e+01
1.466012993266438746e+00 1.227489253606174557e+01
1.771042007123675877e+00 1.118104542317134076e+01
2.083121223994147897e+00 1.038922474198180979e+01
4.866515324393843045e-01 1.308859993056757531e+01
1.442329731826217154e+00 1.254146446174931917e+01
5.946347296061711418e-01 1.249669638768047619e+01
2.133896567307514314e+00 1.241549437448678539e+01
1.922513204696978395e+00 1.246724682601802314e+01
8.105359369210048959e-01 1.250453549147396437e+01
2.188456414348679324e+00 1.242615595675015427e+01
4.959748794861668086e-01 1.231736633169058948e+01
1.228010554673717669e+00 1.170427723821113375e+01
6.435983868259094187e-01 1.191687369991776357e+01
6.461893644062226549e-01 1.198340149563881596e+01
1.470479554977954795e+00 1.230996778389949853e+01
2.002257362337982460e+00 1.163659735166232601e+01
1.039183429239954215e+00 1.243625645059588081e+01
5.614233439609196408e-01 1.206954997188671719e+01
2.003924022714982822e+00 1.096508584213033544e+01
1.794867752823714024e+00 1.183005325779167549e+01
1.422547944392593910e+00 1.278225182149845018e+01
8.322837770316856565e-01 1.254156217664149331e+01
1.205350826847352508e+00 1.236707527522034233e+01
1.578804823711083216e+00 1.175935768941680948e+01
1.835393220390483471e+00 1.160806941411946980e+01
1.956967495635407284e+00 1.192831630134632803e+01
1.566436928539253426e+00 1.212389193008934107e+01
4.582824489930517609e-01 1.258105737419732684e+01
1.155468165033227024e+00 1.202032710951622363e+01
3.097544819196802468e-01 1.340866114720586744e+01
8.873654274455605728e-01 1.228460554787176129e+01
1.800443163303545591e+00 1.248387147326953439e+01
1.468847924603930322e+00 1.209110398520210339e+01
3.647962920636538264e-01 1.304563637474626248e+01
1.968461934004441583e+00 1.237109058038895526e+01
9.719301381264849882e-01 1.241788123885159933e+01
7.707649561303959729e-01 1.219510152316344964e+01
1.692313697363921676e+00 1.149632154977396858e+01
1.375443234836943640e+00 1.255820512779104270e+01
9.188777560498190278e-01 1.227924092240144205e+01
1.424835737276933578e+00 1.235541388829638443e+01
2.050685562518456795e+00 1.229224941356963186e+01
1.935961723130414480e+00 1.174257917011562924e+01
6.461107772186079901e-01 1.198246324086276182e+01
2.004456255272855092e+00 1.116248806680244421e+01
1.923373604263939107e+00 1.130131183267028128e+01
6.403232606785934644e-01 1.195567154370018237e+01
6.568645728974287223e-01 1.194379582977822807e+01
2.025936219117210335e+00 1.131653653499752998e+01
6.206776923365373566e-01 1.168212173138153886e+01
3.663521106694230256e-01 1.252128718302587806e+01
6.753766366345013150e-01 1.176505536983136579e+01
1.914895098158945874e+00 1.252566477685980040e+01
1.801584174788571913e+00 1.248714317259614859e+01
3.339883945477196137e-01 1.320496962225084125e+01
1.589423417228893243e+00 1.191473465303238655e+01
3.274908765936256905e-01 1.288124426201853368e+01
3.098218680524031376e-01 1.337119378687007831e+01
6.429571806724315719e-01 1.247296717754413997e+01
1.135440677426268197e+00 1.239662021448677898e+01
1.855786275908750671e+00 1.263391640419614781e+01
1.236301745501614979e+00 1.134734791233918649e+01
1.401577160678981304e+00 1.134238895436356742e+01
9.804379703177008576e-01 1.222933786249880761e+01
3.392629855481628653e-01 1.334916340751942521e+01
4.489285179874727971e-01 1.271411276479857300e+01
1.524080578977223599e+00 1.171170042963007063e+01
9.305101626321762298e-01 1.206816592652543640e+01
2.102321144278622711e+00 1.142230841600589741e+01
2.111530379160226456e+00 1.140485603150677818e+01
1.366311404009467712e+00 1.236934398313762884e+01
1.335252003150243949e+00 1.237973472838948474e+01
4.595775573554045645e-01 1.301674092603103006e+01
1.113445022755241931e+00 1.242588316284427208e+01
8.123903123503904977e-01 1.235415834532173740e+01
6.022525936126453816e-01 1.250257627742260702e+01
1.920516376910902823e+00 1.244350762446871883e+01
1.888275598231658137e+00 1.247184272510970793e+01
1.482506528189517558e+00 1.175972150320369103e+01
1.223127658610944302e+00 1.172640333543325930e+01
1.252239526240410239e+00 1.185206600223307483e+01
5.370852948025508500e-01 1.206651133851610425e+01
1.639274030693693485e+00 1.223750410153039425e+01
1.186730938412511094e+00 1.206092798260010390e+01
9.456806585786506902e-01 1.245255229537038133e+01
4.692444954419102698e-01 1.276265451725824818e+01
1.112459842322230497e+00 1.203914249728322083e+01
5.053947597643255740e-01 1.227338942263400412e+01
1.317760281868375349e+00 1.212378136005350093e+01
1.492194011836267764e+00 1.208535358867868936e+01
1.496733236491093688e+00 1.223707611192407541e+01
1.485358096632992231e+00 1.224511625600570319e+01
4.974001525019702274e-01 1.233987522066182763e+01
5.806780265561286569e-01 1.214886401441828312e+01
1.119809065140719317e+00 1.209092313678762132e+01
1.802448670489897431e+00 1.211384825467240844e+01
5.245225912326874074e-01 1.197326456298291042e+01
7.331291596848132919e-01 1.175567748913934629e+01
2.011327549207362786e+00 1.181027503229478803e+01
1.306775101563306896e+00 1.177479623900422290e+01
1.696146664582319774e+00 1.196805605015017981e+01
1.657775934291113362e+00 1.197167681280130225e+01
1.797174765519712780e+00 1.217701244535039962e+01
1.710947622773828503e+00 1.260295629608215329e+01
6.334477558628204275e-01 1.235058642336872126e+01
1.713473446074055717e+00 1.258211111941676741e+01
1.973119700083085570e+00 1.134966078467284056e+01
4.243757553974242813e-01 1.259076140947680855e+01
7.337271463653823877e-01 1.196095375192293986e+01
5.608203736093692049e-01 1.260386513046300294e+01
8.294682190580017211e-01 1.241833589367718460e+01
3.723456099402457919e-01 1.297974953129948084e+01
1.651735019419867445e+00 1.205668825495830987e+01
2.177567964300481385e-01 1.552639648656302640e+01
1.721304550082046525e+00 1.274654966369906006e+01
6.543126682558475515e-01 1.218121194990062861e+01
1.589335150500192473e+00 1.220498712778393724e+01
1.867266234043533535e+00 1.224450923498240940e+01
6.595059963525117253e-01 1.267489011540476085e+01
3.910490414320237917e-01 1.281725071521935355e+01
4.222724614009049082e-01 1.309628295432166034e+01
1.254651617366206118e+00 1.263612432351751735e+01
1.799716859874012087e+00 1.272761447263607515e+01
1.982072515028567627e+00 1.276685088151094760e+01
7.543646315050369644e-01 1.223192582193883915e+01
2.109180879582634560e+00 1.177743822188422840e+01
1.962148935729040700e+00 1.256571686759853534e+01
1.134437314009978159e+00 1.243307539243229698e+01
2.035308256039627839e+00 1.182665732318007379e+01
2.191066457277074608e+00 1.155614991611131614e+01
1.594251780661466444e+00 1.234852855817105599e+01
1.057803856542508303e+00 1.198899623249985424e+01
1.631688234379669034e+00 1.209954173160174484e+01
7.505476606159766639e-01 1.232802118054605067e+01
1.805295683326950007e+00 1.230669264929607110e+01
1.728104331514219938e+00 1.228190076130779218e+01
4.758816001148690744e-01 1.298341612953436552e+01
1.159843675949008057e+00 1.229955296920729424e+01
2.020199826411293031e+00 1.211004398347363953e+01
7.359316823803334628e-01 1.238157986027723823e+01
1.912237397484284340e+00 1.247057572306491835e+01
1.003949377261414977e+00 1.242423093265622569e+01
1.301534987755581518e+00 1.254441404686457417e+01
1.875780391571058692e+00 1.195687426212911220e+01
1.219920495121105786e+00 1.204253708792342614e+01
1.423296848897823264e+00 1.134223531379597283e+01
2.973384554770254207e-01 1.315049762292704116e+01
7.049963936418769395e-01 1.149940687144996332e+01
2.886702515850720907e-01 1.314476660421314236e+01
1.873915583959626208e+00 1.176121576753264009e+01
1.243223376834170280e+00 1.184314235352948685e+01
2.055968635976188175e+00 1.035522775925639394e+01
1.661898423459882812e+00 1.176807485831302991e+01
1.976846059805021261e+00 1.287552127691787440e+01
5.800862722203031785e-01 1.259756665906999018e+01
1.501361992772197285e+00 1.216691673713460276e+01
1.784603925758819765e+00 1.235266990142320509e+01
2.514861607992560644e-01 1.468041639171714685e+01
3.170126406228628846e-01 1.293558297359174780e+01
1.994238846164266610e+00 1.115574870310260636e+01
7.279281243985198380e-01 1.241518733609805736e+01
9.795623839920042375e-01 1.231651934765684331e+01
1.537466069112607192e+00 1.271875124358348152e+01
5.368878365042897283e-01 1.287991026441076237e+01
1.186974949290761749e+00 1.209612331922117612e+01
6.309853928125290778e-01 1.210881961979718824e+01
5.355967359179120146e-01 1.192398173324409427e+01
3.433547499023454352e-01 1.283521050299033561e+01
1.910065962180293564e+00 1.233254019788748579e+01
1.129207313115771161e+00 1.232776938722152948e+01
4.217860601644195517e-01 1.292032855255726709e+01
9.400009448984177896e-01 1.238105710494335732e+01
7.498220899631460323e-01 1.241198220958871090e+01
8.068311644611155797e-01 1.240378550457258200e+01
4.393982599436937475e-01 1.270224383837123838e+01
4.173910340730513369e-01 1.281042656097180021e+01
1.804760870042008802e+00 1.242915982494622718e+01
2.004875274394688045e+00 1.239183296554524638e+01
6.817287504883046134e-01 1.241814199073732894e+01
5.112586485933964253e-01 1.265611380824151411e+01
7.596290753143948304e-01 1.214824072205766115e+01
1.065333998294684559e+00 1.220930581383019486e+01
1.839038403265171651e+00 1.218444353765767474e+01
5.669399713060366830e-01 1.220573848832558106e+01
7.810563065099519475e-01 1.198184978955139002e+01
1.080347685630390853e+00 1.197084445780089546e+01
1.330826949544815063e+00 1.226586451317537829e+01
4.374135410886670905e-01 1.263358840028885055e+01
8.532596185381222664e-01 1.231074692176650665e+01
1.450564402245510642e+00 1.242901008893158021e+01
9.181454079979927130e-01 1.264441555174261111e+01
8.081973200751866315e-01 1.267788970298522599e+01
5.160712493030873427e-01 1.216196090463612300e+01
3.695597129514803791e-01 1.281897417072443091e+01
2.031691615791546557e+00 1.206711103184858658e+01
4.333086569068842486e-01 1.239737107183423070e+01
4.723196073806276707e-01 1.222515672660317065e+01
1.826060470265943980e+00 1.285440411429757646e+01
1.665150197688395783e+00 1.166998361073329882e+01
6.766720016717093777e-01 1.173808785160000667e+01
4.412086321595172222e-01 1.247993252669708397e+01
8.291816434136120018e-01 1.207465866837327439e+01
1.758090033426035648e+00 1.124854990957845047e+01
2.061863527682816777e+00 1.054160950625747617e+01
9.900574902573361369e-01 1.236958848063490279e+01
1.298473098525258385e+00 1.247223524765783154e+01
5.571346055795811658e-01 1.259783973469146012e+01
2.053848223958510744e+00 1.183088589563615400e+01
1.793196983420258350e+00 1.190364294582549753e+01
9.312125867239513521e-01 1.194595956566131179e+01
8.470599470526137820e-01 1.242525323706298579e+01
6.388795801416400355e-01 1.265589508820591114e+01
1.094985454126832458e+00 1.264710883364484140e+01
4.472304337439719224e-01 1.258149953818534073e+01
1.148326904715647467e+00 1.217140902835968497e+01
1.369217941955847451e+00 1.208817126189484092e+01
6.623925919278886854e-01 1.203038276083495539e+01
1.460684991454223924e+00 1.243285545768823042e+01
2.125506353238179713e+00 1.234267288057399448e+01
1.589842752412137461e+00 1.250758036346872615e+01
2.074465795970371396e+00 1.223179326136290612e+01
5.278526770624866193e-01 1.290509773136071914e+01
3.201916986248090624e-01 1.315056659033669639e+01
1.733970266470097554e+00 1.167634691477110209e+01
2.009434392245618373e+00 1.155062240707204246e+01
9.361363320585535108e-01 1.195437710192178571e+01
1.391418933228268484e+00 1.189389161924928473e+01
1.314771008150504628e+00 1.189399313612430831e+01
8.782659588502088610e-01 1.236933544604720048e+01
1.525630329491277415e+00 1.247143817245598818e+01
9.626625841246623239e-01 1.216890946764701731e+01
5.454751320446427076e-01 1.234244272860924418e+01
9.885659225897178715e-01 1.200687150164734085e+01
1.465669807690900273e+00 1.256809118274502701e+01
1.709762814475931370e+00 1.272288464079370662e+01
4.940648814676342759e-01 1.241047083105476290e+01
2.214730108748921289e+00 1.231835347572875605e+01
2.160794043668907261e+00 1.237613964506318176e+01
3.451279153974408098e-01 1.311111864388698933e+01
1.280765624953696946e+00 1.228870975199021132e+01
2.050084783147024581e+00 1.195716819236256967e+01
1.642451257730751735e+00 1.282827194520092640e+01
2.200095689871770954e+00 1.241190220184503090e+01
9.922382880540512318e-01 1.256365344147189766e+01
4.574309434801113738e-01 1.298379237705834655e+01
1.189273162539859818e+00 1.156419093369719597e+01
1.375440932861920373e+00 1.230829248506794471e+01
1.316285501847881845e+00 1.217906700012824572e+01
2.933632120190377002e-01 1.352919245625774991e+01
1.463802242244684582e+00 1.238777391063455546e+01
5.220486226761679172e-01 1.253599860731129922e+01
2.159592188872490937e+00 1.225548936273349199e+01
1.430888350451992919e+00 1.213351774016331497e+01
5.039361918785851824e-01 1.271926722623573092e+01
5.737244824027701862e-01 1.208880673612340395e+01
4.446161525932645908e-01 1.303669773162189571e+01
1.244157943054619020e+00 1.241796106117971021e+01
1.394510346796562938e+00 1.227954440322885787e+01
1.926714821902190344e+00 1.224919066806460677e+01
1.512049632470680915e+00 1.235678683995322125e+01
7.858279735752126127e-01 1.195494261933588653e+01
1.241925958797267526e+00 1.217132053087731514e+01
3.003672951562920135e-01 1.336198322334924171e+01
4.882649104437927767e-01 1.203361487075797243e+01
1.246057635968750521e+00 1.191302774467061454e+01
8.067168962370758756e-01 1.226614510496856703e+01
1.567416294309724734e+00 1.265337883035008026e+01
1.531877799337485913e+00 1.249322436705745254e+01
4.562881061154916984e-01 1.253471297402898621e+01
7.217803372263505990e-01 1.200625358013934907e+01
6.247012507201814557e-01 1.204565929272674296e+01
6.882324590945411158e-01 1.231419754328666905e+01
4.188151781228816040e-01 1.290224123502775733e+01
3.997543201838351101e-01 1.304537972640837928e+01
1.499941571871824308e+00 1.247338100642817871e+01
4.949546277846235687e-01 1.268808491200288024e+01
1.134720163250940939e+00 1.203615194359093010e+01
1.135361117623350458e+00 1.196362495797974823e+01
4.453181943859245706e-01 1.220917943586616516e+01
1.582999624151469220e+00 1.227008000007180044e+01
1.223097944292625083e+00 1.217504221751199545e+01
1.980330208507338874e+00 1.210377547626094596e+01
2.079792731994624333e+00 1.259193266057897276e+01
7.680039453881323253e-01 1.187921748599133487e+01
1.842985278888933598e+00 1.175737303393925792e+01
1.563318776958562584e+00 1.260279258595264729e+01
8.032467692801554815e-01 1.233378098461226280e+01
5.760132209538594283e-01 1.241801090792857742e+01
6.595878691251146897e-01 1.204520005063472610e+01
3.329040959250856302e-01 1.323019736759289877e+01
2.061836697820139008e+00 1.256701181209476381e+01
9.434708496274775147e-01 1.245053571111857238e+01
1.214587117944921690e+00 1.213370293722294235e+01
1.688573255182249877e+00 1.271816252826271665e+01
2.001684974687444107e+00 1.237231998608558037e+01
2.089402024121818080e+00 1.153034237072593982e+01
4.448992669142528000e-01 1.290344048210826244e+01
5.211986595060150718e-01 1.253266161332525286e+01
7.278788683974900531e-01 1.224420365223993024e+01
1.794219422201321912e+00 1.136704977024541208e+01
1.317556619775683391e+00 1.185423019752191642e+01
4.506371250357979474e-01 1.300166980974612052e+01
1.296650260461703175e+00 1.185887557948781890e+01
1.481910444736538990e+00 1.191988974400993229e+01
1.837329247165113033e+00 1.180046779098567988e+01
1.335857886781528503e+00 1.188202505347156190e+01
2.078928517493210837e+00 1.193457292118887736e+01
1.864434384183299542e+00 1.203931112767285505e+01
1.307202952060982470e+00 1.206559183531187074e+01
1.604066061440208468e+00 1.263272628607279202e+01
1.768411793004259991e+00 1.265611384110206217e+01
9.575400864300488424e-01 1.195084593496886605e+01
1.335514364845480140e+00 1.209991310716770307e+01
1.868506838927041835e+00 1.206245367019314862e+01
4.161266785625620246e-01 1.275396507791928968e+01
3.786799847232323879e-01 1.297167796352467661e+01
1.991320104566177918e+00 1.175208617450234705e+01
1.257492025820728943e+00 1.178843226025531976e+01
1.023465232979866135e+00 1.172792869805503635e+01
1.974620825298628146e+00 1.233510243497303627e+01
1.686319719073001711e+00 1.226283076432980401e+01
1.243952923219112217e+00 1.190435256454133928e+01
3.426223371960976372e-01 1.303582626521115628e+01
4.553641108237520552e-01 1.233096720321772466e+01
3.377517584668340844e-01 1.311705140305000761e+01
1.133532934350546029e+00 1.211318746396688795e+01
1.030298047844462550e+00 1.192794632457046511e+01
6.960833252866850396e-01 1.210930762365976854e+01
1.783596402365502875e+00 1.207791730843100275e+01
1.080744503079283492e+00 1.234662576887272678e+01
1.298845242511897036e+00 1.210272313263921617e+01
7.610036721781882063e-01 1.188010961966096168e+01
1.279099275864603369e+00 1.201528668647322107e+01
1.243860809111079657e+00 1.200733865968985725e+01
1.135089524082108836e+00 1.216093354857582831e+01
7.540510221707764638e-01 1.222686273211703245e+01
1.201180946782976822e+00 1.185242061225945420e+01
1.772316285071733555e+00 1.188291580477114096e+01
1.288365020269323979e+00 1.224847704744925458e+01
8.244619790421505723e-01 1.211876117145112985e+01
5.258357891370116777e-01 1.253321748802974334e+01
3.895697922235487609e-01 1.313118476665571244e+01
1.974949199117771004e+00 1.188177829832343235e+01
2.900254689638601113e-01 1.350311581684284334e+01
7.388647873842770775e-01 1.220104787215424480e+01
2.104493246836332432e+00 1.136062432577707426e+01
9.029635073057952210e-01 1.152835753187666690e+01
1.986628998408686009e+00 1.107391530454960105e+01
1.844267432286188724e+00 1.231526165077216639e+01
7.121243488915839359e-01 1.206059988358731694e+01
9.848227734765426788e-01 1.231980763859613859e+01
1.889990339522375606e+00 1.260066167208547228e+01
4.102238525502694411e-01 1.233807499076992542e+01
5.302700906336128561e-01 1.194213827032210062e+01
4.546163445304142736e-01 1.237446390361734672e+01
1.535769481739109876e+00 1.269949487112448061e+01
1.698720511000094913e+00 1.275949151704912587e+01
1.677843169525757405e+00 1.241868451934123208e+01
1.991068668028648458e+00 1.174365410654754527e+01
3.739094622669735246e-01 1.245409228081071085e+01
2.172007337457606102e+00 1.217687492279644523e+01
1.979040677189146447e+00 1.227927107626554815e+01
3.987752921868534250e-01 1.297246963903068284e+01
2.052536414252270180e+00 1.121196083847010350e+01
1.625852433565358357e+00 1.167773182534117105e+01
4.336032764173841647e-01 1.319167097127813371e+01
9.163823554534097360e-01 1.232874756026524032e+01
4.984510592076625835e-01 1.288589572466742084e+01
1.205972288771859580e+00 1.240008580233279467e+01
2.053480760828236384e+00 1.252720395677374654e+01
1.083796521966827742e+00 1.229094407792743127e+01
7.966755135237980623e-01 1.196665841690583854e+01
1.288276468428460442e+00 1.208839776072122696e+01
8.216392376367867012e-01 1.246700906785442520e+01
1.108694639174592433e+00 1.251533275414552548e+01
3.813773131555355800e-01 1.335447996450251829e+01
1.400655236433792972e+00 1.237346956236170570e+01
1.424111232659743154e+00 1.235271660745218192e+01
5.452756340605354746e-01 1.233456732695074365e+01
8.118938528525757592e-01 1.236912288340234234e+01
1.929360522748210904e+00 1.207070100717678862e+01
6.423571376612819961e-01 1.194803477518858870e+01
1.007100616476658939e+00 1.180762662743955360e+01
5.930328836098699430e-01 1.213448738041016739e+01
7.359058576361464654e-01 1.197013635224490891e+01
2.034792274606055607e+00 1.212629118137931528e+01
2.020913097714442497e+00 1.215702061355023034e+01
8.911740390371449827e-01 1.173525567167856565e+01
5.126121799804030932e-01 1.201983843515972694e+01
3.958346540895212318e-01 1.245255039242042194e+01
9.155812378017162967e-01 1.205052249653177832e+01
2.075325918241882395e+00 1.197613580127903887e+01
1.148626622502171513e+00 1.263335437054132981e+01
8.712620111801767653e-01 1.257236519474134617e+01
1.080344496831581402e+00 1.190708788735056523e+01
3.490243777265176761e-01 1.282196055412237712e+01
4.274882243109073832e-01 1.297494245803094870e+01
1.364045049987091751e+00 1.262062306214425966e+01
9.889700461240494844e-01 1.244509398491701369e+01
2.198525631703636574e+00 1.211083303296489433e+01
2.036783301124248879e+00 1.228442726641270788e+01
1.909835953311983747e+00 1.240305037245001429e+01
1.392996252885224218e+00 1.245569860517706218e+01
4.688258800164122331e-01 1.240349171035631493e+01
5.371716736198339781e-01 1.208556136554826743e+01
1.635792285229128451e+00 1.187509308404183273e+01
7.464947537721059456e-01 1.228664840420315940e+01
1.555047909788011440e+00 1.222843730775416837e+01
2.076637382928379516e+00 1.078308365797340684e+01
8.349641807808916294e-01 1.170965934885596305e+01
3.502828264043409412e-01 1.302223089304902182e+01
1.151270992422699813e+00 1.194044956388923140e+01
1.046219594909849393e+00 1.183923803133451358e+01
6.520695717047914064e-01 1.226293190151384316e+01
1.550710677648354574e+00 1.242453197510022278e+01
1.966513089913582313e+00 1.220720457628094380e+01
2.055104791123953056e+00 1.219308829635957636e+01
1.013039175115898471e+00 1.238412300842474423e+01
9.281492629703544939e-01 1.235126469118175940e+01
1.947847916861650042e+00 1.222727122206905648e+01
1.215316003964720393e+00 1.245500467362126962e+01
3.597291819148137892e-01 1.271822693723505360e+01
2.035722337551035821e+00 1.189591384884993808e+01
1.779247243901866504e+00 1.240670931022119738e+01
8.967724501310291307e-01 1.258855384070660044e+01
9.022895442933781540e-01 1.230453923214611578e+01
4.562210803969143358e-01 1.293611792337021349e+01
1.253759187612998538e+00 1.263379110552550699e+01
7.847163240715885335e-01 1.247424213811743954e+01
1.302987470611867371e+00 1.245220275898811124e+01
1.069329585974393204e+00 1.247035466263678316e+01
8.949987703160250385e-01 1.245800342109631664e+01
1.959930383537173970e+00 1.279711221653869302e+01
8.707830522409203411e-01 1.206141369654371331e+01
7.245172090346682081e-01 1.228574453534755584e+01
5.853392182897662055e-01 1.242753367445911117e+01
1.123846657906086621e+00 1.197340146018232154e+01
1.002344570458345574e+00 1.171478136759716371e+01
1.654883616700576487e+00 1.197105639017932788e+01
5.515135915681432799e-01 1.222086352093589312e+01
6.045199655588580079e-01 1.198126806064566985e+01
1.576368524834234952e+00 1.274136159773064492e+01
1.511069459113596247e+00 1.207064550860172680e+01
9.790382661264169784e-01 1.202137308677151495e+01
3.964663408617358220e-01 1.259715351658664417e+01
1.330740335747398140e+00 1.158942592784122994e+01
5.001826983968683527e-01 1.233919451338651641e+01
2.129687191280276615e+00 1.188556215911854075e+01
6.727780201640843893e-01 1.227383285575237082e+01
8.812319158351243908e-01 1.216918139091042583e+01
1.533003386818053704e+00 1.258139588197497361e+01
2.039091314944713407e+00 1.229776367525897385e+01
1.081372969518239691e+00 1.178699890831767405e+01
1.697016028028512480e+00 1.268617789653740857e+01
5.748577182573406663e-01 1.241848687310830535e+01
1.047524443008331030e+00 1.216962579076414919e+01
6.405958070049893038e-01 1.209303789686536135e+01
1.218123737388288941e+00 1.212883270811996717e+01
1.555917656160914264e+00 1.246943875536972257e+01
1.583856734667056898e+00 1.218475533326249405e+01
8.178568717759783224e-01 1.205487882096100094e+01
2.159858045551892758e+00 1.297817362540656383e+01
1.018713714125224712e+00 1.251562230053738389e+01
1.797841253835688269e+00 1.199773230283667047e+01
1.323641199885690733e+00 1.217106923907483740e+01
4.368809599136332378e-01 1.267784735779360616e+01
2.133078219239611606e+00 1.147944821461272014e+01
8.727152325446205783e-01 1.246340675764961681e+01
8.614251798053600417e-01 1.221684988504659586e+01
4.228859181175367299e-01 1.296276906353153358e+01
6.570675522786033618e-01 1.237166193562076266e+01
1.425535178766444311e+00 1.221518030554185152e+01
7.194905827733204529e-01 1.217753901049494303e+01
1.612575775591973848e+00 1.251299395581256846e+01
1.507316485347792057e+00 1.182604721594809050e+01
5.576317922357667545e-01 1.172896949333987493e+01
1.302963806315220019e+00 1.219629056650988552e+01
6.694897841141881356e-01 1.172235430167870085e+01
8.778717871739046830e-01 1.218481336950387295e+01
1.540052191245022017e+00 1.231996234647820465e+01
1.933576852910670718e+00 1.074075851403345183e+01
1.018215418512249171e+00 1.144811252931610213e+01
9.745951149023192039e-01 1.173627338113506369e+01
1.930668564704947743e+00 1.168850085507643399e+01
5.254532416921081639e-01 1.175584831134895580e+01
2.059304327932989676e+00 1.170486442942008409e+01
2.212466706729702803e+00 1.247739864496931617e+01
1.925154962691761895e+00 1.208586800300884612e+01
5.091053481475426024e-01 1.275917714022267369e+01
4.969824554081946899e-01 1.232921450733046953e+01
1.523914134308963275e+00 1.230941943889892620e+01
1.071427023792397071e+00 1.225484336775939909e+01
7.041588438482637713e-01 1.180750797353235626e+01
6.420095597398394194e-01 1.252582094300873372e+01
3.031145577763559307e-01 1.350677851699206222e+01
1.264681585240106987e+00 1.242622246087163518e+01
1.529628602134640802e+00 1.245851625611895663e+01
5.332854114058808159e-01 1.256895036524909770e+01
1.282367570897933629e+00 1.189766884170622063e+01
7.658783515380215290e-01 1.206715583011949455e+01
3.131610983465199505e-01 1.345089066694752233e+01
1.978184814171197958e+00 1.200820755282577146e+01
2.012533145228029507e+00 1.198826978496006390e+01
1.347341070781978178e+00 1.224882716026443319e+01
1.311524471314548412e+00 1.224561271977353627e+01
1.130799993208618126e+00 1.212191112282742544e+01
1.375686961757673465e+00 1.209715418895586225e+01
1.059894340380188815e+00 1.181252165500851170e+01
1.681714672361041663e+00 1.180930285176702377e+01
8.129342131256676041e-01 1.212254237023994108e+01
1.920631810906330061e+00 1.236340552150493011e+01
1.895309659696692739e+00 1.237504110038438299e+01
2.128095038795215999e+00 1.266090204834932287e+01
8.063951655075709546e-01 1.241401821055612587e+01
4.099651542026057638e-01 1.300666676619526996e+01
1.901081026326506551e+00 1.163235906249424190e+01
3.897630977630526239e-01 1.309236534646590933e+01
2.168964961376391276e+00 1.212445753764691680e+01
1.793406322064503788e+00 1.270004688297318118e+01
1.118686521222533203e+00 1.239927638905017204e+01
3.346213295376175845e-01 1.295464407354820757e+01
9.811719413166365422e-01 1.246289245523691136e+01
1.537852718000987995e+00 1.259414840748462616e+01
1.478765957697116606e+00 1.262701511501929197e+01
1.960828731245302770e+00 1.264081956523887662e+01
1.429870120441746995e+00 1.248298632980112011e+01
1.501295258789211440e+00 1.278999288327488415e+01
1.675650643929246231e+00 1.206271379472503469e+01
1.853824987258681833e+00 1.199394376160517517e+01
1.722887646601257927e+00 1.206601110992434123e+01
2.103356846354066167e+00 1.181237146888114431e+01
1.922161012936858482e+00 1.218108216603085658e+01
3.201998421551668916e-01 1.321410104225330073e+01
9.901391225016801245e-01 1.193448824248057072e+01
5.155057704086009052e-01 1.194420989369597663e+01
2.046656836905358379e+00 1.227323817881717183e+01
2.071799781796362261e+00 1.222696627624610599e+01
8.892760833270888510e-01 1.196590357502695667e+01
4.273394372559441989e-01 1.240396143758363401e+01
4.548204354400073868e-01 1.211797305344121511e+01
1.424684996619842048e+00 1.194471338180888154e+01
1.234532041866087893e+00 1.181850164887654842e+01
2.002090186069786615e+00 1.195981303851982425e+01
1.446728006076791084e+00 1.196030120549542630e+01
1.210132896657991175e+00 1.240861385011957907e+01
1.542195094912877984e+00 1.217434535762068748e+01
8.756897698069029401e-01 1.195701708984570999e+01
1.098803409267710807e+00 1.240504913997847858e+01
1.989756415059015238e+00 1.124859010820794580e+01
2.067889979558289681e+00 1.102091368113840986e+01
3.845060213832913187e-01 1.270191299123636242e+01
1.875959825969433004e+00 1.256024111605943716e+01
2.029777151236724198e+00 1.256469119465377204e+01
1.736311865055853332e+00 1.196211047811836892e+01
2.065544381775432647e+00 1.181218346467386482e+01
1.725784540074948747e+00 1.279331407041487445e+01
8.440444159620100750e-01 1.270234906527278262e+01
4.855260835407498310e-01 1.236530150824662577e+01
1.653528055802799601e+00 1.206506273858151879e+01
1.619228036245394797e+00 1.206199462359764141e+01
1.251060287081640743e+00 1.193665139290977351e+01
3.492528254369239304e-01 1.289239991102545346e+01
1.765464353947804987e+00 1.176832457451106428e+01
1.025108833580193224e+00 1.199321039018304624e+01
3.712189934251880485e-01 1.289429788728059023e+01
2.056079997411045746e+00 1.143773378940807817e+01
1.507695352495562746e+00 1.182391322073779705e+01
8.272615711740868294e-01 1.169365510324802315e+01
1.873629393773551977e+00 1.096171052924719902e+01
4.235619152081102623e-01 1.292626342129505979e+01
6.082803751990568664e-01 1.243980283071019954e+01
1.377505782629015352e+00 1.262968600781644746e+01
9.429890159348073286e-01 1.239751420721380271e+01
2.266837505072305969e+00 1.237384102415905573e+01
2.014464278767607475e+00 1.149914888678215519e+01
1.299759005868299511e+00 1.171436575260188739e+01
1.827883375976491420e+00 1.169514025534725832e+01
1.013299126935475858e+00 1.230750675083989698e+01
4.601746401761968031e-01 1.267705869142537978e+01
2.129934183467985687e+00 1.233247512975709803e+01
1.703322912983179727e+00 1.256489702482025095e+01
2.045693804487390022e+00 1.277983407673673177e+01
2.050445047122095410e+00 1.229304581813754815e+01
2.062966741680513749e+00 1.229155806833636966e+01
1.269279449322528341e+00 1.190547413959529521e+01
2.188934602868189305e+00 1.158350699610438639e+01
4.021680901800337993e-01 1.289754798862247931e+01
1.417425120413376538e+00 1.219734882976295154e+01
1.256211831377665789e+00 1.202806464878454840e+01
1.078417192918144973e+00 1.199056451681148516e+01
1.282095018762497318e+00 1.212500941008224586e+01
9.203759221362011189e-01 1.208325846495749367e+01
2.057918562506382720e+00 1.210164742226844936e+01
2.223079307198132515e+00 1.180527631415231582e+01
1.934305750234133425e+00 1.093984057403140753e+01
1.854752164390389479e+00 1.106888792100677499e+01
2.270428856998558675e+00 1.273728980274802858e+01
1.389243205458790653e+00 1.245942717442767034e+01
9.520533481336030945e-01 1.215053708731771742e+01
1.363172167629587594e+00 1.188046309017178181e+01
1.804251326448396142e+00 1.238372078320795211e+01
7.119902889717928396e-01 1.212201284948803170e+01
3.997099663239014333e-01 1.266236413040228115e+01
1.251064420468424698e+00 1.229664265638784570e+01
9.306008856772696181e-01 1.191628864388683340e+01
1.619561712911543827e+00 1.217468695237129239e+01
5.832135671084749395e-01 1.202559738000314482e+01
1.106504176585142885e+00 1.200796589838121342e+01
2.116718235956595251e+00 1.267749699149155340e+01
4.891535735537171359e-01 1.281979119749937368e+01
1.861238255255085239e+00 1.259459833529738404e+01
2.060564310900001583e+00 1.275370392406918185e+01
6.778732439174927071e-01 1.212918093496438665e+01
8.152979595638278898e-01 1.158467044030021675e+01
1.913758928526843039e+00 1.097507417728377810e+01
3.297330981036318276e-01 1.312810530509307583e+01
1.424080738006163971e+00 1.203914992190840039e+01
4.985810723892515339e-01 1.224733206549743159e+01
9.766745906209854944e-01 1.182211588628117305e+01
1.940185274839287599e+00 1.143369099442789150e+01
1.327547621787871224e+00 1.250065959528367721e+01
8.188944870639003337e-01 1.201183420451723904e+01
1.510691984880540017e+00 1.252934294741287680e+01
9.842104482812333854e-01 1.226300650249977764e+01
3.933156033334185842e-01 1.244718157020234450e+01
3.320117891218678507e-01 1.298254200766255373e+01
1.944623729401611989e+00 1.217387934849426578e+01
3.335504813791518863e-01 1.313739976228985462e+01
1.089331489642415107e+00 1.177800143143319467e+01
5.017380653585267192e-01 1.217561303448817434e+01
3.603332599265631764e-01 1.291916666968432459e+01
3.991380550834102148e-01 1.279496205901180694e+01
1.494534990215646397e+00 1.229494279454842598e+01
9.250003429412104738e-01 1.228679523803380746e+01
1.511319919574476422e+00 1.242146374852915613e+01
1.307093990392138805e+00 1.201292090545483937e+01
1.951206397860673958e+00 1.283541309409961961e+01
1.936697249245807217e+00 1.168304163178352617e+01
2.056789821083323311e+00 1.231047533368492353e+01
1.316959458838966368e+00 1.227554603597570981e+01
1.137668133055934616e+00 1.225901835222443736e+01
1.965998259088841849e+00 1.293327942896187110e+01
1.939874382881221271e+00 1.292362368226833880e+01
8.927726052713383931e-01 1.178166021623426829e+01
2.076836578290602642e+00 1.250142589560096162e+01
6.582169198034225621e-01 1.218907286803231571e+01
1.332700417197332454e+00 1.221723139492514498e+01
9.723581525711906259e-01 1.214557993672093872e+01
9.588838561097948743e-01 1.214543626516026720e+01
4.374961321441197537e-01 1.300759922441586625e+01
2.042602354036148871e+00 1.046006149114830563e+01
7.948459089525762300e-01 1.217877697053491559e+01
1.743650391564350643e+00 1.168032241515658498e+01
1.191622591042653001e+00 1.211569037599762133e+01
1.950178294466900386e+00 1.102892705295932529e+01
1.494081351037343408e+00 1.142901326787940874e+01
6.896563699067719266e-01 1.231739097555952078e+01
3.299873623926452559e-01 1.307659941861733088e+01
5.316166812797574748e-01 1.205529648440752410e+01
7.902419068258472734e-01 1.241058902411037757e+01
8.558513238906446663e-01 1.241056079894176278e+01
1.017174504523554068e+00 1.247261583189597189e+01
2.071644549805598867e+00 1.291845956659765271e+01
1.192283225430699201e+00 1.188580003154297415e+01
7.981631010410493721e-01 1.141840725431849179e+01
1.120346021284737592e+00 1.266884415181918122e+01
1.732431809615425422e+00 1.269506559596467454e+01
1.772565754113006653e+00 1.207993144914345862e+01
3.181419014400605483e-01 1.332647289704342342e+01
7.592931613008269132e-01 1.196815704147528869e+01
8.998589012129104558e-01 1.202793646099593516e+01
7.529924221724240141e-01 1.204082631741606946e+01
1.753047589985668786e+00 1.230492818367139130e+01
6.083981116935742728e-01 1.218991379522797480e+01
3.774881353650921256e-01 1.282478807857155978e+01
1.636117315305363418e+00 1.234178862577306823e+01
6.728767973996512275e-01 1.265250283462381020e+01
2.041246951638475249e+00 1.216634114970540104e+01
3.572266873885501792e-01 1.258846254300681622e+01
7.915829397136402434e-01 1.165160219619794901e+01
1.666215867103984394e+00 1.243721563855206291e+01
1.016366214611268193e+00 1.225534836475236133e+01
8.338005583737254645e-01 1.218164764572682301e+01
1.998273428062850687e+00 1.247732774367344533e+01
3.125874864655738827e-01 1.317355244600929076e+01
2.183533568470635622e+00 1.258276560847500569e+01
2.079830864663937184e+00 1.261489514376351551e+01
1.977780002496183354e+00 1.183431632525216592e+01
1.548280195850069152e+00 1.195700449852500036e+01
2.090824343349760639e+00 1.254601996600391622e+01
8.187260370348715677e-01 1.247065142361207180e+01
6.866699053540693543e-01 1.255797068229521862e+01
2.103187447796265541e+00 1.260340346662447608e+01
9.264507299073507784e-01 1.226780705054578569e+01
8.091083401116790919e-01 1.252199063337630136e+01
1.419329821133740843e+00 1.256521712997909823e+01
2.033961153201411243e+00 1.171188884970258215e+01
1.879867615298958627e+00 1.175127842671589207e+01
1.013051675821905029e+00 1.193984534770212846e+01
1.288068400625358434e+00 1.206749881904733535e+01
7.331072584925505398e-01 1.230292581642129157e+01
5.497509388968233601e-01 1.218924945936903370e+01
1.621143718058001948e+00 1.206430816026683495e+01
9.722190611557242068e-01 1.221434750767996746e+01
3.102271930666181121e-01 1.282277649874236403e+01
2.115464705600444972e+00 1.218241816718358272e+01
2.994265394046803364e-01 1.349576339750960763e+01
1.306502114145692950e+00 1.247899722778804055e+01
1.865908295698314623e+00 1.260456894275784734e+01
6.263000036136457949e-01 1.167075335077015374e+01
1.584681337999746864e+00 1.164551494908561757e+01
1.239840604210657338e+00 1.240153540875887650e+01
6.488508363195062412e-01 1.218243086917011553e+01
9.675152310255801247e-01 1.236246283983684791e+01
1.404238778806522703e+00 1.211534047939306191e+01
2.092445996422721333e+00 1.183624029408230527e+01
9.696160396500971279e-01 1.221385403209004572e+01
5.257871398014216657e-01 1.259272958092447148e+01
1.217773620952383951e+00 1.225024432060341617e+01
9.973017623111881669e-01 1.238640791739306835e+01
2.008139825941656742e+00 1.189963365029868747e+01
8.785668837186696445e-01 1.198279484494229941e+01
3.683069328768249218e-01 1.282078507189424244e+01
3.898054981220700488e-01 1.266608731900976537e+01
7.984163646578165130e-01 1.227303635272193638e+01
2.097671971734765606e+00 1.177150100798645482e+01
3.544332115036087361e-01 1.313841656926655155e+01
1.918492024933470042e+00 1.202275569531773414e+01
4.110286746728862295e-01 1.297739772534289315e+01
2.051133215948742095e+00 1.123452870824756999e+01
2.094053608635143782e+00 1.102900085153227039e+01
1.907373287397157835e+00 1.154478488150670223e+01
5.071887398581749196e-01 1.240375917442610110e+01
4.461530641587189705e-01 1.261590326299007359e+01
4.523619612911035093e-01 1.279615623406206737e+01
1.791749293813149180e+00 1.171923667173873085e+01
1.199528937828687747e+00 1.206866070471118491e+01
7.213235934556244677e-01 1.217351550560151630e+01
3.795570882787900335e-01 1.299255960602679671e+01
7.643141908318370481e-01 1.231153185278597562e+01
1.927806323940602473e+00 1.218441714789920916e+01
1.794486312673024830e+00 1.191041425834742995e+01
5.917630830400686381e-01 1.233672932362959074e+01
4.759280526943885370e-01 1.194707770372347255e+01
1.404962704723820455e+00 1.193396400215333308e+01
1.828304481148355531e+00 1.199819763488616964e+01
3.467267193493181465e-01 1.322657531107328310e+01
1.843199052595970056e+00 1.223620902437957092e+01
2.063563338598546348e+00 1.239154777987906719e+01
1.739809627365821454e+00 1.190261480206691047e+01
1.139225369151551037e+00 1.189720976502695748e+01
1.697328947040246616e+00 1.225346435908709708e+01
1.735699713975919600e+00 1.226305684695584297e+01
8.635787248855231191e-01 1.220980825716742757e+01
9.088150940216646045e-01 1.222148808383820295e+01
4.858018651343237182e-01 1.205651539903001890e+01
3.775883470080462212e-01 1.255384597256230172e+01
1.514778859712466730e+00 1.224041134913430007e+01
7.693342506825472382e-01 1.197534202536171222e+01
1.871321995130494020e+00 1.167632982129438091e+01
2.163193593098218681e+00 1.210923856204635207e+01
1.758988117997047906e+00 1.223600815598170222e+01
8.678616980103432965e-01 1.189575452397234478e+01
3.896085996718187672e-01 1.242463321953399813e+01
4.209199068210220385e-01 1.237564204887746833e+01
2.046698804609190958e+00 1.219299152190286506e+01
5.513541077251046252e-01 1.251089815819281448e+01
1.544063796028271485e+00 1.207129471395974996e+01
1.183855561483783791e+00 1.250657345777496943e+01
4.182045277039748710e-01 1.312852880245768183e+01
1.164149586119805013e+00 1.184958029330121043e+01
3.211273512493464932e-01 1.296805911058401151e+01
8.026686210927050924e-01 1.212874216452929588e+01
1.911025175104597462e+00 1.167779663866821416e+01
1.210870240308682844e+00 1.178661185937507838e+01
1.160731211322561851e+00 1.220723443750915393e+01
8.765522146063162712e-01 1.226946387106587011e+01
1.308474150994704210e+00 1.234142064309220110e+01
1.473330044341219613e+00 1.265318286817886317e+01
7.412824241537990799e-01 1.257211587127312313e+01
1.922981923310072894e+00 1.172039319212332131e+01
6.114486879586636947e-01 1.246704833483570418e+01
1.718622326757200280e+00 1.224021907087252181e+01
6.051771213502213920e-01 1.259217629818930284e+01
5.821268123336299505e-01 1.240256486770666022e+01
1.286729913277742110e+00 1.220136642149300776e+01
4.634318242771984231e-01 1.280701822244300736e+01
1.772805919204901715e+00 1.170877682900215433e+01
3.979831312512368546e-01 1.275953918718679780e+01
6.070358520478081887e-01 1.198919974098458496e+01
1.922713013221034828e+00 1.185545710865298830e+01
5.666222637204278989e-01 1.164770976550108550e+01
6.088130389098012074e-01 1.214298400049064597e+01
1.852849982870689693e+00 1.188449934342836656e+01
4.838055424924126990e-01 1.232647635795324526e+01
1.369492278813587482e+00 1.197077932174061132e+01
3.958756158984771956e-01 1.235631294191788676e+01
6.222417774682134084e-01 1.222436845031242036e+01
2.037529570673678680e+00 1.237182037033556803e+01
7.169650530333001592e-01 1.220969408674278256e+01
1.848877072319139447e+00 1.256910386017808534e+01
2.143680673004254356e+00 1.210426321058342225e+01
1.495753691197405866e+00 1.250307296357708786e+01
6.362985647838296233e-01 1.231445015487346595e+01
1.914143296556606089e+00 1.289603782970823609e+01
3.445585883752436129e-01 1.313743936422910963e+01
9.189950749265715091e-01 1.210112428428731235e+01
1.743380315161114025e+00 1.183130372822440890e+01
1.159222775486051571e+00 1.195987557246441924e+01
6.509962862288624086e-01 1.227879271554031604e+01
1.778785251966803038e+00 1.230778332611390624e+01
1.039043271923678624e+00 1.174289072981106585e+01
2.973648572157333025e-01 1.358224236607073721e+01
1.048778214960059296e+00 1.200729064186316286e+01
4.602889703996053683e-01 1.250484197590639113e+01
9.457452000495012445e-01 1.218972296590120052e+01
1.714774620410472350e+00 1.230884849257582836e+01
1.924986252798661202e+00 1.229602968092746984e+01
6.230355335393078509e-01 1.200690828169367208e+01
8.280055642185754072e-01 1.196131934531064545e+01
1.188542491548097324e+00 1.201248763547343223e+01
1.767349270723608257e+00 1.217517795538022263e+01
1.419967659983021990e+00 1.170439148274829222e+01
1.438402149972303423e+00 1.170485256476413838e+01
2.067321401295832306e+00 1.171897298965337697e+01
2.159193043052018979e+00 1.244649624113219311e+01
1.890845384343712743e+00 1.249995144553345483e+01
1.072853343978926732e+00 1.167953871890830619e+01
1.346552584996252522e+00 1.156122643379897319e+01
6.903124753912359690e-01 1.264015463975101738e+01
1.731532892062133788e+00 1.287091166439345180e+01
6.097022996761074509e-01 1.193916421215413060e+01
1.657324735043031128e+00 1.245814103086280689e+01
1.640110118549819695e+00 1.250116472488564945e+01
1.321596722420405934e+00 1.250578700483822558e+01
4.137753932724206885e-01 1.280356433422461215e+01
1.899232297059610053e+00 1.183267955990470988e+01
1.563111617221088823e+00 1.230411765991772732e+01
1.631698395283128544e+00 1.229698584764526714e+01
1.120215914076178043e+00 1.249550780036717867e+01
1.621686235530612086e+00 1.189476189196110489e+01
1.292286289203601335e+00 1.241260227166862684e+01
3.578598594246771292e-01 1.320625029381896454e+01
2.061036239587725305e+00 1.152479206979890414e+01
2.135752186860611523e+00 1.138054554606743807e+01
4.980955880173974504e-01 1.205066521875795615e+01
1.832863872227028290e+00 1.184255580286909115e+01
2.102241411964766993e+00 1.231311700427736788e+01
5.791279225259439167e-01 1.202605300256716703e+01
1.426521903604548447e+00 1.196312595006209634e+01
1.018948361398415381e+00 1.221416846122475519e+01
1.250515700212031511e+00 1.228658686627006880e+01
7.554648322885505474e-01 1.176813097304566469e+01
3.723770033229189536e-01 1.291964556011512855e+01
1.273909704132482723e+00 1.238956594651079257e+01
5.511769073215621040e-01 1.191038263901878658e+01
1.272841960573624531e+00 1.238063893179800168e+01
1.522725808774289202e+00 1.188660530641003810e+01
4.454085168044744081e-01 1.219669437761687369e+01
4.737519356519211966e-01 1.232791980106987317e+01
1.546150506095429034e+00 1.226355401578747362e+01
9.922750516210870897e-01 1.243520969876593973e+01
4.237585619899822964e-01 1.262661655557362650e+01
5.465163458889346071e-01 1.258211701150275452e+01
1.929882810049649677e+00 1.199588323121992595e+01
5.699487760256728430e-01 1.199936511349273438e+01
7.337761209629642956e-01 1.231567756632198751e+01
5.753055988707735935e-01 1.216804317652815293e+01
1.580938951933573033e+00 1.217020215201490529e+01
3.699180617050322195e-01 1.323651096576965358e+01
5.417305657908139116e-01 1.249251030209608615e+01
5.859609998237296224e-01 1.212777508626016854e+01
6.565949964160322505e-01 1.206841149300793425e+01
5.273000608206089845e-01 1.252088419259620089e+01
1.102155737559822102e+00 1.239721851214972759e+01
5.601151712616418976e-01 1.283594938640941940e+01
1.840137148655033750e+00 1.189098475234967012e+01
4.133950839340551631e-01 1.218590590153281283e+01
4.633845792178564738e-01 1.277316868433150887e+01
1.786092399504202843e+00 1.150401189571152649e+01
8.603302968700806685e-01 1.204492121566567597e+01
2.006370481075546941e+00 1.086843551504817640e+01
3.784307035049608303e-01 1.288016796985851542e+01
8.446889336586338448e-01 1.214110559797285127e+01
1.783424241123513054e+00 1.194226199177922432e+01
6.482107361946342072e-01 1.188167356269977226e+01
7.192118525817616792e-01 1.198443139396161072e+01
2.007812268055400917e+00 1.240168475476650833e+01
5.498817907041423370e-01 1.213341047442755816e+01
1.519965197979336491e+00 1.218539061781227062e+01
1.873853072729817937e+00 1.228224781602343540e+01
9.666330931351967415e-01 1.196402109511815226e+01
4.593400043266983590e-01 1.216733966403773692e+01
4.887459343112698917e-01 1.239176401126433014e+01
1.542629588603653179e+00 1.251631630854101118e+01
4.420553494088079183e-01 1.241070500534864607e+01
1.266537435527293143e+00 1.260697190886244456e+01
1.064173002563319592e+00 1.225304485762683626e+01
2.075039694308925320e+00 1.209418351569964578e+01
6.002003235402507686e-01 1.204241565113568591e+01
8.386961912609672831e-01 1.198350072730128701e+01
1.525381264221945754e+00 1.208320156950484048e+01
1.979865246237961118e+00 1.183086356112967508e+01
5.284895893244833109e-01 1.163476908165783819e+01
1.281865814979575413e+00 1.245779832306222445e+01
5.208987221763420328e-01 1.252583190539811753e+01
4.746092526399826594e-01 1.270230537339261545e+01
1.423428841460725014e+00 1.232830824682725179e+01
3.641301555879075114e-01 1.303072037364306901e+01
4.503759897002188040e-01 1.283772892024759926e+01
1.204168501846476502e+00 1.258398946919158590e+01
3.619198540227144267e-01 1.280788713245333454e+01
1.060585134444696154e+00 1.178765074310993555e+01
3.906916831246826094e-01 1.279037839820897382e+01
6.856960679633408162e-01 1.208120991680010725e+01
9.513367863174386763e-01 1.191533379811917470e+01
1.735249399809457804e+00 1.242778357251047439e+01
1.518944414862766656e+00 1.248589842694335417e+01
8.044608165589941517e-01 1.172812861984832011e+01
1.028154653915318351e+00 1.182240353087504658e+01
4.742115283021645644e-01 1.272282929581622568e+01
1.270763990616214256e+00 1.239972385483533124e+01
1.699362924994399782e+00 1.196246435694778043e+01
2.068652967290907085e+00 1.185600202336116915e+01
7.118834595219974970e-01 1.209992190877777141e+01
1.655666887102825502e+00 1.174403456497556242e+01
1.761177840620200774e+00 1.164561876135874918e+01
8.706380307251432304e-01 1.226044162823824202e+01
1.749076049822746226e+00 1.283776346444808425e+01
1.103045794343236352e+00 1.240044039646019058e+01
1.703259147345434155e+00 1.237823726277286696e+01
3.717374376837960237e-01 1.273162210717033282e+01
9.399718314942888675e-01 1.186887733845113502e+01
1.373658429868139574e+00 1.211389522927757056e+01
5.296391609776137654e-01 1.204568795645870694e+01
1.724546481630303552e+00 1.268639265600139332e+01
8.349299138960543099e-01 1.258014835074055782e+01
1.061558515943072489e+00 1.191151124779610271e+01
3.384088514023200212e-01 1.329745791913186004e+01
1.261430938970117710e+00 1.208825065750429140e+01
8.113348787055150169e-01 1.227887211093849551e+01
4.670021398382491196e-01 1.255463041333489294e+01
7.386589253381757869e-01 1.216905705121336112e+01
1.618529941269731820e+00 1.213295463706982247e+01
1.704642353417938905e+00 1.254892084472279912e+01
6.223221852756897210e-01 1.185919215874102406e+01
1.923654925334568500e+00 1.187899646083180016e+01
1.478879610046594184e+00 1.259558096060344567e+01
1.898915407835666258e+00 1.208064387621866942e+01
4.613146830000552923e-01 1.202912954122911593e+01
1.344711898296295782e+00 1.205244657102764094e+01
1.786399257925689321e+00 1.160074529199443205e+01
2.005092401200661456e+00 1.116449147264719954e+01
4.650140386555394745e-01 1.252503883266226836e+01
1.526096749227384475e+00 1.204192407669122744e+01
2.161632425036977612e+00 1.186013826953480077e+01
2.228200894712097035e+00 1.159919580472535294e+01
1.892007040864475353e+00 1.222722620571331298e+01
1.421636383270032944e+00 1.232891246902273075e+01
5.304591607157017608e-01 1.222276772132917699e+01
9.415734179285405459e-01 1.209698740511227477e+01
1.543415052343690697e+00 1.174779127480862506e+01
7.502348708032916536e-01 1.211060660201122907e+01
2.023019584798643411e+00 1.147410968074881410e+01
1.074088658175576860e+00 1.219145742063580151e+01
2.055708594596572070e+00 1.123008240635605759e+01
7.322802440918076972e-01 1.221728627885419449e+01
5.451328879267758332e-01 1.235441226742805654e+01
5.592596424150350076e-01 1.266467967749334811e+01
1.019321178511799486e+00 1.210087293764310878e+01
1.472359004351832867e+00 1.197538758970170747e+01
9.473204575758894519e-01 1.238890722052359550e+01
1.328175712470145209e+00 1.246961902815790069e+01
5.023694729836887252e-01 1.284153883883811353e+01
1.125669884805540200e+00 1.207186855648824064e+01
7.096347713134618651e-01 1.206662533321233255e+01
1.542042422926623191e+00 1.220030663764879719e+01
2.139157875950315368e+00 1.136751601579697635e+01
8.410915708431820903e-01 1.215417250928314630e+01
1.025125214876710489e+00 1.229619684082881825e+01
1.155045591500980962e+00 1.229963875507968751e+01
7.143071843139199295e-01 1.227605651342062565e+01
5.330504987771472747e-01 1.203596418962987791e+01
1.740243656369356406e+00 1.198043476894250681e+01
9.089537356504986398e-01 1.231657820089479216e+01
7.410536893170005524e-01 1.231976687351174427e+01
1.097239389157137479e+00 1.168971948393724247e+01
2.093695658957768213e+00 1.255659338571485861e+01
8.248262090229321331e-01 1.229477796486489005e+01
1.339520301550032988e+00 1.188442331491609494e+01
1.401437115817057100e+00 1.196246692680192147e+01
7.493758666928885814e-01 1.203476774351529066e+01
3.592100516705512558e-01 1.301577095922134397e+01
1.290893139380205668e+00 1.175996381869651408e+01
1.564322666213378676e+00 1.147590851221862529e+01
8.694717611053534023e-01 1.154972793896720518e+01
1.579114264919619925e+00 1.272385548829632285e+01
3.807456085734411966e-01 1.290027243064838736e+01
1.910280325238217225e+00 1.259948505742557501e+01
7.183045606378772874e-01 1.232830278648073552e+01
4.726261913086096111e-01 1.252311236034443986e+01
1.959802862672531454e+00 1.195333837235394192e+01
1.074103908301261789e+00 1.220074273108446583e+01
1.063382235137229515e+00 1.219312300563977303e+01
6.448122350510129275e-01 1.264753441535842882e+01
4.344784801705210420e-01 1.315216225514804549e+01
2.106264858010039820e+00 1.208364200324862203e+01
9.659895018901668573e-01 1.187957105403247304e+01
1.051872732958557766e+00 1.198917054669274940e+01
7.809421945423518086e-01 1.207350513948308013e+01
1.458241678738829039e+00 1.208699015241422892e+01
6.231961994231098867e-01 1.245998374353290217e+01
4.039195948245312695e-01 1.306233216789861196e+01
1.997199666911531502e+00 1.233379385625301339e+01
4.188475346413731981e-01 1.280773776863493474e+01
1.844767133558480543e+00 1.276156449561763040e+01
1.415141783262061415e+00 1.214760239974052958e+01
2.155555970460150572e+00 1.226011075956485996e+01
1.940236847800500319e+00 1.105019390860587869e+01
3.385961499793622709e-01 1.303622626675403495e+01
1.656041089678630840e+00 1.165522465832059318e+01
5.031475050107880875e-01 1.224937857445868694e+01
1.911105427658977618e+00 1.207647241832681217e+01
1.305059626733266587e+00 1.164027946399518676e+01
1.293561778708746335e+00 1.199173004285554178e+01
3.795868987567489472e-01 1.276384678813973395e+01
2.014522619855693364e+00 1.211000898574025619e+01
1.173534106532494681e+00 1.190731980549159452e+01
2.572283142337306039e-01 1.432519875286377697e+01
1.161467848884166543e+00 1.246681270117536400e+01
1.093847409259800951e+00 1.245194532128124898e+01
5.776926697261702826e-01 1.238632033292090817e+01
1.277676353857559066e+00 1.234657661022509245e+01
2.068910180128283205e+00 1.123658410960810095e+01
5.865342381049497567e-01 1.277151172232766640e+01
7.543596002034854697e-01 1.188603540289919636e+01
9.702075354785922867e-01 1.190800131327991096e+01
1.413245909970529679e+00 1.219881852246383147e+01
1.749726909339199610e+00 1.245426565666367758e+01
5.634494583292943837e-01 1.249676054352857335e+01
1.496153868930535369e+00 1.224664556898586376e+01
6.518024598697973460e-01 1.193217938642820286e+01
1.631185383995186200e+00 1.195102458988047012e+01
3.169074705971542394e-01 1.311864141239266779e+01
1.733266277881397421e+00 1.244272030080651881e+01
9.207243213411341332e-01 1.216647477664998789e+01
8.647226365999561848e-01 1.215538937336829228e+01
1.361984114751473740e+00 1.245913821324356618e+01
6.903951607032744464e-01 1.240142366428323761e+01
1.051361739337290491e+00 1.241222316313198704e+01
5.714155043775510645e-01 1.255145241678668100e+01
5.600419537774019574e-01 1.245934447998124206e+01
1.185280443874530132e+00 1.236981622563174454e+01
1.846698028770757505e+00 1.187993455478976479e+01
1.550687187536325284e+00 1.206288491692334119e+01
1.585069320190618303e+00 1.195633364074636695e+01
1.292639582037918400e+00 1.203735742084530358e+01
4.749518029937324637e-01 1.218434493250602557e+01
6.297432500596442662e-01 1.185141436271107906e+01
8.872718992952449701e-01 1.211846753788367614e+01
1.496492284709329823e+00 1.252412165222812845e+01
2.041057428370322668e+00 1.236035919829877017e+01
2.100254229572666720e+00 1.242195638989597128e+01
4.601723021270902603e-01 1.188518269141613892e+01
1.298297631276314368e+00 1.158369072119166532e+01
5.414111061429172089e-01 1.181715818598256362e+01
1.676046374735534084e+00 1.249947337943505943e+01
3.811144096910878964e-01 1.326388566869622743e+01
2.063734035028363500e+00 1.271968719660707947e+01
8.363927506932946621e-01 1.239038534676062575e+01
2.005717140944768939e+00 1.259306536786752950e+01
1.175907246910179227e+00 1.252663992651580571e+01
1.458696216720424266e+00 1.208575228577531568e+01
1.650368451537684855e+00 1.150184201460295164e+01
9.380433769296517843e-01 1.157935427574039267e+01
1.583063548732337678e+00 1.197625513921299500e+01
1.902563355094629038e+00 1.193202143312462304e+01
9.098135492574820349e-01 1.217373402822382289e+01
4.102334807517263870e-01 1.249415687737915981e+01
3.702950343348788143e-01 1.274060491548488194e+01
7.546706736982917718e-01 1.254686915572718675e+01
2.136407075445842629e+00 1.269749530825148298e+01
1.029025183752620309e+00 1.202127612512666488e+01
2.140389704914862357e+00 1.152332168952342606e+01
3.796314423827622520e-01 1.295037434734638815e+01
1.840873816427294640e+00 1.199896414714294401e+01
9.537074412365551535e-01 1.214758280634691090e+01
1.827049514848947620e+00 1.128557706140446726e+01
2.079977755707265619e+00 1.222408845151925050e+01
3.483699053631816311e-01 1.268628663721213989e+01
3.790373667846378414e-01 1.244478819398386094e+01
5.639739669399562727e-01 1.237804712846886446e+01
1.153760486310376088e+00 1.218430467588569499e+01
6.447587335115538831e-01 1.193162877898913088e+01
1.896542810265310575e+00 1.243750199237190834e+01
1.496294690222924162e+00 1.263792745958741470e+01
1.476453026465351037e+00 1.253734970527628967e+01
1.252586234822500755e+00 1.246821856024384445e+01
1.477883852131921305e+00 1.256024476619934660e+01
1.465693478743025580e+00 1.255910876035072121e+01
1.982645168940474933e+00 1.169879288923957006e+01
1.303281731051139758e+00 1.187393305548270916e+01
1.090212698245281109e+00 1.253721456543783397e+01
2.031642364145228363e+00 1.281594218319526490e+01
3.757292061783733539e-01 1.281385385609414662e+01
5.673568869863385711e-01 1.224081392903848631e+01
2.179645016987452610e+00 1.278043362411603745e+01
2.095026378190107064e+00 1.154275608779843942e+01
3.823603789978053946e-01 1.267974797687535826e+01
6.992380275887727370e-01 1.196649572131084049e+01
1.729272575704032811e+00 1.255575273039229423e+01
6.730441964527357213e-01 1.253303397177109879e+01
1.823541206333302522e+00 1.154063671416306391e+01
7.719792069948371305e-01 1.219901505648086726e+01
6.660323496368841800e-01 1.195184340895478137e+01
6.238923465331754903e-01 1.197854315824692328e+01
9.777458898794488817e-01 1.211384164537799357e+01
2.000022209392562367e+00 1.232739914733157960e+01
8.758182338886063567e-01 1.220833304503673844e+01
5.795706063575951639e-01 1.244937724123951206e+01
1.645268148321906265e+00 1.235094002259159929e+01
1.257164203113852352e+00 1.195060349184637616e+01
2.082264682711546300e+00 1.123311928474249122e+01
9.859004770468785539e-01 1.165868173506496319e+01
1.921284972773076083e+00 1.242900841779108667e+01
1.737487268243180560e+00 1.241500744366671150e+01
1.972494881593221283e+00 1.212657738364130644e+01
4.890874791705940861e-01 1.220134894784208335e+01
1.186204764528233646e+00 1.198469672801417119e+01
9.063562849734819737e-01 1.263108942275555080e+01
6.059365959114517697e-01 1.219234325575996358e+01
6.412056572998782178e-01 1.216193109949561268e+01
3.869356182472065142e-01 1.342773243656988491e+01
1.464328267141024709e+00 1.267681823765283156e+01
7.006262704013269671e-01 1.179448791938222030e+01
8.782927674662081019e-01 1.206750170545212164e+01
1.619697590537426235e+00 1.193483048812643332e+01
7.032369062684145078e-01 1.213626789276340467e+01
7.503334580167152490e-01 1.210831285335273400e+01
7.035131667110700038e-01 1.234113180245387653e+01
2.039686436383675971e+00 1.149810386079035673e+01
4.204126715262213598e-01 1.252153117202584909e+01
6.836803262941696380e-01 1.256894948723724781e+01
3.337464051656246489e-01 1.272847510499936519e+01
1.767881692882308453e+00 1.205309202486995623e+01
1.423892611508039696e+00 1.244615546406079076e+01
1.957240662339981618e+00 1.265853485410031709e+01
1.866375182963324164e+00 1.256067019941645491e+01
3.833639786458208354e-01 1.303199843014028936e+01
1.319763103150696004e+00 1.159821190939601898e+01
1.643598012044205303e+00 1.227163906638324420e+01
3.771490212380220752e-01 1.308380822752128836e+01
9.338500236332453186e-01 1.195314268227656562e+01
7.515272273329138830e-01 1.187934994034711345e+01
4.980049231457969738e-01 1.285824548685516433e+01
9.515258561146427985e-01 1.230134620072143470e+01
1.488885300663039146e+00 1.235432351266964801e+01
1.724913656550683738e+00 1.201666792866990185e+01
4.925598247617025138e-01 1.188962510263997530e+01
1.203703817073329407e+00 1.196007293604531618e+01
1.586000256868091096e+00 1.209921319447964017e+01
1.613522321667251846e+00 1.216664689928320264e+01
1.571343726634981897e+00 1.216428832676791849e+01
1.688480124311215080e+00 1.229802516263836232e+01
4.725282298195673802e-01 1.262009921353779518e+01
1.439722893573759155e+00 1.222436842489239694e+01
1.189934321437913001e+00 1.221355758121895896e+01
2.056442819612147144e+00 1.268085884333654967e+01
1.194379541493783226e+00 1.227916002417861563e+01
3.740703904141458591e-01 1.270594425439748143e+01
1.130380986301199098e+00 1.197988815828798614e+01
1.965583757504840490e+00 1.095463173130364609e+01
4.877530217342122554e-01 1.278741229162438486e+01
8.937663297010306485e-01 1.229367611355551837e+01
2.102185868347046682e+00 1.265307421166088453e+01
6.002991161486145311e-01 1.275855365543276321e+01
9.538472214854203379e-01 1.257913910510661815e+01
1.809648907411154584e+00 1.263247205512442584e+01
8.511636018711540297e-01 1.161546250454551377e+01
1.604816135950967393e+00 1.194800063541251056e+01
1.241835827693395844e+00 1.157239625325739851e+01
7.043471152253804046e-01 1.145802172979790789e+01
1.620145302253575004e+00 1.253048639672019249e+01
4.407109602836378204e-01 1.200442448302487897e+01
9.458286701641168692e-01 1.226673624683612296e+01
1.121897439236637206e+00 1.223797213349776314e+01
3.706054100937783424e-01 1.280579289797472597e+01
1.198574838899763684e+00 1.209292728215562640e+01
1.975839689726614168e+00 1.223634283577413306e+01
6.539698034713398167e-01 1.223430504025313859e+01
6.440207176429141311e-01 1.224253109807701811e+01
1.867578615451759738e+00 1.199784816774471707e+01
1.107952572813263759e+00 1.239796869461002693e+01
8.635438242180667467e-01 1.202511678083957491e+01
5.058846597382832266e-01 1.233646246505464816e+01
5.331469237850249288e-01 1.251811741092333641e+01
8.142685656369743619e-01 1.227318400061422210e+01
5.996182594337580163e-01 1.238404213901617545e+01
1.277531320247046409e+00 1.232706489602404254e+01
7.852680348656124742e-01 1.202488713578558510e+01
1.174439125168519560e+00 1.207066202852045400e+01
2.111927434993216224e+00 1.160605503984833398e+01
1.054291782341902239e+00 1.219163121740026412e+01
1.579109728422366299e+00 1.248687917546602399e+01
8.236458529401754491e-01 1.198741395906804819e+01
6.429655489454092487e-01 1.231213065940335838e+01
1.760190330084908217e+00 1.194843906565500014e+01
4.430110107322993152e-01 1.287450909341682959e+01
1.649493642155186013e+00 1.181452986497786561e+01
4.462093189251674641e-01 1.235842121049079623e+01
1.768517493146207320e+00 1.272451929425651684e+01
2.067148068941090600e+00 1.241437075716120830e+01
4.582920560030119828e-01 1.260827654276517151e+01
1.916778189097118723e+00 1.150726659159824194e+01
2.012134507438022357e+00 1.175778003903056756e+01
8.801093910104840212e-01 1.188508976723274735e+01
1.310064547835879001e+00 1.240151207975168290e+01
1.448412825812554594e+00 1.245183730807302958e+01
6.620419925338258960e-01 1.218681679521623984e+01
1.864524499736823326e+00 1.140081552427269784e+01
2.008683737203048825e+00 1.122980735222850157e+01
9.598206251149759005e-01 1.180150579643509090e+01
3.543038036203402519e-01 1.259895521643100302e+01
6.253228658690196395e-01 1.238939040726874552e+01
1.187093181755742854e+00 1.192795832728698890e+01
2.166878360906059786e+00 1.133454338800154204e+01
1.224264636851987387e+00 1.187719836973476895e+01
1.705564733252870280e+00 1.187908185092073587e+01
8.010019986155807459e-01 1.180115881023316859e+01
2.095731024462442971e+00 1.185786801382397471e+01
1.634461251472876242e+00 1.204457860526536983e+01
8.079473360047932928e-01 1.193370301099183983e+01
9.136441239675389125e-01 1.195628546301465178e+01
4.095545206757638113e-01 1.239524843587855152e+01
8.412519582982017630e-01 1.181206358088592090e+01
5.006807186076303040e-01 1.269644021451396654e+01
2.110417726586897746e+00 1.245435499116410760e+01
7.161142838205467598e-01 1.177178278615211582e+01
6.762701219569208222e-01 1.167142929752676750e+01
4.099110208815380241e-01 1.225703612309526136e+01
8.925603052780797242e-01 1.226570192240349222e+01
8.535502853154707248e-01 1.228249818993089093e+01
1.731165372084705778e+00 1.254150633591689434e+01
6.093520037011026513e-01 1.241081511621377587e+01
1.221400969839884221e+00 1.181752561481195940e+01
6.912081787674344557e-01 1.188176443772070634e+01
1.512156094079011748e+00 1.252867502253630860e+01
6.244520348168637325e-01 1.270827476574000237e+01
7.218933232403998979e-01 1.232415380611560529e+01
2.045136146951466838e+00 1.250524160910599214e+01
2.167360223624891447e+00 1.245897569604140287e+01
7.984568321895472165e-01 1.254397082598295476e+01
9.281212408995526131e-01 1.259299201009556413e+01
1.684076907300563475e+00 1.263521695159674785e+01
7.987902386502323537e-01 1.184113755248622901e+01
6.481086481971090052e-01 1.185597412985317334e+01
2.078464455691161561e+00 1.251231853822791429e+01
9.609901602771501183e-01 1.185374002851319553e+01
4.559602022464364635e-01 1.232514772583471618e+01
1.695435404793464551e+00 1.237758343699452013e+01
2.236538160948568166e+00 1.199809108591281870e+01
1.643325244198431845e+00 1.188313260040203367e+01
1.454041433012256856e+00 1.186263840766297939e+01
1.937408966084337436e+00 1.220958662911313120e+01
1.444223647379342612e+00 1.212278750251432946e+01
9.249953679476217161e-01 1.200398398627527996e+01
1.648011716863936549e+00 1.210855330812331054e+01
1.729743794546773961e+00 1.206416950832056045e+01
1.066722824624991794e+00 1.242896622860813771e+01
1.604193404313686955e+00 1.255756322406807612e+01
1.727182373307282859e+00 1.237897449954768092e+01
2.138265552814873960e+00 1.217972831219715601e+01
7.552190049359307489e-01 1.226800931898345937e+01
1.869206531532775273e+00 1.201507757809983978e+01
1.266743654247027173e+00 1.197191229997725870e+01
5.907381752431336563e-01 1.212828395102956591e+01
1.722578939131289566e+00 1.148741141664461551e+01
4.137791828314145715e-01 1.232094956427756749e+01
5.315103843675821338e-01 1.195121327349690787e+01
1.277166052266229590e+00 1.235766369608350246e+01
3.806975968235943308e-01 1.284966965361075708e+01
2.144343623890868855e+00 1.238993209120121541e+01
2.013672930819155216e+00 1.300495569220852765e+01
2.174217088227795802e+00 1.303924582340336791e+01
8.444928302284889776e-01 1.215072846938830153e+01
1.998673459816936671e+00 1.213915119823139221e+01
1.744330660907991160e+00 1.243203823926917018e+01
6.032417849719018399e-01 1.245947282088135211e+01
1.504321452345038779e+00 1.198907951645766623e+01
8.502570413014990391e-01 1.191485747825360875e+01
1.900937689315284063e+00 1.234713229147064695e+01
4.225943773878307885e-01 1.276584635242407195e+01
9.049207469545931248e-01 1.169620332386331363e+01
3.997212051240644493e-01 1.244994160348849377e+01
4.210665485477163572e-01 1.241730975377071822e+01
1.205557726429649978e+00 1.166400084014354199e+01
8.408101369433358396e-01 1.237563154024894807e+01
2.151866644957416419e+00 1.117612052976088322e+01
1.373411351387572088e+00 1.271730303002494189e+01
1.890940123141541029e+00 1.284086768637668818e+01
1.695222399624690013e+00 1.234281004175340968e+01
1.764952648341173047e+00 1.217994810984358978e+01
1.646612823414600024e+00 1.225795751862378147e+01
3.086510532274277518e-01 1.328141567685469049e+01
5.309309040145815395e-01 1.192033537548102018e+01
6.239164618529299267e-01 1.263148700756716103e+01
9.846419973074291843e-01 1.249613257872907468e+01
2.038623092562580563e+00 1.203148963218102629e+01
1.337653731194714313e+00 1.204024942814504939e+01
1.806451527463690754e+00 1.178309557272561747e+01
4.411511161718046914e-01 1.213451716516987666e+01
1.202159455574821179e+00 1.210268727000619116e+01
3.382252104261561643e-01 1.292050624487331056e+01
7.995181785838321176e-01 1.244058043124677404e+01
3.643520357570790846e-01 1.350528177412573250e+01
4.512873849567152762e-01 1.305194702282153330e+01
3.398251959658413757e-01 1.290758186271686192e+01
2.041009964537782828e+00 1.236643001682288734e+01
1.820756356343066207e+00 1.244890844054096846e+01
5.723289056763680716e-01 1.234827268242994158e+01
1.938557569414731230e+00 1.257613103097313001e+01
4.740008223082672889e-01 1.233851246574000982e+01
5.439689911871425920e-01 1.217330492221071125e+01
1.818767340840655500e+00 1.225234252944651914e+01
1.742793627055038819e+00 1.209280637145293369e+01
1.506698893642536730e+00 1.210147371676166728e+01
1.462037737402390958e+00 1.225957192207145496e+01
8.381883558322803518e-01 1.200096686152648928e+01
1.000024368089111215e+00 1.249201214193417542e+01
7.461539763480307119e-01 1.200749605348158688e+01
1.452847583220500782e+00 1.239107672023923179e+01
1.911272729151387573e+00 1.209144224747646668e+01
1.438869820169480951e+00 1.210423823990845271e+01
1.102636630666251838e+00 1.201433892435395911e+01
1.659991377324143258e+00 1.217140885683387275e+01
4.464078412639256310e-01 1.268489360955629586e+01
1.966923630196459216e+00 1.118317713020228155e+01
1.358877035957062329e+00 1.185918117339614319e+01
4.279372167599672094e-01 1.234843038104834534e+01
1.084709887549196727e+00 1.214624583614719633e+01
1.404906980172381914e+00 1.228016002804795015e+01
4.003600854384589125e-01 1.292039501735954765e+01
1.216586337071248636e+00 1.178725982184251464e+01
1.515393996027156076e+00 1.228105337205447789e+01
2.137081952164272103e+00 1.234740550378989177e+01
1.895381885625440521e+00 1.243306883933321139e+01
4.830993267455786500e-01 1.276493408145509179e+01
4.282530025485015157e-01 1.298197905443138644e+01
1.532564973774137362e+00 1.249957044055975430e+01
4.648720836424725111e-01 1.239945717467079334e+01
4.077861780395067304e-01 1.312526145858261195e+01
7.681323400367825460e-01 1.271518276727099384e+01
1.160495077013885323e+00 1.150226016435987297e+01
4.767369239796789837e-01 1.193394807920517664e+01
2.209447489361271888e+00 1.203609886349060254e+01
4.712777447505787642e-01 1.278243466827157349e+01
1.781346230657851359e+00 1.197210823945434477e+01
1.987745411114296701e+00 1.263038830413263547e+01
3.665679133649751842e-01 1.290201854882918120e+01
1.750945061165667838e+00 1.239447941948934862e+01
1.360027362514901306e+00 1.236748556737091853e+01
4.137200392865952314e-01 1.269672953436724328e+01
8.778176462410642866e-01 1.147789466585269658e+01
1.562807415978448855e+00 1.247660012035160548e+01
1.333060509364788704e+00 1.241116316852473034e+01
8.236700069493574361e-01 1.208028348296791243e+01
4.821001382162347637e-01 1.248222021149288352e+01
1.684307088487186466e+00 1.272275716829154568e+01
1.545101740221691333e+00 1.268945784815690203e+01
1.548730501280539462e+00 1.250539364041033430e+01
1.727256170298453242e+00 1.253471682371720597e+01
1.988073768085733439e+00 1.176408040215794948e+01
5.893438833245077113e-01 1.230632477420206605e+01
9.674482384404278212e-01 1.157971310467038606e+01
1.821619415787047558e+00 1.148442685738301527e+01
8.874833577838288079e-01 1.189714973452546154e+01
4.710913555032257838e-01 1.217069547341742286e+01
4.021126105573253340e-01 1.303524112348519282e+01
5.937128162452909308e-01 1.235906877606509013e+01
1.802099731605784072e+00 1.229346080544998188e+01
1.186488290421123359e+00 1.212456236781483732e+01
5.213479102093796502e-01 1.193824042919695572e+01
1.209972081743986072e+00 1.180210305310346186e+01
6.674240345121392748e-01 1.202737574823727762e+01
9.180591492194599690e-01 1.194095275191146399e+01
1.398079507528928733e+00 1.223335005433355960e+01
5.563948305600445732e-01 1.204911488737197978e+01
9.251149435037637758e-01 1.198652989517276879e+01
1.750436582337684177e+00 1.135688791951130305e+01
7.934439044743322178e-01 1.199095255120051817e+01
1.829479315807644335e+00 1.274239026103976258e+01
9.564632966572019779e-01 1.192087370157391923e+01
5.516349278510777054e-01 1.214142427909850142e+01
1.912713228537981758e+00 1.240707983562879235e+01
1.997596220535329481e+00 1.229873650263601981e+01
1.819589711794135312e+00 1.259473490684445096e+01
5.131265577721001447e-01 1.264090677735175205e+01
1.787242365598298299e+00 1.216449251385893859e+01
7.894550396056002617e-01 1.187921928881731404e+01
2.021659548381739668e+00 1.031455259855006190e+01
6.482618633944898789e-01 1.183643674568717685e+01
6.233783575553639711e-01 1.228648590444456978e+01
1.052905714533415305e+00 1.211705457589454937e+01
1.203727782282580039e+00 1.212898114648793069e+01
4.419863488236599469e-01 1.239701425339170093e+01
6.471253663158785807e-01 1.159781648095116680e+01
1.995867074438798072e+00 1.136354493869446003e+01
7.492714747037311218e-01 1.184499335784390794e+01
2.029503539812804735e+00 1.203434114860291082e+01
4.297056618064224454e-01 1.251697631295671620e+01
1.074069719443120352e+00 1.211217681767185539e+01
8.315235902224253906e-01 1.203806379238769253e+01
2.097943076401624918e+00 1.185301989082742047e+01
1.489707431877577148e+00 1.240479978165889641e+01
5.901901157315512236e-01 1.276074023237164745e+01
4.775651167099003169e-01 1.303125950353613760e+01
6.127402093969712693e-01 1.257906926021240857e+01
1.463019392553744691e+00 1.212580570849560857e+01
1.627140659798824274e+00 1.243611855071177530e+01
1.668549426393110435e+00 1.244759811325449661e+01
1.016502369226144342e+00 1.190651819323595184e+01
1.783058547471779276e+00 1.209337457983547282e+01
1.220886205840693295e+00 1.186869570002700414e+01
1.417150762124176566e+00 1.215005735377548213e+01
8.077978432798650354e-01 1.218613757459718094e+01
8.892841118371231923e-01 1.240869518370463709e+01
4.289114436143402487e-01 1.295465767329427109e+01
1.785930120111471009e+00 1.132542828660339751e+01
1.357486984621712134e+00 1.178129879664444779e+01
3.374415228363776831e-01 1.288891769135102550e+01
6.425073464252151201e-01 1.238468227402051447e+01
1.990706908312730006e+00 1.272606710297782229e+01
6.729854517082973775e-01 1.219461991827267688e+01
8.800466578523425953e-01 1.229159661125926384e+01
1.951667807602639026e+00 1.248844618325518674e+01
9.644305214194819342e-01 1.211657390996946937e+01
1.743959326345148719e+00 1.231059585220283914e+01
1.936737953696961556e+00 1.198901884947655283e+01
1.180983787249896944e+00 1.201616855708315690e+01
5.662583307875549421e-01 1.240942781030027398e+01
9.464455202397402678e-01 1.232581908236786994e+01
5.889830492485894631e-01 1.249994311681003722e+01
2.065800321503253656e+00 1.142420548042434092e+01
1.502104324077444986e+00 1.201677087681189171e+01
1.283825337227462615e+00 1.235546886312534021e+01
1.765550226612213169e+00 1.256558552124728756e+01
5.593335405282083839e-01 1.200267266910889497e+01
1.186315115812756282e+00 1.208953645073202665e+01
6.769420168550904782e-01 1.219654664312178305e+01
2.076176994842392709e+00 1.220304165655132600e+01
2.145153426919871542e+00 1.251248177772345649e+01
1.885903658501173474e+00 1.191079466762626105e+01
8.612558886936899638e-01 1.219736745451838011e+01
9.799118117218145185e-01 1.224208066342980317e+01
4.986918974727176934e-01 1.211719849217431211e+01
9.530541440902137174e-01 1.204368160675282162e+01
1.871586887913586850e+00 1.259470075738480332e+01
1.055014525070261611e+00 1.199141087760518154e+01
1.777173782189322093e+00 1.254813282658462903e+01
5.827830043927765269e-01 1.252737218855032708e+01
1.549668127600478673e+00 1.219123289977878599e+01
3.735671489338826534e-01 1.287918865543920788e+01
4.272115607794433334e-01 1.290642774820211969e+01
6.677310745682133453e-01 1.184677589159016975e+01
5.223232407606818173e-01 1.251198224528005198e+01
4.736303054053558337e-01 1.264824036421188147e+01
6.070576897390822513e-01 1.217773716324652256e+01
1.669155934490044846e+00 1.234649927348864473e+01
1.505010729790552393e+00 1.234242811345426816e+01
1.810142431148991315e+00 1.207922580304473925e+01
8.075126732610999891e-01 1.217051224848795421e+01
1.643014916980960916e+00 1.211083696445967561e+01
9.553339906149599381e-01 1.192427562643252337e+01
3.930997340051950451e-01 1.284561364171204900e+01
1.698006596453860206e+00 1.238306545331397146e+01
5.529637714636636003e-01 1.205748475964873023e+01
8.725232051039882863e-01 1.197289870596867090e+01
5.967094477631106342e-01 1.220980225485137183e+01
1.238465115094647961e+00 1.246745784289511150e+01
1.569960858866105147e+00 1.253807045501594608e+01
1.258837411851309041e+00 1.215999987576694963e+01
1.911456648872953856e+00 1.240446086502492484e+01
3.773436155743969955e-01 1.280828628597800112e+01
1.843237847280225328e+00 1.244651395021237050e+01
7.516784670077339969e-01 1.222805010443272700e+01
8.543895667391984139e-01 1.200413549671070967e+01
1.473868610262105250e+00 1.175571958463590150e+01
1.071282022428004632e+00 1.197316585039994408e+01
3.408150773078014728e-01 1.285876611478742859e+01
7.273988759827080264e-01 1.257195355208112630e+01
2.231890762957529972e+00 1.169326858352300924e+01
4.381995295729875783e-01 1.285670036325523391e+01
4.478246619581278121e-01 1.281669922461824918e+01
1.881105550721961617e+00 1.121489808539881317e+01
3.806798498894491400e-01 1.235668777138543462e+01
3.059200118981017513e-01 1.321314980067402622e+01
1.647519598200020807e+00 1.227725719854502096e+01
3.286405315876851918e-01 1.329441991878708862e+01
1.373088380061436187e+00 1.213553148601723564e+01
4.667582836437631499e-01 1.217813840573431960e+01
7.354929643175888154e-01 1.163374346219490008e+01
6.239265177190455036e-01 1.166688128272397051e+01
1.817592869168652037e+00 1.191245390030994322e+01
3.547007149511474666e-01 1.282785105483584331e+01
1.895725052888148188e+00 1.224385852586422629e+01
5.579158191303573711e-01 1.207130685762336064e+01
1.778159276329309035e+00 1.185386707400021855e+01
5.384536942984911034e-01 1.263274158015154214e+01
2.060821378538685078e+00 1.204467617865635987e+01
4.616668296604535260e-01 1.251712916767827011e+01
1.616029633993399939e+00 1.209481953544181287e+01
1.017366345464107313e+00 1.255021250303026470e+01
1.376910444475674566e+00 1.210839516864386667e+01
1.617729570008124673e+00 1.208236431944437150e+01
8.979764256770328412e-01 1.215417556230450025e+01
1.910109113463764441e+00 1.160914256433235892e+01
2.010095446647563566e+00 1.209171506977857291e+01
1.314203036469709485e+00 1.219044726491178210e+01
1.389352636063274860e+00 1.221593881776450274e+01
1.636024169613096158e+00 1.195105068543768212e+01
1.306298782539109693e+00 1.185002903027407584e+01
1.943051413223886081e+00 1.231494462888081820e+01
1.350720744722785582e+00 1.216455883289830986e+01
1.404470530898562330e+00 1.190311944310468206e+01
1.956969126677680304e+00 1.126614266575684020e+01
1.070644858603299276e+00 1.206698505955783141e+01
1.012505473771495579e+00 1.206224129128192502e+01
1.761645360275382766e+00 1.118501034073410949e+01
1.514652829374464771e+00 1.251005819195570901e+01
1.882799704034528565e+00 1.241234436120255147e+01
9.891720446534928435e-01 1.200551777024274891e+01
5.933277693853183932e-01 1.184964766290487681e+01
2.006445540697598062e+00 1.226091118773972788e+01
1.886643712073602153e+00 1.213872147011085900e+01
5.775099359744252370e-01 1.264535209359229029e+01
2.029355867652875123e+00 1.135235927535762102e+01
1.307418907948203035e+00 1.227638126972011712e+01
1.929491066513515429e+00 1.240428930223752424e+01
2.079498826941925227e+00 1.244643941921308361e+01
1.474523683809228158e+00 1.221014817205395353e+01
1.710378930239834006e+00 1.220802444134311138e+01
9.160153169386269223e-01 1.254117464680079586e+01
2.197765983167530468e+00 1.227796878505830236e+01
7.457590360411588959e-01 1.176669705375002728e+01
1.357148761892031041e+00 1.199320496599705876e+01
1.695232164640889438e+00 1.224065332288670405e+01
3.499966422813311495e-01 1.302540768744766275e+01
1.507308192141500358e+00 1.232436128387872287e+01
1.081076084673948445e+00 1.208764644459559356e+01
1.809425451837608501e+00 1.269955852559258247e+01
5.233783414159292047e-01 1.251856412646690231e+01
1.914723003562458725e+00 1.235446936440524723e+01
1.941321211929049273e+00 1.235221862059621323e+01
4.742314293600120023e-01 1.272514847765352108e+01
9.646234285587066415e-01 1.222520642220999854e+01
1.858211746799426800e+00 1.131068146984988410e+01
3.580359993826005560e-01 1.269110820096568837e+01
5.792867870587523615e-01 1.225922488950020117e+01
4.054715436937448847e-01 1.278884358875784599e+01
1.182443999832332837e+00 1.190299200674502877e+01
4.619249779785170040e-01 1.299323524744575309e+01
7.125786146141860344e-01 1.203298850435867706e+01
1.076879098275641988e+00 1.239359996215359772e+01
8.192451376787104333e-01 1.232535840044669762e+01
2.029901604047566366e+00 1.185723893887176850e+01
1.747380406965283406e+00 1.211512399319890854e+01
1.415161649939862931e+00 1.237907678282521928e+01
2.026000534141491727e+00 1.165804494945903080e+01
6.276358892183745430e-01 1.240127075713554916e+01
2.171425708814681332e+00 1.209901577400625072e+01
2.290131215218405014e+00 1.192134395191188823e+01
1.178793389488683285e+00 1.162653543133647460e+01
6.708245384893857244e-01 1.181359538572088397e+01
1.424325669505200009e+00 1.242940032662152383e+01
4.513422517067000039e-01 1.255178367906679782e+01
1.215286680977267331e+00 1.214805420799212676e+01
1.809153510743993110e+00 1.205732732411172492e+01
1.326946749542003978e+00 1.192329775457266017e+01
5.088688469725589636e-01 1.273720062878563475e+01
8.616881264341476054e-01 1.238918724173458052e+01
9.441198299298397822e-01 1.166410926140418525e+01
2.990070595210234106e-01 1.305713071601699049e+01
1.378612280425353109e+00 1.217563838930425746e+01
1.852565549146605539e+00 1.229336152543605820e+01
1.899549048623967229e+00 1.108346373944616658e+01
2.000205334584540751e+00 1.193800337261182776e+01
2.040475650244566896e+00 1.248162715289106650e+01
1.755037691930031230e+00 1.248560560859579738e+01
2.031312630255674101e+00 1.256736112772402159e+01
1.255653810041972074e+00 1.241114066459117282e+01
1.444536493644566155e+00 1.215481628488018373e+01
1.811953495977345119e+00 1.222930150830497098e+01
1.066155250769263763e+00 1.202728121580222620e+01
9.230051753671510983e-01 1.207825157183972031e+01
2.172066538092453314e+00 1.210455038735037192e+01
5.331305477054640862e-01 1.253772806001506979e+01
1.417486575246968084e+00 1.247378044634689509e+01
3.897457819810497548e-01 1.305844109925264185e+01
5.763634639000552173e-01 1.240300808735497817e+01
3.871606239056643584e-01 1.294586866803759229e+01
4.459554082319222568e-01 1.263885306015830068e+01
3.452715865124431072e-01 1.270296572539628777e+01
1.213682372385070707e+00 1.185939413051953117e+01
1.167136517116130312e+00 1.183895012034759375e+01
8.617282464215071380e-01 1.176929832134149301e+01
1.964907620425902168e+00 1.232650662185701051e+01
2.025501408466323650e+00 1.162788410114354143e+01
1.490840481441180199e+00 1.239686512305258326e+01
4.706098443157432087e-01 1.294324042941391539e+01
6.520694570394524048e-01 1.178916146237944496e+01
2.054374302047436096e+00 1.283354087444498504e+01
3.328214898643562791e-01 1.319743453137552081e+01
3.329985307965632746e-01 1.302584735181953235e+01
7.744144730912352337e-01 1.218484778090343390e+01
3.559942222641557241e-01 1.309795802026505029e+01
5.983887928118647448e-01 1.217531633315479311e+01
5.701330098096946131e-01 1.256618996530166044e+01
6.886515047292264269e-01 1.244842379548298261e+01
4.288012806679998290e-01 1.264189963960886942e+01
6.466398190263453749e-01 1.240520061337507940e+01
7.372503698114224457e-01 1.206398999464013855e+01
6.128972386880737755e-01 1.212711979701690623e+01
4.351125207173283660e-01 1.273247562534504063e+01
5.517653616608938494e-01 1.231871998888492570e+01
5.058622163808418337e-01 1.232653252147656886e+01
1.228637398750194398e+00 1.229763702938799241e+01
1.764953279745340442e+00 1.248935914649709744e+01
1.524009406291347624e+00 1.262787907028726764e+01
1.605552988857978702e+00 1.265317391920483736e+01
4.082734048235841517e-01 1.287827171519035652e+01
9.735494213921134232e-01 1.226366731495659401e+01
2.037711774776678197e+00 1.221160731157922008e+01
6.974068514168002553e-01 1.201047734290053093e+01
7.864663648593436251e-01 1.204569504672853064e+01
2.038573777017831823e+00 1.247226257212088640e+01
4.171226155558941384e-01 1.224288551969349470e+01
2.016072429293935375e+00 1.182454804333240794e+01
1.613993725711245109e+00 1.234823296744995247e+01
7.412674002721866273e-01 1.228022531119342453e+01
9.860571030127197600e-01 1.219533678989116510e+01
1.748362806619029763e+00 1.262856448635365147e+01
9.415334129163372978e-01 1.219288013592800901e+01
7.718467478000173854e-01 1.226881392308841079e+01
1.697066858832288139e+00 1.259039347832243116e+01
1.725358192561127435e+00 1.206865273610598699e+01
6.207379434181042877e-01 1.186440454561958724e+01
1.182440837270313239e+00 1.190518375276525909e+01
8.949924463736504965e-01 1.174739722121467977e+01
1.578435812286302919e+00 1.178656466382847334e+01
2.000148643731167741e+00 1.243599219073547779e+01
9.821286813181996367e-01 1.239369739676729942e+01
2.023381159096314441e+00 1.227312331042601734e+01
1.253909993362358755e+00 1.217510263522914826e+01
1.622700629533774475e+00 1.235959682755037825e+01
1.899253033039684402e+00 1.233539402081931691e+01
2.177118999274792355e+00 1.225501101091631639e+01
8.164854399920062900e-01 1.184525285237083203e+01
3.073040389691217844e-01 1.321913455597951348e+01
1.704912370919188458e+00 1.240865851849624590e+01
1.684917622699838580e+00 1.220990573631418918e+01
7.588743083591139582e-01 1.200841593293720422e+01
1.946571598228819200e+00 1.134633866313339823e+01
5.260407447585271346e-01 1.246857249686088132e+01
1.950158440740981325e+00 1.123692919486918562e+01
5.903389201915648643e-01 1.193438459825132547e+01
1.936431231158060928e+00 1.131596226095283697e+01
5.799263211385481398e-01 1.203749693395958786e+01
1.069881178115006160e+00 1.229858741473834982e+01
1.482209177021736268e+00 1.258687078463262843e+01
2.115509367550941100e+00 1.159904084345167696e+01
1.372205803627257081e+00 1.218282995728464790e+01
1.077174315746394440e+00 1.213923048214536138e+01
7.969030590953519733e-01 1.225115741297861405e+01
1.330809149437111705e+00 1.237058258268678834e+01
1.315295732923597694e+00 1.236272004732702001e+01
3.311501615259795916e-01 1.312296742047063525e+01
3.302899328130892154e-01 1.313287977183407662e+01
9.618813656103998300e-01 1.209876976407086957e+01
4.768499216225738357e-01 1.268050532884210391e+01
2.021397671663894169e+00 1.249254740937568187e+01
9.088968530241983146e-01 1.190955363029399017e+01
2.079793394899717818e+00 1.194512752239340436e+01
1.632641360281909426e+00 1.206419787587447523e+01
1.080244611894437989e+00 1.260563366468330671e+01
1.487876161492750704e+00 1.241122216126572297e+01
3.428250533096044994e-01 1.325599228408139929e+01
1.695720993011460287e+00 1.204007512306954020e+01
5.681293274138863314e-01 1.239188854980311305e+01
1.966875565302905526e+00 1.263678897962334879e+01
2.975908126783408658e-01 1.352027522311153618e+01
8.253595768739567795e-01 1.166808910594459547e+01
3.572895352306924011e-01 1.265593598361032157e+01
1.794733066533765298e+00 1.172484708831012234e+01
5.885606070482930496e-01 1.199969484375692197e+01
3.525140352567162627e-01 1.319831378581487513e+01
2.133091454449659974e+00 1.239387985571637785e+01
1.764106294031738909e+00 1.190390991366651896e+01
1.478878489755693471e+00 1.188355429051596701e+01
1.133183439389444880e+00 1.174132506661572073e+01
1.506086684867325554e+00 1.263072249158334692e+01
1.757710763098155882e+00 1.278465553636892515e+01
1.265127097850170079e+00 1.232898411133901995e+01
1.409428618094094254e+00 1.230769115550753590e+01
1.416610353809958367e+00 1.146340298226287757e+01
1.172177879485452268e+00 1.144673896399438640e+01
4.614295525806899056e-01 1.231872365334035280e+01
6.679821710347353392e-01 1.179737400405690551e+01
1.546853844758020680e+00 1.173873529098243651e+01
1.822481302280179127e+00 1.147468965913580696e+01
4.500167653293284942e-01 1.232475260051924337e+01
1.909904490499843455e+00 1.174040622146259238e+01
6.461676135119968079e-01 1.247993423263260127e+01
8.240087298537505101e-01 1.235881061780987800e+01
1.710584377636412023e+00 1.252993064806038781e+01
2.075061771085399354e+00 1.218997383364672160e+01
1.313431676345997889e+00 1.219322787169848787e+01
4.324471359008855709e-01 1.260660177805685045e+01
1.204333479779258420e+00 1.256678663862281731e+01
1.612448841349891637e+00 1.273142273177768757e+01
3.695066870059111053e-01 1.343551152879070720e+01
1.321345008721482639e+00 1.187886521144023888e+01
1.037806477455401666e+00 1.180437329227655496e+01
9.954298425285984520e-01 1.196961852562231421e+01
2.040431626936429321e+00 1.200374877535458928e+01
6.881773024232511471e-01 1.231835948313070084e+01
6.991762020677662059e-01 1.231365337865474707e+01
1.638740753907770964e+00 1.183510737789434764e+01
6.754595996391375978e-01 1.180827562306500234e+01
1.999320746395155668e+00 1.246341046796004370e+01
9.121885716077348105e-01 1.203457655701995144e+01
5.343252157726205986e-01 1.265999456108906074e+01
6.234372041939699738e-01 1.250608992489632065e+01
1.216187218029149975e+00 1.239866985680108691e+01
8.377372052711901107e-01 1.220336230927551924e+01
1.265920759204645307e+00 1.248399591310130852e+01
1.935845022426121664e+00 1.134149439938892101e+01
1.053072088451899813e+00 1.173764873500734573e+01
1.019111064877397776e+00 1.210027805744394591e+01
9.172997129527008520e-01 1.209071972116667126e+01
1.518854096744262083e+00 1.213177859514480161e+01
2.023540737222230490e+00 1.215329687035451123e+01
2.146476477347150080e+00 1.278516287890974468e+01
1.339447161628883221e+00 1.238854351194211922e+01
7.796800136285311211e-01 1.220501679605089862e+01
8.621683073195191005e-01 1.227982369564314524e+01
1.854939729031645612e+00 1.204836592161863607e+01
6.848567491560103582e-01 1.244776467755405847e+01
2.171297126873936278e+00 1.196480796195058893e+01
4.567899633133494786e-01 1.217439584601509850e+01
1.257216461170636457e+00 1.205402145453155427e+01
7.710766216418332153e-01 1.209910183283423812e+01
1.257379705798803426e+00 1.191891081972068811e+01
5.457401316824730397e-01 1.187396854220672004e+01
2.076893727314827132e+00 1.168490432629245035e+01
1.637890500174205011e+00 1.213353765265503270e+01
1.421000991452527007e+00 1.214839455871536167e+01
2.055131342840608610e+00 1.215704328644543963e+01
1.835517944518609834e+00 1.227708192665006415e+01
1.516994279972400550e+00 1.255852388457152990e+01
1.049589414682414734e+00 1.160027500077440799e+01
9.421776978681657422e-01 1.155655886377441455e+01
1.133095587529748149e+00 1.234126542773114821e+01
7.464994272804148512e-01 1.263947266302943717e+01
2.047443982942873664e+00 1.208539155545175348e+01
1.930170810383438074e+00 1.188273307041578164e+01
2.117564443574360578e+00 1.212588422099716290e+01
2.106819536932048376e+00 1.213943917542946949e+01
1.010429549629821677e+00 1.188033303337062918e+01
2.010877136785739872e+00 1.079631782414725016e+01
4.527407899805163116e-01 1.298004146973307904e+01
9.229010035245560628e-01 1.251013479073132473e+01
1.458612664178304152e+00 1.227203045765715395e+01
1.375923986979130653e+00 1.205757582825751228e+01
5.801454104485179730e-01 1.174936451117497249e+01
4.278222045665155959e-01 1.267591020089392373e+01
2.074670153597556244e+00 1.262866202227027124e+01
1.686743055019738202e+00 1.253010626508246261e+01
1.830502692128096465e+00 1.266209062115158801e+01
9.056467775918393137e-01 1.233535443242763385e+01
1.022220825656088738e+00 1.214772725673331877e+01
9.033038924671337178e-01 1.138223109523459975e+01
9.501083858809276084e-01 1.205594788244500570e+01
4.833607821333547050e-01 1.259380546676364254e+01
5.474530251081360932e-01 1.223777581149955118e+01
1.676972106111291438e+00 1.204847933087097900e+01
6.170509328296642781e-01 1.196560424119989641e+01
1.209718758799088301e+00 1.170552523891553776e+01
2.026818619888382411e+00 1.155740539710988379e+01
2.023536544641557189e+00 1.163326008718067861e+01
7.166857274966945690e-01 1.215759959003983326e+01
1.210132410195613240e+00 1.237674660040592478e+01
6.797323778869069910e-01 1.243122617219723836e+01
9.920177730926841297e-01 1.214276841535127716e+01
2.111450228601391199e+00 1.242919844067443869e+01
2.096235462060104471e+00 1.243925669352683450e+01
2.083541721413145531e+00 1.227674873571805136e+01
4.192434571986672909e-01 1.229910969829862744e+01
3.950147026911432491e-01 1.276847226149986980e+01
1.614050981972344090e+00 1.230305239604043699e+01
6.988408861786212789e-01 1.235536875732501194e+01
1.615779272629801921e+00 1.266696177720954175e+01
4.027254580244780668e-01 1.310879847299389311e+01
1.954118518163170171e+00 1.170697488715454782e+01
1.852376829791629653e+00 1.200748852888955476e+01
1.653381334893881949e+00 1.197753428510986673e+01
1.907074496851947076e+00 1.183085429490350471e+01
1.937837138491543376e+00 1.168495341269406573e+01
1.293970860427789749e+00 1.220052474491817840e+01
1.405226296486859816e+00 1.201044341187811249e+01
1.196339994694962217e+00 1.219969991952190469e+01
1.782922176210814946e+00 1.170428649828070355e+01
1.173527188128359988e+00 1.203702679395217601e+01
1.779092117696747799e+00 1.196173036902934506e+01
1.579252566513932532e+00 1.195047859602636819e+01
5.546435776097331516e-01 1.179897312867386816e+01
6.319795426998296994e-01 1.226072050880548225e+01
7.247875358579698446e-01 1.240032510787548503e+01
4.695441972179563717e-01 1.247601715183361648e+01
1.944565983352939620e+00 1.271653940139211869e+01
1.171354053416537422e+00 1.229962041626178859e+01
1.611620431630702566e+00 1.230749929864293613e+01
1.532837517219715950e+00 1.155616305605038541e+01
3.116076460448379826e-01 1.334002223212182692e+01
3.712185454471001456e-01 1.270434783464576789e+01
7.173106896329589643e-01 1.177833147953698401e+01
1.069730238960785451e+00 1.188901284994965124e+01
1.645566774726529458e+00 1.221848611564022313e+01
4.815385101255607037e-01 1.249606836193176385e+01
6.589608613868296327e-01 1.190519575027228072e+01
1.318360896036993024e+00 1.196583600730656016e+01
3.431300509960388823e-01 1.300002812301151955e+01
4.612228183696851502e-01 1.198186231586539030e+01
1.922091676036427499e+00 1.275120196115542903e+01
1.397008316099598302e+00 1.207096787400524640e+01
9.354977861814250950e-01 1.227959136702399157e+01
1.243769664625804516e+00 1.202706774478794394e+01
9.416085799265799805e-01 1.190886061253810091e+01
8.597994743924155525e-01 1.214545165959921746e+01
2.022891211201169881e+00 1.218243739049251140e+01
1.154326584068694928e+00 1.235164127139272416e+01
8.012954979734275840e-01 1.222375294912280808e+01
1.885520197396953979e+00 1.244591242695907063e+01
1.968605110201386621e+00 1.241309547328175711e+01
1.703669401179085829e+00 1.220660930168248726e+01
1.579466145157818691e+00 1.198710702845870735e+01
1.982592798310815141e+00 1.189178061577667656e+01
1.476815419112909922e+00 1.235185205376648199e+01
1.348655009050450104e+00 1.251217368484346260e+01
4.870069448945381074e-01 1.269769089324882749e+01
1.503604068475998146e+00 1.267412139018298767e+01
1.330594997636421528e+00 1.257550867747802670e+01
9.628889711628335624e-01 1.254312216431303817e+01
1.880169536086723214e+00 1.114844417073890170e+01
4.933222614370837977e-01 1.207006429206442277e+01
1.750522884143445035e+00 1.249079311719950702e+01
1.251606257910770736e+00 1.242681455278476932e+01
1.853592275674794232e+00 1.228511639700624336e+01
1.520366122761838579e+00 1.275432801753060730e+01
4.386405038854518379e-01 1.258137647630906208e+01
1.791760439882931211e+00 1.155812602851783311e+01
1.436796852896143228e+00 1.191634309128360592e+01
7.648412197631870857e-01 1.186206224289541744e+01
1.617913793654977006e+00 1.178070689823174888e+01
3.509333800545324511e-01 1.305607949767628462e+01
1.984832855786272665e+00 1.222397627519140251e+01
4.846536836953099781e-01 1.286286240469222975e+01
1.425457225155855712e+00 1.241646327072204947e+01
5.589885098667025654e-01 1.257120562504671568e+01
8.820839835839299203e-01 1.200937220632041580e+01
2.932729875469735070e-01 1.358427262115765899e+01
4.903109547478715080e-01 1.255884194522628761e+01
7.530441904788856000e-01 1.261250224650264862e+01
1.603042950072340656e+00 1.265534259312606657e+01
4.576889977521548802e-01 1.238541472407771771e+01
4.614300973469370737e-01 1.237205657927138525e+01
4.384663493823065528e-01 1.300504293667801470e+01
1.534481245100788538e+00 1.176356369888322106e+01
7.507134485808524271e-01 1.171210920124986821e+01
1.542003555419185989e+00 1.256261602022297375e+01
3.812333805891062188e-01 1.316939841335923411e+01
3.638320436000489488e-01 1.291268742992646601e+01
4.423196880195380265e-01 1.243938965579069666e+01
1.755498593488094006e+00 1.205285634111111825e+01
5.888661829046313301e-01 1.239894569683976222e+01
1.879214351515109849e+00 1.265103473217348551e+01
1.934894001872827118e+00 1.245076419992171957e+01
1.313296605610101420e+00 1.239593657795395210e+01
4.501709532602051755e-01 1.281188787166517962e+01
1.903475008107828659e+00 1.178619420456975320e+01
1.526653217351361391e+00 1.226274780561156064e+01
5.583187513559377813e-01 1.200100096985688225e+01
9.749258969244115614e-01 1.165948187888784027e+01
1.296715852485588627e+00 1.156826105543694183e+01
2.187026196162816571e+00 1.161320560113564326e+01
6.026621757884339514e-01 1.202950337509780354e+01
9.159362605687308978e-01 1.197347639007893427e+01
5.401727994289138302e-01 1.263326997669529916e+01
3.623632972488309290e-01 1.316751528291635154e+01
1.970504197991202133e+00 1.167256240475949092e+01
7.862138350330679648e-01 1.174748460941857431e+01
2.003237326897635562e+00 1.161146276205004035e+01
6.169483145341508878e-01 1.189689570059071677e+01
2.076302827207536339e+00 1.199903807912603959e+01
2.092659568796524372e+00 1.137014569909706019e+01
1.154768016670769670e+00 1.164757384867666978e+01
4.310592751204356810e-01 1.290275826362490896e+01
2.015940726132553262e+00 1.222026826790249920e+01
1.308846112272486595e+00 1.197542256832296559e+01
8.683861175186090575e-01 1.177732888035561487e+01
3.473139951127892644e-01 1.288985958100932194e+01
1.927462038749089501e+00 1.218132007333471201e+01
1.773168451757436204e+00 1.229975404402450856e+01
4.808473039115794267e-01 1.218575972865054347e+01
3.453140651453089349e-01 1.289230136987779574e+01
3.447030296353408851e-01 1.282565071179551097e+01
1.657911586613062038e+00 1.232824502084581475e+01
1.946056248285275680e+00 1.277328282234131862e+01
7.935600604965076244e-01 1.232919282283211970e+01
5.599415625889675452e-01 1.187152706978163508e+01
1.177262723574391989e+00 1.194622133088325100e+01
2.165588101171556090e+00 1.133478430927631742e+01
3.454466654528945968e-01 1.289599996630662737e+01
2.891404634363477499e-01 1.364457777243137215e+01
1.609016981061087481e+00 1.266783748954876110e+01
1.306370687308938017e+00 1.249609956970180313e+01
1.940843892953090899e+00 1.254503194336955474e+01
5.198953645285014913e-01 1.212251149014651475e+01
7.037362030609409791e-01 1.189004658386314972e+01
1.702308707925746178e+00 1.206982787000717217e+01
5.890183662863998082e-01 1.230827244594149761e+01
1.287723671746704435e+00 1.195826928755992036e+01
3.973701790585539295e-01 1.291197519636609314e+01
7.069866040135230900e-01 1.216987917864518387e+01
8.998098517358222859e-01 1.217310988257469084e+01
4.762307955344203814e-01 1.226559431754613705e+01
2.072332494381985857e+00 1.205728757243197258e+01
8.383334529541646152e-01 1.205728134361514137e+01
1.407914993022250094e+00 1.208070190247076070e+01
1.977873866217782384e+00 1.202251735204420768e+01
7.601054381246598046e-01 1.193655397676986141e+01
2.023480674341223473e+00 1.216900708527116493e+01
6.136787139313858441e-01 1.276675359556004707e+01
9.609970520407632444e-01 1.249140127922545851e+01
1.550797702973290004e+00 1.208824536222171453e+01
2.127871773167547609e+00 1.109151234233019601e+01
1.656492002972090871e+00 1.163914627342895791e+01
1.865495577447964681e+00 1.143793112788366706e+01
3.696234167721479391e-01 1.319801156727142200e+01
1.580605072788681342e+00 1.265163832129492683e+01
4.165861000376392953e-01 1.289805590216847442e+01
1.809308415433862338e+00 1.253825932366406803e+01
1.286467053772275992e+00 1.183796292115250104e+01
1.218001299752969446e+00 1.184953046907764573e+01
2.015305303785988933e+00 1.128324099935212921e+01
1.220629098169152993e+00 1.209611728214568416e+01
6.740756433232855116e-01 1.182223058095554435e+01
1.182891739458068248e+00 1.217634496575753644e+01
1.815909496069722184e+00 1.278250544317967474e+01
3.915384547777859825e-01 1.299096374455906044e+01
1.411006242414082346e+00 1.251214747336693556e+01
4.193298937443065144e-01 1.273821244868237557e+01
2.075014386642430431e+00 1.107748685848980408e+01
2.137453202602982216e+00 1.228179596092784109e+01
1.588730421430178730e+00 1.233111336532245339e+01
1.019686755414016543e+00 1.236756284701195163e+01
1.227779281932475541e+00 1.240151986023230002e+01
1.680318146240461052e+00 1.256735234405661927e+01
9.107293095796691329e-01 1.218243167917000669e+01
1.731214355489617329e+00 1.200115355484966884e+01
3.294491579793052960e-01 1.290364204865102415e+01
1.239123902734340810e+00 1.204532402115644452e+01
3.796374261641613512e-01 1.301742171827604722e+01
1.104990771726414911e+00 1.221484346410375110e+01
1.548045143306202354e+00 1.222180845414159833e+01
7.068591191560241738e-01 1.219583385880160442e+01
1.528856795583550143e+00 1.223313645088594015e+01
6.204961672975788378e-01 1.189574252552064770e+01
1.195662481925785725e+00 1.203601368574384090e+01
1.946965891531493797e+00 1.166790536460349870e+01
8.437776593050918539e-01 1.241198542519927805e+01
2.160594706137552556e+00 1.167643789749275385e+01
9.940003082431601023e-01 1.220866019610737929e+01
1.823957190904287762e+00 1.223241335655716533e+01
1.263304611547602763e+00 1.251295768786789431e+01
3.882655242812752538e-01 1.280220586054903720e+01
2.315735586347915209e+00 1.138255428003708580e+01
2.151258304402505761e+00 1.189459598861037115e+01
1.333562794422599618e+00 1.245153217782762134e+01
1.776312664088612436e+00 1.249439039120260198e+01
1.071557649320471706e+00 1.176874509781791289e+01
9.636837848543952090e-01 1.227904019448108031e+01
9.357395389643665684e-01 1.226897390252613995e+01
4.093024544806174725e-01 1.258471258471374554e+01
1.929751387608337643e+00 1.104095333604879592e+01
7.423162752810531506e-01 1.214839787373207258e+01
1.590011791010989661e+00 1.214518310223954778e+01
1.040456140509657956e+00 1.255432252898519607e+01
1.088610619818862535e+00 1.255256102157541065e+01
1.920130142194894196e+00 1.181864232198816467e+01
1.021095939491441174e+00 1.194891174238266451e+01
1.996925391997192989e+00 1.221766822443149003e+01
2.017826430290201145e+00 1.240932941766836706e+01
2.109586725831174903e+00 1.160657534506760058e+01
4.288440411777860728e-01 1.274668108159802316e+01
1.630512253661159150e+00 1.253900243982807261e+01
1.146108696406123117e+00 1.204892062235562911e+01
1.397026813012895330e+00 1.214179070043500452e+01
1.070480095525284225e+00 1.199885953633251390e+01
4.424388507966960926e-01 1.238593726299575692e+01
1.691563148651365589e+00 1.207144843203050932e+01
1.117082956931569671e+00 1.175025955654139942e+01
1.990324581345604749e+00 1.088559674386992882e+01
4.178420912239513840e-01 1.235581683584782553e+01
8.000384125111561495e-01 1.187951401312010802e+01
1.779392544698784828e+00 1.252761046289974978e+01
1.909117905119138037e+00 1.257674084855770147e+01
1.701214530870100772e+00 1.250614453677343896e+01
6.050255460897020487e-01 1.217148751819140529e+01
1.897368772638857504e+00 1.227707690188161038e+01
1.058756466410310404e+00 1.225732817800670560e+01
1.307987015846051593e+00 1.223225447709316782e+01
1.952258128540772519e+00 1.154250238649682814e+01
1.608968889351605647e+00 1.182020384285729797e+01
1.704482086658966944e+00 1.214152079112674798e+01
1.430863791734863000e+00 1.216331877672151407e+01
1.068968928221086800e+00 1.233679092149689716e+01
7.301995175850336528e-01 1.277230180069359911e+01
9.751919268253491646e-01 1.180756757118619582e+01
4.358505694589909774e-01 1.236017901694579812e+01
1.903054058221232081e+00 1.214277898520193233e+01
9.857674376231465585e-01 1.197701212643829649e+01
3.369349700518189938e-01 1.318512385853402158e+01
1.659239323078137263e+00 1.244863340857763312e+01
3.514510127478384649e-01 1.289499198179682082e+01
7.261251741760288425e-01 1.204129332313047307e+01
8.014482283945940644e-01 1.161262857465973575e+01
9.020544750728021199e-01 1.182688852686549019e+01
3.132336602880577137e-01 1.330163966928444808e+01
1.469825123335923633e+00 1.256905009799123363e+01
2.102202259140534490e+00 1.256863786526614035e+01
1.961131602795456841e+00 1.163989941591225374e+01
1.992307046603577048e+00 1.160917803931065073e+01
7.006281232267228543e-01 1.242354810499001339e+01
1.377667897516927642e+00 1.250763559802582492e+01
4.098157238610726782e-01 1.281110187769319708e+01
4.117266954843162297e-01 1.243365092595122512e+01
1.988558718122240832e+00 1.187013676077584456e+01
1.752762215487945641e+00 1.227439622263835517e+01
1.095561993442533577e+00 1.192007314459403666e+01
1.789597567565173186e+00 1.222136287471468563e+01
7.480603173886553048e-01 1.224873585672708032e+01
1.728605535495061130e+00 1.231430433096104515e+01
2.229817724906293375e+00 1.193037532072049878e+01
9.508883663026821420e-01 1.195275472614022050e+01
1.104663297957191537e+00 1.195583917248457873e+01
6.003150170477775660e-01 1.240649082529960268e+01
5.130766595202516100e-01 1.257369368270419940e+01
6.482745547027299882e-01 1.148879440896381787e+01
3.561706069613900794e-01 1.242184927768001579e+01
1.891134759291954737e+00 1.157994655750356827e+01
4.047870963342669604e-01 1.271683977568196511e+01
1.153490575520204064e+00 1.178641516878338713e+01
9.642059595642263892e-01 1.240230713504385740e+01
6.629216735992862208e-01 1.223247464905103854e+01
1.961566117324985647e+00 1.251651090295710134e+01
1.933458723231177290e+00 1.214140616179824050e+01
7.078688980097174177e-01 1.238740134012820704e+01
5.547250444693792026e-01 1.258402466340704429e+01
1.343373195161520428e+00 1.199550751693850792e+01
3.780196652826799952e-01 1.310323856755599436e+01
2.170957882000199568e+00 1.213931977429227160e+01
1.994496583586188976e+00 1.151310118032560936e+01
1.012922991810496276e+00 1.221504584083707989e+01
6.088239962396603255e-01 1.224222586382284739e+01
1.665412284230834761e+00 1.208813775746644481e+01
2.062945195830004685e+00 1.204288285583666784e+01
2.011761068413770115e+00 1.201201293730732367e+01
1.896188452261363011e+00 1.210105142649933185e+01
1.454639179005324578e+00 1.231012429208733217e+01
1.613905685956290137e+00 1.237958414548057284e+01
1.811151948370364195e+00 1.228014913319330503e+01
4.041756100641742400e-01 1.287812028765723582e+01
4.953849433200629426e-01 1.251553817566122540e+01
1.960844191141075887e+00 1.168501368126880102e+01
8.260468097180141411e-01 1.155931071210069128e+01
7.504982213799673563e-01 1.155928607425032695e+01
3.278247168549406343e-01 1.334773006682107699e+01
8.817001099581085466e-01 1.204225840125845792e+01
1.586825928656987461e+00 1.228304575682341593e+01
3.070854315230397980e-01 1.328457324854327659e+01
4.019940905915427853e-01 1.270361042453773059e+01
9.544574313183462611e-01 1.213885718754189291e+01
1.918714446015951536e+00 1.223908420558190713e+01
4.378496848929098184e-01 1.277593110718589742e+01
2.066641898978775593e+00 1.282680037640677106e+01
1.141000739656858665e+00 1.190118671402512973e+01
6.419808403051272538e-01 1.189980962651312879e+01
1.717055222594253916e+00 1.200949572654573494e+01
7.161114335715850210e-01 1.189559938502791425e+01
3.342809084000664677e-01 1.311479160742608308e+01
5.673685939055752581e-01 1.232502904911985908e+01
1.220883009156712662e+00 1.237783022601048444e+01
2.021517228848819236e+00 1.237101439971721462e+01
1.803338955467609583e+00 1.165430050321606537e+01
3.657473977570689927e-01 1.298327648246033661e+01
1.670859187263179946e+00 1.260699365404757621e+01
1.928219613687281342e+00 1.268802728247980838e+01
3.294649026258338331e-01 1.295967175441621855e+01
7.260327200866336650e-01 1.176682717790784238e+01
1.163787519152567951e+00 1.198550219709749420e+01
1.862056159537157862e+00 1.244424343202214445e+01
1.708968969334851318e+00 1.242981386326615301e+01
1.917526061930633796e+00 1.161626753716244309e+01
3.370108395780764821e-01 1.299838206737903690e+01
6.283150608269983950e-01 1.263843482584153932e+01
1.685379506540276573e+00 1.243783765445481038e+01
4.696616770385912409e-01 1.193469243176153149e+01
4.548429610489909680e-01 1.248362700649499857e+01
1.057023862054058849e+00 1.195784761866850765e+01
1.633930460536358709e+00 1.245856745321391301e+01
8.008633490094694274e-01 1.235317108782010465e+01
8.957907657758024111e-01 1.235036979199734120e+01
9.833237741243132657e-01 1.226193284053328725e+01
1.249525351873391310e+00 1.222478134849838938e+01
7.499124517537997248e-01 1.208739225142200091e+01
3.570450290761159606e-01 1.324249800011715372e+01
1.943280796744661476e+00 1.111326284199798309e+01
8.761902999653119473e-01 1.210397404347629724e+01
4.206305727831229357e-01 1.258129062110650587e+01
1.990106172968371778e+00 1.112786314311597202e+01
1.324188067084299147e+00 1.156007723534574261e+01
1.872602449679886538e+00 1.138468356225396327e+01
4.577670416377325191e-01 1.236689452529079425e+01
2.071284125683472421e+00 1.235121393355217023e+01
1.803029879766022248e+00 1.234310081643593726e+01
3.916730317770689696e-01 1.250853963084182752e+01
1.781368188794622442e+00 1.216142299346352473e+01
2.090577537082284998e+00 1.219199624710701180e+01
1.968250891246158707e+00 1.228051250207419010e+01
1.871379491004100615e+00 1.120979111663602978e+01
1.974858377782862107e+00 1.152613391032112489e+01
5.558189912909616837e-01 1.228180087981408697e+01
2.004167642834959739e+00 1.252460497668378459e+01
1.258204713794261131e+00 1.209093631295168336e+01
1.901919269932776935e+00 1.143823500486422517e+01
1.503377385597107985e+00 1.200101306305347393e+01
9.313330928506897699e-01 1.205053179403323682e+01
8.442815023975049904e-01 1.226862070109772773e+01
1.779360077769721604e+00 1.218354011846752627e+01
2.051018342084228063e+00 1.276236834924854158e+01
1.469150645629924812e+00 1.260358320223592621e+01
1.319246482531230003e+00 1.199251661347066999e+01
1.542460989019975859e+00 1.198366177334941263e+01
1.969177118612497557e+00 1.232669636004310831e+01
6.004098677826582575e-01 1.191520338640381205e+01
1.493998074674742771e+00 1.183404058078635934e+01
4.822823242637997998e-01 1.202499351921792581e+01
1.534995606833329029e+00 1.178831095846265065e+01
1.638713387411942390e+00 1.180515758309504726e+01
1.110623598363225328e+00 1.192100415099659472e+01
5.658974434152336253e-01 1.238070786769889509e+01
6.953812747098252478e-01 1.227787672706580047e+01
6.657551620945154625e-01 1.234562664465268078e+01
8.295087160953301675e-01 1.229372784311961908e+01
6.895117850232341805e-01 1.206210075366306356e+01
5.833899110070808192e-01 1.172975196935321662e+01
1.875415072243322046e+00 1.162104476689290955e+01
7.683768173431326787e-01 1.214906124410021349e+01
1.896462348846737589e+00 1.238708221642278851e+01
7.246820254501441516e-01 1.241827244458415613e+01
1.914697403693771838e+00 1.262256225760271278e+01
3.993767440206471564e-01 1.209109305692554415e+01
5.477985182535736186e-01 1.166639536802326127e+01
9.352675081266758061e-01 1.205559480498217262e+01
2.121233188871483044e+00 1.226927710488432233e+01
8.440199308797858846e-01 1.194393249619117015e+01
3.207228162860498721e-01 1.324326592981176276e+01
3.986380690557065343e-01 1.298681818105136898e+01
5.967947702086954243e-01 1.235906057505257927e+01
1.853994007044022618e+00 1.220887505498559200e+01
8.274555589993388693e-01 1.170909749423879198e+01
1.820741790298866514e+00 1.237147026405038375e+01
4.764482707195976663e-01 1.273906521165312711e+01
1.978869530536185195e+00 1.187116204101689121e+01
4.175695263708824601e-01 1.242774919671108336e+01
6.990442639530523028e-01 1.189307901600758299e+01
1.436865582940469288e+00 1.239340451548103417e+01
1.670248774700841876e+00 1.218871818967918230e+01
6.034449058313746672e-01 1.192557242203731249e+01
1.420065135724922323e+00 1.194178083151745184e+01
1.872250272767731039e+00 1.197919753932439235e+01
5.451980847170256883e-01 1.209973703928839583e+01
9.217042761146537755e-01 1.184745820954890405e+01
1.937207493895343857e+00 1.239926906636567594e+01
1.238164190899429640e+00 1.221848488595783877e+01
2.117313896254549466e+00 1.177567721435589476e+01
1.033462746220227269e+00 1.174960572059193353e+01
1.854653488767876723e+00 1.124127789878501815e+01
3.617991048529107245e-01 1.290644164534449878e+01
1.352988610474240794e+00 1.247562434252773933e+01
4.694840327561755622e-01 1.272203046063802212e+01
4.534362696546402893e-01 1.278412120675803898e+01
2.047772732212516988e+00 1.233955226194113486e+01
3.570148825691901173e-01 1.255107447092373896e+01
1.500691744516654769e+00 1.247659209555694559e+01
1.325024668428957053e+00 1.194513720340606611e+01
7.012254157899882046e-01 1.235692453320371698e+01
1.257875889014598458e+00 1.249427796276663649e+01
5.627592144139234032e-01 1.208764570436432528e+01
5.660280315250219019e-01 1.224334635773818647e+01
1.989079838892164664e+00 1.217441133859155222e+01
4.307747116658480202e-01 1.236144519816797960e+01
1.651759134182772648e+00 1.159230920106397278e+01
4.321820435404244987e-01 1.288650694178476641e+01
7.541990845678170352e-01 1.236627386863275468e+01
1.181052972893029462e+00 1.200562948685466758e+01
2.087863162296536235e+00 1.138524312310706321e+01
2.118167517291615454e+00 1.134199018969835926e+01
5.811929039469793112e-01 1.189826428991185026e+01
1.757811507227601711e+00 1.207988101755703880e+01
1.828232746763748473e+00 1.251062298797013739e+01
2.015729162035025723e+00 1.241230469881166520e+01
1.097139110591731859e+00 1.190309620108646094e+01
8.730680500305436631e-01 1.186447264806691493e+01
2.093897681505271446e+00 1.143188108920306156e+01
2.160393780913198114e+00 1.179752738586246963e+01
1.627160365546962195e+00 1.221246937512198549e+01
1.355663564352446615e+00 1.208329892493997981e+01
1.751771232949474122e+00 1.193233997110613132e+01
5.359667493619533207e-01 1.279484408333839873e+01
1.254258702529835068e+00 1.242854829345547785e+01
3.713867144224151651e-01 1.280781938275022114e+01
4.598106684875031824e-01 1.233244753155856799e+01
4.218350844177692349e-01 1.239535580840202478e+01
2.133171822442053056e+00 1.223350343345840940e+01
1.819138974362972450e+00 1.239961862828035066e+01
4.629894898522075031e-01 1.191715663456499819e+01
1.704965305951421373e+00 1.134879493686791463e+01
1.830796880336427623e+00 1.218983974111829127e+01
9.267359771579524175e-01 1.219725279024088493e+01
4.564859185696115151e-01 1.254386451359091126e+01
3.549652890064741162e-01 1.269504261256304645e+01
4.984144097663589790e-01 1.195121007529975188e+01
7.857243165976999233e-01 1.217694859070744329e+01
4.724709686127873676e-01 1.249233294346839251e+01
5.836601918935772071e-01 1.197916400199933484e+01
1.761746867363986224e+00 1.206162690103311874e+01
2.031720525912266595e+00 1.139262383459293204e+01
9.424191946128649411e-01 1.182584952599133210e+01
3.366699772879097607e-01 1.288097994095467058e+01
1.803153797728083374e+00 1.212729635490124735e+01
9.568857818554290517e-01 1.220477925628681959e+01
1.998696849499851380e+00 1.213641840248923032e+01
1.877489654816661968e+00 1.142620366885060434e+01
8.633784156738684157e-01 1.225174541205529621e+01
5.085033582765409177e-01 1.298326468420705915e+01
8.259761062310773116e-01 1.262602564458957133e+01
1.155727786582510408e+00 1.169131261817424061e+01
6.591206227171012566e-01 1.175437308372346834e+01
1.972459131764922713e+00 1.161790297628387059e+01
8.334219216729299440e-01 1.184872286027082922e+01
1.026563233916722329e+00 1.193830932136577161e+01
1.400052334782907693e+00 1.246714946607979080e+01
5.646802381309777852e-01 1.259658533130479086e+01
1.438012820687826432e+00 1.262525008113711777e+01
1.745545755492875051e+00 1.222777186516255199e+01
1.996992913885596410e+00 1.207144719876658812e+01
3.449350371684016259e-01 1.298985695211604963e+01
7.450621060742189661e-01 1.211775845825171594e+01
6.022025068401978265e-01 1.224323524652055006e+01
8.674463701302581597e-01 1.181025231738781756e+01
1.796209943391901653e+00 1.243171861517695476e+01
1.780639814536522536e+00 1.202711207978408048e+01
1.634877860861570387e+00 1.217260976206064527e+01
1.898471748928913572e+00 1.208831090253446483e+01
5.864706302231210699e-01 1.224675908199566265e+01
1.198152233766844654e+00 1.229045805252573409e+01
8.817838160759804422e-01 1.177629210829913298e+01
6.731656286231469943e-01 1.178852813924070908e+01
4.755243555901676467e-01 1.239418709374622196e+01
1.861430302098672662e+00 1.260822452220707213e+01
1.874296094484869446e+00 1.264042069292847081e+01
1.284353172793152975e+00 1.245348934513104844e+01
1.695632146811101748e+00 1.211504013553387082e+01
1.143049715267941302e+00 1.227895332682920859e+01
1.509033162737332789e+00 1.246700125799054426e+01
1.136839591113867121e+00 1.236495157673892109e+01
2.037443735508044806e+00 1.241514112344801646e+01
9.643607187716148887e-01 1.222086059441775951e+01
5.181450998261306617e-01 1.240148141164844198e+01
1.481009235606992602e+00 1.235550606755627001e+01
5.137845441698749571e-01 1.237398034334058217e+01
1.003067570287758947e+00 1.197330303564433684e+01
1.663829221269909064e+00 1.212080757853952484e+01
4.922847208019517917e-01 1.249821908184133434e+01
6.574783123585166145e-01 1.226000586161174866e+01
1.541168441036201653e+00 1.249305215427542848e+01
8.126583068113711894e-01 1.210337876437331239e+01
2.059150604649776728e+00 1.183733471893030043e+01
1.862406651454280970e+00 1.210302575663643943e+01
1.386850536426043501e+00 1.236601099880941135e+01
4.346874613981142055e-01 1.304826671026165386e+01
3.711522844877258587e-01 1.283281729800446946e+01
6.109772995797434492e-01 1.204088469543194861e+01
2.924524453152806958e-01 1.371286730086123740e+01
6.290370192926626469e-01 1.180783619471638879e+01
1.716905427797877692e+00 1.209979606556126619e+01
5.063778347741603181e-01 1.211552025107265607e+01
4.490309075502691427e-01 1.278063248077542546e+01
2.023982304535256738e+00 1.203129710180675538e+01
2.022473028877505463e+00 1.269267012789708993e+01
1.866173203862379504e+00 1.188174658565925945e+01
9.039045882148667443e-01 1.217069270899933997e+01
1.034523834544798238e+00 1.218461086917657710e+01
3.598321626558773634e-01 1.285624749282579948e+01
3.195538730272343697e-01 1.332651516265700131e+01
8.041294331447131905e-01 1.179686374650126268e+01
1.047953489122918080e+00 1.237244614266201559e+01
1.611131868204953577e+00 1.267892223208648161e+01
7.588005945363759386e-01 1.195652588104305636e+01
4.912326101016651347e-01 1.212026142467644618e+01
4.862530001339182562e-01 1.213449602335763444e+01
2.095043427816355663e+00 1.071250754223407675e+01
1.972963681605192088e+00 1.137321989822273061e+01
4.695568605121714367e-01 1.257413405507975490e+01
4.558474598819461931e-01 1.232165872267412254e+01
5.845889279996512311e-01 1.201511237018603673e+01
8.551817589171907263e-01 1.189642343396083923e+01
8.756932941164206063e-01 1.210193941536753925e+01
1.899319675467538771e+00 1.244718494663909958e+01
7.563730310696378245e-01 1.248923548798843797e+01
2.004951712292722288e+00 1.174722791183130965e+01
8.621520752875274640e-01 1.165012811565996387e+01
2.076228836316033277e+00 1.108651893619352258e+01
4.964173258700946834e-01 1.279824148493174896e+01
3.900186068609769463e-01 1.247294763828240072e+01
3.395043356768046028e-01 1.288545378569626010e+01
1.149063046521554110e+00 1.198416587854672954e+01
5.654289591791196168e-01 1.221208512798725465e+01
1.018469813703299254e+00 1.229496213863742682e+01
2.078484169881126498e+00 1.169087959261509369e+01
1.936765566629420121e+00 1.126951262976477430e+01
4.944804605860446678e-01 1.203890188852630949e+01
2.226487717177146219e+00 1.123693618730145261e+01
8.547897065274059347e-01 1.240732180722229216e+01
1.185592257356665513e+00 1.250368552649246112e+01
1.303543995050919113e+00 1.207382084670384792e+01
1.702875677258613329e+00 1.216443224875049367e+01
1.675518471512713381e+00 1.153551402743503296e+01
5.429316530917029926e-01 1.185688773219891168e+01
1.104132963973913473e+00 1.243931610237973295e+01
3.837494417663472879e-01 1.253649550669058677e+01
2.051627974297820511e+00 1.220681201576348407e+01
4.433322238021423778e-01 1.273551905851792299e+01
9.898198354931054821e-01 1.234245809687747553e+01
1.093691229293837663e+00 1.176061517740943074e+01
1.703636430970481230e+00 1.162379397533479342e+01
1.923934297220214029e+00 1.237554184848530525e+01
1.233087637782440460e+00 1.238349883021328424e+01
1.198983662936688122e+00 1.222410307545892927e+01
5.178020418874381692e-01 1.259868805178674478e+01
1.482015607388436074e+00 1.205828434129204751e+01
8.426156726746764081e-01 1.200564543027962117e+01
9.837216928881673539e-01 1.203526002542019135e+01
2.054742277025703778e+00 1.220235707091691424e+01
4.555775744325556986e-01 1.253094517249926376e+01
4.511102718723487004e-01 1.183683604826012470e+01
1.763766448648400376e+00 1.199640192127927030e+01
1.766274673379563120e+00 1.173603463704517047e+01
2.069991988629723778e+00 1.254752388137851327e+01
7.306926549305893248e-01 1.222014192704910940e+01
3.142029768503508680e-01 1.341080732101931439e+01
2.062119694987252227e+00 1.174813183759575708e+01
1.356231740230786631e+00 1.205809255253312173e+01
1.868973673378295564e+00 1.154750554010528418e+01
1.279470704596924691e+00 1.256841668067694862e+01
1.903731085353387531e+00 1.231304664038546193e+01
1.591634492569116377e+00 1.205839024207491939e+01
3.921859712059232450e-01 1.298961383673103143e+01
1.937749861511564475e+00 1.134485498650054858e+01
3.318559550497304778e-01 1.301305804719534898e+01
9.913393754481112374e-01 1.231053914377608116e+01
1.855166845108114693e+00 1.229453404608615230e+01
7.874883244659184323e-01 1.166688878356620229e+01
1.871486166732028611e+00 1.266992794127347111e+01
1.590884806212047753e+00 1.238336439034466707e+01
8.277051492813101152e-01 1.239328874355886789e+01
1.970073338111808070e+00 1.236539201511035202e+01
8.133237243356288282e-01 1.251035801222857380e+01
1.367247444159789938e+00 1.253585518566296031e+01
1.960296558829420333e+00 1.243705348769208463e+01
5.020107203932812068e-01 1.268049324925943999e+01
1.773619513463079445e+00 1.275473467271836547e+01
5.809345267465092499e-01 1.251300323021695249e+01
9.094973402391700601e-01 1.203900856219697424e+01
1.366255497821616371e+00 1.216291789870808771e+01
5.092507385318524316e-01 1.225246168242277101e+01
3.354869225756640927e-01 1.276198025539442149e+01
8.683778332574090264e-01 1.197789856007141474e+01
1.020218567682879884e+00 1.202896463847786812e+01
8.630824614992654853e-01 1.227550690312657800e+01
1.793526246378934319e+00 1.215849849895776735e+01
3.036610629702229391e-01 1.341550322094654746e+01
4.177928353600581790e-01 1.214057032714674733e+01
2.002756494073855364e+00 1.189865779804889101e+01
7.382130680621762364e-01 1.205596235818646633e+01
6.406724008214444988e-01 1.224656312846352968e+01
1.693677031316707104e+00 1.201720003792169322e+01
9.131217131410980237e-01 1.191549909760150605e+01
1.079474380112442677e+00 1.200429896446266298e+01
8.537212521426692513e-01 1.250390643826986725e+01
3.040809350852763937e-01 1.380393401749156723e+01
5.094974435902107635e-01 1.256042267808482471e+01
1.478563774062229941e+00 1.221761851020349887e+01
1.773540510920535329e+00 1.215666267683675805e+01
1.843371462124725468e+00 1.266548145970221206e+01
1.136954680817955810e+00 1.212785086428495873e+01
2.117439522776215721e+00 1.196267712650948667e+01
1.956530977517804359e+00 1.166444332146922314e+01
4.405244048173708182e-01 1.286656878599985454e+01
1.018378643272473960e+00 1.245964371970714346e+01
1.146404530671605748e+00 1.211907331432870194e+01
3.057067616717823455e-01 1.381503070088273155e+01
1.441805304074824434e+00 1.196065406986921786e+01
9.562325138543464886e-01 1.206604832768483959e+01
1.267055132336779577e+00 1.211022764860266143e+01
1.774290392606370226e+00 1.271114840740009910e+01
1.048473358386592391e+00 1.223774375655542812e+01
1.181676846368125977e+00 1.140241766301615378e+01
1.032981961540085702e+00 1.141046669675570513e+01
1.882642588373547810e+00 1.226785235890759118e+01
4.267931219933697173e-01 1.260744525687898232e+01
1.907035688880023505e+00 1.187415060633187203e+01
1.660254821481883081e+00 1.256117214562443785e+01
4.508731019953703401e-01 1.292487370055633811e+01
3.699366221543469169e-01 1.299655447577429968e+01
4.429561949152184264e-01 1.256419744345572731e+01
1.411003354327557968e+00 1.186257627452422803e+01
6.761871262542666905e-01 1.172149958674220649e+01
3.592372909982843865e-01 1.251196404246925553e+01
1.759536510338852056e+00 1.199191461197644060e+01
1.966639452821025591e+00 1.139237134651125949e+01
1.675891284835858253e+00 1.183528966586640507e+01
1.550243695573239489e+00 1.183132201504015057e+01
2.177983225660937272e+00 1.266747522155690397e+01
6.447358629393378227e-01 1.228084333076010282e+01
1.892609050775554858e+00 1.174809283646204427e+01
7.532498873468351785e-01 1.192214805870216132e+01
7.855688699683848197e-01 1.241448664644090982e+01
1.173530780103503313e+00 1.249532898552700466e+01
3.651135881119037530e-01 1.291886755640679318e+01
9.890028159525722229e-01 1.213820670037755356e+01
1.015162626739543716e+00 1.183004139509818664e+01
3.940918215190347129e-01 1.273826078797321770e+01
1.648610485379008894e+00 1.214148261044905830e+01
6.437105527951606510e-01 1.251479069820443613e+01
5.670271116391268906e-01 1.262656828844102641e+01
8.184379891378741334e-01 1.227195995754585134e+01
1.743751391556540131e+00 1.177824586780102223e+01
1.837723067412766254e+00 1.176625767852356041e+01
5.659067301188421828e-01 1.167476003760176795e+01
1.277188796565856599e+00 1.154458673221419396e+01
1.032726662785282468e+00 1.210135396652512974e+01
6.836758947920060780e-01 1.191814005316673253e+01
4.849461106851606917e-01 1.226485550798534696e+01
3.709768272405821743e-01 1.290676585555847211e+01
1.878654760141481805e+00 1.174206685475968470e+01
5.332285602853138462e-01 1.163808973926834511e+01
1.793006764893362526e+00 1.195732729824185903e+01
1.239716984298512958e+00 1.211800419661586226e+01
1.597960094617122628e+00 1.196291088262341518e+01
6.904600602527134479e-01 1.217405280003056234e+01
6.916070156658697954e-01 1.217344017761355524e+01
1.866651481781484101e+00 1.201122178283260489e+01
2.822579049210978686e-01 1.382020485539124621e+01
1.542571140071099078e+00 1.229717311913489119e+01
1.636866890142906650e+00 1.241373207919822796e+01
1.003358406904773847e+00 1.205479665172957660e+01
1.119373074296484250e+00 1.246431159464279403e+01
8.747725225879972033e-01 1.225344761200465982e+01
1.428537692152894278e+00 1.182508148388911806e+01
1.103183538868800717e+00 1.175649804408671528e+01
8.992408583075656159e-01 1.220735352270962615e+01
1.083086266491353866e+00 1.208064315408257272e+01
1.122474422321988463e+00 1.191940588442669302e+01
1.106064758733418918e+00 1.193143101021482089e+01
6.439386311891659442e-01 1.161383159783607155e+01
3.426068026397861566e-01 1.271810412811620594e+01
1.614590522989496346e+00 1.235742256433912090e+01
3.516022461707675184e-01 1.315604272071936620e+01
2.059833048797283350e+00 1.237452765957313972e+01
1.411388474573322505e+00 1.158010954203735565e+01
7.543657214360844909e-01 1.209048504372504951e+01
8.958163778177432590e-01 1.193131298815745467e+01
1.994171238002865110e+00 1.235244780991074620e+01
5.603683036262201433e-01 1.245291217912349069e+01
4.211161456509424084e-01 1.289887980246697374e+01
4.874973345238144407e-01 1.256645931411534356e+01
5.296328018254357062e-01 1.207447846221707977e+01
1.707356970266580731e+00 1.235684223372565071e+01
2.095856518148305092e+00 1.219019128030654819e+01
1.045260011424786972e+00 1.232207397403635518e+01
1.158514941511051610e+00 1.243049944595128231e+01
1.151921975137582654e+00 1.243350114143980356e+01
1.967079248562059401e+00 1.244186383398589157e+01
2.085766361671828495e+00 1.132628449647518032e+01
3.943146938756330044e-01 1.277258120399164198e+01
1.986723145490122189e+00 1.233435316039460439e+01
1.408696050029498936e+00 1.222360401212454484e+01
9.126176734908303390e-01 1.190835451794138145e+01
1.394013911818053009e+00 1.221557773907996491e+01
1.404669067468274246e+00 1.262039808119659590e+01
1.283719629315768662e+00 1.256987741000204828e+01
8.948374017338988073e-01 1.247364892591328989e+01
1.541729735519186129e+00 1.257984551583597188e+01
7.619852953238869242e-01 1.190148090583884688e+01
1.006282148422362965e+00 1.186330175526668995e+01
1.428831600245106248e+00 1.231780075782971906e+01
6.142591966229946632e-01 1.227103036252929869e+01
1.148403936377981660e+00 1.211724966205932397e+01
1.371149861918517177e+00 1.223143416473842748e+01
1.395024820115575492e+00 1.211650703152093023e+01
1.684002590178568903e+00 1.222929838185734752e+01
1.520427817583196672e+00 1.228406130855472611e+01
1.475856070896705230e+00 1.245931946446900085e+01
2.040789525918145664e+00 1.168911942232927359e+01
7.561463587685496313e-01 1.206841152942108408e+01
5.388274795992690214e-01 1.222785068489244686e+01
1.428654470253999387e+00 1.227000666779446725e+01
1.667987907765768218e+00 1.247672378031329643e+01
8.209527802020737397e-01 1.240825124423525061e+01
5.820750253804243268e-01 1.182900547699173721e+01
1.444638272505198051e+00 1.168580720147494922e+01
1.636691915800279729e+00 1.176914827447115464e+01
2.175884394353516438e+00 1.099380516815616460e+01
6.132477230647883637e-01 1.207233327444026649e+01
2.063865269464226326e+00 1.140601035647317474e+01
1.760910294030002987e+00 1.206629112597696540e+01
4.156675525756932110e-01 1.265875026971272810e+01
1.472489183217093878e+00 1.191101227251507133e+01
1.575028651651510181e+00 1.173052128771473157e+01
1.506533084061910222e+00 1.244355436653655467e+01
5.571302568874866301e-01 1.227048921138439042e+01
1.109388283272562559e+00 1.178648086578849252e+01
1.373733222537215637e+00 1.252110451390164414e+01
6.843452534376719409e-01 1.237396758403686192e+01
6.812636091483404988e-01 1.237576679294213911e+01
1.448639419178123777e+00 1.240640819266143069e+01
1.121821846059982697e+00 1.227384272431034162e+01
3.894086875326756569e-01 1.292233107257563418e+01
7.105339709670924764e-01 1.234547160536710564e+01
3.641838309065701940e-01 1.289902059287412328e+01
3.949151028972724964e-01 1.268541741762381569e+01
1.505350007671694357e+00 1.195086120514655015e+01
8.126136954042837424e-01 1.202071944681720517e+01
1.342484798051482242e+00 1.220098631795458033e+01
9.800640841107198797e-01 1.195817937187159608e+01
2.049051903416280851e+00 1.240761863583520608e+01
9.497908660638448852e-01 1.235234689422525634e+01
1.199516609004477985e+00 1.183207787789731036e+01
5.124880042556181348e-01 1.243237859975866044e+01
8.444058898290690562e-01 1.210833843979677482e+01
1.094437577654678195e+00 1.219625316716887831e+01
1.018516629965503295e+00 1.247751248323475970e+01
1.071758606704201755e+00 1.247612733235741445e+01
8.277826712395859321e-01 1.203841469166802547e+01
1.750719337770811235e+00 1.179971932341700835e+01
4.859753682765506344e-01 1.252758305552043971e+01
9.499754448985135991e-01 1.209553951392336479e+01
4.574680609290671662e-01 1.274098601456673840e+01
1.865099000971176091e+00 1.223024874642161031e+01
3.627465361836258451e-01 1.266677308777235744e+01
1.204026282179786911e+00 1.201924097820629989e+01
4.328456571413952236e-01 1.214516746355300292e+01
1.753290735011525436e+00 1.209173673500444046e+01
3.852819492072455110e-01 1.305103458345625000e+01
5.047077755326042636e-01 1.277284489377385235e+01
7.522244407914160380e-01 1.248369546954732812e+01
2.032398781444372915e+00 1.196507539263885533e+01
8.386272320878219722e-01 1.179454892050062575e+01
1.458385243872219350e+00 1.199389925964048054e+01
1.935281492710666518e+00 1.277151172574243354e+01
3.929330907080352264e-01 1.310159915305584910e+01
7.046750622080879545e-01 1.216791039393204876e+01
1.327883597196930499e+00 1.210649830029943708e+01
2.089030713655782634e+00 1.203931695753465725e+01
1.131758973218937259e+00 1.234520682866008734e+01
6.194815962875184212e-01 1.226457719602458951e+01
3.989137800047322657e-01 1.226352371356410842e+01
1.736351509267336946e+00 1.223905876816628080e+01
1.846757272785897186e+00 1.203636645599127064e+01
9.973490536083451374e-01 1.203136967431124127e+01
5.427104737743860818e-01 1.203334764989460659e+01
2.086884695105751142e+00 1.217560310038913052e+01
2.062931150545331160e+00 1.204944760058317854e+01
1.326233063650301247e+00 1.222729043103778679e+01
1.723258299599743859e+00 1.212416472698167880e+01
1.296052455438929885e+00 1.158619355291943798e+01
1.012825100323704097e+00 1.154465992382003670e+01
1.757479127479808279e+00 1.217536044832735875e+01
1.492050516191501863e+00 1.262588400030776548e+01
5.935286828736372478e-01 1.258164038391424100e+01
4.846078615014258739e-01 1.284045062501421874e+01
2.096839033137788633e+00 1.118878922504857876e+01
1.455240739595972999e+00 1.179267887004106363e+01
1.516428108446830958e+00 1.230308958488134863e+01
9.960313911622155070e-01 1.228427706769632088e+01
1.122541777126256690e+00 1.228734593451047097e+01
4.036890800486473418e-01 1.228500716267357795e+01
3.040024694607260658e-01 1.318795267834054030e+01
1.197418796120913509e+00 1.216793306575471689e+01
1.890284168164640066e+00 1.112940230225486715e+01
2.008243167975177990e+00 1.127784485401542192e+01
5.831444399188714378e-01 1.224861704426918863e+01
5.461400763766801614e-01 1.210881967398604075e+01
2.248660101067652572e+00 1.185581474066702157e+01
1.615759115596711259e+00 1.214585363145496011e+01
3.656316684218563484e-01 1.284355099532874078e+01
2.042938235722513429e+00 1.216840778669749845e+01
1.109634005743045160e+00 1.172623982518149255e+01
1.988789931364516317e+00 1.166852071640050248e+01
6.729084390872462906e-01 1.268525452666527187e+01
3.658368070110941672e-01 1.292444220994358872e+01
4.530711192262188436e-01 1.211982986483056735e+01
5.534681836017668610e-01 1.259024106578344870e+01
5.276051255238025650e-01 1.264970694928503114e+01
1.720365775361358374e+00 1.210923009047568932e+01
4.581590427754993478e-01 1.208363268009563285e+01
3.938349032381800452e-01 1.237829760355504227e+01
1.588185901652435783e+00 1.208618459015875146e+01
6.448394970571486029e-01 1.247266363193245198e+01
8.327745829751510565e-01 1.207016126183026472e+01
1.969327440193804790e+00 1.153504955548585365e+01
3.395177920421431628e-01 1.284934867683390181e+01
7.175130999933199138e-01 1.198101575313064693e+01
1.932090857455110111e+00 1.169022842611098412e+01
2.174714239976244912e+00 1.168825654059778962e+01
2.040860884099152450e+00 1.172180772239470237e+01
1.604313406931890729e+00 1.215736175755379200e+01
8.958034191858605944e-01 1.195366140907212582e+01
1.038154258765417337e+00 1.187351706981886146e+01
2.175965656242123902e+00 1.205499495909401020e+01
1.007847857490004717e+00 1.235136086283936407e+01
1.417907699505562835e+00 1.263140651564859063e+01
1.235504240584827773e+00 1.243139773847802232e+01
2.239900739733409640e+00 1.229427057197177042e+01
1.313267330035847724e+00 1.252292206881781311e+01
2.024430907824199988e+00 1.283031333556253450e+01
5.598226449875612909e-01 1.207877736798897317e+01
1.988892297762715700e+00 1.221952038376088012e+01
1.388044572651739195e+00 1.250690291396900378e+01
5.121238097223185237e-01 1.297395987666976858e+01
5.208589748562557631e-01 1.259533849264399130e+01
1.460419093705958460e+00 1.252933326169496908e+01
2.199315404528784601e+00 1.222475463293136855e+01
2.024530082814999687e+00 1.185727678293978649e+01
4.455804130945469343e-01 1.263842373570211386e+01
5.991963827530341069e-01 1.222952232213261325e+01
1.813252362846020649e+00 1.221447303363660630e+01
1.626414657012068998e+00 1.224215801450965202e+01
1.869785273423145044e+00 1.209383347556833854e+01
1.800025703651120912e+00 1.254730822835767690e+01
3.334481674596777578e-01 1.337252566342089644e+01
1.452708175018398329e+00 1.227015789680014279e+01
2.000620410700228113e+00 1.163181131510547139e+01
9.385216005724983379e-01 1.204004387429055356e+01
1.964547902887650244e+00 1.244214040644347818e+01
6.924108337980996453e-01 1.228319041428971126e+01
1.260419322464946257e+00 1.218066501769972909e+01
4.170078252203550107e-01 1.277502874869139404e+01
4.311022707757548589e-01 1.305993936777503706e+01
3.306452040835156647e-01 1.312906192650862458e+01
1.685698314378878848e+00 1.252586707316747372e+01
4.995507933453038896e-01 1.261357140256799525e+01
5.712863294715462281e-01 1.177798601664708045e+01
1.625090381388429872e+00 1.270321429166016713e+01
9.052019152417036807e-01 1.232068120157387270e+01
8.279749980938725384e-01 1.172696738140142081e+01
1.280169159072140905e+00 1.159949051074847581e+01
1.853711012099528377e+00 1.203587020594848234e+01
1.262284460806244679e+00 1.198097752730976495e+01
6.129851945172762884e-01 1.190666104554786564e+01
1.892759028173367053e+00 1.273205660238327219e+01
1.143949630053469280e+00 1.242270225671525630e+01
4.171359728048136817e-01 1.240714341636449269e+01
1.723761020982294223e+00 1.194151309840669306e+01
9.241077692226671303e-01 1.205360374708213556e+01
9.099784251183621331e-01 1.230400384906840827e+01
1.722882192499102461e+00 1.233529428818723694e+01
1.067355845818633409e+00 1.201676498790794234e+01
1.642740311022251820e+00 1.208059660446210692e+01
1.787788914251400074e+00 1.207461025172540658e+01
1.887080309876301154e+00 1.193385486659660977e+01
1.039039873812926063e+00 1.208518374566382647e+01
1.433722806975449959e+00 1.207908558880600580e+01
3.790924886599522647e-01 1.278405007873778665e+01
3.994549850777529554e-01 1.344442501493853115e+01
4.594957393576881155e-01 1.316281135874184827e+01
1.335645400372909242e+00 1.198366730208520714e+01
1.031058344643502211e+00 1.226801279417667345e+01
7.903939554113605936e-01 1.206471278881468656e+01
8.409940925474038709e-01 1.214173784956284763e+01
7.057628127781151450e-01 1.205668055588295751e+01
6.238345739098258846e-01 1.209090426295260201e+01
3.709488970575607336e-01 1.241409650955511523e+01
1.063723621705908506e+00 1.248506291292034831e+01
3.264083851948541004e-01 1.323894193835296029e+01
5.224724299137447625e-01 1.229997429356392935e+01
3.844328407719937446e-01 1.289157788429217355e+01
4.592010184475024959e-01 1.214126983480273125e+01
1.040055723814989896e+00 1.230892157908776952e+01
9.500988302317110445e-01 1.151452929996844787e+01
1.622746028801645535e+00 1.263827536084951753e+01
5.562576480544427771e-01 1.205004746963942708e+01
7.258977795122175669e-01 1.188403545873922340e+01
7.719361710864059978e-01 1.200007877405048973e+01
2.157774450736955618e+00 1.184952338122308291e+01
1.135831351719475357e+00 1.247137474495297838e+01
8.440787270163585543e-01 1.185750917515127512e+01
4.869812178344583575e-01 1.210350950648238566e+01
1.860308403756541384e+00 1.140485554861968076e+01
2.057918181665799651e+00 1.181182128764221240e+01
9.983648736993705475e-01 1.190332940397828310e+01
1.944753350657904001e+00 1.248769108276881923e+01
8.232761771712667764e-01 1.164393017193788182e+01
1.667491759773684690e+00 1.171573504293032286e+01
6.542218191580787545e-01 1.170820115165659026e+01
1.091436662363018506e+00 1.177599776506962748e+01
3.221277881580176805e-01 1.339669546293847091e+01
1.723211753705629734e+00 1.195268007891338513e+01
1.413576805825651483e+00 1.230512711782657220e+01
8.969882136777440618e-01 1.239052014476977526e+01
1.291687638920806735e+00 1.180462492418743636e+01
2.061439094154914553e+00 1.260066814361556631e+01
2.050640766947803062e+00 1.260607883812473773e+01
3.573432933567614600e-01 1.309236870262491692e+01
1.238517961655433375e+00 1.239466197113236134e+01
2.011545195310922907e+00 1.271255677213647317e+01
1.830173767490222092e+00 1.207114159760538996e+01
7.501724875126278835e-01 1.227941499683313076e+01
1.308026083436887976e+00 1.155634522026617717e+01
1.256233232879698347e+00 1.155885401852121497e+01
1.497736209679926489e+00 1.252533725179533697e+01
2.092444502964531772e+00 1.211652193281021184e+01
8.344592993260777636e-01 1.209615152622293621e+01
1.004675868628791102e+00 1.211427296004969634e+01
1.312983084544130818e+00 1.199618189519560474e+01
1.005342628074445299e+00 1.244016539359291507e+01
4.528379290739560914e-01 1.198571340650430628e+01
3.322358714075545616e-01 1.298922824667789300e+01
5.899088795506010063e-01 1.188298024605512815e+01
1.166571049075604938e+00 1.249910582874268528e+01
8.144444292751882308e-01 1.262730008100853851e+01
4.476390931477418622e-01 1.287068355530806585e+01
1.528652382204200633e+00 1.209619693398790830e+01
2.141125159788821009e+00 1.216138051285406263e+01
5.860166569655215207e-01 1.238770367819068952e+01
1.905489455356631057e+00 1.182291267562741233e+01
1.159815074052792605e+00 1.186547922058378823e+01
9.111510376949235601e-01 1.190263304009846124e+01
9.364569419432864361e-01 1.154940076361190293e+01
6.320874086249826940e-01 1.207821748761438307e+01
2.164252611255957248e+00 1.204544076077351100e+01
9.827975374472449621e-01 1.192049857028577087e+01
1.906397608928534382e+00 1.217140014904627954e+01
6.781270518967693617e-01 1.187403822583036472e+01
1.351747397405333118e+00 1.238727429805137881e+01
1.038393964150366111e+00 1.217815632338628085e+01
2.028749460746693156e+00 1.198267574223320864e+01
7.158497364440222777e-01 1.220258331337523572e+01
5.258821498843844200e-01 1.240820191643526016e+01
6.572414556933630081e-01 1.220439354578398650e+01
7.605017762651471447e-01 1.172649664683428306e+01
1.190509117669325434e+00 1.178499236655455817e+01
6.251803203339719728e-01 1.204277798244637232e+01
3.191786086203821649e-01 1.330393563241949018e+01
7.833297270421272218e-01 1.175603901545031071e+01
1.453296317577575048e+00 1.198016263364837286e+01
1.066879504470433560e+00 1.201628007190522673e+01
1.421910631020632865e+00 1.200851909359334080e+01
4.617792260409919747e-01 1.198361146248095466e+01
1.842986896672464958e+00 1.138319286292522925e+01
1.928100252001529791e+00 1.201755708719026039e+01
9.612798993267522851e-01 1.192333229083317825e+01
6.113278978178183776e-01 1.247433562620755332e+01
5.527299347713158229e-01 1.256420132911685883e+01
1.575503806878431945e+00 1.252717418695390705e+01
4.484110462693901566e-01 1.281210540340343940e+01
2.099231372348523639e+00 1.218709348649131385e+01
1.608590756504041597e+00 1.202193980176918409e+01
9.344432618517938272e-01 1.194674864701346806e+01
3.012444908205888505e-01 1.332458600223107048e+01
1.400313102511364205e+00 1.239400546420415417e+01
4.449812667432190283e-01 1.261120148539482777e+01
7.964840338751232318e-01 1.214244414793371263e+01
5.244177019756768310e-01 1.271670865136722739e+01
1.095984071378514946e+00 1.157235611776617290e+01
2.926689565523029612e-01 1.335989603528288860e+01
1.673293964992288885e+00 1.175703818439973780e+01
8.313244676899594898e-01 1.228779498597857156e+01
1.975114833425551497e+00 1.138582203353201017e+01
8.127230179190965131e-01 1.208477999815138126e+01
1.995781298794112590e+00 1.252976129393525362e+01
1.789641231991702108e+00 1.249985453954380432e+01
2.099695227743004544e+00 1.228119187026925196e+01
1.073945800438236509e+00 1.228757537322981364e+01
2.106956873055681800e+00 1.215109843847447380e+01
3.718305437564228821e-01 1.297937038518501218e+01
1.820805933221697703e+00 1.240282758211166581e+01
2.177960274773791394e+00 1.278480111336675940e+01
1.914372429345718496e+00 1.276882444377410941e+01
4.091884116921176706e-01 1.248474181116691284e+01
2.870676641590556577e-01 1.352612808568293268e+01
2.130994883564074627e+00 1.129387455269013607e+01
5.553563071287607178e-01 1.227027904726024765e+01
3.818300573949099386e-01 1.298659268566939673e+01
1.777069999191004612e+00 1.190400859641651898e+01
1.932817661158111378e+00 1.181836293695071305e+01
1.370140870628244079e+00 1.241367714128307576e+01
7.914496846556040577e-01 1.222882332743690803e+01
1.935791767695713705e+00 1.242856677343531580e+01
3.407817821904291500e-01 1.282007963043903764e+01
8.018634270330537994e-01 1.238160213448397862e+01
2.001069264998381225e+00 1.240754444240558918e+01
4.369296179329999474e-01 1.285680783256502124e+01
2.012496536624371224e+00 1.241786767886830489e+01
9.427994154983619923e-01 1.197004352948268391e+01
4.032829261781982200e-01 1.257914934814028918e+01
1.401484979416820709e+00 1.197929968945387103e+01
6.810274957607657109e-01 1.198993713872801514e+01
2.081841461671790849e+00 1.154823130361322825e+01
2.041606294196635751e+00 1.122201166146621354e+01
8.142332798034250807e-01 1.249081689329959843e+01
8.920746587152601492e-01 1.163857593388351397e+01
5.691758512223545896e-01 1.189039308989217325e+01
1.002159823414590978e+00 1.251197557452990239e+01
6.079503372759604840e-01 1.261177685778812751e+01
2.123196168080944801e+00 1.186741232746135921e+01
2.050596411071754055e+00 1.096608115455313737e+01
1.964032175274920577e+00 1.129410741249260752e+01
2.077229658184599703e+00 1.222298120920876308e+01
1.530834099792361513e+00 1.270615241837879417e+01
1.669314862847196101e+00 1.141858596662874525e+01
6.835878151273829806e-01 1.205466255610611270e+01
1.963152535673010179e+00 1.156584661864513386e+01
1.650506784524790493e+00 1.247899852628547634e+01
1.337265649698400338e+00 1.240063550161179151e+01
7.559089241009803173e-01 1.212234466429451452e+01
7.823832615723094186e-01 1.211019763408284611e+01
1.963536960572170420e+00 1.187666540925486913e+01
1.361279276673644567e+00 1.201780795210139807e+01
9.490335153795473877e-01 1.241094695847638363e+01
6.223158817250457053e-01 1.234259350546061285e+01
2.063772423471237349e+00 1.201328989029615890e+01
1.426247815950025810e+00 1.204236037464690590e+01
3.381872552296564804e-01 1.290149788218408666e+01
1.989015840398637325e+00 1.219470144616821372e+01
1.258637043209190676e+00 1.223728262844470649e+01
4.778576661083469568e-01 1.267711152091061422e+01
1.546364088419271310e+00 1.234876929055340078e+01
1.470636860959656733e+00 1.242720360018651071e+01
1.717467095429110024e+00 1.267714319065625084e+01
1.061555536259113808e+00 1.236985970947166713e+01
1.737631900085800929e+00 1.220886269653066236e+01
4.888620057445017264e-01 1.239980320661070579e+01
2.133370442028883485e+00 1.212466093645324960e+01
1.570421815790511877e+00 1.222856358605563010e+01
1.909139619348747541e+00 1.201730914326954824e+01
4.011323593284629174e-01 1.250480541140096946e+01
1.572740447809793940e+00 1.233023745611167676e+01
5.714609895189632915e-01 1.207173417943723770e+01
3.130265885922142166e-01 1.341004854683634662e+01
8.370561760622046155e-01 1.166247071344606567e+01
1.778477829925516396e+00 1.221888616120901183e+01
1.851545441172078421e+00 1.269177600887302582e+01
5.011112822400285438e-01 1.259414072258463335e+01
9.177365105637865783e-01 1.218294255452415698e+01
1.211089045277922605e+00 1.218308764522829790e+01
1.952391643927180898e+00 1.190850464105939466e+01
1.992255135664893428e+00 1.167849824778776835e+01
2.079420262741249470e+00 1.159951179561846146e+01
3.728455291621780021e-01 1.299911062227096714e+01
5.484341016601236296e-01 1.238294611506885090e+01
2.013065330575185552e+00 1.231346938228047883e+01
5.716209673338416009e-01 1.229754983693208281e+01
1.305802866732301171e+00 1.251652056135927538e+01
6.609102962967492445e-01 1.249994273751688567e+01
1.126855033654199811e+00 1.218545814887421130e+01
1.265122372058150590e+00 1.236927138621672206e+01
4.906693495967250906e-01 1.271198534245318967e+01
1.990075174625593801e+00 1.270372155108257139e+01
1.488048281910933301e+00 1.227912431664303661e+01
4.995526700239317774e-01 1.214737668505751245e+01
1.938624708081762460e+00 1.255825606640970094e+01
1.535938860071519141e+00 1.256363669546123596e+01
8.615550820838825397e-01 1.194573853991190937e+01
4.297499906742972553e-01 1.270896844951247573e+01
1.642362648071184594e+00 1.210862632684732709e+01
4.451879787438820513e-01 1.253767295146367999e+01
1.802381703967200544e+00 1.267460361645045985e+01
1.269503184313809374e+00 1.236119889279723694e+01
4.848775515599690888e-01 1.265881780523106137e+01
1.083909080150024851e+00 1.206841730809695967e+01
2.054526282846104390e+00 1.182754200465604910e+01
2.042113845211150025e+00 1.184192866344440986e+01
1.188191675102790779e+00 1.218585951000642886e+01
1.924091363950802380e+00 1.143156323095643501e+01
9.797056548912519425e-01 1.178755789478404381e+01
1.109883660071140143e+00 1.180446908528253225e+01
4.069225518205304981e-01 1.221637842058527035e+01
1.181826463432453345e+00 1.207177838988043206e+01
6.087492835964871674e-01 1.175678827316209230e+01
7.111330960485000574e-01 1.193611040483649433e+01
1.159084071966484997e+00 1.199844181882470906e+01
2.078433403644353028e+00 1.198284907535723676e+01
1.559138839316684511e+00 1.181664385485531454e+01
2.038212770741345548e+00 1.140608411342970108e+01
8.588611364877009047e-01 1.208194201057964001e+01
1.613168464743102382e+00 1.253486902367732903e+01
8.257328136443974342e-01 1.224014775812444533e+01
4.312466881865617552e-01 1.273706635802655462e+01
1.020572269453666969e+00 1.222606153398460016e+01
1.028873395092031684e+00 1.200346636752282414e+01
1.767405263784937341e+00 1.254287755404778792e+01
4.065518660637147397e-01 1.300782442987438436e+01
8.090559180408689599e-01 1.210840688020465983e+01
1.828501320874579950e+00 1.240073122469099154e+01
5.791613158503373660e-01 1.265504640384342672e+01
2.053603129423394069e+00 1.103303028258267737e+01
1.959329609412788997e+00 1.102065035658360870e+01
9.307194966890760535e-01 1.214302161757978915e+01
1.820171566584107170e+00 1.228208685273642153e+01
6.498177946062092536e-01 1.196957709286330740e+01
7.548105195699855718e-01 1.195270741513509272e+01
1.822223701337726487e+00 1.176327966614995191e+01
6.054052130974849621e-01 1.240688665385910738e+01
1.294892749773511875e+00 1.250707044497983489e+01
1.813100558360014380e+00 1.258025308629937911e+01
1.446218346027732915e+00 1.144895372554671908e+01
7.614173663329406594e-01 1.155794012540180482e+01
1.926415566419760417e+00 1.148347184888798900e+01
6.466403481439956247e-01 1.184721880958584350e+01
1.866351735502083553e+00 1.187688679172535977e+01
1.496896538502793028e+00 1.207018790562123023e+01
4.689478403095101999e-01 1.279870816156336311e+01
4.691046799713675108e-01 1.221506527117737129e+01
1.218036316264263563e+00 1.212098248246512888e+01
1.767681192219805908e+00 1.227545423335249453e+01
5.245597606410368208e-01 1.205925734005563399e+01
2.913460334122492945e-01 1.348875482498436007e+01
2.170671682411896786e+00 1.238511010646798027e+01
7.418103552764043762e-01 1.212970212012242754e+01
9.812231893705518626e-01 1.231422708726486626e+01
2.059564315481220209e+00 1.191174306912678915e+01
1.688110358255903831e+00 1.205673005651281748e+01
9.866383251644346153e-01 1.212983797308201872e+01
5.479206811401725608e-01 1.200750044049760490e+01
1.764769807549390279e+00 1.226602807620511193e+01
1.971410039088417276e+00 1.235594181268682945e+01
1.649435980734742735e+00 1.225611637450001368e+01
1.795551039751978939e+00 1.138150662655498913e+01
1.390709570522110639e+00 1.157140632071313924e+01
1.835410907325847774e+00 1.208261992383935279e+01
2.028038789125059083e+00 1.229538426068050327e+01
8.091861061385525744e-01 1.189345189643085909e+01
1.691982856669679292e+00 1.192335792638755088e+01
1.952488706073611358e+00 1.149713436413326484e+01
1.868586638098081787e+00 1.158983351803891537e+01
7.020924403863271213e-01 1.199145613693723611e+01
1.492627968560286789e+00 1.222713296087082391e+01
4.912073441315740197e-01 1.241842720545156808e+01
1.106307914096761102e+00 1.216919669362894574e+01
4.937685207861782222e-01 1.264962770117752555e+01
2.012644064726986759e+00 1.249358156422261601e+01
5.669143070671608386e-01 1.195717177266316966e+01
8.014717280443138803e-01 1.214255011516852711e+01
6.145090038285556666e-01 1.232382109197142128e+01
7.487066208038896109e-01 1.223801087554049616e+01
9.175820646753162224e-01 1.196995657799091894e+01
2.033442292033993404e+00 1.217981959715965523e+01
2.052160514846637529e+00 1.192143064917561368e+01
3.346663829521678291e-01 1.314198214429597122e+01
9.487300826621238858e-01 1.160078393405094310e+01
9.014817935727268416e-01 1.160163927416836138e+01
1.329048593036314285e+00 1.203954077049829685e+01
4.921665238417473054e-01 1.226910984679457428e+01
1.052076345639090471e+00 1.209235222515977881e+01
9.285270778963999883e-01 1.171552323508986504e+01
7.914205655926142002e-01 1.165543327059117296e+01
2.040617106576515294e+00 1.165030338916668207e+01
1.613959556574057874e+00 1.213457188856011904e+01
1.053303725179567163e+00 1.222179484331824995e+01
1.827141684812687794e+00 1.241701753333257940e+01
1.167032362018110225e+00 1.218014034926430611e+01
1.496911280863935767e+00 1.203585423434067536e+01
1.295971612645498983e+00 1.195864934195254392e+01
1.636918825805172784e+00 1.214485767796983673e+01
9.492861184725426282e-01 1.193665280094855241e+01
2.178780101857941354e+00 1.169975972285496546e+01
9.133121066409223276e-01 1.199393408662884042e+01
1.770530005417161101e+00 1.165502104633687352e+01
1.260828573383714346e+00 1.224748163970222947e+01
1.235050423626238736e+00 1.238165619445095800e+01
7.503804202448467464e-01 1.247315101961328843e+01
1.847363599440563497e+00 1.212319638795761101e+01
4.643718349543255464e-01 1.249702745412150229e+01
9.320710928402511364e-01 1.208837377671889968e+01
1.680881197260058801e+00 1.224517580659879101e+01
2.194209469623491504e+00 1.215996904300738990e+01
1.417983952972047268e+00 1.162568853568060412e+01
7.999389529162369561e-01 1.168399769546313394e+01
4.702260592221636504e-01 1.226430835193101743e+01
1.472575027834869710e+00 1.223603928680510577e+01
7.345425728816458166e-01 1.201448772490174477e+01
3.415415114595615753e-01 1.323047627408770133e+01
4.787571214709550049e-01 1.285722677271205683e+01
4.965215371566264468e-01 1.280263249178029561e+01
1.608198863893310682e+00 1.161807333636929229e+01
1.463570136299706226e+00 1.168648144238872710e+01
1.925774862352397365e+00 1.265372094683772630e+01
7.661109412142972364e-01 1.215677700221046997e+01
1.311530234713426557e+00 1.217962230681227709e+01
1.618251300241167367e+00 1.245030741863981127e+01
1.467147907931053208e+00 1.242714844375002947e+01
7.515493369796766299e-01 1.212523409543534569e+01
5.797363832873440037e-01 1.240419168359576219e+01
1.496136768399605854e+00 1.216037937821009685e+01
1.075475471777839864e+00 1.192405772967067534e+01
1.899155446134010994e+00 1.215461013886178065e+01
4.737002887324008871e-01 1.271865671786608942e+01
5.939846321993876854e-01 1.234077204764225044e+01
4.621097811716885495e-01 1.264698545023534670e+01
1.939013789877950256e+00 1.154514686546008306e+01
2.068130831722013951e+00 1.111971371228982974e+01
4.915129974887761377e-01 1.264409308262091791e+01
6.574183866902263418e-01 1.185843044960907910e+01
1.761550980911436470e+00 1.198156092072624013e+01
4.163888722100737572e-01 1.230887051399033005e+01
1.685591499028050944e+00 1.255291910101900044e+01
8.382760128745940786e-01 1.250714632772845292e+01
1.938912655342795555e+00 1.199979898213175566e+01
1.509321911813984229e+00 1.142407119695631756e+01
1.630396031591765382e+00 1.134704753437871894e+01
1.338033436927323017e+00 1.215571981136670843e+01
8.143639641251110284e-01 1.205759301345066703e+01
1.536471644448847318e+00 1.235786173053460502e+01
3.980537640516541575e-01 1.254299949399780800e+01
4.318386738172234618e-01 1.221914086150821355e+01
6.808806833369079881e-01 1.200853704595534843e+01
4.567694561410688414e-01 1.215131221761916258e+01
3.747948790130114505e-01 1.281473333210157151e+01
1.743391635496668313e+00 1.228523382092433103e+01
1.916794535767394114e+00 1.237716398441578569e+01
7.816734586366551607e-01 1.206061044833704621e+01
1.779669941644264064e+00 1.220514378001216116e+01
1.308830904577704679e+00 1.180639633933019184e+01
2.043943361210014853e+00 1.243177858284999360e+01
7.783511650242717073e-01 1.196491596131821922e+01
4.819908662168786995e-01 1.223914922782502401e+01
8.537112728029193631e-01 1.193032270568279074e+01
6.456210097047540009e-01 1.196756410626858447e+01
1.208295685151532961e+00 1.205315146061109566e+01
1.272978096434301376e+00 1.161818861536317549e+01
1.180989421741049705e+00 1.215123877354166027e+01
1.215923075073455539e+00 1.215098847066897925e+01
2.161773597967522775e+00 1.235147905807364666e+01
2.151815008340406621e+00 1.235821441644451291e+01
1.597977609224448869e+00 1.184328771071310804e+01
4.666172587390208792e-01 1.239995656500603260e+01
3.824706930705576990e-01 1.264560145265744495e+01
1.108967589944276577e+00 1.175443854117972364e+01
1.740514560501706942e+00 1.196336593733083653e+01
4.752068786239138087e-01 1.282127752992842318e+01
1.948369874685544678e+00 1.231424931062436912e+01
9.983880324835368025e-01 1.169971956632412358e+01
2.058939887307430272e+00 1.170843896221906455e+01
2.013722914031766731e+00 1.145909004006501064e+01
2.433965901216200156e-01 1.469462935145106819e+01
6.192646742660115056e-01 1.201748424098737722e+01
9.087413814930915823e-01 1.243889226293923578e+01
8.750975586183444843e-01 1.175779210215758219e+01
5.929997522940596566e-01 1.187198526249513897e+01
9.989410265490537011e-01 1.216633774738492058e+01
1.873544265935161324e+00 1.258920753077271470e+01
9.244852094372395523e-01 1.196130929610651705e+01
1.959101084062924159e+00 1.208144789008489184e+01
3.849966629383365646e-01 1.328605130134533319e+01
8.414098016941219393e-01 1.192883572570054973e+01
1.509226814595177490e+00 1.232485142376270204e+01
5.369477760075809236e-01 1.251781467442864049e+01
5.959891593654779163e-01 1.233797441968737019e+01
1.875698068946985764e+00 1.180303509618021707e+01
1.672913731683949745e+00 1.187029766050242330e+01
5.601511778536812924e-01 1.196225915499445058e+01
8.332669771739424913e-01 1.187007303441408013e+01
1.227886612584355275e+00 1.246145288541070606e+01
3.382082927156085383e-01 1.333172951533465955e+01
1.220909856143811201e+00 1.193563278758548485e+01
1.581038560100510360e+00 1.263428776781037222e+01
1.435056046763332205e+00 1.188056780725802142e+01
7.529293536538960163e-01 1.182278513360195937e+01
1.791233296960945687e+00 1.267634555131322749e+01
5.073243242291316513e-01 1.214522240371229422e+01
3.253622009902700229e-01 1.323429782894465667e+01
1.324097190970542348e+00 1.219812966605308446e+01
2.028938978679791560e+00 1.233675529838071405e+01
3.953299578769202127e-01 1.290393384168157276e+01
3.472884797760753539e-01 1.326924535092198987e+01
6.072680515589998773e-01 1.241670724670348491e+01
6.218036145565808415e-01 1.233674079617959940e+01
2.114513790908886470e+00 1.226941179281416971e+01
7.339273821862418723e-01 1.161815576825811824e+01
3.628386017275410103e-01 1.271158670427544735e+01
1.193767159185146864e+00 1.218296218050237201e+01
5.366893308216831304e-01 1.260221059347188977e+01
2.128264712169146033e+00 1.197291157945316087e+01
2.022715073763341476e+00 1.188549714956850067e+01
1.365223197487429596e+00 1.214873234426945459e+01
1.256888753864117358e+00 1.185669618118170199e+01
2.110037634702104370e+00 1.164287273184847038e+01
1.862933953291097122e+00 1.199034825113006875e+01
1.421474680163869575e+00 1.256365071339031658e+01
5.168759496064926351e-01 1.232394675776903092e+01
2.028502567839809423e+00 1.242668722902272549e+01
7.642085676249605886e-01 1.214708416219501608e+01
5.706289948913955135e-01 1.243923857352267959e+01
8.452188559808658797e-01 1.211889318074684674e+01
4.256122231659655863e-01 1.277498743555500837e+01
1.883453607739870472e+00 1.255866360071903998e+01
1.445926497058715565e+00 1.236901835616887801e+01
6.031068709346808498e-01 1.256822291896070354e+01
1.920994621303256711e+00 1.133944832853648599e+01
1.622336231120927064e+00 1.150873297741838819e+01
2.080122599648222881e+00 1.177569489011204062e+01
7.421747168755161717e-01 1.188543282829416192e+01
1.304744796942081342e+00 1.222964097716037024e+01
1.872459376042766577e+00 1.152007118050030243e+01
4.547333944130124705e-01 1.266226328291845782e+01
2.063559425047938323e+00 1.263558649914169507e+01
1.647144559212118997e+00 1.262378024897646611e+01
2.004714403417695134e+00 1.214492878215113159e+01
1.673331407689590655e+00 1.227645253864768016e+01
4.442657945958909949e-01 1.267517555658455741e+01
7.290075844067989141e-01 1.218248320071034208e+01
1.897708017576989814e+00 1.205499961600426140e+01
1.682763587295659669e+00 1.224299709854784268e+01
1.858982273436106114e+00 1.221581533792847374e+01
1.882578000802167972e+00 1.220945914290119738e+01
1.178179493671121181e+00 1.187233145907322651e+01
2.044290732298073010e+00 1.230893721072675184e+01
1.610690064715955439e+00 1.206837993559075706e+01
6.351604779664260514e-01 1.276506473826942667e+01
5.432278597341620996e-01 1.251997005489742421e+01
4.633938307791024558e-01 1.251089789675363129e+01
1.865291950809464749e+00 1.189201585672874018e+01
9.928707506603571264e-01 1.252092831292769581e+01
3.868321852625751789e-01 1.315170763251573227e+01
1.103983968140067828e+00 1.239356076825977837e+01
9.577213878500716593e-01 1.172194608921404146e+01
1.956261354071195502e+00 1.151657995686671399e+01
5.155453151935828204e-01 1.256178194688409633e+01
7.328570527679569846e-01 1.162721933939567620e+01
5.438926421765843955e-01 1.226318034821370162e+01
6.954087685524136253e-01 1.218846225179723852e+01
1.307384221942757163e+00 1.240964445852022635e+01
2.089202639220190783e+00 1.239816092603891384e+01
5.615136056377050267e-01 1.176416370136039546e+01
2.004954352176628873e+00 1.170363150285743181e+01
6.559542221973559961e-01 1.178693843693602616e+01
9.951732125589156652e-01 1.218596624774493797e+01
8.565595006189110627e-01 1.185760113094071144e+01
5.122923982942679810e-01 1.207488179926305705e+01
1.069280132795463523e+00 1.245293336547651286e+01
1.468718555867806419e+00 1.262207593596259514e+01
5.850751025353521095e-01 1.237647951302028027e+01
6.732311653311758848e-01 1.251290236895336072e+01
1.594540349955382075e+00 1.188092843016845102e+01
1.656014913466622218e+00 1.126453116701851442e+01
1.310442778730520397e+00 1.145464573514795426e+01
8.329209141536508820e-01 1.201108606621780162e+01
3.827782181904272885e-01 1.304456067589628354e+01
1.641704438744181038e+00 1.227586014783964963e+01
6.135667207088879582e-01 1.218073381224790985e+01
1.135186573405061461e+00 1.231857398182150831e+01
3.994939944502088336e-01 1.258897473833522973e+01
1.376473662762070838e+00 1.179721937811221544e+01
3.691688010336300896e-01 1.308108291525480382e+01
2.097238922412453910e+00 1.161399073869588072e+01
1.910332375661505377e+00 1.145310585742903164e+01
1.053861128458187357e+00 1.231138430929304484e+01
1.824025854248434664e+00 1.126542497480536831e+01
1.917242557663939584e+00 1.243941806506667014e+01
1.543596763492498747e+00 1.222130019240142573e+01
9.071042842339971379e-01 1.225695887842853615e+01
2.097555137755979793e+00 1.170094729171472636e+01
2.159683288236482923e+00 1.161583012117744218e+01
8.393319566285297739e-01 1.163945159477547264e+01
3.810500839780044391e-01 1.295071450714768169e+01
7.343322859649334955e-01 1.231348836367435773e+01
1.152922894388171970e+00 1.237571211198023491e+01
2.140443334135135878e+00 1.253994009760051753e+01
3.791040873762184793e-01 1.259777168527486246e+01
1.951504289494345512e+00 1.206647006895858176e+01
7.993898452544668798e-01 1.200858947185634840e+01
8.484026632899865916e-01 1.198508501365717294e+01
1.699520662529159676e+00 1.232515216535795233e+01
1.073484958783202714e+00 1.167342689664388544e+01
1.675650855140361051e+00 1.189779203864570079e+01
2.151232474879789969e+00 1.214157431333801185e+01
1.520912924282868284e+00 1.218392164711977799e+01
3.885490955125138202e-01 1.239542452186987553e+01
6.753473319008393982e-01 1.190983680169321168e+01
1.564477527216261876e+00 1.245605536022886639e+01
1.048725409999344160e+00 1.231234124525794726e+01
4.934302131786734713e-01 1.242487404659569705e+01
1.891439952956127435e+00 1.173260187983729708e+01
2.175161599046476546e+00 1.238169595710013127e+01
1.478104253392655609e+00 1.260207572151335498e+01
1.960266808817657802e+00 1.233528338878866926e+01
2.095322573795246779e+00 1.247347141362220491e+01
9.607398280260117662e-01 1.234503631976982874e+01
6.812097184533628669e-01 1.233767808277944766e+01
6.009979673379167719e-01 1.242231201770760762e+01
1.163152682712027319e+00 1.237896079650253789e+01
1.916476477773227938e+00 1.256695349395937100e+01
1.446419056653990065e+00 1.236078294567392355e+01
1.779775622554029768e+00 1.164500514827803457e+01
7.436763707861246964e-01 1.235095689438260891e+01
1.226812736081295929e+00 1.235207173686759496e+01
3.029526330022383473e-01 1.366158294337278889e+01
1.891352931754818556e+00 1.190884119685512310e+01
4.781719628898825625e-01 1.209254504972147970e+01
1.789581402973245750e+00 1.156310636118823432e+01
1.338717671216025584e+00 1.180970973662904377e+01
1.052018746113382974e+00 1.210922447058000095e+01
4.500225125812691296e-01 1.210128414777999595e+01
1.930642063497778338e+00 1.217861569442150227e+01
1.152666601397778434e+00 1.223972319668354203e+01
1.041439073680307414e+00 1.155216481911084614e+01
7.627194354739766924e-01 1.162446748419308129e+01
1.327979261889845386e+00 1.234444986477979533e+01
4.031645164782374779e-01 1.309504116141944152e+01
2.119308166812778893e+00 1.222441282421690012e+01
8.463202691677781386e-01 1.190421128698582542e+01
3.602706450646802061e-01 1.292887534814974693e+01
1.590380207727673634e+00 1.177137511610654208e+01
1.705823884104807897e+00 1.176887362862264474e+01
1.752661315038626766e+00 1.250085453592087781e+01
1.227352099326963986e+00 1.211733296087796141e+01
1.971788476938109991e+00 1.206110841283898516e+01
3.326577457483815281e-01 1.286778322233934446e+01
1.615353973023437195e+00 1.215753941214456724e+01
8.473395081741127433e-01 1.213195111743318932e+01
2.034068134959235330e+00 1.235991385088372496e+01
8.576530315282240302e-01 1.153004127509390031e+01
3.464080372550127351e-01 1.283960329931001887e+01
1.587482183798961888e+00 1.156332796718082712e+01
1.951707970791464186e+00 1.257111605279676425e+01
8.669747955949944629e-01 1.190699370182315775e+01
1.983900355190861609e+00 1.099373548835026071e+01
7.820772824811341728e-01 1.175599754169469868e+01
1.876650673994503471e+00 1.247350328382879958e+01
1.709490273619752587e+00 1.219834145481388710e+01
1.451241762198078655e+00 1.238218128672288287e+01
1.011020595911888531e+00 1.207535973994678358e+01
1.466074087077213095e+00 1.209522421752576982e+01
8.071549563269756478e-01 1.221613392923732277e+01
1.556234057264065607e+00 1.265307642274463085e+01
8.950400350336712441e-01 1.248449557145344357e+01
2.049866398077653695e+00 1.242717247189889207e+01
1.367882828902802661e+00 1.205480643842201971e+01
2.033071738420401786e+00 1.154745507010487415e+01
1.745862134042121872e+00 1.202633632513546402e+01
3.321211187802377007e-01 1.310476817384486559e+01
1.777546961609088649e+00 1.195256212962039477e+01
4.963821651739131480e-01 1.192970888617667313e+01
1.530682832355041878e+00 1.241744232818301796e+01
1.085649707800700581e+00 1.224154080256072064e+01
1.633144034269990108e+00 1.136942431400572140e+01
1.893035618511054174e+00 1.102897155607650603e+01
1.312125290272042832e+00 1.147143500513660008e+01
9.795407955399408895e-01 1.219511286106654602e+01
4.926352926345519689e-01 1.209013930663375724e+01
8.990509173716730862e-01 1.216457943062279057e+01
1.471541107830182105e+00 1.197299609453724756e+01
6.261707999748700182e-01 1.222284510073462904e+01
1.019826967490759628e+00 1.182028662138122854e+01
1.652958431054550426e+00 1.213899832520000110e+01
1.040948213585183746e+00 1.162621598792739697e+01
3.279492609722467478e-01 1.304709739636086674e+01
2.264770402242601843e+00 1.232943635539884752e+01
1.351117236996957960e+00 1.215717275912930262e+01
1.159091247608981634e+00 1.231256250337478519e+01
1.765250804173100763e+00 1.230487956638721769e+01
1.366876460628971390e+00 1.219421684354593438e+01
1.544112363253187237e+00 1.225857623306685085e+01
6.714938776838553780e-01 1.184069183363827449e+01
5.673249927118411140e-01 1.196911800857474972e+01
2.013222739620373680e+00 1.180360754332295237e+01
1.266180276298621843e+00 1.191650298989299372e+01
1.586379375167835892e+00 1.250775169725009306e+01
1.615050714617536576e+00 1.221976872400752256e+01
1.178146736566938024e+00 1.200874446698771969e+01
1.362448137350103616e+00 1.191515257796931060e+01
1.730081715406631915e+00 1.185728082990167742e+01
2.007603130762742438e+00 1.201297452434765489e+01
1.896802984805095127e+00 1.263042424734852354e+01
1.185204453583099671e+00 1.197474940719939340e+01
3.469285686125984092e-01 1.291520518658298933e+01
6.805147950824317338e-01 1.222024976442232003e+01
6.891302543430003480e-01 1.209416881821769962e+01
4.275215265333677239e-01 1.239428389399118302e+01
5.058736584377839796e-01 1.242905481168460824e+01
9.965635581065618309e-01 1.222057060308988952e+01
9.074587109018249498e-01 1.204167345178406734e+01
4.917939614218983513e-01 1.228322757151150846e+01
1.281589420125601508e+00 1.220761685678792929e+01
1.972238561822116099e+00 1.230983457027982020e+01
3.886841788463422653e-01 1.278557638812954700e+01
8.493253370519924239e-01 1.171332813863364919e+01
4.958514132174893230e-01 1.193648431917920938e+01
2.988555843773548215e-01 1.349045142536045283e+01
1.425107686667512530e+00 1.236335185995596397e+01
1.515960865424168524e+00 1.192378718086583689e+01
2.904841974471417121e-01 1.340320467387581260e+01
5.949792194874127249e-01 1.187679203575813247e+01
1.972180474986941379e+00 1.136934437135936449e+01
7.382973755030471930e-01 1.192263508236173486e+01
4.157737915068919765e-01 1.279230781316329413e+01
1.097292935876395426e+00 1.171629343451658656e+01
1.704216683510791475e+00 1.183791850922371225e+01
1.761919606970721697e+00 1.200757665782731465e+01
2.074166930259711439e+00 1.105708274787242473e+01
3.476187243803336435e-01 1.264313985357151893e+01
3.478821048157991758e-01 1.306483829950332698e+01
2.068251405144200472e+00 1.173149652045066382e+01
1.635837340600391432e+00 1.168751636572970298e+01
5.921619229305462584e-01 1.234993208800543130e+01
5.065879785822703374e-01 1.244104054513854152e+01
1.380129827093202532e+00 1.212029690591807451e+01
2.074233119925379842e+00 1.238221308163242007e+01
1.404870433225229087e+00 1.207629104055914482e+01
8.136726387987814890e-01 1.190296910682847020e+01
1.531856572579983755e+00 1.187447945780228764e+01
1.195076807761344950e+00 1.235241797901768557e+01
1.522343388242152429e+00 1.247428676970371697e+01
9.248348191655855199e-01 1.172814092134987973e+01
1.645766251252998913e+00 1.165688741970886078e+01
1.906904063369596614e+00 1.151099679510118001e+01
7.819906384806102340e-01 1.178722958265933229e+01
8.588950986097640961e-01 1.183446481041702647e+01
2.155848732659526146e+00 1.170537819009199687e+01
2.054014148662250516e+00 1.245879960430919908e+01
1.974563568895137955e+00 1.174232623372292394e+01
1.917757264729089917e+00 1.179151463211985451e+01
9.631032153670514573e-01 1.227968131184452361e+01
1.951848334498378135e+00 1.182333106242539067e+01
1.139417130588540328e+00 1.217181206993398490e+01
1.996627848844136688e+00 1.221227713886148791e+01
1.031346996552717998e+00 1.158028724836019130e+01
2.181489169581207754e-01 1.539472307110812110e+01
5.732842808027569514e-01 1.191361789656584769e+01
9.409579653527564425e-01 1.197671020724828850e+01
5.508466844828940889e-01 1.195915293139976221e+01
3.676950049917853680e-01 1.270479368321648295e+01
1.984585041742825684e+00 1.199597915995731512e+01
1.812551412515739813e+00 1.202455547866090946e+01
1.041282100227451268e+00 1.223947579402966923e+01
1.560260234261156898e+00 1.196134159015911358e+01
5.054462080790604883e-01 1.223288831563462331e+01
1.841964607723357794e+00 1.213261968279353553e+01
4.858724175413583479e-01 1.280860387841449111e+01
7.873188540261837343e-01 1.239356786663296717e+01
2.875069861697623352e-01 1.346074080752994462e+01
1.529321729526339491e+00 1.204931075802734419e+01
1.061676590376074758e+00 1.210640690569703715e+01
1.750702790238796602e+00 1.245507807080439733e+01
1.756662961540327528e+00 1.245338163125076392e+01
1.308217881609033961e+00 1.256829812764420673e+01
1.204429024925370850e+00 1.226020073330406568e+01
1.792246278009452798e+00 1.225176488216224513e+01
4.667285101497530841e-01 1.246033305177885353e+01
1.850418669444453545e+00 1.122097977784511436e+01
4.358007924630180052e-01 1.226737556530769169e+01
4.054111449843961212e-01 1.242336318891863733e+01
2.107692293432413155e+00 1.203431974617514477e+01
9.184372839197350036e-01 1.161581262052723496e+01
2.061446079691145350e+00 1.089940822798985742e+01
1.459965533793899040e+00 1.226929748052833524e+01
1.202010077618982598e+00 1.212465737086644424e+01
1.268015164619007207e+00 1.201792917910897174e+01
9.799923660544413995e-01 1.188190816214434520e+01
1.078862795850848322e+00 1.172620762234502401e+01
1.531367366618900050e+00 1.183175390291402884e+01
1.991211953150361813e+00 1.251086921794740014e+01
1.046497608824898062e+00 1.215355704459367026e+01
1.780374341945319294e+00 1.241987749617659631e+01
1.974909292745455902e+00 1.248919438574754182e+01
1.557701526865297614e+00 1.221369858931184460e+01
1.541972429431322400e+00 1.253471621206056241e+01
4.241260082776270313e-01 1.251820195800183377e+01
1.978234024025225857e+00 1.241772854971587137e+01
5.344713064090036436e-01 1.221725594066591469e+01
6.079308309012969591e-01 1.207936610904237718e+01
1.093974846453939165e+00 1.202490015258807965e+01
1.891139025513689287e+00 1.225412827949559258e+01
1.513929188877536802e+00 1.201824193187107959e+01
4.875691362715603994e-01 1.199895589257998552e+01
5.574371021642150481e-01 1.233718046249337696e+01
1.875153633050488100e+00 1.162523122183235635e+01
7.870494260002264264e-01 1.238144992202736638e+01
6.450849809667720258e-01 1.195079192728279160e+01
5.276263754424579400e-01 1.221676721561861534e+01
7.506615337277522393e-01 1.201370563607758157e+01
1.716156870113979327e+00 1.257295336938524066e+01
1.410367772238587891e+00 1.166709239134332421e+01
5.055875572238067717e-01 1.229908644480567936e+01
1.933794616469575178e+00 1.164165537704008635e+01
1.217820301525164073e+00 1.222602473757126162e+01
1.881719947369429269e+00 1.271813758097218816e+01
1.244205687711276598e+00 1.178724014327048408e+01
2.003599665108721783e+00 1.165153357692763514e+01
4.385823152561273419e-01 1.275558668291569475e+01
1.303280196426026549e+00 1.241647989760056525e+01
1.464229617165072384e+00 1.204835705439559668e+01
4.639103724561022823e-01 1.252486569396607763e+01
5.324436525175156865e-01 1.239685670346162460e+01
4.376623065159598869e-01 1.223128549292258427e+01
3.227431007458191892e-01 1.307649393400443749e+01
9.491228242299050155e-01 1.173057012232817264e+01
6.640689793127401153e-01 1.174639503915988392e+01
8.674122420955094892e-01 1.165152465709594232e+01
1.885611782809660575e+00 1.216930647745477323e+01
1.813753275494119910e+00 1.232064053632087486e+01
6.037730670495334850e-01 1.207000689778372582e+01
1.130133827000591840e+00 1.192235206899484368e+01
9.302914224765270745e-01 1.200962694283459165e+01
1.481018814485969282e+00 1.229860079316113897e+01
6.955799695222990575e-01 1.195244260843783124e+01
1.532950517826666692e+00 1.206518791680423774e+01
7.448636665670157475e-01 1.197380748048118093e+01
4.802200199560939797e-01 1.246854686414710933e+01
3.742192753727375254e-01 1.301207650747313593e+01
1.833763302890918601e+00 1.227456954873142081e+01
2.208532885677866098e+00 1.167122633086844097e+01
1.791315537795233448e+00 1.184515448661600168e+01
1.717628905085948121e+00 1.187208928500547600e+01
1.743254281415119067e+00 1.263183807737272168e+01
5.199918612692805420e-01 1.206406825354435774e+01
5.507305989396387158e-01 1.255554320687334346e+01
1.366797242879674856e+00 1.241549132470898620e+01
3.618159915162553752e-01 1.275147974441813759e+01
3.097614199289155934e-01 1.333280422951048649e+01
8.875700021613839308e-01 1.210460252515114199e+01
4.808512895016668898e-01 1.227856094537657405e+01
8.404735237080035448e-01 1.195344165980449347e+01
5.488031989845053582e-01 1.221502215601059227e+01
5.741167656371189976e-01 1.229231965612838984e+01
4.154916208874178118e-01 1.287622903498248128e+01
3.953607926796605110e-01 1.301672361623165486e+01
8.285361972066839220e-01 1.199602208284851557e+01
2.069416902519861434e+00 1.236491526992019097e+01
6.245337001815955968e-01 1.210626104005546111e+01
1.296125302948146540e+00 1.209055633114115125e+01
3.702283998592775793e-01 1.261661744229137483e+01
4.151154002340299298e-01 1.283910074346524155e+01
1.766961715215480178e+00 1.224051706689837005e+01
1.118901926032559224e+00 1.246859482614921788e+01
2.175771686737614008e+00 1.230174625912240494e+01
4.209196004329305851e-01 1.226193749230660934e+01
1.607610690074499749e+00 1.190552440957333680e+01
1.256795625438487107e+00 1.213082501414537973e+01
1.105814592195484058e+00 1.214689197966936440e+01
1.273096657282104305e+00 1.202958680807649827e+01
7.094918441070288129e-01 1.209164451538810781e+01
8.002347138864611686e-01 1.196032569149142155e+01
8.708424737353719358e-01 1.195919002288155930e+01
4.267144305349134248e-01 1.243391079527871135e+01
2.051219281905211300e+00 1.183627936622992394e+01
6.210190628988400130e-01 1.181805650097892091e+01
8.200732440662553691e-01 1.169042763156507547e+01
5.711755691014462899e-01 1.185903817674425120e+01
4.313044540719870312e-01 1.273120854178801231e+01
1.624583154965662191e+00 1.189876150384475650e+01
9.093979365167539353e-01 1.200377226749389870e+01
4.216448475152856368e-01 1.211219852572426703e+01
1.525276458324683171e+00 1.212259581986532631e+01
6.857493278774126066e-01 1.214365266589554437e+01
1.893056280287316762e+00 1.246251206495053410e+01
1.228156542034303467e+00 1.202366987359466499e+01
5.119279691678496613e-01 1.213502221791041080e+01
1.567990516576240445e+00 1.247143093864583641e+01
1.160056632956418143e+00 1.224689977934863805e+01
5.018510403722639124e-01 1.258408406777057742e+01
3.967040367351278296e-01 1.286675981059201312e+01
1.698897823030397936e+00 1.223672064746004828e+01
2.131555794748200672e+00 1.245492642256914628e+01
4.177950634984156086e-01 1.306722443226560060e+01
1.579824790162752235e+00 1.213531320890203880e+01
2.099558348756479731e+00 1.251950542801584376e+01
1.826466184414557770e+00 1.236549836579626138e+01
1.871140317578332768e+00 1.236714372117955385e+01
2.013690542166642228e+00 1.132052788549960276e+01
9.534438518920346217e-01 1.191286819810318143e+01
7.708884971217545568e-01 1.207326468886708426e+01
4.341993628977649511e-01 1.261912691306531364e+01
1.441870353645151814e+00 1.232215154215983866e+01
1.304655173048795636e+00 1.217441025424343515e+01
8.512997206371702985e-01 1.219804411024036206e+01
1.629658493728565416e+00 1.151971117625086727e+01
1.981172584183690022e+00 1.222577660952807577e+01
1.823865092696484114e+00 1.229121086311504207e+01
8.804311687829702304e-01 1.180324339872112205e+01
4.257923084388002266e-01 1.277757693201214018e+01
4.571443637764068813e-01 1.245530504143200190e+01
1.085743743116046822e+00 1.202741380469004184e+01
1.991621554083273349e+00 1.160789635012797483e+01
1.989694685291555132e+00 1.230976163887512165e+01
1.885031094785544425e+00 1.235958486819593460e+01
1.293001128767610641e+00 1.187996979353340166e+01
7.783689498677681673e-01 1.176289803697601677e+01
2.016421229407662885e+00 1.186847323431232226e+01
3.625382900652725504e-01 1.298561153368397392e+01
5.534461265081259684e-01 1.217760276194063529e+01
4.603039476946589326e-01 1.205417916367137998e+01
2.057338989948954922e+00 1.126780375357356334e+01
1.517058192778301562e+00 1.225587409105439285e+01
1.220256934212262667e+00 1.217675727655811890e+01
1.083316638932207310e+00 1.190952803937408078e+01
2.018533095747724548e+00 1.153480796733881597e+01
4.514350644178078409e-01 1.245428588491385646e+01
1.023216888455035445e+00 1.176091919255437723e+01
4.618369894702660794e-01 1.202320703557470161e+01
7.273465519144062252e-01 1.174795725614014330e+01
2.168237594406841051e+00 1.202498676766084884e+01
3.820772279875124799e-01 1.273802516057012646e+01
4.383638891291013473e-01 1.301141738273181403e+01
1.625402789249525970e+00 1.192797269936736626e+01
1.847771945771684132e+00 1.178639554418506030e+01
2.002041036588197542e+00 1.139176021136882433e+01
1.463436387438751707e+00 1.231232863955622037e+01
1.864072814691988267e+00 1.265302802371712332e+01
3.815993003875535194e-01 1.310597526354066744e+01
8.723080305483384977e-01 1.216260578173840656e+01
1.325394182570708512e+00 1.238397912525747735e+01
7.131973309645389669e-01 1.221825686512914189e+01
2.049118554957625626e+00 1.225019515702245343e+01
4.575255897449117537e-01 1.239716851695890121e+01
3.326895135362266664e-01 1.334624797933920348e+01
1.995851830073233302e+00 1.245785312879682927e+01
1.235818394478251481e+00 1.209571344468243659e+01
2.013291279788250510e+00 1.099812686783842253e+01
4.634644273176626306e-01 1.288207646817109797e+01
1.073199742247630262e+00 1.160642360953016450e+01
9.158463414182559381e-01 1.179001947538460904e+01
1.508778436402904433e+00 1.237083892174445587e+01
9.965666668805790440e-01 1.210921047269972206e+01
1.744555118328565912e+00 1.235234363643175470e+01
1.242952113780029677e+00 1.166021899886566615e+01
5.019222141595689468e-01 1.210261580965711481e+01
1.918456434044088832e+00 1.159536378103284093e+01
1.321555950190788309e+00 1.246577303793281288e+01
2.031995662268255121e+00 1.224307897875678108e+01
2.054284345659313615e+00 1.224154698630704807e+01
8.976092395630661525e-01 1.186207274027531255e+01
4.883955739623793146e-01 1.204639241650750314e+01
9.446692704242907190e-01 1.220552763335470381e+01
1.250464198474851907e+00 1.164310311533856002e+01
1.884771336505571826e+00 1.154119432846273696e+01
4.588430279028052894e-01 1.269755601359762309e+01
1.399909914141267864e+00 1.202723598466030985e+01
3.359226408916017315e-01 1.275231061757910034e+01
1.058373313918859360e+00 1.193192512834781027e+01
4.464370416351678417e-01 1.234255849694362794e+01
5.390186258007664266e-01 1.215701712956477465e+01
2.032091208164097385e+00 1.160730846123590077e+01
1.617445358552920043e+00 1.176119407166741837e+01
2.037302146464217589e+00 1.188568744646142505e+01
1.602056823171630118e+00 1.231524274240679873e+01
6.112442156142803285e-01 1.205970598148440764e+01
1.438185006168829716e+00 1.207992482504832132e+01
4.414984038541565070e-01 1.230537897577020345e+01
1.201653558133951361e+00 1.186306013447140195e+01
1.783832474074062535e+00 1.181013738837972937e+01
1.830410178533689924e+00 1.173088782876005176e+01
1.993294891327937357e+00 1.123232193444785487e+01
1.711714089721114940e+00 1.212322368743690504e+01
3.597414841383472783e-01 1.261919856364791492e+01
1.599187525468670490e+00 1.239983216105909136e+01
7.934417515770574303e-01 1.219922253614129914e+01
1.572315462396705055e+00 1.216856256351308652e+01
4.027631166981270883e-01 1.297865380533755086e+01
8.325693342385805940e-01 1.240512102537346451e+01
2.220448488075738691e+00 1.162400690022052707e+01
4.080167638543334419e-01 1.260837191915705269e+01
4.443112083703476545e-01 1.243856121571877438e+01
4.834313517589298170e-01 1.257943951683851047e+01
1.406857376385737490e+00 1.203224626175783740e+01
7.246516203778111676e-01 1.186835297579198212e+01
6.822271359807361435e-01 1.207881534738850604e+01
1.254200100070522961e+00 1.213675376780587989e+01
4.239194509841461844e-01 1.287872350370486885e+01
1.092393719108713190e+00 1.207434824125552275e+01
3.713423841820757687e-01 1.293559388083579087e+01
3.695119258257866801e-01 1.300780422913207524e+01
1.737271095162338685e+00 1.265086276033321333e+01
1.045251021134169456e+00 1.173705363543360036e+01
1.479967738108300734e+00 1.206126133984981053e+01
9.401893070593813073e-01 1.203083624786284034e+01
7.160197686797892258e-01 1.206588610475686529e+01
4.253324418739684032e-01 1.260435654741962708e+01
9.621260763392455173e-01 1.211948168392242131e+01
1.945046638555104179e+00 1.251073961742246610e+01
1.141950171693039584e+00 1.210042838597962422e+01
1.394930180430558275e+00 1.254280067636919860e+01
5.076602824343103837e-01 1.238130954508814341e+01
2.158840377211975525e+00 1.226186153447560123e+01
8.229889298814817566e-01 1.178769113888490416e+01
2.057889621754585008e+00 1.112130636069696443e+01
7.154932119580893479e-01 1.268944793182492781e+01
1.569300747419492659e+00 1.236138703121795324e+01
8.423112060441324545e-01 1.192231138517328048e+01
1.021517690936907696e+00 1.193934218249717993e+01
1.041907437065097142e+00 1.199578393015979039e+01
2.150017954769810835e+00 1.170827914367221467e+01
1.969714965570103837e+00 1.258631639314532968e+01
1.258960255839212339e+00 1.240165254854543520e+01
1.430272774922380474e+00 1.176169582693532512e+01
1.599933171831346312e+00 1.223670174662794174e+01
1.828173101618928875e+00 1.247017785239637178e+01
1.694535375770473973e+00 1.227445628038455538e+01
7.799996579705893440e-01 1.242825972910321397e+01
2.065702628485726944e+00 1.160471623250762541e+01
7.635136574851058011e-01 1.200619617395593863e+01
1.558347254126422721e+00 1.166931959749476277e+01
1.225948187337039252e+00 1.164442620698249975e+01
4.768017765760254600e-01 1.249716549924375464e+01
2.137692624059547075e+00 1.152399230545825581e+01
5.360300393048048617e-01 1.250274067700351210e+01
1.308038265804357225e+00 1.198738339229210759e+01
1.530120245765988596e+00 1.161440969904498388e+01
9.360014715827978948e-01 1.220089264517242711e+01
1.454862750053684151e+00 1.214315194914734697e+01
9.893726878800805924e-01 1.199443311809119983e+01
8.897575111093020128e-01 1.208281151664296793e+01
2.838995996221851947e-01 1.371450050893286488e+01
7.568521895584869874e-01 1.172104051875172637e+01
1.194488681971959787e+00 1.203733314968576451e+01
7.966868712109448358e-01 1.230224185681582227e+01
4.328525825940826022e-01 1.242342284421150822e+01
1.287514253754621807e+00 1.198199473190143394e+01
2.065410270146134764e+00 1.251304594301711681e+01
1.644882148054414683e+00 1.209431057219104133e+01
2.041441676404984307e+00 1.218550420692053393e+01
1.168629289528220649e+00 1.233931922644529955e+01
5.168836298166713528e-01 1.252188938863563905e+01
6.337251457317734094e-01 1.213595395161007140e+01
7.839759076560968154e-01 1.220261733128418413e+01
2.077404462928698958e+00 1.245806822378086665e+01
1.019588900846527979e+00 1.213281150730002267e+01
7.920452053300128803e-01 1.238233563978380758e+01
2.235727970079292248e+00 1.238523187421057159e+01
2.089265797068091679e+00 1.235905625893255610e+01
2.075610785714455009e+00 1.160250226603476342e+01
1.696776849145502197e+00 1.263254035030782063e+01
6.181755716458200434e-01 1.202062015575356391e+01
1.996001148369302980e+00 1.092956247141095538e+01
1.208809550101486829e+00 1.196572945498620122e+01
1.768542354725533228e+00 1.245343287142761213e+01
2.253454710699069441e+00 1.180272799454411903e+01
6.598470685523425416e-01 1.180305853714979669e+01
1.421327457637158842e+00 1.180739247583691665e+01
9.058211695975469935e-01 1.198628968185769317e+01
4.767205349003109660e-01 1.239036934693873881e+01
8.056406501897056538e-01 1.202950852794598369e+01
1.776153409444141351e+00 1.219245151441122488e+01
1.155245604793788683e+00 1.184278230230301787e+01
1.962619193278298368e+00 1.197614195850396079e+01
1.450104970337762422e+00 1.202173069427112040e+01
2.062025407870762272e+00 1.208672607095493312e+01
2.115122563200488415e+00 1.253212276857530405e+01
3.827806163959665553e-01 1.274175570207517794e+01
1.586313539464397016e+00 1.214874357183577658e+01
1.996980469640483369e+00 1.197526216011392108e+01
1.273229882007234526e+00 1.186106908053844755e+01
1.817164577163303818e+00 1.259567725387814008e+01
1.401623270280733857e+00 1.146294658981301673e+01
1.838368532812038714e+00 1.221462318838913852e+01
1.124118986635134432e+00 1.203110916741035119e+01
3.522794652661712655e-01 1.335071134691312267e+01
1.132648519996911407e+00 1.204281630885784260e+01
1.404103615122472837e+00 1.196127072734635277e+01
1.371136098509832646e+00 1.231235806567645419e+01
3.805846655539115719e-01 1.281339399469714557e+01
8.412755816086766592e-01 1.179892362368859082e+01
1.562317468296598788e+00 1.241536898675181000e+01
1.904304095269455877e+00 1.164104280854328088e+01
1.298192059610213667e+00 1.209611577151419404e+01
4.084917318944134013e-01 1.253735230377883880e+01
6.106349131012752673e-01 1.224955301102544603e+01
2.054299145908069502e+00 1.208031222625565704e+01
7.376003537312302294e-01 1.212510415824432108e+01
3.526314155808071282e-01 1.326328545137311998e+01
9.741326488474361112e-01 1.228851991028112778e+01
1.941265060675194665e+00 1.241357538395954485e+01
6.491946359389134669e-01 1.167129645453317011e+01
1.527945820832418145e+00 1.239451756542056415e+01
1.990832376942248905e+00 1.250472969494686204e+01
5.689316709753118317e-01 1.208720663715000754e+01
9.053004202775418729e-01 1.212799025032729894e+01
3.447990722967754773e-01 1.267971312948957241e+01
4.359052733881030317e-01 1.254803221445767392e+01
1.467854183587138150e+00 1.203812882641613768e+01
1.548834072126026751e+00 1.203986481457440583e+01
5.828760475227164894e-01 1.211529896208177526e+01
7.078474051844948489e-01 1.196179629180278248e+01
2.013986868722138723e+00 1.201837809903804732e+01
4.319978478185125259e-01 1.221228485871004565e+01
8.130273851800194906e-01 1.236875653559215671e+01
1.839287048914751033e+00 1.216376925272028586e+01
4.147035129737436376e-01 1.269840352278387918e+01
1.075059010260063896e+00 1.179635808810942521e+01
1.941902272081115433e+00 1.252295110738782924e+01
5.880813274995220219e-01 1.171495826147672759e+01
7.619004598909598913e-01 1.206325602633797089e+01
1.316836573736873905e+00 1.210239944543857327e+01
2.084618555140701268e+00 1.178673035482438003e+01
1.460357046941641812e+00 1.227656771062291874e+01
1.998443857058430195e+00 1.115497518918545694e+01
1.282309946104487342e+00 1.217699840597642869e+01
1.135126983900422104e+00 1.264365336361458958e+01
1.608042610764110592e+00 1.235106641226648883e+01
1.947174157675265693e+00 1.239176931158227113e+01
1.019783212920381432e+00 1.185502533149485416e+01
1.889380893527430549e+00 1.267124720203106314e+01
1.669949228885316828e+00 1.260946572945310074e+01
7.216821112282700845e-01 1.255624724303517326e+01
1.098935174920863345e+00 1.205019089861946924e+01
1.366812652580859488e+00 1.204066265932949698e+01
1.230068814398241006e+00 1.161499747662780813e+01
8.791925570477960861e-01 1.178491830614888514e+01
1.131406697688485785e+00 1.232297961476436399e+01
1.350574184784245846e+00 1.199639446382292363e+01
1.886259988878923322e+00 1.150422627597261460e+01
1.699233192772815482e+00 1.192260210044668334e+01
1.353926089122249321e+00 1.195105831856671053e+01
1.943955138021374207e+00 1.222610329469616275e+01
2.118979810217652915e+00 1.196820179197337097e+01
9.690037459095640626e-01 1.200743903690187508e+01
1.931957665170271898e+00 1.235268773434868628e+01
1.377635949161420514e+00 1.207325512766490760e+01
1.050946166919908720e+00 1.176119970883839549e+01
4.250060761390254682e-01 1.303990836710070766e+01
3.581338819441403643e-01 1.293512987665397063e+01
1.109780870900213712e+00 1.219729212424686260e+01
2.072623878596667968e+00 1.205105488893219068e+01
1.250769039526512083e+00 1.213325138094073097e+01
1.881010721048561596e+00 1.165519591146180822e+01
1.842051774818719290e+00 1.169234051045108380e+01
1.959962919409746318e+00 1.232087374630343923e+01
1.994630843838430589e+00 1.219264879535889534e+01
1.856842968769573332e+00 1.168491001039347310e+01
8.773825764490017498e-01 1.157209823423844064e+01
1.507223028245178398e+00 1.217008451487215304e+01
1.577878885179806234e+00 1.216701012872033516e+01
1.372941144185098716e+00 1.242135466050325121e+01
3.590986580284463159e-01 1.300136262274302723e+01
5.493994134756201575e-01 1.232260687469698901e+01
1.057509522014079328e+00 1.230575700630560831e+01
5.272424611989348087e-01 1.286783413928898945e+01
1.042200604515852058e+00 1.248800474890780166e+01
5.563147221092477057e-01 1.204067958488801793e+01
1.749022265846782442e+00 1.215217326031629064e+01
1.920317990918680273e+00 1.259110828698691442e+01
1.083714592982901737e+00 1.205423652951458635e+01
1.535039867536320823e+00 1.199782350260397656e+01
1.156869375518119636e+00 1.186231689781041787e+01
8.705100478413465570e-01 1.210015570486137371e+01
1.663617251767259830e+00 1.172109110825750555e+01
1.301657682914181491e+00 1.186464828420049678e+01
1.961325371023175057e+00 1.171971948823553333e+01
9.007222426471382937e-01 1.204130211346355495e+01
5.162848520601941438e-01 1.234528511004213236e+01
1.690393910181908099e+00 1.175108553223357077e+01
9.003169822456454918e-01 1.248096054743397687e+01
6.480514000894755933e-01 1.187560208625724378e+01
1.150715486183074399e+00 1.209564567069337038e+01
1.559425327006066508e+00 1.214793868730260762e+01
8.314079467110951915e-01 1.219060826327530123e+01
1.373164941490036428e+00 1.221004461098562643e+01
6.279172495876964577e-01 1.213772162312895553e+01
3.854022361710802147e-01 1.284589497332361141e+01
1.970932389815131414e+00 1.148843535306054342e+01
2.167769050052132940e+00 1.246912676773054507e+01
8.340908025006621429e-01 1.228510417889194350e+01
1.490459933101126122e+00 1.211974938845565752e+01
1.762073941507775077e+00 1.250004924079303947e+01
2.095751820302899304e+00 1.247623284609818661e+01
2.048273040340871542e+00 1.187184033457442567e+01
1.227007824193779850e+00 1.200157421950763492e+01
5.260179305929895133e-01 1.247045300263529555e+01
2.112573240126360385e+00 1.144898366759715991e+01
3.539210051526401335e-01 1.320417893659555730e+01
1.306711183182821756e+00 1.233538009126326074e+01
6.247396553115223128e-01 1.255910585257942103e+01
9.382368245997970702e-01 1.165935205719595835e+01
3.899697686219524839e-01 1.278245099184531242e+01
1.398530526710462851e+00 1.231243887412080618e+01
1.553353144848282241e+00 1.235703797265203896e+01
1.383334189931486380e+00 1.202416339238862442e+01
8.859055062076771625e-01 1.192783457183499607e+01
2.205242169950387687e+00 1.212860627405267522e+01
1.928232788625019234e+00 1.189454564270081427e+01
2.028199305679992293e+00 1.238790501356922036e+01
1.855906053255020005e+00 1.246488960103121357e+01
1.748594299595206625e+00 1.203081985217776761e+01
1.319040136649341832e+00 1.218704078234041788e+01
5.671226475526469635e-01 1.197209448385580011e+01
1.437205529651037983e+00 1.236437121341471013e+01
3.417148464397901653e-01 1.256223993186705101e+01
9.835164226856130121e-01 1.182424062324394320e+01
1.010828209484744056e+00 1.182856487321066119e+01
1.820858938321474385e+00 1.164312064220841769e+01
1.161828667445930163e+00 1.206898833829023587e+01
2.054786022916573085e+00 1.219335662139961940e+01
1.605865727761520922e+00 1.210540490645658629e+01
8.743123125827986231e-01 1.187189784461668296e+01
1.514370219766650871e+00 1.214174660675346473e+01
1.906341334460932124e+00 1.212178351076962635e+01
7.716235189153557439e-01 1.200093000789365938e+01
4.211691235084988327e-01 1.280470242368207856e+01
1.854058604310325986e+00 1.173371000122662089e+01
1.036337978174458163e+00 1.205720670054400756e+01
9.589086220744083011e-01 1.203717225409113034e+01
1.154259633581198319e+00 1.194643612822237877e+01
1.852558940727385917e+00 1.212752940939210333e+01
9.236619523892726225e-01 1.223398523781933100e+01
1.737562823039610516e+00 1.266430446479113847e+01
1.767706264692985529e+00 1.252336822805938787e+01
6.934698750016923263e-01 1.242753173527340849e+01
2.161635083254120016e+00 1.184796090184026873e+01
1.781364560662399565e+00 1.249230338304706400e+01
1.260300944723325989e+00 1.239759152615265414e+01
1.192056830628564157e+00 1.239069978572756447e+01
1.877694201963255649e+00 1.199707628112424374e+01
5.909384104389229231e-01 1.181430882693488549e+01
9.127088995991252673e-01 1.211185927092490466e+01
3.292742076646825722e-01 1.311783122060089646e+01
1.486985646063566424e+00 1.223410161357632120e+01
3.723980903451861169e-01 1.297585319080024924e+01
6.715483248905568248e-01 1.192871082322194276e+01
1.067511691987198308e+00 1.209002590499496854e+01
1.588858742988494166e+00 1.231723488597615201e+01
1.142131091935897125e+00 1.180351387143195652e+01
1.036455326409926103e+00 1.179015460967537088e+01
1.845740309468704599e+00 1.174518041644688005e+01
1.111707123529827257e+00 1.221560668482921841e+01
4.920605583636813996e-01 1.234821056404716266e+01
3.803421716512937478e-01 1.319089121570571344e+01
2.050172027387619611e+00 1.153954571109778549e+01
1.556496122105646807e+00 1.179254524816587946e+01
2.010663206343948683e+00 1.178817049281409091e+01
9.983170782549077860e-01 1.203630178385824578e+01
3.361998427253703459e-01 1.299465900426597820e+01
1.121357975468042500e+00 1.190368926391612803e+01
2.031408955680659378e+00 1.202300178085006976e+01
2.011995052290043162e+00 1.210489653064405147e+01
1.106110751892153798e+00 1.159629094511453218e+01
4.380366544296988018e-01 1.271547976767579158e+01
2.050224484567706007e+00 1.227627083274857434e+01
1.579195422383160130e+00 1.234158746110573901e+01
5.359795053070420812e-01 1.233793406498975287e+01
2.108616914401883591e+00 1.158312419289351425e+01
1.682345842970349725e+00 1.238867041671418789e+01
1.432464064795478720e+00 1.236847815300638054e+01
2.143874409914954260e+00 1.229951471728004009e+01
1.536141570546478263e+00 1.218621511610027675e+01
1.865240660287132535e+00 1.269873661106481677e+01
4.707151799538961678e-01 1.252418706489222799e+01
1.105310466175519313e+00 1.210443236252037380e+01
1.676234553127504245e+00 1.259142115065472112e+01
1.057304999507684862e+00 1.254362458168608185e+01
8.263701833013655795e-01 1.253771771683448755e+01
4.958992892487742443e-01 1.248471670409548651e+01
1.377990256542853897e+00 1.250117458233992629e+01
7.234887350246652638e-01 1.219419695783583890e+01
6.977602217763855252e-01 1.215258255376826746e+01
3.795835232451639785e-01 1.271931186963904459e+01
6.243727412848517622e-01 1.194939293367467670e+01
1.424084522145466103e+00 1.232534086679729946e+01
2.026463606191255540e+00 1.181621298574466294e+01
2.143091401703325793e+00 1.242345881905817961e+01
1.929904056214458485e+00 1.246176591198371497e+01
1.363154484717975734e+00 1.254505899518159495e+01
1.097836322641146944e+00 1.251534716609904763e+01
2.121995298604999913e+00 1.237059145697271667e+01
1.528058769827691066e+00 1.230739349291815188e+01
1.996060645238379339e+00 1.212050973794461761e+01
1.748458819665222874e+00 1.198680959484678610e+01
4.268255590392512899e-01 1.223968007319814788e+01
1.375284608254502716e+00 1.225428577503114269e+01
1.381124035973957165e+00 1.225535898453383865e+01
1.490230948076240569e+00 1.261209742043036286e+01
8.264147967763574298e-01 1.205824989577444661e+01
1.873723534734143437e+00 1.228406873860073212e+01
1.925711369008488383e+00 1.217784703332835861e+01
1.604712209009307777e+00 1.263286547122630843e+01
1.064103528172929192e+00 1.174528953607190651e+01
2.042974145198011016e+00 1.197959493443049794e+01
6.898803016010873757e-01 1.237333338499881386e+01
3.487938955212271930e-01 1.300567721615153438e+01
2.237466591337010868e+00 1.176894685333091317e+01
1.838030490446048715e+00 1.236295391061546312e+01
1.734074408013742685e+00 1.241190282845522219e+01
1.888589414640984954e+00 1.180647821615258231e+01
1.440062817793103855e+00 1.147198174971141071e+01
4.639019828790141298e-01 1.219816966453604579e+01
1.093347932300952063e+00 1.258460292316167539e+01
7.813201594624489266e-01 1.261090610557197600e+01
2.098705319499264199e+00 1.181777889461936049e+01
7.657634117863769685e-01 1.237672854846035619e+01
1.742596383407906346e+00 1.222238504004774562e+01
5.274253586574678687e-01 1.285280228945756065e+01
5.400591382511091831e-01 1.273951396478975973e+01
6.480249050281592371e-01 1.241977059076556422e+01
1.908996361826278410e+00 1.196454040297020960e+01
2.197418508057037645e+00 1.173714663732195085e+01
2.184408693973775240e+00 1.177082432916303922e+01
4.145196462977627783e-01 1.277145569416096826e+01
8.303927346057974335e-01 1.237159493786015041e+01
7.027958108502059265e-01 1.211995343639002165e+01
8.878907561186180075e-01 1.208166206118181307e+01
4.795064592330273712e-01 1.268551275910798992e+01
7.723042300095123158e-01 1.200805700285353517e+01
2.061324372296085894e+00 1.207753656974386658e+01
1.218237881156520874e+00 1.227362194758368119e+01
8.903053041314656912e-01 1.191130601366968200e+01
5.242949591561235634e-01 1.257831063579165232e+01
6.646575879522989005e-01 1.222260765417883022e+01
2.132142315421999168e+00 1.212414720441525162e+01
2.048458891225241718e+00 1.078001872209941681e+01
1.297953204171227837e+00 1.155436172699162789e+01
4.306262229460265933e-01 1.283593840290481047e+01
2.122295913313156479e+00 1.210662225059823349e+01
4.172013043045923464e-01 1.271159338654278592e+01
9.704689270851235561e-01 1.219859795499368360e+01
1.258889297338752655e+00 1.205469032954951025e+01
1.420084813505616106e+00 1.207700455357331748e+01
4.290574050757899327e-01 1.249812930785899034e+01
2.906490886809117158e-01 1.344029887892184583e+01
1.297544568006519183e+00 1.247973775405818664e+01
4.178653560084230612e-01 1.301856549325190038e+01
1.644688272893463754e+00 1.201730719342080889e+01
4.775369910098483661e-01 1.195682420147561054e+01
6.364230346750286982e-01 1.230008701088428680e+01
4.351173414430459796e-01 1.295878647217933022e+01
9.898850642246418419e-01 1.223586426299456775e+01
3.539331436436749523e-01 1.282266746756985576e+01
1.438133590650420235e+00 1.170080196505246484e+01
1.666198990138380909e+00 1.246043898871835331e+01
1.072980243195210681e+00 1.228775290566273348e+01
1.816801034013808325e+00 1.113123830589534435e+01
3.564911371146036179e-01 1.314077076260811161e+01
4.425115243612329219e-01 1.283919454221667422e+01
1.402938499810588047e+00 1.261665842523145287e+01
1.327631010699149794e+00 1.251868700345997176e+01
2.039202656998791330e+00 1.233789960420492093e+01
5.375320890765873383e-01 1.268358725763263628e+01
8.659474428920785893e-01 1.190433166379984442e+01
1.012966646649892333e+00 1.162467019116395406e+01
1.467785591714917626e+00 1.151096876902734323e+01
1.323930977845039436e+00 1.181241313793250569e+01
3.150540322120850556e-01 1.304173673342840445e+01
6.074864335034864116e-01 1.230759505285647393e+01
3.597560489248363691e-01 1.245073266963905922e+01
1.725132784779574546e+00 1.240472928245825024e+01
3.340685699687041543e-01 1.280162002620811634e+01
1.963701820018307398e+00 1.181186620550342781e+01
2.024347851349463046e+00 1.197204918422103681e+01
1.649869083202314179e+00 1.225747698292120624e+01
1.856782165845907828e+00 1.165475488097815848e+01
1.640915581359502440e+00 1.175497423822969978e+01
6.546481490136873971e-01 1.234698025793298548e+01
1.466405241092393119e+00 1.181532875325481591e+01
1.287037215900913356e+00 1.188521324470219653e+01
9.188862728146864889e-01 1.239056844186008632e+01
6.125428613818681978e-01 1.153126557363702709e+01
5.959075954514335693e-01 1.154821763417959701e+01
1.626149988562645143e+00 1.194922926910662042e+01
1.425665163126431212e+00 1.197422023852495165e+01
1.324037881739512645e+00 1.256346303308810874e+01
4.916283929357188054e-01 1.268584884670470458e+01
1.331933193568517471e+00 1.182137155008683926e+01
6.254386761565364772e-01 1.200348016841990884e+01
1.039979477809242825e+00 1.226413638034548903e+01
1.633084505072142534e+00 1.246549300360775803e+01
1.762125039690835671e+00 1.180589258596081059e+01
1.345270096794219050e+00 1.227030731157818799e+01
4.671866281676100852e-01 1.266868269599397578e+01
2.078099055190505418e+00 1.139948407353717919e+01
3.774388768099007918e-01 1.265667650126319188e+01
6.922556333858186361e-01 1.170542184184235524e+01
1.708138301727516684e+00 1.202838581235090309e+01
6.392155413356463978e-01 1.214143504025858178e+01
2.024755058764595272e+00 1.238146183967604053e+01
1.945253528126149378e+00 1.237567591057293370e+01
4.789133849431373990e-01 1.282526536105129011e+01
1.961535063096245590e+00 1.218525400095547795e+01
1.833500995028701785e+00 1.183016287916449372e+01
1.951738961732635502e+00 1.172228477186457418e+01
1.374146461921603724e+00 1.232669562812322539e+01
2.001597024024799332e+00 1.187742693216471856e+01
7.711191527290680581e-01 1.229909413722347722e+01
7.077338617648447627e-01 1.233010517310649412e+01
6.937841186390554249e-01 1.185712431275311651e+01
6.849658435264787126e-01 1.242163485819224356e+01
2.018618945271550391e+00 1.208230045279066367e+01
1.526125459964051689e+00 1.215290307581976492e+01
2.043899258414200393e+00 1.122397474393687489e+01
8.847494691354533813e-01 1.241908886791005351e+01
1.937353557221151101e+00 1.267084183736311687e+01
2.190179144129868138e+00 1.209627990943429587e+01
1.470961481591720244e+00 1.187760451486214741e+01
5.850852442354367300e-01 1.198300903444789967e+01
7.413938050430809446e-01 1.201460503150792292e+01
8.032643502724688966e-01 1.197639615776275512e+01
1.678281501411643895e+00 1.224262437089349120e+01
2.983723944667541761e-01 1.347824554482749448e+01
1.077140613407020719e+00 1.195836440452428562e+01
1.388576463279201922e+00 1.213279740507777582e+01
1.726744159593552430e+00 1.223780642668405605e+01
7.690188694077133569e-01 1.235868937571910386e+01
9.820452486527557756e-01 1.225123409945105202e+01
1.859302069657958523e+00 1.215512997954246543e+01
7.707447408957377455e-01 1.201163398687188000e+01
7.676998351236874463e-01 1.223411836122690310e+01
1.609791489199678960e+00 1.221688641025046884e+01
1.962671434705388629e+00 1.165345425760779463e+01
1.078962686879589405e+00 1.212292381363810101e+01
1.164156427509188241e+00 1.221767838928452754e+01
9.431594242933625249e-01 1.213332610678195778e+01
1.133422596200045263e+00 1.194838133073113084e+01
1.438599761139290667e+00 1.219416807356149590e+01
1.601425636808233799e+00 1.188595894519047569e+01
1.206185315932672752e+00 1.189499722624446498e+01
2.023350104380691405e+00 1.066800044019564986e+01
8.650128128491273438e-01 1.227109268294337419e+01
1.746129313136018490e+00 1.218762442494189280e+01
8.798723079747362563e-01 1.232565194410566001e+01
1.199328032680952560e+00 1.225655438530291974e+01
8.793905890787120372e-01 1.192606015620818916e+01
3.847340283901354852e-01 1.264650195342039396e+01
1.929146556828790215e+00 1.210359167554476478e+01
7.875990244470304491e-01 1.203010735998298486e+01
2.125237261873442307e+00 1.272734705246564246e+01
2.155406243157462765e+00 1.256099908084321726e+01
1.026107198486285732e+00 1.235922170244817941e+01
1.395695393958956698e+00 1.231672687049030479e+01
3.909021081287450405e-01 1.301555496277324586e+01
1.269567650048246676e+00 1.234425889609854643e+01
2.030241591302143878e+00 1.211041850409872112e+01
5.066308697696665364e-01 1.237669368478519871e+01
1.566378805516971839e+00 1.228724699742410031e+01
1.847022758955481958e+00 1.227371758091149800e+01
2.016726953299218472e+00 1.173786063925201795e+01
1.983008666656026486e+00 1.176520719547958294e+01
1.549238228978627507e+00 1.223346055004499000e+01
1.121130244593636638e+00 1.219519635307759486e+01
1.250491810310268459e+00 1.198358760923096611e+01
2.031974945024513257e+00 1.203602184030979139e+01
7.482056984574045888e-01 1.157291647790858136e+01
4.939680605906384137e-01 1.240988103173524770e+01
3.301291135913509978e-01 1.307895420295918321e+01
1.233493951045295800e+00 1.245257228154464713e+01
1.020548897608952732e+00 1.235868288266260251e+01
1.787731165406571288e+00 1.200830910431316845e+01
1.264781915794704670e+00 1.241330331553787225e+01
2.083303370295537249e+00 1.150716229226407350e+01
9.198066692019115642e-01 1.200360499801893788e+01
4.166685621749249280e-01 1.301074481082965661e+01
1.236159964131779088e+00 1.182523339476343516e+01
1.379454408192277048e+00 1.227175352280582921e+01
1.601498139380632013e+00 1.232747928787947167e+01
5.457741998319270982e-01 1.278923954153227172e+01
1.989492251917375887e+00 1.195986514770912201e+01
5.520627770345564178e-01 1.265651035182799689e+01
1.826005617515904289e+00 1.190936159025448227e+01
1.075959618324130895e+00 1.231089970677209955e+01
1.072496500983675327e+00 1.209213414320817037e+01
1.058974846823992344e+00 1.256374867854712107e+01
2.053447563272591037e+00 1.145202954628657466e+01
1.755880521347964907e+00 1.228861893937292216e+01
5.510276798961363243e-01 1.236033392233662376e+01
2.175407712231444357e+00 1.170051168452588186e+01
5.024131959079819465e-01 1.289163818918071414e+01
2.130663782494234493e+00 1.216023199054749426e+01
1.466567783259301816e+00 1.265006355848040620e+01
1.900449158876852618e+00 1.181198666738174197e+01
8.860412623629627671e-01 1.186734820693251002e+01
4.132363360775291872e-01 1.253095144532888838e+01
1.834040896367583828e+00 1.156798039276737633e+01
1.241571037814671818e+00 1.208383547499064292e+01
1.070934232241594675e+00 1.173643826446993899e+01
1.042294613361158584e+00 1.200068772869843059e+01
1.013790192208744223e+00 1.206656645710918063e+01
8.027970069256662455e-01 1.217246082763375803e+01
4.032930271192590732e-01 1.225502634116022094e+01
1.794427523719920092e+00 1.256027661414359997e+01
1.292855617882403774e+00 1.185082904489365241e+01
2.093147918404120400e+00 1.231320480547734597e+01
2.030984728436463271e+00 1.194197441354153177e+01
9.084627010892144527e-01 1.194865042746075190e+01
1.356922480251810725e+00 1.232655262500628091e+01
6.798047824964226216e-01 1.210787907706655631e+01
4.738641744029781777e-01 1.239774753178089917e+01
1.526227109860686326e+00 1.262013852049645202e+01
2.107736364804824181e+00 1.217644427982233957e+01
7.304157987520156770e-01 1.190147457089541305e+01
1.437381617795459476e+00 1.187670948194501719e+01
8.583985998831862307e-01 1.236686194110968451e+01
8.498695384589122215e-01 1.154386982984830112e+01
1.745493440945263153e+00 1.251187561644072233e+01
1.735331224519171656e+00 1.251301652300850442e+01
1.346333745929181314e+00 1.223786562363293662e+01
1.546414393671945664e+00 1.225767508181741050e+01
1.210179287573935669e+00 1.185143160931879969e+01
2.071006173073106194e+00 1.177413569212197508e+01
2.076073172780279030e+00 1.225389376640475625e+01
4.189318974159577658e-01 1.246806046954396408e+01
1.742022234199486874e+00 1.200482855933480941e+01
1.804705239293755925e+00 1.246559259033736389e+01
1.989515232554629698e+00 1.218458139222201275e+01
5.343540030234403826e-01 1.236245563083513233e+01
4.131835161507930732e-01 1.289608424888859339e+01
1.161023206995789758e+00 1.213970759246619835e+01
1.008815085330306838e+00 1.219256173826302714e+01
4.241975936262345481e-01 1.213822178514377725e+01
7.791736464666503270e-01 1.203256638201267137e+01
1.031713640149488409e+00 1.200868386501193719e+01
4.509782148804055146e-01 1.236864949024348803e+01
5.481877731599714698e-01 1.229840986629894672e+01
1.707905459627254263e+00 1.236531483669717879e+01
3.258528054134547935e-01 1.326670493964692810e+01
6.553498416410487026e-01 1.214473472380662855e+01
1.345732472283624803e+00 1.173798792924730527e+01
1.531063784595347865e+00 1.181316578555163233e+01
2.071991418412275632e+00 1.253397162199354220e+01
6.942545177221970398e-01 1.231747538347060811e+01
1.111134143579324940e+00 1.205739790794568655e+01
8.408581088585262986e-01 1.186266350278814308e+01
5.684069988584903310e-01 1.191527067469219858e+01
5.243398638128657918e-01 1.251027506486812158e+01
1.170033725297424665e+00 1.241106206757677910e+01
9.076289297492206032e-01 1.229348762611158463e+01
4.549071163663268025e-01 1.252011009254287544e+01
1.252468922485772573e+00 1.196334659288059932e+01
1.081503000353907673e+00 1.215284038195433780e+01
3.244801699953881458e-01 1.329987906106245887e+01
1.458916565142939881e+00 1.189679182155976278e+01
1.828862462796346788e+00 1.232963864827304157e+01
3.412595967999805247e-01 1.289851827792943517e+01
8.889902619559447716e-01 1.229140193869332798e+01
1.799250893738572277e+00 1.142810361900133387e+01
9.792895900629953188e-01 1.250039650896809107e+01
1.238387698812640103e+00 1.221839932864585876e+01
2.040811834859580731e+00 1.258792619447258510e+01
1.620279371113674038e+00 1.211878327137150180e+01
9.353498783986782250e-01 1.239269952020834964e+01
1.373719859475684757e+00 1.251209517347481359e+01
1.486456254941179722e+00 1.173491543685487315e+01
1.635618201109778402e+00 1.133036758426392154e+01
9.771875631504547410e-01 1.175751798747399590e+01
1.681160401767018087e+00 1.203074888394643338e+01
8.114496038851041204e-01 1.209256327338864523e+01
1.430622193326288594e+00 1.199639657617461630e+01
4.464006192792422945e-01 1.265277247964344376e+01
6.603630954425215860e-01 1.225769404874485247e+01
2.164556895033180162e+00 1.165734626372480598e+01
1.805162875407542611e+00 1.248775331410165101e+01
5.486323571198369331e-01 1.263167099255894499e+01
8.787992260128546507e-01 1.214060468883847044e+01
1.871552608177954102e+00 1.252347405920978929e+01
9.867182829567960889e-01 1.234768076539100434e+01
1.989720480045680029e+00 1.200436219330212317e+01
1.941567921295644483e+00 1.141826593121805011e+01
1.524169693901154421e+00 1.155948990430498569e+01
6.479390022274265082e-01 1.166562689635132521e+01
5.893792690224515241e-01 1.183213137882471777e+01
3.035970709248239086e-01 1.313244291516523532e+01
1.912259366745083788e+00 1.250492858143229569e+01
1.138752047186192495e+00 1.213207134648438767e+01
5.657328585771611573e-01 1.265328459036529551e+01
1.862200487260838200e+00 1.254288799657531861e+01
1.827150671925726444e+00 1.202303209038887388e+01
4.250523567112564072e-01 1.251828242365601973e+01
1.583557907321517577e+00 1.203475166825383980e+01
9.674878747741706420e-01 1.184501641739274902e+01
5.793717182088391482e-01 1.202589434972933979e+01
2.084280276424495870e+00 1.101170397887323560e+01
3.382395307718916722e-01 1.304982052326113262e+01
1.563463421748764626e+00 1.191637594395556476e+01
5.184011181609151642e-01 1.217802578622659126e+01
5.315706016915993093e-01 1.243395278393344228e+01
1.632050192568033964e+00 1.199606424659278403e+01
6.930588169636935358e-01 1.208683463948088921e+01
1.123914570508358635e+00 1.219225007733236055e+01
5.492686622867777313e-01 1.259050727255976554e+01
7.499999733902426025e-01 1.180160266960891668e+01
3.093110355726957916e-01 1.332206754738568577e+01
1.716450877501342287e+00 1.170276382030266582e+01
1.398743481433453173e+00 1.192726634845973699e+01
6.238572061722175155e-01 1.244358124962330514e+01
6.931008065173795973e-01 1.192305118975488654e+01
2.096436466863684345e+00 1.229370080158866863e+01
5.911174058553749777e-01 1.206205972442408125e+01
1.426576956658572870e+00 1.225936269924831024e+01
3.272558609271384866e-01 1.281366607645486511e+01
6.424975063038689260e-01 1.212363680268874688e+01
6.311640038286223664e-01 1.218612009612630764e+01
2.017476251138438759e+00 1.265778097025002857e+01
5.825342150244320338e-01 1.215520199023577597e+01
9.172677853461319586e-01 1.220103659103074101e+01
1.966560144410962385e+00 1.223900254518445507e+01
1.657008461075580641e+00 1.261051950792900200e+01
1.318479521592117010e+00 1.226908443018488981e+01
1.098330271589021079e+00 1.181777979960292058e+01
1.975541903353085216e+00 1.096287124238168609e+01
8.459499752878077983e-01 1.165258963792560110e+01
1.898883216193377743e+00 1.188872620626827548e+01
4.946392612308482817e-01 1.246878724461516086e+01
1.863932121415966092e+00 1.190184292487056616e+01
4.976552331516085337e-01 1.252712909711677902e+01
1.235425206093497819e+00 1.215875096322508497e+01
9.786882702797530253e-01 1.189811548720545176e+01
4.703182782933106876e-01 1.261953177716683605e+01
1.451919486617404109e+00 1.189959996750439686e+01
4.701275750311465496e-01 1.296180540649822710e+01
1.708457137243439394e+00 1.175819920333785262e+01
2.032171718217249179e+00 1.142328664211880351e+01
1.634683578402181592e+00 1.191947049004819625e+01
1.623879175797789731e+00 1.224799176531994860e+01
5.378922906520193781e-01 1.239320882448476979e+01
2.160149201804503871e+00 1.225661892488964178e+01
6.526796985673098961e-01 1.213372271252308821e+01
1.364068210687038540e+00 1.196832916245321243e+01
1.330390589436944548e+00 1.229093510095725073e+01
9.444909735615727442e-01 1.163547039907787983e+01
7.521788739337554874e-01 1.185779222064883065e+01
5.315937909887843427e-01 1.246686287267633197e+01
1.008662116540718356e+00 1.214649773781282782e+01
7.181146882149740396e-01 1.209165566031427907e+01
1.927450883780346347e+00 1.176885252712779639e+01
1.388749249645491179e+00 1.229356875677362559e+01
5.560727593956937831e-01 1.186320229040593865e+01
1.781805145767480836e+00 1.172624796484375587e+01
6.059729759054908182e-01 1.151574513889767637e+01
5.471498087655649600e-01 1.232323416620613088e+01
5.910124701505639067e-01 1.172412219787891097e+01
5.871126387337093355e-01 1.168466452169283087e+01
1.323939365417503566e+00 1.173656814760975919e+01
4.012737923767804582e-01 1.203209456358914409e+01
5.868874437437279212e-01 1.156643558804262639e+01
1.317883333244055821e+00 1.174031814672767204e+01
9.199852586894586848e-01 1.178655463432572148e+01
1.562531892737806682e+00 1.144191283597669617e+01
1.869644253433357273e+00 1.183784663520958524e+01
9.102082239379550854e-01 1.216645912268756469e+01
1.672319563580464186e+00 1.249298483875661425e+01
9.656068822148242692e-01 1.193558149386008260e+01
1.420909024933989739e+00 1.181773371679230422e+01
1.400063740927582012e+00 1.188113128407736596e+01
4.041093522170545738e-01 1.249465312858479393e+01
1.804689551209918585e+00 1.227336253357939633e+01
3.251524288615517677e-01 1.316890124238619819e+01
1.182156877922714955e+00 1.214380022702757955e+01
1.730242988931450565e+00 1.220484950535557189e+01
1.198738130463210316e+00 1.213950996332078169e+01
1.626990063839240053e+00 1.242557436049519382e+01
1.094666992785091386e+00 1.240823442428708567e+01
1.551405978028086441e+00 1.188690362255242938e+01
9.289344102707248751e-01 1.164669330988944296e+01
5.491379074986765252e-01 1.279056829022900388e+01
1.026585314917851877e+00 1.173491149402181932e+01
1.536272191494898021e+00 1.213100254748063200e+01
1.316804856785225519e+00 1.178996740276414634e+01
1.201799299138947674e+00 1.225766206970657457e+01
1.346600835217837355e+00 1.225498954624932324e+01
1.151468482105937552e+00 1.174356580332188926e+01
2.159468376586803462e+00 1.165618471113959487e+01
5.258677082619988008e-01 1.240363245096227196e+01
1.341086871955211368e+00 1.233843084747304708e+01
2.071343929532476924e+00 1.223284672110960791e+01
2.126545469368995356e+00 1.199867086653135928e+01
2.015528279830490543e+00 1.204372454017237715e+01
2.034215791025308917e+00 1.259811699719578115e+01
2.139800188495610378e+00 1.231834074204455654e+01
1.060110461050309150e+00 1.207352478562106057e+01
2.023561983017620136e+00 1.120008331886499420e+01
5.989724309301028837e-01 1.209417677291655657e+01
1.996818195700369447e+00 1.211313801534587498e+01
5.931854308603229375e-01 1.171124844714755397e+01
4.859499758138774994e-01 1.248453181059936767e+01
2.045730479944365854e+00 1.223844711217216741e+01
5.563843746581600413e-01 1.243419809650890606e+01
1.557102820851654634e+00 1.178349954176194814e+01
3.365763374483866088e-01 1.308765971843374132e+01
9.310841644064509204e-01 1.193417411493179792e+01
3.362294075579254082e-01 1.295105520068099558e+01
9.892794383421464888e-01 1.193190782124228555e+01
1.633828063325046598e+00 1.210499875072344267e+01
2.059881956215386722e+00 1.144703803155664801e+01
8.039335348438377826e-01 1.186030452552124181e+01
1.161998922764867714e+00 1.200427128751693218e+01
1.324793732470817442e+00 1.203372189020268124e+01
1.186100590942447575e+00 1.204296373518448782e+01
1.128899755203745636e+00 1.184141235704029960e+01
3.783723932042562521e-01 1.299794329168632245e+01
7.675750580192458594e-01 1.225406006267640890e+01
3.854171726147273547e-01 1.270326109554287974e+01
2.026242207144013374e+00 1.192849798977888831e+01
7.034423086152005178e-01 1.255197795730321708e+01
1.757900833715024147e+00 1.263623265214872582e+01
6.392775076276490109e-01 1.216324470135811531e+01
2.045600617407409061e+00 1.194664341924124606e+01
1.841737151885972645e+00 1.163579059098639235e+01
5.208752859180189043e-01 1.208022913903718631e+01
1.283723553832204267e+00 1.143158771074029545e+01
1.839445611199360897e+00 1.130337430911342800e+01
1.910586308544064638e+00 1.116687447107248410e+01
3.580876947502522611e-01 1.260740624568346036e+01
1.931434292741423864e+00 1.120785430081538081e+01
4.857835635749965797e-01 1.246810599918837603e+01
6.976663737506870744e-01 1.235373991387135106e+01
5.468793697471152626e-01 1.261930236639102887e+01
1.064308556971315989e+00 1.166071212926510015e+01
9.742403512151145417e-01 1.221712319648646350e+01
1.918793085523167186e+00 1.214613837379736339e+01
1.571876134743182885e+00 1.227804488782839698e+01
3.677420438791182411e-01 1.297447325818842323e+01
1.699859342210626956e+00 1.250937039706232667e+01
2.058296435810397895e+00 1.227235197182763571e+01
1.133789114643680485e+00 1.214943853620404290e+01
8.070583992953412888e-01 1.211638528361773304e+01
6.877541088374500289e-01 1.192536096050556260e+01
8.667332352513862359e-01 1.193237071785594594e+01
5.361405640495260361e-01 1.221458075766629747e+01
3.577504285584897636e-01 1.330047492722247782e+01
2.008799133506546930e+00 1.118410716368820523e+01
2.189759031742108508e+00 1.192995033976012387e+01
1.780982614460244751e+00 1.218715976340582863e+01
2.038317473247032385e+00 1.202639654167904837e+01
9.557725482441793430e-01 1.217511479222455506e+01
4.080031274907112149e-01 1.294271626433927480e+01
1.752814945615004394e+00 1.178368963769852407e+01
1.499919065178768163e+00 1.144034651368977684e+01
1.654978525404555478e+00 1.238300105612426272e+01
1.915597409492441505e+00 1.147643529750957470e+01
6.627925212493644969e-01 1.224162806207245069e+01
4.162675136207250048e-01 1.297834347380261377e+01
8.108434340848778010e-01 1.190720396645349766e+01
6.135278863304197694e-01 1.232855755624151861e+01
9.903449229140506294e-01 1.182299128511789021e+01
3.598518124959977360e-01 1.280192918359220577e+01
4.797589149044218515e-01 1.221848848320288639e+01
4.564784192928951767e-01 1.281589400464742390e+01
1.523178923053907896e+00 1.230418550397868493e+01
8.396704451262473334e-01 1.199506112153750870e+01
8.754520431801898761e-01 1.177237850726917578e+01
3.046413087719584967e-01 1.319371668055687863e+01
1.956028908710838898e+00 1.240940860809949164e+01
1.485045965509548038e+00 1.224846344707046342e+01
6.354004681994506187e-01 1.200961683985015149e+01
1.274300594495826999e+00 1.224009150237518107e+01
1.229121178178040452e+00 1.191052181073172633e+01
1.772081729877673206e+00 1.227560602499580078e+01
7.285941922493273104e-01 1.196149639144359078e+01
2.029699526428540235e+00 1.127988947441719247e+01
1.132053416696385151e+00 1.223574095838220543e+01
1.985373916586924858e+00 1.225676684780020942e+01
8.437538754522051487e-01 1.171179170096679911e+01
1.931321382986010082e+00 1.223649850651505133e+01
1.580629710457233550e+00 1.217355655292606009e+01
1.221786679094451156e+00 1.202291552533164776e+01
3.671772009546635518e-01 1.265715236669238486e+01
1.909664546217616499e+00 1.249540531604451665e+01
1.426622221983150807e+00 1.204668897351873724e+01
1.364924126586472664e+00 1.200874976941848260e+01
1.318525949056084112e+00 1.213042893376906406e+01
9.094258372518808642e-01 1.258209062840615644e+01
6.527846331287211479e-01 1.230504250711346970e+01
6.997576853923646034e-01 1.226104103643016430e+01
1.831250569128732408e+00 1.258167752295574360e+01
1.263783450432371724e+00 1.175095404756904394e+01
1.239895136776597129e+00 1.211770309236221088e+01
6.919915588765710446e-01 1.204116979482760819e+01
2.012016163949562841e+00 1.255682370520682944e+01
1.471934801885950161e+00 1.204043377927329850e+01
1.019367089411493454e+00 1.183811029224162681e+01
3.828092025888280014e-01 1.303113208833471148e+01
9.787439057166542611e-01 1.176714450308040405e+01
2.849589023729633963e-01 1.362245829206642611e+01
1.115691303026617787e+00 1.201855592695048713e+01
1.795185384296523523e+00 1.250843376637860516e+01
8.462138356758315272e-01 1.223168515320922012e+01
9.002356765656320814e-01 1.165244727847546358e+01
1.437151477018825840e+00 1.165877204271764001e+01
1.833476819118398105e+00 1.219050370143013851e+01
1.061160700888315045e+00 1.164244453934206547e+01
3.304734525869900685e-01 1.328643811390094243e+01
1.519209840369197817e+00 1.177054740407560729e+01
9.758382736533066648e-01 1.254318617310981665e+01
4.708337882863508073e-01 1.221864828641221123e+01
9.927970813190741817e-01 1.229199669202798439e+01
6.680822275644621167e-01 1.237076368404567006e+01
1.346607170200484926e+00 1.215484043017186266e+01
5.651941182199148317e-01 1.253020491337831110e+01
4.256693550176261498e-01 1.290692706624250619e+01
1.412142512341792555e+00 1.253127679948862649e+01
3.980962623351914087e-01 1.270054315931952260e+01
1.817473020055982103e+00 1.208976646939556154e+01
5.238891543798515071e-01 1.259492973204983635e+01
6.326998061070094881e-01 1.162620574444765964e+01
1.901498898584030206e+00 1.217185947933200119e+01
1.301826046969897677e+00 1.234882552151659674e+01
1.339090884041646001e+00 1.226976278656143293e+01
7.849074388381231948e-01 1.203113794560140626e+01
1.908404229953138520e+00 1.256677997929677559e+01
1.366029181806874382e+00 1.221657717358620054e+01
1.823450599561867058e+00 1.226410479107678420e+01
1.251613027485869445e+00 1.198544650014702206e+01
8.379062775383677719e-01 1.195085389839395340e+01
5.559321921440699699e-01 1.198893030017559269e+01
1.831488199717220766e+00 1.199442356901820794e+01
1.367139870333809570e+00 1.215411312189787374e+01
1.201543523168252747e+00 1.222969974624700384e+01
9.123573349949727351e-01 1.193508236270860046e+01
1.045157856924779471e+00 1.174475862697719108e+01
3.642292537819591947e-01 1.261603778721179836e+01
1.410774559675437967e+00 1.236130176574979878e+01
5.961915211791514180e-01 1.191295857369342670e+01
3.509570041422805931e-01 1.298454892471916189e+01
4.034083413512097871e-01 1.224564404909773252e+01
4.248353239427024586e-01 1.284092209925944239e+01
1.372331912983165259e+00 1.233282675345336621e+01
6.823229947214761726e-01 1.237772963191160969e+01
1.615242920487998335e+00 1.183197282237997250e+01
3.431344578213537666e-01 1.299169635647744947e+01
2.817801751875107508e-01 1.359051951050645357e+01
2.019613770918485152e+00 1.214982674852278066e+01
4.103733048330034938e-01 1.275288544835663807e+01
1.400946315551661936e+00 1.210998184231845620e+01
6.548567760561988527e-01 1.172780980700387587e+01
2.132630476478142967e+00 1.263222713391440877e+01
9.621705047811929257e-01 1.163321842593994226e+01
9.455322156837610015e-01 1.170788276415011353e+01
7.684040938066130089e-01 1.212851065953742946e+01
1.015620876468052991e+00 1.209055018081440203e+01
8.387747242889200816e-01 1.158168849706281378e+01
1.225194494343633478e+00 1.258003157507365977e+01
1.715700735298232527e+00 1.156804358323305593e+01
1.641080336157124453e+00 1.175016060953053909e+01
1.386005696485653749e+00 1.232829349711966671e+01
5.274610864103048691e-01 1.235852284447938843e+01
9.986909351788104683e-01 1.196918966222984970e+01
5.072866104178700430e-01 1.243610871380982452e+01
1.430511007968334081e+00 1.212962873066768310e+01
1.013263773561464465e+00 1.175727135710017457e+01
8.572271145191133757e-01 1.179670996152564122e+01
5.052857603776321760e-01 1.262210578976894482e+01
1.091391850894395166e+00 1.200472514583227657e+01
5.230010257236115123e-01 1.239416258047092079e+01
1.138945748257470303e+00 1.214114078479660463e+01
8.376220894260563155e-01 1.165729469171956190e+01
1.132282111611329523e+00 1.192266110200966622e+01
1.848013496824444601e+00 1.173127833765359540e+01
1.764555162645575326e+00 1.214121881905734490e+01
3.732335830124656750e-01 1.292365841829467321e+01
3.414521267473156763e-01 1.324078008621768987e+01
2.995505337763594844e-01 1.329887711511545589e+01
5.279427647980657889e-01 1.252638594326266563e+01
5.070185129725617301e-01 1.204927373257745060e+01
1.806463077180886723e+00 1.244727655776364728e+01
5.025070157903800405e-01 1.247003310951005517e+01
1.235962405729675639e+00 1.236776198879159949e+01
8.124660169617742289e-01 1.167979867230332047e+01
3.613946702102232567e-01 1.285092004309509228e+01
2.145600153349059624e+00 1.133099896041482246e+01
1.262277022070274368e+00 1.243329596649342150e+01
5.974097585891027240e-01 1.232245522595651899e+01
1.162975304736478366e+00 1.178548469019163214e+01
2.011633543460697116e+00 1.188506901209584221e+01
1.591052703102059596e+00 1.196756055851548517e+01
1.830986529605318713e+00 1.227521409075158587e+01
2.050122860755404730e+00 1.233016752335546684e+01
1.901083024281308820e+00 1.186576401636448175e+01
1.919210501950343817e+00 1.185467476954885768e+01
1.445152670156293340e+00 1.254914937534806540e+01
3.509159115440774190e-01 1.300703920773380595e+01
4.752476789446631877e-01 1.252767756385358666e+01
1.724277086889692390e+00 1.206823218282989885e+01
8.741452003352243594e-01 1.172804370038707766e+01
3.192200224844747858e-01 1.334513478264284814e+01
1.960711976019044123e+00 1.274371494344783962e+01
2.026561186798090830e+00 1.276193307395308096e+01
6.423341708683830698e-01 1.205025962129768757e+01
2.112907777104919393e+00 1.171563708934454873e+01
3.619375810811247818e-01 1.270444152821857209e+01
9.258486138080056493e-01 1.161217239996720352e+01
1.004553395515700664e+00 1.197269118831776957e+01
2.008423656824231962e+00 1.240387204970186197e+01
1.261905591879282751e+00 1.153451048916783428e+01
1.933218847354740477e+00 1.135117714583876491e+01
6.501160994968399054e-01 1.272503905865201013e+01
2.089050674721856016e+00 1.271374059300039505e+01
6.335199070059979176e-01 1.193947342783103771e+01
1.188875993181247370e+00 1.199094116264483212e+01
2.045437116784368570e+00 1.197456514098476887e+01
1.190099892109451440e+00 1.235672841635571828e+01
6.768439047348158155e-01 1.182673975855219162e+01
1.726896363436857484e+00 1.210475084045393679e+01
4.369068954912347924e-01 1.259620331788737957e+01
2.229515140706104237e+00 1.143186844037743555e+01
7.498718796544437959e-01 1.224602096759251602e+01
5.050231052862551584e-01 1.252575891677069642e+01
5.269543031650734122e-01 1.223114089036876884e+01
1.859508169083787577e+00 1.235375924729748220e+01
1.900025226447975113e+00 1.205739568231280145e+01
4.864033340819062246e-01 1.210986597879514726e+01
7.635180211979074594e-01 1.230820946843896913e+01
1.161999729219300059e+00 1.185292988911777812e+01
2.020225469193801970e+00 1.219595613091145836e+01
1.026157235665669853e+00 1.241521534797074011e+01
6.921460196660276232e-01 1.241350179292675193e+01
1.982168425377380361e+00 1.155325067787915394e+01
5.124926910679332703e-01 1.246007467263355473e+01
4.224610604823995086e-01 1.261860855637076995e+01
7.161480815537140110e-01 1.251759882898505971e+01
3.132874526494641709e-01 1.307376401822421919e+01
1.193469133957516970e+00 1.164391431569533886e+01
6.695478011070150615e-01 1.229169006094045891e+01
2.011592966570326713e+00 1.175698409579790038e+01
3.035688124408913446e-01 1.339695118554541153e+01
1.137458487667352136e+00 1.205093088476208329e+01
2.157510343732593316e+00 1.185188571416716741e+01
8.765886991604655565e-01 1.197488989986175589e+01
1.911150010474340188e+00 1.188439995624982259e+01
4.648939376776844989e-01 1.252157917841267576e+01
1.821683351303976961e+00 1.212930030292504924e+01
2.977552193100885258e-01 1.324517353619541282e+01
4.902744661200638676e-01 1.190600249470743321e+01
1.891406910629090721e+00 1.235786305445247280e+01
3.954568121850582929e-01 1.257136420265601551e+01
5.685871973403742174e-01 1.204759033417393610e+01
1.754775396509436369e+00 1.226545701258660692e+01
6.470248686637208868e-01 1.234683399904331225e+01
3.630031500433796299e-01 1.307799813676471423e+01
6.484477401124206786e-01 1.191931461994500374e+01
2.005182418552414081e+00 1.219878680145946248e+01
9.267756916187633864e-01 1.206919139897927451e+01
1.508752822222711121e+00 1.242083618505740539e+01
9.915633829040830793e-01 1.223890885457069366e+01
2.101028930061402011e+00 1.226517498135235584e+01
9.264799200787724454e-01 1.254482569161592487e+01
9.285708495742819313e-01 1.202020744636445393e+01
8.830032360576854922e-01 1.149110602975377127e+01
7.213683018915865164e-01 1.154449675658801411e+01
1.785967438462729540e+00 1.238662961415066377e+01
1.353150934855950949e+00 1.219577902350630616e+01
5.364453942584206381e-01 1.236494227679029123e+01
5.804525211908517779e-01 1.188796014284859126e+01
8.188858965993164318e-01 1.215420051469012463e+01
1.556486409310238850e+00 1.208128376056260933e+01
3.672787925371158169e-01 1.332120009155698170e+01
1.993251193336448956e+00 1.231064942095302506e+01
7.860783076806724390e-01 1.140108995814829207e+01
5.338287548660235471e-01 1.217341353738833831e+01
1.193231136647729507e+00 1.174194940417793553e+01
1.569809454040839602e+00 1.218570640779620717e+01
1.132192566583927418e+00 1.214409738299384678e+01
6.541728237461835738e-01 1.198528020723122189e+01
1.141121290693428492e+00 1.181793351840751427e+01
2.063134339797738637e+00 1.214549591575105758e+01
6.126402781125224184e-01 1.241777735706810404e+01
9.091023326504681368e-01 1.164375472724820249e+01
2.195602781302445017e+00 1.179415538476206571e+01
3.388100837229762741e-01 1.274329573358113876e+01
1.539211237702482915e+00 1.196073931247767952e+01
5.967777117724203384e-01 1.164086282473628842e+01
1.626723772908207355e+00 1.248345783273983756e+01
1.903211669304784248e+00 1.216206562740569908e+01
3.128084548246981567e-01 1.332073344032965778e+01
1.986187642350575988e+00 1.220344163517415836e+01
1.064601793653767725e+00 1.209777531522680860e+01
2.038176930887105165e+00 1.138226857735844533e+01
4.342204312292541890e-01 1.219715548131308758e+01
1.714900910671953271e+00 1.208106581974649174e+01
1.967926266309059757e+00 1.220741334613741813e+01
3.143910069573459531e-01 1.313588143101056538e+01
1.804894430878180689e+00 1.202180148076547539e+01
9.391884351773097661e-01 1.223686403707389303e+01
3.292569279990264497e-01 1.296163418220458752e+01
9.353237502506285272e-01 1.192511517739370497e+01
1.429895419496299391e+00 1.216144946201175969e+01
9.713634075333835716e-01 1.188761203691757729e+01
2.039953178569988701e+00 1.095937360685692319e+01
9.744922890295935058e-01 1.233046470146479479e+01
1.745391575462386546e+00 1.250851820683671178e+01
1.025578572547812817e+00 1.244914827748612751e+01
1.785089803858195934e+00 1.263332357293322694e+01
4.725835208840619139e-01 1.276054199320395455e+01
1.022893770648004796e+00 1.217818503125978147e+01
5.493976130775154454e-01 1.236698091857896209e+01
1.649105587015325058e+00 1.181679954641514740e+01
2.038415528959995004e+00 1.160014983493261198e+01
1.398647363181538150e+00 1.231064891751969448e+01
8.367279982732707122e-01 1.219720088177360395e+01
2.073299408748013217e+00 1.249877647125651769e+01
5.911113439976743988e-01 1.257431253806771032e+01
1.082944054654327859e+00 1.172969799023942095e+01
5.109071643079439173e-01 1.286804625182236350e+01
1.197683336776868002e+00 1.192234241511038029e+01
1.832742850873948059e+00 1.196016134582806778e+01
1.757572346965855070e+00 1.200966460311681061e+01
9.431146272750667858e-01 1.169696006411874478e+01
1.510371146880444826e+00 1.227266775948722355e+01
1.391129620007656387e+00 1.211722472792076388e+01
1.199659723719468163e+00 1.206031260867665900e+01
1.075592932132451329e+00 1.250647573841913385e+01
1.925699346540745704e+00 1.235058666270161076e+01
9.130925847542770146e-01 1.185151790223912371e+01
1.927701835597387392e+00 1.151950679047364900e+01
1.308484151384386118e+00 1.211663606556859030e+01
3.434319508582728830e-01 1.294466439529391977e+01
1.271730197415840147e+00 1.233651518063018493e+01
2.043160434566351658e+00 1.125035329969186648e+01
1.868814131442866788e+00 1.139928924990413961e+01
2.171492895400375378e+00 1.184095446699780574e+01
1.958113250401507965e+00 1.247609028914298790e+01
1.400049230313046067e+00 1.208965080695495509e+01
7.239188436975247942e-01 1.198729806134361553e+01
1.583610561625225177e+00 1.227951313306219205e+01
1.094530422092630184e+00 1.215417536031937296e+01
5.830679970882237662e-01 1.219970065969209116e+01
5.827812683412001427e-01 1.224886648205299622e+01
1.441971745422021778e+00 1.213133425901803442e+01
6.285682761922070094e-01 1.176497455303933037e+01
3.026810315460314316e-01 1.347823542920384376e+01
3.128430575235541800e-01 1.318959613669135145e+01
1.654712553531498154e+00 1.224458733305048952e+01
1.940630323798838042e+00 1.239464957599236783e+01
4.363457448168608921e-01 1.301598198795960037e+01
7.268598426403075630e-01 1.158839904320062608e+01
1.415809925436765759e+00 1.221788275818212632e+01
4.970425401210500915e-01 1.265618561376796336e+01
2.888992970991938192e-01 1.333238191175210829e+01
4.326186107010901449e-01 1.265805981592620988e+01
2.206300013770407187e+00 1.230906174821762988e+01
1.489381367175304671e+00 1.243592403689225279e+01
1.297136384942896958e+00 1.208041263765873552e+01
7.334366680992024934e-01 1.185839469204587360e+01
1.767418830815022268e+00 1.177294254024602793e+01
1.158870607767684024e+00 1.200662159306856047e+01
1.144970855546688870e+00 1.222170622846320676e+01
9.882356317162395154e-01 1.190759529195558031e+01
1.536675174533032040e+00 1.241246788807787382e+01
1.717576568437007234e+00 1.224191270839933310e+01
2.085837148088403037e+00 1.220730462279254880e+01
5.732917668810127987e-01 1.231725491920607141e+01
8.413494632499208814e-01 1.210732715329895548e+01
3.925598880907229526e-01 1.307485338090907590e+01
5.796263533857045624e-01 1.241503846050056836e+01
2.000055570804227134e+00 1.212615507294010797e+01
7.615031633024939017e-01 1.167306939377392716e+01
1.767625714280341542e+00 1.198912233271105165e+01
8.961998487676287040e-01 1.200023805664062948e+01
6.927340441482263689e-01 1.210134032738512566e+01
2.115964312174591466e+00 1.202760405851008763e+01
2.026220968565774161e+00 1.232722888394677518e+01
4.208299147807546547e-01 1.262598491973532511e+01
6.882668801661341318e-01 1.191534781346208938e+01
1.349812090236181428e+00 1.199899402110174940e+01
3.268613986464872778e-01 1.294631052095363621e+01
5.999317445267509097e-01 1.188638285983529208e+01
5.314609048143505987e-01 1.196538027161351181e+01
1.853010160379819471e+00 1.206527948086517554e+01
7.666481944253811243e-01 1.144485726070313802e+01
1.749603726711498108e+00 1.149002535250981971e+01
3.429234698830339600e-01 1.303597440854044187e+01
7.113839027417201422e-01 1.226943332962430233e+01
5.586375968305881123e-01 1.207943617274407799e+01
7.713697690280921782e-01 1.229699225312813837e+01
7.896930954461292007e-01 1.193333043284039441e+01
1.090443747423391230e+00 1.206925079310650517e+01
9.207825511847025357e-01 1.234271640055448316e+01
4.983468313937555183e-01 1.219338799964126885e+01
5.100484223941444961e-01 1.227315058522824742e+01
8.043567452361762848e-01 1.187388173784824374e+01
7.215232633107786508e-01 1.188034826887070849e+01
6.885455044604860131e-01 1.249405222593734344e+01
1.870120411034194241e+00 1.197406820636965286e+01
2.026636292697544750e+00 1.146388559349228231e+01
1.598533456045526657e+00 1.208944100349074269e+01
4.757734694127102593e-01 1.272688304065310660e+01
9.402396750643192691e-01 1.239862386724823828e+01
5.703978979128107030e-01 1.242947355713279478e+01
1.457725205829335513e+00 1.251559050931909312e+01
4.485903846577334875e-01 1.235742919784138749e+01
1.840026610243819860e+00 1.236186843264554192e+01
4.261760199400056459e-01 1.236571280093926184e+01
1.833478924347265115e+00 1.141067178154537487e+01
4.651431781199278914e-01 1.258774341625104576e+01
3.490073506729235997e-01 1.273672093578659847e+01
3.766098412860585665e-01 1.296646772649640944e+01
1.168024947432467986e+00 1.199393225377840722e+01
2.075779799538253201e+00 1.224790555709999573e+01
1.815342251096004444e+00 1.222085320943245002e+01
4.089012167365811967e-01 1.296404938259441231e+01
9.352116840375868101e-01 1.165122536116711061e+01
1.250196074573155958e+00 1.223494866236055678e+01
7.492695032924390208e-01 1.222345310944402996e+01
1.528522600600601411e+00 1.239191387727574600e+01
7.526922156600126534e-01 1.191399232561500732e+01
1.962045396279953335e+00 1.173439262599760902e+01
5.399905050610472879e-01 1.277721770094449560e+01
1.075499633091020257e+00 1.169148967780262183e+01
4.375758461336747285e-01 1.211787017413972478e+01
4.662953091354748447e-01 1.288894202419972324e+01
3.980273330709686030e-01 1.272819085501197023e+01
1.638498625484411164e+00 1.229654833166470773e+01
1.178578141598345397e+00 1.151948948562541553e+01
1.133728525598046932e+00 1.206555968853257532e+01
1.219807946435885748e+00 1.224189263314559639e+01
5.443004745132141720e-01 1.234441086298725487e+01
1.208440997032455222e+00 1.180410010267135235e+01
3.757323984748583423e-01 1.226723975998243077e+01
2.101238419721113360e+00 1.190783845576949673e+01
1.674293961639330863e+00 1.214337472977177690e+01
1.430208768743201464e+00 1.164908570306673852e+01
2.117234092824800129e+00 1.271330489625576732e+01
4.759404573956093620e-01 1.196268382905211780e+01
1.793053326341887743e+00 1.143111317770692992e+01
1.777400496576990507e+00 1.144359407329636191e+01
1.506541460524853937e+00 1.237903613944936509e+01
8.557132402457453546e-01 1.184447004829304717e+01
5.738310926389944555e-01 1.186201487027449986e+01
2.097657479681452664e+00 1.172711826613152120e+01
1.474574170379867821e+00 1.217782220483123723e+01
1.997289218534606503e+00 1.180307706231440612e+01
3.727860602444638682e-01 1.314411105014768388e+01
6.180206177019941238e-01 1.216021140444163429e+01
1.734373324571917285e+00 1.198809209538717369e+01
1.672858186986007967e+00 1.147388717028777094e+01
9.430858015200904720e-01 1.217784793934978538e+01
1.490483055607435769e+00 1.236004809913900004e+01
7.460543735028593026e-01 1.226135681315133752e+01
4.721665161822629631e-01 1.233048196637025384e+01
1.910612213516739377e+00 1.251703456886379939e+01
1.291410546226861245e+00 1.221509608456649865e+01
9.804083079566614511e-01 1.170828745483213851e+01
2.009592080495846034e+00 1.113230830854970499e+01
3.295761614247733617e-01 1.296167744981539904e+01
4.704849803172985734e-01 1.215774576435945065e+01
3.670878539383359840e-01 1.272290538148194017e+01
1.857701309088629404e+00 1.148921199635115720e+01
6.085430280884827070e-01 1.219132436678895814e+01
3.904426412387188572e-01 1.283318544767653968e+01
1.765114704197915385e+00 1.221407706466592913e+01
1.368253922869316241e+00 1.252746899375485512e+01
1.513224306754590298e+00 1.221353979989501681e+01
1.580298381386075812e+00 1.222007397899974457e+01
2.131576530754128118e+00 1.194283648954904642e+01
9.127759451664664292e-01 1.182452577960975937e+01
1.249176563312839106e+00 1.172622436747445640e+01
2.070055790974230536e+00 1.146775429840170979e+01
1.962047949077519116e+00 1.130440095750645924e+01
4.142476259540077144e-01 1.298852713494836664e+01
1.711744780707749713e+00 1.247926476164747989e+01
6.716154494968754607e-01 1.204585832067192719e+01
1.413718757297194761e+00 1.188896010564119621e+01
6.386473840048710882e-01 1.174021771737438335e+01
1.849958651673793142e+00 1.212144470466567370e+01
4.289250972879101731e-01 1.236658153630458123e+01
2.798853483751558846e-01 1.336466934539071083e+01
4.909036374315834395e-01 1.271912263454611569e+01
1.053937733951204825e+00 1.230908709511493981e+01
1.789798975813340576e+00 1.169794062544708169e+01
1.599350304062238992e+00 1.233866251450014850e+01
1.013004804868141928e+00 1.222855344631287267e+01
1.878362384598920576e+00 1.189142643686009571e+01
8.263258604973294785e-01 1.221286860802969976e+01
1.923560620621023176e+00 1.230571881948423574e+01
5.719686004138843094e-01 1.203432910976231618e+01
1.296626578730899482e+00 1.235350161830780635e+01
1.409792471387540269e+00 1.179749133442726183e+01
1.382955486946986223e+00 1.197102660899970061e+01
7.318986698125743429e-01 1.185880388564943111e+01
1.862381648638497422e+00 1.219839470587789521e+01
2.085464768615333586e+00 1.251811121082842604e+01
1.298112910369912720e+00 1.230002114529672141e+01
1.066322357676984911e+00 1.226590347914132906e+01
8.677318091583960946e-01 1.205606525337571888e+01
1.745144050235358568e+00 1.219511158214447555e+01
6.816214352340024263e-01 1.212985087990450594e+01
2.056749221117535775e+00 1.109441408349958103e+01
1.993809493552888057e+00 1.234348143156828215e+01
6.456552481956455702e-01 1.181876790195718208e+01
2.015938147793941759e+00 1.260626793631066889e+01
5.123021294161669292e-01 1.237526648334408463e+01
8.519259484623665779e-01 1.217317290793219264e+01
1.727192452002394685e+00 1.257502292049355752e+01
1.652637678645499708e+00 1.222620527429367598e+01
6.809655979465994990e-01 1.171048318754550799e+01
3.870440464420664139e-01 1.274223137634634462e+01
1.841591421438750098e+00 1.160366914914490266e+01
1.346662618514647969e+00 1.198724188002210056e+01
7.324931875257771896e-01 1.235001676846557750e+01
4.383348929366254199e-01 1.216349979292464489e+01
1.407959128761691936e+00 1.218920604986300305e+01
9.847259422248527683e-01 1.233670351320136049e+01
1.575256539148637724e+00 1.252786596621905701e+01
2.012430659129149646e+00 1.249210791909639440e+01
5.541051052931385001e-01 1.264013903988405296e+01
4.569792276963066668e-01 1.237661958206728308e+01
2.017647658250341536e+00 1.216745567475509660e+01
1.585380292562631910e+00 1.205982268282458492e+01
5.814559851273107816e-01 1.191611546626632823e+01
1.999832835118573460e+00 1.263814170093642630e+01
1.694264675212957094e+00 1.233497287788160790e+01
1.420717549800240675e+00 1.210515720900918879e+01
1.639104301103249783e+00 1.175243521861122886e+01
2.090108604828071481e+00 1.218274180424788788e+01
1.688545855971164134e+00 1.182962187758275263e+01
1.310120530310837417e+00 1.219466808650100909e+01
1.649597060120240322e+00 1.223794201306441565e+01
7.542015996621176388e-01 1.175309992774197809e+01
4.778377136733064079e-01 1.213609402673162130e+01
4.776862901447008203e-01 1.190687534599259578e+01
7.473867918027364832e-01 1.225718011211828973e+01
2.537535452537803549e-01 1.482226960634445945e+01
9.900442254887621418e-01 1.228259471946716097e+01
3.820476293751580710e-01 1.298070066869828842e+01
1.750328554448607576e+00 1.208235259652897398e+01
4.841177345744325788e-01 1.223561380024563228e+01
7.910168152878256365e-01 1.204827813857022356e+01
1.548288950801558705e+00 1.235304299521457594e+01
1.004893232251892199e+00 1.235653706211050284e+01
4.549134225967496614e-01 1.258177180245344040e+01
3.902109293956316227e-01 1.303768641765826075e+01
7.163534664483439673e-01 1.218896734134729876e+01
1.455115903940197963e+00 1.216478790212383210e+01
1.311189481023339098e+00 1.245441848696119358e+01
1.334509246564464124e+00 1.207063964625068664e+01
4.351133810854400652e-01 1.245140380024944982e+01
1.986511327103435809e+00 1.187956950554579016e+01
5.711320455239752292e-01 1.237926636825052995e+01
2.000855823523590704e+00 1.217870481160472451e+01
1.607363628451395021e+00 1.221544344227149814e+01
1.939975976032923599e+00 1.167946808080767518e+01
6.223526245448350869e-01 1.229938187195160637e+01
1.778127327110800682e+00 1.133243924682954606e+01
1.422398963459383214e+00 1.190321470218851196e+01
5.038614591501102691e-01 1.229144118261674379e+01
3.872113783479804172e-01 1.289333307821341101e+01
1.267752728835324527e+00 1.222393515142178622e+01
2.020467701877891376e+00 1.194057077834323088e+01
4.830552925198452474e-01 1.293333824542467170e+01
9.302834082244780811e-01 1.245419190406628829e+01
1.729205105826345124e+00 1.191547913498296829e+01
3.414095538615998793e-01 1.330802309544560558e+01
1.012715854684039130e+00 1.159994520509645355e+01
5.978995933034457755e-01 1.230285032445974025e+01
8.960840914268730639e-01 1.191893858604711021e+01
1.752431202424318046e+00 1.223602020913606303e+01
3.843034165351046361e-01 1.257052168907016032e+01
1.037535439296107365e+00 1.195568177916567798e+01
1.376807144391512638e+00 1.199680251823618704e+01
3.132181680777035848e-01 1.318603687293608751e+01
5.476900777348376881e-01 1.207007966442099978e+01
4.168762994731060600e-01 1.263577475772494729e+01
5.879188795282030977e-01 1.243689171890454581e+01
9.751542928867769078e-01 1.199482157397962645e+01
7.886740880477176585e-01 1.207390943441149034e+01
1.037378676744513673e+00 1.217487592523767681e+01
1.861524879342639105e+00 1.246049775275079696e+01
7.157672256592167992e-01 1.202102977997243904e+01
8.548773958672536422e-01 1.224419947471804981e+01
1.001841629948054146e+00 1.236799543599582130e+01
4.413889188077609882e-01 1.261934298682741051e+01
9.613474855764512217e-01 1.226149765338681874e+01
4.828768215093165450e-01 1.227841985351841458e+01
8.634861561658029316e-01 1.181711427573043238e+01
1.942857255384975224e+00 1.203477886755861803e+01
3.829910725019878281e-01 1.221535888736914544e+01
1.924174007309586765e+00 1.225175073438089157e+01
7.598625423401335066e-01 1.184633925850243230e+01
6.944065058094195386e-01 1.196112093752158323e+01
4.692021996782619886e-01 1.261684771535269967e+01
1.940496026343649039e+00 1.201925970928534149e+01
1.991087143322326725e+00 1.257560477910061358e+01
2.027337354829134686e+00 1.225153406243335930e+01
6.611342145129003312e-01 1.173003275953065128e+01
1.654177914199037813e+00 1.210224699890367006e+01
1.353284344691780827e+00 1.187826390230094553e+01
1.245904027734823005e+00 1.250314520277714792e+01
2.124818110821402151e+00 1.155582871745881945e+01
9.891552053950714019e-01 1.201524959131454651e+01
5.972604721130212457e-01 1.248888466788734242e+01
1.427447202126881809e+00 1.215718238800193696e+01
6.354816614940103081e-01 1.227905320636864950e+01
1.797076441102952060e+00 1.256918231143231246e+01
1.835810622483981192e+00 1.204481032226892445e+01
6.495559209139059043e-01 1.206257603854197313e+01
8.769514065887159537e-01 1.223986483842724304e+01
2.005884606381326929e+00 1.192833111841159344e+01
1.363023379721658657e+00 1.221197432538673056e+01
3.825815611253436388e-01 1.224974541749114643e+01
3.800032657849636841e-01 1.283874638397946910e+01
5.027462553533228462e-01 1.268518462657828749e+01
6.370593475312210652e-01 1.183512836198465656e+01
7.083438282744756176e-01 1.222471166000066134e+01
1.332736355976369191e+00 1.225561031000481371e+01
1.558251731559871844e+00 1.249363405022838336e+01
8.467318855312230275e-01 1.260855036821864772e+01
3.233492637159305905e-01 1.284023507157333377e+01
5.330846321116913256e-01 1.267754769644283641e+01
1.770824253838565676e+00 1.237698799572474861e+01
3.919573820144949816e-01 1.257953001292816175e+01
1.551090359595174828e+00 1.249960764716688288e+01
1.842618135697460247e+00 1.219266539472025634e+01
9.464789295474668185e-01 1.233221677660490556e+01
1.101979148899136840e+00 1.155795227252834501e+01
1.950379399715986617e+00 1.214983354481264044e+01
9.759250165502019181e-01 1.246669395840423178e+01
2.019060019350918722e+00 1.187968603218732611e+01
1.026323339717990057e+00 1.198468284496323477e+01
1.337057224248046294e+00 1.219744991272277623e+01
1.495218890723314153e+00 1.216445270605811224e+01
1.960446472002001395e+00 1.221948210410935864e+01
4.283154077793576153e-01 1.253372319618519448e+01
9.842199980998779241e-01 1.196989047983341692e+01
1.188100722676315169e+00 1.193758327611517700e+01
5.618893743388223561e-01 1.217744231862917559e+01
7.194454321522480988e-01 1.163995364009505451e+01
5.899788558383409764e-01 1.200074041610675657e+01
1.674755969345444129e+00 1.220362452972545597e+01
1.681775017598065913e+00 1.219776336642988213e+01
3.264306456844242033e-01 1.332507380744999104e+01
7.021414724221564096e-01 1.195792609851869059e+01
1.928962937339547157e+00 1.231859056430435118e+01
5.533793189234131882e-01 1.202809997329472402e+01
9.675445415946476446e-01 1.204401403980012297e+01
1.654520297218717184e+00 1.171507975680438030e+01
1.152312593612106362e+00 1.238989970525452655e+01
6.890465590976895260e-01 1.190888566889680433e+01
6.994436659277858404e-01 1.188004568266884675e+01
7.177218135063421212e-01 1.233236507415944061e+01
4.969641984054997685e-01 1.297476140225625763e+01
1.919845112428150147e+00 1.107753175357058417e+01
7.319017465808463907e-01 1.196907025059796403e+01
1.859960315947858156e+00 1.253843624113227762e+01
3.869090190702108023e-01 1.295298080009348496e+01
1.390241876345700511e+00 1.204602644813925316e+01
7.290347930410547850e-01 1.200921078095811900e+01
3.886598376631908991e-01 1.321212152987486022e+01
6.329226232531861562e-01 1.245665802193870597e+01
1.449794086563146900e+00 1.211406934690544368e+01
7.897063635717725960e-01 1.167509204906261466e+01
6.083522833537368113e-01 1.189657810440394314e+01
1.803658267280186633e+00 1.180543181021258192e+01
1.778386443456438482e+00 1.205601104540469670e+01
1.916906470795819439e+00 1.251734194363404917e+01
2.135017180897616829e+00 1.228619840457085921e+01
2.160628107292449140e+00 1.115372103100978585e+01
4.088182305636418046e-01 1.242617099916689050e+01
7.306857118214513669e-01 1.206095545098093602e+01
1.091389031638470675e+00 1.217509904903560702e+01
1.792163695959943848e+00 1.181565000099313956e+01
4.730578540695355994e-01 1.252663919387736335e+01
1.569678439794839564e+00 1.238619623741552012e+01
7.787839511091495526e-01 1.210475152271476418e+01
3.059893546894937311e-01 1.320408223150528570e+01
1.042631240901525924e+00 1.220060738625782548e+01
1.761213290761673989e+00 1.229408526068736407e+01
8.139728828554193552e-01 1.198561366630462288e+01
2.118904222304014873e+00 1.092757836299360719e+01
5.120890644122952917e-01 1.211552830934066272e+01
2.023158456904504909e+00 1.254334640402568191e+01
8.589150980323327911e-01 1.192279580455116772e+01
1.679805132329013517e+00 1.211252443088133290e+01
1.445874961914254131e+00 1.169476249720604777e+01
1.380509436686683911e+00 1.243426755072629497e+01
5.912685492035181234e-01 1.211677727728389975e+01
5.241265463299249472e-01 1.191390716203618183e+01
1.422622075292466981e+00 1.209044212979259925e+01
6.258860499661856869e-01 1.243868953971164082e+01
3.792320192010188995e-01 1.282982217920438650e+01
1.493883120889266447e+00 1.221278916940400094e+01
4.805328084657318755e-01 1.301051416381516646e+01
3.333642932013775595e-01 1.298611741955822829e+01
6.456747050432973811e-01 1.226089461214185405e+01
4.110025851985550371e-01 1.263803286540240478e+01
1.815655168205865255e+00 1.203654940004437535e+01
4.096095406544871809e-01 1.310853960546765506e+01
5.307339335000980096e-01 1.195366270480520399e+01
2.009688325807370113e+00 1.189859081619623993e+01
2.214835975764577913e+00 1.097646298793942243e+01
1.770482161010421773e+00 1.158569121548834424e+01
1.714456123260623688e+00 1.131920518587528335e+01
1.716522243824586180e+00 1.169476624908283391e+01
1.833338553186958819e+00 1.217302123084567533e+01
1.316803832178116807e+00 1.241111073467426529e+01
1.597329391058508685e+00 1.216453704608424147e+01
9.326076527779910696e-01 1.205617446438742490e+01
1.407936388098602443e+00 1.223120498915432464e+01
8.982060205061209723e-01 1.229667013800065689e+01
2.071979519245455759e+00 1.169171277965408784e+01
8.838047016838129766e-01 1.171357656167139361e+01
1.262926316836990415e+00 1.217664042387079526e+01
1.697751042160834389e+00 1.219432371929330827e+01
9.699209334631849755e-01 1.216008144295264515e+01
8.533186677037136736e-01 1.218871106146240990e+01
2.130760372780521106e+00 1.217660123870045830e+01
1.417990376881202108e+00 1.229407922983697610e+01
3.911778770009008421e-01 1.232446881928594529e+01
4.057375333532003414e-01 1.307770710281255511e+01
2.021417569978461337e+00 1.204583404778066935e+01
1.714612859911190057e+00 1.252377244454626037e+01
6.427232927210615454e-01 1.188507941326513162e+01
3.393968954468227217e-01 1.316717787934850747e+01
1.833333822819046777e+00 1.216105147965154565e+01
3.648797194193694193e-01 1.295803984038594869e+01
6.819988471844475875e-01 1.171739868863039824e+01
1.104697765020050459e+00 1.194493210508060166e+01
2.070763314145787515e+00 1.170168245530306628e+01
1.024711564624012583e+00 1.226846181502710564e+01
1.442806719421594552e+00 1.233288487345104834e+01
1.057493917733258959e+00 1.200367053160350750e+01
2.021035683299193142e+00 1.149989100265362829e+01
7.847271511164314317e-01 1.203177130060854871e+01
1.685870616059651717e+00 1.226537718189022286e+01
7.723530985798625625e-01 1.204829624508704100e+01
1.754936014683906143e+00 1.183295276047592992e+01
1.597978907142683758e+00 1.227649942631365221e+01
5.254816128282219223e-01 1.252940172289452825e+01
9.086613494846477179e-01 1.186942161985518851e+01
1.133596654379459112e+00 1.191043114660866742e+01
5.699022976274825680e-01 1.224819511846875031e+01
6.984364483847353977e-01 1.210356003265403757e+01
8.911823538582032134e-01 1.230226363141675705e+01
2.113655729665584460e+00 1.148906670597875568e+01
2.101028972484541235e+00 1.224764838787943511e+01
5.737170309861873152e-01 1.186659149430247240e+01
3.767278179353653611e-01 1.226027793136632305e+01
5.018034384394391978e-01 1.226050326634567256e+01
1.567598563522496491e+00 1.206712831026615085e+01
1.741973071790146044e+00 1.251045273290116633e+01
3.903266695864554547e-01 1.265148527907596510e+01
1.327096672174183700e+00 1.210753680889309081e+01
1.160457843633145414e+00 1.219008832285788380e+01
1.594875464486846584e+00 1.224145025455992020e+01
7.664082645825021078e-01 1.160459592103084248e+01
4.079893293126283793e-01 1.283185984285556636e+01
1.766062612146185984e+00 1.124717346547233809e+01
1.016528795489758608e+00 1.195955175212342780e+01
1.750652432829532978e+00 1.185106257737216851e+01
9.819446101752820066e-01 1.171246374087672493e+01
1.140111782354711778e+00 1.200377374633168337e+01
7.092669841005044828e-01 1.201874298336391611e+01
8.324421805312236522e-01 1.182784973951597784e+01
1.327267445724466643e+00 1.196938190494406484e+01
2.049961574758385030e+00 1.109840301656834249e+01
1.519992013796328756e+00 1.235963707568554959e+01
3.943768372433114067e-01 1.260682977330145960e+01
4.848299081122476317e-01 1.220707260941276040e+01
1.333313046363558296e+00 1.225595712166897222e+01
5.090273674783816205e-01 1.269429130598860134e+01
1.469251908672918105e+00 1.202783883994597858e+01
1.712941740949314617e+00 1.211913718507459237e+01
1.328345626157235060e+00 1.227866791531836910e+01
1.212597471064707610e+00 1.227548135330067680e+01
9.375905557258227274e-01 1.155586464146039383e+01
1.823054131734834549e+00 1.212028455241266656e+01
8.822977493566542817e-01 1.215740689784070483e+01
3.848156156752263746e-01 1.244023132120393527e+01
1.623599295674803766e+00 1.186062065829862355e+01
1.405700136576398362e+00 1.238057830389115921e+01
1.092423307874186289e+00 1.195399193676069061e+01
1.273783719824980842e+00 1.178356807359389258e+01
1.377732946227292699e+00 1.254659153847070563e+01
4.231192692792019594e-01 1.265991071475760776e+01
7.226202750151403675e-01 1.174670850131573552e+01
2.187200907912441483e+00 1.209461854439348727e+01
5.390661667633950271e-01 1.220779155279474715e+01
4.357053403166938343e-01 1.248025220817919845e+01
1.364066789749061481e+00 1.195993959405352314e+01
1.643295280227849320e+00 1.208946274597556503e+01
2.091423841634040492e+00 1.107586177687574391e+01
1.455306144170371851e+00 1.211925484252386021e+01
5.069095460623100902e-01 1.223309507408080776e+01
6.641375766936327141e-01 1.213936713183850813e+01
2.007036953130433066e+00 1.222890970783159403e+01
1.167855814718039564e+00 1.150381260737902167e+01
2.106969769602267117e+00 1.109387660682153687e+01
8.666250918424672767e-01 1.168559876425168476e+01
3.036948070472932915e-01 1.347517742334591162e+01
1.180740809919083034e+00 1.210750540802298758e+01
5.098533244294642941e-01 1.257704603344045147e+01
1.088192445037746037e+00 1.204443722573638631e+01
3.309272966340365274e-01 1.289791045088306021e+01
7.086074815593054188e-01 1.175178917897352093e+01
1.831213141226712970e+00 1.153844338178501872e+01
1.853027489198009192e+00 1.231721511956533099e+01
1.025617445896321644e+00 1.202069789492092333e+01
1.859619488587800129e+00 1.220403598433130377e+01
1.156133393569431567e+00 1.203908285855067817e+01
4.546650428552267975e-01 1.219451161693177177e+01
1.997626758598105123e+00 1.121338830315207602e+01
1.001873165819723521e+00 1.182907670286648028e+01
1.203892089369698271e+00 1.166686037970331213e+01
7.359035358063178434e-01 1.203129809707506581e+01
1.945111217736169795e+00 1.230002743128742715e+01
2.013560524507719496e+00 1.227018028700591756e+01
1.192867305980494397e+00 1.174739797996912571e+01
2.003212170647411305e+00 1.143801054846450604e+01
1.095731045915205204e+00 1.208512354562477142e+01
2.041122296404508596e+00 1.126262289083531343e+01
1.362317105480389756e+00 1.215913831996221184e+01
2.093623126376655819e+00 1.271083789443931344e+01
1.969118095354094100e+00 1.191279442872714789e+01
2.184738023893915582e+00 1.156098516124658104e+01
5.643343690662967482e-01 1.213072312324229785e+01
7.906359715144835043e-01 1.202318715795407478e+01
4.116407605621289489e-01 1.227836724571179872e+01
1.596557181987003915e+00 1.169585738126944463e+01
6.760509770032058219e-01 1.230941129241203846e+01
8.099090479515790308e-01 1.164181885820132045e+01
1.614696925053983767e+00 1.230281908355067522e+01
2.179371260405774891e+00 1.175115169536257476e+01
1.732202213089286680e+00 1.227832445819455742e+01
1.974215294682901467e+00 1.166538270247924913e+01
2.017424865674225298e+00 1.119729109257398214e+01
8.043601682936624142e-01 1.182625216765695875e+01
1.947050217515363890e+00 1.142844523039109461e+01
4.344344032114604293e-01 1.272737525386914648e+01
7.811477548697833839e-01 1.190425964386674984e+01
6.472007609976773157e-01 1.207785811114649377e+01
3.188481818700380499e-01 1.337836876626561455e+01
1.127593432190917122e+00 1.225285965398085786e+01
3.397720027881540039e-01 1.273294694724305387e+01
3.367723937931817457e-01 1.331579271059485237e+01
6.241800361627148908e-01 1.177851360805643921e+01
1.155148885772459222e+00 1.198586830233931089e+01
1.674564402333206026e+00 1.162179509112126041e+01
1.417729040872956814e+00 1.210884745909497795e+01
2.047521987476805805e+00 1.250310295767967084e+01
7.129441854921451105e-01 1.225677492578696892e+01
3.406650181884164907e-01 1.325969747976984792e+01
1.265907670571251087e+00 1.216716439779554904e+01
1.626236334976314035e+00 1.197448709425670721e+01
1.166402934308619965e+00 1.200963653919702878e+01
4.115460085004090107e-01 1.280015250965396412e+01
1.383415346117381040e+00 1.210223538769336038e+01
2.078155371988769318e+00 1.159351687413746212e+01
1.539857855553225852e+00 1.187667112345337550e+01
2.131389522831037997e+00 1.114551088312718718e+01
2.017824214358665103e+00 1.188152400788594676e+01
6.089312388994633229e-01 1.160459565520176284e+01
1.425919593746616476e+00 1.213133061174830019e+01
1.001269242018647754e+00 1.198676290896685792e+01
1.383589082298797068e+00 1.194460872312545696e+01
4.445987036892876110e-01 1.205109506397252872e+01
9.289730622041171282e-01 1.195012261504976969e+01
1.422497752769140700e+00 1.251038392930019327e+01
1.547879601637780267e+00 1.228296542514313749e+01
6.695223458272230310e-01 1.201868531433377818e+01
1.724376890282582231e+00 1.177860456166403758e+01
2.054395984908851336e+00 1.207970392670179471e+01
5.072800432133867110e-01 1.234409090016849042e+01
5.742778328244250163e-01 1.257376276039274465e+01
1.220032516103893183e+00 1.246891380032392860e+01
1.652928164903301189e+00 1.230616774837260330e+01
8.034916443329135349e-01 1.215271845464171641e+01
6.641042998799338015e-01 1.215555729811907781e+01
4.955553460197142379e-01 1.231945287594144745e+01
2.102591149299547713e+00 1.105917845237082986e+01
4.222040541083131870e-01 1.203471541109255583e+01
2.095784955913882364e+00 1.210498256744917001e+01
7.012725207801697724e-01 1.206237622645402752e+01
4.642224485252126054e-01 1.303656552840538829e+01
1.187523290505406282e+00 1.233333090612256910e+01
4.062656823611858758e-01 1.286491226032809898e+01
1.486471621713200575e+00 1.207342853639110736e+01
1.466567492230668179e+00 1.204902208071405312e+01
1.621811803214750825e+00 1.213516470177064832e+01
1.314009189918637022e+00 1.181051055749271050e+01
1.167949914616451368e+00 1.186231767385693558e+01
4.128394864614501891e-01 1.244041445388357303e+01
5.983884513769294200e-01 1.195322384750102884e+01
1.962473805440987817e+00 1.151865054873603000e+01
4.847577728555728660e-01 1.284121670037174745e+01
5.362305319020969074e-01 1.269665933675587155e+01
1.121602770086625345e+00 1.232429579300163169e+01
1.558251745563799862e+00 1.208466776570921297e+01
2.623706198583860560e-01 1.392381217519936598e+01
7.553974407846508754e-01 1.230414591103244781e+01
1.959887348185668454e+00 1.162705788399833295e+01
2.017477867406261893e+00 1.245374442649176139e+01
8.333858438555322712e-01 1.178260931211798024e+01
1.272220044570212316e+00 1.210026556758272420e+01
3.702992092018126402e-01 1.257337155279961571e+01
5.056373305163858189e-01 1.261928045087758221e+01
1.717368809361859538e+00 1.172870234366316389e+01
4.564925108413832588e-01 1.250969971754756571e+01
1.258445819805178667e+00 1.200622074901833969e+01
2.136563196626175110e+00 1.198732729427252153e+01
1.646300953371812703e+00 1.236798805296042758e+01
5.460518339179396552e-01 1.215421677668285838e+01
1.485801935391589668e+00 1.243700917644030568e+01
3.310310795210569257e-01 1.303654779909258643e+01
1.956870940906366707e+00 1.206406265797600064e+01
2.017389726541993777e+00 1.227539389726927332e+01
1.518456164488764193e+00 1.164847481834422815e+01
7.566040527443974595e-01 1.208251161104982785e+01
1.751746977102133673e+00 1.229948622998576901e+01
6.606287565983764987e-01 1.199049289201265189e+01
6.781010647058338670e-01 1.179584781875005994e+01
2.078065917991683609e+00 1.150544953569944973e+01
1.647801528611135602e+00 1.215186836437220030e+01
1.130938619176421023e+00 1.197412355538468809e+01
1.060204115332858077e+00 1.158082718618304163e+01
7.356523991065970769e-01 1.248914253659661000e+01
4.077102611040477331e-01 1.253113301936947011e+01
1.004365623060996304e+00 1.226494749228013426e+01
1.917273489477705262e+00 1.188268195997205545e+01
1.322859927051893258e+00 1.187255033215444833e+01
1.977046153730968481e+00 1.131007719750140872e+01
3.578961296968167782e-01 1.252564332045345274e+01
1.690793068918295949e+00 1.199138024373681510e+01
1.484489913034288566e+00 1.212147203768236103e+01
1.904302508556342310e+00 1.166942260937677744e+01
1.199266325135117439e+00 1.217094476456570717e+01
7.768856454315750115e-01 1.216258509775450491e+01
8.729183401242726070e-01 1.261013642813133373e+01
1.966896946400443102e+00 1.238629412483229331e+01
6.104142224430965102e-01 1.266601938983361642e+01
1.150638151533151410e+00 1.227525100831013383e+01
3.893888934702962046e-01 1.228769712217743226e+01
1.743503812384354035e+00 1.250900119088268880e+01
9.169509179691306411e-01 1.202203606128237645e+01
4.331436148876936509e-01 1.266417974442269845e+01
1.975755612724226840e+00 1.199377869490522919e+01
1.414453686476092376e+00 1.186916577777584791e+01
7.767134053443937036e-01 1.246000042556772769e+01
9.861499246603083746e-01 1.191856170026579420e+01
4.803339634847995643e-01 1.190427102794255809e+01
3.994412933123038800e-01 1.275222116998882704e+01
1.698089416582938993e+00 1.146786454350958628e+01
4.830944522703720101e-01 1.260915147424323557e+01
1.375268613583320754e+00 1.245359389354172386e+01
2.083237760331161148e+00 1.224762849364747019e+01
3.984287328337699496e-01 1.284923765646323801e+01
9.631721454859183407e-01 1.176927300660710785e+01
1.888731068650413070e+00 1.235358079117290053e+01
1.759432758679365216e+00 1.225676131978642047e+01
1.817977817363529258e+00 1.245916592855130389e+01
4.813759702243375349e-01 1.240029631614759253e+01
2.104933858633432742e+00 1.169189950895231256e+01
1.735734732681441406e+00 1.235957706103053155e+01
2.002175077837295536e+00 1.154288746336679949e+01
4.034961088320529465e-01 1.227514972264513204e+01
4.721152967701371383e-01 1.196858784879546000e+01
1.672762973391538566e+00 1.229337121796903176e+01
3.613261703478488629e-01 1.267053800960935028e+01
8.051925436111790901e-01 1.207202886965419175e+01
3.910470443491143588e-01 1.304961099845949057e+01
1.397981535927591112e+00 1.181636090796381389e+01
1.455842886444886242e+00 1.224252749263807161e+01
1.335893259832361624e+00 1.196535638711726790e+01
1.891170052277805880e+00 1.256180454543753022e+01
4.549909387113086900e-01 1.217276098487309888e+01
1.193065801002911153e+00 1.202079885691460071e+01
1.540867457453611866e+00 1.228232877740576079e+01
3.425785440774523072e-01 1.304489702404890394e+01
1.036674083927065615e+00 1.174502387077086851e+01
4.260141945347669656e-01 1.224881263270983034e+01
1.299936563532620104e+00 1.208429030949036154e+01
2.009441104006367773e+00 1.260804949655110185e+01
7.126634768607708059e-01 1.213337748675365191e+01
2.027113905841003483e+00 1.174971451994308680e+01
4.709302654825727741e-01 1.268218508900753250e+01
3.921465132618062177e-01 1.242941045853276449e+01
1.075020561566324639e+00 1.182318672047182950e+01
1.690360200164134685e+00 1.214315402684347234e+01
1.997972851454479004e+00 1.219615075011926919e+01
1.856866244287892487e+00 1.252450365600092397e+01
1.727890415292421267e+00 1.249865696919430924e+01
1.248784415880396237e+00 1.159683660236133207e+01
2.048288646636024612e+00 1.141873083663320187e+01
1.000279812592150153e+00 1.209278230202572502e+01
7.193756428208583076e-01 1.189442263660965970e+01
1.697377187019350364e+00 1.218456772801485322e+01
5.032039852315359774e-01 1.230230366154898469e+01
4.934534126209083604e-01 1.248647286217678776e+01
6.525970128760477662e-01 1.170695995932069877e+01
4.486567104029129394e-01 1.206456915581980738e+01
6.009525400521337213e-01 1.185076839176537966e+01
1.694994427747950505e+00 1.215834968596441001e+01
3.077040858546729041e-01 1.317898329763282028e+01
6.026427785987249486e-01 1.230878367902214343e+01
6.686976086659824903e-01 1.173569823530518264e+01
1.881086546919187086e+00 1.211913547520251022e+01
5.546260933440249064e-01 1.257847621030496654e+01
1.689224648741557422e+00 1.202809288309948599e+01
4.025790813096965515e-01 1.262747523534411087e+01
8.532574361940640228e-01 1.211324602406689976e+01
3.841712020350391832e-01 1.218695628254845786e+01
8.229104705293275313e-01 1.203858022553011153e+01
4.866532494206628479e-01 1.228063548915399039e+01
1.229327894783172725e+00 1.212546878984907650e+01
1.072411062949234051e+00 1.204072037195743938e+01
1.470151309073498780e+00 1.238667134877583997e+01
1.643857593073138279e+00 1.187322646231341494e+01
1.780988692048423250e+00 1.209893545307841656e+01
4.563071867653273328e-01 1.186201493417005004e+01
1.161387077687338287e+00 1.186314074937538088e+01
1.037470157231172196e+00 1.172311078736879608e+01
5.961854259450962701e-01 1.212499949839761726e+01
1.157399401979482434e+00 1.177111556775545154e+01
2.039007502295136387e+00 1.235024451615722185e+01
4.985991890335315091e-01 1.202293336347334396e+01
4.414534467004664897e-01 1.278851400396883875e+01
2.049255039836860526e+00 1.149017194158958688e+01
1.107922917633350490e+00 1.161151177154345504e+01
1.339004388413155722e+00 1.220324718322827628e+01
2.035930104394287454e+00 1.211809406881104678e+01
1.277514816570627820e+00 1.251928296302786414e+01
1.553429453086699663e+00 1.234610771394319606e+01
1.964822116490652748e+00 1.203930813206358508e+01
6.736380796807101001e-01 1.186357159862806832e+01
1.062287853871795029e+00 1.207209498639017298e+01
1.819236079433155018e+00 1.262196372146287260e+01
1.304924719997429650e+00 1.176486647940484609e+01
5.474486996091267876e-01 1.238336358150062644e+01
1.586148483288875033e+00 1.223072878113287487e+01
1.326514747338447320e+00 1.200777046966176265e+01
8.192593246264684437e-01 1.204137752182285048e+01
1.710763381298358699e+00 1.177944517962917459e+01
1.601469760739979042e+00 1.224225636865160816e+01
8.334798981158476616e-01 1.185266132530628980e+01
1.118210802137276083e+00 1.185146471384315348e+01
1.037317078050018271e+00 1.207905547338656227e+01
9.237696377512091273e-01 1.230829843284952752e+01
6.928028161639847582e-01 1.233668318147005571e+01
7.935537248694003454e-01 1.176203219363429042e+01
1.630029303046812039e+00 1.248964179293434285e+01
3.896783154167376972e-01 1.265939824863130880e+01
2.174704461519624488e+00 1.096586429994396106e+01
1.506902875578172152e+00 1.227161972849067340e+01
1.369346610417398358e+00 1.219396651201607895e+01
1.534767469395800887e+00 1.172378668823977499e+01
4.715243869510641339e-01 1.260352373022009687e+01
1.431254834319028779e+00 1.227560002132950778e+01
4.639664427321169016e-01 1.260621834705003153e+01
2.090000877184404526e+00 1.178354540519524107e+01
1.450865414190480651e+00 1.237617043107310266e+01
1.225145822478547641e+00 1.169642905106359621e+01
6.338215305254946141e-01 1.229699828975122600e+01
4.838481974077272763e-01 1.268798977399045214e+01
9.615773000473251120e-01 1.221098041797510625e+01
1.133526794261202619e+00 1.194728985757777551e+01
4.383712482090634244e-01 1.216011467347991371e+01
4.860368575755308340e-01 1.237069060917043650e+01
1.931726727443624947e+00 1.184782148636554133e+01
1.829680317469571715e+00 1.190799267837621223e+01
2.299880694560041405e+00 1.165366223156241965e+01
1.043349475693001738e+00 1.186798199647189378e+01
1.039787723250593876e+00 1.219697704785865255e+01
4.464270410920182508e-01 1.229579343901904487e+01
1.167126162810840473e+00 1.187221895749695300e+01
7.185991526302791810e-01 1.185099445921490968e+01
1.428037105594307521e+00 1.166919748859656814e+01
1.266980531467886584e+00 1.224949370500194767e+01
1.977901672560982149e+00 1.172875334869813813e+01
1.251609972125923731e+00 1.180529073927947614e+01
2.032421762034764878e+00 1.131743297278268301e+01
1.386857225482738043e+00 1.217877970589909253e+01
2.036615935177600534e+00 1.145169760514221302e+01
1.491455977456348947e+00 1.193158749651544426e+01
1.978372369151170540e+00 1.175168556020182109e+01
2.109500179692746613e+00 1.121358274422707879e+01
8.556905961327678778e-01 1.192644955974204279e+01
3.895161714035079159e-01 1.302471679941381488e+01
7.114620196606232794e-01 1.184830733048509543e+01
1.266662308140334314e+00 1.164199542905237905e+01
3.690701694498679797e-01 1.272990804064520809e+01
1.320510461852341555e+00 1.222489558337884574e+01
1.298808955907698293e+00 1.181374234032857906e+01
1.374459492260602822e+00 1.227374122414249413e+01
3.538790233506526328e-01 1.308282239177614770e+01
1.593084131507817247e+00 1.189582145243675626e+01
7.182089052909532700e-01 1.174633784586491991e+01
1.369518808167491830e+00 1.231582394538991920e+01
9.974890494791476270e-01 1.172924545802131213e+01
1.948302654387328303e+00 1.171550150013545988e+01
2.083595735194899046e+00 1.198317783490091060e+01
4.455635838423334660e-01 1.265606783527360690e+01
1.785217569516164948e+00 1.205663983702681108e+01
8.903255340318210198e-01 1.219645749957925496e+01
6.087827356429580394e-01 1.196176794454618530e+01
2.029309326946279413e+00 1.106244703553262099e+01
1.108131202804125470e+00 1.227967196304769537e+01
1.075759506184641889e+00 1.227219334661556616e+01
1.319663080881525952e+00 1.213186676021300947e+01
4.943652952019854108e-01 1.213671159704867897e+01
5.579398288582552157e-01 1.203503600011345753e+01
1.644724640372595026e+00 1.142238798198231109e+01
5.172458173796802283e-01 1.271939885119053493e+01
4.146395116216214927e-01 1.298013743780527918e+01
1.800021540412430232e+00 1.249287603500864030e+01
3.179027149659628959e-01 1.294427224668153009e+01
1.607360404313252333e+00 1.183668711141604746e+01
5.823469327584690491e-01 1.249353291161371793e+01
1.908736144243351252e+00 1.113464817769059145e+01
8.052842995173329355e-01 1.197581666119599397e+01
1.610623040951867146e+00 1.178094659771261909e+01
3.550482863264682321e-01 1.297941014279929739e+01
1.388151843099098892e+00 1.193345646945212657e+01
4.971054274476982004e-01 1.222106043355196903e+01
3.421099361891812851e-01 1.301999799446658379e+01
9.573565977316690345e-01 1.175949709931180287e+01
6.459095782980764922e-01 1.196448855490207386e+01
4.717732851603036459e-01 1.301140790781419021e+01
6.381778801656026179e-01 1.210150854033581602e+01
1.391440155895325992e+00 1.232836742678375686e+01
4.597111904968284590e-01 1.220763372060258689e+01
4.270333171292662877e-01 1.246744950665263474e+01
1.295166296353275515e+00 1.197027580967592719e+01
5.388104159234020640e-01 1.254869685864895068e+01
1.685860885931771636e+00 1.224622371930699849e+01
1.248148124846980567e+00 1.226754503283175168e+01
1.479528886490039330e+00 1.240645779941372773e+01
4.150707708707026544e-01 1.218554354677781149e+01
1.018332851898653635e+00 1.231972979636828391e+01
4.300480168238712264e-01 1.240395439815140399e+01
1.331493423932642362e+00 1.181389109006884297e+01
1.777425726613986789e+00 1.144134808952038362e+01
1.978541349909812341e+00 1.247626929601232781e+01
1.315724338019150785e+00 1.220666857228805036e+01
9.692319102632244165e-01 1.169299708313707953e+01
8.939786625716028556e-01 1.213931176175896809e+01
1.340074704122123261e+00 1.214024236311773386e+01
4.404095048439838900e-01 1.215623016946554102e+01
1.257440302919147435e+00 1.247538055342056751e+01
2.029314064825331609e+00 1.242262306874971145e+01
1.984479899575693373e+00 1.153599852131131343e+01
2.084205070007906002e+00 1.119758680988224420e+01
1.576981011175610847e+00 1.194113600589348323e+01
2.202340034418267756e+00 1.167315837209098994e+01
1.011305758869923244e+00 1.200340741785846710e+01
3.189738984049051429e-01 1.323684622901819097e+01
1.878298073904731691e+00 1.239994663058846491e+01
8.500091832856832008e-01 1.191686301337759168e+01
1.362490133660259062e+00 1.201779911831984116e+01
9.859092509804282534e-01 1.173276402117682160e+01
4.133381683648509330e-01 1.299142813012906750e+01
1.099341064719746575e+00 1.209548451115055201e+01
1.114676737516614669e+00 1.192496915560942661e+01
6.232353855810791599e-01 1.219138227400114260e+01
1.435310330513718036e+00 1.239796217897848152e+01
1.129352136899886894e+00 1.235443705722039986e+01
5.538845419812408188e-01 1.183432342366471168e+01
7.292406784945453246e-01 1.213464112525614524e+01
3.331432113701487396e-01 1.306527542796736974e+01
2.755222705830920327e-01 1.374098805351875008e+01
1.327248794783595365e+00 1.229634734076160463e+01
1.496052079017128777e+00 1.233123448508544406e+01
1.997940508804647131e+00 1.245986078775879236e+01
2.019041258571249831e+00 1.167117045728402935e+01
1.839495194047715998e+00 1.224626804829450499e+01
1.484594177081600685e+00 1.174830765086247197e+01
1.824678103337729285e+00 1.186062549563379243e+01
2.004472390672828119e+00 1.194654835139874649e+01
7.928998140393266336e-01 1.159402004648310047e+01
4.679161068220372144e-01 1.245930750088140293e+01
1.849305325149980250e+00 1.238013952661194139e+01
1.770869246339609182e+00 1.147292861694995736e+01
1.745904212370542163e+00 1.208770553792100166e+01
5.192192125412700143e-01 1.205371971311738477e+01
1.749252101069243226e+00 1.195884585381463694e+01
3.314215141821290067e-01 1.278249393469614859e+01
9.594416576591864310e-01 1.178966477131227464e+01
1.256892614243113604e+00 1.211194874716368552e+01
4.020387372461481923e-01 1.236632262071836763e+01
1.936113199091164860e+00 1.211631322888059614e+01
6.317154758998587694e-01 1.191182224594438210e+01
2.176169540518841483e+00 1.211418405828927902e+01
1.277189299275902190e+00 1.182501732629596169e+01
2.006626004248026618e+00 1.168891904378048174e+01
6.418272203946795429e-01 1.196701769576976737e+01
6.925876942231808941e-01 1.192177184085601560e+01
7.019797907751866850e-01 1.190650081135073890e+01
1.006772575344739851e+00 1.215910769535801883e+01
6.605134828516214807e-01 1.212952387488626371e+01
1.048502283935518475e+00 1.194132467165210265e+01
1.465909750332199168e+00 1.204561692422796781e+01
8.134704948501988442e-01 1.228925728901262815e+01
2.106825989763316365e+00 1.105817015915206447e+01
2.164946666297315581e+00 1.169595665482421865e+01
1.598484232057799881e+00 1.257117667626305746e+01
1.175839128159032354e+00 1.185165561556790692e+01
1.965675321290041522e+00 1.216856455959196204e+01
1.741858943515251168e+00 1.133832193680753520e+01
6.914556108698795001e-01 1.188769661497176600e+01
1.637315406177036747e+00 1.206420278319760442e+01
1.756345078193757070e+00 1.186015388938859871e+01
6.272660428347472950e-01 1.230177310601495755e+01
1.675036924078008527e+00 1.251123240854829000e+01
8.647595473629013929e-01 1.211116653685654931e+01
1.561484780006052286e+00 1.252655074525304535e+01
1.750779659423975287e+00 1.177018250892844797e+01
2.074026505297267065e+00 1.225804243161365115e+01
1.935622699295534765e+00 1.204849586503784664e+01
1.343872380452629134e+00 1.201341555082480461e+01
2.010343049642880242e+00 1.222958278313111258e+01
1.753839760400975667e+00 1.233883746075104071e+01
9.259233940581943489e-01 1.200279771920217975e+01
9.901330999048058024e-01 1.246473446307588517e+01
1.647890441170186904e+00 1.237605484219597152e+01
1.615098871829008242e+00 1.257474915295212092e+01
3.830106538455467780e-01 1.285460110165025860e+01
6.018742099167017079e-01 1.209649784985622389e+01
1.419395350812298950e+00 1.240623991317247565e+01
1.711550222751936357e+00 1.231304531339082331e+01
1.333081410103014175e+00 1.228037347915908306e+01
1.226823612113359330e+00 1.233114137265519616e+01
1.685036435368191032e+00 1.198374374311541501e+01
2.039758337882291439e+00 1.233457336695417794e+01
2.047491007221812875e+00 1.208256928260186669e+01
1.248609727498977584e+00 1.223486777813770310e+01
3.331024149433600701e-01 1.331150765216217202e+01
1.537591443690279558e+00 1.237606875607654722e+01
7.161473520184842290e-01 1.200928669795671411e+01
8.425496760661720375e-01 1.146848288027178953e+01
1.784891397369172905e+00 1.221840582406974107e+01
5.286122668509072309e-01 1.249761524968043247e+01
1.412621392098868167e+00 1.222224467099639966e+01
3.373156786726443368e-01 1.301093344537062535e+01
3.737694840340185509e-01 1.306026994753246662e+01
2.200789372684470280e+00 1.166336818151539489e+01
1.622267154271517464e+00 1.235437504032074685e+01
1.220353929383754865e+00 1.224941457963545588e+01
1.208266169475694207e+00 1.168746763260947219e+01
4.561692094736159997e-01 1.288888888877462335e+01
1.421483834408185487e+00 1.165779876175711927e+01
9.948910052715407293e-01 1.215364415558684641e+01
1.917568334392457885e+00 1.186371332551063418e+01
1.038609363041882450e+00 1.160789795959163762e+01
2.056834059800854764e+00 1.262286703658486253e+01
1.190882544388301989e+00 1.191559155005167447e+01
1.067570449137508426e+00 1.221108247640953337e+01
2.139619473114747539e+00 1.180157900354239864e+01
6.927710953416431616e-01 1.206907873616336602e+01
6.678306428597108324e-01 1.174017763002248316e+01
7.582171794424046318e-01 1.203977790828570882e+01
1.964302790677620036e+00 1.173374662386863321e+01
2.810991895828305331e-01 1.363877274347459867e+01
1.638316638550877835e+00 1.254096485671450090e+01
2.958609480922907431e-01 1.372989741559168841e+01
6.101674122147483503e-01 1.238728044776935810e+01
1.961413829608769088e+00 1.249996727220346138e+01
1.651021214934428327e+00 1.259525953993373548e+01
1.981460667884244797e+00 1.153498053756547570e+01
1.945133104522769552e+00 1.196098772559183665e+01
1.770542751719277108e+00 1.207031672104968933e+01
1.953190000713592278e+00 1.242218953842824547e+01
1.804950577361198683e+00 1.220849360892646551e+01
1.303615029953816062e+00 1.200700926422003256e+01
8.459540451921002679e-01 1.223172741721848666e+01
2.094771766746050368e+00 1.194473914768138911e+01
1.470264652581824372e+00 1.215125703442855354e+01
7.227536773469703801e-01 1.216670103095554545e+01
7.356643905243318571e-01 1.196430806585691364e+01
2.009760702205700689e+00 1.225587711147793257e+01
4.602788055562619385e-01 1.270609169721941001e+01
3.411883311863688206e-01 1.329240907860327248e+01
1.465917783085700421e+00 1.237279028595529695e+01
1.273036197827992710e+00 1.199567362271192650e+01
1.599728936815457692e+00 1.229467998398975048e+01
1.464242233153566497e+00 1.234330128382299563e+01
1.359837717940732160e+00 1.217622390645927766e+01
1.988562295654263679e+00 1.230902340386433913e+01
3.931541592040062039e-01 1.266907866524158699e+01
4.454215383046783439e-01 1.233512643124915442e+01
3.170375359452923258e-01 1.336748590365620082e+01
1.326461117830448400e+00 1.171252881091834475e+01
2.056249154305261229e+00 1.158808187305990423e+01
4.102048728121368004e-01 1.295244022928657657e+01
1.531576407403067552e+00 1.187656845450659127e+01
7.808470343584595907e-01 1.176280799670608168e+01
4.146582495609884567e-01 1.286629337173688192e+01
1.659166716105536343e+00 1.168429336157447729e+01
1.233107597362180563e+00 1.202075454612181105e+01
6.190974140062194264e-01 1.226219538224730599e+01
1.934599654495133159e+00 1.161085938710041354e+01
1.195133078566037232e+00 1.179022824027797611e+01
9.419707145080493671e-01 1.190741136512145815e+01
4.422415980781335687e-01 1.250664300933624418e+01
8.322742083450860306e-01 1.209306791527679614e+01
1.678028086913840422e+00 1.181279057534874966e+01
1.205369834598279732e+00 1.216593727646060330e+01
1.773999633218359628e+00 1.232081245392191526e+01
1.537524590348272158e+00 1.230644912123682033e+01
4.276842093334254913e-01 1.305314816759387675e+01
6.040271298602861716e-01 1.261641953123677595e+01
1.420325343886233549e+00 1.217061105795592368e+01
1.135834163016403053e+00 1.220355413234040576e+01
2.049814039827942747e+00 1.146253478692336536e+01
5.226942133090437537e-01 1.246233095901519761e+01
5.150052732458282323e-01 1.243011583387613150e+01
1.435443409276773830e+00 1.168147590757727095e+01
1.760728921635300592e+00 1.207488778780081162e+01
9.461739463321880983e-01 1.200913303860361658e+01
1.225227637001171432e+00 1.166234296843875029e+01
5.673043761688094655e-01 1.235062619397428740e+01
4.952865355263875169e-01 1.264931524892474357e+01
1.659529117473559134e+00 1.255697874244423318e+01
4.325993402782279951e-01 1.219834969600713848e+01
4.234615564653518849e-01 1.276338263708093734e+01
1.493970919898287786e+00 1.176779083899303835e+01
1.725643058224625603e+00 1.250743036578548839e+01
6.260773360516500574e-01 1.240887633215916352e+01
8.681522622558848212e-01 1.191766243074354925e+01
8.789387238674424285e-01 1.183245282093194817e+01
4.805995594384336322e-01 1.264814290930979368e+01
2.288881516118379533e+00 1.261528260093671960e+01
5.766496071920883537e-01 1.177810733380322183e+01
5.604227865659712204e-01 1.214138816411488975e+01
3.261160138242634732e-01 1.322284841182944781e+01
4.050027827062498420e-01 1.296929039408603934e+01
6.962521290050350808e-01 1.182789642424226351e+01
8.179185794638751394e-01 1.140208544292640802e+01
6.399287199490232281e-01 1.198796786281825355e+01
2.135352324865139817e+00 1.147363007365101062e+01
5.259744693001380256e-01 1.238979028289551998e+01
1.750269346835907402e+00 1.247978957393018540e+01
4.706396762954453417e-01 1.218635058226503887e+01
2.015902644216361228e+00 1.139686345487179153e+01
1.760940891708552725e+00 1.184269342763497690e+01
1.051804689477312316e+00 1.186841219868670194e+01
1.459234964035710957e+00 1.217923852691570552e+01
1.755155686066409926e+00 1.201892465028680945e+01
2.025717545829019528e+00 1.169587523218917013e+01
2.131518574796196219e+00 1.257459683831170416e+01
1.912521153571571375e+00 1.209206037593146021e+01
3.328298372500500535e-01 1.332609362965605193e+01
1.543845068760838046e+00 1.198884233242399588e+01
4.927230470844236598e-01 1.188179411438133570e+01
1.236341947667672025e+00 1.210348845878664648e+01
9.032034503815143944e-01 1.165673367988572195e+01
1.175101600236955202e+00 1.179626533304790570e+01
1.930582483155727447e+00 1.187744678600025061e+01
8.497279118382599084e-01 1.193436511758777741e+01
3.338001726840532646e-01 1.323034077301518074e+01
1.161724134533361541e+00 1.214280379316979541e+01
8.999457842445908184e-01 1.197889074277762411e+01
9.180283847443104772e-01 1.232855491958874694e+01
9.020859514184685901e-01 1.240052107304637730e+01
7.598350746923565602e-01 1.151355161308964448e+01
5.424706062323363387e-01 1.185109526689004333e+01
5.289316460077043702e-01 1.195920208126823425e+01
9.355299824495318939e-01 1.189401159001420538e+01
1.846588047795896470e+00 1.236318976193126673e+01
8.755508369993234563e-01 1.209503434109115716e+01
1.773007863631991698e+00 1.254771320377386878e+01
1.968249838432311050e+00 1.161410577848847936e+01
2.041996689543448262e+00 1.242106437454810575e+01
1.806758612068146252e+00 1.199289948994522170e+01
1.792916624083101373e+00 1.233539584533689393e+01
1.189173129121831485e+00 1.177569582920201796e+01
3.745410988848180689e-01 1.293618564399557869e+01
6.952929680285155900e-01 1.202121001843711134e+01
6.595827938245920619e-01 1.225618173487575469e+01
9.962503224620741227e-01 1.214600591974162569e+01
7.060158059893900662e-01 1.222536702961963151e+01
1.344978008477273113e+00 1.163424990300196171e+01
5.717636839476245569e-01 1.172985245472288973e+01
4.513419063248652052e-01 1.234202077217790006e+01
1.037644843906799341e+00 1.190241026928641332e+01
4.836862009394881645e-01 1.233802069782554867e+01
1.941423160699409012e+00 1.221784711513882193e+01
6.612378947685001451e-01 1.168879145982145573e+01
1.888470345077591039e+00 1.239014456763243288e+01
8.370567484437515526e-01 1.208416568634720356e+01
1.586375072603758651e+00 1.215133521282232287e+01
1.239832914286014276e+00 1.211107212537593192e+01
6.153063710597309610e-01 1.189849266528345950e+01
3.593992159498441974e-01 1.280954456205208025e+01
1.641176964374154057e+00 1.158612991844086970e+01
2.117723738949399248e+00 1.157937138785401565e+01
1.299965889084850890e+00 1.205938012160231843e+01
1.842334822740558264e+00 1.139874257452320983e+01
5.117437734244079106e-01 1.258339753905991643e+01
3.569168517759025439e-01 1.287217340199995874e+01
2.104998301053806475e+00 1.160558488752194251e+01
5.540918822501922358e-01 1.246853956700978650e+01
4.361265443736973002e-01 1.211776057153185882e+01
2.009686540098706509e+00 1.134054272389602858e+01
2.107618816331949585e+00 1.190059586402369440e+01
4.581055645602688520e-01 1.242028071873674833e+01
5.487427565782129202e-01 1.205340815571581992e+01
2.032914309147039855e+00 1.229803589009911313e+01
1.693270871697925228e+00 1.241484749035458357e+01
1.833773676825867671e+00 1.204358987227574396e+01
2.017356341337971148e+00 1.131277185689566700e+01
1.869485661841087776e+00 1.237324748074366099e+01
7.419020094683465016e-01 1.196188174509960866e+01
4.316338574580652065e-01 1.238909747417619656e+01
1.047667069535833217e+00 1.248764578866741104e+01
1.817133826405478825e+00 1.188298160044602270e+01
4.868395129765472062e-01 1.179935351268607491e+01
8.660347088892106360e-01 1.220028249805542941e+01
5.697330337457099381e-01 1.254701139430430068e+01
7.652959291803043129e-01 1.174401491308969447e+01
1.117203082017857341e+00 1.168343556405993588e+01
2.994974419756846751e-01 1.298717857515119078e+01
7.714571655205607614e-01 1.165850710989547423e+01
1.661434148412188838e+00 1.222472347815955374e+01
1.484997141156644052e+00 1.229225054707919895e+01
1.473357307864159749e+00 1.234452548901533042e+01
1.258048478331645459e+00 1.160238269796562882e+01
1.257178068595263820e+00 1.216615012620793834e+01
1.712971531237268863e+00 1.187824371781609223e+01
9.980719371039951104e-01 1.241520291012562893e+01
8.785587318712487770e-01 1.148969614903699998e+01
1.198916574765663157e+00 1.186623867319546832e+01
3.984201443459739478e-01 1.282055157394606404e+01
1.514170511715011935e+00 1.220613635410620290e+01
1.855235000766502607e+00 1.173907222667667583e+01
1.451981109373327472e+00 1.188725815409149433e+01
1.163237109179669604e+00 1.211271391316415347e+01
1.601345216103340796e+00 1.218942580262976172e+01
7.295914571497421619e-01 1.153636853309771659e+01
4.838959030973145614e-01 1.213108882936467481e+01
1.812268949440754673e+00 1.239608401381454961e+01
1.334771435287188890e+00 1.199026805932933648e+01
5.096489205950752721e-01 1.232053700647305661e+01
3.859862512625331088e-01 1.300208890927528671e+01
1.016008971417662332e+00 1.159115563452023956e+01
1.072194278656068311e+00 1.225325211251309199e+01
1.103685008973523285e+00 1.245426571933497861e+01
6.207105122494691596e-01 1.208955359354827941e+01
1.937897494973491286e+00 1.199577156774330433e+01
4.504467921028446065e-01 1.258000493772678396e+01
1.643683154694885795e+00 1.162775988049501130e+01
2.068527598052559036e+00 1.153695498002093700e+01
1.803065327343669866e+00 1.224552515663904551e+01
7.218839533607143144e-01 1.163947881548859620e+01
1.371467886770095124e+00 1.209184972356854004e+01
1.778180113139122831e+00 1.205626929791452362e+01
2.133193995082033112e+00 1.210769934901741962e+01
7.171385262455309828e-01 1.173662987336186525e+01
1.746202308746794829e+00 1.205907363057826842e+01
2.070976532028698358e+00 1.180171094534838083e+01
6.337169587619643218e-01 1.194301912197499504e+01
5.489410450413977349e-01 1.226360559817401175e+01
1.801878597512919455e+00 1.256119651485400723e+01
6.330116782820319754e-01 1.216375280672174597e+01
1.427491460516909560e+00 1.233527924234395634e+01
7.843484427418978555e-01 1.247669858712335511e+01
6.044132986608800051e-01 1.185168525778026982e+01
1.644890273269448810e+00 1.235279914958378100e+01
6.362734686564603948e-01 1.206818087033726528e+01
1.888778330334532018e+00 1.148485369842301829e+01
4.836852134332391140e-01 1.255701595447003172e+01
1.559423184822485986e+00 1.160923289960428306e+01
1.026646422007427839e+00 1.237525655016318638e+01
1.926226068412003167e+00 1.218509030823958383e+01
3.300038225734767128e-01 1.310645353057622842e+01
2.034387032746122426e+00 1.115042983384612185e+01
1.162758826307903837e+00 1.234364221929973660e+01
2.022772812934710451e+00 1.213899532518546565e+01
1.567192755338649990e+00 1.212794463080169471e+01
1.797515556852022467e+00 1.163003302246385928e+01
1.788824341870246526e+00 1.193048321493838948e+01
7.694143131375630329e-01 1.168843941473515180e+01
1.916457516288836649e+00 1.204349760889199317e+01
1.738988619681658188e+00 1.229149972260755419e+01
6.455920101429649671e-01 1.214366986443048546e+01
3.239879993724347762e-01 1.303152950237255148e+01
1.935026015041965142e+00 1.176902826669279101e+01
1.741510955384957926e+00 1.207896860887897184e+01
2.155980413173780974e+00 1.212143732422288700e+01
1.154166475150715243e+00 1.218637213336934799e+01
5.965794390508536438e-01 1.239391193574909344e+01
1.893237042139995108e+00 1.155819741695830594e+01
1.430979549355762215e+00 1.242342979120923019e+01
1.599361244230496970e+00 1.224254043667728098e+01
1.937765652894539725e+00 1.213524578661210818e+01
1.586642591179478812e+00 1.187843154045967786e+01
8.829079332819796955e-01 1.192644461023457580e+01
4.101955109063152860e-01 1.275980768276811084e+01
3.792451609368141519e-01 1.255370294410256271e+01
2.052552378717854786e+00 1.133735338861363395e+01
1.984407293831442987e+00 1.137911912421676952e+01
1.173165074467912516e+00 1.216976766557523248e+01
3.568251541639202440e-01 1.324031837181808946e+01
3.279550871033520831e-01 1.332235086660673851e+01
5.907115722378890599e-01 1.189401909212312702e+01
1.663174009763939809e+00 1.238640622365841004e+01
5.442014746338607045e-01 1.213966392145810858e+01
5.459170263847817894e-01 1.200593616867679714e+01
3.041570731867190847e-01 1.313556647008975098e+01
2.016506795580715661e+00 1.117104122269577893e+01
1.678866970697534766e+00 1.178003399889004577e+01
9.516665815716597310e-01 1.211181478851098525e+01
3.122295643706612944e-01 1.325283127276686734e+01
1.124167169761173479e+00 1.237696843171885952e+01
6.232835116455439639e-01 1.205816101050213973e+01
5.828074368843937370e-01 1.184738177628667088e+01
1.160388696868277059e+00 1.208679673579122849e+01
2.092652389875417462e+00 1.194903971188387892e+01
5.099809741799193885e-01 1.212156100425720240e+01
2.090628581996294422e+00 1.244585420557999278e+01
1.414879968464500148e+00 1.175181288780915345e+01
7.566976684880093451e-01 1.172858260968407862e+01
4.447167372391118700e-01 1.310574018997227697e+01
4.924023459840418671e-01 1.222023885954597411e+01
7.810124701023731797e-01 1.188127061942122609e+01
1.430471874210909711e+00 1.206630817665000244e+01
1.357659824308197871e+00 1.225571342822975041e+01
1.939814079402287783e+00 1.237999064083906120e+01
3.330869240028327960e-01 1.325223808739343490e+01
1.450827240033639054e+00 1.196242621544519835e+01
1.931816896496777236e+00 1.210048080610435051e+01
5.365189930300707788e-01 1.222737849819574585e+01
1.071792292201273922e+00 1.233046731918604344e+01
2.050353978221440610e+00 1.226080365474909151e+01
5.575188959961331348e-01 1.255370321577440862e+01
1.145192602043020536e+00 1.184682478461980537e+01
1.118711890550480037e+00 1.172790857636206141e+01
1.049183663955547408e+00 1.251633852542075154e+01
1.573432061738641030e+00 1.232573080730846904e+01
2.146797315096397707e+00 1.184627602573170790e+01
1.024229142565031614e+00 1.191923939343071837e+01
1.867441735557039850e+00 1.213874631230155998e+01
4.183588331940620852e-01 1.297911983797811608e+01
7.768856334638075678e-01 1.203904569238957656e+01
1.020370508581315283e+00 1.199995336644691690e+01
1.689457287611131786e+00 1.241917697115274066e+01
8.434794615477608781e-01 1.230139988408837937e+01
1.851568866424192938e+00 1.184675517596513217e+01
3.982636708806566173e-01 1.293157170903116970e+01
1.809596691800793744e+00 1.158580529767664302e+01
1.466094144690002654e+00 1.196361845400062229e+01
5.144243540245897472e-01 1.208759162128848885e+01
1.815070625968162155e+00 1.125615452807407202e+01
1.426929036206619150e+00 1.243954513834758480e+01
9.070352857622151488e-01 1.215735971776371827e+01
2.972997620608942571e-01 1.318165930404996189e+01
1.796711961685545367e+00 1.207605607355313104e+01
2.070021526922928512e+00 1.231363670332687654e+01
1.631023591473768297e+00 1.189581364742288372e+01
5.182414569031892349e-01 1.193745202804017502e+01
1.539174195387278621e+00 1.206843594816433729e+01
4.612067758672332429e-01 1.263306778184017709e+01
1.809246020848710890e+00 1.260430209895627485e+01
7.659307280472578139e-01 1.178989372239588818e+01
6.147607237720617013e-01 1.240537548030555470e+01
4.915004739708898618e-01 1.192510042126159853e+01
1.604002393363489709e+00 1.212005584230031374e+01
4.911479898222804175e-01 1.232233321574889828e+01
1.284925879249478875e+00 1.213330845878182451e+01
8.424174658187651987e-01 1.180784538993590438e+01
7.539875705881377010e-01 1.204756009619913293e+01
1.090337164035976025e+00 1.193824154807065341e+01
4.483451977570249158e-01 1.283196525806388344e+01
1.900512164978517493e+00 1.264742167105588067e+01
6.624305745044963833e-01 1.252287904688715869e+01
6.756308291032340207e-01 1.229580120816879152e+01
7.509022409577054136e-01 1.218487904470214822e+01
6.196369015716354234e-01 1.195237354701819577e+01
2.004825382251770982e+00 1.233970536304865995e+01
7.103307651767729602e-01 1.217573448041865625e+01
2.047259813118806449e+00 1.195753050745779866e+01
1.428719180004529354e+00 1.199312757257539808e+01
1.523672511957881337e+00 1.151542410435277475e+01
1.978708355513359551e+00 1.122369452208628005e+01
1.295812173636719855e+00 1.196787923749575810e+01
1.929726992447820200e+00 1.157767628154955375e+01
9.202323257356482822e-01 1.226015481526897943e+01
4.503621760505122640e-01 1.263337171541204640e+01
1.951634833532164270e+00 1.226895917377797041e+01
5.301360311585880947e-01 1.267226186888190220e+01
8.940179492362674285e-01 1.194268609495424904e+01
3.848687297973960586e-01 1.296774859136909086e+01
1.061202861041050216e+00 1.233611474052786683e+01
8.533219395907748472e-01 1.200550124739517166e+01
1.763826025014793464e+00 1.195587648751737753e+01
4.514720187204035451e-01 1.274866801295035046e+01
4.514400168963627058e-01 1.228053069536249176e+01
2.147651447899519894e+00 1.243005027233563631e+01
6.246695384616252067e-01 1.197790351051904700e+01
1.832059407441541277e+00 1.117712098004353649e+01
1.723891875124767159e+00 1.153930765079861231e+01
1.658256373348476975e+00 1.175499406227370969e+01
1.233250503149305732e+00 1.186022177098041830e+01
3.756021576181864385e-01 1.317955879832573629e+01
2.089316704486309462e+00 1.105722125383015175e+01
1.619361708004473543e+00 1.249678167492937320e+01
6.067669472525343277e-01 1.178650386321944588e+01
9.211378953398022817e-01 1.246091108721062035e+01
3.687719454970692090e-01 1.256284680284388067e+01
4.862099853180493203e-01 1.247978741468400443e+01
9.571136641413140467e-01 1.215245138972235850e+01
3.639349201709676240e-01 1.322950038977282183e+01
7.252655315337291908e-01 1.199951875242649812e+01
9.101737726377837623e-01 1.166766260446599901e+01
1.425045195766728501e+00 1.206526556178919307e+01
5.310243596030453928e-01 1.227143364339143972e+01
4.319764149328182978e-01 1.249696603279100238e+01
2.026655176002181591e+00 1.247340302448195182e+01
8.911007333694874744e-01 1.180851867758531526e+01
2.001016515972787513e+00 1.185830367160048304e+01
1.588709391587823871e+00 1.179767534727651146e+01
1.503700043274098119e+00 1.235531056122489524e+01
9.480181203442101801e-01 1.206919483960929718e+01
9.554048103856022101e-01 1.242817606731681579e+01
1.832121748546841955e+00 1.196875972976052616e+01
6.762977826040106333e-01 1.198966360066479453e+01
1.537932717819580075e+00 1.231502702735167709e+01
9.848699687434564476e-01 1.205312212760126300e+01
1.422372629434388802e+00 1.146307624711435302e+01
8.623953821625386373e-01 1.196001172289439651e+01
6.569109655991163255e-01 1.202723962033774185e+01
1.802417299541260398e+00 1.177833143408154370e+01
1.047632961973486321e+00 1.187416504401461914e+01
1.938370105964147827e+00 1.208178169762950382e+01
4.337555032855985315e-01 1.273063523414916531e+01
1.294980149098494682e+00 1.191768259599687774e+01
4.977156138298262089e-01 1.247338152961279789e+01
3.602188563198174820e-01 1.322398033046166610e+01
1.680529205248294522e+00 1.202905454344186076e+01
8.538113474372508449e-01 1.226016511417978450e+01
3.252235411718464864e-01 1.313770058134970675e+01
2.198480498268933214e+00 1.164452773169685607e+01
3.479695619913942828e-01 1.277829559301807727e+01
9.453057723719081595e-01 1.207380897573387735e+01
1.781980212265336982e+00 1.195080454050759577e+01
1.975988410406057216e+00 1.162347238963234020e+01
1.560738843028008915e+00 1.207494494284277309e+01
5.720928204824818897e-01 1.219668934820646022e+01
1.022974801924774413e+00 1.240010417741781090e+01
1.664261476214855762e+00 1.151801099133466799e+01
1.289028700047659459e+00 1.201332668644776547e+01
2.051925209218351309e+00 1.227386442967052993e+01
5.896912436449344153e-01 1.172624754161726379e+01
1.011464424413118346e+00 1.199931958856572933e+01
1.170796011519173341e+00 1.232218196259603360e+01
1.552794689803506101e+00 1.173419145157033050e+01
2.054565584805342571e+00 1.227474044015110088e+01
2.037139215522993041e+00 1.145367148155276382e+01
2.117123787487630970e+00 1.171057307067767006e+01
2.024337099460506550e+00 1.241914906721074097e+01
1.069597499784530115e+00 1.184795605058768331e+01
1.959856452407977345e+00 1.135856936812445994e+01
1.238210141416135945e+00 1.194873787968165679e+01
2.074192563300054637e+00 1.160368375110137507e+01
3.586774147763541754e-01 1.265047492333130208e+01
1.765510586612121680e+00 1.214772092017253158e+01
6.227198297372701363e-01 1.203209693725756857e+01
1.572458614802799914e+00 1.222481647793021686e+01
1.008853800155840696e+00 1.203559094707889265e+01
1.732718721406411699e+00 1.210373318743432236e+01
8.152650307905106031e-01 1.151132789839137871e+01
2.023687107603241664e+00 1.188908514214578283e+01
3.522154392278656343e-01 1.319120654084992594e+01
1.708753986474749631e+00 1.217238992685183874e+01
1.314432082778322020e+00 1.238702717869959535e+01
4.280395968921991701e-01 1.276180269836767067e+01
4.885178875271951049e-01 1.223698280851371756e+01
8.226387793570780760e-01 1.174710278539717123e+01
1.807368164658015752e+00 1.236963623212213648e+01
5.015970098758980589e-01 1.235690120976271622e+01
1.146826070138832199e+00 1.244872496586669186e+01
4.783668891160544612e-01 1.202036199587401732e+01
1.855607224941650646e+00 1.212032413139353082e+01
1.240433174149506490e+00 1.196316403727246858e+01
1.188521792946707123e+00 1.184213537123519266e+01
1.736376286083040510e+00 1.218072220308191689e+01
1.537074155118261842e+00 1.245848005619401988e+01
1.786000673917950365e+00 1.157055828450846313e+01
5.837270092434913016e-01 1.251869639795892830e+01
1.162932231549233197e+00 1.209714628654122670e+01
4.588119103606966842e-01 1.274124201145072988e+01
7.106726219970012082e-01 1.215315251169037936e+01
5.393759305900477363e-01 1.234612412682426097e+01
4.645934317829849003e-01 1.291910792235817773e+01
1.356170439585119070e+00 1.238723604920486032e+01
1.795004321257330338e+00 1.189425955925168488e+01
1.900385945993107395e+00 1.200590370717257471e+01
5.920133403655403193e-01 1.181143293953715201e+01
4.260398544524692244e-01 1.283368275661626612e+01
2.065875954662423464e+00 1.120867555344231725e+01
1.196726503850617629e+00 1.193000065256912556e+01
3.116626628559973633e-01 1.304097562238382402e+01
2.119353873121811116e+00 1.208896325703945251e+01
6.171117820273844812e-01 1.187888518987569242e+01
1.454407295685848700e+00 1.210356812909726010e+01
5.884690264788668967e-01 1.253262629298317776e+01
7.343714014367552778e-01 1.189995588752108624e+01
1.077521338608596668e+00 1.228808067541194582e+01
1.815436881186758056e+00 1.234009662564000820e+01
3.344150507303270681e-01 1.295302210785288999e+01
6.343203509212681501e-01 1.223698825834602744e+01
7.392489255479518517e-01 1.197544122539527400e+01
1.878181653958312713e+00 1.209267241200024934e+01
3.991012231586766323e-01 1.321663969572859187e+01
6.707367338021502645e-01 1.236935018992386937e+01
4.305682368984350972e-01 1.261205558675454164e+01
1.553060361222560637e+00 1.249965417206466434e+01
6.486826438134011275e-01 1.219470395373986982e+01
2.097592011809804369e+00 1.122447056439398594e+01
6.066721164025755675e-01 1.189573022425805959e+01
1.741178452688148637e+00 1.223642905168517281e+01
2.141410957356237876e+00 1.105075591503039867e+01
3.073397994804393241e-01 1.332979476992099244e+01
1.414370036411946252e+00 1.198486500722780157e+01
1.867260810726872000e+00 1.211903049560184087e+01
1.911426002323244111e+00 1.181812600272293601e+01
3.526037054856522301e-01 1.283271470655193269e+01
1.591102878632278950e+00 1.186604684082442240e+01
7.636674395837377283e-01 1.200695988472519460e+01
1.441414917959261244e+00 1.225173983147162282e+01
3.436026609600525417e-01 1.335784043540993871e+01
8.047737903816694072e-01 1.191590600208444073e+01
3.982412813100361659e-01 1.239316691895467493e+01
1.491294903941222882e+00 1.167285337664383249e+01
4.214043414404378129e-01 1.283721553395807469e+01
5.571203143792718970e-01 1.197782813043539818e+01
3.606240104789597001e-01 1.294717438640035212e+01
1.569652149246295147e+00 1.240613826079899873e+01
1.967220826263323286e+00 1.221909504637613963e+01
1.686463309243575459e+00 1.233998175224645522e+01
2.082417307632327130e+00 1.202509248739612779e+01
1.344484555079841215e+00 1.196409861191027169e+01
7.222102165846372435e-01 1.209038275215287683e+01
9.158012902950433132e-01 1.204004938100679034e+01
2.075533894453753359e+00 1.219343500353575038e+01
1.399598602803847402e+00 1.229869604973903563e+01
1.341754592183442396e+00 1.216322141382479849e+01
8.333230601248560188e-01 1.192105298524149148e+01
5.888796525691071260e-01 1.237523746676103720e+01
1.727594856228372056e+00 1.230135818554410321e+01
5.314152688106582589e-01 1.250441079976869929e+01
1.718864718983539763e+00 1.226938579854606637e+01
4.286116746359436847e-01 1.250734771801917589e+01
9.249894841869266138e-01 1.207492480619673358e+01
2.813963298703887062e-01 1.350133212457276954e+01
9.419022522785124307e-01 1.190959752961903106e+01
1.183343013343557182e+00 1.212193466533705077e+01
4.574953078608182677e-01 1.254345956216001845e+01
6.876184150447641752e-01 1.191862125949390716e+01
1.018105603704505091e+00 1.180240915529226342e+01
8.178214001988963755e-01 1.203712807378236604e+01
2.060352666086723517e+00 1.154587948821375853e+01
9.736818767661824525e-01 1.211755860195109769e+01
2.090175233422369327e+00 1.174788585066203517e+01
3.816662557484138407e-01 1.252754861511642837e+01
4.576948248451537804e-01 1.283482184517575142e+01
8.953476637212189893e-01 1.223298663078497484e+01
1.302668629494286634e+00 1.242491652550538461e+01
7.978226537535020313e-01 1.200551171342543277e+01
6.393880769376119044e-01 1.196963984087159361e+01
3.552075652548803975e-01 1.305800670169553257e+01
7.804530626644696767e-01 1.188362694598843561e+01
2.022774146291574482e+00 1.136140678678256144e+01
4.102526525507814159e-01 1.284697406414561449e+01
1.588512146157317506e+00 1.250365593729585001e+01
2.028797329530076521e+00 1.189416889098058761e+01
1.967638039657358506e+00 1.151931627824678017e+01
1.261770643756355392e+00 1.212104496029963663e+01
4.124922345066846519e-01 1.247210725545871490e+01
2.010797282731042301e+00 1.109293930506683346e+01
5.370739456873329098e-01 1.225079630823142551e+01
1.081353311195476063e+00 1.248665897400047342e+01
1.493988261905657255e+00 1.231014828609813172e+01
9.572720489287335210e-01 1.181257924158941108e+01
9.647469545374360855e-01 1.200799047821836041e+01
4.969378458389296926e-01 1.198681379221371657e+01
1.212244523725243717e+00 1.186599162594449197e+01
1.773615947182719532e+00 1.227139378914695200e+01
1.227515582673574190e+00 1.236559105680839821e+01
1.874700938219282298e+00 1.154656664966264934e+01
1.342726340976430510e+00 1.216930238732695280e+01
1.689528156834704253e+00 1.142685690492021067e+01
7.950908847779013522e-01 1.223451521663155361e+01
1.712132913921383670e+00 1.199316047842853727e+01
5.187194897159524976e-01 1.251288987883118686e+01
1.039427142862659137e+00 1.153592990676693830e+01
1.570090519194073719e+00 1.219747594603705920e+01
2.060936724322876223e+00 1.248437811424740751e+01
1.310631065776696413e+00 1.213767513554914323e+01
4.803808680515861407e-01 1.251133656224650537e+01
4.756541874035433715e-01 1.259290641066954031e+01
6.048533358860712639e-01 1.213885674366061096e+01
1.892190358774247239e+00 1.223729773662336662e+01
9.499114251504293671e-01 1.168991812217982407e+01
1.637990347116439871e+00 1.192198442840522432e+01
4.550721717824523505e-01 1.280829573942115296e+01
6.538356587822171662e-01 1.236536680791087406e+01
9.885082384224013197e-01 1.193777758973221381e+01
1.360198220272296643e+00 1.224019879975052305e+01
8.327520697959114315e-01 1.207079888705417225e+01
1.712468357033980260e+00 1.182479404249282773e+01
1.471054003578519787e+00 1.187220770529391167e+01
1.169011981996288974e+00 1.172895332469181007e+01
6.406235134752406024e-01 1.194224029494149342e+01
2.049730372638313813e+00 1.180884823883847368e+01
1.202769592801577803e+00 1.238828156934659397e+01
3.574191984561804758e-01 1.278211016079309914e+01
1.928303243802466094e+00 1.138848972713740970e+01
1.131717225230982171e+00 1.172643454967824894e+01
5.260565962210428381e-01 1.194127078766173611e+01
1.555901805208336208e+00 1.192266702958260360e+01
6.578822698026522975e-01 1.174489380530388161e+01
1.645596234479904885e+00 1.212704343952225372e+01
2.085460674803600867e+00 1.178819129129849586e+01
9.485774492285576898e-01 1.228779916323911614e+01
4.950461731225057616e-01 1.209936058123033575e+01
1.690682196513844548e+00 1.231167528663050703e+01
3.192201217566352778e-01 1.326689054422753244e+01
1.502938513223723627e+00 1.148500800883511630e+01
1.025300817780838258e+00 1.233881502214282833e+01
3.337588475640831942e-01 1.354122924144532725e+01
4.016898868700869984e-01 1.303569966610752928e+01
4.504238485792231295e-01 1.212671375604431567e+01
8.092980128753731739e-01 1.166325211835671283e+01
7.591165990726420620e-01 1.182621586761539767e+01
1.976458692764521352e+00 1.143666161013837268e+01
3.513535428332149602e-01 1.323775729857623418e+01
1.997970867671521544e+00 1.220332885254987332e+01
6.081350324261877160e-01 1.215911136831802963e+01
1.110681312837642265e+00 1.200441883316229408e+01
2.083576442285312691e+00 1.155094597944813017e+01
5.932784233335243185e-01 1.175416154705213145e+01
1.057662898709240684e+00 1.188548235045592705e+01
4.160703078200482241e-01 1.309050725611706234e+01
5.335554144117262698e-01 1.218447155696244266e+01
5.539413596593633082e-01 1.228773164198827317e+01
1.164233297670590250e+00 1.234191011283553152e+01
6.528003766904831862e-01 1.233191860687308683e+01
1.627422881976188673e+00 1.218007611821250258e+01
1.738849072610577862e+00 1.168755210257017474e+01
1.380641424655494998e+00 1.187191839304176710e+01
1.904673353372764888e+00 1.145364702097731247e+01
6.022566682325847243e-01 1.264811851143093335e+01
1.137153956512625408e+00 1.200228672114202588e+01
1.145921869779991775e+00 1.204657734881720899e+01
3.302674643175283475e-01 1.287192027806957917e+01
1.627243346686231051e+00 1.222263154496834758e+01
2.007364804937994851e+00 1.190978469707899201e+01
1.123263522543311632e+00 1.152943630455244595e+01
1.819234450799250613e+00 1.184118262303072555e+01
4.761967556492148201e-01 1.262388917597296256e+01
4.144322387383552186e-01 1.277270554091913368e+01
8.370848105841781628e-01 1.188685777591264170e+01
2.161578318123724252e+00 1.138802092653214260e+01
2.110626582949150620e+00 1.175157500812544065e+01
1.345522567046960605e+00 1.209407690060925056e+01
4.420993528676581130e-01 1.277228508930153872e+01
1.966308061251302419e+00 1.148327912837160447e+01
8.573662469603565706e-01 1.235983367032548941e+01
1.699444553795348423e+00 1.146134579789158359e+01
6.672344631223935396e-01 1.165040539928698671e+01
8.085696427690769461e-01 1.203926805363829899e+01
4.465379912223701453e-01 1.256250440909871635e+01
1.910294341717784672e+00 1.220498294318987043e+01
3.515939302151209755e-01 1.288082142679137476e+01
1.816030285656869969e+00 1.159594398311099717e+01
1.057940731178151905e+00 1.160575092868551295e+01
1.820165501096196348e+00 1.224276806676741991e+01
1.318350045634001377e+00 1.226237064191404436e+01
2.100682384592342355e+00 1.208580477165827993e+01
1.781655147506801429e+00 1.200969467415273684e+01
7.250065391883137034e-01 1.183053074854328912e+01
1.468663831630832028e+00 1.187564485031530559e+01
1.356684310861453469e+00 1.221227993604450468e+01
3.852807992130738435e-01 1.258569795071522890e+01
3.197292821765372328e-01 1.312200383404909587e+01
1.386319369363969045e+00 1.196195293375805946e+01
8.186375165563024581e-01 1.198850085821535139e+01
1.999859467332032237e+00 1.162362496767177866e+01
1.621751001720677321e+00 1.251903002693129885e+01
3.616201422776632590e-01 1.303686396967764161e+01
9.077408017740484780e-01 1.157977651209855274e+01
1.197797673012840347e+00 1.213358662646083630e+01
1.774559674799616404e+00 1.212100957528710765e+01
5.437731202163944566e-01 1.208011025635165936e+01
1.215167119757350589e+00 1.211391468367165380e+01
1.236694379572705449e+00 1.217553240685988847e+01
1.617673767542601615e+00 1.213974583136982055e+01
1.287522190271701561e+00 1.246085084745506677e+01
4.592582938023336281e-01 1.273450192840940076e+01
1.146060952343984640e+00 1.218982708107618151e+01
1.202681666299034502e+00 1.211641508576198056e+01
1.684212828387845251e+00 1.205826863491405021e+01
6.194669817821961688e-01 1.201548492837822479e+01
5.633247483801606670e-01 1.182611114539116848e+01
1.244075460049286486e+00 1.241134087220690141e+01
8.882583179714069743e-01 1.232139088000875660e+01
1.405580833085374959e+00 1.194083948208269597e+01
4.546301730714011335e-01 1.231869199546808424e+01
2.040283599756980593e+00 1.251093957950375746e+01
2.102253100662998087e+00 1.227269620536208095e+01
1.545147025677447106e+00 1.159336142306313633e+01
1.166132770150773545e+00 1.236901582808989097e+01
1.541983840520641635e+00 1.240231305034622267e+01
1.930409094827808092e+00 1.230382348375568391e+01
1.394547881429913705e+00 1.178020230663006629e+01
4.083211224412625073e-01 1.269460375535318164e+01
1.972089792321342072e+00 1.203393269422257994e+01
5.166652704783172290e-01 1.176939772547791918e+01
5.184562944009903918e-01 1.233691548885040667e+01
1.938629452630847405e+00 1.152633807458001591e+01
1.933689588078532084e+00 1.149192428550230183e+01
1.814223802265652497e+00 1.227598949862835198e+01
1.456401347744134211e+00 1.193501504816490844e+01
1.629492290307179569e+00 1.211463711000579657e+01
8.501298435823017030e-01 1.195822059356041756e+01
6.252730730421880434e-01 1.197475553776997792e+01
3.350295770496745096e-01 1.320939678537274098e+01
6.358503005606426228e-01 1.173537432574124750e+01
5.455176270616350909e-01 1.221210897533123863e+01
1.040771712936815918e+00 1.231002735904838907e+01
1.501929446917421362e+00 1.200075071532115523e+01
8.273830575100592499e-01 1.200393948021397428e+01
1.273936857470462369e+00 1.141326757990051810e+01
7.271664813669670435e-01 1.175086874855085206e+01
3.810375370935741302e-01 1.244860258981828594e+01
1.602066439036642143e+00 1.174735769461232415e+01
3.832182690309612894e-01 1.313867897357557979e+01
8.993956086053582766e-01 1.233036159911462271e+01
4.948624327987722338e-01 1.218620745483223899e+01
2.160924670939824210e+00 1.168059690476657586e+01
3.807544476573977987e-01 1.273459594187745303e+01
1.577356252652559521e+00 1.245880119525764762e+01
1.204718397213843994e+00 1.235315422514468686e+01
5.632667591441410382e-01 1.208372630575686202e+01
1.983384433387992862e+00 1.176831179466580934e+01
1.456296767649672974e+00 1.214569992492976347e+01
7.318777749775259300e-01 1.184200941874643398e+01
5.233435892411192336e-01 1.273797845263092476e+01
1.868987846427794475e+00 1.157358801751528787e+01
2.112141514073752280e+00 1.152195533060893951e+01
1.289394198741684372e+00 1.216439295818684130e+01
1.163814090996278861e+00 1.216819464417516095e+01
4.506919631362195089e-01 1.200058720215039720e+01
6.488577228975208611e-01 1.162606375316282659e+01
4.066371966666297855e-01 1.298170313674276422e+01
8.664498339458527321e-01 1.220204511863132524e+01
3.218605190616689038e-01 1.311540639116210194e+01
2.119807314321000113e+00 1.190925130179058478e+01
1.031417236560950856e+00 1.194503659610977842e+01
1.793370473846554569e+00 1.226213987100820724e+01
1.500641679324452360e+00 1.175530578874350951e+01
8.823273102123178058e-01 1.199138783209174086e+01
1.638451461405709075e+00 1.234186201588529208e+01
2.113537067345871101e+00 1.213548212225231993e+01
2.012426384295366688e+00 1.172290356730712624e+01
5.666589700432599352e-01 1.230190387435353649e+01
7.904219175145902332e-01 1.197408073644393056e+01
3.564906765836011182e-01 1.307051501335878640e+01
8.452391498921658641e-01 1.237818310130828081e+01
5.139517369768509258e-01 1.210354513567128443e+01
1.503219693919472189e+00 1.230893688923524998e+01
7.225472527855746341e-01 1.198342030035721528e+01
2.128036950333679567e+00 1.130048971952209946e+01
1.132153508325447033e+00 1.167851917259523908e+01
9.523422964900385423e-01 1.224245590525977612e+01
1.274946794749358459e+00 1.165642580663441663e+01
3.035118519548314353e-01 1.350196793809550400e+01
8.483533137531813484e-01 1.199028509713857815e+01
1.912053718135571900e+00 1.209542894553347026e+01
3.270801277505321902e-01 1.278125956343800063e+01
7.443915411464033793e-01 1.195620009280528961e+01
4.662251627258855446e-01 1.207575622447831876e+01
3.739538273594105178e-01 1.262834518262844519e+01
1.746527952699395980e+00 1.177729544752605229e+01
1.101965825617284400e+00 1.162792411004847004e+01
1.426378478248638393e+00 1.191460009686424115e+01
8.174698329613684367e-01 1.212404381748806514e+01
1.646490828332386913e+00 1.236662150738155397e+01
1.619382643497562002e+00 1.233742545530248691e+01
4.730974515360810706e-01 1.225756871775703516e+01
7.923822017522869077e-01 1.238342043923417179e+01
1.214441309824729975e+00 1.174060805419184916e+01
4.784679246935933938e-01 1.259619105227433344e+01
5.438921982340652050e-01 1.249332937310345670e+01
9.200179331485536238e-01 1.231350141852992763e+01
4.576135018425916412e-01 1.248515501930565819e+01
8.157030300994447813e-01 1.192968482455581380e+01
9.729624914033964123e-01 1.206380426416892071e+01
6.689445645068081703e-01 1.220172302112097640e+01
2.095485872264424287e+00 1.155039380269304417e+01
1.974702470908037188e+00 1.181313180244942629e+01
7.103343025470363337e-01 1.177666033597478723e+01
6.157387390321101828e-01 1.204883954435572946e+01
1.817591133017867344e+00 1.157058358924028951e+01
3.393968806428418472e-01 1.333348590788891386e+01
6.179620175108339053e-01 1.164237252440171488e+01
1.678199474081524478e+00 1.185730457871560084e+01
1.565167813876863656e+00 1.214697201646102620e+01
2.050383258232847172e+00 1.095987215497513922e+01
9.299480284536273400e-01 1.222328612191155983e+01
9.836733349194849430e-01 1.244282654840008107e+01
3.055345639924945123e-01 1.367202366470879404e+01
3.399576433847755763e-01 1.331987538430139573e+01
4.370122794343797579e-01 1.261733586170666932e+01
1.206759392066047099e+00 1.224356633258033966e+01
1.185889620962895741e+00 1.209636929843331998e+01
9.189236129426537891e-01 1.170800253253121426e+01
1.852983533201200350e+00 1.198257151185536351e+01
1.433928671932011456e+00 1.180647516673183084e+01
1.854000745300991904e+00 1.236804812743577564e+01
1.584956808097341519e+00 1.190691866444129765e+01
1.174198621879217974e+00 1.176468892376166941e+01
1.796882645323591099e+00 1.235122048403350092e+01
7.638786671410636719e-01 1.230359328580723854e+01
7.222745685036736640e-01 1.165503457131133480e+01
7.797887651481513194e-01 1.194827775491864408e+01
1.608677769137796920e+00 1.227213706984292685e+01
9.373911379202600758e-01 1.194762025888006285e+01
2.000705819863789259e+00 1.240837268978904184e+01
1.250363237345966994e+00 1.151057276928892747e+01
1.419695752326644023e+00 1.229347403078022616e+01
1.338861383076858536e+00 1.227045889429889591e+01
1.857711179802965518e+00 1.152335574471310231e+01
8.712088945241284188e-01 1.226475290301510590e+01
1.951475121090830323e+00 1.216110851947095917e+01
1.993323253805220796e+00 1.225467354485613569e+01
9.862015490086855074e-01 1.217137474158547406e+01
5.615873777324021932e-01 1.240072025953850954e+01
6.615448290176718649e-01 1.157632043162271884e+01
1.456319077162917752e+00 1.248684099519639723e+01
1.372586215189539827e+00 1.177507021155378553e+01
3.929627887078237514e-01 1.292969005755225353e+01
3.884846496482716738e-01 1.264618540480902098e+01
4.013395044170992021e-01 1.250633537499468950e+01
4.351796570930211439e-01 1.220237527371400965e+01
1.291388825048735534e+00 1.213591257569743398e+01
1.599319796170315833e+00 1.203291662617056446e+01
5.710370311557539935e-01 1.230791300099055086e+01
6.665378656793551349e-01 1.265920378134797630e+01
1.007834669912595738e+00 1.177080855256726721e+01
1.630718040271394109e+00 1.187446522594151332e+01
1.328756429227719638e+00 1.173599000853237406e+01
6.790357306920256075e-01 1.152689602002257985e+01
1.765319900356544514e+00 1.190976206892700162e+01
2.037966243981704562e+00 1.120832851440379407e+01
1.723892414684270680e+00 1.167062450393505557e+01
2.101173780219637965e+00 1.186396809901023452e+01
1.879367284014400452e+00 1.233288167466402996e+01
1.634526817198905357e+00 1.160861391136956122e+01
9.525015162709122851e-01 1.190412409760393686e+01
2.047820593134522138e+00 1.196504224591870624e+01
5.245278796311811931e-01 1.253800159954793259e+01
1.413184822025475462e+00 1.205790950144594476e+01
4.149078451991385363e-01 1.226827396721011532e+01
2.075532040813962809e+00 1.156776378655518123e+01
3.829777862009252076e-01 1.281013310055123000e+01
1.847254882707506152e+00 1.261934707043591963e+01
6.248333332262361317e-01 1.254024711639247336e+01
6.818966953084745208e-01 1.195977635862541888e+01
3.352280893168491649e-01 1.323719147268157137e+01
8.243214773939064877e-01 1.196390500688598024e+01
1.457219150776818628e+00 1.237984653745738939e+01
1.491710448262132171e+00 1.220809562702465279e+01
1.537338510479643539e+00 1.219166383606549964e+01
1.232429983049422528e+00 1.223996389476408453e+01
8.434921492201687965e-01 1.201909464135582795e+01
8.789990538011327459e-01 1.232163499877409230e+01
1.901164403261672131e+00 1.202629086275540793e+01
1.806315188284650874e+00 1.238369122809173284e+01
9.380090702447975159e-01 1.222898303691654398e+01
7.894557410817457654e-01 1.216459795962408919e+01
4.259231876064649147e-01 1.244026612701472878e+01
1.538380431969742723e+00 1.191473344653798705e+01
6.805325794652963278e-01 1.207821208919105516e+01
8.686144164859176398e-01 1.220875326009993245e+01
4.052932314956009252e-01 1.280927060682609664e+01
5.520631370869082399e-01 1.198474386248435763e+01
1.325357380382302219e+00 1.216746385634367655e+01
7.844693870212866571e-01 1.193343532921207917e+01
7.415300548605752162e-01 1.175445917739891222e+01
6.025573153768730705e-01 1.221633477449358374e+01
1.608766139675107398e+00 1.233730168003018690e+01
9.381636156037050922e-01 1.231804285474898997e+01
4.963874409488635009e-01 1.174510550838690293e+01
1.074882803702995826e+00 1.232430463321944991e+01
2.052046504965467921e+00 1.233774148728564235e+01
2.080511742208408954e+00 1.175208161332015422e+01
9.037766583370459017e-01 1.189714517298927987e+01
1.548784325688076446e+00 1.190827049916914504e+01
9.333272239518902724e-01 1.170659749272548211e+01
2.052157777518175408e+00 1.223864119064143807e+01
1.255777643744682148e+00 1.230355667301776634e+01
1.365417936552393519e+00 1.169177677761654088e+01
6.385088487566341620e-01 1.195629786264738215e+01
1.659769948027961739e+00 1.208737295605811290e+01
1.405688073018651174e+00 1.225312529121627314e+01
1.717614050295973138e+00 1.216089386509916537e+01
1.603500956348405504e+00 1.176064842373912001e+01
1.229081920851480492e+00 1.211324453200698770e+01
1.735501483349357832e+00 1.233267740669694668e+01
3.464435934710021203e-01 1.297277969319062230e+01
7.365933627934848626e-01 1.201088213868110621e+01
5.537169973687311453e-01 1.196296880113442640e+01
4.909814940281794771e-01 1.256756638726201913e+01
1.730225202711096033e+00 1.231234537122589856e+01
3.215860762074963519e-01 1.290511526723483726e+01
5.531169111911350411e-01 1.220618799846806013e+01
5.165869994951903799e-01 1.256143483388864723e+01
1.698803904983010815e+00 1.234459132249140367e+01
9.363872678898513824e-01 1.212024999010157345e+01
1.917831494667431302e+00 1.147425304654495548e+01
9.828677533379241993e-01 1.179799490676542106e+01
1.720344773814534767e+00 1.228524537433455066e+01
2.018986891210717616e+00 1.232460771855493320e+01
7.558029596524975524e-01 1.202574178615850187e+01
1.965889642060161924e+00 1.206078726277592317e+01
1.248943664277656129e+00 1.172961792178747409e+01
1.877886183940197906e+00 1.208330681891008318e+01
9.488160511141953135e-01 1.175796102276687805e+01
1.916520082133117864e+00 1.141217024581139761e+01
1.710176006034373142e+00 1.225457340842695864e+01
1.975691569827634053e+00 1.219907919834394860e+01
7.693905524644608640e-01 1.162443348671610188e+01
9.158278087002522660e-01 1.197609268502961299e+01
5.925311461093344390e-01 1.186767622896227437e+01
1.611268082107592647e+00 1.213528060367558936e+01
2.046983694803437448e+00 1.107317967675116854e+01
2.143202616121878457e+00 1.188041760139642911e+01
1.238481537194173532e+00 1.183841027718213468e+01
1.748537736451254432e+00 1.151785221738524356e+01
2.008061492517908775e+00 1.126294509131219002e+01
1.663492262496098162e+00 1.207225347170388474e+01
1.960116005589575217e+00 1.149324785308574270e+01
4.555522490041037931e-01 1.213624637081604973e+01
4.934191079051156725e-01 1.255324039373526368e+01
6.572563059208876846e-01 1.201610484300300996e+01
1.861206791874546740e+00 1.153698430226716987e+01
3.957599170469608962e-01 1.264537170026326862e+01
3.549644441568846065e-01 1.314333128416723540e+01
1.737415807654667077e+00 1.239002145601295446e+01
2.078630375431094190e+00 1.167466607048268834e+01
1.766523988591676364e+00 1.174172062102234371e+01
4.309218617555990449e-01 1.268613840911305424e+01
2.061616266082828108e+00 1.188601039199300757e+01
1.564553919846831231e+00 1.235795675806395977e+01
1.932729410540139359e+00 1.155442762162482317e+01
8.079200576141123413e-01 1.204132875581273865e+01
1.948117499347274295e+00 1.167536850442895435e+01
1.258962847108664018e+00 1.201497417364795162e+01
5.238628771397145778e-01 1.181533986586099871e+01
1.685616249059598282e+00 1.172676043034289250e+01
4.738613335447992014e-01 1.271894561709262916e+01
1.356338969036520181e+00 1.252713497225549055e+01
6.750059522777025478e-01 1.193549699879416792e+01
1.798760898451560619e+00 1.237775693080499728e+01
1.879018179848172210e+00 1.235746922845756224e+01
3.337643686929641085e-01 1.306171612891368738e+01
1.116800446079407427e+00 1.204127521348909902e+01
4.554765450095356605e-01 1.247573287890987714e+01
8.730498572291530701e-01 1.212914856947287490e+01
1.810960010942942455e+00 1.133753680272937281e+01
7.152890848874350338e-01 1.204514750125149014e+01
5.722311294600573861e-01 1.259453096920297455e+01
5.309242735100184740e-01 1.225314786493728469e+01
1.325022275249198023e+00 1.196945703074065115e+01
9.992480207575819007e-01 1.177579432406491300e+01
2.129960432284849770e+00 1.130955258277302455e+01
6.237769824627334980e-01 1.191812833248114956e+01
1.250885035125218980e+00 1.221695727997313519e+01
1.436857742873143495e+00 1.228226673214204112e+01
1.269665472914244475e+00 1.218339233584708836e+01
1.525791060890060447e+00 1.218295499528015213e+01
3.725148427877124635e-01 1.244129110215034117e+01
1.140283959763367605e+00 1.218920751555026527e+01
1.491977305707595569e+00 1.166074410646973014e+01
3.789605618483232186e-01 1.266458462731953993e+01
1.893595920883361705e+00 1.227637186524576940e+01
3.074241852482059167e-01 1.344486165463496086e+01
1.844173777004235237e+00 1.169861449892673555e+01
1.996023002131499524e+00 1.217604249590832310e+01
1.897561845902216771e+00 1.148518425327028858e+01
1.313021889446762236e+00 1.203815862759196165e+01
1.638193284177909659e+00 1.217158833045694699e+01
1.992705720177256223e+00 1.155994964502207090e+01
1.893578287425997653e+00 1.236691905269882596e+01
1.533584484367404022e+00 1.242668001229892738e+01
9.149975306106813422e-01 1.200329641584961671e+01
1.462931975778568816e+00 1.242068662824010516e+01
2.030136135942178122e+00 1.206126021071534282e+01
2.082729811229272254e+00 1.194123790191670942e+01
1.760751518284351835e+00 1.211649680020023823e+01
1.310670396768530033e+00 1.252280186496463621e+01
1.467850473236217423e+00 1.236475676289909664e+01
4.756121983261358266e-01 1.200029883503324335e+01
1.932211183376773667e+00 1.154328426135298535e+01
1.871685968257273069e+00 1.249689740381475112e+01
1.876951167917684682e+00 1.198268018844017213e+01
1.109727131275997536e+00 1.184775163777260865e+01
5.042583340917882184e-01 1.229284951318324737e+01
4.097913850916736211e-01 1.300217456884691103e+01
1.928584794811985637e+00 1.245358478894255150e+01
5.861094342023546178e-01 1.188565185273291824e+01
1.519250258554722288e+00 1.197571673293831118e+01
1.788337658892398929e+00 1.228216544604825167e+01
3.672971300891076929e-01 1.260451472242338333e+01
3.247367800347050193e-01 1.325020959141999732e+01
6.725636740038697381e-01 1.164151381527247331e+01
3.446479894875695837e-01 1.305247000623953113e+01
2.039142400089172469e+00 1.114359527701337882e+01
1.469851913297250290e+00 1.249052095418361930e+01
1.979816869819311931e+00 1.194476762501914990e+01
5.233039768271764425e-01 1.203972997552836333e+01
1.489242375023796416e+00 1.163432492497031134e+01
1.979385060184967626e+00 1.187166906511952824e+01
4.069407119003198292e-01 1.221266111287546430e+01
1.016833848026883480e+00 1.230316419535672523e+01
2.052602799062628325e+00 1.226568435077303043e+01
5.426409325257984806e-01 1.212124525652781415e+01
7.907013506558312477e-01 1.197228128376516310e+01
7.300022587234614724e-01 1.150984331290678853e+01
1.525754345149280544e+00 1.195065017265229024e+01
1.471027962806545464e+00 1.186607516668044049e+01
9.346747451087643599e-01 1.194140578672767816e+01
1.724992869080639091e+00 1.224523778531585627e+01
2.164922251766767669e+00 1.208641128036696699e+01
9.539126227625966958e-01 1.223008084326377087e+01
1.408202255317197560e+00 1.200105267362281936e+01
1.694250331272290966e+00 1.157485508191235368e+01
6.192939456594213077e-01 1.163343258730905383e+01
1.629860322300072939e+00 1.203626411353657311e+01
1.537508600680936866e+00 1.238567434886349439e+01
4.240221938519521672e-01 1.254413240646449346e+01
1.614710956678665488e+00 1.206248502499474640e+01
1.999121480063414946e+00 1.219200556172440919e+01
1.282099639970839755e+00 1.173015453283276344e+01
1.093081796322375121e+00 1.233824172187122237e+01
1.551586173866415841e+00 1.195934794536831980e+01
3.876392137905129154e-01 1.276473436368149095e+01
1.397972439733523364e+00 1.240523235786907996e+01
9.907818602596263347e-01 1.214833101810095073e+01
1.842690938484526253e+00 1.151869372743174402e+01
1.665696487599424902e+00 1.225841080464010524e+01
2.192755529714141893e+00 1.187365741680389419e+01
1.075677121369398082e+00 1.223010034566666704e+01
1.909675571723771448e+00 1.212427072354116397e+01
3.249173622007178186e-01 1.319942221472075161e+01
1.611961574115482021e+00 1.191415763270661721e+01
1.937285792720742084e+00 1.155816090443359734e+01
7.097786578352883735e-01 1.181181208345405054e+01
2.121281612588182597e+00 1.228113368328639332e+01
3.567264437514284237e-01 1.260635624546656075e+01
1.576241734212345591e+00 1.170330937063094900e+01
1.096712575332617012e+00 1.202709390960986191e+01
1.483076417618353071e+00 1.215829344030635006e+01
2.124787888132548375e+00 1.255315771958197857e+01
8.115253520157161837e-01 1.155469801481371661e+01
1.489098581103924346e+00 1.202805321077511103e+01
1.489066792966777575e+00 1.177838098246167498e+01
1.557841789215287820e+00 1.249961354274920211e+01
1.687485762195050976e+00 1.205027670725690214e+01
5.905535900931262461e-01 1.189567889682558999e+01
1.807241482903124030e+00 1.179585564839278433e+01
3.189218520924567701e-01 1.314141711316252170e+01
7.655852770720923406e-01 1.206873663883952474e+01
3.256749315041675419e-01 1.344833885465728507e+01
6.631746756545877641e-01 1.181893004403153391e+01
1.012638921015916349e+00 1.258351398835817392e+01
1.165075417553779635e+00 1.200495332968652562e+01
1.288438811587893751e+00 1.163153376626295810e+01
1.351882811136920548e+00 1.194322582841947522e+01
1.335156550201817227e+00 1.220760132719716573e+01
1.200528605984143349e+00 1.208481397994625617e+01
1.589990081051656956e+00 1.196211667833249948e+01
2.907045048076181137e-01 1.326124222524107132e+01
1.580639648320979695e+00 1.217609084286167054e+01
1.863441768259687992e+00 1.209752926285120367e+01
5.088690057995011173e-01 1.248100489006377956e+01
1.796080488926674157e+00 1.173585570843191128e+01
1.335196528731226850e+00 1.214501442129011721e+01
4.175444466656237363e-01 1.265282309115319670e+01
6.598897615662604466e-01 1.196265248699781303e+01
5.407695733470538890e-01 1.235175309127870058e+01
7.685828698467931375e-01 1.220244821386275547e+01
1.372697214196872517e+00 1.195900258754869760e+01
1.315416927373178169e+00 1.207802364770131476e+01
1.531849084519896653e+00 1.240448060045402734e+01
7.377248688296946799e-01 1.215482533721410618e+01
6.228323171675677061e-01 1.234876540011343238e+01
2.065645756138373645e+00 1.179120676082054864e+01
7.046610471688790067e-01 1.168813644630982296e+01
1.987380993634476622e+00 1.205713027286076233e+01
3.814970945620876908e-01 1.288787787807848595e+01
3.616836357685129788e-01 1.295739361289066949e+01
1.250866544144684234e+00 1.185150184969358378e+01
1.004906760716486325e+00 1.194595578805844305e+01
5.086392532543363432e-01 1.204597424615769263e+01
3.893378209758334707e-01 1.280561929156873546e+01
1.771779591989806724e+00 1.210688941383376083e+01
2.085349827764334751e+00 1.199978836929460968e+01
2.092271632956013594e+00 1.172894844589438001e+01
1.370649710987436709e+00 1.240177995976149994e+01
1.820730280945939139e+00 1.184471671878200461e+01
4.825376027651830380e-01 1.227688778333653730e+01
2.171753430674782326e+00 1.140104098841142921e+01
1.827006795862546662e+00 1.183515480613911741e+01
4.042202794547133382e-01 1.240949096382493799e+01
2.019352229933620180e+00 1.249462272275942532e+01
1.268434387926806073e+00 1.204969357968795407e+01
7.583611143415625033e-01 1.213635198278984539e+01
8.505159302260001386e-01 1.204469445820458695e+01
1.026850475514929251e+00 1.209377250075419852e+01
4.437235952297350350e-01 1.206895379110262212e+01
3.259595355897116353e-01 1.338169017972132657e+01
1.895809792027211893e+00 1.227754907757683611e+01
3.264654082134200164e-01 1.299204419966911850e+01
4.305360624344615750e-01 1.249149161406076480e+01
1.652403897241192965e+00 1.212602597463269483e+01
1.784492327062874306e+00 1.220360876201038280e+01
5.532605806868684528e-01 1.223921758559432149e+01
1.294301399233120042e+00 1.174470908031030980e+01
1.739001306043622241e+00 1.196376150751889966e+01
1.571558941409398891e+00 1.204698760705900362e+01
1.516663413118886083e+00 1.229336920249785692e+01
2.077651604714342959e+00 1.123527963943576502e+01
1.118722974007954063e+00 1.210355296250711454e+01
1.262124878010945972e+00 1.208561165937474691e+01
5.698914905497591832e-01 1.215861845805972585e+01
6.692771975722955347e-01 1.174021345663073035e+01
5.445867272723042829e-01 1.250429443793696827e+01
8.611041916177879507e-01 1.210859893859605485e+01
1.914987874661487233e+00 1.214806581213007242e+01
4.539830685338954730e-01 1.240618474353043865e+01
2.012758728623170512e+00 1.154540823616211043e+01
1.039479745004879385e+00 1.157112036272617672e+01
1.102034600845706480e+00 1.188599680075986775e+01
1.062579912159546280e+00 1.208657134878982831e+01
7.124087726868931769e-01 1.221857920987492463e+01
3.459180268892282917e-01 1.288607934829166091e+01
4.272947303001868313e-01 1.225573631909167105e+01
1.745868755772609804e+00 1.233589902320778542e+01
3.806037151153005560e-01 1.301276378639792597e+01
8.509723691449146976e-01 1.250077833417823392e+01
3.461964497833508458e-01 1.290989259545731294e+01
1.786686558606867870e+00 1.178659002730342031e+01
1.906598014779673722e+00 1.225868944208894362e+01
3.065808008014568875e-01 1.323467439999294726e+01
5.822168271529734040e-01 1.173897083277457476e+01
4.914733777014099192e-01 1.219021761993265507e+01
6.988358374287068076e-01 1.173514467784950099e+01
5.690570268042666191e-01 1.215748692018054022e+01
2.031536910421830378e+00 1.142798334596699128e+01
1.782656060764730821e+00 1.238709470106362787e+01
1.610190116683996031e+00 1.226923345397002940e+01
2.089068619131769999e+00 1.236803009639155171e+01
2.102039646059514322e+00 1.206121781681273575e+01
1.004148486895822812e+00 1.236393642847874830e+01
4.868615432820534994e-01 1.273936000672362923e+01
1.441107115917089621e+00 1.215002839671655721e+01
4.465286218788196981e-01 1.228076093265227975e+01
7.173222065876029285e-01 1.243299857748560378e+01
1.647905636316779221e+00 1.196945034895327709e+01
5.638029148734553520e-01 1.185318928754433010e+01
3.825239974447501856e-01 1.323270109400583650e+01
7.791397477601503807e-01 1.188790378720258545e+01
2.064104363420439903e+00 1.152340208855497217e+01
1.607539964482078254e+00 1.241555505140854443e+01
1.679661610444128206e+00 1.222849597115022746e+01
6.303748109698525948e-01 1.235982033055076990e+01
1.233494831898277466e+00 1.212053217001082395e+01
1.399826841275501499e+00 1.210838721129875672e+01
2.017735338010958390e+00 1.170475260818544960e+01
2.130362122439926065e+00 1.247936730425402807e+01
4.247752973278943744e-01 1.253524799871681239e+01
5.152844739767223903e-01 1.183158602037724272e+01
3.926226991771458730e-01 1.244186176360306106e+01
9.426353622481788985e-01 1.221496970178529473e+01
4.289934431077823129e-01 1.313188814751710787e+01
1.372496887668935628e+00 1.238838767952861275e+01
1.623159623954521402e+00 1.196343108716167514e+01
1.288964525379281190e+00 1.201160776515238027e+01
6.455663121900370172e-01 1.226928191190161677e+01
1.362647944480828377e+00 1.162170257239180593e+01
8.698902538784765159e-01 1.242143542029362102e+01
1.765682627889164635e+00 1.184373815227874260e+01
3.246772852679630783e-01 1.334656380538034881e+01
4.977105364732581361e-01 1.235224047005035253e+01
1.976410349323564519e+00 1.239278435194007066e+01
1.551336731033659211e+00 1.228459086115048571e+01
6.737859560556975769e-01 1.236902719236807968e+01
4.455136705432772293e-01 1.276573884260843528e+01
4.302839011849044493e-01 1.237896503085913658e+01
3.406240736851028350e-01 1.315623668795734957e+01
1.073534549858985443e+00 1.228030424755637995e+01
1.686525316353054693e+00 1.168628063057216160e+01
4.305815955570829190e-01 1.255193295821892363e+01
2.162732944078468833e+00 1.161607587088695759e+01
2.110855707406970705e+00 1.103244000934107483e+01
5.289565573364136686e-01 1.235463616813886745e+01
4.719144491765440153e-01 1.215005178976708855e+01
1.103614821127015588e+00 1.207793840383314077e+01
1.986681287647686922e+00 1.167171791832888417e+01
1.414400119839580361e+00 1.227483340893530084e+01
1.647774845300639113e+00 1.197094583903898091e+01
1.043176206737847611e+00 1.225466474866083999e+01
1.883968239925674526e+00 1.192604553504614806e+01
8.445040803267119811e-01 1.208118759497033601e+01
4.558099554410189325e-01 1.202451744996840333e+01
1.683065970934678246e+00 1.225389328676550171e+01
8.716278377547824752e-01 1.233854255435865355e+01
1.982150081257367802e+00 1.179727885078711935e+01
1.911874175991819635e+00 1.241868720592779063e+01
6.892929136535878021e-01 1.204925534327464476e+01
1.858957955074970858e+00 1.229225539070150397e+01
6.504845187115764205e-01 1.200799348174738235e+01
9.098560541586189210e-01 1.211035797206684173e+01
1.027443183911383340e+00 1.176299835792201165e+01
9.706405231403660849e-01 1.189831608578677979e+01
1.350289466565913976e+00 1.217586222270435492e+01
6.518936705840573387e-01 1.190106671796641002e+01
2.097659858246101905e+00 1.196158506130499788e+01
2.000636838526490546e+00 1.176020646485285326e+01
5.736607925083160309e-01 1.185072029302670238e+01
1.815588021697819077e+00 1.192878014201473391e+01
2.081617361118624832e+00 1.112020919030465649e+01
1.820514205762508997e+00 1.198655864521803593e+01
3.675828814503473430e-01 1.300273063243921534e+01
3.965553439167764926e-01 1.270696043605180492e+01
7.405081402096361787e-01 1.199183390337650401e+01
2.071762368697180001e+00 1.233247471137747198e+01
5.347230317867043281e-01 1.196739476563402427e+01
1.662572343185785728e+00 1.212258340533607104e+01
8.795399234710680192e-01 1.234246276061018222e+01
2.016709228633871920e+00 1.200506678054867926e+01
4.398491905162382198e-01 1.270435396123770566e+01
4.880263114387725643e-01 1.224322568311804993e+01
1.725416334383293560e+00 1.211713269160709494e+01
3.958591290882021996e-01 1.220370249891908543e+01
1.066086595616525301e+00 1.201490068859058269e+01
3.914656107561174103e-01 1.230336413039828258e+01
6.594035403140796614e-01 1.221758199232330533e+01
1.069678310066956461e+00 1.235741603454451010e+01
1.952537441045727684e+00 1.250489131756944161e+01
1.541032975993310794e+00 1.224923128213512236e+01
1.812960321244432293e+00 1.231138156224001357e+01
4.483789421560889221e-01 1.301329031934256975e+01
1.652433889161942338e+00 1.249255630963839891e+01
5.922004114867032154e-01 1.219131646589127449e+01
5.839477972074319512e-01 1.244853828254978367e+01
7.635975624191858602e-01 1.238296085598270224e+01
6.239093399002935136e-01 1.214288769157575132e+01
2.745280522457807515e-01 1.375331605714537453e+01
5.194589485813396745e-01 1.261198573307625637e+01
3.410506641108358439e-01 1.310562316349195378e+01
6.897428965614864627e-01 1.199461794139954662e+01
1.570979500922198513e+00 1.182686041515878195e+01
1.563920507003665916e+00 1.224019537949435588e+01
3.212872599803945906e-01 1.277432235454663711e+01
5.552203809370793719e-01 1.227324457102789523e+01
1.555948674705341706e+00 1.222031932864534198e+01
1.800053781757061877e+00 1.199027916396671678e+01
2.008206613738772628e+00 1.243123348180810517e+01
5.196915072925586410e-01 1.224691240926424562e+01
1.641826801877800390e+00 1.236464567708315165e+01
1.835673747696468627e+00 1.140293284585244216e+01
7.668985130766580172e-01 1.227648137259111749e+01
4.907068673278060511e-01 1.270832697151693047e+01
4.183626705793843659e-01 1.216708912576173596e+01
9.392131331858966092e-01 1.177548653393887257e+01
1.892476792102473659e+00 1.165901600421351603e+01
1.786946041721627410e+00 1.182729915488905803e+01
1.423895646185135089e+00 1.236548490777938802e+01
5.864692440981746913e-01 1.195542622483096729e+01
1.721717276080313885e+00 1.204327634904973365e+01
1.402829415400793422e+00 1.214735027762691644e+01
1.626351239532959791e+00 1.210348826462096561e+01
1.437376375141340867e+00 1.148637717241921941e+01
1.766626301028468182e+00 1.162250049166045685e+01
6.048335430371614141e-01 1.166066935182148612e+01
6.970330649713128990e-01 1.164827489169239705e+01
1.860043754040736630e+00 1.233429008098286417e+01
2.052414512540620350e+00 1.226609643897744739e+01
1.947530147634255915e+00 1.220358742024199827e+01
4.622884388474197692e-01 1.222266136962630334e+01
1.433908228087150016e+00 1.172345103318705029e+01
4.085845987166906168e-01 1.299169257042583858e+01
1.773244953398542822e+00 1.232775285669737286e+01
6.491273341951584452e-01 1.184408628697459065e+01
3.789261042265978374e-01 1.280184113761947096e+01
1.644710604621825167e+00 1.229261588904047464e+01
1.431416803835987350e+00 1.241425910665593513e+01
1.990915573333516431e+00 1.108924633022641615e+01
8.005117196141111613e-01 1.167842325220184385e+01
1.036681352017635671e+00 1.214316090329864473e+01
2.143708813086201204e+00 1.103459244308418796e+01
4.870743269848408219e-01 1.231861515599842249e+01
1.024790737650514982e+00 1.235744629901219938e+01
2.007839151435562020e+00 1.141848177807363207e+01
7.008195299589584648e-01 1.158541319254359081e+01
2.043759291738724837e+00 1.162492212260240443e+01
5.884421815818072776e-01 1.191147513454306406e+01
6.163829461997017978e-01 1.186913263823416997e+01
1.844429265770404447e+00 1.134740905351873685e+01
1.418015205460121164e+00 1.181236770053533824e+01
3.732731220632257152e-01 1.268623102152403703e+01
3.044023641757850895e-01 1.367180416829248024e+01
5.542653934012234940e-01 1.194493056301267053e+01
1.756935319165054077e+00 1.203824184507897677e+01
1.521303565236777455e+00 1.213071100908567246e+01
1.765965889786605958e+00 1.231168233792890021e+01
2.688072778484011383e-01 1.359326848017050260e+01
3.172626228453691577e-01 1.334613469993610479e+01
2.034524974943213493e+00 1.183645051286178962e+01
1.397886615886098527e+00 1.240570783074963401e+01
4.930484611521565586e-01 1.217657088244588159e+01
9.444500500089318962e-01 1.206153542318092420e+01
1.522070672791143942e+00 1.233030562112488582e+01
1.399659480745127249e+00 1.236907152410763544e+01
1.916987664818104120e+00 1.225496948269692510e+01
1.895549654515752858e+00 1.123502047439544960e+01
1.221463196887575098e+00 1.186167868927225477e+01
1.098890024401590670e+00 1.190283686162980992e+01
1.800370003617545400e+00 1.189500673736084302e+01
1.043019873653828533e+00 1.158568617501529552e+01
3.217851088733588161e-01 1.348349105860140718e+01
3.959695363289262304e-01 1.311689833358660628e+01
1.824793864941891774e+00 1.201199742742191923e+01
1.717484478449458507e+00 1.199750121572937900e+01
1.093361052790135624e+00 1.199975296568594629e+01
9.987926983311852247e-01 1.184962975776930527e+01
6.484351803054003716e-01 1.173165647221266283e+01
1.613526230572738474e+00 1.199327484169942259e+01
3.223985014321367193e-01 1.312043981390683278e+01
1.509238327227157450e+00 1.213849391734565764e+01
2.047775821169329546e+00 1.107737942508032525e+01
1.088837028289103115e+00 1.185094640584497228e+01
1.947112136967716456e+00 1.152710806999126270e+01
4.933563007344162199e-01 1.236917331682189314e+01
1.907323354694649531e+00 1.152846901532652168e+01
7.978695365719504773e-01 1.210980503878939274e+01
1.745133252700636906e+00 1.198211962465823177e+01
3.367768812836975378e-01 1.299249443249131808e+01
1.323646874863806611e+00 1.179522814979689826e+01
3.575227960193951837e-01 1.293624562069095418e+01
1.129193275237577954e+00 1.161514190301033445e+01
1.863091070615189526e+00 1.201705078587515096e+01
5.584318873434782615e-01 1.194459902062346224e+01
4.564072512146047367e-01 1.247806426200781793e+01
4.374997156488616978e-01 1.262794180572843672e+01
3.597909638455040748e-01 1.305723599148702796e+01
3.512244011222516171e-01 1.307286188244927239e+01
2.109378787735732619e+00 1.211524917827112979e+01
3.177790278267199620e-01 1.336758468357212593e+01
1.424347167119228041e+00 1.200559500459149298e+01
3.559181797008969528e-01 1.311268468523001829e+01
2.092165020020877453e+00 1.188128563057142628e+01
1.877068583374976507e+00 1.214675188854461751e+01
1.177958635865209880e+00 1.230266312951306595e+01
9.545726353286455579e-01 1.209080705878059803e+01
4.347569581061838107e-01 1.294475444086352312e+01
4.639519555618491498e-01 1.279653277545634360e+01
3.223525213851371474e-01 1.279166581480284925e+01
8.026999375367980250e-01 1.167878077204317044e+01
3.872363390148065854e-01 1.257813015323994854e+01
1.044179946989110430e+00 1.207909172694401612e+01
1.641302240200619877e+00 1.236007202237128944e+01
1.790789383034003368e+00 1.204429744864404483e+01
1.010130280603789954e+00 1.208736333578612410e+01
9.154745697936343962e-01 1.166341516016791147e+01
1.324364934712454867e+00 1.175777257544114462e+01
1.606814008369175317e+00 1.226807636686260139e+01
4.141085919438070029e-01 1.272198118002980038e+01
6.352932480140236482e-01 1.187146010596686097e+01
4.514603197676939628e-01 1.234810676005745300e+01
5.912705974814778109e-01 1.225341838067835454e+01
1.161487377519654807e+00 1.172205979687084287e+01
1.628798773080770479e+00 1.221736203653862773e+01
1.447381171143845124e+00 1.205636840240570251e+01
6.203546678419671334e-01 1.236393900570567261e+01
4.177126031852549382e-01 1.233573277153246828e+01
5.457898690816330722e-01 1.193413144514047097e+01
2.016149296336104513e+00 1.111144554111738714e+01
1.673757023127733223e+00 1.245910075360928637e+01
3.744535286186302381e-01 1.291526985959664664e+01
4.812449794091273048e-01 1.276519810819737444e+01
1.234856522571743165e+00 1.232760236301874990e+01
1.360590702823965659e+00 1.217085168540316609e+01
7.024546739586396971e-01 1.181408851710018482e+01
1.481179610655447787e+00 1.210980051530156310e+01
4.197642338611063950e-01 1.251527963097268525e+01
5.593136255053102746e-01 1.218485285176118360e+01
1.605411771954396549e+00 1.218048840721391812e+01
5.403029900994861245e-01 1.233728060697399798e+01
1.576924037162199532e+00 1.221741144899849729e+01
1.383394615807150840e+00 1.238073569910802796e+01
4.517194743379013278e-01 1.208736618344608260e+01
6.854350519656303709e-01 1.194194652847036409e+01
7.908285937471024596e-01 1.214682605638337876e+01
5.093186352969399922e-01 1.164187854950133705e+01
5.981024910240526626e-01 1.219832940644098507e+01
3.649250517557073303e-01 1.278185552485752652e+01
1.511280424713001169e+00 1.199877548558735718e+01
1.484341618561251686e+00 1.219518288849696575e+01
1.066853245695131180e+00 1.177955166836122558e+01
8.704597622945697832e-01 1.179577247975966969e+01
5.332470483783211535e-01 1.198924148581419402e+01
1.255929422557839459e+00 1.180069430390609142e+01
7.069766392431473534e-01 1.207879131107839221e+01
1.727934733493601938e+00 1.147369018657265016e+01
8.083366300534119420e-01 1.221603242531530498e+01
8.993565983051836632e-01 1.213826292955176989e+01
4.486315059207980904e-01 1.219328872194474478e+01
1.912679867085181673e+00 1.234593149660603828e+01
1.891130399369298942e+00 1.127212949718791002e+01
3.950254295272695448e-01 1.225145842646450234e+01
1.534890578982840426e+00 1.236337755072108457e+01
1.016473776969272214e+00 1.200964505145063121e+01
1.813337080151929515e+00 1.192074807278737403e+01
3.677954965193879211e-01 1.245751577798730914e+01
4.314150405729047510e-01 1.237315091771963083e+01
1.409191835899448186e+00 1.209959033572330434e+01
1.062943488222557686e+00 1.221830043848237324e+01
1.057776435876269794e+00 1.207017665559043884e+01
6.871002084716345548e-01 1.216384446293577959e+01
2.050683481156510890e+00 1.084273129295902471e+01
1.935770745560507544e+00 1.221730051213679324e+01
1.830259060159569184e+00 1.160079826123231328e+01
1.624792486787111301e+00 1.184695466224275506e+01
4.074537167139153371e-01 1.206606223649268195e+01
1.853640987334354229e+00 1.221810867068288786e+01
1.701105531482785871e+00 1.216800960245535279e+01
1.180056070784212485e+00 1.212986366942163308e+01
4.309367621195775988e-01 1.235838698615734010e+01
1.500214549555044297e+00 1.187701231359008247e+01
4.995091386873416472e-01 1.213954179261148525e+01
6.379024659018138754e-01 1.204168355675381541e+01
2.240256102201714228e+00 1.132958107527454672e+01
7.721592986667222824e-01 1.203069807896593879e+01
1.839693765965011663e+00 1.238805532762266282e+01
6.496046374845048099e-01 1.226813918225272992e+01
2.058272336023603266e+00 1.214686675527557114e+01
8.935725695183234230e-01 1.166733896983108032e+01
9.741700222970061107e-01 1.204107558896791907e+01
1.988245375428574935e+00 1.135410060671343047e+01
6.755658643752201487e-01 1.257616954139957421e+01
3.594663278114327842e-01 1.275182995000237796e+01
9.863415790272882511e-01 1.182028910312962466e+01
5.144031018064432192e-01 1.204132283357509436e+01
4.266755494554432815e-01 1.214707027639358117e+01
1.664977101188956254e+00 1.215970081556832127e+01
2.012403726232085965e+00 1.190928711906463811e+01
1.577075238384209266e+00 1.210961182934617675e+01
4.215244847547703344e-01 1.239040347631383021e+01
3.358166832516129019e-01 1.318647373779120180e+01
5.892365802255308260e-01 1.233549825730202976e+01
2.083601578007626465e+00 1.214267649392147952e+01
1.901544378936312008e+00 1.202904064419339214e+01
3.113203359295837469e-01 1.323010401294291682e+01
1.838764268590952211e+00 1.159453345990489481e+01
1.765650913479202000e+00 1.238222140978787067e+01
9.929467830610211321e-01 1.178599747034107104e+01
1.168989300779739171e+00 1.169264212505918721e+01
8.780957110231725204e-01 1.195385517339125769e+01
7.121501926853306408e-01 1.183624181936804121e+01
3.921630431544220752e-01 1.282733280195461312e+01
1.781791966061778032e+00 1.167270648757465423e+01
8.266600913775825621e-01 1.197719820759911613e+01
3.587376279460411932e-01 1.298295028072216795e+01
1.033968150621384474e+00 1.200885654224968135e+01
6.749552075364260162e-01 1.215276496287249941e+01
8.124114804859470240e-01 1.200317296623709851e+01
1.852767184390294863e+00 1.217959150417920178e+01
4.215160403282967039e-01 1.266195612350650990e+01
7.911359561814649277e-01 1.223600749607572524e+01
6.561247226489574924e-01 1.202359133552274351e+01
1.535742545855152352e+00 1.240338734014498989e+01
2.038778377778240891e+00 1.136775015875669581e+01
1.169964903576628412e+00 1.216553509651798137e+01
1.917325988942274906e+00 1.249973685399158185e+01
2.132181802191574160e+00 1.152244321725112819e+01
1.842019870742285681e+00 1.220403901161688154e+01
1.214865575081117033e+00 1.235160191630119186e+01
8.388498652572224934e-01 1.197851014577528694e+01
4.631354743621529102e-01 1.267491250899936617e+01
8.136581236749992341e-01 1.214524822917770841e+01
3.660895901317967605e-01 1.296269507810162125e+01
1.086273388288830244e+00 1.220171752887898542e+01
9.992529588257085260e-01 1.212655382655357172e+01
1.665697119463326104e+00 1.181108635229830917e+01
1.874082150718067830e+00 1.197432929114900269e+01
4.519306664279055252e-01 1.230711641066086237e+01
4.088560041509202714e-01 1.236774301777571239e+01
1.652005735691833843e+00 1.220312352787660437e+01
1.217459656639908294e+00 1.186623537106050641e+01
1.787685446259996480e+00 1.208050288249218163e+01
5.212220956698406793e-01 1.221749750214403285e+01
1.474393305982349966e+00 1.232013395495926211e+01
2.093304087357564125e+00 1.163453348619747274e+01
5.615193261731892260e-01 1.153625517340304718e+01
3.173482702835844771e-01 1.326486234007535181e+01
9.685715444799563034e-01 1.192479035275655264e+01
5.081708167658863795e-01 1.250362974267824789e+01
1.567922271858969152e+00 1.208277877295272695e+01
1.306842557149683781e+00 1.215221966862244329e+01
1.970168502490645013e+00 1.132446138459493135e+01
9.640547171408031524e-01 1.194103832287306410e+01
4.384754436341571360e-01 1.265705058723760068e+01
4.373130893768217287e-01 1.215041333764841980e+01
8.453572068360575287e-01 1.171445407347402856e+01
1.168999867085897870e+00 1.223513989351338971e+01
1.339477712209508509e+00 1.221235445479270609e+01
5.267994026912353744e-01 1.177955631553489901e+01
1.635216867260359974e+00 1.180247666534291540e+01
3.582299559300538561e-01 1.256436003271149282e+01
9.006905345312151701e-01 1.186510955597057304e+01
1.435470412436255838e+00 1.194904312011376746e+01
1.008151120529947598e+00 1.213675782416444981e+01
1.179785804023459672e+00 1.187054925032739128e+01
2.100551548780061673e+00 1.189830030367497393e+01
1.919952537879447307e+00 1.220489346086214688e+01
5.758479283122495129e-01 1.230705300831918869e+01
1.757185431862535507e+00 1.225493015346375536e+01
5.561600680480773828e-01 1.166580599221520131e+01
9.044801583191259819e-01 1.179065444581364019e+01
9.866294320262678497e-01 1.204313327027160518e+01
1.297384346394320431e+00 1.214445961768594628e+01
1.264260333730426122e+00 1.190335159300333778e+01
1.324525403642802024e+00 1.200329647746395345e+01
1.261549887788854907e+00 1.188625653784005642e+01
6.802577089976306057e-01 1.227572601231781491e+01
1.388935266004706515e+00 1.203298601096061837e+01
7.203987894026039340e-01 1.209289803278210407e+01
1.537864045368440680e+00 1.188903953298194160e+01
1.910445340788689439e+00 1.154537552532318756e+01
9.395257162309265109e-01 1.191970053153458586e+01
1.526263003369050297e+00 1.186143018205594579e+01
6.139920538893703927e-01 1.196661341970748182e+01
1.344338114651832949e+00 1.181904347668511335e+01
3.491944262300438195e-01 1.268460822339819316e+01
2.021352377222028096e+00 1.217642799905893902e+01
5.947798706381022260e-01 1.210546309183835589e+01
7.429989559884826456e-01 1.228238018744901083e+01
1.314918377560211793e+00 1.202822962936244267e+01
6.449996285033648968e-01 1.203620132890774208e+01
7.860920815430390007e-01 1.209582709840866421e+01
1.426998755133992880e+00 1.162183117786049635e+01
3.594472349635720598e-01 1.286003968951315102e+01
7.401718515980514335e-01 1.224300473371151199e+01
3.801829068552561308e-01 1.310806336773473113e+01
1.229603649265766041e+00 1.206048937198629645e+01
1.523615616419913943e+00 1.171927737715859585e+01
1.786822102628782494e+00 1.192738221574388824e+01
1.215980179659765570e+00 1.177564446489671290e+01
6.289733092983452734e-01 1.235437399877636544e+01
1.981766518580973857e+00 1.159603515635673432e+01
1.041992443172124583e+00 1.194878635078672247e+01
4.958171291459222974e-01 1.227504107343500728e+01
1.037936374931571093e+00 1.195594346767563287e+01
1.005800102213064262e+00 1.181894726437242760e+01
2.069501769124665547e+00 1.189823952690103326e+01
1.341209720231670177e+00 1.142756721343376647e+01
6.568755472318853483e-01 1.194862416782578229e+01
1.652284164147854506e+00 1.183492865286505591e+01
1.498804492167667757e+00 1.215401297414106807e+01
4.239240742265638073e-01 1.205744018713645715e+01
1.739695771592673967e+00 1.198506532187222717e+01
4.014370100782969075e-01 1.273102816950915894e+01
2.034772850862410110e+00 1.218934291848779239e+01
2.103997263969470843e+00 1.198673207020177678e+01
8.181515226959376053e-01 1.201562864814712839e+01
4.172166034506147869e-01 1.225855158212580776e+01
5.667621535293804191e-01 1.237184311983511797e+01
8.557752522495796210e-01 1.209220739702197278e+01
4.771164136235843123e-01 1.263168681023796402e+01
4.763761752798703064e-01 1.219107614285986152e+01
1.212686943130544481e+00 1.179896278501791329e+01
1.253723387909432718e+00 1.207978261904327688e+01
4.288329925215867977e-01 1.237454354877877449e+01
4.331704716141477896e-01 1.212452544179064162e+01
2.097992856113914950e+00 1.087656853535138346e+01
1.875947808747452594e+00 1.236495020045182258e+01
4.233142135226941050e-01 1.224975094353220584e+01
3.325699801527113864e-01 1.335591285919683280e+01
8.102834107241240202e-01 1.165212725039729413e+01
2.109998769152952480e+00 1.187556302610077807e+01
1.523546767045266925e+00 1.199099865679963450e+01
9.870676766170227712e-01 1.141122819534488286e+01
2.070768707451371871e+00 1.219864415997348495e+01
8.848091334197784041e-01 1.241232035350725305e+01
1.370232908541422878e+00 1.200125560785977008e+01
1.474941201525145962e+00 1.209560114133617859e+01
8.879176745860799524e-01 1.211073980314202991e+01
9.761425988394821784e-01 1.222623216154781822e+01
2.005069573358052359e+00 1.249403853270302100e+01
1.502783530021834180e+00 1.131307591248526023e+01
4.406013427638542090e-01 1.198437139983199273e+01
9.458231229606103296e-01 1.160242263557030817e+01
4.482673049469600435e-01 1.238531911460405510e+01
7.456852672459444165e-01 1.175195387553650939e+01
2.098264266479337170e+00 1.222255954252862153e+01
6.664943205137812132e-01 1.194450911125911574e+01
5.411070389910427325e-01 1.227293706472474888e+01
1.032090912426383289e+00 1.163077683858480960e+01
1.031746650784378438e+00 1.189790587522508503e+01
7.033932128297835096e-01 1.198968969980318988e+01
4.080556004107258050e-01 1.307794314944882252e+01
1.466475544073552406e+00 1.163799897236992287e+01
6.866496569165334574e-01 1.242693495829985650e+01
5.237710793643095553e-01 1.219991656000361502e+01
1.843325230374404544e+00 1.204310423636388272e+01
3.769146880921349085e-01 1.309504344280144927e+01
6.973308674966517406e-01 1.216711825141642933e+01
1.296886315754352426e+00 1.236437196102737168e+01
1.492465333254675564e+00 1.207890141076097201e+01
1.305087910238885041e+00 1.233767534439097879e+01
1.284008831954786878e+00 1.191435774468820341e+01
8.206776146828868024e-01 1.234360181029053649e+01
4.413193724745874680e-01 1.251186957332224736e+01
1.229795213266541953e+00 1.195339208735554948e+01
1.999648207825873492e+00 1.135966722541456164e+01
2.085153848295007162e+00 1.203451835410316484e+01
1.414310379524487127e+00 1.236789286735768734e+01
1.114812065978657118e+00 1.204789512497842274e+01
4.501497310263828378e-01 1.237248275901055017e+01
3.180627179757518630e-01 1.325112115721813666e+01
1.256028738900770714e+00 1.197301442798226390e+01
1.211671799483331036e+00 1.188220790429906160e+01
6.468849262122594590e-01 1.224171845535590286e+01
1.270569477717159668e+00 1.222710870446841014e+01
1.312835024365429648e+00 1.209756646686585313e+01
4.490145379581392260e-01 1.266444287938662328e+01
8.255216083959056039e-01 1.180171622440277623e+01
1.458329836688977421e+00 1.221113268667979668e+01
3.022996840192315182e-01 1.312923034409574896e+01
3.581786031669368375e-01 1.292982630648548081e+01
2.117266512466195572e+00 1.204405417631852693e+01
1.846624470568495102e+00 1.165783543334265993e+01
1.048290336700976821e+00 1.180792332954034940e+01
1.289044659033175444e+00 1.204329563294967187e+01
1.836309682826437584e+00 1.210571554141209027e+01
1.992664435134496204e+00 1.212273311878310089e+01
1.995722118690281599e+00 1.201867502299619339e+01
4.628352213182377328e-01 1.253692391964325914e+01
1.508417151678474788e+00 1.175176572638104133e+01
1.766363811170067244e+00 1.214292610156276453e+01
3.085840556986394478e-01 1.322970878019468088e+01
1.888619176666410437e+00 1.149736183903815956e+01
5.194166223803059479e-01 1.268144592074686372e+01
1.610010108187178268e+00 1.204057438932552060e+01
5.860437268682456846e-01 1.200283068878691140e+01
1.290822421698810674e+00 1.213291406630571423e+01
1.517046763153760081e+00 1.163904852960768821e+01
3.395701034688190512e-01 1.293769782635021315e+01
6.275312703722096819e-01 1.220480141368743432e+01
1.353542248169234963e+00 1.208989754252412574e+01
1.884356684958224948e+00 1.182210237885852422e+01
4.473251798654133693e-01 1.267492656684819430e+01
2.127901960182516206e+00 1.198779989555601233e+01
4.951927959897933773e-01 1.227357163040017163e+01
7.250706274218893244e-01 1.182453617009268321e+01
3.452534129576606547e-01 1.286007359121534499e+01
1.433885780513901587e+00 1.219299375414354891e+01
1.840618991362708456e+00 1.187164869417268065e+01
1.064192558694202706e+00 1.208711901874282191e+01
2.069125876612843751e+00 1.226960776543642240e+01
2.009729210801501686e+00 1.211027123073637313e+01
1.014966854768656335e+00 1.232637833645014602e+01
4.060066260980185748e-01 1.226213216335892398e+01
3.622366133641535257e-01 1.307009325218198192e+01
1.251209378291250784e+00 1.185163419154415188e+01
7.345058246421187764e-01 1.180585517827451270e+01
1.834021823922421301e+00 1.230993603040999673e+01
1.142364987773768936e+00 1.210445724755895291e+01
1.971198645991569798e+00 1.182243930765114115e+01
1.507566584759973294e+00 1.222186165598179386e+01
3.511928640673889213e-01 1.282515049347454017e+01
3.459342990723441313e-01 1.283506712964547170e+01
1.066716705195508874e+00 1.192249708562974853e+01
1.964299915091752613e+00 1.182013494957830524e+01
1.186851631673146112e+00 1.203534622814644273e+01
1.454318767939799084e+00 1.226368010272966913e+01
3.763699887195157689e-01 1.269264169285458266e+01
1.134739963718850664e+00 1.179233339575763040e+01
1.549320657917276911e+00 1.180887190290864375e+01
3.347855759067020487e-01 1.327481097737421756e+01
9.043534188912568661e-01 1.190400411973333661e+01
3.956011023796605630e-01 1.263780178121443676e+01
1.374193707475989124e+00 1.217574263232767073e+01
1.514504888284437634e+00 1.243112115930447814e+01
1.887914000193019026e+00 1.216976117352218445e+01
1.323431459588177983e+00 1.228741722242309642e+01
1.530065766357586288e+00 1.236810976755056224e+01
1.617642754733342736e+00 1.191812897970654461e+01
1.840005284958431853e+00 1.189311636719284593e+01
2.053009309006180505e+00 1.238188837611796878e+01
4.830035904978405847e-01 1.217154014926113348e+01
3.631840457198358130e-01 1.276907321108702575e+01
1.255949917928008919e+00 1.238893850905926719e+01
4.248909457809387225e-01 1.282796906702756701e+01
1.185356758546733502e+00 1.226884194300661513e+01
1.981557166550425686e+00 1.118437647705443361e+01
5.088843384115490087e-01 1.240842878744254385e+01
7.100151114123262053e-01 1.170934603951234543e+01
9.301453202514639029e-01 1.227487399214032848e+01
1.483892507113080628e+00 1.194665136181810006e+01
1.657924339002219360e+00 1.181093587679850820e+01
5.197435070290260528e-01 1.200391610332710357e+01
1.216725453512456534e+00 1.167461725566976760e+01
5.649238995066523383e-01 1.229808875306557603e+01
1.152614160808077548e+00 1.199418228319114554e+01
1.266894999596339000e+00 1.196062749278269166e+01
2.119331060325843286e+00 1.140148818674494535e+01
8.955772839150062392e-01 1.159270104601768026e+01
1.860316021427053990e+00 1.230632548070626164e+01
1.217074237320352470e+00 1.202404669620016087e+01
1.231763237566409819e+00 1.206773308566107694e+01
1.093625671812661126e+00 1.230730278336415040e+01
3.454001196022757347e-01 1.274050977123867767e+01
1.695013111513840487e+00 1.155022926220393664e+01
1.236199886072955723e+00 1.192863274845748478e+01
4.070022946188047164e-01 1.290216300384707004e+01
4.573376579957521004e-01 1.219129971965737447e+01
2.017794696225680973e+00 1.109511032031949362e+01
1.476870657924381103e+00 1.176834334918432567e+01
3.641540298059249281e-01 1.293683765768956206e+01
8.076065358884670919e-01 1.202692655904602503e+01
2.206063470044428154e+00 1.150639753561601353e+01
7.550313382239033366e-01 1.205165590836492839e+01
7.142531491192909421e-01 1.187141932575213410e+01
1.351975227689667269e+00 1.228608154160714250e+01
1.276246469233487613e+00 1.202451527769454565e+01
8.504405883898416008e-01 1.180657120749153144e+01
1.445173194101041947e+00 1.187197047212973544e+01
1.335479073489671542e+00 1.222134665682987276e+01
1.756225162733377365e+00 1.185968439085582915e+01
9.718032548897566070e-01 1.168222507965993984e+01
1.770509411727178017e+00 1.152516254249571404e+01
1.168874511626881274e+00 1.199830468822422525e+01
2.018198973252131712e+00 1.120465154655613915e+01
4.212980212225648780e-01 1.298615008627354150e+01
1.423075550715217963e+00 1.218185015020796591e+01
4.341136602601360361e-01 1.248598357300021178e+01
9.771402792912484703e-01 1.164829926204584964e+01
7.842402651720292717e-01 1.183325536279535228e+01
1.619886947341617978e+00 1.183027446835530405e+01
8.953502108557241934e-01 1.185439891436949900e+01
1.634630120947703880e+00 1.232741415062392853e+01
2.014821587558538685e+00 1.149774553253186227e+01
2.006216755445926925e+00 1.208110591911555076e+01
1.589411293226710375e+00 1.229946252833366849e+01
1.967632372622870385e+00 1.149669577327984094e+01
2.022057843204577932e+00 1.170479545966527191e+01
1.100419763800344786e+00 1.184062110985703775e+01
4.074144522894266318e-01 1.261648165175527758e+01
1.826528793837615794e+00 1.183143499473353089e+01
1.766527815712786165e+00 1.244652157877515108e+01
1.015473603589242657e+00 1.163350804753037160e+01
1.875952229180348318e+00 1.159677189011933685e+01
1.833334339836891091e+00 1.187238348347092831e+01
6.919466980678615764e-01 1.189574169639977796e+01
2.017775692948850619e+00 1.172302189627562896e+01
8.118760256133766839e-01 1.165832192052477545e+01
1.799531738691779514e+00 1.180195916397259559e+01
8.709992270422439731e-01 1.231589898990660892e+01
1.826501663316441704e+00 1.203380921261723557e+01
6.772351434383260260e-01 1.230518320148443046e+01
1.030084189135750394e+00 1.186016189334233140e+01
4.309534813204543569e-01 1.252712530819944803e+01
4.907639253248011202e-01 1.245670930302473423e+01
4.736080186929971236e-01 1.239971411837484183e+01
1.061900742707051704e+00 1.180939187236401011e+01
1.633724346651241000e+00 1.225572962153913537e+01
1.941301679467798191e+00 1.232552718716732265e+01
6.907636322418632124e-01 1.201816522227137796e+01
6.421573594052758516e-01 1.206696068844361491e+01
1.586792377048514613e+00 1.212484319504476105e+01
7.940733299173508009e-01 1.190096277816493675e+01
1.783362253033040634e+00 1.214214290304518151e+01
1.897175113613911668e+00 1.238062798865191105e+01
1.043402554031853224e+00 1.222456716858527237e+01
4.806017504543774188e-01 1.206198798146929896e+01
7.218854758716013453e-01 1.199323927157328029e+01
1.266168904130264616e+00 1.189619358406123517e+01
1.367564124105568935e+00 1.192605705595694765e+01
1.573540274751956902e+00 1.221949568207963210e+01
2.237703738039499068e+00 1.154795900964119681e+01
1.192783252080512169e+00 1.199626056672410179e+01
8.729592678424513696e-01 1.211199530216462250e+01
2.115353477617625266e+00 1.136490740343860395e+01
8.217537017655617282e-01 1.226232224200238718e+01
1.956492537743211191e+00 1.149889556601852014e+01
1.717915605594911632e+00 1.157805388751205733e+01
2.848430283122848072e-01 1.355827448080566278e+01
9.447635396692964926e-01 1.215962422373460683e+01
1.868615753939261825e+00 1.218816515642219223e+01
8.162214783026622289e-01 1.221370354308503003e+01
1.456297044691112097e+00 1.203361644766278715e+01
1.645760711737906945e+00 1.190020557654098532e+01
1.318367562292870998e+00 1.241404890040985620e+01
1.788665767496747883e+00 1.202977490023205753e+01
1.431019864426918975e+00 1.209660600462890656e+01
4.042992512340340405e-01 1.222931724658592145e+01
1.129093331463818073e+00 1.209893482004852672e+01
2.049813768163473604e+00 1.167868448548827764e+01
4.301754964338092013e-01 1.258537854802138689e+01
1.903439560074744241e+00 1.161446526699177717e+01
4.965759501748080451e-01 1.241555916289603267e+01
1.396250612148453030e+00 1.177205609808675923e+01
1.999511522626623794e+00 1.136689484648338322e+01
1.284678628961155145e+00 1.173690362810914678e+01
7.921288594327876575e-01 1.185049732723719629e+01
9.016093200615435954e-01 1.161432040273543009e+01
5.153650340596845902e-01 1.229030427218009081e+01
2.114854030685214603e+00 1.100102466540592516e+01
3.769868234688722453e-01 1.272395568164360924e+01
7.328577031710687972e-01 1.147342354976623113e+01
6.644245110342804628e-01 1.172879068225535626e+01
1.600861856523162485e+00 1.187881816098501275e+01
5.769099765556486847e-01 1.193385377724599472e+01
1.153089258684152796e+00 1.224057803560215518e+01
8.704437441059560410e-01 1.175948210607907107e+01
7.850037220294497908e-01 1.193806838159798467e+01
1.676122642168045074e+00 1.163813655106775968e+01
1.340797100794528074e+00 1.172316763437795473e+01
4.503103567318629263e-01 1.202508031800617871e+01
3.517540539913592834e-01 1.273733916995818660e+01
3.092379951853985731e-01 1.339623267992595146e+01
5.248420722598735599e-01 1.201420063583430853e+01
4.070910340043882303e-01 1.229736197554175448e+01
1.103654659177624175e+00 1.182747195615977809e+01
9.119980676121294261e-01 1.201793411674450596e+01
1.612155779570305869e+00 1.238936385565464171e+01
9.998690031667556433e-01 1.196617426767062575e+01
1.118400980518567289e+00 1.190159033944200040e+01
1.237954048573367105e+00 1.174077066230914390e+01
1.745355071775344546e+00 1.161006634551444527e+01
1.084083295043914985e+00 1.191135828052337686e+01
1.260053004687060607e+00 1.211570293121099162e+01
1.443640972802062272e+00 1.218532221451094522e+01
1.389558239747000545e+00 1.239634136653727836e+01
1.774782208920522519e+00 1.144670076483918564e+01
2.871140994251087375e-01 1.339347611213761624e+01
9.703521024991359489e-01 1.193659756099623870e+01
1.973392536188481650e+00 1.213602391042274675e+01
1.663466799870354285e+00 1.216117970041750951e+01
1.830322445573404622e+00 1.191832261797402737e+01
1.219425348035083845e+00 1.196440294204587040e+01
7.009911499665196777e-01 1.235285447371062340e+01
1.042994021250894576e+00 1.216347813166204617e+01
1.812362263994795830e+00 1.135246439366266813e+01
1.743075966344797001e+00 1.212269709797349293e+01
6.048944128372575335e-01 1.241773128884440958e+01
1.725710173866543906e+00 1.143176547211005634e+01
1.796740342948825564e+00 1.144862643077720143e+01
1.975749336537891532e+00 1.213643206838452926e+01
1.548896374120744879e+00 1.203970886340844615e+01
5.991849606378624182e-01 1.214490724410235423e+01
4.394620579654908155e-01 1.244087698041414214e+01
5.476977814198982220e-01 1.202032996685058031e+01
6.381553543573613707e-01 1.198891163919199343e+01
2.147899831812584814e+00 1.183201830156817991e+01
2.045416157111203059e+00 1.203361662772257823e+01
9.789273968755051181e-01 1.186830772680267643e+01
1.918201399525060857e+00 1.124664757776192303e+01
2.054994385390150669e+00 1.193798003818046283e+01
7.371396749455183528e-01 1.177284976656922666e+01
9.468707296398067852e-01 1.217545859969506949e+01
1.929455015366195791e+00 1.190975283817926211e+01
1.710715801471923259e+00 1.177809834062613348e+01
5.161979810492193232e-01 1.212209419639953190e+01
1.462142521527780348e+00 1.174805241038903070e+01
1.041399437281843143e+00 1.172569336016081287e+01
5.145088377927803380e-01 1.220493020949079899e+01
6.187724264630755089e-01 1.223603861173067919e+01
9.396625891021913590e-01 1.216050044506011929e+01
1.202032146018655379e+00 1.187260457379163547e+01
5.838890990302707529e-01 1.239852046618814896e+01
3.699345579792525096e-01 1.293038772865709163e+01
1.062845251703322447e+00 1.170196965846574244e+01
8.119377903267370744e-01 1.183956275702517402e+01
1.194294624251689196e+00 1.233916238378343166e+01
1.453148152114186242e+00 1.193171035382046163e+01
1.689618614762633086e+00 1.194445681550985050e+01
6.536214594815615841e-01 1.211695647726953418e+01
4.524089662356809427e-01 1.234042835668188332e+01
1.680304956166912111e+00 1.239189484090394267e+01
9.655068719462205351e-01 1.204264734316425134e+01
1.734455677019902886e+00 1.226244837027231682e+01
9.594400408779870659e-01 1.176424541086794129e+01
1.045880001836346329e+00 1.175832280883197001e+01
1.986776374081134611e+00 1.191017279667810946e+01
4.917215368417412469e-01 1.235182501448210601e+01
7.983541977867284478e-01 1.176720835635259199e+01
1.653797493835552190e+00 1.183889625912888022e+01
5.813298325566408353e-01 1.265428075894241644e+01
6.447280553320205998e-01 1.184545301029674214e+01
1.682415409960285047e+00 1.186414055127234946e+01
4.031582147449106479e-01 1.242838978995310129e+01
1.783266171724587679e+00 1.209076027461147085e+01
9.286677334142723339e-01 1.232068547373916090e+01
1.795175347271063870e+00 1.233005698118716431e+01
4.961340675677396450e-01 1.186824090196764381e+01
6.284840931566874067e-01 1.181143620866143529e+01
2.072367664087929828e+00 1.195484839722531412e+01
7.293485643915154082e-01 1.165345028092762192e+01
1.058693613884045259e+00 1.178943610142435894e+01
5.738532909243463376e-01 1.250508887142594183e+01
5.030551282608911601e-01 1.226618686761111654e+01
1.669057436938144567e+00 1.207939421646601552e+01
6.343694577552151381e-01 1.188707242526162666e+01
2.992268338871982292e-01 1.349224563305788926e+01
9.993353461522643810e-01 1.192742539839156457e+01
8.529773519852945629e-01 1.192358900847190029e+01
1.304846749288712360e+00 1.241454021216549997e+01
3.688839350412632667e-01 1.301642497842393809e+01
5.394738675639335623e-01 1.251753148724647424e+01
4.760582012435241039e-01 1.203893483650792007e+01
9.186102326680777308e-01 1.214700584434609709e+01
5.961455794631104199e-01 1.201076477547551491e+01
3.454112337875243632e-01 1.307760553567841022e+01
4.261674689916858383e-01 1.240334145263659060e+01
2.074474193608993211e+00 1.145739314913562268e+01
9.192324825250390852e-01 1.184207505715566455e+01
7.593681966014128593e-01 1.192653519574911058e+01
3.826447533549465208e-01 1.284681609375516587e+01
9.107523512068561589e-01 1.167812893557240983e+01
4.581302932446615905e-01 1.279587041567786088e+01
1.003476075859686345e+00 1.186406172048634922e+01
4.923021565122780996e-01 1.245271365172152933e+01
3.867990965844320672e-01 1.293947401441425704e+01
1.283544670895790718e+00 1.220616896875547397e+01
1.963123697095236375e+00 1.209221020992941753e+01
8.057233127754610535e-01 1.171963178280898887e+01
1.174504355731802896e+00 1.201827702538340326e+01
1.335352724972660887e+00 1.159328125751925676e+01
4.462108959418510379e-01 1.253358540788033260e+01
9.330876063495939787e-01 1.179781719595412781e+01
1.058518563332451645e+00 1.172957044999150611e+01
9.823293389302902856e-01 1.211067330472778458e+01
1.937556711669077947e+00 1.249448662273081467e+01
6.329471264713117939e-01 1.202214266733437498e+01
1.963845171894357478e+00 1.199178719427258422e+01
1.199151424238726005e+00 1.176306020819703058e+01
5.158951490724980049e-01 1.210837382917743810e+01
1.306016462197835182e+00 1.204087045278215484e+01
8.151641367498645430e-01 1.213041802164547001e+01
4.309845738627675615e-01 1.228406548017119526e+01
1.299271127680343252e+00 1.197512410946065842e+01
3.765135894802339456e-01 1.269374730886519131e+01
1.801995897208387598e+00 1.194379773794115529e+01
2.024073406219499383e+00 1.235420992822706232e+01
4.322293556164183426e-01 1.228007656103979528e+01
1.742839846178553920e+00 1.197265583536851707e+01
1.011683951512493573e+00 1.220031237337084207e+01
9.428965911455419180e-01 1.217726453529936315e+01
2.078741754177131362e+00 1.178785742042428097e+01
4.484042110542854620e-01 1.213125545557448426e+01
1.750823657458556282e+00 1.240948334159808297e+01
3.278533115541671372e-01 1.320118672653455327e+01
1.525819154360777530e+00 1.190442715151312569e+01
1.751887389917043070e+00 1.246525811706712616e+01
6.751400300532289789e-01 1.209418401160337098e+01
5.577500258393920385e-01 1.212269089672668443e+01
1.689934643334283448e+00 1.196365139612022155e+01
8.237093406602234991e-01 1.194954371249236580e+01
1.872341070065597357e+00 1.209916196613752604e+01
7.958158075075172366e-01 1.206495546132312846e+01
1.054068009053611421e+00 1.198042188305693934e+01
1.844503091800816286e+00 1.182444013848358999e+01
4.248988864067287374e-01 1.222411265108259926e+01
5.015058970685345452e-01 1.204864589529719687e+01
8.177140359694095029e-01 1.211814368435223344e+01
5.536316364557207770e-01 1.228709176861377372e+01
9.274864102254497533e-01 1.190970370082554375e+01
6.969125232105203294e-01 1.166812656244017354e+01
1.945409803548311611e+00 1.143450943107353801e+01
2.004467441505280334e+00 1.226274665905207328e+01
1.838879199802569087e+00 1.187941505819509302e+01
3.322397803098216529e-01 1.356971941325881481e+01
1.990483162085349811e+00 1.245673340011630970e+01
1.020288413380037618e+00 1.190802306328065718e+01
2.026011202337701267e+00 1.211319605455224391e+01
8.297868591881450984e-01 1.156212889578537961e+01
1.797379263665620064e+00 1.155070168530117236e+01
8.903617666628818039e-01 1.202739769396970893e+01
4.087821264947721356e-01 1.313339822257457357e+01
3.679362206004099245e-01 1.295068212771646188e+01
1.501428163620628586e+00 1.222520639241279028e+01
1.100259375313376253e+00 1.178427347752138310e+01
3.463056294053969975e-01 1.319572864710793425e+01
1.313326923862732531e+00 1.210170966664644254e+01
8.777043028327254914e-01 1.197718630853576371e+01
1.912540301489807915e+00 1.177237784178771385e+01
1.693031928316446111e+00 1.194094351407559884e+01
7.458259923334824570e-01 1.205918618472366433e+01
2.110140776535138318e+00 1.182656809250715924e+01
1.312730444483295456e+00 1.205242554010337486e+01
1.777796406663116446e+00 1.199447229461529574e+01
1.267930529912149940e+00 1.214752652053316417e+01
1.338986373313674205e+00 1.212210011907252039e+01
9.069354710165579148e-01 1.191472208770847807e+01
6.312798739910299162e-01 1.252713743043907968e+01
8.069917337291206971e-01 1.199401786241588574e+01
6.707366554182603302e-01 1.208706948844197981e+01
7.051389795713767228e-01 1.210120900713738123e+01
6.211107519631945406e-01 1.206742455812942083e+01
1.954099695049111185e+00 1.209734137959557998e+01
9.450698795645136041e-01 1.188853249228771780e+01
3.832624417142713180e-01 1.244755348953885310e+01
6.027852383018962312e-01 1.194622734454275736e+01
3.704941635892100571e-01 1.237500162150365135e+01
1.872397851639286959e+00 1.239026555856647605e+01
2.069746105605538400e+00 1.164790408875406946e+01
1.793835255207794299e+00 1.175201217091712458e+01
6.155444748760157125e-01 1.203002585233075372e+01
1.712050521853327956e+00 1.236727545353849500e+01
7.618573644050170568e-01 1.186897660953082223e+01
1.426750605555834994e+00 1.175584165485716248e+01
1.433217340698686337e+00 1.187137483208587341e+01
2.101014953986541034e+00 1.147684667708553619e+01
1.786117454418383987e+00 1.177021799146494985e+01
1.809242241912358384e+00 1.215982841599225317e+01
4.272082010556217946e-01 1.268384286359254531e+01
3.746522691036982544e-01 1.295940252008697691e+01
1.836880171742049095e+00 1.195733401654498884e+01
1.013472178937803170e+00 1.193463398345363125e+01
1.361517785563852945e+00 1.204352577715980388e+01
1.643619977320322390e+00 1.188384712685180666e+01
1.652629506092368583e+00 1.194960014467343257e+01
3.262876506697760526e-01 1.330254283747670385e+01
6.313652020941931120e-01 1.200567936627441590e+01
6.579392558480985365e-01 1.220686214176633655e+01
6.794617571585073179e-01 1.191771172468412843e+01
4.117572589245539483e-01 1.297501842955821871e+01
8.656930478869176993e-01 1.216549570423173243e+01
3.554227829751939738e-01 1.259118385410102547e+01
8.079665310636080511e-01 1.213221000338748112e+01
1.746020056577103352e+00 1.169332247370083877e+01
1.880219476354371366e+00 1.174090527136182338e+01
5.886606196887721465e-01 1.194897287713017775e+01
8.126764430322902522e-01 1.195387756669856394e+01
9.034433057750781426e-01 1.199301755344713882e+01
9.517598531328407274e-01 1.221091815672218139e+01
5.073662933781840634e-01 1.230923080342109799e+01
4.466458076295191648e-01 1.253747820364718280e+01
3.078563150615358790e-01 1.345473243217674941e+01
1.008287343249276713e+00 1.215071508709026205e+01
1.047356681908981901e+00 1.198705284877398292e+01
1.600258762176114624e+00 1.224160570940087034e+01
1.981731330257899604e+00 1.222700555529580235e+01
1.978723676144410693e+00 1.147531396531492653e+01
6.512929644317643207e-01 1.230700762701732565e+01
5.003848969970191574e-01 1.196725806897993039e+01
2.835867488035040962e-01 1.347005750968754789e+01
2.056196163449455661e+00 1.165168126232923740e+01
4.695698563794670211e-01 1.224024445759622637e+01
1.585214245353022910e+00 1.215681344038140921e+01
1.734064360810176231e+00 1.181008633045257028e+01
6.883290477071352109e-01 1.189441995236219185e+01
1.191827286871438352e+00 1.205804848004997432e+01
6.170016676489832319e-01 1.228510073792879176e+01
5.343587451127959076e-01 1.200002079446405645e+01
1.178480675095098240e+00 1.173873925238193294e+01
1.352660683352884252e+00 1.203854724159602263e+01
7.842567893755824082e-01 1.181461877954295403e+01
1.993548472040714170e+00 1.200864047789973021e+01
8.658590686316341989e-01 1.170317063624684906e+01
7.377592838696684918e-01 1.238131696811455740e+01
3.696383733063741683e-01 1.295870408239877314e+01
1.684549476524524581e+00 1.215167905888809408e+01
9.761552127398475109e-01 1.209784028752146057e+01
1.023031065757679103e+00 1.200425278091507586e+01
1.780505059458599160e+00 1.157069133229984814e+01
6.791198618859287661e-01 1.180145918266378757e+01
1.333367295864014368e+00 1.224791596595102661e+01
1.287099786349889641e+00 1.204576199394215408e+01
2.028914206916595298e+00 1.153286735426830845e+01
1.619125946841202701e+00 1.210580669041280899e+01
5.719298952575451178e-01 1.210339662042008335e+01
2.157833439345175019e+00 1.138896426919866123e+01
1.304352288505067570e+00 1.206149278833967387e+01
2.011154013859152379e+00 1.139300024964695979e+01
1.194343409679309964e+00 1.210329941921475871e+01
8.954355105953815119e-01 1.195434487773124665e+01
8.650460758513649484e-01 1.192907775520662739e+01
4.270362558425220834e-01 1.231944152349619870e+01
1.269724248389425769e+00 1.213171084278766365e+01
2.071218970921475666e+00 1.232837926968064224e+01
6.329273319229021810e-01 1.199349021510419711e+01
6.523890495318797056e-01 1.187222540600660992e+01
2.126369647588183476e+00 1.189796676934518160e+01
7.879335904194223472e-01 1.242801456789451642e+01
4.779472865110222513e-01 1.233833047229473223e+01
4.080942710340037527e-01 1.310815154914929614e+01
1.397065832656110507e+00 1.210963275693595698e+01
1.120049661869702451e+00 1.197529200619235823e+01
1.228016538414057113e+00 1.232860702713827905e+01
1.163199628645870121e+00 1.198250834275025944e+01
1.964065909359052009e+00 1.206790797041774788e+01
1.277077430147542048e+00 1.217918990089983922e+01
1.100446792905817928e+00 1.195423300515717990e+01
1.188297344243808507e+00 1.210944100151057512e+01
3.621927885736372921e-01 1.312707259814417426e+01
6.854149562137400453e-01 1.194335428249476294e+01
1.827479759544744287e+00 1.234679588053607446e+01
3.353101434009131410e-01 1.298808997300376689e+01
2.084768465381224178e+00 1.200251267460989091e+01
1.380918286261602512e+00 1.218016118888010801e+01
2.147886003963507040e+00 1.249786738134605635e+01
1.880994874318501875e+00 1.216350272924535680e+01
1.757206636698318336e+00 1.192791526690328041e+01
2.099993370368824053e+00 1.156513881818312939e+01
6.034900745607986172e-01 1.194534301422489087e+01
1.388103644218858790e+00 1.201466064783094900e+01
1.294164574332607121e+00 1.221940460728398570e+01
6.005983256392797287e-01 1.219243392573611828e+01
6.808422794968044256e-01 1.198876560963818960e+01
1.744772858466433263e+00 1.225475766946367884e+01
1.111247790954545511e+00 1.206559198376723074e+01
4.118533377073304025e-01 1.252706599858364989e+01
2.089692347372836156e+00 1.210565303632079193e+01
4.354381586598945475e-01 1.209855065537893637e+01
1.911217113640464982e+00 1.220700807813063449e+01
2.086040520185420188e+00 1.185723448749447329e+01
1.009737160061050298e+00 1.222659625961062346e+01
4.606259282835469260e-01 1.213674331465155376e+01
1.921295474765980282e+00 1.179399243400756880e+01
1.483706767484528122e+00 1.183473866537730146e+01
2.044338721469316944e+00 1.184594770893193605e+01
2.879665802382755380e-01 1.326622835167937531e+01
1.560198212519533278e+00 1.216301966467316653e+01
2.074369021830301030e+00 1.165898240755654136e+01
1.167612019391476075e+00 1.197691502002085961e+01
9.646657885480943717e-01 1.170984771920684686e+01
1.916563995911728657e+00 1.240074250935603928e+01
1.177566219552602655e+00 1.154343468825067198e+01
7.899309205431779279e-01 1.196627662980985640e+01
7.635682075145096004e-01 1.197931577011276083e+01
1.869265375212842750e+00 1.200616867645819141e+01
9.910283280588817467e-01 1.187173687699494806e+01
1.964915475276697743e+00 1.168152458826698670e+01
1.288807838627016755e+00 1.161293252105072327e+01
1.751920770046695885e+00 1.240639855973481609e+01
1.758895681938795086e+00 1.219778810249599843e+01
3.381783918179307458e-01 1.278787177617235571e+01
8.718021950654787355e-01 1.169201134744468362e+01
1.888240706273532243e+00 1.194584331203423666e+01
5.336931388126537890e-01 1.210261254835472045e+01
1.568531405589375760e+00 1.220753383827513794e+01
2.047254314103353234e+00 1.228210066228575847e+01
5.585737160665859014e-01 1.227701700018555186e+01
1.505207862772573568e+00 1.213689799334229136e+01
1.138186276304602229e+00 1.213093880593484819e+01
2.948813671092043176e-01 1.338022051837156567e+01
1.853253519738703003e+00 1.198611616652581446e+01
9.458232704703029015e-01 1.210004425949108864e+01
1.028167475397133934e+00 1.175226374655414752e+01
9.956967507297198594e-01 1.196734033424775667e+01
2.038732409341796892e+00 1.215787414355321161e+01
1.904280652633648208e+00 1.156230928479550890e+01
1.415987806044182395e+00 1.159957991203500960e+01
4.075046585379525355e-01 1.246768666347190191e+01
1.348102788503590332e+00 1.200659139325825286e+01
1.053274795192885138e+00 1.227888136730858193e+01
1.016102855771720437e+00 1.237347134630160816e+01
1.240342081925933648e+00 1.172289867873228708e+01
8.601074784715643240e-01 1.166775263031862941e+01
1.479163688425154888e+00 1.176782802103979897e+01
1.952365325657403616e+00 1.199717914614441483e+01
1.131168732337349825e+00 1.188453070031180658e+01
9.063652481675594785e-01 1.169868349632288407e+01
1.914108572258913732e+00 1.238000185790504837e+01
2.124111673224839958e+00 1.163204733256713297e+01
1.147098029764451965e+00 1.193397149333288176e+01
1.123827522884081720e+00 1.180044068865625206e+01
1.506936568590750092e+00 1.217282871983183945e+01
1.974824414980848708e+00 1.200658327905570921e+01
1.106152565057222814e+00 1.211419320951564416e+01
1.703328834513466283e+00 1.148632177172800084e+01
2.063442783671639802e+00 1.194113342846559789e+01
7.993346333069180076e-01 1.195709444817076239e+01
1.697589220742449667e+00 1.212693937708049319e+01
1.799720049016464651e+00 1.234956463639505486e+01
1.543691805442084730e+00 1.162956085113950522e+01
1.265951780125060822e+00 1.186052934790313174e+01
6.743418972096655306e-01 1.187476480313175742e+01
1.589645026188138077e+00 1.197629737834934893e+01
1.200117086971246527e+00 1.214512980103425299e+01
1.510955859126136946e+00 1.184156804570421784e+01
1.603411949268449543e+00 1.209292991475927614e+01
4.003270969698534132e-01 1.219908593655220486e+01
5.983573049906077967e-01 1.158719678664157904e+01
2.113899876870360739e+00 1.148846841031573085e+01
1.678228998636921876e+00 1.181663614809891882e+01
1.309232899049213694e+00 1.201483885701662579e+01
4.236414685090457710e-01 1.276961800858086171e+01
1.888815502351827158e+00 1.229284231034653985e+01
1.028651242090637741e+00 1.217855808069275980e+01
6.555222211483873185e-01 1.231941804130019769e+01
4.153716166192406578e-01 1.244020397407268419e+01
5.203656874244653174e-01 1.237962212006874196e+01
5.091576364913041886e-01 1.252708780927984300e+01
4.834205799566221318e-01 1.278855836430778048e+01
9.287927235824955385e-01 1.192240707324829962e+01
3.624323993403617550e-01 1.323532770190323760e+01
5.340829541747421638e-01 1.233955616006102574e+01
1.832001552247560339e+00 1.187254262409633299e+01
5.514137067179338825e-01 1.209850242149782673e+01
1.450967882567768985e+00 1.208634883589538944e+01
1.523746551654438397e+00 1.172700861220783786e+01
1.592830724609765491e+00 1.197744503165642449e+01
1.836455888874298781e+00 1.184581424247513226e+01
1.254129728225089835e+00 1.220143176446987709e+01
3.431762555717340346e-01 1.249186876941406332e+01
2.944457919296095127e-01 1.352214930196908327e+01
1.101898967553520459e+00 1.211772649867415375e+01
6.697853408689838917e-01 1.181983789115171390e+01
7.789487995559485345e-01 1.164662784384350580e+01
1.212154780309252056e+00 1.148524753342200277e+01
1.556633308408942318e+00 1.202180793175007878e+01
2.155032356869585719e+00 1.154094314344797567e+01
4.930763131747976091e-01 1.248215289734211453e+01
1.988518653961061089e+00 1.196196088515388034e+01
1.243586966054038845e+00 1.222686266946457501e+01
7.307637347458691979e-01 1.214015587348087166e+01
1.619309427509695087e+00 1.215304285479358626e+01
1.304396599271772539e+00 1.216076939497498266e+01
4.206953148694060896e-01 1.228100661711772190e+01
1.314051484853770990e+00 1.227343962083278406e+01
4.173235837720379315e-01 1.278708827466875064e+01
5.688862402780212602e-01 1.196340297599063263e+01
8.953964712168447360e-01 1.222602020887430996e+01
1.826204577104260984e+00 1.215258062625531821e+01
1.369616770116930393e+00 1.196817261005308630e+01
7.590543577080089976e-01 1.193192381516427503e+01
2.075704289149631787e+00 1.204170992053810352e+01
2.019126372214344656e+00 1.222085562721730234e+01
3.274568253686200303e-01 1.327913324983835608e+01
1.517682051503389973e+00 1.200945004415024364e+01
4.298551622197921973e-01 1.235648430263927011e+01
5.146082232601696393e-01 1.226325286201796061e+01
1.567580413414657370e+00 1.169309152261131679e+01
1.445063496428484973e+00 1.211401814538070631e+01
1.068874807752660194e+00 1.171097980887833678e+01
1.167625207158172085e+00 1.187837585809792884e+01
6.501418769498937822e-01 1.202719242207783701e+01
8.560438091909076119e-01 1.226077364048094331e+01
6.328416983108923199e-01 1.207903076686118027e+01
4.207867715624656335e-01 1.271938273198425229e+01
3.641390212104182456e-01 1.256568952087506119e+01
1.293708890770438158e+00 1.238260555316426093e+01
1.265244097871226048e+00 1.207681544388811368e+01
5.179452658899899031e-01 1.179848612583316125e+01
1.208743140745534683e+00 1.211775618839069679e+01
8.273412380456787174e-01 1.182279241477166032e+01
1.239161775048021497e+00 1.155913626632452917e+01
3.212925756596869964e-01 1.315057269789960870e+01
1.973874653611307650e+00 1.132775344761385306e+01
1.648058803003050743e+00 1.192585083428144621e+01
2.073754964858316008e+00 1.226639416518766268e+01
1.989884612141013642e+00 1.138893349369829266e+01
1.380025443760137138e+00 1.230278442763250801e+01
9.491282695697903504e-01 1.188527379829329966e+01
3.974981158923952540e-01 1.267157174101289563e+01
1.668509605453220912e+00 1.184886498051003478e+01
1.658371041089646170e+00 1.190370062173695054e+01
1.936608341056694327e+00 1.167779589263973961e+01
1.781248357980291575e+00 1.216454206062008225e+01
1.300900865580285171e+00 1.227867697378500189e+01
6.708524272604913241e-01 1.186522654928654674e+01
4.727439692162601070e-01 1.285717729712363244e+01
4.838114920641701233e-01 1.232127708218317785e+01
8.916768769754598312e-01 1.186821628174750387e+01
1.340914196180095885e+00 1.208005849959415556e+01
4.837566523233658433e-01 1.229231481244523749e+01
2.116584860731784090e+00 1.202922501377740261e+01
3.376939563169898406e-01 1.291041466929222459e+01
1.480569445464563261e+00 1.191443857403148954e+01
4.381035224272146200e-01 1.267311679060206941e+01
8.681146783570485859e-01 1.188346550233161558e+01
1.636379264258714716e+00 1.215507336219106804e+01
1.265300536110612883e+00 1.189630386617294455e+01
5.996640510248050226e-01 1.221435931787183904e+01
5.461355535571401632e-01 1.200314725124401427e+01
7.466372044174599543e-01 1.190754627937705656e+01
6.197726797331656323e-01 1.207531314438986314e+01
1.991588216688092272e+00 1.136660963614312436e+01
1.615669247829743860e+00 1.237320391890968452e+01
1.078840378166873837e+00 1.205040159634198282e+01
1.354597765454386593e+00 1.163480587475643446e+01
1.896376595596239056e+00 1.138559371544096166e+01
2.043538383518319623e+00 1.136598883497591572e+01
5.169364371767165567e-01 1.218975409939885424e+01
4.626077443525606903e-01 1.255920511943067908e+01
2.142640937679918700e+00 1.208422256852228927e+01
1.855648957696607537e+00 1.211788983921725738e+01
3.641076293961768573e-01 1.273165079625314888e+01
4.130607954990774822e-01 1.263330905093846290e+01
9.835586938531630796e-01 1.194346565058983778e+01
1.943282889328150187e+00 1.141764954357863360e+01
2.020336670971214943e+00 1.139396660902412428e+01
4.387307666095939251e-01 1.283346370184431073e+01
1.226938151858210757e+00 1.187554301066235851e+01
3.696256645981241262e-01 1.288338917738905565e+01
1.073379499571126994e+00 1.169463341994404182e+01
1.896080898327104691e+00 1.153207208627115321e+01
2.002886317520471859e+00 1.128874350062246634e+01
4.595022221025255038e-01 1.264512027466916955e+01
1.637356174164948719e+00 1.196606277540299423e+01
1.979499889237955612e+00 1.115339760935948732e+01
8.657515617762924220e-01 1.176932217671896730e+01
1.668673884562928311e+00 1.235885957056572160e+01
1.019720255125988739e+00 1.166187370780774479e+01
1.410035104183642751e+00 1.205290709074538746e+01
6.246110516016049052e-01 1.211305670583022298e+01
2.146002918130934134e+00 1.138922188248714207e+01
7.132844257109208774e-01 1.191648525615035759e+01
1.367449487286607646e+00 1.217843242170522977e+01
1.397161014164235882e+00 1.197558338425345958e+01
7.037772773041943708e-01 1.183847588726395550e+01
1.540454174239669571e+00 1.169620321138862273e+01
1.861576643137125675e+00 1.149542545447906328e+01
3.791024758269364026e-01 1.256525501457048399e+01
3.480549364417151459e-01 1.320212488154012753e+01
1.624128576415519110e+00 1.216692128549467355e+01
5.182986075997332298e-01 1.211108892076031296e+01
8.143018166848761119e-01 1.214100251805122532e+01
7.623124217621973786e-01 1.198383602094511247e+01
1.695026966340432262e+00 1.210257426323027374e+01
1.171759710894753059e+00 1.190314256315987862e+01
3.886473465243987513e-01 1.232782230635103282e+01
1.986065965011007073e+00 1.171790273338664257e+01
7.266767896581196595e-01 1.207162994875946005e+01
1.161404638168871184e+00 1.191050964639606491e+01
1.417404453815236387e+00 1.162931294149664296e+01
6.473072783245151784e-01 1.215139249914187403e+01
2.079871464504363665e+00 1.115251950632409361e+01
1.120407007390367582e+00 1.201836051641949688e+01
1.041828455899094008e+00 1.206088486085446299e+01
1.037298840840303438e+00 1.168650122238028999e+01
1.450369440707949487e+00 1.160420887470540841e+01
4.654273342871971808e-01 1.261673919562290891e+01
1.664668744441684112e+00 1.202991925875247681e+01
9.473353986140652383e-01 1.197868622682594442e+01
2.157808971163899248e+00 1.141364879415985456e+01
6.736176994894961245e-01 1.212924795324167171e+01
5.038114478177603273e-01 1.202364311961543208e+01
1.723591962298066882e+00 1.148604174270598755e+01
1.102554885722758726e+00 1.184830462277873409e+01
2.839750996826868601e-01 1.345686400598559374e+01
3.691964625009295231e-01 1.273527969563487439e+01
1.374215538641748946e+00 1.202454424849852721e+01
1.418829669750980793e+00 1.176313176715009767e+01
1.758099634611806739e+00 1.215169157433187763e+01
1.731151740319882615e+00 1.187409580020945832e+01
3.358083539819077812e-01 1.309471295914493894e+01
3.623896765341801385e-01 1.324781647026963327e+01
1.487455323209822655e+00 1.194337389751180289e+01
1.412840526713240008e+00 1.184554632449535383e+01
1.881142927179743740e+00 1.198376615679195645e+01
1.592300549733734805e+00 1.227831644037414627e+01
1.853408777898094550e+00 1.181690076328629857e+01
5.892951446585237285e-01 1.189133985410303040e+01
5.230065313976018926e-01 1.233345676108626598e+01
1.755884267113490882e+00 1.184532643651473371e+01
3.624844724431880993e-01 1.300863241260682379e+01
2.875798720019908661e-01 1.349076478322935024e+01
1.061423984150930533e+00 1.159652348435320945e+01
4.657608839497116016e-01 1.244467721936109861e+01
1.493880847310891768e+00 1.234274876787459796e+01
1.158402730027203287e+00 1.192686885672536157e+01
1.054591832357077985e+00 1.181012504263080665e+01
1.785493071081091010e+00 1.223411522880029167e+01
9.118275207485471157e-01 1.189571169466772282e+01
1.862388891573614869e+00 1.230109580457303409e+01
1.995760825897268331e+00 1.126504970588443300e+01
7.966609214265952810e-01 1.169408009096912338e+01
1.674183950178153024e+00 1.216091424929794584e+01
1.941750566569202974e+00 1.196305024553904595e+01
4.663573716446178241e-01 1.271824498944236126e+01
5.241894580233175116e-01 1.194072151596873255e+01
1.149137056125644207e+00 1.235780375040486767e+01
7.071444393292225516e-01 1.206158842424425259e+01
4.735108032573046577e-01 1.223021484229722944e+01
1.631893307980256891e+00 1.229214741633243868e+01
2.770325865351442873e-01 1.369051396450727864e+01
1.721293408864025043e+00 1.192699927110604641e+01
4.982998608899557036e-01 1.228693637841759312e+01
4.576814047143355491e-01 1.218707922543004862e+01
1.137955130693059314e+00 1.209317582889067388e+01
3.250312653641072025e-01 1.318153890181867105e+01
2.151697148453874497e+00 1.085731834073121505e+01
1.448926407780533054e+00 1.189330063394421444e+01
2.094870042688350864e+00 1.155230300381588471e+01
1.983262945452971326e+00 1.197857007312685518e+01
1.567256980779498488e+00 1.171733647437150871e+01
5.229630838830240380e-01 1.229793200478947490e+01
1.966894024380615225e+00 1.142088951531376217e+01
1.314240528446964706e+00 1.182144043403634015e+01
1.175678518970781461e+00 1.217715631880924754e+01
1.445536592065276071e+00 1.197929995929872682e+01
1.256150421743100765e+00 1.194416989909002780e+01
3.453780645561932428e-01 1.310721063152480426e+01
3.216870648871345550e-01 1.303107396429940401e+01
1.653447434883770661e+00 1.222931552646740805e+01
9.986176334778964492e-01 1.198549388304819985e+01
1.614827572360816088e+00 1.164011258466863374e+01
1.470288998133815195e+00 1.212221466060718811e+01
1.721336522981725459e+00 1.231902406763925839e+01
4.357091467380259653e-01 1.280895740623010148e+01
9.524897972212843511e-01 1.187120197718798487e+01
8.076512982308060584e-01 1.206786445970172039e+01
2.099266840338581019e+00 1.197254041410092995e+01
8.707784694635734013e-01 1.184398204989363457e+01
5.326517601500245780e-01 1.201523564363913898e+01
3.584607357701571351e-01 1.308700714832757050e+01
1.660463164693187998e+00 1.159795386794133343e+01
1.950784518904764120e+00 1.164126963474512877e+01
8.782817508003297746e-01 1.200262314644981565e+01
1.208124761720673623e+00 1.188199933514359330e+01
2.081866685543862339e+00 1.143263120661798915e+01
5.655284830423835674e-01 1.213500555212440268e+01
1.485186280716485063e+00 1.174301707637562409e+01
2.891189419306848252e-01 1.306173044000415295e+01
3.920968587625497936e-01 1.249327808749614022e+01
9.387082285863537212e-01 1.201315721400940362e+01
4.959008528291898865e-01 1.252457781369155754e+01
1.364830577348357998e+00 1.155607384763411716e+01
1.682614243317355207e+00 1.214944923142503441e+01
1.872588455081567016e+00 1.197571930399177909e+01
2.154916669809352925e+00 1.124130710528580934e+01
3.547529651516781457e-01 1.275118949069367780e+01
1.376307228280798878e+00 1.217070124173850054e+01
1.324663652222413113e+00 1.219455918832233188e+01
1.012189124181163136e+00 1.190752097748121940e+01
1.335802709318443249e+00 1.182210845362670426e+01
3.905940892525464614e-01 1.235638008637840635e+01
3.673166981620771265e-01 1.287590856361109992e+01
4.828125631059896894e-01 1.255261309306978212e+01
1.823694017530607114e+00 1.180551263692052544e+01
2.002954507593399658e+00 1.151612655864665591e+01
1.641121427705926505e+00 1.216910459678156542e+01
1.217956824133400007e+00 1.154308366478431225e+01
4.851385989862390669e-01 1.240600662527339360e+01
3.538536318548248238e-01 1.315276162835700191e+01
1.526724284451133729e+00 1.199686121529682836e+01
1.078624488445958596e+00 1.226643121499160571e+01
1.187732411682469458e+00 1.204930238082838301e+01
1.207962821219724425e+00 1.206009208871613936e+01
1.794812724560724826e+00 1.176552470151970553e+01
2.071003122242970118e+00 1.131612523251711799e+01
6.320684763463684241e-01 1.203250590138885734e+01
4.454882267464613244e-01 1.217737978827794265e+01
7.240644486781679934e-01 1.204546206016913068e+01
1.038376253232545121e+00 1.193510584632976190e+01
5.597870105954007025e-01 1.195756284412280479e+01
4.136255923904118559e-01 1.286172200838907642e+01
8.157149090914316281e-01 1.187528672435663601e+01
1.045502129038965222e+00 1.186834551938932591e+01
3.958745108561740889e-01 1.263092829653567861e+01
7.059233559204167729e-01 1.170045507948247199e+01
6.094124896344877973e-01 1.181563610233592421e+01
1.096162304266326659e+00 1.168844546006969232e+01
1.523995716042035431e+00 1.182667019613883852e+01
6.322727481286950502e-01 1.199384129304088376e+01
4.231881899121824331e-01 1.284604663125330504e+01
1.557249402399418781e+00 1.187960123677924074e+01
2.081072902529063295e+00 1.155360228757158403e+01
6.560378314793252619e-01 1.186203938783478939e+01
6.492715992199459274e-01 1.197558438479329901e+01
2.028914840404794084e+00 1.142972091483610519e+01
7.643143059649850635e-01 1.217254370137237984e+01
4.006842943253089984e-01 1.247509307109114296e+01
1.094044038434381916e+00 1.206052214683943369e+01
4.883228938940988861e-01 1.231119126548069076e+01
1.664824473260792193e+00 1.195403024231167421e+01
6.075625885621800393e-01 1.204080725319869849e+01
1.959240797961361524e+00 1.137800897075501716e+01
3.841647735822187326e-01 1.270755263936907475e+01
3.334903456242169772e-01 1.325620563912819527e+01
5.847255293679078925e-01 1.231105962007756105e+01
7.265300231569570277e-01 1.175467834867539985e+01
9.277896774322449414e-01 1.173572202197982506e+01
7.655201031862570726e-01 1.243705721323887836e+01
1.878766495167807582e+00 1.196832170878611556e+01
4.559909871072207466e-01 1.244748718967424672e+01
1.644995916165694849e+00 1.191669746355287351e+01
8.926901794124939560e-01 1.216051338497890555e+01
8.662326946691197849e-01 1.207067164032124040e+01
7.527854459915882535e-01 1.170872405973401875e+01
6.536613381634981401e-01 1.189440320176974097e+01
8.993555326537450156e-01 1.168457896542922114e+01
4.626856087639744652e-01 1.258960524740173170e+01
9.670994819939608966e-01 1.191563076994463799e+01
3.918068039636716793e-01 1.264427541467083849e+01
6.269714805666689594e-01 1.180718996870194992e+01
2.156418955633283563e+00 1.116343444319988798e+01
4.623895494928656480e-01 1.211443307916649381e+01
5.853294147277540160e-01 1.194611882921683410e+01
1.626334718152999681e+00 1.185803393453568155e+01
8.634296876157577794e-01 1.187648249225336983e+01
5.729665164069253080e-01 1.213333646638647600e+01
1.297464021149321800e+00 1.222336453240696486e+01
1.470986183010929427e+00 1.188951318042866667e+01
1.315693733321050107e+00 1.195772747284256887e+01
9.445104679601259434e-01 1.210709431223570753e+01
5.024030565939558990e-01 1.219049457573577833e+01
1.568558066925464622e+00 1.234929022555434663e+01
3.630847499173388560e-01 1.302089902968448776e+01
6.960361391485496707e-01 1.225095380200553485e+01
1.153809265263819439e+00 1.169317691813888693e+01
4.642160838272618162e-01 1.218329660940787740e+01
1.511125735228466604e+00 1.205287508703317023e+01
1.850876624138700466e+00 1.216675931540927635e+01
4.994886972862221941e-01 1.199268760031804248e+01
4.010374152709070827e-01 1.246736280556806520e+01
1.447385075197901827e+00 1.198312226132908087e+01
1.517759772193145063e+00 1.157604616314419843e+01
6.696211795427572389e-01 1.207530318674801784e+01
4.977281682176121769e-01 1.265759740617776785e+01
1.152784217623795904e+00 1.227322485166252619e+01
1.118028781697314900e+00 1.199725323990537085e+01
4.290055847166414082e-01 1.211402897084454722e+01
1.399914801364935624e+00 1.190306552993200917e+01
6.041646613248977671e-01 1.216770683911018835e+01
7.275737246605604724e-01 1.162731470810350309e+01
7.177295580862065316e-01 1.199583777274387941e+01
1.552822688798205508e+00 1.165307631848427761e+01
1.691702747684727060e+00 1.215569791700171720e+01
5.851103427599330109e-01 1.191638690252992561e+01
2.018700618710438377e+00 1.122878550967413780e+01
2.065215395915064089e+00 1.213123063662390777e+01
1.717890513913717498e+00 1.187377416746909553e+01
1.490068782798254166e+00 1.231280367982087398e+01
3.508823918168124667e-01 1.257127366320146322e+01
1.528719444422774743e+00 1.173044889146774494e+01
3.249357824536321382e-01 1.312996037351181755e+01
1.780150669584820156e+00 1.168769024279205304e+01
8.879758259615272431e-01 1.205282589047139119e+01
9.763226984342184833e-01 1.186679435104108826e+01
8.936374115701452014e-01 1.197123009073566458e+01
6.489449429886944287e-01 1.192314408155250405e+01
7.282146796816072465e-01 1.182464728156617539e+01
6.122691249903082777e-01 1.196801139169884642e+01
7.347579860321556966e-01 1.173767290465487356e+01
1.563676074996703802e+00 1.235713759904511200e+01
9.157130562474936619e-01 1.193062118589370968e+01
1.944092916822438344e+00 1.185494278088872377e+01
3.584809856846965515e-01 1.288484043163462545e+01
1.145075106154927580e+00 1.225650272217226977e+01
1.014578763657597138e+00 1.227746644668451026e+01
3.058686580851926462e-01 1.308287677766957735e+01
6.077177861839713202e-01 1.183362724171037250e+01
1.729249829841252639e+00 1.204618419121120354e+01
1.084053113035752469e+00 1.221308236896609145e+01
8.203856068353505560e-01 1.200742493608408168e+01
1.157356222546955138e+00 1.187374485406987645e+01
1.009784375362644315e+00 1.203092121864407815e+01
1.227540327365600259e+00 1.208766411102453198e+01
6.758651460630347163e-01 1.205914106959050081e+01
4.531407830604335940e-01 1.228992111236215656e+01
3.597881044885357649e-01 1.295283274685632868e+01
2.131930317284180809e+00 1.167380315116761480e+01
3.617626113089907891e-01 1.240245063490535671e+01
9.846902933311199035e-01 1.165751841623110074e+01
3.782707056345691599e-01 1.283270239103443977e+01
8.426009722349835362e-01 1.207225208619041190e+01
3.266580973349971218e-01 1.295369491532629169e+01
1.655913614793284250e+00 1.202155988683048804e+01
3.487063657147608242e-01 1.271484767980695452e+01
1.851454958110124727e+00 1.209324321064848462e+01
7.204353993411591883e-01 1.184812616051449652e+01
3.868780596311711117e-01 1.299229504928398704e+01
1.470782266516119874e+00 1.221804720574827563e+01
7.638872124837590150e-01 1.197928011796528303e+01
6.555169437632744067e-01 1.159756647026996390e+01
7.402744911932404026e-01 1.166173480452974331e+01
3.823169997152326971e-01 1.310886188609460135e+01
2.024786921058610911e+00 1.145079862075825972e+01
1.056134393779700753e+00 1.205422955723420664e+01
4.535903867842536741e-01 1.223431922671130678e+01
1.071344377675707671e+00 1.183857105918775154e+01
2.066407806922825774e+00 1.179170011846531629e+01
1.687232113751576446e+00 1.191611917101829832e+01
1.784135195203854884e+00 1.206959634590846697e+01
1.221460719287165153e+00 1.218012487665749610e+01
5.712921044270726778e-01 1.251138226707264778e+01
1.601336899735597452e+00 1.207529001399424473e+01
4.783907471392809252e-01 1.213342977274697532e+01
1.712884082496031635e+00 1.186737460487105622e+01
1.838526392393802888e+00 1.205122802925045811e+01
1.136108485539290447e+00 1.204733985247040806e+01
4.932874792121131891e-01 1.216379002515712671e+01
9.800456632543511626e-01 1.196537949559909109e+01
1.718135501747421356e+00 1.164626859378341805e+01
6.982095968384662843e-01 1.161717019474246015e+01
1.188019528131445401e+00 1.171683588998782000e+01
1.772125329715058317e+00 1.234224057560603605e+01
1.103535518785507374e+00 1.161013756657619922e+01
4.706041577222340733e-01 1.247689239313615239e+01
1.798484924705495702e+00 1.187080756864144426e+01
8.184924197389438216e-01 1.201273860934147208e+01
8.012209256799267543e-01 1.189304528317002330e+01
6.152127974780778885e-01 1.215353072552782976e+01
1.839999482533874575e+00 1.193424303113651241e+01
1.428085249616473540e+00 1.195798812645837828e+01
3.355299789709129676e-01 1.311964056187142624e+01
1.035838414382271644e+00 1.182973854265481073e+01
1.276645229887407140e+00 1.173431731650729581e+01
4.219881225561128990e-01 1.251543934031218441e+01
5.041792823501073384e-01 1.246514403910778235e+01
1.518646533975342550e+00 1.163502860685574980e+01
5.544750577446962980e-01 1.248204898881349223e+01
1.606528921356221717e+00 1.224212338035651193e+01
1.778998886220845455e+00 1.135694204416492070e+01
2.921223920928577300e-01 1.346184666607982194e+01
2.099792948994468667e+00 1.203272288140439628e+01
7.821314663135606748e-01 1.218790694707601574e+01
5.173147734657755903e-01 1.221719407869994001e+01
3.838256543424630740e-01 1.230262357484113878e+01
4.034279250118992244e-01 1.255650946883007002e+01
7.512451154791101038e-01 1.217587943772675985e+01
6.157462614453474981e-01 1.185421623907160971e+01
1.556837086227245592e+00 1.207534686141316804e+01
4.721836010546727747e-01 1.236006799328840344e+01
2.040690862384688664e+00 1.141513093763618514e+01
1.042271142240601023e+00 1.196326625679468592e+01
9.610626492073771621e-01 1.186332431923496245e+01
1.457130776361465596e+00 1.223248271388104236e+01
4.399975552135007573e-01 1.225171216605657065e+01
1.225227466676178434e+00 1.189140941704390819e+01
7.581444230581155797e-01 1.183523354562395724e+01
4.965628169871144637e-01 1.259354284964322268e+01
1.970810833870932699e+00 1.169214118267986180e+01
1.228311543408850737e+00 1.212992793156563742e+01
1.017422261225767954e+00 1.148577348851139845e+01
6.753893266661600281e-01 1.211373214797008124e+01
8.701738583084200895e-01 1.224972429988158318e+01
7.347764036425362688e-01 1.209986167964252601e+01
1.582940370932900187e+00 1.196539724145194583e+01
1.840863714619440206e+00 1.215235638334245571e+01
1.048048617052197207e+00 1.199810768963401131e+01
1.941989461653982785e+00 1.193902016953778045e+01
6.185589543347862485e-01 1.169100778899242599e+01
1.160449548599840730e+00 1.203809656818753382e+01
6.269854512768062715e-01 1.202338777439394946e+01
6.366851108570622531e-01 1.195241387448515979e+01
9.145691056876298353e-01 1.183654233693936852e+01
1.805019018224970351e+00 1.207299179419025137e+01
1.837479677987222004e+00 1.183250900876298495e+01
2.040907178413826184e+00 1.159097433364175345e+01
1.694422377423419723e+00 1.204437602650338057e+01
4.209295888553354348e-01 1.274876774568922855e+01
1.342630618563752209e+00 1.211958309482049501e+01
1.954778005666745422e+00 1.166740149452571984e+01
1.698874042366075976e+00 1.216841740670973593e+01
2.001110404023925149e+00 1.210701403717940039e+01
3.769609750579953622e-01 1.279065050871523646e+01
5.298353004344286132e-01 1.213225097858291157e+01
1.405475359355176757e+00 1.214950172060260947e+01
1.907479828071642958e+00 1.183185208269847344e+01
1.490658070607908448e+00 1.202021645664761706e+01
7.505039152595968099e-01 1.244879388246956431e+01
3.685531949493515702e-01 1.324614543899763852e+01
6.363545950800965079e-01 1.213509415701827798e+01
1.747958882761084798e+00 1.216289847729330909e+01
1.838515320136453690e+00 1.129303857545494338e+01
1.789205220265531526e+00 1.203726232219403869e+01
4.518801710912457859e-01 1.272167909671559727e+01
3.215888029184692520e-01 1.285147986200419012e+01
4.599652786022930262e-01 1.258890796080776653e+01
5.207009588686325463e-01 1.202514597443363620e+01
1.416490822948903938e+00 1.182967065863511458e+01
7.699275733285499967e-01 1.178290636019879400e+01
2.012490408735391867e+00 1.183695585894079016e+01
7.042606248964251581e-01 1.221121782189376859e+01
6.178910232494069232e-01 1.228155463981975259e+01
3.743920613748432102e-01 1.243432304804367661e+01
4.213755206805585019e-01 1.242037733051745185e+01
1.977022109241389769e+00 1.214033124437518119e+01
5.060167079575603744e-01 1.189605176552007926e+01
1.187371212852628810e+00 1.201907843444076285e+01
1.931222146814313145e+00 1.206153573768875020e+01
1.322759450626029398e+00 1.190462449100010822e+01
1.207831593224063083e+00 1.219539650426759181e+01
3.542574958983883415e-01 1.272580524638421551e+01
1.803059819993138246e+00 1.215642957307323790e+01
2.956176328844580814e-01 1.343334166803470531e+01
1.116636503698563265e+00 1.199797031323991803e+01
5.886200336647586795e-01 1.179584355371266291e+01
1.979463848551469507e+00 1.159913528763174995e+01
1.000670574048686312e+00 1.165094690122110954e+01
9.063104973291351563e-01 1.166729712008402764e+01
7.042519102356380456e-01 1.199695617306513284e+01
4.337256595537838377e-01 1.243344014505736261e+01
6.953547199365934794e-01 1.205301583213220340e+01
4.082028790412637886e-01 1.243731457064816581e+01
1.840989296924315788e+00 1.191652722420898769e+01
1.998688707274156595e+00 1.152709091494107341e+01
8.907920451516269100e-01 1.203525380831259284e+01
5.216480873710849231e-01 1.253074018389131794e+01
8.544277083802674921e-01 1.161555210498781143e+01
7.181601310168211905e-01 1.172633015566753478e+01
8.291093143947819710e-01 1.223962225150793337e+01
3.193156232285355167e-01 1.318454711156899961e+01
3.051790226578161569e-01 1.339567810089894984e+01
2.111976659569713366e+00 1.203535545085234304e+01
3.619653035599288970e-01 1.238603343216030161e+01
8.747510553658127685e-01 1.188903550580797308e+01
1.431893630155189667e+00 1.188497829319864785e+01
1.341446841939909929e+00 1.176071296727634952e+01
1.964261852487130700e+00 1.211196374341523274e+01
7.510983511583920746e-01 1.214728351531681128e+01
2.895673396783332576e-01 1.350982868906686463e+01
5.688941100662195938e-01 1.183434596331543531e+01
1.640385592454851382e+00 1.205989184237632017e+01
3.933791191533451692e-01 1.294793246364952211e+01
1.909164136405469891e+00 1.220875914702839538e+01
1.897931670101310919e+00 1.214673220657545549e+01
1.708413311461569162e+00 1.229594190653603292e+01
2.709819732337069298e-01 1.361701633259666089e+01
1.354951079026052385e+00 1.194583474679823887e+01
1.718733653479306955e+00 1.153901015173102707e+01
1.771203450007670543e+00 1.203026118219479379e+01
3.373060875942970327e-01 1.317473598644040500e+01
1.718345198616267888e+00 1.206698607901921960e+01
1.790979856423628558e+00 1.217635711167359780e+01
1.429832310469378420e+00 1.171951929593559782e+01
4.126097369223024058e-01 1.233307899783817163e+01
1.276857097085081216e+00 1.219674741958439412e+01
3.610511567064620397e-01 1.240497097768330015e+01
1.896019186598991935e+00 1.173020599028282973e+01
2.051025978480260914e+00 1.136342180326566265e+01
9.220895667215498470e-01 1.168864746206016569e+01
1.652616874618978215e+00 1.199650191041640213e+01
1.038642676829344191e+00 1.178124205583861084e+01
1.198678200515382208e+00 1.221449489649544518e+01
3.986884130281649896e-01 1.226446540464921142e+01
1.672881920303493253e+00 1.226006225799169869e+01
8.608731808165980270e-01 1.216883273706004687e+01
1.845600755759592593e+00 1.219371824205521904e+01
1.926028942048074288e+00 1.220986607688558756e+01
1.684994596765852393e+00 1.181996679513186521e+01
1.833132817920488655e+00 1.186829407433746830e+01
1.594551639391777131e+00 1.219260756176876903e+01
9.802705632656826262e-01 1.181015394328096413e+01
5.891192927786534916e-01 1.197639901598351919e+01
1.517724431720743894e+00 1.216035575779242706e+01
5.980623236463744608e-01 1.182644691098554368e+01
5.873941053329365669e-01 1.191022965444102866e+01
5.340812662151945833e-01 1.217853520931139677e+01
8.385298785811894362e-01 1.214061395500509555e+01
1.673264689819272233e+00 1.152758720404548853e+01
3.191654580209263847e-01 1.346143248373016554e+01
1.576497770041259683e+00 1.230854472900003493e+01
5.628634775618192032e-01 1.199946470582459312e+01
4.840145452184356212e-01 1.194759390765798734e+01
7.193826346395678639e-01 1.165950159954179988e+01
5.767775567001972581e-01 1.237004135610951749e+01
1.988293812155901508e+00 1.133531609331774348e+01
4.079777379981147090e-01 1.255375786820148498e+01
2.076986184396724777e+00 1.199956752911660907e+01
3.127454522551038618e-01 1.302726107726978100e+01
9.166410236050743787e-01 1.159492809303931971e+01
3.679731031756438009e-01 1.264239351623758445e+01
1.453438119193311895e+00 1.230947241319294783e+01
1.178907217608223146e+00 1.189681221414596735e+01
1.957037164117471528e+00 1.214505668385409010e+01
1.066220684789530582e+00 1.187176004626041070e+01
1.540947658763311079e+00 1.197879087984565238e+01
9.636032246418589908e-01 1.197064349849919296e+01
1.759916033675744229e+00 1.203849370294625665e+01
1.023161649992429867e+00 1.162514715783445141e+01
7.780699983335876979e-01 1.179574729713948855e+01
5.022562611114317344e-01 1.239503959963040280e+01
8.145739807792348186e-01 1.182328716172639815e+01
4.114715797033644540e-01 1.244900951674445544e+01
2.030036310999417282e+00 1.185469936843515448e+01
9.999548525532038212e-01 1.209462257537825103e+01
1.453146954905967236e+00 1.207903420433908437e+01
2.129047179734176787e+00 1.118051078000979004e+01
1.418771779303515279e+00 1.225730186298691926e+01
3.102212411025184746e-01 1.308172755375179541e+01
1.985378350587065244e+00 1.132153314031166325e+01
1.680211702595404422e+00 1.216245676052666802e+01
3.274243391408611092e-01 1.315022633710091249e+01
2.054479196224318738e+00 1.224546017928865460e+01
8.062373039881359782e-01 1.168377494231504699e+01
1.394090332796371401e+00 1.210851316267975797e+01
1.768496932801198129e+00 1.223187223483495245e+01
3.920719063079698419e-01 1.237327111140739611e+01
6.634858515869510587e-01 1.169784635300201536e+01
4.529536485390793787e-01 1.212478916143443008e+01
1.571127107343429197e+00 1.205513770407945451e+01
7.217014438760844808e-01 1.176203134930647742e+01
4.727104317512013099e-01 1.231680944882974771e+01
1.939708628565329107e+00 1.207919605199812452e+01
1.704567411865047122e+00 1.215739613986867695e+01
2.014443206224217686e+00 1.170777006276492571e+01
8.773965836322252798e-01 1.193234177419099495e+01
2.985702223784796328e-01 1.333639059716210440e+01
4.546529134188134202e-01 1.209875764436107559e+01
1.618520927188713765e+00 1.202944323541770011e+01
7.731911021129055372e-01 1.189051502282016060e+01
3.785363489331356468e-01 1.290358167618973617e+01
8.053256677284585940e-01 1.170492323724777961e+01
1.863411223836247910e+00 1.216472858499477816e+01
2.065794808697192231e+00 1.159779338370353940e+01
7.586433398035973275e-01 1.194654255815402166e+01
3.076500162890107859e-01 1.307428009408793379e+01
4.745057973123147921e-01 1.256024359489086528e+01
1.367204515054435188e+00 1.190005603221618102e+01
3.545057764156524516e-01 1.301459763251353330e+01
1.151974994861897583e+00 1.169225479441554683e+01
1.197293862510103946e+00 1.187819231162348110e+01
4.233482079487718708e-01 1.232709835545310995e+01
2.964708884244072196e-01 1.306895966835913292e+01
1.899842670188480964e+00 1.212962877523485261e+01
1.620132606659923757e+00 1.204671266764435700e+01
2.056383004274493942e+00 1.190618070261907846e+01
3.414784026666711769e-01 1.319830893924891946e+01
4.320168498777739452e-01 1.225372479489811717e+01
1.981251690148459588e+00 1.119387005524631995e+01
1.979469590070163987e+00 1.187966709684152100e+01
1.833039929905371235e+00 1.203395799933933574e+01
6.105391786845042468e-01 1.202501061632376711e+01
4.768762091394949665e-01 1.212887479225672926e+01
6.474687683049831222e-01 1.232296665382527578e+01
1.057321795614739379e+00 1.190642796408789472e+01
3.174247158160168891e-01 1.322862763145794318e+01
1.485040135016798546e+00 1.155209043189382712e+01
3.878540192733968550e-01 1.245401610337892073e+01
1.993171906706991292e+00 1.146413870157879700e+01
1.413171790591370547e+00 1.188668413124552714e+01
9.272592912081869532e-01 1.180022260332819606e+01
1.939334302638785923e+00 1.150218561003052642e+01
4.195653926252289057e-01 1.248247691076002752e+01
6.867697771539910123e-01 1.195752748730107129e+01
4.109874698564259243e-01 1.300387921372761468e+01
3.465431616896568201e-01 1.318696561363515407e+01
7.967537095989852824e-01 1.204766515414728367e+01
3.027599980656718870e-01 1.347770091552430216e+01
1.734299057044025316e+00 1.148794682408407297e+01
3.078043131624895179e-01 1.294072194491263872e+01
5.429939637986658241e-01 1.210258991144323737e+01
1.067732383490439307e+00 1.175888454901321722e+01
7.375508361285978420e-01 1.160938471252640269e+01
3.156878304455749684e-01 1.305822758465399325e+01
4.590930162389665892e-01 1.249963349213716768e+01
3.507394901844045898e-01 1.265052414437406902e+01
1.641716616158015007e+00 1.165416484410646092e+01
5.556013933791255077e-01 1.224542570157170118e+01
9.059013939055537978e-01 1.187685832621389714e+01
6.624133204665034746e-01 1.177563855709997753e+01
3.555291547888126957e-01 1.308664431479195578e+01
1.533686061697609126e+00 1.190697317748512596e+01
1.016397015053401187e+00 1.158929292880087125e+01
6.438756030864523083e-01 1.197952136416003732e+01
1.595596111055649136e+00 1.207716858847872210e+01
1.893415048347912188e+00 1.179745339948853022e+01
5.643389236490917726e-01 1.237268489740912081e+01
1.363631498646281859e+00 1.220470443862501497e+01
9.510155670322947286e-01 1.177018379883878474e+01
4.350610024042426693e-01 1.285958091367616163e+01
5.353924654985435794e-01 1.214303682164642062e+01
1.311271746153741091e+00 1.175247293518423852e+01
1.270140425351000468e+00 1.192342977444043584e+01
1.241782519997841616e+00 1.182289460824678962e+01
1.273057189948824330e+00 1.202882433887836378e+01
1.464203120041547290e+00 1.193364355988149761e+01
4.900266278577451451e-01 1.236874672823836008e+01
9.066555256409236652e-01 1.152425261332583339e+01
1.772311903224203844e+00 1.192405490887699671e+01
5.501532635506871660e-01 1.207136484063160786e+01
7.130177423134429482e-01 1.210144122018585655e+01
1.675384251004013336e+00 1.171224332403070001e+01
4.885732107368856436e-01 1.211219175160453254e+01
1.718848095454380998e+00 1.160329282265506734e+01
7.878559303294139227e-01 1.167788175649041982e+01
1.093618896286487008e+00 1.213975637205114566e+01
1.239289885377758527e+00 1.224440819168794725e+01
1.492787735255574733e+00 1.209943338663693702e+01
3.560414520172237585e-01 1.275740527660881085e+01
1.074086267916140702e+00 1.223382121128348210e+01
6.773990525873163637e-01 1.186363022717115179e+01
6.953213298568405865e-01 1.242293010577662216e+01
6.505861637435557121e-01 1.210899371300003224e+01
6.160801833865796606e-01 1.198100105430625817e+01
3.903524109372261131e-01 1.286901273423969805e+01
1.859822854093422073e+00 1.168765459956460084e+01
1.524203446153512331e+00 1.216866204159928166e+01
4.150093428798024564e-01 1.235073925880738344e+01
1.596398943146748017e+00 1.222961187746214229e+01
1.527145532164065456e+00 1.170715910796729453e+01
3.813493496328372312e-01 1.272472071960885742e+01
9.763815174132767227e-01 1.219558317029792072e+01
1.251853477929154357e+00 1.165512701020897524e+01
4.043703522009279294e-01 1.262346527916419703e+01
4.216839855885045063e-01 1.254787386027280327e+01
1.633107890581541488e+00 1.224267256584557728e+01
2.084738051110180734e+00 1.204069653645457727e+01
4.558733168584064854e-01 1.232913714284370243e+01
1.260520703777623597e+00 1.214396366657481607e+01
1.736048124664106407e+00 1.202925572838992352e+01
8.280457274735013584e-01 1.185642402900541015e+01
2.102534684760579253e+00 1.192377839661344829e+01
3.565734307693084748e-01 1.291241862336864976e+01
4.869533055057035376e-01 1.212478510634272411e+01
1.327859575021863137e+00 1.197568507182518438e+01
1.200641926981746987e+00 1.227533893193698411e+01
1.300292474764312534e+00 1.189712983216899644e+01
1.186470956153372613e+00 1.177726460806933240e+01
1.844480307071072467e+00 1.223530048926305192e+01
3.874143781948046761e-01 1.263236996627153275e+01
5.213999340922819137e-01 1.219357282106184392e+01
3.061748630995489995e-01 1.312777039055581874e+01
1.110537918982938521e+00 1.194754530637354151e+01
8.372131629081235316e-01 1.194570757397897154e+01
9.581977491891149334e-01 1.160043383022292751e+01
3.382908896366748075e-01 1.243211455621551487e+01
1.970721971732135813e+00 1.179934101516742295e+01
1.115704924319251390e+00 1.214002220109543728e+01
9.318603862566857687e-01 1.173667989548346036e+01
2.409654721183294157e-01 1.441057211433906105e+01
8.048120609923949953e-01 1.174130678809096118e+01
1.811940163552439476e+00 1.195789963569480285e+01
5.879863420327099410e-01 1.197735754882497261e+01
4.274397823541512542e-01 1.230501523341227532e+01
1.577219516582494041e+00 1.202027723433053374e+01
4.022110387573201717e-01 1.266186004804296950e+01
2.033720958119780153e+00 1.134539414961339965e+01
1.958915355469139197e+00 1.177757100188018669e+01
2.040918064393432818e+00 1.162279659275320576e+01
9.324674927918934486e-01 1.231837048235464138e+01
1.306991293898752682e+00 1.168794025223112243e+01
5.404879108961598844e-01 1.233479818907673042e+01
1.569140882055242159e+00 1.223686964877602001e+01
1.536540690481504434e+00 1.218977116210042055e+01
3.133597784255178209e-01 1.293934505311390559e+01
1.632148681615445573e+00 1.229461419790822596e+01
4.355908255912065985e-01 1.286550402640503066e+01
1.270400363330157045e+00 1.178455941769879978e+01
5.158531250690636671e-01 1.202365573920240216e+01
1.536616627876733254e+00 1.145662013584885486e+01
9.288257601771086058e-01 1.193127800636013269e+01
1.150524672592716291e+00 1.212552396062066862e+01
2.027885639370042181e+00 1.163864075683321886e+01
1.756184026450714475e+00 1.175896849603865846e+01
1.221750728001698150e+00 1.209836467659000725e+01
1.636289319132991915e+00 1.199873514343503800e+01
1.054174413809974453e+00 1.195170228309808991e+01
5.467647056786887338e-01 1.200112214423356427e+01
8.278694862781353914e-01 1.192652291269673270e+01
4.668021477710576073e-01 1.217954479132510315e+01
1.217806384153217847e+00 1.223406052268450672e+01
9.774868979082695919e-01 1.190300390527739260e+01
1.735867244540139076e+00 1.191907990996601008e+01
1.949853173038074372e+00 1.158761107987472627e+01
1.035726840580988739e+00 1.211800051398858891e+01
5.110227179905887374e-01 1.240182955549784616e+01
8.778795571632134198e-01 1.184468874662214866e+01
1.820814999151621372e+00 1.221448446841449531e+01
1.261437319150756187e+00 1.176612895529582836e+01
6.467272732902721311e-01 1.244994685648815924e+01
1.401955950221159819e+00 1.212115735526593951e+01
1.580153744707626595e+00 1.205236653776923639e+01
1.496046187002437078e+00 1.158463810964308038e+01
1.297715862062190029e+00 1.167216436796591239e+01
1.418322625773552170e+00 1.212155638456449758e+01
2.156410789498262481e+00 1.208088435934267757e+01
1.786486214407128292e+00 1.176131210892935286e+01
2.809398124723637147e-01 1.354239309111260070e+01
1.534372508774141330e+00 1.206964636442342709e+01
9.577952858113444323e-01 1.199915967773110381e+01
9.339495026895193730e-01 1.203836127234738740e+01
1.800576056673539371e+00 1.232825243483969935e+01
1.859895431807753186e+00 1.191987374160943958e+01
9.191108095868338879e-01 1.178837918689971787e+01
5.869235805269907846e-01 1.211992030184241997e+01
2.201703376040135218e+00 1.191212594333849140e+01
1.832092033603743397e+00 1.134686399725040395e+01
3.636456622070309286e-01 1.303815450752160743e+01
3.440087637056295500e-01 1.304092341181434378e+01
5.666649386777384834e-01 1.214592175232426641e+01
2.767171439841343838e-01 1.375448056265691577e+01
7.827709927267818557e-01 1.166348869724111559e+01
1.144214288490664755e+00 1.202256142875041434e+01
1.684090795917086769e+00 1.162018278733266108e+01
5.007305506982946408e-01 1.221993396429871837e+01
6.985896959136329576e-01 1.222810066706355414e+01
2.130987986837818760e+00 1.198604096131014884e+01
5.144810417255827328e-01 1.259197002972503832e+01
2.134306746012435863e+00 1.181328396547754700e+01
1.560261212253229557e+00 1.184694915375012236e+01
3.748370789601765951e-01 1.261189402362684753e+01
2.057430144911508219e+00 1.132186674411711991e+01
1.625644907720631194e+00 1.171823453952710636e+01
4.708849147004724456e-01 1.218339227140024938e+01
5.904058098902766893e-01 1.176671149675630268e+01
1.508956997104586195e+00 1.197937133090896822e+01
2.026293635505956647e+00 1.224312779112009331e+01
1.693211604792197900e+00 1.197388524378624552e+01
1.340705568677422299e+00 1.201772212886218050e+01
3.652296243247170615e-01 1.266126334886230254e+01
2.150142801807969128e+00 1.212876666646450730e+01
3.751070871547995678e-01 1.282521187975518906e+01
1.457108894216862183e+00 1.220544498779008791e+01
1.140194452141554349e+00 1.201071680519098450e+01
1.706165398108876241e+00 1.202145350833279736e+01
1.060278969893741596e+00 1.191623732458663376e+01
6.067439449462576073e-01 1.226031312451218014e+01
1.851957991215827493e+00 1.193069074696949272e+01
2.020043183450426660e+00 1.218740776726796327e+01
1.274608586192644166e+00 1.184792165410488352e+01
7.127486262072849632e-01 1.179278172839639005e+01
5.504712744312111328e-01 1.182942832158398616e+01
1.937422199367617504e+00 1.188337115263657395e+01
3.015171160775079739e-01 1.341309662806392389e+01
2.046139842168249512e+00 1.146856760050203938e+01
1.671176547482500219e+00 1.219690965969593499e+01
8.096971095829720300e-01 1.178839982222346983e+01
1.593067260101093785e+00 1.200881086720506197e+01
1.700759757003208916e+00 1.218394893458336803e+01
2.162205639497364107e+00 1.220232018259846996e+01
5.563677339811958777e-01 1.194319363991045613e+01
1.217139445037394907e+00 1.168803086852200757e+01
1.327563045191171964e+00 1.198561801900213553e+01
3.716466337966921052e-01 1.273640985834884987e+01
1.796187645866315075e+00 1.197442839980177354e+01
4.723881210704831135e-01 1.240274106872485227e+01
6.507545731361272789e-01 1.156812209011828330e+01
3.188431740374027545e-01 1.328441359093436525e+01
4.073740557280305374e-01 1.288116049974936317e+01
2.105369202033847031e+00 1.232274752525941430e+01
1.965804538976404947e+00 1.148506959315193043e+01
5.926976587784128503e-01 1.196799502639472479e+01
1.917210321913961790e+00 1.154668797843738837e+01
9.062827677503043633e-01 1.162762669093906709e+01
1.658298260054963169e+00 1.219753094672422833e+01
1.228914365976246259e+00 1.195762430075172134e+01
1.525563095941254721e+00 1.207013991004061815e+01
1.659543888271328482e+00 1.157817475285023434e+01
7.837714857353700326e-01 1.154744283309863562e+01
1.665396864557370682e+00 1.212017027128166369e+01
2.069872886900751663e+00 1.178018002658534158e+01
8.123017299966751592e-01 1.171050210009807202e+01
1.428020425434158858e+00 1.196416219843770534e+01
4.320350626509562031e-01 1.219218951836889175e+01
7.040955090255145432e-01 1.185451181703222723e+01
1.604280943743230603e+00 1.216419639628132110e+01
4.154271468279182034e-01 1.226593575211575704e+01
8.861905144489934383e-01 1.178051052080395777e+01
1.451170329514356316e+00 1.203283793862113882e+01
1.640486228094570897e+00 1.160990165496655280e+01
4.682132314952214824e-01 1.200538416469609437e+01
8.830002358213298042e-01 1.194131862069286676e+01
1.826115067827171146e+00 1.173997320876218531e+01
1.653769371054720771e+00 1.184489497842621120e+01
1.738630162054125794e+00 1.156359460642536163e+01
1.935242838177498648e+00 1.180843116735792542e+01
4.256192017247928949e-01 1.245507740794016449e+01
1.347336136116547234e+00 1.213425757537596184e+01
1.180955999669861090e+00 1.221036719737711529e+01
3.149606813845517439e-01 1.324927844157361179e+01
1.702213919142877563e+00 1.193723121647125573e+01
3.929137439353725947e-01 1.234589316026167261e+01
1.719157380970721016e+00 1.186584185868452046e+01
5.314397515206570333e-01 1.176865952571758100e+01
9.156704240977660003e-01 1.198565896532902642e+01
5.393767920477435807e-01 1.191435456990175190e+01
8.082886544809030349e-01 1.191091381858676002e+01
1.324060609014529710e+00 1.206169874611181392e+01
1.028766511315389875e+00 1.215575850635375765e+01
1.051597605750890896e+00 1.209488389611079207e+01
4.925665511416389974e-01 1.242038343219092411e+01
3.810246104654125276e-01 1.297935991964687652e+01
5.040910316461570950e-01 1.199634454577246956e+01
1.249616879317800633e+00 1.226196269163052754e+01
1.334633121891007024e+00 1.169254829181774369e+01
2.101844957950004922e+00 1.109720348368001908e+01
1.410709557548108339e+00 1.212723473881251657e+01
1.914696624411486692e+00 1.164287975830500699e+01
1.711657866478844880e+00 1.184021574584065206e+01
5.033945188185248165e-01 1.199300081326438416e+01
1.443846724178990737e+00 1.182340575188922749e+01
1.406061829318260514e+00 1.220871674753869662e+01
1.216591840514922307e+00 1.184838629120785036e+01
3.954416003758149389e-01 1.247010901598428312e+01
1.209613587536549462e+00 1.195870135349200858e+01
3.164805507555656372e-01 1.303514574719240038e+01
2.042234458483757731e+00 1.212675887228643923e+01
7.890892270577457568e-01 1.174576761784036449e+01
6.136427966242765653e-01 1.231452416016958473e+01
5.245806561943409108e-01 1.187409773660494317e+01
1.939949599860237406e+00 1.205468311621015509e+01
8.702891632318087156e-01 1.213440711167640451e+01
5.869091197885982769e-01 1.176045278481277379e+01
1.710495187640656889e+00 1.225698173790539691e+01
1.997939179276066124e+00 1.157941655177764417e+01
8.316119870814360215e-01 1.143723642355237402e+01
8.637201142156485378e-01 1.194130041754536720e+01
1.358635591056412295e+00 1.210390959025432878e+01
1.469095134233632471e+00 1.221070945922295614e+01
8.716327928516924839e-01 1.174267983459019149e+01
1.898077106019554483e+00 1.147142290191234792e+01
1.154795142167232003e+00 1.180014057040803088e+01
3.726583053826109104e-01 1.286601753196180553e+01
1.280255891270118962e+00 1.195025785759803227e+01
2.028539758846523711e+00 1.214084777562083239e+01
7.557379428207132710e-01 1.192864819776339758e+01
6.599635729066924972e-01 1.225941375958642610e+01
6.576460324010798830e-01 1.170600874882888576e+01
1.788441952011179836e+00 1.215965324881807597e+01
9.631899466765986295e-01 1.176355540973695391e+01
5.058068861570993446e-01 1.220721736543265123e+01
3.719332687562980078e-01 1.265897337189580796e+01
1.771378760519201512e+00 1.189980396936111084e+01
1.037366652497239361e+00 1.207831504457692873e+01
1.025477174838605787e+00 1.219277382409274502e+01
4.407362068884536632e-01 1.209944754162349589e+01
5.151318640176425490e-01 1.197658967559868515e+01
4.162448379654646868e-01 1.243812939583539645e+01
3.516390814672772924e-01 1.270162472368425632e+01
1.949630813922843098e+00 1.169773572145176566e+01
7.067566341813155129e-01 1.194278337916860977e+01
1.726868206657169225e+00 1.186309711823684410e+01
1.348334669846007694e+00 1.208589806442516768e+01
2.071131418177646122e+00 1.177369525902172320e+01
3.223019573070081134e-01 1.313349162690211358e+01
6.048737541637937420e-01 1.195731923773728056e+01
2.009997882680539139e+00 1.202665712732321879e+01
3.633132919242323955e-01 1.297439229078758594e+01
8.706319201634290517e-01 1.166075904919851425e+01
1.993970788467951394e+00 1.121826694921079337e+01
3.500514393879887165e-01 1.292589445460427022e+01
4.691685961491548484e-01 1.244138288004206316e+01
6.230493483188613846e-01 1.196989494628131823e+01
6.536637954588655486e-01 1.153048190315226584e+01
1.763213114074946963e+00 1.186142423550973923e+01
7.490463059583502003e-01 1.196740413085807653e+01
1.486944462875908091e+00 1.203413728863348631e+01
1.614060383503275187e+00 1.176724397628084517e+01
1.420144798185947188e+00 1.197960257113449956e+01
7.641913876676419415e-01 1.163697922412107744e+01
2.095195137019034703e+00 1.190455428594860265e+01
3.642959630866746679e-01 1.262628418126492846e+01
1.797137203199612454e+00 1.186068987866536695e+01
1.618528739572105968e+00 1.212597712952844375e+01
1.761817056921751723e+00 1.208304533538420245e+01
1.682465140001361714e+00 1.210488939120634377e+01
5.569943325723031302e-01 1.234416407425261752e+01
1.371882780400234925e+00 1.190949042563515903e+01
5.851078691818181188e-01 1.199223945018983528e+01
1.998104084181187678e+00 1.181066638811480551e+01
6.549911902331011504e-01 1.195320586228544180e+01
4.491578286221564742e-01 1.256629905979329109e+01
4.149303933702040981e-01 1.236397285939634116e+01
1.940449710592773602e+00 1.206404569739419053e+01
1.551829138206560765e+00 1.194001662564309996e+01
1.786831324444403624e+00 1.166316437812312579e+01
1.209714256235278063e+00 1.203820731119121135e+01
2.071692831575252303e+00 1.166254786355903228e+01
1.936045659428028198e+00 1.203848093436445410e+01
1.564651702073435624e+00 1.169198149828064004e+01
4.187567250371295180e-01 1.245302355244136727e+01
4.045127158972344206e-01 1.262714992142431747e+01
1.521732067841319980e+00 1.205208468274207156e+01
1.422213909752118699e+00 1.172855018744182942e+01
1.143728067747938670e+00 1.151973421817200105e+01
1.301641481160121572e+00 1.196423405673782625e+01
7.203881523458776082e-01 1.201243495979581688e+01
1.022731088677105493e+00 1.169289049005219461e+01
3.952303050325196021e-01 1.295353472588872812e+01
8.312719331359774699e-01 1.208788712702524926e+01
2.043816540876636001e+00 1.170840795950073954e+01
2.012728369788443050e+00 1.190257292836414571e+01
1.793226487969965754e+00 1.191367101077531210e+01
6.832060791507027497e-01 1.172120768526018075e+01
3.620099075702004066e-01 1.281034603331532296e+01
7.282957165749366357e-01 1.167209417192923127e+01
9.179995514156618075e-01 1.199703427853857818e+01
9.926097357463402604e-01 1.162834330280193740e+01
1.615559096076380152e+00 1.174458658272348366e+01
1.491404071325974856e+00 1.195967602007081965e+01
1.718536378975673351e+00 1.146146947878463429e+01
1.112841765114034320e+00 1.196486983055620890e+01
1.195049021648174614e+00 1.169148756350047158e+01
7.302063379861319925e-01 1.171258981024331902e+01
1.905848699240499933e+00 1.196273851498528451e+01
7.054559951395356077e-01 1.195661751595172184e+01
5.469538234047119918e-01 1.217949329485393584e+01
1.480592383671660128e+00 1.197352214953702365e+01
1.343954136460071114e+00 1.207575102106321374e+01
1.008932370449029170e+00 1.196900756829797352e+01
1.406458307797860297e+00 1.221388516017022319e+01
1.172850389871421317e+00 1.188110807469624497e+01
1.393155367933340827e+00 1.185155635179189204e+01
1.374294510719497708e+00 1.215000367224429034e+01
2.123576489240939225e+00 1.209651515952313261e+01
5.942296466421295165e-01 1.194516739728566534e+01
7.495261622330836593e-01 1.163388528876409822e+01
2.103470950974108522e+00 1.168173040465365631e+01
3.080709766368425750e-01 1.320386306975895963e+01
4.836173586445208783e-01 1.199168954794359010e+01
1.523151329149691424e+00 1.216923066431951206e+01
8.189266646451717202e-01 1.190631476381802223e+01
1.961321089841850274e+00 1.185296305457818633e+01
7.861031259479975830e-01 1.197590827027844895e+01
1.652613932744434688e+00 1.165461473037027673e+01
3.407595296529778439e-01 1.248478845167568707e+01
1.109307006226405878e+00 1.209260267277491785e+01
8.599716432582320547e-01 1.165852878892443556e+01
1.668047124532644476e+00 1.208123305478613752e+01
1.385679343801842434e+00 1.219907109667146194e+01
1.872039514465724031e+00 1.201859594898208528e+01
1.411172638906486920e+00 1.171337458820072719e+01
1.504840468912386209e+00 1.163741580405559617e+01
6.070062256163663017e-01 1.207262121442146530e+01
1.475729808421244904e+00 1.185429455376746510e+01
6.083615948741341040e-01 1.181764303978187947e+01
3.521368236876284419e-01 1.258006584718762433e+01
1.391683511910661197e+00 1.159759352559100876e+01
1.097419430136887364e+00 1.169872665647597998e+01
1.464444503926968011e+00 1.176604015540879722e+01
1.554684735442638965e+00 1.198574470741563047e+01
1.076055172110453650e+00 1.157105416645812390e+01
6.023381793366514581e-01 1.169129041372467803e+01
1.742296552027201795e+00 1.197778952855699686e+01
7.695381683660388328e-01 1.151181992176624291e+01
1.326519624465989367e+00 1.169568861589370279e+01
1.815168610500240254e+00 1.158349192763085256e+01
4.739215280884595538e-01 1.201276263305794068e+01
4.944204076636901091e-01 1.233919429954251790e+01
1.939062616383221638e+00 1.180658728080345732e+01
1.481969204368027482e+00 1.173504461373241803e+01
1.481866082303473053e+00 1.191112084805982185e+01
1.818575012574756178e+00 1.179297146333873947e+01
9.106960901973457645e-01 1.183267092866331893e+01
1.603298058980665131e+00 1.212580510220642260e+01
1.615434781760855198e+00 1.213042850825756780e+01
1.625200687159652047e+00 1.210889662946110867e+01
5.579981308020142139e-01 1.200933362071149269e+01
6.844308390793681918e-01 1.195183876972489934e+01
2.007138180426830232e+00 1.178227046219104857e+01
2.063638569393602129e+00 1.190062291664057170e+01
7.908459661397608809e-01 1.172467810073949934e+01
3.915005748524562068e-01 1.242900975359720483e+01
1.975594318447636999e+00 1.183437792197607763e+01
4.936557642579434413e-01 1.230080144743235238e+01
1.982818699686177188e+00 1.213586839614976221e+01
1.566791507193289856e+00 1.212088463643505420e+01
1.686359641109843377e+00 1.179307852288350666e+01
1.932723951091056103e+00 1.201809061955779256e+01
4.228902885517507038e-01 1.231783343416921994e+01
1.997768214223976324e+00 1.186033938454824010e+01
1.791472400717967428e+00 1.210075334987079643e+01
3.566124289575072215e-01 1.250326096596459635e+01
3.950969735014386863e-01 1.268266432247511055e+01
1.204402045659922260e+00 1.174468174989474534e+01
6.168424539807129126e-01 1.182522553598620441e+01
2.116002221826171148e+00 1.151467821938631531e+01
1.165706149281961590e+00 1.196347204224846550e+01
4.989064989344189072e-01 1.218526156404227656e+01
6.423038184311642418e-01 1.203334681245635451e+01
1.070312705447157953e+00 1.177915860861010700e+01
2.017306305789812182e+00 1.162788921976496148e+01
3.958377096463848166e-01 1.279070874577069183e+01
6.383639179171648470e-01 1.193839656307876496e+01
3.803148573594813953e-01 1.272285507356098933e+01
7.167684573059360797e-01 1.202049933479418087e+01
8.807643100982629480e-01 1.205784703561796611e+01
2.003574922403138725e+00 1.221124637384646405e+01
4.788601671757118927e-01 1.206161210596583011e+01
3.887580709379370170e-01 1.228362367212609918e+01
1.670700358637848604e+00 1.163070275068680104e+01
9.605362481672089503e-01 1.157331420126338806e+01
7.476136023645544304e-01 1.167731069984000669e+01
7.325704037972073923e-01 1.149725561271772456e+01
1.846717091504249453e+00 1.167457368755347247e+01
1.312640229148178905e+00 1.202314220108594434e+01
8.300539576500162164e-01 1.187079668262397725e+01
2.057554031633548330e+00 1.135134411146513678e+01
1.555575478523033128e+00 1.164684528118777962e+01
1.337600509527308468e+00 1.185399317292590204e+01
1.388689548371407456e+00 1.187163317673821972e+01
1.327007395767937359e+00 1.179332878510164484e+01
8.741136281031577360e-01 1.154606777042724275e+01
2.066182187959996863e+00 1.137541179844360073e+01
1.915770827683552113e+00 1.163204904606062051e+01
1.055459045191744494e+00 1.186444495776973973e+01
3.997222771299522304e-01 1.227307717841337364e+01
1.955647031308812123e+00 1.193186537197177977e+01
1.365288581787498456e+00 1.212511450875265240e+01
6.197256966932550570e-01 1.187516430905039044e+01
3.579500472026799218e-01 1.319508737424298239e+01
1.424615859042311250e+00 1.177039901839234481e+01
3.865968693327215822e-01 1.219979593031430909e+01
8.553988034361486026e-01 1.165153619921577643e+01
1.882902421783007485e+00 1.159913090482799802e+01
2.060128210390951953e+00 1.195734790429567163e+01
1.987266128571979706e+00 1.148017075265369158e+01
7.647971666152582060e-01 1.194478584075507399e+01
5.833154508802312899e-01 1.177531729046713416e+01
3.765670575922954733e-01 1.231621427511708333e+01
1.397140024671810643e+00 1.183439456178547999e+01
9.442084022586465508e-01 1.163419898762299631e+01
8.277630135555502644e-01 1.168130225675065681e+01
4.195639068783169057e-01 1.220333401960680675e+01
2.015692292483158177e+00 1.138770957739169098e+01
1.311602318229275310e+00 1.190641882210599256e+01
8.834840165030232173e-01 1.198031237154882156e+01
1.852170755992380569e+00 1.141168581555924177e+01
7.482300162374077024e-01 1.170477526547838032e+01
1.501850557352391036e+00 1.196960693919127117e+01
7.664175308513653251e-01 1.159422038554435552e+01
1.088132754397094226e+00 1.188256863423126575e+01
3.772377725685901462e-01 1.282114989124802840e+01
9.889603243664492060e-01 1.155330184325114296e+01
1.126469093495559237e+00 1.195426728788882897e+01
1.484609463134638929e+00 1.195904662027661303e+01
6.294001770386158379e-01 1.171019376751340424e+01
2.049760962316266699e+00 1.161808471222427919e+01
1.226637908585128445e+00 1.202229146425542439e+01
9.739386594482795090e-01 1.177437244036396535e+01
5.875872612887402813e-01 1.161925898975766458e+01
6.360812502468521368e-01 1.167383830732033800e+01
1.918556681461696778e+00 1.142822756537214168e+01
1.819354304420368829e+00 1.172260122215460676e+01
1.991329525690082258e+00 1.150083470830791832e+01
9.856070530575803401e-01 1.165826081096988176e+01
6.645967921567467185e-01 1.162236726698755973e+01
1.932136795958246722e+00 1.167417122696575049e+01
9.656190495360374992e-01 1.192078440613795820e+01
1.849516644836253887e+00 1.192902498316178139e+01
5.739083816608664401e-01 1.209499140915240645e+01
1.104460819367974800e+00 1.175730136738775577e+01
9.355519659665785248e-01 1.159587283391138612e+01
1.055277174555546260e+00 1.205606270406949321e+01
1.790496940466272724e+00 1.187396522573533275e+01
1.501300462804253444e+00 1.196246540829254279e+01
1.045401048061589844e+00 1.194122544907418337e+01
5.274987968366565694e-01 1.234455049232086665e+01
1.096202029917397569e+00 1.175360555709295518e+01
3.674923701914308838e-01 1.244991283131703241e+01
5.674972028290363735e-01 1.195744932808134209e+01
1.758317103061673770e+00 1.161711564063928748e+01
1.681309242644342561e+00 1.150371970754002504e+01
1.987920216474714952e+00 1.125129293214379267e+01
3.682233751019440282e-01 1.273821646070129532e+01
2.924302098022016905e-01 1.324933030155663616e+01
1.273583459381104843e+00 1.172781986621682293e+01
3.428954951415375541e-01 1.251442893906170539e+01
1.523849845057629659e+00 1.143264685335554809e+01
1.852635933022444448e+00 1.205006598147885022e+01
6.691679593869247489e-01 1.161195029124520062e+01
7.633842458466807424e-01 1.181106793714785042e+01
1.108785716971397939e+00 1.207153916267146343e+01
1.558339938380076672e+00 1.185566670436097070e+01
4.159782615157335273e-01 1.253201285353938665e+01
4.006206011543340106e-01 1.221104172399747867e+01
8.109778729576060385e-01 1.193483092641886145e+01
1.242890676088267643e+00 1.172362212056190955e+01
1.765540981603537229e+00 1.189890952396150858e+01
1.720797869348794196e+00 1.179734499412061588e+01
2.065106368046893515e+00 1.166601883360321779e+01
2.777891944094460497e-01 1.355229354731799596e+01
1.747350754329646039e+00 1.210514883829200805e+01
4.527455420496092064e-01 1.223734793557907885e+01
3.625546613272138119e-01 1.252124745875655165e+01
5.190884188644183661e-01 1.185810767494583473e+01
1.455929240383159406e+00 1.211242737299396133e+01
1.410048948246040545e+00 1.178951332032631605e+01
1.899570634057869079e+00 1.186409921752620988e+01
1.949753801336100212e+00 1.196160579016329706e+01
1.035318586168102239e+00 1.189789483687109062e+01
1.595356031452136225e+00 1.199737222099039968e+01
3.421532842883739378e-01 1.256442760511589185e+01
1.986586622424066917e+00 1.202152089312752992e+01
1.909509441065641466e+00 1.151880557985909093e+01
1.268567540904290469e+00 1.170489281592715791e+01
5.600909266761450178e-01 1.164325112275995799e+01
9.445018794555694042e-01 1.185094532498070308e+01
6.418741827655995991e-01 1.167223140256861313e+01
2.081178951746163630e+00 1.157719736360112606e+01
2.206261172707301821e+00 1.207686871543309870e+01
6.020995914344454691e-01 1.204319462639364247e+01
1.618600158504117426e+00 1.178640192750539839e+01
2.002684768291665751e+00 1.153006379992467068e+01
7.669393180218331274e-01 1.198993650030244851e+01
1.287437713217758795e+00 1.192569904418352245e+01
2.006805671424243265e+00 1.193311580274244932e+01
1.584130579343993483e+00 1.156446588149789889e+01
1.023122831851808856e+00 1.185964724186166741e+01
7.087441651001368248e-01 1.173958107649456473e+01
4.327877750145455171e-01 1.264927160734733391e+01
3.887414092354159467e-01 1.274404282546771228e+01
4.468922357330367134e-01 1.249314380951935277e+01
5.714658395448778405e-01 1.215738119369055070e+01
4.347401388117739796e-01 1.236630865789289757e+01
3.993454950893103872e-01 1.251476156221999503e+01
7.518002298379706794e-01 1.191696544308268457e+01
1.995345229493722838e+00 1.199001681256838658e+01
7.370434838184607429e-01 1.178595137725484499e+01
1.235028465777591178e+00 1.156684098237925262e+01
2.039336848178369799e+00 1.172223376446010157e+01
1.211764535657828157e+00 1.195712793440132593e+01
1.190818941687472154e+00 1.158584635358553783e+01
8.549070663065539977e-01 1.162127097969377409e+01
1.754318337558419483e+00 1.170174876332818847e+01
1.633967971550123632e+00 1.184081063520246602e+01
3.349813529581586180e-01 1.295214553791086232e+01
1.042519498700591463e+00 1.162790647292796997e+01
7.655305507250620423e-01 1.158168914848861597e+01
1.259062091834529440e+00 1.191733156198405652e+01
1.895226009949690260e+00 1.218543249150041774e+01
2.030841693657249980e+00 1.154859861068762150e+01
1.648168147811623241e+00 1.208103734634815396e+01
1.548913002521592919e+00 1.170571304053520834e+01
3.842389399399548378e-01 1.271339809093325890e+01
1.299377304587235438e+00 1.180512783209482919e+01
7.190085783856614565e-01 1.186361801407184657e+01
7.724608601651757889e-01 1.163474505839796791e+01
3.565218519773817873e-01 1.313595449158409068e+01
4.182181671412775747e-01 1.259049616631878621e+01
1.964364799540892159e+00 1.203302221830183250e+01
3.543934279500763895e-01 1.249313050694331295e+01
3.859466877535255303e-01 1.279889603837093759e+01
8.279714999997682678e-01 1.180031594989482358e+01
3.861375749445571937e-01 1.287847553889317354e+01
1.099094443395198795e+00 1.172469586390880458e+01
1.531747764818321755e+00 1.174377361370475548e+01
1.686894766372390775e+00 1.216030746533804319e+01
1.465970508134253336e+00 1.224812591393385475e+01
3.803125594855297775e-01 1.251569450183279741e+01
1.060931023572064369e+00 1.179076890300918201e+01
7.300908572514241968e-01 1.185709827685019491e+01
1.322832543704258290e+00 1.198783428510369298e+01
1.245787638486490101e+00 1.188224110282713752e+01
1.136484662538567392e+00 1.201856284933798236e+01
4.381820353664458989e-01 1.214277529446564330e+01
1.536456693223522407e+00 1.206006311991854574e+01
4.924829935822246374e-01 1.218494423018554862e+01
1.548242006485031519e+00 1.195384525447448709e+01
1.013130947359208278e+00 1.159302254710760494e+01
1.873684744271353120e+00 1.180472581242577412e+01
1.993839897275860862e+00 1.189725889617649557e+01
4.697051488774402483e-01 1.223624276939868061e+01
1.425428070914126710e+00 1.162032032835594819e+01
1.249109691430138724e+00 1.187217551891315459e+01
4.320971692926223184e-01 1.236001273086178998e+01
1.301618756513009512e+00 1.189449504558961124e+01
2.103128533146475299e+00 1.203809462315886591e+01
1.674541144400125470e+00 1.183986761045082758e+01
3.655527685438696994e-01 1.242091911676674165e+01
1.442303506983731110e+00 1.167821120038222737e+01
8.116830778493786536e-01 1.192489709908245210e+01
4.772712645926367458e-01 1.192529708801883359e+01
8.807513545478169448e-01 1.181997068456254141e+01
6.406756869265186616e-01 1.171573836560755666e+01
1.911710796843023807e+00 1.198791793422022778e+01
3.903591785268168968e-01 1.249083390610566369e+01
1.033772045317917110e+00 1.192170383829838798e+01
5.305050396222907860e-01 1.174344752529396985e+01
7.900849439417961806e-01 1.153724506649111881e+01
4.460343847210906931e-01 1.257665813634241303e+01
1.887805326177930398e+00 1.144148692978187221e+01
1.794279530462220329e+00 1.171045243186434526e+01
8.603659487949046891e-01 1.159470806742583804e+01
1.324334613731360299e+00 1.198722219666520061e+01
6.843399569600413512e-01 1.179826921074025314e+01
9.976392208329182276e-01 1.174317484213339213e+01
2.876705167314725364e-01 1.377994524304175705e+01
2.030508127015894893e+00 1.176360655104240394e+01
3.733194074948120722e-01 1.256398290329431333e+01
4.241837126690464754e-01 1.221234009342042803e+01
1.355590566400702635e+00 1.164372988243574447e+01
4.727521627557426664e-01 1.187462184978851099e+01
6.866036892914214596e-01 1.163165476991815339e+01
1.287309739498119443e+00 1.164165771014149797e+01
1.564265770562774494e+00 1.217006585676220887e+01
1.771796708417761046e+00 1.202611091166458124e+01
3.136219259301189499e-01 1.282219801278077043e+01
2.056489433913208931e+00 1.149323031442048659e+01
3.283454451130383145e-01 1.314207578671485344e+01
1.025486924077187778e+00 1.188168416015664519e+01
1.374804641093750224e+00 1.213232359755643941e+01
4.741863267170922658e-01 1.212840976449092167e+01
4.759627108119969807e-01 1.216211592493417015e+01
3.512388956453194044e-01 1.238851908992922546e+01
1.993691926044906193e+00 1.148327017959103991e+01
1.726484765678669264e+00 1.166403367744115194e+01
5.500772534866156249e-01 1.189301024655683392e+01
3.346686548699337460e-01 1.308521133098177636e+01
5.925596419271257354e-01 1.201500408846298740e+01
1.986869646512345211e+00 1.178671724988444502e+01
3.776851336287974648e-01 1.252764825586202058e+01
4.226814826135611436e-01 1.263386542956875402e+01
4.296486127362186824e-01 1.225915237113316714e+01
1.772105474812638803e+00 1.216492758736033863e+01
1.834464991338062623e+00 1.214070583547833770e+01
1.767674831205841901e+00 1.212940822635805738e+01
8.054137634035833937e-01 1.176634937585482099e+01
7.575274941273267837e-01 1.176121554984157491e+01
1.678886578866304324e+00 1.174512854159933717e+01
1.233200797124100134e+00 1.203803659640131229e+01
5.107677704055347823e-01 1.210305734393802268e+01
1.223607433358820273e+00 1.176431598564120762e+01
7.979296785804116388e-01 1.175826730343615090e+01
2.041059293888175752e+00 1.187262376448657797e+01
7.769804329317990810e-01 1.189571615966721474e+01
7.218530333209270955e-01 1.215077864367436078e+01
8.621878797869487743e-01 1.192986084211144160e+01
1.507560778721575234e+00 1.193178205532388603e+01
8.279444162041428301e-01 1.200477313907891919e+01
5.877377565177056562e-01 1.231042961670765123e+01
6.915773710652793893e-01 1.215244812065193969e+01
7.103619588913401284e-01 1.219147584447845567e+01
5.293111891474159281e-01 1.226325234543389620e+01
1.304269839319277757e+00 1.190421294577694944e+01
1.919091977866313137e+00 1.174266062753141604e+01
1.122840238458195250e+00 1.177519170823807215e+01
7.516301699750049803e-01 1.158363044071738557e+01
1.262360215016583354e+00 1.177036928034267227e+01
4.606709486409586995e-01 1.217728029412958612e+01
1.672215554700774875e+00 1.201305231829955389e+01
8.414613895066560545e-01 1.186655501859068806e+01
1.800175221862585051e+00 1.165708250027263126e+01
1.473337566758641026e+00 1.195159607272606372e+01
1.437050751583341501e+00 1.207159445040693591e+01
3.589725822198988059e-01 1.300267021256976285e+01
8.268373618301320116e-01 1.198374906776138360e+01
4.016876941584939242e-01 1.267977903626972491e+01
1.064487859772144107e+00 1.184839389240989860e+01
7.679234678657360647e-01 1.206990305049217937e+01
5.635924180997450295e-01 1.200809849330419432e+01
1.971524839993125333e+00 1.199119352294078844e+01
1.691893164625818624e+00 1.198444573697980431e+01
9.689065607486988529e-01 1.195138458082245414e+01
1.084109744642762774e+00 1.196467728823365029e+01
1.935286514999786878e+00 1.134644298861598877e+01
2.145759768717833804e+00 1.140710697448063726e+01
1.012959520131620827e+00 1.184960881399359245e+01
5.655258783018013435e-01 1.211152682209296216e+01
2.080950731666916909e+00 1.200252396440017222e+01
2.931039743994232061e-01 1.358276715442467975e+01
1.933478893950715261e+00 1.156615760359694889e+01
1.958132983057517373e+00 1.227547188393730693e+01
1.791518339119471781e+00 1.195815088180163599e+01
3.859370457758881656e-01 1.241332489918978865e+01
2.063293280610849045e+00 1.188206132675201943e+01
1.879542372090357460e+00 1.203964060199519537e+01
8.251575738497891610e-01 1.191839237689451814e+01
2.095996328914347728e+00 1.221003933195616398e+01
1.786178956197330914e+00 1.190502024426619521e+01
5.934689736198985877e-01 1.209324139577600477e+01
6.225593957576807114e-01 1.240039761586073830e+01
8.838296224068152851e-01 1.190246272261074445e+01
7.409251931829862192e-01 1.184748778458017426e+01
1.885085886939073196e+00 1.165775663906492454e+01
1.037719734296820739e+00 1.184055777424970479e+01
2.079622812198921533e+00 1.194596175677008709e+01
2.009381491586842206e+00 1.164003141482003656e+01
6.258928282872044946e-01 1.172566851953934197e+01
1.711740319929694554e+00 1.194089391665235844e+01
1.351642516771945246e+00 1.181577914364994975e+01
1.545597308807714176e+00 1.166497302492446231e+01
3.107463902848163761e-01 1.330949585680229674e+01
1.619213204728171096e+00 1.211902390294823384e+01
2.017216037062802059e+00 1.157048450372012560e+01
6.216058305512816018e-01 1.186464470136028915e+01
1.594434886919058769e+00 1.194144701330674430e+01
9.146681590819614183e-01 1.193194050389383065e+01
9.428656114860143322e-01 1.185463664575465081e+01
2.052591475122031106e+00 1.183365809144000025e+01
9.887722784634173090e-01 1.194763000257381158e+01
1.531571091249502192e+00 1.202903341557821726e+01
7.000270915171655783e-01 1.179447896256356998e+01
1.145639922275562439e+00 1.190795542646995209e+01
6.394447968683931727e-01 1.187175009254436553e+01
3.407319834884882104e-01 1.311977903016898317e+01
1.620258827612047314e+00 1.190374722152692577e+01
1.989106620586825303e+00 1.210064628859137592e+01
9.626662831349830363e-01 1.169386830307801972e+01
7.145806958415533705e-01 1.194495966988079338e+01
1.064087229785844135e+00 1.178363207215031849e+01
1.907649819789969836e+00 1.202866366208069948e+01
1.186088264692291006e+00 1.170477981053326921e+01
7.655914181812951691e-01 1.202032240030718668e+01
1.017732617491546421e+00 1.171358467478315113e+01
1.003405188078663191e+00 1.169358643952561749e+01
3.014462159468180302e-01 1.338042853338894034e+01
4.026926445709912428e-01 1.261025385947755595e+01
8.561916112675116430e-01 1.192903515287846261e+01
1.525749533967657001e+00 1.186664701350224149e+01
2.010046994591186742e+00 1.194574765496845892e+01
6.492821024709921618e-01 1.178031863519611733e+01
1.040726045869404759e+00 1.165312079528007416e+01
1.131165338243057539e+00 1.189871186715903484e+01
1.977542722038166279e+00 1.167376196679298594e+01
1.851657297597042673e+00 1.143043011934481612e+01
1.969816495221068831e+00 1.201719961203100340e+01
1.964020986424747983e+00 1.156517125481410169e+01
1.762302790746528958e+00 1.149647797651164005e+01
1.302982425105054132e+00 1.178470229622935683e+01
2.044489745312665363e+00 1.188195022249616706e+01
2.107109768761497470e+00 1.159589280133567080e+01
4.357179231404132991e-01 1.276075142428417664e+01
1.760409860374478885e+00 1.211402135865749052e+01
2.117358236514474967e+00 1.154891483002196217e+01
1.981709806358632919e+00 1.169927923010837922e+01
5.908178566037527446e-01 1.188041105826448174e+01
1.099998153294261316e+00 1.170829004683220553e+01
3.394742083741540406e-01 1.306429271390121727e+01
3.264761831796774705e-01 1.322802574790517838e+01
9.633021929333219768e-01 1.175292989159304646e+01
7.657236649710355003e-01 1.201694195967382228e+01
1.592989288949048010e+00 1.183749595081772377e+01
4.737820106926785568e-01 1.210920420232413797e+01
4.205277547615854372e-01 1.239406906035379308e+01
9.259302761189758257e-01 1.184110079715769714e+01
5.970832391353881885e-01 1.181116742081496440e+01
1.386599118256761409e+00 1.161382807646145032e+01
4.022781082898701510e-01 1.235362281346728786e+01
9.267180415915036162e-01 1.190133946280496424e+01
7.740813015466329050e-01 1.184759665245191584e+01
1.205590923931120884e+00 1.203061353006427936e+01
2.037625051713467972e+00 1.162158040860032493e+01
1.660395211828901152e+00 1.166609566609831461e+01
1.334718948254733029e+00 1.167370617459724613e+01
4.415029744109454368e-01 1.256491027404442029e+01
2.092791850788116914e+00 1.213359537640133645e+01
9.479155371766840865e-01 1.197251498976111961e+01
1.302590853009990113e+00 1.181102793581802857e+01
1.125267739754786778e+00 1.172527428974022001e+01
1.893675377419553829e+00 1.188254412303213492e+01
1.653153786369278677e+00 1.201215278194740144e+01
1.268497828105556779e+00 1.194168035760846536e+01
1.905665284518669012e+00 1.189261433208495689e+01
1.175882045122486508e+00 1.213582052982545889e+01
4.278632853163758520e-01 1.247008951744537519e+01
1.704633491179961657e+00 1.213499258102768863e+01
3.486472806059152663e-01 1.274685523065548942e+01
1.261630620286361637e+00 1.171146136737400845e+01
1.023392529680209773e+00 1.149237677423760928e+01
1.071154280230889988e+00 1.161924284384022421e+01
9.064774075193535730e-01 1.189704867518294407e+01
6.801618008402314786e-01 1.195143006699818145e+01
2.006721314665818934e+00 1.139749269993363612e+01
3.363350808165833095e-01 1.292543586730694649e+01
6.403309036330127046e-01 1.217823955654607460e+01
3.403459776524494496e-01 1.316751678973381168e+01
3.359544318955548503e-01 1.322039572534878360e+01
7.293540042366272180e-01 1.169004269209965052e+01
1.015103844183643078e+00 1.190201741317721051e+01
1.035154438183990333e+00 1.193628577610377661e+01
1.814003360364696782e+00 1.169032517152451156e+01
1.044720285848468544e+00 1.175736878198891233e+01
7.775467023981811332e-01 1.177998955227547029e+01
1.712397604255208483e+00 1.195275183523976459e+01
4.285704671911959029e-01 1.222323491902329806e+01
3.298765291506721153e-01 1.307351426420439111e+01
3.511401240385453315e-01 1.287809794949225228e+01
3.266576519531361744e-01 1.322710137100525429e+01
3.010069305350365210e-01 1.332408380780604240e+01
7.969505718247188453e-01 1.181142045434565446e+01
3.020353348734461374e-01 1.333395279111694798e+01
7.019981731262840974e-01 1.187632576112738647e+01
3.022538422340154129e-01 1.341904932366118963e+01
1.081792685653072184e+00 1.174708010310364870e+01
3.603507963002819947e-01 1.265235680573465693e+01
1.017276641755915589e+00 1.180922173723124935e+01
2.066254245605241735e+00 1.128538678548359009e+01
4.002951482640118575e-01 1.248655208292959173e+01
3.023247028960621696e-01 1.341086168162460623e+01
1.141725830917733386e+00 1.202379344440836739e+01
7.195513423166451927e-01 1.176268934790515175e+01
6.675188532524425344e-01 1.187176510131872931e+01
4.357395526953103393e-01 1.223176639072860183e+01
1.688608380359927885e+00 1.171335292679798812e+01
3.709393617721740144e-01 1.257158430907657376e+01
1.865937504538994762e+00 1.173508370510040599e+01
6.319784575845603936e-01 1.184257689828350024e+01
6.074632326907317692e-01 1.190356391537730829e+01
1.171344448778581127e+00 1.178740749406750510e+01
7.805973981994541733e-01 1.192021018914504005e+01
6.087397465996678969e-01 1.197687386572295054e+01
1.532371942020600120e+00 1.199941628626146795e+01
1.921858698802355603e+00 1.195610645223739787e+01
9.942489421162422625e-01 1.183522960631686516e+01
1.360722195684700875e+00 1.188621211405601663e+01
1.753228693223803258e+00 1.203590934203944407e+01
3.309486255963932644e-01 1.318395561090590462e+01
1.822696001589939385e+00 1.197113323671699803e+01
4.463988524902176014e-01 1.202357864801836840e+01
1.830399420883847661e+00 1.152078212543899127e+01
1.887148557175119867e+00 1.173423531970752087e+01
5.866707786555760418e-01 1.179653960633891607e+01
1.514044963014544942e+00 1.187621089742768987e+01
6.767973095695873909e-01 1.170373384721660592e+01
1.067459975673127781e+00 1.185749769615003579e+01
1.195956456675499657e+00 1.200058335181322811e+01
3.749915781642823576e-01 1.264660579427319043e+01
4.965335239378326215e-01 1.218472488439864421e+01
1.161921123162643177e+00 1.181199780729616045e+01
1.823895346932540962e+00 1.212071150617386905e+01
3.887889508738316402e-01 1.240531252466477241e+01
2.078713608291123727e+00 1.159527137761353899e+01
1.260876680098769631e+00 1.202416065161154535e+01
3.659956454506963497e-01 1.244544845524361598e+01
4.638510838751972454e-01 1.229765318853426947e+01
1.117700317284323397e+00 1.186516036469538982e+01
6.930064353868258253e-01 1.188191195246547949e+01
2.755656118670881671e-01 1.368210402235704315e+01
3.745858523004111373e-01 1.249778466758157869e+01
1.538463626100553094e+00 1.201907144098021263e+01
1.104918945043232181e+00 1.191923865195832022e+01
4.065258556660126255e-01 1.267986783631422298e+01
1.963127394754962118e+00 1.161316088920228218e+01
4.421016848347331663e-01 1.248035401374945685e+01
1.411342423885868946e+00 1.202831015344240662e+01
1.239577858076644334e+00 1.193740152143729460e+01
4.683030854341596050e-01 1.202979832953375805e+01
1.741773760002082172e+00 1.231912257126218435e+01
7.610413586588602453e-01 1.169278333136963610e+01
3.764653670421103659e-01 1.232766788614769204e+01
1.674094266022055022e+00 1.185897733949444266e+01
7.693261810825380298e-01 1.166447133569351102e+01
1.931290775248037050e+00 1.193558246040900883e+01
4.321978102578405423e-01 1.224135700407152605e+01
1.851134936007413856e+00 1.222777181034855865e+01
6.823762064856390142e-01 1.186406368896753349e+01
3.139490898481910874e-01 1.308452528925644742e+01
2.030401398803910240e+00 1.131989438412331950e+01
4.877522161271811707e-01 1.236126453704755335e+01
1.302291016414485636e+00 1.172967019093398022e+01
2.111980612776588107e+00 1.132791241408166094e+01
1.076999675254271871e+00 1.161101402185008169e+01
1.679484436033077399e+00 1.186408672269405074e+01
2.050933417443530526e+00 1.205704612277000898e+01
3.509356351769966631e-01 1.309668173156557458e+01
1.882091833945539694e+00 1.141787717858118079e+01
1.115186208570478232e+00 1.184096049323331812e+01
4.351730244877726750e-01 1.229763518322957694e+01
3.649655591836532542e-01 1.282070515095042929e+01
3.876566123733300451e-01 1.265173582031042088e+01
2.931858699437431270e-01 1.369652908702858696e+01
5.623597031844173033e-01 1.181288399763409025e+01
8.061417094314862197e-01 1.191787795627050173e+01
1.067337723303058983e+00 1.198395631127327476e+01
2.067252978544218411e+00 1.168732912565089954e+01
4.861232614858967960e-01 1.213206584289536849e+01
1.927723499043231925e+00 1.179813785268955861e+01
4.896373298448341016e-01 1.193086608120778891e+01
4.063069719118037049e-01 1.256233313438169219e+01
4.883232744448389173e-01 1.181207011414205610e+01
9.734458176762348369e-01 1.189089565655329039e+01
1.800139280164169353e+00 1.209094565452563330e+01
1.726419541405312064e+00 1.191399556294417650e+01
5.785291028494573551e-01 1.182317862522381802e+01
1.410151761698044126e+00 1.171207557349649697e+01
8.904564898550190177e-01 1.196127537710939492e+01
2.194906203639923614e+00 1.160341184222532362e+01
2.002441572022878535e+00 1.197868247694657029e+01
1.637157387637657946e+00 1.211456889941284132e+01
4.362473083290437370e-01 1.228365642373240618e+01
1.840189273571725348e+00 1.151826299691539290e+01
7.736817555547199632e-01 1.187417791585214921e+01
2.102847456586802721e+00 1.190700379993825031e+01
2.782113383851331778e-01 1.383488589681077130e+01
1.578452169085778900e+00 1.205731209380585156e+01
3.688024507794700479e-01 1.294101065725662103e+01
5.334998537658508511e-01 1.192634291955837789e+01
1.670403399887036677e+00 1.204363895557760422e+01
1.384790312417531588e+00 1.158787778242187194e+01
1.439563860508684678e+00 1.212699965599719221e+01
1.158474503457205929e+00 1.166866331956596881e+01
5.275622731960509793e-01 1.195069047796431150e+01
1.493719852387788372e+00 1.201674419759494938e+01
7.366289313578564535e-01 1.165955195505147479e+01
2.074452659104351060e+00 1.202996956992277866e+01
9.774184504059549861e-01 1.174924362841192149e+01
1.826731406333619967e+00 1.199213780978509725e+01
1.554186590057971884e+00 1.194134809354808624e+01
9.302968958781335784e-01 1.177343724977205319e+01
2.019796891877605916e+00 1.150688815565754908e+01
9.585142500433828650e-01 1.190336042126565630e+01
1.288531670112882388e+00 1.203653277912464858e+01
1.730058770886119035e+00 1.212975600537618170e+01
3.185603812663952983e-01 1.337267128073888145e+01
2.084395234129225560e+00 1.188489108146164774e+01
1.249409408177463598e+00 1.164272412947043378e+01
5.969916607120659968e-01 1.184605607456802012e+01
2.014808627864731694e+00 1.174898578764147850e+01
7.625201998279284021e-01 1.180289524147860192e+01
3.957828427752083100e-01 1.244733683695325333e+01
2.009803979370403226e+00 1.156953207321797805e+01
4.040934852335060778e-01 1.249552695543717284e+01
1.852837615215689793e+00 1.192659165130834076e+01
1.955935725902094635e+00 1.160453620583615297e+01
3.603198810194366275e-01 1.300679086721683575e+01
1.349921329521940550e+00 1.165600254006373149e+01
8.387065729164352446e-01 1.175680283945476923e+01
1.812030207072639065e+00 1.207234616612681855e+01
1.979729010075566009e+00 1.202533659079208661e+01
4.089095357308046852e-01 1.226334707796658563e+01
1.500524475149450643e+00 1.163993749792649091e+01
1.222561968782135855e+00 1.188174698363260084e+01
1.937245514175300887e+00 1.163194364955246130e+01
1.787356259669726333e+00 1.220748631119856142e+01
2.012947459234701419e+00 1.192855051602785466e+01
6.016531600452337258e-01 1.169766061425337789e+01
1.910211067409775865e+00 1.182933481517129870e+01
2.079992604475526807e+00 1.157125337762351869e+01
1.112535479552584583e+00 1.187575818815714968e+01
1.097137290342081739e+00 1.196735159563528228e+01
1.194364981789721725e+00 1.189082612553205109e+01
6.685052088625559330e-01 1.175289516924430799e+01
1.770419132377712312e+00 1.216168799578850646e+01
1.282741605664992290e+00 1.198231697836778586e+01
1.946386046577841089e+00 1.174996983181826593e+01
5.715820399841629040e-01 1.226933027849609559e+01
7.637136647573071757e-01 1.178304709497622937e+01
1.855254175349154266e+00 1.209435546187709143e+01
1.118470038462760163e+00 1.193318385510797697e+01
1.683970256450958436e+00 1.188961306352638125e+01
4.385148274362246079e-01 1.228051939224031841e+01
2.088547239505571973e+00 1.163209181652152502e+01
1.252853967148580550e+00 1.184454548545702579e+01
5.092887752906848364e-01 1.217317687345692434e+01
5.169931023815493853e-01 1.207410857808730498e+01
5.363074705728757552e-01 1.204764852158791655e+01
5.312576300569187282e-01 1.208144171986142723e+01
1.895354267132494108e+00 1.139637019443010146e+01
1.372987349495397247e+00 1.171895740479040882e+01
8.951813935358986507e-01 1.200259147039438368e+01
4.341651470290207038e-01 1.239234040375172441e+01
2.089321787117012441e+00 1.189011657199844763e+01
1.249688793152198718e+00 1.174834990374597332e+01
1.234606793053298235e+00 1.181476570941552318e+01
3.736982634542195258e-01 1.274879789144225128e+01
4.324285288532853655e-01 1.247049199448644252e+01
6.816541544697066746e-01 1.184537414871400607e+01
7.117716520698077476e-01 1.184081652897824810e+01
8.453362645768099926e-01 1.187401265559519814e+01
6.956025795874052342e-01 1.188068820129464598e+01
4.550953355824508550e-01 1.234266079297718832e+01
1.584506607998416472e+00 1.171223611451867264e+01
1.896850503298841195e+00 1.182000859715271268e+01
1.843578201780705417e+00 1.200017074844516429e+01
8.198824799165204125e-01 1.173744038122765332e+01
5.406833418228130794e-01 1.213500359572882381e+01
3.865113596350449043e-01 1.258870077428469614e+01
8.985290195801264312e-01 1.186429409979211869e+01
5.938606578103651223e-01 1.202399613699405023e+01
4.282361731751969103e-01 1.257159316854444064e+01
1.923241248271715609e+00 1.208814200477856637e+01
1.456610591041280989e+00 1.159110792829307002e+01
1.568480530091653335e+00 1.199883355945734742e+01
1.236195648432658611e+00 1.170151735928667414e+01
4.193011779088115509e-01 1.243491043914972316e+01
6.199334105208712531e-01 1.193529595549303579e+01
6.410116146118988167e-01 1.199594167416326229e+01
5.469648643193422144e-01 1.180948318489880577e+01
7.141197675316911520e-01 1.168449931072057879e+01
1.066217231853773928e+00 1.181920108550539972e+01
1.574388195247069744e+00 1.191917065916941709e+01
4.712694997447195999e-01 1.205159246952744923e+01
6.458999197558994432e-01 1.184887771072777873e+01
1.458257025334240176e+00 1.188014578159892309e+01
6.604136651990776263e-01 1.197998080913397523e+01
1.208738031688548986e+00 1.182293728179348946e+01
9.939165440800662443e-01 1.179203828145360511e+01
1.317889665538455990e+00 1.189446303751054401e+01
1.584421573244997994e+00 1.196478137732649216e+01
4.475170904205627576e-01 1.238227296236807895e+01
1.308636855915008557e+00 1.182818017577707082e+01
5.905144085306908153e-01 1.180218342447697388e+01
3.022550278908476828e-01 1.337910104332815919e+01
4.390231168936903905e-01 1.208515334907063732e+01
5.681904712025772630e-01 1.189567799241771162e+01
3.064327312863274200e-01 1.330876679297174370e+01
3.652964291712257339e-01 1.257880778572270586e+01
1.725506948070641977e+00 1.183352116865776438e+01
7.348298611032548777e-01 1.159237548620457936e+01
2.089071297734315991e+00 1.158663366993508959e+01
1.718349343671813800e+00 1.208310150845360020e+01
1.543674559943344349e+00 1.218503267435067805e+01
1.106074413638000298e+00 1.202160726233949717e+01
3.180317710991855118e-01 1.333051033204929858e+01
5.990807871463482703e-01 1.194355193948297966e+01
1.299306771235541502e+00 1.173616799895155971e+01
1.680983917107465198e+00 1.171045324194393977e+01
1.457122899038394870e+00 1.192033638302926235e+01
3.325636310035741117e-01 1.317533118762916722e+01
3.470264930459460162e-01 1.317884734992332341e+01
7.947493680176884734e-01 1.185029833210380268e+01
1.981016918525601023e+00 1.168293362845311556e+01
1.893513130854656001e+00 1.189056662311275048e+01
8.270386768825627177e-01 1.193214785793410115e+01
1.930887784874923518e+00 1.199016172138787795e+01
1.965778873900999590e+00 1.179637294672961190e+01
1.017127898190420154e+00 1.211682401795302333e+01
1.580169990610856168e+00 1.173987230217436384e+01
9.662663416039182218e-01 1.170662024609275775e+01
1.562136276347901198e+00 1.176413916330658793e+01
5.217574554300991041e-01 1.243381764392054833e+01
1.051116504815850616e+00 1.188035937457554958e+01
3.338040440522864749e-01 1.295353194862601143e+01
2.094453223517776408e+00 1.213358374891276981e+01
1.564747813846007807e+00 1.191809794309482662e+01
2.080209314380736085e+00 1.140691116263186089e+01
1.221892724770366589e+00 1.207588445003072053e+01
3.540880121922609369e-01 1.300850581674598416e+01
1.826923588577208157e+00 1.219393262411087697e+01
3.205827025187203416e-01 1.302627960986792033e+01
1.618083156631559660e+00 1.199955217939253949e+01
1.938647264233487100e+00 1.174667909282249667e+01
6.047342048147090754e-01 1.202548325507711446e+01
1.941469729247518705e+00 1.178899181582660916e+01
2.080566517085612244e+00 1.173908821878477227e+01
5.487729244683711149e-01 1.167704303846547909e+01
1.443950655858621923e+00 1.192332393274840818e+01
3.641832156887502836e-01 1.264609929187523463e+01
8.944251238106238899e-01 1.183132694751692249e+01
1.851504337772693409e+00 1.178145024431374921e+01
1.401443001247915099e+00 1.177410159013163948e+01
1.385401648418882914e+00 1.175340973393363164e+01
1.331569343896565449e+00 1.182011662681886932e+01
1.015928343495626107e+00 1.164160033688663098e+01
3.842224142019968758e-01 1.290280985954026072e+01
3.465258596857997975e-01 1.284343368024488008e+01
3.500976649159442400e-01 1.272557100939390651e+01
1.541259732062926213e+00 1.211252290151728950e+01
1.667798429414007577e+00 1.186069270895704086e+01
2.001884704413255278e+00 1.229172928216254412e+01
1.610807604781905544e+00 1.196902383268189674e+01
3.452444507034235777e-01 1.290782392940917589e+01
5.945988544902488515e-01 1.225582775854702255e+01
7.775895255996045918e-01 1.193868939763104109e+01
1.131736258075144219e+00 1.183823157735034570e+01
2.002450826042213361e+00 1.143884317811965978e+01
1.006856870767181222e+00 1.192831699062638862e+01
3.496364325824421471e-01 1.287159494548225958e+01
2.026878381156702602e+00 1.155838418453007854e+01
2.007815207743069319e+00 1.168657333277912613e+01
3.514487872583491601e-01 1.267752946580153939e+01
1.579733346933453353e+00 1.164562238205870059e+01
1.976818886422851973e+00 1.193365568348407812e+01
9.567628200447609865e-01 1.192498329348240738e+01
1.607722361664311705e+00 1.209408720934652415e+01
4.526561307702229864e-01 1.213880087983762657e+01
3.258272097703365233e-01 1.294686919734698094e+01
6.973847803514272581e-01 1.189341129423008603e+01
6.152061262508882189e-01 1.197684327460114417e+01
1.969906279468579102e+00 1.211711234964671391e+01
1.231099015505957350e+00 1.198454218904050528e+01
1.319181216976280213e+00 1.191117437620873964e+01
1.501086479365810522e+00 1.176728912449133091e+01
1.627171225399761001e+00 1.211588570239972817e+01
6.870053843836804175e-01 1.188039128031001468e+01
3.482399326218565960e-01 1.311686374488271234e+01
1.089085988011653017e+00 1.161876944703746339e+01
1.890535056098269218e+00 1.186809028897783946e+01
7.209249399131650859e-01 1.165505045084246127e+01
1.911821993555001153e+00 1.139035855223398030e+01
6.655096474911879056e-01 1.184846764811813991e+01
1.547500448509142368e+00 1.150172407594035562e+01
1.892002136381878641e+00 1.149649721466271934e+01
1.701207371703165494e+00 1.177598697750844003e+01
1.992801670774440703e+00 1.173029046470910863e+01
1.186634312042727846e+00 1.191400653600827830e+01
6.734805583578413746e-01 1.158300594513426240e+01
6.749534200186737554e-01 1.190491561951396093e+01
7.032067841971145761e-01 1.202842104091504538e+01
4.738843813451734110e-01 1.238640710072069417e+01
1.866276570506025134e+00 1.149697870494434149e+01
1.073484546528090888e+00 1.190143148813862162e+01
1.572800238777435133e+00 1.212647470393556404e+01
1.989143038678184316e+00 1.135167606393997275e+01
5.063988398714983630e-01 1.188734733379432917e+01
5.973967838888575299e-01 1.175323922628850859e+01
7.137288369823052703e-01 1.155908535255479919e+01
2.848589233006176280e-01 1.345243133409172565e+01
3.523889593856487368e-01 1.269580851402368715e+01
1.539898314539408730e+00 1.180332323085111135e+01
1.461791428462307252e+00 1.187522936871332035e+01
5.489320510769907235e-01 1.190840486345060611e+01
2.039811859500476388e+00 1.120061305947352004e+01
3.686387427388084226e-01 1.263974822359868178e+01
3.369027777915475363e-01 1.287438361535579823e+01
5.188360671658984735e-01 1.209533436718182564e+01
1.674109551880513802e+00 1.209653605105507346e+01
1.703385458450319856e+00 1.188423752743484663e+01
1.148361036432473448e+00 1.170676667258901205e+01
1.428318121193080215e+00 1.207353634410498699e+01
4.159042735605501528e-01 1.256856910750234491e+01
7.522899736893069456e-01 1.180205900819024301e+01
1.970108502263096861e+00 1.221084864139660020e+01
1.959309085151540231e+00 1.203490043603532555e+01
1.939239031334013541e+00 1.168732298036533201e+01
6.462660765351782022e-01 1.213423633431897564e+01
6.996572509313797594e-01 1.187259127974271777e+01
7.458284953070809520e-01 1.171502626822041648e+01
1.019960349789520659e+00 1.185130260838580796e+01
5.664244809780759615e-01 1.191501577658713806e+01
1.523661166027599823e+00 1.193617651934495250e+01
1.029958632318122014e+00 1.171967303717933362e+01
1.698795827599678843e+00 1.192228727032383873e+01
1.159016239973017948e+00 1.211543048028828196e+01
3.972654578653087576e-01 1.247776002577457355e+01
4.797977207563071111e-01 1.211477379649455699e+01
6.540530109536935033e-01 1.188291554342858447e+01
3.325042332260779165e-01 1.316453229363845345e+01
6.417660371281606047e-01 1.212856843100478166e+01
6.161490377345378855e-01 1.176964154284452313e+01
1.512302953772310277e+00 1.191192650805037445e+01
2.000191336110916485e+00 1.212212099530461451e+01
1.184200522681193579e+00 1.164599313638543698e+01
1.804135088863302316e+00 1.184916092251162922e+01
6.789597150778817758e-01 1.181802192029380549e+01
1.031228714516327694e+00 1.195519081716909859e+01
5.203882273061419816e-01 1.239013154244604031e+01
1.107217530066466837e+00 1.181805141597715902e+01
1.741702858197014203e+00 1.174488836591877217e+01
1.817901989295114928e+00 1.182470055323237368e+01
1.664222768694487042e+00 1.187279338936932405e+01
5.281678084764932501e-01 1.226394419499646915e+01
1.208474249669134970e+00 1.187312588119999290e+01
5.852699392243483345e-01 1.231691527782240136e+01
1.078923174904220961e+00 1.177018102519865117e+01
1.810511860415961349e+00 1.186112374618409149e+01
9.174554802174745838e-01 1.193389362981045387e+01
5.041355735447395903e-01 1.193071536337567196e+01
4.580394286443961183e-01 1.210843683517706104e+01
1.893442761066520541e+00 1.155303043631389492e+01
1.816318115903259756e+00 1.211857592538993167e+01
7.850293003878895393e-01 1.169352954643773224e+01
1.937581568516721697e+00 1.203741745778602379e+01
1.050904578856278748e+00 1.189515584194071351e+01
1.714934487888694958e+00 1.187412588159684113e+01
4.477679278228966497e-01 1.235123409970725739e+01
1.420366758712011013e+00 1.153287041472559871e+01
1.611051448751930293e+00 1.183100847588734261e+01
1.262262826985234287e+00 1.173502189780263016e+01
1.121560722494663764e+00 1.195683820295575117e+01
2.041157044606989768e+00 1.199015279015447533e+01
1.928328110861437850e+00 1.184164228173948175e+01
4.784189107717701228e-01 1.203024697619818895e+01
1.436452791024348974e+00 1.188710452965102782e+01
4.333924509928059332e-01 1.238345329317161969e+01
1.765278343631548896e+00 1.198654657646308941e+01
2.087364217292585700e+00 1.164090709948864522e+01
6.380810340962840277e-01 1.179313194996998959e+01
1.741527889732583878e+00 1.217027228251005511e+01
3.735100548911544083e-01 1.268243386315096366e+01
8.435603156972907302e-01 1.172432086209575353e+01
3.689915955178272866e-01 1.271382545475474402e+01
1.504841464518845484e+00 1.159810113215702287e+01
3.279603010403104313e-01 1.293724006374746871e+01
3.267956628377026163e-01 1.325180146285504357e+01
3.261164036232616636e-01 1.325820550817208066e+01
2.026345275008954339e+00 1.181421564885245878e+01
1.030437963455107964e+00 1.179589208127442923e+01
1.168292189822683236e+00 1.163952597082970186e+01
1.492695882930894280e+00 1.194717130399218696e+01
3.120076511423635068e-01 1.335551002482294969e+01
6.355510890711975058e-01 1.189939380318673479e+01
9.311380438926080139e-01 1.171448654626352948e+01
1.287753641263396975e+00 1.181780610283658461e+01
4.303043050112154155e-01 1.194491404068265261e+01
8.978868986614697567e-01 1.166406056317835827e+01
2.752795622473431236e-01 1.361522417467973156e+01
2.011645191429614954e+00 1.133819823155154261e+01
1.507613795759860764e+00 1.176291811878316729e+01
9.759064081247644795e-01 1.189465780303983422e+01
1.795453419756300351e+00 1.166640750316598307e+01
8.091538210643350881e-01 1.209989187517007814e+01
1.845490675873937336e+00 1.151716371373130521e+01
3.577742500709408802e-01 1.281808698586313433e+01
1.961766267361297444e+00 1.185096816164933564e+01
3.224822512725307733e-01 1.295436996312321831e+01
1.496821746094488148e+00 1.198493955893541063e+01
6.072159871373767892e-01 1.188127091377866051e+01
1.444664651512993725e+00 1.163513457136325080e+01
4.841386558263100492e-01 1.200389178779984078e+01
2.898830479153393092e-01 1.354523230001890788e+01
7.603476842180193485e-01 1.179036990664565643e+01
6.678471467774507175e-01 1.198137742819832141e+01
5.617426422272538966e-01 1.188351490681718126e+01
1.954302814298798152e+00 1.190807238339953322e+01
4.853095371373312705e-01 1.224236485081052095e+01
8.507276011273513516e-01 1.175415928635381846e+01
1.804745739304874919e+00 1.192590830455934459e+01
1.985319155447462514e+00 1.146941172587268376e+01
2.175300563311358459e+00 1.195695190849875722e+01
3.816313307423894741e-01 1.233563861047228727e+01
1.710993572066854762e+00 1.198176525703018491e+01
2.068747649562798774e+00 1.216257772666227055e+01
7.101944977762542077e-01 1.173133307886224230e+01
1.674082982664002461e+00 1.201225833985629698e+01
1.335313183309936091e+00 1.214507567817999956e+01
8.846445542583326604e-01 1.178565887112285004e+01
6.538568738555333715e-01 1.193215788379841769e+01
6.025745544059363246e-01 1.214640547685513461e+01
6.701982458156772182e-01 1.163517152406308774e+01
1.411294496946585042e+00 1.176361398518032608e+01
5.853609521476451638e-01 1.185377424618432229e+01
1.435910769469132431e+00 1.189821772215146645e+01
1.328768849519700090e+00 1.176362842446556556e+01
6.341624846788566083e-01 1.181503773292077852e+01
3.178289114597291354e-01 1.333056123778122704e+01
3.249846126180300221e-01 1.331224243743365143e+01
6.622189721090075976e-01 1.212720987119727134e+01
1.297486358975449727e+00 1.179869364473713311e+01
1.924719890195056404e+00 1.177281141032975675e+01
1.481474195529906446e+00 1.201545253631198484e+01
2.215121997772633744e+00 1.161513684505038491e+01
5.614778405715930010e-01 1.185730596333761433e+01
3.333615829421312515e-01 1.292231941749790991e+01
4.644495316014849440e-01 1.195153190151330769e+01
4.380501476397252736e-01 1.219859560875932480e+01
4.604283165515580256e-01 1.238655000655720784e+01
1.122491073305009524e+00 1.189973916597314840e+01
9.031955465593278776e-01 1.177569003534941672e+01
7.840161370340227309e-01 1.180709726927918801e+01
1.698062872557287273e+00 1.143877703237557242e+01
6.589105715751013559e-01 1.178901361950201299e+01
1.183270208733516737e+00 1.182406831349413068e+01
5.553555640081838662e-01 1.184292679661387737e+01
2.918119503845748031e-01 1.351980633295481127e+01
1.747450034531042196e+00 1.156457827318831200e+01
9.913595099569405544e-01 1.184214943926881602e+01
1.532423596796367971e+00 1.216649663284360017e+01
6.304803121008939470e-01 1.193223234254508114e+01
3.290373357812236832e-01 1.301638301333422731e+01
6.949907618500341666e-01 1.204023182479024179e+01
1.682215863842341896e+00 1.212496494827769311e+01
1.871288082087555038e+00 1.186628934923629508e+01
9.063076179507337793e-01 1.177366803121235250e+01
3.595239698180713872e-01 1.260842481671342163e+01
6.265044680079780992e-01 1.184482351912410714e+01
1.124465963278104663e+00 1.198484454867431204e+01
1.305290923134271530e+00 1.199006389164180497e+01
1.290456466355792475e+00 1.193102814482297092e+01
8.874316599698469643e-01 1.184442143662261770e+01
9.231213748601058144e-01 1.193670665063619829e+01
1.697613258406402093e+00 1.171625670039784595e+01
1.373039458348200847e+00 1.205798861232218400e+01
3.261992253089923133e-01 1.298339366303294184e+01
2.007170052206601607e+00 1.196663958985503484e+01
8.677695438994000865e-01 1.193883691311297746e+01
1.780286136956840570e+00 1.216235365299569615e+01
1.858273364235354386e+00 1.166068119484209653e+01
4.900508802881880510e-01 1.223143657294474274e+01
3.867839002866048648e-01 1.278325296210944195e+01
1.227850083450030994e+00 1.192758186379553464e+01
2.871984974385744516e-01 1.337196838876863758e+01
1.762520916556340911e+00 1.195074600679550514e+01
1.725122317309362607e+00 1.190667129532454105e+01
6.423060617777741621e-01 1.216738185148478202e+01
4.086379791523295779e-01 1.229662919700756873e+01
5.305354230683112515e-01 1.188756246598588007e+01
9.687497915508921364e-01 1.182187250712203408e+01
2.774148174352878415e-01 1.355953024002886664e+01
3.525934146258812851e-01 1.282335558730783021e+01
2.071119156126367766e+00 1.163525319638374000e+01
1.746664583062988996e+00 1.187303265289646959e+01
7.714790703099927427e-01 1.182752187185261583e+01
9.123212496693177131e-01 1.165762663314140823e+01
3.613640916226028565e-01 1.268468432254780254e+01
4.469543316048134041e-01 1.208668111234658227e+01
2.090394844352543746e+00 1.163643712404897279e+01
3.440648021165191861e-01 1.264489691412853922e+01
2.004078781672380849e+00 1.176396757673622062e+01
3.393799259863502504e-01 1.269691050338916227e+01
2.176708716589474513e+00 1.152495895672987913e+01
3.528099956933766768e-01 1.248173412539160054e+01
1.495174952622794429e+00 1.196591899847568641e+01
2.000668030881979309e+00 1.197644402013208520e+01
1.644634804044032839e+00 1.194975098117195245e+01
3.323877514508296604e-01 1.276440319393570277e+01
1.625838594466354037e+00 1.186882244509556372e+01
2.052499952306129583e+00 1.124677104449872544e+01
1.972045465756074867e+00 1.216222040582999320e+01
7.232946694605455473e-01 1.165051978942667787e+01
2.986044685901439455e-01 1.339250490947631889e+01
1.286771833215170080e+00 1.166554077864539885e+01
3.836470610040664253e-01 1.275444043019358276e+01
1.157578837659809512e+00 1.184237779510962518e+01
5.488992406061388163e-01 1.203704982935902201e+01
1.478216792430042226e+00 1.200443869359559379e+01
5.990698209209116554e-01 1.179791811210827923e+01
1.028091386252702133e+00 1.171031928306421577e+01
7.703992543163447060e-01 1.160630929583246740e+01
1.933220958594611405e+00 1.145619303575057835e+01
3.582215606561400811e-01 1.268036729361396731e+01
7.080691216413783629e-01 1.169288358669435368e+01
3.880309899530473006e-01 1.235905417113558435e+01
6.053043283892173276e-01 1.177745919410571496e+01
2.027892204443022095e+00 1.205986549276886244e+01
1.274134956418277342e+00 1.180489993543935157e+01
1.887089319075218485e+00 1.205111494159583962e+01
1.703078762714662409e+00 1.178817913545534957e+01
6.083408490870785279e-01 1.167368628660317498e+01
3.626259899300366407e-01 1.246269767597168965e+01
1.528318635516991097e+00 1.210593930648449401e+01
2.017288286855887236e+00 1.124007555541848724e+01
1.945933883203877057e+00 1.169364640548149303e+01
1.379239889528592444e+00 1.194425508581106321e+01
5.428621230262576924e-01 1.185811239389336613e+01
1.056646943708361208e+00 1.169401006383831998e+01
1.265680479170229411e+00 1.164077218313065742e+01
7.976787089584226331e-01 1.204627333262581068e+01
4.220397021633696122e-01 1.242916434654193480e+01
1.199996630001448628e+00 1.161843250174053921e+01
1.606672364711350331e+00 1.198577069493241076e+01
4.129005860201069300e-01 1.241136463270408719e+01
3.094929296857176770e-01 1.329784005582913764e+01
3.513305522505367207e-01 1.283928582264098317e+01
4.048442130652226689e-01 1.254203389489907750e+01
5.734461476949699321e-01 1.174728480654147411e+01
1.764745536982955221e+00 1.202401656026695420e+01
1.591764976485400718e+00 1.187779858582324977e+01
2.054908628014945116e+00 1.191571286362856164e+01
1.866602507006289935e+00 1.198510062655619635e+01
1.750115047186112438e+00 1.218192229152030492e+01
2.091266503731627147e+00 1.196495333852592680e+01
1.924357596698671014e+00 1.186044074062589004e+01
1.830511243239931973e+00 1.197099855599093488e+01
4.774761205595527414e-01 1.206429382258247429e+01
1.950826531156265142e+00 1.173743792297566024e+01
1.167942459868468452e+00 1.192832191410781029e+01
2.026690709647285704e+00 1.186660690899532966e+01
4.371341421225100055e-01 1.195856692806570720e+01
1.920224273300418671e+00 1.201633011310084242e+01
2.702926035457599574e-01 1.390561061863856374e+01
7.365060036510648889e-01 1.168152303653755908e+01
1.438254828987961975e+00 1.169328795045910674e+01
1.119390280223190981e+00 1.176121556679945179e+01
1.678813816739338494e+00 1.209427368107959389e+01
1.944012053552514718e+00 1.203771943093940422e+01
1.618710177950209328e+00 1.207136045900250565e+01
9.551500997414120731e-01 1.203307278088636778e+01
1.780386636351638074e+00 1.162708365025677715e+01
5.920792855116777664e-01 1.218540811351962461e+01
1.901814020741487310e+00 1.169271021998262583e+01
1.945296962287116349e+00 1.177762332996266359e+01
2.106918306755936499e+00 1.158277880751115951e+01
1.253032433317594618e+00 1.170007815478633439e+01
7.701549010284607366e-01 1.169975807377270627e+01
1.345999672497179667e+00 1.182093827744673931e+01
1.086131435884333474e+00 1.182109120418432546e+01
3.014928710927462507e-01 1.322919961473371764e+01
1.022599690773915437e+00 1.184010198705284367e+01
3.400977625206124122e-01 1.305663794974243253e+01
6.193078992043570263e-01 1.175076000354229677e+01
1.182990211433199601e+00 1.191433236715472077e+01
2.103593967606239623e+00 1.182318651826052047e+01
1.904849352011228847e+00 1.189190471050851272e+01
1.689182976993090834e+00 1.199416724449137917e+01
9.595777956227927730e-01 1.187758120168997422e+01
1.179852150200309868e+00 1.198831924536495031e+01
1.808165321158941907e+00 1.183593120509184971e+01
4.191157913293412363e-01 1.263270973353317217e+01
1.890574923334595425e+00 1.194980709621980708e+01
1.465131080743482528e+00 1.178022022460761065e+01
8.968594137770896646e-01 1.164238193808682986e+01
3.029572407121505773e-01 1.364507176977959269e+01
1.821155716894612864e+00 1.187143665465595710e+01
6.527983379007930020e-01 1.203013237454802287e+01
1.897231816075807931e+00 1.179062235499423394e+01
6.371930007393888928e-01 1.199524332180527431e+01
4.641610890887631902e-01 1.255298834959947030e+01
1.938991384527763540e+00 1.184125967617655562e+01
1.397223371870294883e+00 1.183442790635362485e+01
1.266667518923400904e+00 1.186135739596161542e+01
2.093272460147701075e+00 1.134229567035200148e+01
1.903922195323443756e+00 1.170300239149910659e+01
1.976046005879295464e+00 1.186850886307604647e+01
4.915431395700688433e-01 1.188725500108092348e+01
7.948334697809007476e-01 1.195299384375146445e+01
2.045181572857190933e+00 1.151863111035200582e+01
1.330545190572513414e+00 1.188482571315072178e+01
1.125305447500122513e+00 1.166775931212010597e+01
2.040833831164040379e+00 1.180126944918708354e+01
1.970437904596736622e+00 1.190278416427180552e+01
9.069971247506634082e-01 1.178851958167658509e+01
1.220224624744266295e+00 1.189774754723203110e+01
1.742394513569063275e+00 1.201824826941627755e+01
1.014163691739491169e+00 1.168189796766248278e+01
5.391092272079387460e-01 1.182531222409300042e+01
1.194421379879847978e+00 1.209047339740320659e+01
1.965624483621529084e+00 1.176462339064341478e+01
8.447968184261361868e-01 1.181142241235315815e+01
1.015816651377521085e+00 1.182662079431999480e+01
6.356817526990846678e-01 1.170577924471066567e+01
1.730377164171842841e+00 1.181667560677889739e+01
1.231110130736508212e+00 1.195447448676527458e+01
4.577450090468916377e-01 1.226222871102565470e+01
2.000923627785348824e+00 1.191877807379070831e+01
2.994203940890194371e-01 1.306407073441896749e+01
4.031889219836264915e-01 1.252920913743271569e+01
1.693893203367063283e+00 1.192036981011718311e+01
6.699133512026764770e-01 1.193664225586406680e+01
7.104548169695429349e-01 1.210943799896964101e+01
1.611934071764883569e+00 1.154100492206919704e+01
1.920492694545000489e+00 1.171730282055246875e+01
9.361689224154973177e-01 1.157806207737430526e+01
9.515432948763519194e-01 1.199315314841910762e+01
1.954525593247259607e+00 1.199221136944460397e+01
1.976014661787812488e+00 1.189162884369735984e+01
