2.212556804585116055e+00 1.145019527345467303e+01
2.553742405453634401e+00 1.404611072298757790e+01
2.004026861207136356e+00 1.182034356470107639e+01
1.621088327985783284e+00 1.234901223867406905e+01
1.615175415438451667e+00 1.280441106215172198e+01
2.057793977963059628e+00 1.148328812745634941e+01
2.000131584798908069e+00 1.383643893799771796e+01
2.054602619840114830e+00 1.247861379924955472e+01
2.538662855854370015e+00 1.306505926161771391e+01
7.839982877757492030e-01 1.169051019646959233e+01
2.485916651486423046e+00 1.360570796731516552e+01
1.807508465185670765e+00 1.079450131173545557e+01
2.670863653602122856e+00 1.307204113762615449e+01
2.026277389022798303e+00 1.250868143546053268e+01
2.057272109616112399e+00 1.065068377996028559e+01
1.723717437516247841e+00 1.297876358154587528e+01
2.539678519598640882e+00 1.288495586743193755e+01
2.190045453383766105e+00 1.260263126736156458e+01
8.130096817532109776e-01 1.136191856927763055e+01
1.199514995869820355e+00 1.265608480299247418e+01
2.479362564717894735e+00 1.252001710151151137e+01
2.252096045692145942e+00 1.190879981779758801e+01
1.097223088846227101e+00 1.266314886047158694e+01
2.150926367917945559e+00 1.130334032653786558e+01
5.401557593125553280e-01 1.035515647001111184e+01
1.882049919363425472e+00 1.078399621097436345e+01
2.174820706245179647e+00 1.154809750754162145e+01
2.826644463392707252e+00 1.378758201353689472e+01
1.816467085646314317e+00 1.032440533218968248e+01
1.921077466719982807e+00 1.199696963054997312e+01
2.483697065330825460e+00 1.358865926511898437e+01
2.827700430732818404e+00 1.444631384991853196e+01
2.898498921017945484e+00 1.396633405746833567e+01
1.811124330014878714e+00 1.115768035405656633e+01
1.787745560650192855e+00 1.276132720488422123e+01
1.820314199759301754e+00 1.083578480220778673e+01
2.281972240650706141e+00 1.338793341710277218e+01
1.809870089862983145e+00 1.109177903733260173e+01
1.149066843991002784e+00 1.141960797535101690e+01
1.607909526060314898e+00 1.200201612122067729e+01
1.905065453143612642e+00 1.075489486237301229e+01
1.661430680605582078e+00 1.288399652788098848e+01
2.166337543161536150e+00 1.171564747520374183e+01
2.327557997826235958e+00 1.265256749160364258e+01
2.738209966739684642e+00 1.367755473842613867e+01
1.917594648597354734e+00 1.171712858217286879e+01
1.583791679308774736e+00 1.221910754964144452e+01
2.157415814095546391e+00 1.132994657665035199e+01
2.390214380474803946e+00 1.253773079631569409e+01
1.606607155635261241e+00 1.225863678392187950e+01
2.220931985594024383e+00 1.188622773506304320e+01
1.102509586902860717e+00 1.193365665388620300e+01
1.426262567555937277e+00 1.229430701885748434e+01
1.937094792043339675e+00 1.002155663807939234e+01
1.966765924449566993e+00 1.231353222741702957e+01
1.963416474503690612e+00 1.262078839283688048e+01
1.331699886730806304e+00 1.290765843244638589e+01
1.800434085445380195e+00 1.103170043711665116e+01
2.379978932275521153e+00 1.252061244628023573e+01
2.614841555138357254e+00 1.343224106990740196e+01
2.497125166180381495e+00 1.368314167546038718e+01
2.231101450503108374e+00 1.317092864350829728e+01
2.357508315769594631e+00 1.251346714307467245e+01
1.844226468386956252e+00 1.124765646139699449e+01
2.675328245299785301e+00 1.345938475150774849e+01
2.243297751137490081e+00 1.286775678156174685e+01
2.126480649043492654e+00 1.062676045956407478e+01
1.946015564547625143e+00 1.040160540966259717e+01
2.103472746676823935e+00 1.122414632983597649e+01
2.406277886505435060e+00 1.197414797499273220e+01
1.913129475064424989e+00 1.183241347913841324e+01
2.244907557840685630e+00 1.198433231457482329e+01
2.520094205268613941e+00 1.273360092513168240e+01
2.466555097274097275e+00 1.356258460221211237e+01
1.917106836304322437e+00 1.191788547662738296e+01
1.971644021474642905e+00 1.021562904370000169e+01
1.820425449337202517e+00 1.094992361061008879e+01
1.946979600626709939e+00 1.294929639769780927e+01
1.746562014587111022e+00 1.180438737144480399e+01
1.829131616389237935e+00 1.148531461069814164e+01
2.093503872321496040e+00 1.167012443030949065e+01
7.978565428863243492e-01 1.205509019791328384e+01
1.860087989903469019e+00 1.086550735222316533e+01
2.503450597921492271e+00 1.233819496807130101e+01
1.224017916467873279e+00 1.234851848465304869e+01
1.911489403835371137e+00 1.117303524865174680e+01
2.175764499944988994e+00 1.239223944599610583e+01
2.339698983376151009e+00 1.309564621197863943e+01
2.552393943868179971e+00 1.234731006285582922e+01
2.283843795588515579e+00 1.105492601861248758e+01
2.794981565807444834e+00 1.340785475039076680e+01
1.055392296992587742e+00 1.211635413743206691e+01
2.429863858409791355e+00 1.282522600305135541e+01
1.040793495110664102e+00 1.224935784114328996e+01
1.992650196599704771e+00 1.220150458655633052e+01
1.532940912261539390e+00 1.090574124770110487e+01
1.983679309431782833e+00 1.230891501330187765e+01
2.503004929529936362e+00 1.271858697479816236e+01
2.607756850059052667e+00 1.260496522872716696e+01
2.042570140706174264e+00 1.244022529927300447e+01
2.110348192119873012e+00 1.119730896791290320e+01
2.697221398788858249e+00 1.388319432072585968e+01
1.923311428847545690e+00 1.317259378703376349e+01
1.392913384135226584e+00 1.209317763727550243e+01
2.484366831614008397e+00 1.295282311159953004e+01
2.142344472097760910e+00 1.226586462018320312e+01
2.172040810940331745e+00 1.132496178753974903e+01
1.897072990645831680e+00 1.103519599190189560e+01
1.901338545119329204e+00 1.208296796723531408e+01
2.291874646686641537e+00 1.326063293696212853e+01
2.016830895258700185e+00 1.151932812314215759e+01
1.120411343181427100e+00 1.202097221997945375e+01
1.892324968509825789e+00 1.221454173789053854e+01
1.929419351052723330e+00 1.117532619419846363e+01
1.983928166281171190e+00 9.949975666387599560e+00
1.793695408131485758e+00 1.255623122325237873e+01
2.017265324584140984e+00 1.240772046134964768e+01
1.883660964248636605e+00 1.060716532328637740e+01
1.519929815485950408e+00 1.247514902182395424e+01
2.593550915344610353e+00 1.277927194157288326e+01
2.228549936663615227e+00 1.178432971113666206e+01
2.285703666375852983e+00 1.272148004559378087e+01
2.258443798208391140e+00 1.217602851746439896e+01
2.293859724550948886e+00 1.138374630175770719e+01
2.308117682199358978e+00 1.287704570447468910e+01
2.236200612088044437e+00 1.194064425796938522e+01
2.029892848759662805e+00 1.165615157036280891e+01
2.227354467614880651e+00 1.261030068190025233e+01
2.172571709542813423e+00 1.368437166192290100e+01
2.558327767015426968e+00 1.251997154643171939e+01
1.914540944164492497e+00 1.097854197679716570e+01
2.494643120553057258e+00 1.259215411802359341e+01
1.997127141023466113e+00 1.278555283367310835e+01
2.212582852476040696e+00 1.191949203503818744e+01
2.241982778961943090e+00 1.127617979541368953e+01
2.196007186402677558e+00 1.075354664617256262e+01
2.737876922239775634e+00 1.320590008750826527e+01
1.931493418643142723e+00 1.135574267394484416e+01
2.220839809915566399e+00 1.162949773127074593e+01
1.462680499398105960e+00 1.181856784904800151e+01
2.879999574122046990e+00 1.394698077821566784e+01
1.191382937732964553e+00 9.994002283000716247e+00
2.197549631037713613e+00 1.118159716628452749e+01
1.105656366078581199e+00 1.037701663456286738e+01
2.509031894820026309e+00 1.261541332535836446e+01
1.969885753998906086e+00 1.261186064888690339e+01
1.911412382430710322e+00 1.218433847329456832e+01
2.175191672437551293e+00 1.078937018063900943e+01
2.617580790527123558e+00 1.369234327317022881e+01
1.288377561752690470e+00 1.171855008567741585e+01
1.519546043266086333e+00 1.286061335102444581e+01
2.023159147142225223e+00 1.239943823393253197e+01
2.368488323479754243e+00 1.243729654515842675e+01
1.940832404840905356e+00 1.132277406541979659e+01
2.870168439644001701e+00 1.389465572704143881e+01
1.901413308020724946e+00 1.241938510890136982e+01
2.101330666181294937e+00 1.320832973231747332e+01
2.134220693899267829e+00 1.135762800866496036e+01
1.932113611869184844e+00 1.250772494975032956e+01
2.273976003597306672e+00 1.240382881530432790e+01
2.091563883145707514e+00 1.230891159979701044e+01
1.862349927703272678e+00 1.284648933019557937e+01
2.149830429171260882e+00 1.170450921415522494e+01
2.303052558351203594e+00 1.206334627292607742e+01
5.153208683136234480e-01 1.058344590909693927e+01
2.053939708533031538e+00 1.159406437283459113e+01
1.689938364835707363e+00 1.098934593753755351e+01
2.516520025199818544e+00 1.384147689160973549e+01
2.496704287248178389e+00 1.369385995689185265e+01
2.363756326140204145e+00 1.326445034613278651e+01
2.465729245917765766e+00 1.223859972515168337e+01
2.586535652746593250e+00 1.349324423370716808e+01
9.887186294129443054e-01 1.160384230251464999e+01
2.199684372520227971e+00 1.209393562045714354e+01
1.264591860097689091e+00 1.202293686920871707e+01
2.490778075317688689e+00 1.297208011378903336e+01
2.532190682460052855e+00 1.317163706252384614e+01
1.120370937643531795e+00 1.269558681060851768e+01
1.406173978257669432e+00 1.244229918408195168e+01
1.708186733857756101e+00 1.327432325672880253e+01
2.627218556402906469e+00 1.400330766242691460e+01
1.889742274382405940e+00 1.134384346264601717e+01
2.095617263051889445e+00 1.130827624956922861e+01
1.883984346308550606e+00 1.145796405444333743e+01
1.796429980728944331e+00 1.134778665444234846e+01
1.310750450068893569e+00 1.186036612287288960e+01
2.803843552423207264e+00 1.329628139716638557e+01
2.000897946268346050e+00 1.175662500990379300e+01
2.519024081904514212e+00 1.350430815121156414e+01
2.478666385685517781e+00 1.315485817642891320e+01
1.768290295239121290e+00 1.261713829593691827e+01
2.028117810099568707e+00 1.200324000528451229e+01
2.283742707628277913e+00 1.235258786872593184e+01
2.502356413366031873e+00 1.308117242385748291e+01
1.858147799854430238e+00 1.183079956110042552e+01
1.868226912645463589e+00 1.163861183343899697e+01
1.335709756783505897e+00 1.167787344709656949e+01
2.196335517625387368e+00 1.202529985015191549e+01
2.520547268920991346e+00 1.286107101057009494e+01
2.353182523348124722e+00 1.332992892313507838e+01
1.851795564209276934e+00 1.167163745732104196e+01
2.285226511378066760e+00 1.270318028605194982e+01
2.006866415392280167e+00 1.052110786199273740e+01
2.859692227427051758e+00 1.379836998820998240e+01
2.063629070079366912e+00 1.317063465333593975e+01
2.699259095228533134e+00 1.328716668410756085e+01
1.872731361185477450e+00 1.187130740349784652e+01
1.991592468019711681e+00 1.361816817876394659e+01
2.628474136920883719e+00 1.423737938538604908e+01
2.742864307656072587e+00 1.298527221759751527e+01
2.007363987720608201e+00 1.309068049238099007e+01
2.268037630821294837e+00 1.253226473391798734e+01
2.116834557958295004e+00 1.081986451987724962e+01
8.274033067598586255e-01 1.161400506900267438e+01
2.433790122553860513e+00 1.292639044396332082e+01
1.461150223623783662e+00 1.097589325759441614e+01
2.402207898005468412e+00 1.248078021075733446e+01
2.138734951077361224e+00 1.133417273504719347e+01
2.238594556525298707e+00 1.185359572039457987e+01
1.993199020171076974e+00 1.278320046151150002e+01
2.325681725278982537e+00 1.182830353458494876e+01
2.257046539716928368e+00 1.300353130740506380e+01
1.644310634984724961e+00 1.193239965647389944e+01
1.552489240527713310e+00 1.175301286349946928e+01
2.105279420897686826e+00 1.284962965629978981e+01
2.566671036997977495e+00 1.283116896773023718e+01
2.454408811460710105e+00 1.202525219458719263e+01
1.979838018538000233e+00 1.290403100676841142e+01
1.672288470700139085e+00 1.324585098361693980e+01
2.678492831166812582e+00 1.433076532678792070e+01
2.266628197255981192e+00 1.225712696875992869e+01
2.092865179004403497e+00 1.154559276546816982e+01
1.905278654467466692e+00 1.188570610681297346e+01
2.382238154982907474e+00 1.341958372627447282e+01
2.696089272411296367e+00 1.325411015194528908e+01
2.257857011431069871e+00 1.322504709416485902e+01
1.941916352478394225e+00 1.277067825864887318e+01
2.500816564700708344e+00 1.264669913870506690e+01
2.678283673583002678e+00 1.347313665723074294e+01
2.304285833382458293e+00 1.163009485913310748e+01
1.824436922516585291e+00 1.174769886733736435e+01
2.100625343955899726e+00 1.186087677225846626e+01
2.315892552228418388e+00 1.367502061749260100e+01
2.214720075339012606e+00 1.106464683502207791e+01
2.170100593816641776e+00 1.153353182481395045e+01
2.218433134090991743e+00 1.300851682356249484e+01
1.860054419243996060e+00 1.126227561709606029e+01
1.946297736538570966e+00 1.134902673231153969e+01
5.894222672655965445e-01 1.185412968960733870e+01
2.135018688417152699e+00 1.186218476302586922e+01
1.800257024000910144e+00 1.198665042502087807e+01
2.492629113512418115e+00 1.344684882733388775e+01
2.442295821368135833e+00 1.316907298637347523e+01
2.047211425436003651e+00 1.304349046941595702e+01
8.184417201949231169e-01 1.206675668774754762e+01
2.128388501436813129e+00 1.277532207131471687e+01
2.045008537555255135e+00 1.070691325865400501e+01
2.087720380381513419e+00 1.124289888499405166e+01
2.113294959881126811e+00 1.212539749974049563e+01
2.035493180613591857e+00 1.229841448923513347e+01
2.711804190765494837e+00 1.308080375466884071e+01
1.314675994327496156e+00 1.280709577428158852e+01
2.281849675463252236e+00 1.283009603438931734e+01
1.779226428158779960e+00 1.121415750696376179e+01
1.796448629189627111e+00 1.248442509106957310e+01
2.413636439037601278e+00 1.239983222250018358e+01
2.220597517557747924e+00 1.273796561544855521e+01
2.141743621438156886e+00 1.137191083101450850e+01
1.623928199432746133e+00 1.194295766407568671e+01
2.240501130996113144e+00 1.071542418136259300e+01
2.838443039414566549e+00 1.386310260882180856e+01
2.560073611770997903e+00 1.289392420076942081e+01
1.542997079178707986e+00 1.255334014955226785e+01
2.159349676749869662e+00 1.304451399052606853e+01
1.626248728443374425e+00 1.231803406520376143e+01
1.163321686466728400e+00 1.176829079399404421e+01
2.723381105506006428e+00 1.359713066310255059e+01
1.640855553507539977e+00 1.206374628991430420e+01
2.342078213472748693e+00 1.195141377944336902e+01
7.849040649359888544e-01 1.010797103042728473e+01
1.417420878801830986e+00 1.209465912653506336e+01
1.497169105026507463e+00 1.269111634318340087e+01
2.235200940323461172e+00 1.170201893292391127e+01
1.731064138176143574e+00 1.281837459729856299e+01
1.238286595537933188e+00 1.166366180987060552e+01
2.043881106486763688e+00 1.049943245437202322e+01
2.107802514855307230e+00 1.116459360344136620e+01
1.976441768450753145e+00 1.013631092208390427e+01
2.023852214383778048e+00 1.257653164611902596e+01
1.546528974574424176e+00 1.052893742430369173e+01
2.427101607200676803e+00 1.311845980960559999e+01
1.748324677270810756e+00 1.131565583494906946e+01
1.952374660893964275e+00 1.049093454861649377e+01
2.788189911169472346e+00 1.343023552221105632e+01
2.458363697467204734e+00 1.252544908029829784e+01
2.230504454117766322e+00 1.196664255906682861e+01
1.859760221900895516e+00 1.070934251812938598e+01
2.770305845369886999e+00 1.366416851197867466e+01
2.688297346834589874e+00 1.311606807179986234e+01
1.954998122879613165e+00 1.353168985062252005e+01
2.578138178302498584e+00 1.370204576357782855e+01
2.894622756289149113e+00 1.345115959008313311e+01
1.287622177681022384e+00 1.129719113799035846e+01
1.437345975717485125e+00 1.238635483028468620e+01
2.056681664369538698e+00 1.272610129320911909e+01
2.298671645872010671e+00 1.268859939459820119e+01
2.430818373568243818e+00 1.346169166305773501e+01
2.269038141026315181e+00 1.325522961758491114e+01
2.254556599191077648e+00 1.258800534896702494e+01
2.349090873331251217e+00 1.290093704594754342e+01
2.290385935095840431e+00 1.269315601755801382e+01
2.621469073638631020e+00 1.301401414542680079e+01
2.047051495958533529e+00 1.193170448553019902e+01
2.417671117412872217e+00 1.320140888819801894e+01
1.980355884799226862e+00 1.205125187290455457e+01
2.021976981720102096e+00 1.086581288906410059e+01
1.100654758840186709e+00 1.128982665314902789e+01
2.380202318564783592e+00 1.193089173100691447e+01
2.149670862778122249e+00 1.285216989066815785e+01
2.364312622685848631e+00 1.339982538308869842e+01
2.732052849370908643e+00 1.323934904410040936e+01
2.199668751910453413e+00 1.256788719509491692e+01
2.178062342610941560e+00 1.348118992940667127e+01
7.577044720267277489e-01 1.017164843147565989e+01
2.519378171252605991e+00 1.322689985349712494e+01
2.294572293450064748e+00 1.172566850662955495e+01
2.208882338059330319e+00 1.371440579658284165e+01
1.644189945620030846e+00 1.215569493492909992e+01
2.616637585502329610e+00 1.319845021163844478e+01
2.201877604385650944e+00 1.184044941529121786e+01
1.110867165323840666e+00 1.141902933533879150e+01
2.527120511236617073e+00 1.270607270694700475e+01
2.072900033291520838e+00 1.247074556283508251e+01
1.960887962925184080e+00 1.193020587346705774e+01
1.927352345141829515e+00 1.142113474844089538e+01
2.250253861116808807e+00 1.248110108604283219e+01
2.311634011006344025e+00 1.310496417398394264e+01
1.985016851662994242e+00 1.067413040572789029e+01
2.180188178910788643e+00 1.313974406799156291e+01
1.245265468127401576e+00 1.261125941571008902e+01
1.911435530548441397e+00 1.061555475456831132e+01
1.992648658306055642e+00 1.133523387643873193e+01
2.510901410481646501e+00 1.384916575983827158e+01
2.299085252513812794e+00 1.311863991277808061e+01
1.889258205495852661e+00 1.304951543219934429e+01
2.555500274008794204e+00 1.262311529921177922e+01
1.438926361386700048e+00 1.218319304682963811e+01
2.295445376246969538e+00 1.270223130423942060e+01
2.047130519958127781e+00 1.263699033388943960e+01
1.963300179125732514e+00 1.227828227348543422e+01
2.593958729921311157e+00 1.394664787729053224e+01
1.878200404060493600e+00 1.243771261200897449e+01
1.908779861002215972e+00 1.296516187779166884e+01
2.123648680101990482e+00 1.209939702742038214e+01
8.514231105114404841e-01 9.375633967909458022e+00
2.042120982997625678e+00 1.226467334327385750e+01
1.050350517634876413e+00 1.200757267923603777e+01
1.484556832187019948e+00 1.265963204439222878e+01
2.546994312699543350e+00 1.370285735999924803e+01
2.234923514593066596e+00 1.145200613568839110e+01
1.955912737964167869e+00 1.133739067165083902e+01
2.711165208252189540e+00 1.338981199925172660e+01
2.022369430144661084e+00 1.080403818952789941e+01
1.872865783760176095e+00 1.236344028678185936e+01
2.106696538247139205e+00 1.227480634265072723e+01
2.068502361516547428e+00 1.176993598205672775e+01
2.668604546350377138e+00 1.355657892718902069e+01
2.635357820811208729e+00 1.351463442417893290e+01
2.214259457775541673e+00 1.195120318095340473e+01
2.016181617818735727e+00 1.181268155972795064e+01
2.384331916474150770e+00 1.332356466127688677e+01
1.179012739845392899e+00 1.094165409596995708e+01
1.458099302738094627e+00 1.263432858431634997e+01
2.127816475401040464e+00 1.267759050219064498e+01
2.111481121055024168e+00 1.180957752938884298e+01
2.443129851896779225e+00 1.185089464427841577e+01
2.023446957353946196e+00 1.238805609729437585e+01
2.400664548844722024e+00 1.333383301553666911e+01
2.255271856403878949e+00 1.318609088270648400e+01
2.644104090960599507e+00 1.266000457639803223e+01
2.000670251236304154e+00 1.071593597822059962e+01
2.350878995354007017e+00 1.252825388130801976e+01
2.784982469253836079e+00 1.322181346175456973e+01
2.276888610954973746e+00 1.240674087182499008e+01
2.821536191896583112e+00 1.353032293775467387e+01
2.516555637665211176e+00 1.296026218767539362e+01
2.598725718146410291e+00 1.254113986434670203e+01
2.902362947238891433e+00 1.383446788708168107e+01
1.853084522744623985e+00 1.141466228333417021e+01
2.054662929384078573e+00 1.195677615009171824e+01
1.533586777848347626e+00 1.219137018897022884e+01
2.161951722886733318e+00 1.263566990678681812e+01
1.798151726344100254e+00 1.198003194384793524e+01
9.699795222131369909e-01 1.143520941339446750e+01
2.617830270391026559e+00 1.273592965418546719e+01
1.404175270427753697e+00 1.261177394695551612e+01
2.450564801577580720e+00 1.410347949952337920e+01
2.462961791211091267e+00 1.243434531312983182e+01
2.146508604148884558e+00 1.238123575798988618e+01
2.003850556475266664e+00 1.339560263310183785e+01
2.683477563777162178e+00 1.340644526888476662e+01
2.162823881874361032e+00 1.136265124204730625e+01
1.998481989755450661e+00 1.163275190537660997e+01
4.921766142907140762e-01 1.082857517595812169e+01
2.608090588935972232e+00 1.310958935733162711e+01
2.763379928964855292e+00 1.397860332937876393e+01
2.210654213894745812e+00 1.199058897969026205e+01
2.356334547667550350e+00 1.284425658911269608e+01
2.361050655231172968e+00 1.261224686794232319e+01
1.976934283752704857e+00 1.283044612033430099e+01
2.274147785511453357e+00 1.145181765138984886e+01
2.417449658899627707e+00 1.317431174366999436e+01
1.990701377621125978e+00 1.158555337784152250e+01
1.368430604958165819e+00 1.113071067343623533e+01
2.303184974965435838e+00 1.275180421039548406e+01
2.377461912684131651e+00 1.301695678692613889e+01
2.587662682273580650e+00 1.264409253603425576e+01
2.580515332270723494e+00 1.319026809743311901e+01
2.257563248810920520e+00 1.131207531542843370e+01
1.790678710869375356e+00 1.235779239191306367e+01
2.140921824059188516e+00 1.192002673227622367e+01
1.231905951787073183e+00 1.183682724867091984e+01
2.747546091075285801e+00 1.332874350512649819e+01
1.856715972905878198e+00 1.157764651036594117e+01
1.089464486525662856e+00 1.271295143914043280e+01
1.780500403003201670e+00 1.268545154627449101e+01
2.149346174189693759e+00 1.083881970137670336e+01
2.476519950952777105e+00 1.231979828551278366e+01
2.614118489112524202e+00 1.378590675721335934e+01
1.959980293319765865e+00 1.146022315771847566e+01
2.144468875710412448e+00 1.171488643388610384e+01
2.395433860826812200e+00 1.219660478861250752e+01
2.544285533830338508e+00 1.275143100581390065e+01
1.373779009585282873e+00 1.167759453138662984e+01
2.743891137498466470e+00 1.341192572610753153e+01
2.090867719141159764e+00 1.057164878361406046e+01
1.423163401140785211e+00 1.101278264112030669e+01
2.763322019179208944e+00 1.308021729254770271e+01
2.212291217887109251e+00 1.217020293439717094e+01
2.094195593385602905e+00 1.283705123243599466e+01
1.412958898421552201e+00 1.163544789920009137e+01
2.284318414023147614e+00 1.234648622510961502e+01
7.696369879269788772e-01 1.023799446921945488e+01
2.443668878331280325e+00 1.255186780775422939e+01
1.628543069940131094e+00 1.116459297508778725e+01
2.225934953582415332e+00 1.240335187049749521e+01
2.354664204214819812e+00 1.384184171274731412e+01
2.426470637257725382e+00 1.264836408074476459e+01
2.389608379085488288e+00 1.264411565814802607e+01
1.933905647593508803e+00 1.341824445924650711e+01
2.453226599331916002e+00 1.287525262343455168e+01
1.656539069079441262e+00 1.219982963771325046e+01
2.130678200555318647e+00 1.195896527735449411e+01
1.839052961399466835e+00 1.196828221297390904e+01
1.749192565053977910e+00 1.164233436298203017e+01
1.980778719753368167e+00 1.143981644110965767e+01
2.665904514505940792e+00 1.352918451140265610e+01
2.331756068660591374e+00 1.225749751828424117e+01
2.631123954879306392e+00 1.335253746801049068e+01
2.486158077218755036e+00 1.375718133880626404e+01
1.383136432304324037e+00 1.053811001527951774e+01
1.670732751472609801e+00 1.118118490246462393e+01
2.146822994140862306e+00 1.288642123535410988e+01
2.306078840654199880e+00 1.267370850302618734e+01
4.355798962925910844e-01 1.001532405541362181e+01
2.427828213020225778e+00 1.347352591660042442e+01
1.989240722888057755e+00 1.069711988492920440e+01
2.007162634824434910e+00 1.029119396094677796e+01
1.192372275723135866e+00 1.190005929548729746e+01
2.220991516830984391e+00 1.410249690588206128e+01
2.185677448283501079e+00 1.178096911640637856e+01
1.910938468364311360e+00 1.144093807144656338e+01
2.375483057620834781e+00 1.174148866543916547e+01
1.931100636009860594e+00 1.238188958136490392e+01
1.206510756401998341e+00 1.164384810693256078e+01
2.118976382076161347e+00 1.166724939671752992e+01
2.038287044083895161e+00 1.322327818912823716e+01
2.412186694583685842e+00 1.313666956624302351e+01
2.593399803231110301e+00 1.341046649724276563e+01
2.737249644365622903e+00 1.341663111641547701e+01
1.961508664272344271e+00 1.104893696511624768e+01
2.413954231456880262e+00 1.261797135352800048e+01
2.279742376338811383e+00 1.295547145331901895e+01
1.453279608699851178e+00 1.283504612468335715e+01
2.605122967892344210e+00 1.281564219611775357e+01
2.438817983511691878e+00 1.351841904307478792e+01
1.568477188642698472e+00 1.157495962051632077e+01
2.570745530501130638e+00 1.256981676325029973e+01
2.013397731927506040e+00 1.107267804151070756e+01
2.458366065598117434e+00 1.225295378924819900e+01
2.530274955320047869e+00 1.301374997903585751e+01
2.243299654966417034e+00 1.122343973624202818e+01
2.216425989782273120e+00 1.144180101433052954e+01
2.476219665084717469e+00 1.253699825397961476e+01
2.610852038836810607e+00 1.354015687707440918e+01
2.004550746368313430e+00 1.213388939348492457e+01
1.664146191315518664e+00 1.232176695938516886e+01
1.152568074482810401e+00 1.167958320366726888e+01
2.861778033238647545e+00 1.357148136635017543e+01
1.875212570698620018e+00 1.356300218234274979e+01
1.925085141791092802e+00 1.191292078031598756e+01
2.651834139877011776e+00 1.290981793751493356e+01
1.830670769968280709e+00 1.077928514478054112e+01
2.492183203481663778e+00 1.235609868063093941e+01
2.579278470809599710e+00 1.302971861892906169e+01
1.950127517990035031e+00 1.177393181973081226e+01
2.483458247762791782e+00 1.238691584631162534e+01
2.807851505929155778e+00 1.354206249329935474e+01
7.532189178668061702e-01 1.209239843926835789e+01
1.631070986860273742e+00 1.168596158194965362e+01
9.356126764630011694e-01 1.231793672179008681e+01
2.175550516815301538e+00 1.133911302253865472e+01
2.036802068318124270e+00 1.133703805861605574e+01
1.755310892898254815e+00 1.333302202971326444e+01
2.604063344912426192e+00 1.351494564478558935e+01
2.452145787630620966e+00 1.272903911976777103e+01
1.620556039751195776e+00 1.111469986935414411e+01
2.157852262970909152e+00 1.071028273970479461e+01
2.169455676048401838e+00 1.205065129190449902e+01
2.099784826595829212e+00 1.115078162264317108e+01
2.095154949205052297e+00 1.258683457885380541e+01
2.012802352185620425e+00 1.208398794017414168e+01
2.011321794424795417e+00 1.174623444145392348e+01
2.473160194989464600e+00 1.258677382662841282e+01
2.108990713454580668e+00 1.075691588558048650e+01
2.218859569434864287e+00 1.243433964718306406e+01
2.788944083554216302e+00 1.343895879163285301e+01
2.143759829149998186e+00 1.183753321678455706e+01
2.418132552196501805e+00 1.253450024770999605e+01
2.565563519596164799e+00 1.342111189403258997e+01
1.785720358548548825e+00 1.256464317757265192e+01
2.507442411501203505e+00 1.277994286108218347e+01
2.202598840227429022e+00 1.190111459508139191e+01
2.169039985067404697e+00 1.245255624568557984e+01
1.856413740693215964e+00 1.267071591191793800e+01
2.746556709509251348e+00 1.320834518707057015e+01
2.647509672431431760e+00 1.265370496243166087e+01
2.474533433469129129e+00 1.318808183432274106e+01
2.329707784594071018e+00 1.293073453636583814e+01
2.375726117568584428e+00 1.405460582365056510e+01
2.662653705213363864e+00 1.337539328632822944e+01
1.841404525375123891e+00 1.157288553443097889e+01
1.717557293209336589e+00 1.286843673005894217e+01
1.766008896123591576e+00 1.215646529226084915e+01
2.421464130614860100e+00 1.147144103365882550e+01
2.513572292549571152e+00 1.319283148588382915e+01
2.045929793788383133e+00 1.162214067352426028e+01
1.074150685280816031e+00 1.154121777863794307e+01
2.156777634612306205e+00 1.324886978531067072e+01
2.284778893243229358e+00 1.269012251579958317e+01
1.714953294986652832e+00 1.155334072011726754e+01
2.531768497488286140e+00 1.315646281256523231e+01
2.247385617510031075e+00 1.263042812444870400e+01
2.178794148106850681e+00 1.128953520232727037e+01
2.324491538743947316e+00 1.219635769754427557e+01
1.253620560442288978e+00 1.159207017480424895e+01
1.923674570385096594e+00 1.185175588639834920e+01
2.543276137470302789e+00 1.367515970455173324e+01
2.550177373846100437e+00 1.322028189342237070e+01
2.502976958264962803e+00 1.284067581155740712e+01
2.635260772878083024e+00 1.319448029152419011e+01
2.210345234321707153e+00 1.167303245004205081e+01
2.440726520828019108e+00 1.305067103812587881e+01
2.718650065430140206e+00 1.313756372078102963e+01
2.421953467878827482e+00 1.275631719379914664e+01
2.503260434953651803e+00 1.297619650680069725e+01
2.444540381932038375e+00 1.321471276728964206e+01
1.974646483679559195e+00 1.331770792618609001e+01
1.978106504133294585e+00 1.237874802232429161e+01
2.278774919774153584e+00 1.192428275939955462e+01
2.278312665014871730e+00 1.335632550533749630e+01
2.251330580669057113e+00 1.261768139358273544e+01
1.739714910124514846e+00 1.168338883967446407e+01
1.830537872395120891e+00 1.182855738959440295e+01
1.886181405991379290e+00 1.124024271036187272e+01
2.354549534282243339e+00 1.158720939750776324e+01
2.054234246045146595e+00 1.136302237142641758e+01
1.149117437085470206e+00 1.211530546150722110e+01
2.573960181603341280e+00 1.277466661011694704e+01
1.460912485622825718e+00 1.084452439038261851e+01
1.137267078340814530e+00 1.170644134828972582e+01
2.205954089502764504e+00 1.174313009191269686e+01
2.503742623347668506e+00 1.308661257441481496e+01
2.294512531119046628e+00 1.214591609621255230e+01
2.146747110458765651e+00 1.280525431383564339e+01
2.204856197993230182e+00 1.230580936109459422e+01
2.783452143745527962e+00 1.299018471979470490e+01
1.966307767647178739e+00 1.080335955312934004e+01
1.776316472645883993e+00 1.207659050408578416e+01
2.079585403710369373e+00 1.173996198385601453e+01
1.790536203185623787e+00 1.095371392443526126e+01
2.210915500039547954e+00 1.241391153420967441e+01
1.454929573288101130e+00 1.262861052088033098e+01
1.690810853912468215e+00 1.206045023390596249e+01
2.286880595830090179e+00 1.288021405866967051e+01
2.071638197691057837e+00 1.113758673339466831e+01
2.592925530126184874e+00 1.234726909580578535e+01
2.273452517524592320e+00 1.142720113684528194e+01
2.052138996078451960e+00 1.174339071799857770e+01
1.804564038196271314e+00 1.268050603848516467e+01
2.382422718116654625e+00 1.210777476077619852e+01
2.325213626745468609e+00 1.209444500064668304e+01
1.579853072473194953e+00 1.150245225781752012e+01
2.381409839143739493e+00 1.247697979509357857e+01
1.686638743872958646e+00 1.295751797160384200e+01
8.425815628643406052e-01 1.127039790109765782e+01
2.617965371661861163e+00 1.333682010804128204e+01
1.150017677342865197e+00 1.135250372886642367e+01
2.329891232991430083e+00 1.241189707258534547e+01
2.364455089426261925e+00 1.309277775699561452e+01
2.455022778206973566e+00 1.280510395128970558e+01
1.308781032033927039e+00 1.122674566024293696e+01
1.613687641123180638e+00 1.205977736698376646e+01
2.694266487991292536e+00 1.283336601426914569e+01
2.525242310598390993e+00 1.196096624896423677e+01
2.515441069004156205e+00 1.353582274390462814e+01
2.497664050052054385e+00 1.222749330473105722e+01
2.204155381774680400e+00 1.154141482459785628e+01
2.098807582532672189e+00 1.162390706354806191e+01
2.258905216672589589e+00 1.233015236404117410e+01
2.089375925515158272e+00 1.286979442750331692e+01
2.504440585705599354e+00 1.201276801153837326e+01
1.896053407427763737e+00 1.195797420735202898e+01
2.201697787076458024e+00 1.188466496502342373e+01
1.159512867937467995e+00 1.195456499635760395e+01
2.035872157596344767e+00 1.149558985053888804e+01
2.489369567660047800e+00 1.326621856990146853e+01
2.270386379912640251e+00 1.386584952720101427e+01
2.230925729342298602e+00 1.088405925434889987e+01
1.569084735444556733e+00 1.190980966901296689e+01
2.153534123172186732e+00 1.166376698722345573e+01
2.312521682349218732e+00 1.298490065020446949e+01
2.229829559061753397e+00 1.314858756809265827e+01
2.223644627027677956e+00 1.197991518466740146e+01
1.952755771426379905e+00 1.136911245047757646e+01
1.271890158340567734e+00 1.139085345994543097e+01
1.954951286407825117e+00 1.336796203526599136e+01
1.880548791352437021e+00 1.205081720329513395e+01
2.503011052494903854e+00 1.277735806111845207e+01
1.782720101272501134e+00 1.221273923910476533e+01
2.841989477536002617e+00 1.331611464674196021e+01
2.043371899996879737e+00 1.240202948903740854e+01
1.376112830450949343e+00 1.137163681974624296e+01
2.496669664976924885e+00 1.240260154526063197e+01
2.570576216502596267e+00 1.326988616044026514e+01
1.068461996064180797e+00 1.113015814598382214e+01
1.625686202861017726e+00 1.127764286871460442e+01
2.450949694593060446e+00 1.326900771220957687e+01
2.244366485428362701e+00 1.251519610351686218e+01
1.980455234307761936e+00 1.090439662545627364e+01
1.945906769387298008e+00 1.228792309544050632e+01
2.061337382781819549e+00 1.045170057539420938e+01
1.782434081345424914e+00 1.306824354293115675e+01
1.808680471096395292e+00 1.249747717549507975e+01
1.637257327621346237e+00 1.226452390041846030e+01
1.840979143143992136e+00 1.284725286312274939e+01
2.108105959779060345e+00 1.127771330659712490e+01
2.575051028853394985e+00 1.234647563255058778e+01
1.800360189865687355e+00 1.234430444909694558e+01
1.799961368889975377e+00 1.259814812426732900e+01
9.702967567633321577e-01 1.188721472158739090e+01
2.536833191444185509e+00 1.271179632673234039e+01
1.377834901133182521e+00 1.221375112995442258e+01
2.204700595521548845e+00 1.164595520056849054e+01
1.000405930779373564e+00 1.141095694221959533e+01
2.012827341919483981e+00 1.115167204978764559e+01
2.473295503170683141e+00 1.305306231643453074e+01
2.093347344497393792e+00 1.238384369151253672e+01
1.795662813865360308e+00 1.126839098834659225e+01
2.497255327582280859e+00 1.378878678009189862e+01
2.195275188204294903e+00 1.295463509708175032e+01
1.871668568194849280e+00 1.075654128930192677e+01
1.995926763573048213e+00 1.286812818768781419e+01
2.639293180971337804e+00 1.333004024937803855e+01
2.497999462366314205e+00 1.305857203158010194e+01
1.734526911610840827e+00 1.178995460648914495e+01
2.559036797098037219e+00 1.312829363424511619e+01
2.059320110613072519e+00 1.338006440956164766e+01
1.200616502077205716e+00 1.150582568101998859e+01
2.282536795213522485e+00 1.392121874011198734e+01
1.945718833003115877e+00 1.221605649584314257e+01
2.192567802960777357e+00 1.151531636418719984e+01
2.042281285693690052e+00 1.205018564853502205e+01
1.750689181786714732e+00 1.329952714494497990e+01
2.358036177501394715e+00 1.215570232076035495e+01
2.366226620578931072e+00 1.305360790362350798e+01
1.914699139757699120e+00 1.259465413120918598e+01
2.665297259557811049e+00 1.313718272228957318e+01
1.307077506590328175e+00 1.233061914470393639e+01
2.003730364893742344e+00 1.287986937012807687e+01
2.659114617640196521e+00 1.322163569584908416e+01
2.422591771063519417e+00 1.241164979022945758e+01
2.302578371459425455e+00 1.364730391718796376e+01
1.999896012896764663e+00 1.129670475666350704e+01
1.882355611101290904e+00 1.313226026953173609e+01
1.893451616924058722e+00 1.184123822386043834e+01
2.158177598300826450e+00 1.146531948983768956e+01
2.558874691029866533e+00 1.317271704041536928e+01
2.882286555736754963e+00 1.350663399276793974e+01
2.161170493722288199e+00 1.094888229482783082e+01
2.056234884478607139e+00 1.318584533743903187e+01
2.454987510482553148e+00 1.323750039560175296e+01
2.494187571323010388e+00 1.181802487504633525e+01
2.191141837976204876e+00 1.275632122759969356e+01
2.266658003130888055e+00 1.316367250738596972e+01
1.425024041615602144e+00 1.125109305110838243e+01
1.997069065028093782e+00 1.229878605154121018e+01
1.515391593581453034e+00 1.195221943406605902e+01
2.216046502298071541e+00 1.085454755728818199e+01
2.273775336979471096e+00 1.223573383873918630e+01
2.235660874803255371e+00 1.252523738167266210e+01
2.299400445503474888e+00 1.262261281427119108e+01
2.492771654983945595e+00 1.272009448183594493e+01
2.413653110614853325e+00 1.304313354566579619e+01
2.016337878987600529e+00 1.111737094762621503e+01
2.046159812468501649e+00 1.217363083465418327e+01
2.453636007709620426e+00 1.263666010223281866e+01
2.344077691174462963e+00 1.205006832630544267e+01
1.042540333506630557e+00 1.183923015754812091e+01
2.499801532382946778e+00 1.182931711922674900e+01
2.273864886243209149e+00 1.285289481616199936e+01
2.109725180280536794e+00 1.044094015965368527e+01
2.211701354177045609e+00 1.364744409195429853e+01
2.748930645008879292e+00 1.372516408951988254e+01
2.682567763150409235e+00 1.251706839949547501e+01
1.869843353281125165e+00 1.178007052559892820e+01
2.058924717319053688e+00 1.126121348365289343e+01
8.474943541540587155e-01 1.035080647485500194e+01
2.099176106196749991e+00 1.258491163914558442e+01
2.581829813143236230e+00 1.304179662018423613e+01
1.834585010652254544e+00 1.253464273032579079e+01
2.360320506749204572e+00 1.320697176009353413e+01
2.138065369394229087e+00 1.307569927467787352e+01
2.112687665871008313e+00 1.269786914639015230e+01
2.201378559261907064e+00 1.382947029820264362e+01
2.691598917879570507e+00 1.300592226650497452e+01
1.150083904204027840e+00 1.154393673958033339e+01
2.474657826594562682e+00 1.264154449522771451e+01
1.956847599067395693e+00 1.363109415312445272e+01
2.310060116045058454e+00 1.269898490033868654e+01
1.966735156397960704e+00 1.057237891387315010e+01
2.203169452693754859e+00 1.159286427029926259e+01
2.282405510116740643e+00 1.264464965393801954e+01
2.060254923723490172e+00 1.258684055309745986e+01
1.585204146340600140e+00 1.139840653244870694e+01
2.465250551959189629e+00 1.283827031321614065e+01
2.458513139689380012e+00 1.276106277485399509e+01
2.479062307152789746e+00 1.289665159995245958e+01
2.478920124488554144e+00 1.271300482906627316e+01
1.846733737061459379e+00 1.114853914031789905e+01
1.275268698333825057e+00 1.097704864244373546e+01
2.247675315671953555e+00 1.181791685992424057e+01
2.479284219526285415e+00 1.308129280880001133e+01
2.573020034683929591e+00 1.246790244339930531e+01
1.938640596769793722e+00 1.162458714621855371e+01
2.532442291117622979e+00 1.263186701773613407e+01
2.621465666903755931e+00 1.274984763580137859e+01
1.992911667254115171e+00 1.215012746575942693e+01
9.949396495865771017e-01 1.186902896575482735e+01
6.213324555260542059e-01 1.008403170373638780e+01
2.664188079650635643e+00 1.365585756746988721e+01
2.382319166687010270e+00 1.283310805897351869e+01
2.390544939947361502e+00 1.189181578555685448e+01
2.287993794004008485e+00 1.332293578080354024e+01
2.235366618849280673e+00 1.087384422327239619e+01
1.742733894778504711e+00 1.251718177880344207e+01
2.421549294005060471e+00 1.342072017302695208e+01
1.991788121474004747e+00 1.187652071460830072e+01
7.173088330947137159e-01 9.231234173045313796e+00
2.319060548260289956e+00 1.312468580822573294e+01
1.944971909586550529e+00 1.085698395464524246e+01
2.186867874928370536e+00 1.109915939087830239e+01
2.945804995995508602e+00 1.370183229933715019e+01
2.377745377698509355e+00 1.313377833553858842e+01
8.513378788137014874e-01 1.100996519435615895e+01
2.363251635371941273e+00 1.273191908035811437e+01
2.753260315050615414e+00 1.374951549783660276e+01
1.813685143251100751e+00 1.194809370675991289e+01
2.090295666881782033e+00 1.157524419284424511e+01
2.234278732619078056e+00 1.150958928893209254e+01
1.889372972528617467e+00 1.310920182053068572e+01
1.753058478569762046e+00 1.138459997733528439e+01
1.806262598021810550e+00 1.181920397249361443e+01
2.256666108273492011e+00 1.137863099737415773e+01
2.100157829537671716e+00 1.261629733447646906e+01
1.609752004744720910e+00 1.235171300038441800e+01
1.891238405036557158e+00 1.312383310380485391e+01
2.483587547583528288e+00 1.321377939578268190e+01
2.421007941007920383e+00 1.236643512553345481e+01
2.231944505282719593e+00 1.203608615848142804e+01
6.519220364065819728e-01 1.106320298502360444e+01
3.976696490524594951e-01 9.619495476298483894e+00
1.983071160319860970e+00 1.230340371161882373e+01
2.226935150344331760e+00 1.133052357218557660e+01
2.066992044083827196e+00 1.179500699769431726e+01
1.775033834242852437e+00 1.085921035834176429e+01
2.206127702099156540e+00 1.241678316249621616e+01
2.595190026005940620e+00 1.426402281883033218e+01
2.769891088623177122e+00 1.356766444177190145e+01
2.067913165320287572e+00 1.185885742469423398e+01
2.225753293814709544e+00 1.218611710050675612e+01
1.849519553790258675e+00 1.258370762544472043e+01
2.238119545205050631e+00 1.230226384733547285e+01
1.183297821520477688e+00 1.085805799092982582e+01
1.631666048403718650e+00 1.192533397927340388e+01
2.140264936432868303e+00 1.299530696888371573e+01
1.928056327120948543e+00 1.133854905106319322e+01
1.861001433123846249e+00 1.231193838389714479e+01
2.095091439842672987e+00 1.147110178456497565e+01
1.884702485928809068e+00 1.177137742134287102e+01
1.873727692697687131e+00 1.226018115400987440e+01
1.662030871262896170e+00 1.235698082122477715e+01
2.765238982484291341e+00 1.352419371255034974e+01
2.086205394206540831e+00 1.316868865533724353e+01
2.159532309824818697e+00 1.241989087420241056e+01
2.058862580718705093e+00 1.218246245943031525e+01
1.984455437999880223e+00 1.235635247750368393e+01
1.916137003074862122e+00 1.155904930383952767e+01
2.322398492429823325e+00 1.218282962730548746e+01
2.204611845259770497e+00 1.302428703853291303e+01
2.440915237502394142e+00 1.297499985042788140e+01
2.274288566652513222e+00 1.273863650418167737e+01
1.488175278905053744e+00 1.216495903545096091e+01
2.293852338102064348e+00 1.259283533392583720e+01
2.263371026782090123e+00 1.166443662263218251e+01
2.058522507123913048e+00 1.115666702571895286e+01
1.721262634652625190e+00 1.146924290058267104e+01
2.281542446195192309e+00 1.210946899967824564e+01
2.394143178022634544e+00 1.263460185538569647e+01
2.245250066292268531e+00 1.255445639097413491e+01
1.480761163950000237e+00 1.251906045193119432e+01
2.219215808696938907e+00 1.152063889524277762e+01
2.441274821520718508e+00 1.288026184983132261e+01
2.225684104188550450e+00 1.218921974870869107e+01
2.000548489977643118e+00 1.102481674550830881e+01
1.411221186537261696e+00 1.232934999992915870e+01
2.150422596025026056e+00 1.223958966858814712e+01
1.796810511623393447e+00 1.215284327129328013e+01
1.890324825539404063e+00 1.123640259060112001e+01
2.414031270340254665e+00 1.281032915356594160e+01
2.527201717483107402e+00 1.321464812428217783e+01
1.451449379477777413e+00 1.301561173941217753e+01
1.940116157538993580e+00 1.048939788748488056e+01
2.172240192979683293e+00 1.146125932467948338e+01
1.816718185956097464e+00 1.116586037036624113e+01
2.027838235217770180e+00 1.220354570507938519e+01
2.187373021883456392e+00 1.242533122568853621e+01
9.309621997269565963e-01 1.108996628089560410e+01
2.139767080264978638e+00 1.272852999039403343e+01
1.621211210832175009e+00 1.238682736100390613e+01
2.133763606236374510e+00 1.181632807134616492e+01
2.263651176738580517e+00 1.086673524880587038e+01
2.232874302497049435e+00 1.326449006948332610e+01
1.683151110746767598e+00 1.265473114944333943e+01
2.165268333203369089e+00 1.246978043032855332e+01
1.726988816825318462e+00 1.250609774477355884e+01
1.873828717672939792e+00 1.170923280403208189e+01
2.578923469579853744e+00 1.292021401438195305e+01
2.238130933294748548e+00 1.228032943907413177e+01
1.292861553397894214e+00 1.214163794984851563e+01
1.875312030991200141e+00 1.247374018149480612e+01
2.537635931017835578e+00 1.316612270481753555e+01
2.086232175885575302e+00 1.196259861404000979e+01
2.018846501966898632e+00 1.172591612824500551e+01
2.135716903721806226e+00 1.194733246956224804e+01
2.066241758275831675e+00 1.081714589931385540e+01
2.161293824829275678e+00 1.190303125904645576e+01
2.450566520450440322e+00 1.322426975059783949e+01
1.511968919612289630e+00 1.281139367509894811e+01
1.447533555515060133e+00 1.182333388435089105e+01
2.168534441620987518e+00 1.303012922281632235e+01
2.674352614770353576e+00 1.294096184470853750e+01
2.768760088537478126e+00 1.339934859531512679e+01
1.950594354258591068e+00 1.089810819845553880e+01
8.240127776504531099e-01 9.412788640102977666e+00
1.939824448740319562e+00 1.044284728547453334e+01
2.604405894003395172e+00 1.333446438575906257e+01
1.845110137801388772e+00 1.200941107353386883e+01
1.963210467008807525e+00 1.322500557139977495e+01
2.370465654432395208e+00 1.234970223374203613e+01
2.314341859502377918e+00 1.194859781045487779e+01
2.044823129938952988e+00 1.049764346787580749e+01
1.944206716630245468e+00 1.119142354817067897e+01
2.364154862184446149e+00 1.280775030409715143e+01
2.128897887623002916e+00 1.301226760114658099e+01
2.127439085633378912e+00 1.089604199185427191e+01
1.920206183596265603e+00 1.290177178195285990e+01
2.088540214961972286e+00 1.084425876375506448e+01
1.113356397786734675e+00 1.058769877040772478e+01
2.064147915984813952e+00 1.195533923287380418e+01
1.924586996192093613e+00 1.247765361926785133e+01
2.365038713601254283e+00 1.268504412202421427e+01
2.436201678694109862e+00 1.234422369555136179e+01
2.190901911877301433e+00 1.192271819922095233e+01
7.901191971681541526e-01 1.182871027568342193e+01
1.559130391283155781e+00 1.298086469324251624e+01
2.005869043120025896e+00 1.265558203575831620e+01
1.953104808351595389e+00 1.112511493355810899e+01
1.412612210899938381e+00 1.203468555451305555e+01
1.387724322269260790e+00 1.187323021949115187e+01
2.372676799100137401e+00 1.296837847037456193e+01
1.897085591043410790e+00 1.086936050062574743e+01
2.012819478578759647e+00 1.273062750100501539e+01
2.265163954014729697e+00 1.254462033280263888e+01
2.775398401689383565e+00 1.349288289828503018e+01
2.138009390574926005e+00 1.174525387746888860e+01
2.342263458998571135e+00 1.310778616009454467e+01
2.309072635669360718e+00 1.224630939868697688e+01
2.083688141924086690e+00 1.177784234079172165e+01
2.211233347873328814e+00 1.304457023358840040e+01
1.983624375392372130e+00 1.266263311376642164e+01
2.296962576029553560e+00 1.104136989228359944e+01
2.413227675265496419e+00 1.211655198508043085e+01
8.002562287921943796e-01 1.103196401180349362e+01
2.655635628495494949e+00 1.322611682940057065e+01
1.940257263836934642e+00 1.067083978121321941e+01
2.085972762310658535e+00 1.210516491589817711e+01
2.098841761340382028e+00 1.113249499070658999e+01
2.289951973477142300e+00 1.151486396828962100e+01
1.881441431058432645e+00 1.191751971093017204e+01
1.222125245884437383e+00 1.161363736527337487e+01
2.608018528112101109e+00 1.261222241052081294e+01
1.806700989925900780e+00 1.214726734328423419e+01
1.860237363837104807e+00 1.259911762716717121e+01
1.941421952269829054e+00 1.112216185620353137e+01
2.148007422096794627e+00 1.264101606777580500e+01
2.192800845669802268e+00 1.181660175044797079e+01
1.557726918496859181e+00 1.200359661218456608e+01
2.322503165616640608e+00 1.404772581525136310e+01
2.099225465900548482e+00 1.132973753758020763e+01
2.099217297083680656e+00 1.142344602012382104e+01
1.610572381566136579e+00 1.257729719270534829e+01
1.730004981802474529e+00 1.184211368709894607e+01
1.848814998635326390e+00 1.200349827360169463e+01
1.984180982417749872e+00 1.277160542777640728e+01
1.988316370191138382e+00 1.095680481046097832e+01
2.519809410820459394e+00 1.349687549545275900e+01
2.400611782938967487e+00 1.240969343593351226e+01
1.418807731501976033e+00 1.134587732374188462e+01
1.230929709432897257e+00 1.256160522935695489e+01
2.310208576687830195e+00 1.299732408098131486e+01
2.466467673076507161e+00 1.291014542790407127e+01
2.603233042671314390e+00 1.241309645170440135e+01
2.589503105234433722e+00 1.293151567458060747e+01
2.676125758147685385e+00 1.282846778203521687e+01
1.451301179923852214e+00 1.200368625050352733e+01
1.150991267700143705e+00 1.269627107788931575e+01
2.286526807248129511e+00 1.092312844032788455e+01
2.321210079199381493e+00 1.140735350895710809e+01
8.887347492233366175e-01 1.156149618055468586e+01
2.658741018727569294e+00 1.367208330129384564e+01
2.445792822562360858e+00 1.300583946828512971e+01
1.572750975391800754e+00 1.157147620560943935e+01
2.326690440871602039e+00 1.322143513261511494e+01
1.298572029757156354e+00 1.138379962971210269e+01
1.854783479473366414e+00 1.216218450332421597e+01
2.220012311637012736e+00 1.139807720409636538e+01
2.206193237843439903e+00 1.264682685098794757e+01
1.683654030997195017e+00 1.278576179529889423e+01
8.573210146787492159e-01 1.218423081072239000e+01
1.897453206865164388e+00 1.139426362764972112e+01
1.922317163359981151e+00 1.309028027854008158e+01
1.964711339887885488e+00 1.093314437310196219e+01
2.019598795131617219e+00 1.225605495732692241e+01
1.573458934893247063e+00 1.168451499298888407e+01
2.250242884068425209e+00 1.198180423057107546e+01
2.740104669724849451e+00 1.333820002733049037e+01
1.991638629617018319e+00 1.154882389383609897e+01
9.930690294912583038e-01 1.176430590935418152e+01
2.572979291251235701e+00 1.262105279484488030e+01
1.617209625904935555e+00 1.211373255210075506e+01
2.113295914753681615e+00 1.152274698907442918e+01
1.871700174273178030e+00 1.255162398651667566e+01
2.404376675877119673e+00 1.219009342116466321e+01
1.433542183778717893e+00 1.149772457433135031e+01
1.910298748473808095e+00 1.100320050242413217e+01
2.358544975833519075e+00 1.165383655203753221e+01
2.775340836491628771e+00 1.399894197546873542e+01
1.762622940830845808e+00 1.187940444514093663e+01
2.194573716594439006e+00 1.263112272752331045e+01
2.413717270841464924e+00 1.297621070986420122e+01
2.541099026351861578e+00 1.195505071708161893e+01
2.626124957669182969e+00 1.328512442477970090e+01
1.955692594286824626e+00 1.068730939156338344e+01
2.289173800234580280e+00 1.143494496964656548e+01
2.053226483530501412e+00 1.216813625247270636e+01
1.628837316082455855e+00 1.268769950083970954e+01
2.282874437001557677e+00 1.240098912126695474e+01
2.473527361824004345e+00 1.245649106324464483e+01
2.152352167918023973e+00 1.081238561180645164e+01
2.829276396219798428e+00 1.329552755285053678e+01
2.329326116964050897e+00 1.148977285338830612e+01
2.626638643536955531e+00 1.376341319933452390e+01
2.154312091175473842e+00 1.068668433564945985e+01
2.148224588945989222e+00 1.145827242274094537e+01
1.570601395989261961e+00 1.111161148717991232e+01
1.313997347731638232e+00 1.217965971906207479e+01
2.187024327475961538e+00 1.156302928364987537e+01
2.351560230781914118e+00 1.166019601001868899e+01
1.976279453071859260e+00 1.128272390851012474e+01
2.110979111368203043e+00 1.128386163059595937e+01
2.262870719749658477e+00 1.268002536056863327e+01
2.397422886743735937e+00 1.213764263683080280e+01
8.363038319479609850e-01 1.070366963009018058e+01
1.880117764660612645e+00 1.163968562847560584e+01
2.507844690815407507e+00 1.323462828069807884e+01
1.830918226491749401e+00 1.277728758198424330e+01
2.572788688409249236e+00 1.239335175163410341e+01
2.109928633503699302e+00 1.157166642848660665e+01
1.743604808980855569e+00 1.277575491730120305e+01
2.089619252531546234e+00 1.223548058266050731e+01
2.620598853917217141e+00 1.294772655419769158e+01
2.099731275906055572e+00 1.150206184510937391e+01
2.061774896521264555e+00 1.206090101739729015e+01
1.146987032896944037e+00 1.010686238363721934e+01
1.969666960670576117e+00 1.262753517235540812e+01
1.663892214536205616e+00 1.122194247148264168e+01
1.655677203391538344e+00 1.263209939902449186e+01
1.731319775949030637e+00 1.208363732710417970e+01
1.732255760039399517e+00 1.223845866005590821e+01
2.226119275124901264e+00 1.111142771897642412e+01
2.388720543104930982e+00 1.229715991224522043e+01
2.485391463228415976e+00 1.309649954382755332e+01
2.408418050911910413e+00 1.269264924939350969e+01
1.992458319191500848e+00 1.242482070430378371e+01
2.349864622681768100e+00 1.226517890534779021e+01
2.510398371577580612e+00 1.268461198702916448e+01
2.353771991700241539e+00 1.187812962516456849e+01
2.279291223432258207e+00 1.232424085415264514e+01
2.485987471872681986e+00 1.373635940319402593e+01
2.430160588957542611e+00 1.253391384828749189e+01
2.381315362577762329e+00 1.170281962174257195e+01
2.498286590717840205e+00 1.331774896878068759e+01
1.741109432732199203e+00 1.222332527233886346e+01
2.813261263717234950e+00 1.317399470070948375e+01
2.587993714109744658e+00 1.330996896796546913e+01
1.272905814909888633e+00 1.171287165436083377e+01
2.136788963711750977e+00 1.102353414025649414e+01
2.452793207191210190e+00 1.285502343330880848e+01
2.217478765324354839e+00 1.195122700231326895e+01
2.093676641564521379e+00 1.193021727863659542e+01
2.254412769081492129e+00 1.137130206185580050e+01
2.123077137585990926e+00 1.233251026180876231e+01
1.380211358996358051e+00 1.139481503304600452e+01
1.940335079820050046e+00 1.239795451987724562e+01
2.725163494043761236e+00 1.303558680958316351e+01
1.792394325401349242e+00 1.259581842029948184e+01
2.538082959806494010e+00 1.302379040573633517e+01
2.394709317672627513e+00 1.259308406192477392e+01
2.557506898788099114e+00 1.352837607962375444e+01
2.236271839777640658e+00 1.149840757425656612e+01
2.633579018015951068e+00 1.318596888003844292e+01
2.749609868907136434e+00 1.343868769360072157e+01
2.099847422982352718e+00 1.209825253009220347e+01
1.650863107335946323e+00 1.319266316850897347e+01
2.703759246592339238e+00 1.313290475443857730e+01
2.237057597495222705e+00 1.167975507281128067e+01
2.794979269919078746e+00 1.324621685027016404e+01
1.849889563869629994e+00 1.178438394508412301e+01
2.548643204435974585e+00 1.309722945396155502e+01
2.768696102896069711e+00 1.334112043298433825e+01
2.208924344811361795e+00 1.120434831876898940e+01
2.059483798734141669e+00 1.142290598020658976e+01
1.683209682005464281e+00 1.241941684258213030e+01
2.182174207766282237e+00 1.269233361896560375e+01
2.617953527891878629e+00 1.300170562814757247e+01
2.094709627211259306e+00 1.181980303360821694e+01
2.179124881008670744e+00 1.229900102024367392e+01
1.959652490331623254e+00 1.167638531785528855e+01
1.353291474221939295e+00 1.161405969407675087e+01
2.681139128944624250e+00 1.276414027268108065e+01
1.514911290645237774e+00 1.250101421313088146e+01
2.115819352469439973e+00 1.265862567543948281e+01
1.350824149211996339e+00 1.184631591104151660e+01
1.641477318123961249e+00 1.253345458667354606e+01
7.105003293117930774e-01 9.526394940190982652e+00
2.559671662236579603e+00 1.268605619314114108e+01
1.927988919472883866e+00 1.086798311660810867e+01
7.814905849371363011e-01 1.103027437283808609e+01
2.292519919877914258e+00 1.259102767195234485e+01
2.173667526700372221e+00 1.091754763545956486e+01
2.010114615761991796e+00 1.358203201741023669e+01
2.056335461771884976e+00 1.089397098380918827e+01
1.887037244220548526e+00 1.165148251587722861e+01
2.083011501262785892e+00 1.189863115862613618e+01
1.995238520026740625e+00 1.242066540521970452e+01
1.615630887374913893e+00 1.274305819277495111e+01
2.305148245265303153e+00 1.310999663107907409e+01
2.543445270150852089e+00 1.228266113333501686e+01
2.120231404951172571e+00 1.188605069868799546e+01
8.374740048550977090e-01 1.192779649886901971e+01
1.816525578757350212e+00 1.144394716544519497e+01
2.323361070571355658e+00 1.193699904661860067e+01
1.577552099573234612e+00 1.069203096337334102e+01
2.808733016790246673e+00 1.375245506608843193e+01
2.742355317744979093e+00 1.380491879770326236e+01
2.481825311781923560e+00 1.230033795274109387e+01
2.676986457746398873e+00 1.320516924090323307e+01
2.211276548803832842e+00 1.288166046818427191e+01
1.615829239951953156e+00 1.258719404370337891e+01
7.952320907750112244e-01 1.141833318438894374e+01
2.476476849157777327e+00 1.280032796141363960e+01
1.731390491156289180e+00 1.268547735893437789e+01
2.049018033588850152e+00 1.179254456056099443e+01
2.379916090804271356e+00 1.221776521579198160e+01
1.866933716085757089e+00 1.276153289797583845e+01
1.572955777046810999e+00 1.254013453729631777e+01
2.106910579526842575e+00 1.113114179301207507e+01
2.051758633827621026e+00 1.144148247957883946e+01
1.581985121171798792e+00 1.093728873558019110e+01
2.077164828350769987e+00 1.145270855366425167e+01
2.286216747291986096e+00 1.160778741551978221e+01
2.435714586102283086e+00 1.205511933175427153e+01
1.925499793375122781e+00 1.154818598010262320e+01
1.512672420131164763e+00 1.211749620735976229e+01
2.052419625651604740e+00 1.208958904475890606e+01
2.149078098778509638e+00 1.206878901664913606e+01
2.007694726400048424e+00 1.137059572349905423e+01
1.913216248207232129e+00 1.110689218110536025e+01
2.164199712153064503e+00 1.254166152104127008e+01
2.401564752553253967e+00 1.208030091944648809e+01
2.454895177452710797e+00 1.186044813418119759e+01
2.795859473599981992e+00 1.356947901360615205e+01
1.846212887460325636e+00 1.122072736969996676e+01
1.977441487513225793e+00 1.255897501231753921e+01
1.650216831525285865e+00 1.203608535338323549e+01
2.401811931770546860e+00 1.167031851029307177e+01
2.268757090090313344e+00 1.235364877118315086e+01
2.214373864329174602e+00 1.232150844599231299e+01
2.696824548570683433e+00 1.288201007198793313e+01
1.266524477399868065e+00 1.232787854740262290e+01
2.020539350742430074e+00 1.134130996073191788e+01
2.362697486668301927e+00 1.268053051804102438e+01
1.707040799491407412e+00 1.211063873925381174e+01
7.618002993619580332e-01 1.193198088337963902e+01
1.731275719712922712e+00 1.145688217824440613e+01
1.996686524841156274e+00 1.292155267156154075e+01
1.764626232923813154e+00 1.259263578766509184e+01
2.159076553144952726e+00 1.214882538241100285e+01
2.233386115467654420e+00 1.282095589688647053e+01
2.078789326673396332e+00 1.276150225087456924e+01
1.927483809744492627e+00 1.068372161811112342e+01
2.012477800423786878e+00 1.229568642087364161e+01
2.500067050902943677e+00 1.260207708670585625e+01
1.909497496164170860e+00 1.275122979067041307e+01
9.337965971433997980e-01 1.141148850020799266e+01
2.635935423119381227e+00 1.319219570386733942e+01
2.436239586438781579e+00 1.352500641997006170e+01
1.918942778209994815e+00 1.047536235537907778e+01
1.787939207153784515e+00 1.193702289389703886e+01
2.288808622858610864e+00 1.209067843975994450e+01
2.459404581062377915e+00 1.311586043785737310e+01
1.851063303747355837e+00 1.236098857788760164e+01
2.269422031125155392e+00 1.187880985130052558e+01
1.287490240445544165e+00 1.081841949081523779e+01
2.171343921003699329e+00 1.220123860753526834e+01
2.760759257202431094e+00 1.339287403596323500e+01
2.172761360122581920e+00 1.231994313454976542e+01
2.138801331687403717e+00 1.200250505714840443e+01
2.365833713126200610e+00 1.158724587826024077e+01
2.047952006420660886e+00 1.245040422590682816e+01
1.656508365570683594e+00 1.154518466793842180e+01
2.172262564551211472e+00 1.239734818919145809e+01
2.390535125775768321e+00 1.314338528246353199e+01
2.389743804626441204e+00 1.224675769472132458e+01
2.411917565736365621e+00 1.258187572023755330e+01
2.155916114854107946e+00 1.165080694066033473e+01
2.360776076219802899e+00 1.353579183678074571e+01
1.270806641860695807e+00 1.080301314885161545e+01
9.967108455315348836e-01 1.230234549521782661e+01
1.839311962727742555e+00 1.200461478757035749e+01
2.649465261265396165e+00 1.369932009179049182e+01
8.423712859237412198e-01 1.204221441244703961e+01
1.273047599548271736e+00 1.134262700104943988e+01
1.111668184381239266e+00 1.007232541420181704e+01
2.779770041778601097e+00 1.331162581009068546e+01
1.873734022523609877e+00 1.241388723867318156e+01
2.104177130557681519e+00 1.202930117153401923e+01
1.029526496023088100e+00 1.115815456931076532e+01
2.567642930889857844e+00 1.225299552351656374e+01
2.229679562273226168e+00 1.104814405327796756e+01
2.299601530151544448e+00 1.326443266843384805e+01
2.160778769032591473e+00 1.054746985876957410e+01
8.221546875651402075e-01 9.551402058269557571e+00
2.033662670861557498e+00 1.209868567593206912e+01
2.409759607215994581e+00 1.293343275749155374e+01
2.540998331434381807e+00 1.313777783485730133e+01
2.858109609880952640e+00 1.359509122263948022e+01
2.175185034006648976e+00 1.229805716261805237e+01
2.243210000503993662e+00 1.264104716834438946e+01
2.515359849381546553e+00 1.283831965812265175e+01
1.118993084673034266e+00 1.083420391538571259e+01
2.483378611461334540e+00 1.205347919466733053e+01
2.283056072016365956e+00 1.250831843936899368e+01
2.423401372434577983e+00 1.234325082412599173e+01
1.930746835085735968e+00 1.156940951934429584e+01
2.611038636989902795e+00 1.303666979555696237e+01
2.151732669858317237e+00 1.219991517258301528e+01
1.187234182029436758e+00 1.123739056080478704e+01
2.334799589137174891e+00 1.240219380716528974e+01
1.825784622705636684e+00 1.113943746376011035e+01
2.572766272459064751e+00 1.337530493283351873e+01
2.243121859441789656e+00 1.171593877059716249e+01
2.098430396414302290e+00 1.284416977232519130e+01
2.258670782694114809e+00 1.338061738815638435e+01
2.519423301607489840e+00 1.254870796439723080e+01
2.211459745453937753e+00 1.220069199819137040e+01
2.432983351045588272e+00 1.260667879601879449e+01
2.030349677131778385e+00 1.081005521722493512e+01
2.621995964995630590e+00 1.430552634398837064e+01
2.587839763916513824e+00 1.380818479955058997e+01
2.031702146605656623e+00 1.150787690670710539e+01
2.680662299174037422e+00 1.383035587946102218e+01
1.615025655016284478e+00 1.238068609556993849e+01
1.789699968479457892e+00 1.093219708567792736e+01
8.252634660761845042e-01 1.092040237379420020e+01
2.370459794736315740e+00 1.346545478920998207e+01
1.281245783610920785e+00 1.128242898801415173e+01
1.925624960280314601e+00 1.333377011787564115e+01
2.232102880878951368e+00 1.130178879191683805e+01
2.177237165435741861e+00 1.197609706891361903e+01
2.215791944609024178e+00 1.133631569918662230e+01
2.079797223178253329e+00 1.292275851691161037e+01
1.914269723614948848e+00 1.269834767322010904e+01
2.055139932730208230e+00 1.263720814140245530e+01
2.339569347821580880e+00 1.266832616091137353e+01
2.143729119274633721e+00 1.246832642390761947e+01
2.311082613205242442e+00 1.159228933863390409e+01
2.010690177421845526e+00 1.085137421946664382e+01
2.749384125562023051e+00 1.345341098515036293e+01
1.408889410617215621e+00 1.224805490372820316e+01
2.783916872696809097e+00 1.304470148315897227e+01
2.625722664284701136e+00 1.369472289406894205e+01
2.253263187574652271e+00 1.231227034372483864e+01
1.606240210389905609e+00 1.178497792839094771e+01
2.519731959473205496e+00 1.232767880114595016e+01
1.963220535017983215e+00 1.210091416559608035e+01
1.974565731853141548e+00 1.224475947663388631e+01
2.796389089200836509e+00 1.334880601949291368e+01
2.456499737833124808e+00 1.280713492458734848e+01
1.640489456198170215e+00 1.240518427662746603e+01
2.743205151253997887e+00 1.310727568187409631e+01
2.316742879287936763e+00 1.231758417885466983e+01
1.236132136236046231e+00 1.106501173260987336e+01
1.866716754888856800e+00 1.118656939767389069e+01
1.863938551882581063e+00 1.170226137548301359e+01
2.396864782916253045e+00 1.212144064015352818e+01
2.459334428696899444e+00 1.262015659824397495e+01
2.141170192852923204e+00 1.169350300365215922e+01
1.806908078243746107e+00 1.161672393167108375e+01
1.773218962331499116e+00 1.196436429090150710e+01
2.171426580266965889e+00 1.283131632906349573e+01
2.321624527521655157e+00 1.289018980974440076e+01
2.085655519026200722e+00 1.250502939743033615e+01
1.984907749208179029e+00 1.306296427885740385e+01
2.399857817623675338e+00 1.245984641337346588e+01
9.619094863807580165e-01 1.118446661111229368e+01
2.219513596062197003e+00 1.170272924836009487e+01
2.015179437055074629e+00 1.169256939998820144e+01
2.349638642773452801e+00 1.200379474692759096e+01
2.199217858979722440e+00 1.182166544299585809e+01
2.808802992633739226e+00 1.344842015669342139e+01
1.417219071386573770e+00 1.127242323884296660e+01
2.186377992833802963e+00 1.327615981581538840e+01
2.114308660353649394e+00 1.284034640059671162e+01
1.979565365258288967e+00 1.203424952725219477e+01
2.458594459314967562e+00 1.388892173096485827e+01
2.205329684013744185e+00 1.307688126754136348e+01
1.506912013654378102e+00 1.245655883877887860e+01
1.848725516994038198e+00 1.181423025413391237e+01
2.361468059836444144e+00 1.278882804151881736e+01
2.594936092454231513e+00 1.347194415722822924e+01
2.196844668856362315e+00 1.163746731824582170e+01
2.322077232418697346e+00 1.175343909634908712e+01
1.026871480393476643e+00 1.179536493054765245e+01
2.475829078073910505e+00 1.291780189873772855e+01
2.571686592508611202e+00 1.256393444412728044e+01
1.831134753894619216e+00 1.106739526126417417e+01
2.121226782054659310e+00 1.147310066508591397e+01
1.742771896789984565e+00 1.215729817992300177e+01
1.593021625999981650e+00 1.199338999888496637e+01
2.114017747621010024e+00 1.152877542371027708e+01
2.494570281774509901e+00 1.319179317016797803e+01
1.936868035571341906e+00 1.196335605314642869e+01
2.407450408902298999e+00 1.266566373153571767e+01
1.429499023527746937e+00 1.184113870079298714e+01
7.310027106182621637e-01 1.212637624336978170e+01
2.800550808526574897e+00 1.305555230215281703e+01
2.720475708680592852e+00 1.331414987888439860e+01
1.799428283526410821e+00 1.265288713042743751e+01
2.131980927076107424e+00 1.145249644574698245e+01
2.582633225198449622e+00 1.310508296054975119e+01
1.344358168615487070e+00 1.123164113680565990e+01
2.139911499245767068e+00 1.189447549840988039e+01
2.004171668166704112e+00 1.191865618147037864e+01
2.064687626556409583e+00 1.156743492138081209e+01
2.217942161770076748e+00 1.204447649276453092e+01
1.883490839416468887e+00 1.294413333126179566e+01
1.079927044226529187e+00 1.196313856791753594e+01
2.831526820254272270e+00 1.361153056180032372e+01
1.950966682981841727e+00 1.216906749773424856e+01
2.215544378879661824e+00 1.068242893656334580e+01
2.298326121272217026e+00 1.280754825438156708e+01
2.147652531685036337e+00 1.065176820412931313e+01
2.227654811910675825e+00 1.191775144736940462e+01
2.741532604936449236e+00 1.303506427664336975e+01
2.670723582183486933e+00 1.404684858560269056e+01
2.052166245096018304e+00 1.227112382990233286e+01
8.901766823186226807e-01 1.065508711253469976e+01
2.208063301590433625e+00 1.136843758157469075e+01
2.311654871716756432e+00 1.325256686534610395e+01
2.147476563687555906e+00 1.241411341285971837e+01
2.753519265332943888e+00 1.353847168351660279e+01
2.118587272731899951e+00 1.278498696043658356e+01
1.967539969204706196e+00 1.208345588732909448e+01
2.148886751320011168e+00 1.203885377227840792e+01
2.032727904739177749e+00 1.322968472327323930e+01
2.577038883847410311e+00 1.316868073525920302e+01
2.576875365453709321e+00 1.292163874811754987e+01
2.563030899977257970e+00 1.287275896174528000e+01
2.210394300913868015e+00 1.231712140819152523e+01
2.347297528097385122e+00 1.293315778718083919e+01
2.039070866977676477e+00 1.209758477928821385e+01
2.515699902642349883e+00 1.259232401678526614e+01
2.275524695275207065e+00 1.262408233846082872e+01
1.919248234942067866e+00 1.099471528973685963e+01
2.284073525562026585e+00 1.275976366285280861e+01
2.079657835596908644e+00 1.174449218103921666e+01
2.594609980769027491e+00 1.323171346888348943e+01
2.231627461021302494e+00 1.240193140125887972e+01
2.251345082609744974e+00 1.296447185371599709e+01
1.939514184055947776e+00 1.256239268515424889e+01
1.939515592762668605e+00 1.023299195394606365e+01
2.163844759987902044e+00 1.232737758097950653e+01
2.088366423426511798e+00 1.188194092315714023e+01
2.303205781361980176e+00 1.229504203195219780e+01
1.249394757330922312e+00 1.168728969630664061e+01
2.646612033389784902e+00 1.292000946222119495e+01
2.345616266220673207e+00 1.237617445605990696e+01
1.905258072667923352e+00 1.084886527649481813e+01
2.004494764677742680e+00 1.179572473839784053e+01
2.163888415659548148e+00 1.141817277318202883e+01
2.346403248108362316e+00 1.244179038257419379e+01
2.637957849333051108e+00 1.306801513097953027e+01
2.148152028970118366e+00 1.146492778057789508e+01
2.138856925201570114e+00 1.138432819436038557e+01
1.461429464613619666e+00 1.254194685797613396e+01
2.051435689458241285e+00 1.240697185411483794e+01
2.168580199486138227e+00 1.278390049243928672e+01
9.329128571627881561e-01 1.098930566874002501e+01
2.132253011692969213e+00 1.266897432649378707e+01
1.768410581019891348e+00 1.151141164435609276e+01
1.382985113613572015e+00 1.099804435105669853e+01
5.862510153840626570e-01 1.169468163421578666e+01
2.048331252718737616e+00 1.207557661963576479e+01
2.227144433554103742e+00 1.163760484907690262e+01
1.377109290841154188e+00 1.239831641583751853e+01
2.382584958741241543e+00 1.216453448634348788e+01
2.808825675962317359e+00 1.332323338657755407e+01
2.023344151884450604e+00 1.241270863862567531e+01
1.759733901216490759e+00 1.153970871404982645e+01
1.145216339077465006e+00 1.219669981506048906e+01
2.267226109830339453e+00 1.092543641676886068e+01
2.123919625839187919e+00 1.120651869660700584e+01
1.859886770930244015e+00 1.132813081858761173e+01
2.219813098615118552e+00 1.198806479607246267e+01
1.513519622130768516e+00 1.211120136318272067e+01
2.027351904417707740e+00 1.296479670935640094e+01
1.201377872380665179e+00 1.215692872934286761e+01
1.692538275037606121e+00 1.236698597150074086e+01
2.068613889991324672e+00 1.056311397804547347e+01
2.322757456755543792e+00 1.267302939273310614e+01
1.841800015524891920e+00 1.178485308535865350e+01
2.439332334854992013e+00 1.237439878212574129e+01
2.241584114454521881e+00 1.309804552409911693e+01
1.372056921288854259e+00 1.204886689276456124e+01
2.317206861805620299e+00 1.348033858018219533e+01
1.959623681959480779e+00 1.144697408900549362e+01
2.287350879411283788e+00 1.220622657514898179e+01
6.985874697275782363e-01 1.083754730593753735e+01
1.002699103425490179e+00 1.129980204633502439e+01
8.361949887366647571e-01 1.088326971213294136e+01
2.041410791739472597e+00 1.197269535345606961e+01
2.304738286619167020e+00 1.270499856535264094e+01
2.138402758906332579e+00 1.195356550536747164e+01
2.301000851596670671e+00 1.248408582664492528e+01
1.236899421218027761e+00 1.037587372199994817e+01
1.214565301400634345e+00 1.247149637007602507e+01
2.128405729494184939e+00 1.220157197224751755e+01
2.187550910595064124e+00 1.220180742700599907e+01
1.955193472000015031e+00 1.025661179489652142e+01
1.496913717188854465e+00 1.188750582996116734e+01
1.929253923219106381e+00 1.168366224743879478e+01
2.077741480455628675e+00 1.325417544553311266e+01
2.454531267050033438e+00 1.313479047044438985e+01
2.343016011530607123e+00 1.160526229212536542e+01
1.740698131861607711e+00 1.137954416889120779e+01
2.208170762304444423e+00 1.262412065638721259e+01
2.572245308490174409e+00 1.231761799415218483e+01
2.357789717510196503e+00 1.210721804686187042e+01
2.645222982078687668e+00 1.310523001410183674e+01
2.538275236811042390e+00 1.318846550720856214e+01
2.066567855873291837e+00 1.162989306319741800e+01
2.235191260933733215e+00 1.314660032034021775e+01
1.379679958119857108e+00 1.264577431020858533e+01
2.444493819043485949e+00 1.294268380081275538e+01
2.228810376910794755e+00 1.258492937741748108e+01
2.307130801979989432e+00 1.218083501516199263e+01
1.919474623129712620e+00 1.185305634745595960e+01
1.961544499631820537e+00 1.127521783156271873e+01
2.624178293460121658e+00 1.240037624108527581e+01
2.106137832482845251e+00 1.074830376533066811e+01
2.206507156189214669e+00 1.201950282318445851e+01
2.595448188875435935e+00 1.309129886999866166e+01
2.042513928711929605e+00 1.141588765072902945e+01
4.830777998826512043e-01 1.048964677866221606e+01
2.164011807535885179e+00 1.204799132995663946e+01
2.679063333649226220e+00 1.324238748844107683e+01
2.263446785502745140e+00 1.275704326829225721e+01
2.411747969681127035e+00 1.271395406873120315e+01
2.571322599767962291e+00 1.310453988786855639e+01
2.746782051214516684e+00 1.307604235407556814e+01
1.190003253387447391e+00 1.124450002847750696e+01
2.260962137418650819e+00 1.262898406215238190e+01
2.551190829194183163e+00 1.246273291491062452e+01
1.496469702190511564e+00 1.289721931886713513e+01
2.211197277941100658e+00 1.256442407167100761e+01
2.054278241653928028e+00 1.165144255297524190e+01
2.209635040359311020e+00 1.244954473266071382e+01
2.203188609821205013e+00 1.118651842631791560e+01
2.814475744831875570e+00 1.320139017237313972e+01
2.158392578652610805e+00 1.219388524659816220e+01
2.379619205517295555e+00 1.286342566006860899e+01
1.983989130175241034e+00 1.281688499462022612e+01
2.707983714414124332e+00 1.340039687321110229e+01
1.790154692043201878e+00 1.136877697858079372e+01
2.030276262937775300e+00 1.290507864799153914e+01
2.216865807371010799e+00 1.144292173081846720e+01
2.360431921050011095e+00 1.261086966972561818e+01
1.560808021262724443e+00 1.137024395504675311e+01
2.608702694967985458e+00 1.252258883524698874e+01
1.877200302925930764e+00 1.254585372991776815e+01
2.422617629595721134e+00 1.216939527017906109e+01
2.561114848127655552e+00 1.193068484062886370e+01
2.155908538243901162e+00 1.118345805239400370e+01
1.104894706006702698e+00 1.187769328806330016e+01
2.507285115197688707e+00 1.346832355551156368e+01
2.495966312313493862e+00 1.237423723313259671e+01
2.108895271216726375e+00 1.328815465077666147e+01
2.223946256704218527e+00 1.254864446418034341e+01
2.748175076605750444e+00 1.314178921589925508e+01
2.169524806327911115e+00 1.287305358949096856e+01
2.183730865289137402e+00 1.171364990143353602e+01
2.075522514435611310e+00 1.200885211047302548e+01
2.095261410635742561e+00 1.138567637610016803e+01
2.314725387296136194e+00 1.257572944846994289e+01
2.070760280580720369e+00 1.128784672771610786e+01
2.219062916223176529e+00 1.097664809090492000e+01
2.091571520510378424e+00 1.242638770413738492e+01
2.105478209801475487e+00 1.263415922890422216e+01
2.297613592172875308e+00 1.184859804198845801e+01
1.944460078933538227e+00 1.117353911046213533e+01
1.984806860789495309e+00 1.192296913097408684e+01
1.902350097944567109e+00 1.088335179114773688e+01
1.776621690785958441e+00 1.107413202237904493e+01
1.633615327928452432e+00 1.301078194173256186e+01
1.255730038266771320e+00 1.142106529384992086e+01
2.124053594657230537e+00 1.221177109089368429e+01
2.340666109419447416e+00 1.164015836789201330e+01
2.760743650221844092e+00 1.304318222017671225e+01
2.210335476904515595e+00 1.113987604348299065e+01
2.298791046836218488e+00 1.282564578888000284e+01
2.038310740036980651e+00 1.308967201146186632e+01
2.060609159790846245e+00 1.048664572385036919e+01
2.195974926260307214e+00 1.168748750721341878e+01
2.111328364117757594e+00 1.147123613381508100e+01
2.010980315649531391e+00 1.133624884299353219e+01
1.820552441453802794e+00 1.183179244800414942e+01
1.417761361233246253e+00 1.094457624310712518e+01
1.747475954087391647e+00 1.186571101567127684e+01
2.043834513506592288e+00 1.199237401801413583e+01
2.287935569107805378e+00 1.288855189117002276e+01
2.022080613864850385e+00 1.275355935986233646e+01
1.454207577412115926e+00 1.142485927481353514e+01
2.027270811145128082e+00 1.210878958518067350e+01
1.415440749156290812e+00 1.101651961695979764e+01
2.413077171879078442e+00 1.252561531487500091e+01
1.985625810165889016e+00 1.182129019973296025e+01
2.787192963291015069e+00 1.325612167502785788e+01
2.029329436216819271e+00 1.040562717545853566e+01
2.608697550540424626e+00 1.274909149826758359e+01
2.831056596863024577e+00 1.354280269429086481e+01
2.409529387626968777e+00 1.195932019354924769e+01
2.216490645573723661e+00 1.235163153672296943e+01
2.585559651154266447e+00 1.341279221198706573e+01
2.136964186432984913e+00 1.190266150106247522e+01
2.042362417561357280e+00 1.028539062940210869e+01
2.100209383978694166e+00 1.042602419059390506e+01
1.720209552902916883e+00 1.228962225810108677e+01
2.132076271433264836e+00 1.237783933283152926e+01
1.857154304081332752e+00 1.070579917721062913e+01
2.457723333827945389e+00 1.297358891198215147e+01
2.697481049000930664e+00 1.301097048563409508e+01
2.110754745173571756e+00 1.218759054539252062e+01
1.857811514320475865e+00 1.222859157567265243e+01
1.675622406258001407e+00 1.255032875675537873e+01
2.627377663448874134e+00 1.365970911881361793e+01
2.278938051001619058e+00 1.226565004904675149e+01
2.313505015450771474e+00 1.151464978792886207e+01
1.025894259915436368e+00 1.224040754568457601e+01
2.543779184034090424e+00 1.323964899518884408e+01
1.733664380547342176e+00 1.166026074808194046e+01
2.192807763326051429e+00 1.362384420550910491e+01
2.112001058313192736e+00 1.065648798496827787e+01
2.523750403925951513e+00 1.302537613387538151e+01
2.163753224535787112e+00 1.187775117940472391e+01
2.204924146304867438e+00 1.131294100875796715e+01
2.121117520245733967e+00 1.243987403736461594e+01
2.507504743167408456e+00 1.308084423966450771e+01
2.021921167060328095e+00 1.329500063391820319e+01
2.220177495593798511e+00 1.128969137791335164e+01
1.659382409688525684e+00 1.238890355073412231e+01
2.761353802802687163e+00 1.392308979387739143e+01
2.162345605963757578e+00 1.172686282583516260e+01
2.014323061478364707e+00 1.142466687247384272e+01
2.204891438595023345e+00 1.129629740290459416e+01
2.408697193151187577e+00 1.245321752621690692e+01
2.030432967318973159e+00 1.102052951778864553e+01
6.970249723188663982e-01 1.025121246393819874e+01
2.052655570798366469e+00 1.238155884867882328e+01
2.420952630154590057e+00 1.232085032496524768e+01
2.347070273730283763e+00 1.233750529081530090e+01
2.517263686509369158e+00 1.369076755651696331e+01
2.083028909599335954e+00 1.103084526317275049e+01
2.009377218825441513e+00 1.206401321410438676e+01
2.633573807692608071e+00 1.308226478623235067e+01
2.392818992313980431e+00 1.166332602004602137e+01
1.907943839121148732e+00 1.137086660346017375e+01
1.662254764376864813e+00 1.239955846836986098e+01
2.622624157439459314e+00 1.304887638835178265e+01
2.546394121662322707e+00 1.280681226897511671e+01
2.086241650222831368e+00 1.173243237060448330e+01
2.320563298561803656e+00 1.221579917212285515e+01
2.560766780402682130e+00 1.249717852727370371e+01
2.504430942688561590e+00 1.265766645606792729e+01
1.764520721123164160e+00 1.154178235304732780e+01
1.776269669684451102e+00 1.258264833582317976e+01
2.201750123542586923e+00 1.249500687239020102e+01
2.076937533381445711e+00 1.053437593004096584e+01
2.083952380193940801e+00 1.212052396530538267e+01
2.111573426866973247e+00 1.242184599334053452e+01
2.108556869915492182e+00 1.151473553273616091e+01
1.785576140060574080e+00 1.151814534218945063e+01
2.093720426965477888e+00 1.219664055498409283e+01
2.510250740796943436e+00 1.243369414207834822e+01
1.538870209411805856e+00 1.199499603437328510e+01
2.236204755519703546e+00 1.189946429545368112e+01
1.684583392958275416e+00 1.117063081017044546e+01
2.036177098057076584e+00 1.193060775092629555e+01
2.455498703369442648e+00 1.257479490741805783e+01
2.345629451012914757e+00 1.249694365497636817e+01
2.033142657619280147e+00 1.082388696022212571e+01
2.806760400192890081e+00 1.318663082777325002e+01
1.976910044729241367e+00 1.146790193160990690e+01
2.066808989791438567e+00 1.167274392119998794e+01
2.136971127573397577e+00 1.252843305636866233e+01
1.881038202948392302e+00 1.232776653420475022e+01
2.218355962911864765e+00 1.163337388256768179e+01
2.553829675067090577e+00 1.401483548191603923e+01
1.920836425647922674e+00 1.301371403445990360e+01
2.001464871521769329e+00 1.250442865733105258e+01
2.234869509038731383e+00 1.280312126530867012e+01
2.460300480208356788e+00 1.207250424402570843e+01
1.241592154171399232e+00 1.203415307959113534e+01
2.388970713534033674e+00 1.263960848554764915e+01
2.024316672150709984e+00 1.100078970531020950e+01
1.819876711598857666e+00 1.215496839445762767e+01
2.507641582860947072e+00 1.258891965971979054e+01
2.099260296744643206e+00 1.198755531358038340e+01
2.212952831344987992e+00 1.104894309404783925e+01
2.295227912690643191e+00 1.219172658773516105e+01
2.359028387427223539e+00 1.262238517905903024e+01
1.127195931869353185e+00 1.195298080097665050e+01
2.043074726040459588e+00 1.098263657491706091e+01
1.643780520529229294e+00 1.172952549818262469e+01
2.050819608156603913e+00 1.120438499086074735e+01
2.031081533620451740e+00 1.225829172876928475e+01
2.193865482213085194e+00 1.181734708463078576e+01
2.478930700145801858e+00 1.379036751733692512e+01
2.336150436789711904e+00 1.225199601987367082e+01
9.231683472735749962e-01 1.101117111992095765e+01
1.109060888618863538e+00 1.165116128936001161e+01
1.631229250744512527e+00 1.181485819157915884e+01
2.157077196620560855e+00 1.246064268851378642e+01
2.090403974157200473e+00 1.129905342807922963e+01
1.425771771731722426e+00 1.223506860681073682e+01
2.114530485433246287e+00 1.281192400978484258e+01
2.287494676576315555e+00 1.189523983151737418e+01
2.091833829883605222e+00 1.189978734953603734e+01
5.244738670359183619e-01 1.043827494820572532e+01
2.107099531057129660e+00 1.291686756548584647e+01
2.349809102635359803e+00 1.135712216692991738e+01
1.968987564910821275e+00 1.128967652749670414e+01
2.779888449418621121e+00 1.372209406407593235e+01
2.426128881086184297e+00 1.221147749438618035e+01
2.065316199069195058e+00 1.153943142027198121e+01
1.853422090705320269e+00 1.127713249164941445e+01
1.442845630306405669e+00 1.116768461164204140e+01
1.865805688154559494e+00 1.225278859759891326e+01
2.194935106024794802e+00 1.240676853653281775e+01
2.096617563916310267e+00 1.230106911829966876e+01
2.163695048387055397e+00 1.201099401964932945e+01
1.932696393963419412e+00 1.239038426343436328e+01
2.295399255400725202e+00 1.314214543204507279e+01
1.920875648182986728e+00 1.164168950789576229e+01
1.869191397985491720e+00 1.169916606816085292e+01
1.379503561075499984e+00 1.210137893600735026e+01
2.314476153120681445e+00 1.300256848289100731e+01
2.603645337056464282e+00 1.355034824435868579e+01
1.718307211231008713e+00 1.173070048140403898e+01
2.456636837747181890e+00 1.220733171653782989e+01
1.860470371600639661e+00 1.214040686319544449e+01
2.337000886796923194e+00 1.195220325151317908e+01
2.553561142024683317e+00 1.247081132189335939e+01
1.763027100767703415e+00 1.199295793662009224e+01
2.087491546734257408e+00 1.262591267629514391e+01
1.974314321659761617e+00 1.197910100350719098e+01
2.212976035894450355e+00 1.246151795510794180e+01
2.328746837937446745e+00 1.211861067990334639e+01
2.183835191196111136e+00 1.150711627646220414e+01
1.991762138344256972e+00 1.202606666048505346e+01
7.960779700069189335e-01 1.069347568315449948e+01
1.848087222453536294e+00 1.085360882653987247e+01
2.578241170904638668e+00 1.343881834407177678e+01
2.389534802350087972e+00 1.255355755045454558e+01
1.168856082215951719e+00 1.144705618919853052e+01
2.140739180299579214e+00 1.157661205763632672e+01
1.974510740276339993e+00 1.206073848972003404e+01
7.234107523354948999e-01 1.053044792012980224e+01
1.210371461461646092e+00 1.177216572969558861e+01
2.582585113313163649e+00 1.291823086484623317e+01
2.285756491949797020e+00 1.273309092509041740e+01
2.542524286816995271e+00 1.285108498041148550e+01
2.193570022488121829e+00 1.184775924029956506e+01
2.456129568736075353e+00 1.240435988870656558e+01
2.565676336919668010e+00 1.321540474007075261e+01
2.113514957953344098e+00 1.095858893477614515e+01
2.169249127259039067e+00 1.236163318373103692e+01
1.669240592429263259e+00 1.273695245090098105e+01
2.625168995931355997e+00 1.300793624303235596e+01
2.859978915476864891e+00 1.340930658812264298e+01
2.280580882412011512e+00 1.240011710474837336e+01
2.294912515991183177e+00 1.233678199259145636e+01
1.608646741567269611e+00 1.272105432946543679e+01
2.113625513858262472e+00 1.157374044067769780e+01
1.837069708535451484e+00 1.177187348527326449e+01
1.932694050477489434e+00 1.065744022682995151e+01
2.488653188614313727e+00 1.199142321746076512e+01
1.819802851979109182e+00 1.074779499363054924e+01
2.357737099878060238e+00 1.258741822802129029e+01
2.516732664807172171e+00 1.186107084934564782e+01
1.990748495453758871e+00 1.120134436994250215e+01
2.228884053941488919e+00 1.100074881169608254e+01
1.998097504994087670e+00 1.249317176693410758e+01
2.284557674772361935e+00 1.236014375074266880e+01
2.485039765016878288e+00 1.283646933966246451e+01
1.392187593341794871e+00 1.232669857574254735e+01
9.564633023939177470e-01 1.118163876967019199e+01
2.077501474094358258e+00 1.092085816470949133e+01
2.436581750013315339e+00 1.360623769381625969e+01
2.497120693015411508e+00 1.253409722522273917e+01
2.016896746573235255e+00 1.157435059372852848e+01
2.831680083804914982e+00 1.352795510010324698e+01
2.146092580762919422e+00 1.195345784833246761e+01
1.936585073379936350e+00 1.243433506788844767e+01
1.757124056157946868e+00 1.300464441453962827e+01
2.589293792962250595e+00 1.226288516636861914e+01
2.121405531138823353e+00 1.092550502625177167e+01
2.480521193150325931e+00 1.320980423583262997e+01
1.947308914803329127e+00 1.228124557557846863e+01
1.529335121685283738e+00 1.268270542020420066e+01
2.121447774974318357e+00 1.226884015698831831e+01
1.682603173750252701e+00 1.203209136771318555e+01
2.551579260588119347e+00 1.284812165798834016e+01
2.545912071088874296e+00 1.335308308071057048e+01
2.265732593558843710e+00 1.255396379773919513e+01
2.371097669230424643e+00 1.172772260915996334e+01
2.354518314441206517e+00 1.183002112964323338e+01
2.062006223389345028e+00 1.240296013708037393e+01
1.871149191864830863e+00 1.151402123956546042e+01
6.346921948805528402e-01 1.101581064382796171e+01
2.471786911691961297e+00 1.237825851418030432e+01
2.634288778285179600e+00 1.338143528919959380e+01
2.528745154429730135e+00 1.315083449768456347e+01
2.168772188693646186e+00 1.107858819012289331e+01
2.642865781627421473e+00 1.310349721178965687e+01
2.322356342673703278e+00 1.146956460366206443e+01
2.658559313574208716e+00 1.387702045970585196e+01
2.447941369966019298e+00 1.210347037039307594e+01
2.124764999970321533e+00 1.179388883324775428e+01
2.090662081790103155e+00 1.299989603052564036e+01
2.185567570361951706e+00 1.143540091425290584e+01
2.040326975572465340e+00 1.205836763001553713e+01
4.440445675599219433e-01 9.512073803368057412e+00
1.462196097266794448e+00 1.177025651558546571e+01
1.913770584460079638e+00 1.111001880203149739e+01
2.317347709039600190e+00 1.302884940279676762e+01
1.962805869358469568e+00 1.098258218973555778e+01
1.350104267355261900e+00 1.120968199590243941e+01
1.489546133614418899e+00 1.194986364926485578e+01
2.301212304836643963e+00 1.236174845470569394e+01
2.482699086635916430e+00 1.243737135357055124e+01
1.906050063319846499e+00 1.201120802527626275e+01
1.313421505021916014e+00 1.119841203261001183e+01
2.521645972173998107e+00 1.387324499042449233e+01
2.180828344015182996e+00 1.144503996083656538e+01
2.058866496018559644e+00 1.171479540263142205e+01
2.128098024340102867e+00 1.256184940519636228e+01
1.989435015901956705e+00 1.188036002010499814e+01
2.126624182468233482e+00 1.169312618560678274e+01
1.819687689674292841e+00 1.109877177679411453e+01
2.269322498211412853e+00 1.146675918096593172e+01
1.895165872255288653e+00 1.213644903407104358e+01
2.429886539281531199e+00 1.321563964196320207e+01
2.175838607397940550e+00 1.233611862725915387e+01
2.066514522576733626e+00 1.201596071852648784e+01
2.361874835426569952e+00 1.341371002771056276e+01
1.707386674198800414e+00 1.268582044478722537e+01
2.225251698654683086e+00 1.216852503414233766e+01
2.526102902157178587e+00 1.251135900558286274e+01
2.349661526143209667e+00 1.312927775548848253e+01
2.355657528373368503e+00 1.269908616576363336e+01
2.079535936908575078e+00 1.290166860238994317e+01
2.757225242862238357e+00 1.345136357434428298e+01
2.518617418775103367e+00 1.297007224567489025e+01
2.331432868557763882e+00 1.148876245496637338e+01
2.520325095166564555e+00 1.269185079907179592e+01
1.734287699913898972e+00 1.144337908367009859e+01
1.625391737236947076e+00 1.234386900849812641e+01
2.362272679378791818e+00 1.355696038783505841e+01
1.743334816978218127e+00 1.258007355534481775e+01
2.432005678856494768e+00 1.264507102159000773e+01
1.791096384307382827e+00 1.168323245385325926e+01
2.000778915767011945e+00 1.164396718619969207e+01
2.730140691608486492e+00 1.272977981559858662e+01
2.048143860244881598e+00 1.205569863653451179e+01
1.621141417261239059e+00 1.245180132697607078e+01
2.430544777878326457e+00 1.245574611623999139e+01
2.468432221049312147e+00 1.306105765622651482e+01
9.400045788580302375e-01 1.203318821652432291e+01
2.597359999205815395e+00 1.307078640008766612e+01
1.333451274781691787e+00 1.147513683432166687e+01
1.984842082851144163e+00 1.070760836482631007e+01
2.236871669609629798e+00 1.247456827984817629e+01
1.959010839616614152e+00 1.088453302881227103e+01
2.408172294200715768e+00 1.230927452282244516e+01
2.428957539084226180e+00 1.288940385572769642e+01
1.461464146348510518e+00 1.232123159778725352e+01
2.347423461679733592e+00 1.318282976726382927e+01
2.299909073942748794e+00 1.095341113738844641e+01
2.378969954479457805e+00 1.312510306672770000e+01
9.102072024968689279e-01 1.192091022203415562e+01
2.036653481588248660e+00 1.224410920987696372e+01
1.310921094966763123e+00 1.158398594066627041e+01
2.599480928817401448e+00 1.337357762857068799e+01
2.308599194605687188e+00 1.315845584399827750e+01
2.561554087915058009e+00 1.348422717340234200e+01
2.382534895208813008e+00 1.201497836474863767e+01
1.883949201092234071e+00 1.136531048501877805e+01
2.288881056312454643e+00 1.254011752612693087e+01
2.627568320601990415e+00 1.281757425230690117e+01
2.317211185137845408e+00 1.130420534677041466e+01
1.925884168710052080e+00 1.298299559016143512e+01
2.328861495558616213e+00 1.251394378791041895e+01
1.888597788963303659e+00 1.134648721091810764e+01
1.523428742333125419e+00 1.227312841392333098e+01
2.596922301729294613e+00 1.290760657303065528e+01
1.929895277760067529e+00 1.333419851931817313e+01
1.343251285597261813e+00 1.137494526264558736e+01
2.097276666044709970e+00 1.190974272005086299e+01
1.103820566521984681e+00 1.166837480961289231e+01
1.974707541727470428e+00 1.196025076920557773e+01
2.652909608174401246e+00 1.302128102275550781e+01
2.117320306599527413e+00 1.113426085517411757e+01
2.468370252208933913e+00 1.230181081696024314e+01
2.243102157645362027e+00 1.302590149874336234e+01
2.236002226545575677e+00 1.179777997714741211e+01
2.348641894537220498e+00 1.266792587412667537e+01
2.350125162816754099e+00 1.299452906205404012e+01
1.562139963220287475e+00 1.140971915967015526e+01
2.590167386891526480e+00 1.314969810626821101e+01
2.349381778345880800e+00 1.243840251017904386e+01
2.255634780233451764e+00 1.095008167218430195e+01
2.175991091160608626e+00 1.117142406086384732e+01
2.561839238751235204e+00 1.336666513014888125e+01
2.230604059741787548e+00 1.253667360630962690e+01
2.014468925406608157e+00 1.132101831477206666e+01
1.167323436815437487e+00 1.136503041932216895e+01
2.001567138817363034e+00 1.132782416660258562e+01
2.803861363785179250e+00 1.364834693353867578e+01
2.398949880644752231e+00 1.277961035499071052e+01
2.291151232801779791e+00 1.133319714120023036e+01
1.790373998353513629e+00 1.262276634079929494e+01
2.104612243819630635e+00 1.064698553664778302e+01
2.552856192271982572e+00 1.320394536837689614e+01
2.512443446303650685e+00 1.349045902387835127e+01
2.393946710194982508e+00 1.121175683889697972e+01
2.270733274832292814e+00 1.267663293071873021e+01
2.388186147670405379e+00 1.332381585486060516e+01
2.042268536163876824e+00 1.134873758087523932e+01
2.593799035460099489e+00 1.258617027830475621e+01
2.299597110142030942e+00 1.230688764864341067e+01
2.642153844292592701e+00 1.317074177682520997e+01
1.584363268343317754e+00 1.089844629422504951e+01
2.050975186861642818e+00 1.324314250334040288e+01
2.340015999487528031e+00 1.286466442099447072e+01
1.809854820695314448e+00 1.118287013406525787e+01
2.075937289809784314e+00 1.224543283243474079e+01
2.619596626673068585e+00 1.303931309100174296e+01
1.746453277179413455e+00 1.257363316693629329e+01
2.167357869482509081e+00 1.179198920933412431e+01
1.900834877512805221e+00 1.172334498580585738e+01
2.238830994162524846e+00 1.085783738812845378e+01
2.049102847255806381e+00 1.125780085421234666e+01
1.811791814296052738e+00 1.141007571803400822e+01
1.959329384635576821e+00 1.148009078266243677e+01
1.786351845950351347e+00 1.213020500460266327e+01
1.522576585095323232e+00 1.189116324622014709e+01
2.213310988083742714e+00 1.312825633817216442e+01
2.163254717182527820e+00 1.210044718982046952e+01
2.083428709629410847e+00 1.303747458346260046e+01
2.211531025426954677e+00 1.136532889908334987e+01
2.765247998374822380e+00 1.335361792669323222e+01
1.942216789067930494e+00 1.154990741158708722e+01
2.154647014180929077e+00 1.316399435946784990e+01
1.686758939558648862e+00 1.174308071513399554e+01
1.900939489400773397e+00 1.109159611148514024e+01
1.787297230051857921e+00 1.333588337871448282e+01
2.047997793215717177e+00 1.181402095850729239e+01
2.426523126825760102e+00 1.207730705961793838e+01
1.693607918962118708e+00 1.226247041722818132e+01
2.032075032256820180e+00 1.178525809905951149e+01
2.000467428116861957e+00 1.230940865952548613e+01
2.079039177734524735e+00 1.204197761165826819e+01
2.550995246505500802e+00 1.333331376132722923e+01
2.256225230063314768e+00 1.335350218893379370e+01
2.389218584897563780e+00 1.335792720308769788e+01
2.478022419963686218e+00 1.264817472767300721e+01
2.089762715564355222e+00 1.061075742498839958e+01
1.829959163340698414e+00 1.073254497344427350e+01
2.091265071055457447e+00 1.213240237743386807e+01
2.125210546303086812e+00 1.120448090934792518e+01
7.698088209441369401e-01 1.155524275478688701e+01
2.307512043517156997e+00 1.127569858993566143e+01
2.057860352860378494e+00 1.040157932647056604e+01
2.204197225887599032e+00 1.190967124414623335e+01
2.109268960491375910e+00 1.317655801014188199e+01
2.548563284537350704e+00 1.212796506361627102e+01
2.116713253205929846e+00 1.110655113208979294e+01
1.890902762628338118e+00 1.190277769156253385e+01
1.907786673542323452e+00 1.233472481550464472e+01
2.334818597435110998e+00 1.283873308206925401e+01
2.408541259137159329e+00 1.239414156351654128e+01
2.526239376777529966e+00 1.421538534038930734e+01
2.769991983439426875e+00 1.352238091484920091e+01
2.605572994122530517e+00 1.334956241935920751e+01
1.701463764144377278e+00 1.093255380786228415e+01
2.374576295119909641e+00 1.267119961806450235e+01
2.589848356919706163e+00 1.258541031030708979e+01
2.177458471899914816e+00 1.200474336173668455e+01
2.230322823273588995e+00 1.167868118477091421e+01
2.155894714885902008e+00 1.147278949343592913e+01
2.479169021525913230e+00 1.356734351606663935e+01
2.453906040182670889e+00 1.211851326862971057e+01
2.177540225858741518e+00 1.113478478130036997e+01
2.113357433643994643e+00 1.270044185154113947e+01
2.429705127249393026e+00 1.265519713887626807e+01
1.407576781968096435e+00 1.234724229772466053e+01
2.263832352003148252e+00 1.114487225070701726e+01
2.516574482885886255e+00 1.255164496907392468e+01
2.851077299376899354e+00 1.367201005602350072e+01
2.480202587485992982e+00 1.312398677403173686e+01
2.154605454563769396e+00 1.101065129914190877e+01
2.437872001547820577e+00 1.197551047937206725e+01
1.684062566751128420e+00 1.143162302163029054e+01
2.415363087308866064e+00 1.286887957818718320e+01
2.022132137357989912e+00 1.225777584631118700e+01
1.141745476714540963e+00 1.184405841730593423e+01
2.583195633291592852e+00 1.346962162958628184e+01
1.852162801597169839e+00 1.184490993659121294e+01
1.969803827071666458e+00 1.120223015963348878e+01
1.867764192397993073e+00 1.173777047641504545e+01
1.982883959217005332e+00 1.069396384546789136e+01
2.453392798556913057e+00 1.341985586458309854e+01
2.243972903922370588e+00 1.342533854268797633e+01
2.197824126172259529e+00 1.278399829599459814e+01
2.360787907061680624e+00 1.289078792291242870e+01
1.972759171464609107e+00 1.144065599470593320e+01
2.214009809610310686e+00 1.130047587959731992e+01
1.891499964352366447e+00 1.146533538284529463e+01
2.493900103731023332e+00 1.282662104170126760e+01
6.798472783603858316e-01 1.079141290655943841e+01
1.646398147146503010e+00 1.146328763943272833e+01
1.941185321254675245e+00 1.174490867839994657e+01
1.473804934567737090e+00 1.225617831192272789e+01
2.080914842094234274e+00 1.289451421874995063e+01
1.978834628116060701e+00 1.109631809925893720e+01
2.294777262623886038e+00 1.200986095013862709e+01
2.020079140799069251e+00 1.201293738463932392e+01
2.304149536358734984e+00 1.231381238125014654e+01
1.257502067802892531e+00 1.197103752460283488e+01
2.535162567735849581e+00 1.315762555718915472e+01
2.211004197368220847e+00 1.243937271276672440e+01
2.400378001875355771e+00 1.232778674179238720e+01
1.983333983190020300e+00 1.148834786891723958e+01
1.142048274099428440e+00 1.158967777420663303e+01
2.741135593162917772e+00 1.346424120222087062e+01
2.015465534564314876e+00 1.209584753981413741e+01
2.170744404890520673e+00 1.115318092967516961e+01
1.923314447134935268e+00 1.208352779653602305e+01
6.511315897731821956e-01 1.201901464295307420e+01
2.420575629800313600e+00 1.365142141551929100e+01
1.831543733144929131e+00 1.218210147428619017e+01
2.041583407587011401e+00 1.218028649775242833e+01
1.645454273084360208e+00 1.125216037380357825e+01
1.953802395958749827e+00 1.281484144015282922e+01
7.587926597450268540e-01 1.071313518793017749e+01
2.311920874847158025e+00 1.258206972067920049e+01
2.206660005467767416e+00 1.131342660321790561e+01
2.332873677257056855e+00 1.259789188171341578e+01
1.567615018293984974e+00 1.156052891285489359e+01
1.230382326684819505e+00 1.195585196668081274e+01
2.375859830374325909e+00 1.159006509201826596e+01
2.312323847717016712e+00 1.215287436187292158e+01
2.408695750944506386e+00 1.290391594866437330e+01
1.986821800532689641e+00 1.033454814231543040e+01
1.957437119485965882e+00 1.072384055042737927e+01
2.026561092703992095e+00 1.090009705403429230e+01
2.256016056007079662e+00 1.168528814532774440e+01
2.616332397746927718e+00 1.254981548799455915e+01
1.357949381029772695e+00 1.127956053560433425e+01
2.842597972301041498e+00 1.373759117702730670e+01
1.516841213016646428e+00 1.193395376114088791e+01
2.587243860870109380e+00 1.245064605201529417e+01
2.546189528792914381e+00 1.296960604334718248e+01
2.396572569830761168e+00 1.222369373600705345e+01
2.598429026344684978e+00 1.260799254381006840e+01
1.896030547155331814e+00 1.178575749025656094e+01
8.749285659086046829e-01 1.170748152011794119e+01
2.121831254231983266e+00 1.317257554310407919e+01
2.157542451385847215e+00 1.325833509940572341e+01
2.471585142568950122e+00 1.253777353948571083e+01
1.836191732394779397e+00 1.226855193691031332e+01
1.685965122566701391e+00 1.145094024185577020e+01
1.147130710608630588e+00 1.240807279207910341e+01
2.049288505280810746e+00 1.280382524865833282e+01
1.974981423317981877e+00 1.067694711122440943e+01
2.154557775528702201e+00 1.143830144916091562e+01
1.240735343758025078e+00 1.108768557289030809e+01
2.012387109025350451e+00 1.103407317764297879e+01
2.208839593604634555e+00 1.184329928266592979e+01
2.645453342226394611e+00 1.285692929599995793e+01
2.197016326544615872e+00 1.222784327317455499e+01
2.381557709396743494e+00 1.279299581152742071e+01
2.406011017102969607e+00 1.196326630594935558e+01
2.116910195821707141e+00 1.128677369272012498e+01
9.883844428765140577e-01 1.122221384897639318e+01
1.681506853374766575e+00 1.235350282983679371e+01
2.006390539257185246e+00 1.207485681116095044e+01
2.512048489658931683e+00 1.306510056632868988e+01
1.913337745694242642e+00 1.166532474182552725e+01
1.842336843091114895e+00 1.269118127824695996e+01
1.748953347147388371e+00 1.287274285243727334e+01
2.115421421356853848e+00 1.274335485833901949e+01
2.218623842193130358e+00 1.130652104158779458e+01
2.716103822161539227e+00 1.313016173848389911e+01
2.140801573598508867e+00 1.124513252318978296e+01
2.135125195201595272e+00 1.100402230006861082e+01
2.286240721313918201e+00 1.229328488965166954e+01
2.413166610376543453e+00 1.257973109851851312e+01
2.343270736843144242e+00 1.367279394341524501e+01
1.445215784799575465e+00 1.123763612375369014e+01
2.303322281472680366e+00 1.166628352911260613e+01
1.919246323711898627e+00 1.248480921287702650e+01
1.978842072661052720e+00 1.311447164837776036e+01
2.201935908749925286e+00 1.094780616146911356e+01
2.199635573784136433e+00 1.212800493746876995e+01
2.221440518682115339e+00 1.071525245586401809e+01
2.092072560817342719e+00 1.283067722009022482e+01
2.429006088742871050e+00 1.379213072950707364e+01
2.268026339158592197e+00 1.239384566358420514e+01
2.230234621681674412e+00 1.197045874277537969e+01
2.178022336204171516e+00 1.180569026307530933e+01
2.675496645063477175e+00 1.303012441718973236e+01
2.110829880131388947e+00 1.127465110837617246e+01
1.578049303603459075e+00 1.193460199967801039e+01
1.971694026681167333e+00 1.144148678372040351e+01
1.487387573506633309e+00 1.187053035558003522e+01
1.235882628524373583e+00 1.241536369418884789e+01
1.862549960426159945e+00 1.300345989649205158e+01
2.278188683523579172e+00 1.217711840361179831e+01
1.840113418906150988e+00 1.188260691448502904e+01
2.146061943008473083e+00 1.106041860845302693e+01
1.162065662149483591e+00 1.164540928585653923e+01
2.450347049923363940e+00 1.270352205524570799e+01
1.641170780926106021e+00 1.204120852384223639e+01
2.615089606642602149e+00 1.362649100572792271e+01
1.678175702723597729e+00 1.154085301981683109e+01
1.940903324142781772e+00 1.325616459123897428e+01
2.546417973242769861e+00 1.237477459860657980e+01
2.456513818416634631e+00 1.352626093924586925e+01
1.300089886356654123e+00 1.209810595331876826e+01
1.990179560879718146e+00 1.289511822400261387e+01
1.931028183026394673e+00 1.235700476876388798e+01
1.848013919885169720e+00 1.142401817840545242e+01
2.568656467417510747e+00 1.306606268205887211e+01
1.726583886047155847e+00 1.185679793248816161e+01
2.104880652003070285e+00 1.186760287101559186e+01
2.122018401387811615e+00 1.181628615846058317e+01
2.403431312315495560e+00 1.277484919249373441e+01
1.139721942443345570e+00 1.254428926696963664e+01
2.213801778848931701e+00 1.132191887610316705e+01
2.829270925445928508e+00 1.346632793389107619e+01
2.124748954270953671e+00 1.043574057782197428e+01
2.411968461571670996e+00 1.220098738397970983e+01
2.214178566503508527e+00 1.204448368235840405e+01
2.415364434133178140e+00 1.213645830643219092e+01
2.467145093589202975e+00 1.283450434857776123e+01
1.203255150514972227e+00 1.147480219521408351e+01
2.378222826529921452e+00 1.293550442789180011e+01
2.320916080857534869e+00 1.236282301048287735e+01
2.213453781518589736e+00 1.148001585507297229e+01
2.397788513136890121e+00 1.199360772418982357e+01
2.100964112161006092e+00 1.188370745267444839e+01
1.378056704236846786e+00 1.166125537629121922e+01
1.532599165104879146e+00 1.293718329057361238e+01
1.341548047707635805e+00 1.109832915510618889e+01
2.471593645386334526e+00 1.317956789533219819e+01
2.614269655965141936e+00 1.328388836333073364e+01
2.125634416913769531e+00 1.154568456936599929e+01
1.964858897319371911e+00 1.146224420020409873e+01
2.212109631034219870e+00 1.110934593406650883e+01
2.415083433900534260e+00 1.273028870251486389e+01
2.294521698313248592e+00 1.160483736228574259e+01
2.259268265152716282e+00 1.154049629539277255e+01
2.204738773011075015e+00 1.182345170692125258e+01
1.687004198583132997e+00 1.300167922465269754e+01
1.991155088118749195e+00 1.247426778940158343e+01
2.032853581787449571e+00 1.170426308993779863e+01
1.920497770652758840e+00 1.086875756146118022e+01
7.197388109602507189e-01 1.173185107544350636e+01
1.620500726088540233e+00 1.187853864896932343e+01
2.431267170964524826e+00 1.288939611449320743e+01
1.908577200070946667e+00 1.203504522856882808e+01
1.761085639701747585e+00 1.134717424914984996e+01
2.465832962847321230e+00 1.250348874476401306e+01
2.294965695854138676e+00 1.227515199955025871e+01
2.049635817082678280e+00 1.240503927107411464e+01
2.614160918875887862e+00 1.258155946202532327e+01
2.070300978997073216e+00 1.041959221128308144e+01
1.963528295830556436e+00 1.178254352727000054e+01
2.558087204165110595e+00 1.212011683247451366e+01
2.538490386593384773e+00 1.247997313572436084e+01
2.149813407389638442e+00 1.157620825210204529e+01
2.344294359319746945e+00 1.186818774917671071e+01
2.696321857805535682e+00 1.338340208585426439e+01
2.829678133754722325e+00 1.365635215708274686e+01
1.977884878680566061e+00 1.248397160225275293e+01
1.731684609338445480e+00 1.105814761656809431e+01
1.897937097703221054e+00 1.164873542170104415e+01
1.060919677878048084e+00 1.078226039200390751e+01
2.324303607212457656e+00 1.263433823622892405e+01
2.370989639756509781e+00 1.220047502148609375e+01
2.209135111431657084e+00 1.119636530067541891e+01
2.661757234581346943e+00 1.301192187279545998e+01
1.800788975051247354e+00 1.209343257938443728e+01
2.309282936389421170e+00 1.202511962625872499e+01
1.299553265374034039e+00 1.165518036863598006e+01
2.316648795765335223e+00 1.220550027493298018e+01
2.588421165091545628e+00 1.282755951313857956e+01
2.522742259677523968e+00 1.322332831245805984e+01
2.596620216241500856e+00 1.292850227709102207e+01
2.506875375190475541e+00 1.251847731126687080e+01
2.758064916518708998e+00 1.369520275613802340e+01
2.488979491907982844e+00 1.256043453126702758e+01
2.649345759265474776e+00 1.320854908358644053e+01
2.538249999684645264e+00 1.392442234162386683e+01
8.671970490101855722e-01 1.018094177849932613e+01
1.705973234732018007e+00 1.222087214613203265e+01
2.484788579873424830e+00 1.252761476486893599e+01
1.679540671219933667e+00 1.180586570720721440e+01
2.687837363876251828e+00 1.317046533142256948e+01
2.014799446825544571e+00 1.283248257934273440e+01
2.366002165698267046e+00 1.153743656951950314e+01
1.419100864283110885e+00 1.253521939252330775e+01
2.086174314795757212e+00 1.122839631501139124e+01
2.225886881062543399e+00 1.277611889251191180e+01
2.289206388908452627e+00 1.311171401033464967e+01
2.495075161144016729e+00 1.251456504442686501e+01
1.988153471113914827e+00 1.302794749601377333e+01
2.365855448564231800e+00 1.147769869977542001e+01
1.979222046457753459e+00 1.214382266215455886e+01
2.122568955104658706e+00 1.041891106341886974e+01
2.634481907158120251e+00 1.262308719920210720e+01
2.071559701102759998e+00 1.068044773102113076e+01
8.090530643440234648e-01 9.950067370094844321e+00
2.136299173928492667e+00 1.201530466042914469e+01
2.118170975302587244e+00 1.079540773314383983e+01
2.101761318803347489e+00 1.101960821796589585e+01
2.393019759599097629e+00 1.230737487697077270e+01
7.455031510518542737e-01 1.030278493268070683e+01
2.141494928414415355e+00 1.175868373597863759e+01
1.465513770108248126e+00 1.252012478853756505e+01
2.632975930960406608e+00 1.264636953531517349e+01
2.350741848772898823e+00 1.245910618224104560e+01
2.135220117872226098e+00 1.184210380807572527e+01
2.028160530030605813e+00 1.317886731542410317e+01
2.529921051672980870e+00 1.324188070199925704e+01
2.076777985460404707e+00 1.209832591187018913e+01
2.590807023093450567e+00 1.262637365017286051e+01
1.280765820519989884e+00 1.203700603183614604e+01
2.453610869635199254e+00 1.293390508810743533e+01
2.340701549982281193e+00 1.285880497747218243e+01
2.790416534791169578e+00 1.343822173900057315e+01
2.076942906270435429e+00 1.195538517653206334e+01
2.056540428597231962e+00 1.152030120389529522e+01
2.021359659121477748e+00 1.089729646955599129e+01
2.151422226830614015e+00 1.274409898222056903e+01
7.311608568616825288e-01 1.129463612808593354e+01
2.124902347224199239e+00 1.170915818823822363e+01
2.081282085678330507e+00 1.114295963330202710e+01
2.046435114034169889e+00 1.097154398428695821e+01
1.970080517881273696e+00 1.171035055126393942e+01
2.449956237845985374e+00 1.256251874624344822e+01
1.929006979047239501e+00 1.108325554522168055e+01
2.399627894351403778e+00 1.304333185225076264e+01
1.785303875709315147e+00 1.242455136880425748e+01
2.227281865129111083e+00 1.164680982468693671e+01
2.105011406567366183e+00 1.345348845447731456e+01
2.007033167176039967e+00 1.182880873761673080e+01
2.084742251388369549e+00 1.196579034364558325e+01
2.020012381653814693e+00 1.172185814221482758e+01
1.917631374987278425e+00 1.059395480757878438e+01
2.269653744021609576e+00 1.216255338616765336e+01
1.986817017852543055e+00 1.089999452026305704e+01
8.698629173953505989e-01 1.189126360397039406e+01
2.570257067981307486e+00 1.292360206111541032e+01
1.781563692286022516e+00 1.243316357798541816e+01
2.158205186561775513e+00 1.265685436223274785e+01
2.221880474037924991e+00 1.075492604687661391e+01
1.993575157897844230e+00 1.157887548807763345e+01
2.240657427671700397e+00 1.207952868982875749e+01
1.999835085342295038e+00 1.222947757360276988e+01
1.845292456647894097e+00 1.102262227942270911e+01
1.701533536968828475e+00 1.101355909659752541e+01
2.553836374395187736e+00 1.266615339826973674e+01
2.127807264048749314e+00 1.280996646767431635e+01
1.982748604980592022e+00 1.299193205112993432e+01
1.020903782107086766e+00 9.923955742319494178e+00
2.597524125868317046e+00 1.335362764024385207e+01
2.413993902569287364e+00 1.290964108704348412e+01
1.605818189947044727e+00 1.181827508774497026e+01
1.957435026598737915e+00 1.157015398698400155e+01
2.304538013822687414e+00 1.270499006922339014e+01
1.093376871984158560e+00 1.191401934373705451e+01
2.811355472759679230e+00 1.330701395854728553e+01
2.772887148131685908e+00 1.350342309476771696e+01
2.228724021410154688e+00 1.148315041222264909e+01
2.802396260433806852e+00 1.339423716874776815e+01
2.039093475083501250e+00 1.159853552007506750e+01
2.287314072688187316e+00 1.264597212370141222e+01
2.046101722220668773e+00 1.135873072670406181e+01
2.603819718626394053e+00 1.339599690163752221e+01
1.348826498008893982e+00 1.166974897276702272e+01
2.408398007040548183e+00 1.198557745909408645e+01
2.635917497472314519e+00 1.380733078322869112e+01
1.812780007402453153e+00 1.291614120114424225e+01
2.332778326346298670e+00 1.194210649847656747e+01
2.237503396688124813e+00 1.270272975328127885e+01
2.649518935127201047e+00 1.319731716763698337e+01
2.313641011175086692e+00 1.285884376819096531e+01
2.358273219577403434e+00 1.281703688386992468e+01
2.129282276321926570e+00 1.220266937235498794e+01
2.276682554291740601e+00 1.222457924569169130e+01
1.170987625088226514e+00 1.198089878673093445e+01
2.108365849198156727e+00 1.127818271299170050e+01
2.056181506567068773e+00 1.135051340686660026e+01
1.305340345934600466e+00 1.193464818608625855e+01
2.248477161851925921e+00 1.095154102028710064e+01
2.351932185566472100e+00 1.257464209131347488e+01
2.612706048579411799e+00 1.303337645663555300e+01
2.153011845685181669e+00 1.282458917491115713e+01
2.500085886185927642e+00 1.204429141258890112e+01
2.065792936714240913e+00 1.106088354321279787e+01
2.211372750134865228e+00 1.208951738898986505e+01
2.375699711731023012e+00 1.251597041067819305e+01
1.580259018074798405e+00 1.280217860603557156e+01
1.972770243230342890e+00 1.085964007345490145e+01
2.088143770582928660e+00 1.101958269289509929e+01
2.286979099487492118e+00 1.114717667992115935e+01
2.486136547128817931e+00 1.208946429146842405e+01
2.650972106204667167e+00 1.294476662041045323e+01
1.230245393315871905e+00 1.220482839058191438e+01
2.529211015035413901e+00 1.289889086044090050e+01
2.274842800819401489e+00 1.128498342743847793e+01
9.708806022435982896e-01 1.149919234326537243e+01
1.990142182179916341e+00 1.192125024997700500e+01
2.842547354126595760e+00 1.352926960053391525e+01
2.064577436129864108e+00 1.044687917358866258e+01
1.824371757606934263e+00 1.080913502315226893e+01
2.055998311683992164e+00 1.255266085104803508e+01
2.107757707345074394e+00 1.204373750767794249e+01
2.713166843289955388e+00 1.279039797730154326e+01
2.399835474527261425e+00 1.239654030608068069e+01
9.928055290063059202e-01 1.178824053559974772e+01
2.390524460335762935e+00 1.221486776481250836e+01
2.067966026375040567e+00 1.282393890321968577e+01
1.954081201141083524e+00 1.255286381466141421e+01
2.116749928883382204e+00 1.302417500312847487e+01
2.234436533043168360e+00 1.150890734711928687e+01
2.197926101793412190e+00 1.209166497701360399e+01
2.110701184371341910e+00 1.237546803222419278e+01
2.014161165703396428e+00 1.129459507741058921e+01
2.143918867126170635e+00 1.130002161311884556e+01
1.964875785438188194e+00 1.302537002315938963e+01
1.820442674830937912e+00 1.115360472070447351e+01
1.867819387606015624e+00 1.059999804256137956e+01
2.176793705800919465e+00 1.264748632164101494e+01
1.463708243025591882e+00 1.168837821353353590e+01
1.970182111615118359e+00 1.135604997834023244e+01
1.979815843133639230e+00 1.119614134630753810e+01
2.176176019583090149e+00 1.271204898981430986e+01
2.203667007528167687e+00 1.234918262182244142e+01
4.832398224555773392e-01 1.047557205192190999e+01
1.999935890310355013e+00 1.176932623250545440e+01
2.179472601483144256e+00 1.166630377216487702e+01
1.642385938788726518e+00 1.212112309194342075e+01
2.183519731776721429e+00 1.227077276955017382e+01
4.299326101054698479e-01 1.052617649958459189e+01
2.347058353118297358e+00 1.210548200004437547e+01
1.980923452179494948e+00 1.234850948991812913e+01
1.982342500470330338e+00 1.231663340140794105e+01
2.153015607643470108e+00 1.157900580096946186e+01
1.904282131027287939e+00 1.201143805445087409e+01
2.664688918747041946e+00 1.292277129432974547e+01
1.895223040141367665e+00 1.155809410592308417e+01
2.723183910438227162e+00 1.277806518163533234e+01
2.218869231175123691e+00 1.167378606242431260e+01
2.759984294182439069e+00 1.348275366734717728e+01
1.909168887322594932e+00 1.171239479491029378e+01
2.254884488473577697e+00 1.197943761489169923e+01
2.000051489488227308e+00 1.195725309077573328e+01
2.080165264040152007e+00 1.167242472002757303e+01
2.400781645284229882e+00 1.286436640476179605e+01
2.499055423455178282e+00 1.283720384169110140e+01
2.104648985704972386e+00 1.162036256716307570e+01
2.387948378270178917e+00 1.268656914534422953e+01
2.204314733243177837e+00 1.311016922569535659e+01
1.881617875619296498e+00 1.310162818930491824e+01
2.379786751724854099e+00 1.268107685252701344e+01
2.335890719911430491e+00 1.267369303171278005e+01
2.415659531211504785e+00 1.308417411460128932e+01
2.099541231928446550e+00 1.115112289954687697e+01
2.056384902778376489e+00 1.216097843939263434e+01
2.546524581302826995e+00 1.359494170467246299e+01
1.614646157702745555e+00 1.192063639462568858e+01
2.163122716499448650e+00 1.057977173734455612e+01
2.221116594776674447e+00 1.079389433416293897e+01
2.449603195632837682e+00 1.249755452605423933e+01
7.525167630827348519e-01 1.149474024595098065e+01
2.056433629557889553e+00 1.087704589927716192e+01
2.999325303108287821e-01 1.034261521814520179e+01
2.388750581647131277e+00 1.301828118517161492e+01
2.385808199991122702e+00 1.304747219021841431e+01
1.784876346441843342e+00 1.095347392941147469e+01
1.331679127612027003e+00 1.131902039151124484e+01
1.958663639940968038e+00 1.138122150971313040e+01
2.229386683700120830e+00 1.256765098686348203e+01
1.918762355820060828e+00 1.114004986635585404e+01
2.216566871115535964e+00 1.168515266930197605e+01
2.582158865327969455e+00 1.328830711222096994e+01
1.903395909779390660e+00 1.124517517210430917e+01
2.153472787213134065e+00 1.248679193864287562e+01
2.648571973124588030e+00 1.264592402357046552e+01
2.494408061643011099e+00 1.300585870770372843e+01
2.472249984627477470e+00 1.311234557226074138e+01
2.197194994795329759e+00 1.197075276957612999e+01
2.179305491852851606e+00 1.237148522662177363e+01
2.743120894180217206e+00 1.314813569966789153e+01
2.278406556860245846e+00 1.321533098503935832e+01
1.722813550354151957e+00 1.260312563314544043e+01
2.588679557005837406e+00 1.248151531306977091e+01
2.045500671195014331e+00 1.209518951628910699e+01
1.275335963508806181e+00 1.034373461002028805e+01
1.976003001694781602e+00 1.074168359595947386e+01
2.634028304621391037e+00 1.376988028319273560e+01
2.364702874450596237e+00 1.343095405096602235e+01
1.085426422374554667e+00 1.166415250260607728e+01
2.018045906137284629e+00 1.146795467217131126e+01
1.980426810346454181e+00 1.230453041244982337e+01
2.101404147053562266e+00 1.017395877368959667e+01
1.808340932224812958e+00 1.119951900645323839e+01
2.387603914278193518e+00 1.301877714660538565e+01
2.623991109821846468e+00 1.308958088028379407e+01
1.906951116048645201e+00 1.159659635534099031e+01
2.338215297808793114e+00 1.247530190650483739e+01
2.566479532448386003e+00 1.277373260846152370e+01
2.537968034596581823e+00 1.363687748820857770e+01
2.189240511963778779e+00 1.151072795816214800e+01
2.552815727687148151e+00 1.282233664670916973e+01
2.119306969600646795e+00 1.221348949728113986e+01
2.607100870386950930e+00 1.298198958498436539e+01
2.600434825761337443e+00 1.322989582136024644e+01
1.255356526970102360e+00 1.231054778995433807e+01
2.328266032837996935e+00 1.234074421014100764e+01
8.277028202119286471e-01 1.099291332487858774e+01
2.439370159271813332e+00 1.216685330979009549e+01
2.142802563288996875e+00 1.049908639642533892e+01
2.024735809491283955e+00 1.100770825957145327e+01
2.484387131087525624e+00 1.282377043325633892e+01
4.210576376339835170e-01 1.026526992513861813e+01
1.997288046651859661e+00 1.220883426047125830e+01
2.651590229482084560e+00 1.257096325352669375e+01
2.117005372759213078e+00 1.155219454694534242e+01
1.950388196296749754e+00 1.227207799609806393e+01
2.261776860235606534e+00 1.128141268847118539e+01
2.258718419066064076e+00 1.135128557034364682e+01
2.288448004602309904e+00 1.187956004081937778e+01
1.883202030417210571e+00 1.168820854784587482e+01
2.289085842717739627e+00 1.283163470358467428e+01
2.513931057602003083e+00 1.248831925282066280e+01
2.513046327476775588e+00 1.250331115512962654e+01
2.222946835453806891e+00 1.220231787138974333e+01
2.116114054298336544e+00 1.265581415663991116e+01
2.122826148138122537e+00 1.243796090990303860e+01
2.172499857683656721e+00 1.113281270119127164e+01
2.696963214791284980e+00 1.367604146811019383e+01
2.018755203699396095e+00 1.280116697435870776e+01
2.176941055052313612e+00 1.211616624037514178e+01
1.772423610655335713e+00 1.194284601209487739e+01
2.505671324091088614e+00 1.287216263112845560e+01
2.236217871842236526e+00 1.117036569780822397e+01
1.591499290204256400e+00 1.119340700909941866e+01
2.058965111090969469e+00 1.106384398175593908e+01
2.405999876097373757e+00 1.374255856059153835e+01
2.066428452093019175e+00 1.358346993839555594e+01
2.480916102847985805e+00 1.231491948458368846e+01
1.938487846263586833e+00 1.250466416111973800e+01
1.984759386880817988e+00 1.231483906329656719e+01
2.602775723845509592e+00 1.240096372272491188e+01
2.119914577629451014e+00 1.160262658191003382e+01
2.538894752140139044e+00 1.339230155574670711e+01
2.152632241634274024e+00 1.145468575752068752e+01
2.497292305918745292e+00 1.294138775215360049e+01
2.488811064484267366e+00 1.296884344898994534e+01
2.031545792175220910e+00 1.199625387901972751e+01
2.367329805583887392e+00 1.283740552909958410e+01
2.101260816347011673e+00 1.320516959725225092e+01
2.120914338818733924e+00 1.126668500278017682e+01
2.215711001778482903e+00 1.258740371165027128e+01
1.671100694457125169e+00 1.260745994056349417e+01
2.422505281059123661e+00 1.266640473813264478e+01
2.238295273418011266e+00 1.348249442297984224e+01
2.161296479251273883e+00 1.126653621646074122e+01
2.014956662353724504e+00 1.113830612954690302e+01
1.195481740461466602e+00 1.221384341095033754e+01
2.123560059624491902e+00 1.193653972550877640e+01
2.012667588243691075e+00 1.163131889754648363e+01
5.004818691895439597e-01 9.627750113906543561e+00
1.472874666900256146e+00 1.184756209804391069e+01
2.040209234838975760e+00 1.195957112223940122e+01
2.183626846148952971e+00 1.184421008071297088e+01
1.847741770414149887e+00 1.281649831977687093e+01
2.484668024385062512e+00 1.244682300093835003e+01
2.358245365645873726e+00 1.330717184033029099e+01
2.139311050720221985e+00 1.259158132736583191e+01
2.535224223132408028e+00 1.243602089611742656e+01
2.335986836985227022e+00 1.278320973676168393e+01
2.121094716842687244e+00 1.183684654616314269e+01
1.971993981864511580e+00 1.228806631058408350e+01
2.266597625009202588e+00 1.218059728506314343e+01
2.369901786557602197e+00 1.171692434772384672e+01
1.985615791846632172e+00 1.198227214717700662e+01
2.828392869020295741e+00 1.342963678506793279e+01
2.399664543999170618e+00 1.290960083869676112e+01
2.401602485088944139e+00 1.290450994307922628e+01
1.984101194734829043e+00 1.183717489868785044e+01
1.759577717252483575e+00 1.168700644324304250e+01
1.941466251219137851e+00 1.149072093335205835e+01
2.123559942008499402e+00 1.146294477017920421e+01
2.063108383074935048e+00 1.218723999071501218e+01
1.494137784592166174e+00 1.256620978917092479e+01
7.136249108655849938e-01 1.005276865388249519e+01
2.348244561281922049e+00 1.251464371056122538e+01
2.235601280037184502e+00 1.148703594272776130e+01
2.234394268001552941e+00 1.341445479468257318e+01
2.182697445929854929e+00 1.283888093627727578e+01
2.323166933169921844e+00 1.244689360984370197e+01
2.483304377071573477e+00 1.325594774202864379e+01
1.919331063549782446e+00 1.300701712674504762e+01
2.009690456236766121e+00 1.293990391211620583e+01
2.481163957818890431e+00 1.265420308714885778e+01
2.102054907291932118e+00 1.055947473038324347e+01
1.883186093847802001e+00 1.199518343498101913e+01
1.726012726471097602e+00 1.234840396006802798e+01
2.659752112841172966e+00 1.361446971895783520e+01
2.149386031241533601e+00 1.291669223377347997e+01
2.239237529066623544e+00 1.327950503028135110e+01
1.702023099200871803e+00 1.121434990600698356e+01
2.249105747928400234e+00 1.131637926457944587e+01
2.319445323218843669e+00 1.147814980548456099e+01
1.753036215365856076e+00 1.222485648101440248e+01
1.525306088503745716e+00 1.252274964554500514e+01
2.183485220828064843e+00 1.184013327329487808e+01
2.316057041836049990e+00 1.304495160001732579e+01
2.300895199226075327e+00 1.210107837652437546e+01
1.909009994174030611e+00 1.130517648382608797e+01
2.261901753258584336e+00 1.327229093240724822e+01
1.458320929986036463e+00 1.218484393165774904e+01
2.260461994997823520e+00 1.305858481759377732e+01
2.552839647629948860e+00 1.317398736432262751e+01
2.285887569151829002e+00 1.331395535705339661e+01
1.804458488623895906e+00 1.244950012278944662e+01
2.208535648718594313e+00 1.223647556096226729e+01
1.107328878644781245e+00 1.262115242353000966e+01
2.008683003239799980e+00 1.218283316483695522e+01
1.854076572068177775e+00 1.180410817283702940e+01
2.129793953188214850e+00 1.239481910884767224e+01
2.518528879188354885e+00 1.208614839588210899e+01
1.751755197825032084e+00 1.127271276350622742e+01
1.067866953830711285e+00 1.254175128800680206e+01
2.246807848599518653e+00 1.282104362237437911e+01
2.229707634405191374e+00 1.258911147174012868e+01
1.670010931455194303e+00 1.154820869263938121e+01
2.278031958490633446e+00 1.234672096442247025e+01
2.212356682082807335e+00 1.121664500325141667e+01
2.176382040315996136e+00 1.207948179068209882e+01
1.881307092097401545e+00 1.202140037594723232e+01
2.037402088446865100e+00 1.233581777458339879e+01
1.810021031199260166e+00 1.102540665454953128e+01
1.530742132316846860e+00 1.239784415374414372e+01
2.067511180969000328e+00 1.239856864747882348e+01
1.213977582782681530e+00 1.270788066706592012e+01
2.572988594085291680e+00 1.277422745797124470e+01
1.872338211883301629e+00 1.209032202307728987e+01
2.138956243899065246e+00 1.116887365054226677e+01
2.584151369424633859e+00 1.255382898612197096e+01
2.085869158240252652e+00 1.136706955114851070e+01
1.602184164603143612e+00 1.268924701918210651e+01
1.425158327018359428e+00 1.151973078348081359e+01
2.089846098888781700e+00 1.019359434848712098e+01
2.022669917575490750e+00 1.124224358622380038e+01
2.679337023801534823e+00 1.313605697717905230e+01
2.136928013449948427e+00 1.247712609015001739e+01
2.158255273885563152e+00 1.165334065609943082e+01
2.376306316243462557e+00 1.148540788431727577e+01
1.451253309528230506e+00 1.227049167300777199e+01
1.093890742524530557e+00 1.138554535015807900e+01
2.581833978505131189e+00 1.252686707613901440e+01
1.495273720350386304e+00 1.166779529863140574e+01
1.930517912025940364e+00 1.230949628854511779e+01
1.968683556837866222e+00 1.218058260749486088e+01
2.448255927145286392e+00 1.301523024212610125e+01
1.568268642793737566e+00 1.270970099696758382e+01
1.904556770302509916e+00 1.238136282197125659e+01
6.459613117368835367e-01 1.116376546672323400e+01
2.106429643252398343e+00 1.159625543436882467e+01
2.544957707515109191e-01 1.057132677478688265e+01
1.941871572683724567e+00 1.245559549585142101e+01
2.153667918786010382e+00 1.229412715608156681e+01
2.214880237834489840e+00 1.118353305187070923e+01
2.002567876905258171e+00 1.193968457337576616e+01
1.167513044457140214e+00 1.210939177746707607e+01
2.537089563143657855e+00 1.333355093807965908e+01
2.787338789550886542e+00 1.369316995990951114e+01
2.031190779390398493e+00 1.303736268283403987e+01
2.394592624566435290e+00 1.241218366631372305e+01
2.447397220397629525e+00 1.253029119234835775e+01
2.417869065988608845e+00 1.240735479784352968e+01
1.919318692137446103e+00 1.194506972947687906e+01
2.579742211556810716e+00 1.296143592455011628e+01
2.458446574690277053e+00 1.269070292050620807e+01
5.026454060959060222e-01 1.129440905175217580e+01
2.733855964180541775e+00 1.336063446137467459e+01
2.183086639598694312e+00 1.142129536061297834e+01
2.230471319031954724e+00 1.117414627157193152e+01
2.128194192895903392e+00 1.234063219421909707e+01
2.560758882517507828e+00 1.329473677906007723e+01
2.255888881321270301e+00 1.116083388677017751e+01
2.220703952073978193e+00 1.138389460923842833e+01
2.290804299027926483e+00 1.115213907123672499e+01
2.160966746907668767e+00 1.190697402625931112e+01
2.293754185868257078e+00 1.346822822769671291e+01
2.366816661674520095e+00 1.295045744466325566e+01
2.071616222706796240e+00 1.243024793096753378e+01
2.327375135855612953e+00 1.143213469965237650e+01
2.375133105253816268e+00 1.265703562789335201e+01
1.774327499598175262e+00 1.223130791265760031e+01
2.051497883943709688e+00 1.094674962067268709e+01
8.212761851093012266e-01 1.178798845450271848e+01
2.286966592119534347e+00 1.129132328371350624e+01
2.346413105862054760e+00 1.298582237209279100e+01
1.997104549218886360e+00 1.103896663736350625e+01
2.513596292799078480e+00 1.403168482406682394e+01
2.365242503701331600e+00 1.226449819640429872e+01
2.364353577955913277e+00 1.227306889235301668e+01
1.503625207258417973e+00 1.106862164409553451e+01
2.208538281802339576e+00 1.296825777043618544e+01
1.360512920722227070e+00 1.224178120094848943e+01
2.228334530763497856e+00 1.353901539121971176e+01
2.418464448159552749e+00 1.328151870215040020e+01
2.131701607179997016e+00 1.252221531373038843e+01
1.919030661754928868e+00 1.183415007280053111e+01
1.902004149588942594e+00 1.197959781740837037e+01
2.578551319420303578e+00 1.290272135409845333e+01
2.434805082951825295e+00 1.242862149006819195e+01
1.594983189622923403e+00 1.248572852155905011e+01
2.221600123457623255e+00 1.244099303457276662e+01
2.211956260132197816e+00 1.093722036261017116e+01
2.122590778573850034e+00 1.250624619641566504e+01
1.308746129692821558e+00 1.175235314510779183e+01
2.265267994869867518e+00 1.189384006877545552e+01
1.382857141390564593e+00 1.201239051737196917e+01
2.147916319979608968e+00 1.187230852038701379e+01
2.807375297831826266e+00 1.333591623593436104e+01
2.348047403786486687e+00 1.179777349665861408e+01
1.150174900832859670e+00 1.128723283548180412e+01
2.037130990255703100e+00 1.050401585172613572e+01
1.612949334170803217e+00 1.205673999132795338e+01
1.672493154593475140e+00 1.205587124283350242e+01
1.748850947502907482e+00 1.110107733940371588e+01
2.038600599287787141e+00 1.214958984982909840e+01
2.687720178843456154e+00 1.324963776476555033e+01
2.637221188095949742e+00 1.331172201900959173e+01
2.025777922415928689e+00 1.194420362313272577e+01
1.994683675732028316e+00 1.167096981632558794e+01
2.266102719515733277e+00 1.118983531658140329e+01
2.047991657851429448e+00 1.154117137638444568e+01
1.424092087318868494e+00 1.261232222673918990e+01
2.132428226351082312e+00 1.216132460549239092e+01
2.317898426634249720e+00 1.139792012986086078e+01
1.358129325181785418e+00 1.249946892687729338e+01
2.013487839178037309e+00 1.104523872993008382e+01
2.280805153031984833e+00 1.112989379336958606e+01
2.522008558431914516e+00 1.234757101319855366e+01
6.885464434547017287e-01 1.182617091344477167e+01
2.080084692031289428e+00 1.239659423007802985e+01
2.638959693648472715e+00 1.294363516769658773e+01
2.208319154528261219e+00 1.160423266618337301e+01
2.405620662304285950e+00 1.236009399624043148e+01
1.977480043119348663e+00 1.198776641005999899e+01
2.445242814946778420e+00 1.357346915292379030e+01
2.384605594674425344e+00 1.259585963099624450e+01
2.445367638528953780e+00 1.249975959544917536e+01
2.007897502948757573e+00 1.229608947704211630e+01
2.094000487120738274e+00 1.119773079640292046e+01
2.636063247274325061e+00 1.330001926220307418e+01
2.559672170914445655e+00 1.348666373198024715e+01
6.384815412409582391e-01 1.179189970911464336e+01
1.633855142112981218e+00 1.160906175246085503e+01
2.651789968715675183e+00 1.345931230540760026e+01
1.588365093749118495e+00 1.085869196718711649e+01
1.593608924487268208e+00 1.268951132336520793e+01
2.125627043752466694e+00 1.243338023567321038e+01
1.976323948977966705e+00 1.185825050106430822e+01
2.043120610173535301e+00 1.150906907379961019e+01
2.061029255091369805e+00 1.120860880079196953e+01
2.032932804239376168e+00 1.185502622450382049e+01
2.147290073571009206e+00 1.144177904430218362e+01
2.104008200106073367e+00 1.174732756081767526e+01
1.473978248019855997e+00 1.195914514728646694e+01
2.351036808687354096e+00 1.291006501080287805e+01
2.361627665579881352e+00 1.324622661778315447e+01
2.498895800552371149e+00 1.292242661616656996e+01
2.209263104774941144e+00 1.251389364998605025e+01
7.729721920043267636e-01 1.168532328804719000e+01
1.914445438204025685e+00 1.109731515219079867e+01
1.744684876758638037e+00 1.138322529844374387e+01
1.937991522518224707e+00 1.172736498728302301e+01
2.143820628617264301e+00 1.291431067305973457e+01
2.411924705828420112e+00 1.216056971156389466e+01
1.825533879742027743e+00 1.178873407494227088e+01
1.744435925218944972e+00 1.133015298469262966e+01
2.046893129297710168e+00 1.218999823308598529e+01
8.019790308856636907e-01 1.104504823084581666e+01
2.599831360079549736e+00 1.331911377106129635e+01
2.138079816960647417e+00 1.089157378311604241e+01
2.407249715047979688e+00 1.164573985579842486e+01
2.075219316242107315e+00 1.187967150346388578e+01
2.499500628985880546e+00 1.263094000389794580e+01
1.664783666393702788e+00 1.140349444189015848e+01
1.708536951466038234e+00 1.254944629344887730e+01
9.345913260692519930e-01 1.145614573997104557e+01
2.071567952188562600e+00 1.030009782797103846e+01
2.151742295417240491e+00 1.229759148806977009e+01
2.070117113007221565e+00 1.211405484885559503e+01
1.854560521034142928e+00 1.263119375366921737e+01
2.026838663413034869e+00 1.318429120637398633e+01
2.100868342129740274e+00 1.235168099213104220e+01
2.299455113657785876e+00 1.249524579920373668e+01
2.196254796160412859e+00 1.222016113909298340e+01
1.986219070747109683e+00 1.256549009363521563e+01
2.142968808420029792e+00 1.247299303161671702e+01
1.910234470077791347e+00 1.264114561566775663e+01
2.537299135391846594e+00 1.274167246564326383e+01
1.988944390766574255e+00 1.125876665540015864e+01
2.529849759501894724e+00 1.222355889113886462e+01
2.308685569962565243e+00 1.257865631544810192e+01
1.917233613923031488e+00 1.190197279448335088e+01
2.174966008022406250e+00 1.239876223080177731e+01
1.998012368060601007e+00 1.207223695335645530e+01
2.731761353934236691e+00 1.295237222308288061e+01
1.736656634117441200e+00 1.253803463857751588e+01
2.261230408114947910e+00 1.142761822704911268e+01
1.910220701408469779e+00 1.148675052768176030e+01
1.727497340254987579e+00 1.220048538366875412e+01
2.617284958972663222e+00 1.338519660899551411e+01
1.658652284503433494e+00 1.206532517048309749e+01
2.059904112836031587e+00 1.238127230868366802e+01
2.303143397177721763e+00 1.205216825017807381e+01
2.026316153653191510e+00 1.157200721355902040e+01
2.233177079851109692e+00 1.125867066915326298e+01
1.923726757945796617e+00 1.284997182818914929e+01
2.208000851190532465e+00 1.207138790880156698e+01
1.584983236115935057e+00 1.294370746721980225e+01
2.377484703361210094e+00 1.301560075274083772e+01
2.056278249542813796e+00 1.070738881595693925e+01
1.191092837695860052e+00 1.131641320943841045e+01
2.437496658563741647e+00 1.328771556321594893e+01
1.747108031375280923e+00 1.296823513828681129e+01
1.927316119086631696e+00 1.161835191081297758e+01
2.721099911164530205e+00 1.340767173401327561e+01
2.642348995292500113e+00 1.304619980171711724e+01
2.642007325069400725e+00 1.305195293753289576e+01
2.015670945547813897e+00 1.325733296057716259e+01
2.341600361518130669e+00 1.282016903426841914e+01
2.261976316922768682e+00 1.285797630179618878e+01
2.034736341484923550e+00 1.316463237862206981e+01
2.527456354030445773e+00 1.324751812226475955e+01
2.027154227144522203e+00 1.152648450289668958e+01
2.669315784905653466e+00 1.281780680366829905e+01
2.649083585309190525e+00 1.294253685534011389e+01
1.097533119768025811e+00 1.184935535832428677e+01
1.841595712289773035e+00 1.109214589010787044e+01
2.439264801071714395e+00 1.250496635278118518e+01
2.296311185228578911e+00 1.127917773759194908e+01
1.905122369183326780e+00 1.223783720765606731e+01
2.375171436729407670e+00 1.310004750187330380e+01
2.500697550996412666e+00 1.306575868110255634e+01
2.215892893124179253e+00 1.174749924573790594e+01
1.738391876493230903e+00 1.123561612002620436e+01
2.320683659705891966e+00 1.195248576670590346e+01
2.288304530438155293e+00 1.222607026241735362e+01
2.399772891554304621e+00 1.255857691895771922e+01
2.269660143790447560e+00 1.156287337555557571e+01
2.122785539872670935e+00 1.185568174141893394e+01
6.945383792225974240e-01 1.071878849861464289e+01
2.224198744064854960e+00 1.342633970204501459e+01
7.456433399854147659e-01 1.147113379509324993e+01
2.448532841331039211e+00 1.266879827271333170e+01
2.194540478799181571e+00 1.192905194206388408e+01
2.300413863688599569e+00 1.316476500050323395e+01
2.019250457081962491e+00 1.056930281763541757e+01
2.515023993036860084e+00 1.286917935651592515e+01
2.255285506131989859e+00 1.155862910877948124e+01
2.430446114761612542e+00 1.245832010790132927e+01
2.192036325630158711e+00 1.255066795849753980e+01
2.206653001788204893e+00 1.120231044255595876e+01
2.318597972938928109e+00 1.291911214359454974e+01
2.254511235586255768e+00 1.322991928681169682e+01
1.545031974165205213e+00 1.201306934974098972e+01
2.075240470229303913e+00 1.256463835728690270e+01
2.080397447243242937e+00 1.298336120606567157e+01
2.617146009405963980e+00 1.269975883887929768e+01
1.443687736470290472e+00 1.211252064181141641e+01
2.045392267447224022e+00 1.119992795745390701e+01
1.119497653939156345e+00 1.239187121442117423e+01
2.056816229695431097e+00 1.229016145842143359e+01
2.460709751708917814e+00 1.268407170280365293e+01
2.123366382377341655e+00 1.206088394610462267e+01
1.888801813730447421e+00 1.245736604553621341e+01
2.308738425961692098e+00 1.205490767370904059e+01
2.455096435728856274e+00 1.282968285379404705e+01
1.497294700905839049e+00 1.205357419990097156e+01
2.041376158397739005e+00 1.215226021350135355e+01
2.526700406504460705e+00 1.395497465426872452e+01
2.529985121044695084e+00 1.206313499869094485e+01
2.457175348365699286e+00 1.245769536332476335e+01
1.169775826316307832e+00 1.217831461315588371e+01
2.532231393864384117e+00 1.222780575573182027e+01
2.040331869309360169e+00 1.243376283658457915e+01
2.147967644541622256e+00 1.078106810299967400e+01
2.648558104521323120e+00 1.305532641151152262e+01
1.582262990000857572e+00 1.243579067391652337e+01
1.259181054751523865e+00 1.197281763172889058e+01
2.258632165920856139e+00 1.193691672912149393e+01
2.178869654540616985e+00 1.209677310203906586e+01
2.141548253144036185e+00 1.211917972885654038e+01
2.324030331009589556e+00 1.291006547767116253e+01
1.922085252744244688e+00 1.056933808874475389e+01
2.329723009613733797e+00 1.229522449538699291e+01
1.099829029541043335e+00 1.167210570445973872e+01
2.154445566408783375e+00 1.072817526840929681e+01
1.930817534799438295e+00 1.143217859955247562e+01
2.004725617892398226e+00 1.172809571776693538e+01
2.325140801076950314e+00 1.228049855447290994e+01
2.550503142790117916e+00 1.217839463101021202e+01
1.048238308760653270e+00 1.154633973049699591e+01
2.264655335799448554e+00 1.243067154879329550e+01
2.560212122570233451e+00 1.288314845135772835e+01
1.946633886968819560e+00 1.194881691192845530e+01
8.238859306705917929e-01 9.971278345077642769e+00
1.921659888749419176e+00 1.111102543458400760e+01
2.047350585099430020e+00 1.073960265102510547e+01
2.373973911140403459e+00 1.198069218859634866e+01
1.163809451116332827e+00 1.148308147458119954e+01
2.330306179879289896e+00 1.307511240599107616e+01
2.634841091407105651e+00 1.264976276776823205e+01
2.596779776360532921e+00 1.284356274624407490e+01
2.173626057230429343e+00 1.249820380790463581e+01
1.679357936613821822e+00 1.109551449527579159e+01
2.371797688390773207e+00 1.206315368072343475e+01
1.710880079067697235e+00 1.147508347821629293e+01
2.179365051245770513e+00 1.185084977722624622e+01
1.643009181723337653e+00 1.144564150847320505e+01
2.398223881281334346e+00 1.252798732304364293e+01
1.944245810224594084e+00 1.223576655454596107e+01
2.067789526655369858e+00 1.078303882222855670e+01
2.647062140805775066e+00 1.281158318305778288e+01
2.600879810686612448e+00 1.302032778470470120e+01
2.063445504861125990e+00 1.051280009001236948e+01
1.898777406904238019e+00 1.211050190337891230e+01
1.016200297531655083e+00 1.124962595601399862e+01
1.469437523808659218e+00 1.129604386887928058e+01
1.602715565070297998e+00 1.222160646514394067e+01
2.360709945292805312e+00 1.288865194036403494e+01
2.557787356520387689e+00 1.288790802291545567e+01
1.529385377372993293e+00 1.284801703766840753e+01
2.066588749852778850e+00 1.089639843557755938e+01
2.342646380318597732e+00 1.171401510620072450e+01
2.069710427834300148e+00 1.162900442029880743e+01
2.154609988593120029e+00 1.197633676866295538e+01
1.716042013790929133e+00 1.157144101973653250e+01
2.157788000014336127e+00 1.214399118986507453e+01
2.059334294436113488e+00 1.066091043000877114e+01
2.193864853517936364e+00 1.293877896603848399e+01
1.923375385402249726e+00 1.168853522271956002e+01
2.351607464121665991e+00 1.323462869720544610e+01
2.042332988554690143e+00 1.188488237654108381e+01
2.614400404859109184e+00 1.238805271026251908e+01
2.123409839595442605e+00 1.083381132340202413e+01
2.148114219595142149e+00 1.270770965097363892e+01
1.874891909346050767e+00 1.255785147268766089e+01
2.344831847385549839e+00 1.222868715445771137e+01
2.067272700905177008e+00 1.252037536490714231e+01
2.222965844647773359e+00 1.152460756753034943e+01
1.997656149774622802e+00 1.223300690846949301e+01
2.271764800661264072e+00 1.185778441539525296e+01
2.106091017291956913e+00 1.226250218064276964e+01
2.550790432755483561e+00 1.342772780967555413e+01
2.097989701731641787e+00 1.269952294501108625e+01
2.465823481096928393e+00 1.253763601714541132e+01
1.742638241943881949e+00 1.211614297912499083e+01
2.227275244615272598e+00 1.218325119404418899e+01
1.451100869005859328e+00 1.253453869847829694e+01
1.694819347944318322e+00 1.286735350587195903e+01
1.991672953192138662e+00 1.124238895131002103e+01
2.665726020983813171e+00 1.315232429072220732e+01
2.176209404634124489e+00 1.230711057392230323e+01
2.184872537813074445e+00 1.228049404505950015e+01
2.384994164681433215e+00 1.222092416043076035e+01
2.275384718138999673e+00 1.267328007163871995e+01
1.675453058492757830e+00 1.088092584227848114e+01
2.560556772629412947e+00 1.341003871661770397e+01
1.978298051693467619e+00 1.079966502359194003e+01
1.000424930399308465e+00 1.056800101480653709e+01
1.940518847859756590e+00 1.144179967843414758e+01
2.317096120312320817e+00 1.279431937859768809e+01
7.715417191357752946e-01 1.050782956519223355e+01
2.673669463857455408e+00 1.348819987926310837e+01
1.177049869734134724e+00 1.200125719324631390e+01
2.143769348905447014e+00 1.302880204150583765e+01
2.241648868225369018e+00 1.296114272037030446e+01
2.191805163468583117e+00 1.179636650750324911e+01
2.081313831065068065e+00 1.233130973937441333e+01
2.094430562297314058e+00 1.189525282582902754e+01
1.540162792025524530e+00 1.271741258734714997e+01
1.350653852245084385e+00 1.128761039867999116e+01
2.040852244641165658e+00 1.292241641241127326e+01
2.061127203971982347e+00 1.156700435073496003e+01
2.030876765947315921e+00 1.063331647063954755e+01
1.787586215495257536e+00 1.312372095785303827e+01
2.056709555131403633e+00 1.229500586081619851e+01
2.652784301830297675e+00 1.368600796074785109e+01
2.075379082597877733e+00 1.201376891661456803e+01
2.127460433073620205e+00 1.125977541336259513e+01
2.156658763474329277e+00 1.150117004394029685e+01
2.188900943072334293e+00 1.147856961974956036e+01
1.000314526956823213e+00 1.140786080517358059e+01
1.809674591542994371e+00 1.118144519057874398e+01
2.741988485122523578e+00 1.353931192059149247e+01
2.103709096262801559e+00 1.265104078262569764e+01
2.462297159504452715e+00 1.273783788390959870e+01
1.812464112302507147e+00 1.187048985851476957e+01
2.411020298426274078e+00 1.335515368661237723e+01
2.526460575819489573e+00 1.321207363942996338e+01
2.126176797336441382e+00 1.244292165740457357e+01
1.951532255036513286e+00 1.310667746710740289e+01
1.880969808111375485e+00 1.268993083212745177e+01
2.216744784413289704e+00 1.259576788185181861e+01
2.319191654219727727e+00 1.247654583451365085e+01
2.370630527817222166e+00 1.215026162617153460e+01
2.284755520931134765e+00 1.275564692111597864e+01
2.126125688943654168e+00 1.288826746160199832e+01
1.378127794221643221e+00 1.189718560220721599e+01
2.564818943201458090e+00 1.302935887224221290e+01
2.384084773069189644e+00 1.224497791927377754e+01
2.135724680795739516e+00 1.265285841437319725e+01
2.067928110057416724e+00 1.278677507573265437e+01
2.054697363459927928e+00 1.314251939499327904e+01
2.547620245609428569e+00 1.263962063697595184e+01
2.428850650773521025e+00 1.194209339332583575e+01
2.602067980490567756e+00 1.351013296935050256e+01
1.571087588419378900e+00 1.166952871453960938e+01
2.300238651407930934e+00 1.163918055294759490e+01
2.114765678255242864e+00 1.215293684218333148e+01
2.558284196744272876e+00 1.229304346287737282e+01
2.089936592203915922e+00 1.249259761948631464e+01
2.336153708451228272e+00 1.233972744931364929e+01
1.926671922921193048e+00 1.047696205101749101e+01
2.755682613563042782e+00 1.341721029800887166e+01
1.530444968245982640e+00 1.236139362369330108e+01
2.163777485787798494e+00 1.282160163488553195e+01
2.331524212839986898e+00 1.364454591173207909e+01
1.781401693750461535e+00 1.082808364668578349e+01
1.864155220279607006e+00 1.078264050010768749e+01
2.157857103865567172e+00 1.159662010182769087e+01
2.046716946889977518e+00 1.087169817304678965e+01
1.713930573920750433e+00 1.298725190291311549e+01
1.982272502679869541e+00 1.226441299445493804e+01
2.228162045821834525e+00 1.229021255023888060e+01
2.062130402242096316e+00 1.240952439308324529e+01
8.797758180611723322e-01 1.183929976495437764e+01
2.195671975753761718e+00 1.276785306166501321e+01
1.852121737160221659e+00 1.291838973640290611e+01
1.992138910755445691e+00 1.245599301782757706e+01
2.286864198619138033e+00 1.319820480153801689e+01
2.374181116316658180e+00 1.304691930323614457e+01
2.225170640796595656e+00 1.173830286055420835e+01
1.918975633266156278e+00 1.142396638173888590e+01
2.156755887901574464e+00 1.222631787526305835e+01
2.248292854906193572e+00 1.179165800907552253e+01
8.840104557575393374e-01 9.683331697123405135e+00
2.454114111321459735e+00 1.275371824989409397e+01
2.505851173731483250e+00 1.262469812193319285e+01
2.673557914954184600e+00 1.261887311013077628e+01
1.909598261029758159e+00 1.259408902319523982e+01
2.207323426248337661e+00 1.241226929370578169e+01
2.010398940682796454e+00 1.259326526263770418e+01
2.169879663119340218e+00 1.169168470562300222e+01
2.534992279887655631e+00 1.280375392424447689e+01
2.141930760663921074e+00 1.236304315708520818e+01
2.412336666296992504e+00 1.195687281031935001e+01
2.364648832112516530e+00 1.223530459080040700e+01
1.832489302810345944e+00 1.241629166193760625e+01
2.553935957788145750e+00 1.299602528958780390e+01
2.554569464176111193e+00 1.234410355868261533e+01
2.309882906723104146e+00 1.320606595213711998e+01
2.698855178731187188e+00 1.287454149353302135e+01
9.899847067975396930e-01 1.159951793380095353e+01
2.252891235031808215e+00 1.186668470341643733e+01
2.288575426867691220e+00 1.209506536279074851e+01
1.910549214888998648e+00 1.106274207652119834e+01
2.219570025458749818e+00 1.300779875883406689e+01
2.093717179914820647e+00 1.079371915686108885e+01
1.782478764655235581e+00 1.124752181335634482e+01
2.286966034764988720e+00 1.260127721365670261e+01
2.543702042066813718e+00 1.244578874816044767e+01
2.540920537952666258e+00 1.248838990297387141e+01
2.019851524005195742e+00 1.227045533904958319e+01
2.674776399653723047e+00 1.293591899064841222e+01
2.041280158123680355e+00 1.189186281151779667e+01
2.243799496266031923e+00 1.169647490656380384e+01
9.869362745706525830e-01 1.073200476712876750e+01
1.510398616548322526e+00 1.126933922291374834e+01
2.219020986845218424e+00 1.141230955576088313e+01
2.106211524775267740e+00 1.167084166876599483e+01
2.057535800695490469e+00 1.234862865791868103e+01
2.281037009472664856e+00 1.247027268408904632e+01
9.290993836504898296e-01 1.101899708097658426e+01
2.524497416784719395e+00 1.279138651243919078e+01
2.453752966657797074e+00 1.301752159352118099e+01
2.009594240837270007e+00 1.123459660110455438e+01
2.559314226583936591e+00 1.290603527959970975e+01
1.444166389202656609e+00 1.167135845446952835e+01
1.477987059610782694e+00 1.159045674075277965e+01
2.489148357727497540e+00 1.234070203943137578e+01
2.492709749733532654e+00 1.297392593205695732e+01
2.016266985347160201e+00 1.313936768557983470e+01
2.447471677081924923e+00 1.274158040294822491e+01
2.055347905677297415e+00 1.144777911725475050e+01
2.101901064158596455e+00 1.173146278706278345e+01
2.646185660435219855e+00 1.310342548032630638e+01
2.143447280780262254e+00 1.236994295464192284e+01
1.821797318517371034e+00 1.197199512769356211e+01
1.979667812710471209e+00 1.138073623991810024e+01
2.125892997350689484e+00 1.126134655733294565e+01
2.064927854282839537e+00 1.149864521606401802e+01
1.828395680595622963e+00 1.121574727159249818e+01
2.187044161254723118e+00 1.308623811236052248e+01
2.018061313641758225e+00 1.166685969002936751e+01
1.263576100021514881e+00 1.224432887095840883e+01
2.476923327777376560e+00 1.266378539192450248e+01
2.069148800771298813e+00 1.154384526757079144e+01
1.959389301815453788e+00 1.257222951488667206e+01
1.310688492967701846e+00 1.150086862699932233e+01
2.474799370401086662e+00 1.237860162343969606e+01
1.942135231075110990e+00 1.266034967914381681e+01
1.952042365546567515e+00 1.216189987137438067e+01
2.124119263935944524e+00 1.217489445760374878e+01
2.458799807390581460e+00 1.273157810002802215e+01
2.497181207295976257e+00 1.254434806513896916e+01
2.359733539853704265e+00 1.305917064178496823e+01
2.563224919247252043e+00 1.311628667292360717e+01
1.953347236412844579e+00 1.294734922282877854e+01
2.090590129797490704e+00 1.172346854794960258e+01
2.382034198251910873e+00 1.280116717506490609e+01
2.444920794668462349e+00 1.297302688547504346e+01
1.775126127617139726e+00 1.319172053342736106e+01
2.696266849246270247e+00 1.344719819913625258e+01
1.687309575978836351e+00 1.089709660926897072e+01
1.973653369756272369e+00 1.051114411025772988e+01
2.490614186037227729e+00 1.321301992945280546e+01
2.711414475470613983e+00 1.313163376960445738e+01
2.235463724712176692e+00 1.180738881934566464e+01
2.105254488180514194e+00 1.141832029031331963e+01
2.352513465553154770e+00 1.258459852874851137e+01
1.479834877635194612e+00 1.244339852825932979e+01
1.840152934210347979e+00 1.224520772723565543e+01
1.828180122445346889e+00 1.226171345548516989e+01
2.306131431270143306e+00 1.259975955200970255e+01
2.067657145586464296e+00 1.160064919318500820e+01
1.768423221672285273e+00 1.269794695970632858e+01
2.214503152287772725e+00 1.248943961748680564e+01
1.203374110605001546e+00 1.203929498395807585e+01
2.296868659323090700e+00 1.205908157138052239e+01
4.527413080866095063e-01 1.044351699634892761e+01
2.622441816577107954e+00 1.296341429533678991e+01
2.201149262941482831e+00 1.178260735406126614e+01
2.092493057352182273e+00 1.294944033250490634e+01
2.213151578776563877e+00 1.134989488541722480e+01
2.020022436128741550e+00 1.225782334846991795e+01
2.775757310348119233e+00 1.331098359114371554e+01
1.702823994512798311e+00 1.194622369234768477e+01
2.684231627329632275e+00 1.329542670598233833e+01
2.186733440156197084e+00 1.205587497245616468e+01
2.157036505564420281e+00 1.299764912008886952e+01
1.911004879787552069e+00 1.142606756728363493e+01
1.727975278205134080e+00 1.143179018002600955e+01
1.599798817763142589e+00 1.256046737460733453e+01
2.159018766313052229e+00 1.282450939301934412e+01
2.354475986067972038e+00 1.224765797991535798e+01
2.117025899162236602e+00 1.086746549739729062e+01
1.799549332919945677e+00 1.154253043020035996e+01
1.943359389794416803e+00 1.094864000204147381e+01
2.256734837105548230e+00 1.116235816709687256e+01
1.747919288016009709e+00 1.137934152791102882e+01
2.591188295627770977e+00 1.340396328728436970e+01
7.605974138105895399e-01 1.163492822864005660e+01
2.574619174635486285e+00 1.293377396815826152e+01
2.307788663191640222e+00 1.308611561967931713e+01
2.002324842344336275e+00 1.079693065457737511e+01
2.492871671815336754e+00 1.356876697612608318e+01
2.635228212972518858e+00 1.289919631003037104e+01
2.512864216171392329e+00 1.252118918448609541e+01
1.976433319931340638e+00 1.106882935479928420e+01
2.338957675327995922e+00 1.246097475076262384e+01
2.040938080855617898e+00 1.307452343749867474e+01
2.250314790716185787e+00 1.271010853577866051e+01
2.331564015404529844e+00 1.330669665497826237e+01
1.740801165576649101e+00 1.285866234058713964e+01
2.054582971359646848e+00 1.240349586924451408e+01
2.417760721379069722e+00 1.208484927008118248e+01
1.913192846353915400e+00 1.288996164646558462e+01
2.117885866659669603e+00 1.254811178094180946e+01
5.541444850317318593e-01 9.538837672449036020e+00
1.853774084398882138e+00 1.126437253803199212e+01
2.282994702205019877e+00 1.197933253773492979e+01
2.234564379170868698e+00 1.218133093409664447e+01
2.804956952411470361e+00 1.363306490751832456e+01
2.834489471027209273e+00 1.347963095610348105e+01
1.168955928982522430e+00 1.251087374840928668e+01
2.621211858808509820e+00 1.235729356876467833e+01
2.444317792890984720e+00 1.326901574816214158e+01
2.559949361864980677e+00 1.252976664585911415e+01
2.184121695694679399e+00 1.254181685779320965e+01
2.129450091685975543e+00 1.219068067571032365e+01
2.162904654021109874e+00 1.281560071575792570e+01
2.494373817762290280e+00 1.210651019887843560e+01
2.408843204435583640e+00 1.241887277158109093e+01
1.844395223340801415e+00 1.180749428638644893e+01
1.679928566859488104e+00 1.238267516543155367e+01
1.260309814764757563e+00 1.185014137484217045e+01
1.906589360510806408e+00 1.294253072547088834e+01
2.053783714982497788e+00 1.116195147695784229e+01
1.774816671158263359e+00 1.242399139666742336e+01
8.010552278709971441e-01 1.062322408293258924e+01
1.324089448147166559e+00 1.213087002774347489e+01
2.285187192175977877e+00 1.272427020071716264e+01
1.872410296220752723e+00 1.177189641005623777e+01
1.930091085538348405e+00 1.273821593657856077e+01
2.143867845660801574e+00 1.223032727092717131e+01
2.262116944500554894e+00 1.171578889076901753e+01
2.323417312707034554e+00 1.151669066924416640e+01
2.455138221818510047e+00 1.216519222352011909e+01
1.913162148862243228e+00 1.216998702137060739e+01
2.065873735637805186e+00 1.250882925202539120e+01
2.134518035985384365e+00 1.234735317121717202e+01
1.572928600473759264e+00 1.083435776583814381e+01
2.131786196041404846e+00 1.262018308997194360e+01
1.726925898969728701e+00 1.272444963825289399e+01
2.238878618029114698e+00 1.173500766357046032e+01
2.175919591666600095e+00 1.188617032783172789e+01
2.392735032015007146e+00 1.289733539477032132e+01
2.146773401585837071e+00 1.299369239083917371e+01
1.980800674579417997e+00 1.118242339400172014e+01
2.046451112788298943e+00 1.108590240064384425e+01
2.653043571216642249e+00 1.252200080987377717e+01
1.509227142318546377e+00 1.172227233128933754e+01
2.113427346121125705e+00 1.155128446506618900e+01
2.253383673525180431e+00 1.208172997693546336e+01
1.772480726274249907e+00 1.228474189817382189e+01
1.837864801472530063e+00 1.149102923490759487e+01
1.485261263841956003e+00 1.122575124541089941e+01
1.635867782834703021e+00 1.108042544254689865e+01
1.632498484492652002e+00 1.107861073999022850e+01
1.560193803265367718e+00 1.125815375571077226e+01
1.291803473995218665e+00 1.121438333579622260e+01
1.399255792593301795e+00 1.229821892667343874e+01
2.496614255767855894e+00 1.308631843226578262e+01
2.505430849321032660e+00 1.317501647638761142e+01
2.554232332977802056e+00 1.309449855641308957e+01
1.036783985084910986e+00 1.188691156376355096e+01
2.056420490501118081e+00 1.208228355340058968e+01
2.644078344432092109e+00 1.249062158414369250e+01
2.426324857042020611e+00 1.170561292705942691e+01
2.119386595930479622e+00 1.125563376431922435e+01
2.134034722542854645e+00 1.242829348325451910e+01
3.689583073887824916e-01 9.658993318674335526e+00
6.727039060843952312e-01 9.816949021937588782e+00
2.196373153525361221e+00 1.179611766611041013e+01
2.177392522106848194e+00 1.193259863028952417e+01
1.973435527762735564e+00 1.092757027127493608e+01
2.378435489312281881e+00 1.314758526425718976e+01
2.453868983846589025e+00 1.183751333097189473e+01
2.531572779384051675e+00 1.333430588500863934e+01
2.001526424923285585e+00 1.203268700931479174e+01
2.189606835160128995e+00 1.125008887789930156e+01
1.251647525241646797e+00 1.160319498822597950e+01
1.490790033028396300e+00 1.078118661147198409e+01
2.554089648185787542e+00 1.282868757397974058e+01
2.311700145852498611e+00 1.133682377239215100e+01
1.994186056679231989e+00 1.185762236348944221e+01
1.955942187639262420e+00 1.063977342946531301e+01
1.934361858948620227e+00 1.163326980645246955e+01
2.169452631688464361e+00 1.197320475250561778e+01
2.484358617516549739e+00 1.318189794230011991e+01
2.158626985238004004e+00 1.190233800395038166e+01
2.044502326879216181e+00 1.236473471416645609e+01
2.146093579498485227e+00 1.194985327154439148e+01
2.243081047129595440e+00 1.112756577262074487e+01
2.458264703812045759e+00 1.327647346640987713e+01
1.841267960941199711e+00 1.121743803134379291e+01
2.350596278932040928e+00 1.190532669192161919e+01
1.415727718385906053e+00 1.191484690035025373e+01
1.930149765654739946e+00 1.326941005784543925e+01
1.652941122184325318e+00 1.273692394022576480e+01
1.659109771752322660e+00 1.083718802414036375e+01
2.690158329067361187e+00 1.323801534874250585e+01
1.939270045641915186e+00 1.243265766821449425e+01
2.067596886168213910e+00 1.288047176731859089e+01
2.185716932206882124e+00 1.197839537064545112e+01
1.892619128785863358e+00 1.107363871601413763e+01
2.363285186506413726e+00 1.169047028988354420e+01
2.366626777757774303e+00 1.163122589078914793e+01
1.820462164647523418e+00 1.202594670175350799e+01
1.899817540232867863e+00 1.210575838483020483e+01
1.852508362616694937e+00 1.262899139383627656e+01
2.287762031281924013e+00 1.238246333106777364e+01
2.254112658507160916e+00 1.268236544279437261e+01
1.993479226810592086e+00 1.188588429885230546e+01
2.070559055522986469e+00 1.182475205267048501e+01
4.523929163933977926e-01 1.082199307670871313e+01
2.348160451604818011e+00 1.137212041080665514e+01
2.048628220735008387e+00 1.197191540045750102e+01
1.922843059008620292e+00 1.084508483361381970e+01
1.748250463890832496e+00 1.135132640506834178e+01
2.127457957926819798e+00 1.139129581445828521e+01
1.977725600162734132e+00 1.118588193478636761e+01
2.175320957639482966e+00 1.209892186583561369e+01
2.338062593844468573e+00 1.189857431304299418e+01
2.491826181900522297e+00 1.248696966963902533e+01
2.658190520885091779e+00 1.273944657728368135e+01
1.795791346152634249e+00 1.184448020331339357e+01
4.597253267732066551e-01 1.013832245119472297e+01
2.268171137353379496e+00 1.086615023032915062e+01
1.992671047616599633e+00 1.176559338118301490e+01
2.073949863130803539e+00 1.123917202120497194e+01
1.980057734406761805e+00 1.147383893235150687e+01
1.768670247278189667e+00 1.240064640635063675e+01
2.108016457530350163e+00 1.112521856603815706e+01
1.419309886733768344e+00 1.238339708069692158e+01
2.037302514868048142e+00 1.203891316494587649e+01
1.780360565015344010e+00 1.165794379890629351e+01
1.678800138970711675e+00 1.247351822123738785e+01
2.256457577573493190e+00 1.138500946182053930e+01
1.420923880353735402e+00 1.202238962764208985e+01
2.443356084379437299e+00 1.326487250723483236e+01
2.385235121030228722e+00 1.193221241318505754e+01
1.897735400318071086e+00 1.243265731681243302e+01
1.934423600639152419e+00 1.232391835576539130e+01
1.346543851263337421e+00 1.190302014697215682e+01
2.041197703577539713e+00 1.281814057221627401e+01
1.975655370301249603e+00 1.337830296080959691e+01
2.069523160327948474e+00 1.344405022397227789e+01
1.904505244936510078e+00 1.225269793691792941e+01
2.439985807354552172e+00 1.201528558285470538e+01
1.027267710425964431e+00 1.089951322828516744e+01
2.262070898968900234e+00 1.240358552503125900e+01
2.261542093182471014e+00 1.242923477277324018e+01
2.494283931760223894e+00 1.244479832683353671e+01
1.953389057324393940e+00 1.248743465156265842e+01
2.095787283910608867e+00 1.228505990730674924e+01
2.595017510074780542e+00 1.299517857850155877e+01
2.671970101203849701e+00 1.269408229819948275e+01
2.342797649128439907e+00 1.241446897354274270e+01
2.369126177225910457e+00 1.248926382718522810e+01
2.442400348941704102e+00 1.285751607045745182e+01
1.870071104602724743e+00 1.194839341733218419e+01
2.119385093867153458e+00 1.213753595524836726e+01
1.897636143638044004e+00 1.200125840987586479e+01
2.324386332960298951e+00 1.304302421980150761e+01
1.615151322513433962e+00 1.107500357366340005e+01
2.243983418984820233e+00 1.232469958054983294e+01
2.147901516057006521e+00 1.245807078954233127e+01
2.163044736996716289e+00 1.282284944688240991e+01
2.347708759917539911e+00 1.349296992445546906e+01
1.820313676658740221e+00 1.175631511849496569e+01
2.238189317148443269e+00 1.284106613911277783e+01
2.390097792044832303e+00 1.222741944305665562e+01
2.341338567895662859e+00 1.158329817269970974e+01
2.345666180303818127e+00 1.154550931721750118e+01
2.363474305113819618e+00 1.308700087192822892e+01
2.370410410978124993e+00 1.308736212979290947e+01
2.192969411517442069e+00 1.158989509871135049e+01
1.847171655014197222e+00 1.107337913409502761e+01
2.469079538727480649e+00 1.240252415783179885e+01
1.726367849019756484e+00 1.174532269171905874e+01
2.125281086046026058e+00 1.167659610670300374e+01
1.740361054157319121e+00 1.262112424223738749e+01
1.983120289930494495e+00 1.119595113436994893e+01
1.819762244513815519e+00 1.149329137045344318e+01
2.499555655334269488e+00 1.304288177068200483e+01
1.850318779209620512e+00 1.181382355163449382e+01
2.155549955420527741e+00 1.163781460163577464e+01
1.745139109376303344e+00 1.276598063498193447e+01
2.413454989050197952e+00 1.233172476117148975e+01
2.404359209922678264e+00 1.236015299241102028e+01
1.933137983643103075e+00 1.176788151384090142e+01
2.383045714972379159e+00 1.280936255625957187e+01
2.388732880564875760e+00 1.277793346219711879e+01
2.336916683774790560e+00 1.223010444805091090e+01
2.200319955896651525e+00 1.199026501203422512e+01
2.555041014463926174e+00 1.306406240767656080e+01
1.781463385286380152e+00 1.167310885489284011e+01
2.014935084136028731e+00 1.169377116327331478e+01
1.559538934519025588e+00 1.195214625182883417e+01
2.116359373163614332e+00 1.111999195701430132e+01
2.120390627436445907e+00 1.102307934099115627e+01
2.219768355058855835e+00 1.260425320228510060e+01
2.458822493324876124e+00 1.366505344229076790e+01
2.169714339625922417e+00 1.255369908507721277e+01
1.459301234796990032e+00 1.191981320191822569e+01
1.998574846183284182e+00 1.184235397946352286e+01
2.018586024903711973e+00 1.175051922700536622e+01
1.540894417810463990e+00 1.164245427798332599e+01
2.559973630325868665e+00 1.268593199105049329e+01
2.630181668001295936e+00 1.243037370942559328e+01
2.345667186572974128e+00 1.230674538457318690e+01
2.332068661201596171e+00 1.147477609711902069e+01
2.156438831695761671e+00 1.264742361158515749e+01
2.084719314019669145e+00 1.088465138117487818e+01
2.634283882411069033e+00 1.231053168123386143e+01
2.250093202491561861e+00 1.161549185831534992e+01
1.322612667288804555e+00 1.248789094679802680e+01
2.523660040036446173e+00 1.309525941994913900e+01
2.644346511821534573e+00 1.293220860418031393e+01
2.291425843147218089e+00 1.271768040277670408e+01
2.423499153285155749e+00 1.186345265003239824e+01
2.213894921794327342e+00 1.199541323387786917e+01
7.579295689490820331e-01 1.099541073014277082e+01
2.153192423478468953e+00 1.195796404525048828e+01
2.428894807750050067e+00 1.183013709261778068e+01
1.512798622683569016e+00 1.237085416327674459e+01
2.395567229310660906e+00 1.290782713650078328e+01
2.517543608688025181e+00 1.249609799094225515e+01
1.898350031671241611e+00 1.216422098393117857e+01
1.963110798517769151e+00 1.217136276847258713e+01
2.045225385236936866e+00 1.189422945795342024e+01
2.011792173458299526e+00 1.094751675022655668e+01
1.942020294080560872e+00 1.121432817857359154e+01
2.272099879914566412e+00 1.228427097375523225e+01
2.208937752192388970e+00 1.266717544791838002e+01
2.527619926278446894e+00 1.292617215659982932e+01
2.541014044682672335e+00 1.286210732111087474e+01
1.582996276867498997e+00 1.263668784443800952e+01
1.449038447513019801e+00 1.237307980080551850e+01
6.922348459414799926e-01 9.428285625322100572e+00
1.344606214946583389e+00 1.105934377428331672e+01
1.156239077095127632e+00 1.185528663836203833e+01
1.365836335170767635e+00 1.067799275219191379e+01
1.903466799340564508e+00 1.095344419211422959e+01
2.376388376009791248e+00 1.189025129927532731e+01
2.389914485235963504e+00 1.174453726654439301e+01
2.014570693868246831e+00 1.147379012481309246e+01
1.541386446758881146e+00 1.242381681510664748e+01
1.807131806838226051e+00 1.249851574630391760e+01
2.223734644085794354e+00 1.225175095539031389e+01
2.249321298346281583e+00 1.210089370173638201e+01
1.205716623505999063e+00 1.239378767464308950e+01
2.118702422216330206e+00 1.279216023234928201e+01
2.533435419237759501e+00 1.248616963490797005e+01
1.961175123527490349e+00 1.166199971127760371e+01
1.837949653990435639e+00 1.175606042219221159e+01
2.246054149969537672e+00 1.270147453299794194e+01
1.663833080447159718e+00 1.249235105095134379e+01
2.659168771542676168e+00 1.283187559774212794e+01
2.058213065250068308e+00 1.287546213687546093e+01
2.389234949455957491e+00 1.294960788028563670e+01
2.417856006356565945e+00 1.287510276236972295e+01
2.464762327556905053e+00 1.269713246667228645e+01
2.664227052159529485e+00 1.329025212780491927e+01
8.368175002636177862e-01 1.185331573839519947e+01
2.321204234992321425e+00 1.188930890706071786e+01
2.411622211017131701e+00 1.200135125945777226e+01
2.586531542974514597e+00 1.344673901954427819e+01
2.432993071727761691e+00 1.209943412296743404e+01
2.281048434576047335e+00 1.207454268256317853e+01
2.554821730942511415e+00 1.237007525768999017e+01
2.282601367913304813e+00 1.200134338331197803e+01
2.427336668958884669e+00 1.326921213309879910e+01
2.575797066906296617e+00 1.336096642223106734e+01
2.802438182929888999e+00 1.365703966495359367e+01
1.701597195314662248e+00 1.181449055009221105e+01
2.137885913430701557e+00 1.120732037447232798e+01
1.649269020769021710e+00 1.147006129388633688e+01
2.098006900900177385e+00 1.072679300293469318e+01
1.883194439997654346e+00 1.181323237669880477e+01
2.178382017884150645e+00 1.282211268533806603e+01
2.489555068765267887e+00 1.194152446593972350e+01
2.181093888009653092e+00 1.170973568820563138e+01
2.156762238123588027e+00 1.074420972716539602e+01
2.222352904892949788e+00 1.242648510530584893e+01
2.302522742437096870e+00 1.207084189778579209e+01
2.661915901402311491e+00 1.351651609111083729e+01
6.741607440569937770e-01 1.104356150178330864e+01
1.793600939776652581e+00 1.222188088707065035e+01
2.497000682222083157e+00 1.214149368792434913e+01
2.249849197169185633e+00 1.166928863358045021e+01
2.206030238313308800e+00 1.184863580013743167e+01
2.357347144371311209e+00 1.239041427776917637e+01
2.077217527619727111e+00 1.043777957964039160e+01
2.500110418538458390e+00 1.234344430565028716e+01
2.446881618733374175e+00 1.268059819803051269e+01
2.257531597709488747e+00 1.182680445959260140e+01
2.376835463941895821e+00 1.230144621209537625e+01
1.985259152456312126e+00 1.226722695851833400e+01
2.691307897125928328e+00 1.319630623009313553e+01
2.397186467228713536e+00 1.285765400365810152e+01
1.346710539675656682e+00 1.188640001399579482e+01
2.177354306166211284e+00 1.106870841018975860e+01
2.519295241085314885e+00 1.224151149509586212e+01
2.334405404726085376e+00 1.218738002554844613e+01
2.471155840434958506e+00 1.238958592859298413e+01
2.430272031828689450e+00 1.260258655600584987e+01
2.192656197345636659e+00 1.245106210806370051e+01
2.077784824668632346e+00 1.279044108610114527e+01
2.518051001788591758e+00 1.202666243783597544e+01
2.282401318787812716e+00 1.249759749387726870e+01
2.178824185713930994e+00 1.206114506445934964e+01
2.608561980574585881e+00 1.331736097703516997e+01
2.214559488984042090e+00 1.167619749246347460e+01
2.434294124260584002e+00 1.345582237906777578e+01
1.775000803522272852e+00 1.302036614269161063e+01
2.147012982704196826e+00 1.321899678367967468e+01
2.270576555383677864e+00 1.198653695934581265e+01
1.695145657751381707e+00 1.155585535812701536e+01
9.892978912137474490e-01 1.094565727314121872e+01
2.268044265657317204e+00 1.092920509712466348e+01
1.786603788615257926e+00 1.201553114044209991e+01
1.457521488641540852e+00 1.173924318085518870e+01
6.235156756836371938e-01 1.174082942201877877e+01
2.021252704229502761e+00 1.250536970604247600e+01
5.972272548012396154e-01 1.021496922185974299e+01
2.437269560126703816e+00 1.266127400500064226e+01
2.494448683646852238e+00 1.312316030655122567e+01
2.143673077970206897e+00 1.272523928353229472e+01
2.235661242267091176e+00 1.252755724087906231e+01
2.099146849050737007e+00 1.150560314618080149e+01
2.369864260322147143e+00 1.253383637613370816e+01
1.233952716857222853e+00 1.127719075383068947e+01
6.011570348027597266e-01 1.067742235580266019e+01
2.356838563076117943e+00 1.125843492426439241e+01
2.155022872587011751e+00 1.172499525760411743e+01
1.988179436683926049e+00 1.120800355435833495e+01
1.964877427050969905e+00 1.055789058679855152e+01
2.117467697878771205e+00 1.086420287436878063e+01
2.138178894067857883e+00 1.073099538868087599e+01
2.416906520185122531e+00 1.197175882779629674e+01
2.053270618642382583e+00 1.237538035143845683e+01
2.482439276722412824e+00 1.270135269650004517e+01
2.263623335508892165e+00 1.282161029358271520e+01
1.954431444505583038e+00 1.148830958563111260e+01
1.422202672668173351e+00 1.099458498939476847e+01
2.099783687162446899e+00 1.121045644671425023e+01
2.632374418411064010e+00 1.343291306499008009e+01
2.706674327069578112e+00 1.348595743554400528e+01
1.874192327174560857e+00 1.230159924895316337e+01
2.129291010995973288e+00 1.193071028567389646e+01
2.327779481741238499e+00 1.215786568337843754e+01
2.259048822368035836e+00 1.149901130898610013e+01
2.215545171182232043e+00 1.159447810124078515e+01
1.366486897288431868e+00 1.215539440993999065e+01
2.561308287868625300e+00 1.216593925389005015e+01
2.378278884402797555e+00 1.362451778587803553e+01
2.119105373542272464e+00 1.084733659784225601e+01
2.129539357902950236e+00 1.261444328878267918e+01
2.136068328988488307e+00 1.155409847647107746e+01
2.217249165199134175e+00 1.119555794344109678e+01
2.153864084139120116e+00 1.202061169344198177e+01
1.809017764539646578e+00 1.308204332289461114e+01
2.753198774715228225e+00 1.351112962826773689e+01
2.042373858582287038e+00 1.132722545470111797e+01
6.903333968709562951e-01 1.031710587597722473e+01
2.178767022738699488e+00 1.096431511330238351e+01
2.175899270769332539e+00 1.101841275543187315e+01
1.056461363205496662e+00 1.125568089208752376e+01
1.346306611214944438e+00 1.175585189603352632e+01
2.422511974886532915e+00 1.228749378202224207e+01
1.986160980075527327e+00 1.132507917004965492e+01
6.268889696558975766e-01 9.467190697270764232e+00
2.170936399044123277e+00 1.091899795256987993e+01
9.279605088571130089e-01 1.154463267383929725e+01
1.946786415602012710e+00 1.045581352535995379e+01
2.722520019821925263e+00 1.280392412038804295e+01
2.334448872355653126e+00 1.307057269428337776e+01
2.243743328041226448e+00 1.173500730521901758e+01
2.026313297044223916e+00 1.176656747201510278e+01
1.463254873645638554e+00 1.177089939251692741e+01
2.147395447568783755e+00 1.137010315645236957e+01
2.147390465050113662e+00 1.137012306243251381e+01
2.081993269614560660e+00 1.160443050695213252e+01
2.243667332538281656e+00 1.319767079973485124e+01
2.546290455668574815e+00 1.201459056294615380e+01
1.271278113998063342e+00 1.188773561120478739e+01
2.688621094480973195e+00 1.309163030854124621e+01
1.475498630856391102e+00 1.232630203285136261e+01
1.719987714582552618e+00 1.221332354121554253e+01
1.865495843983064894e+00 1.203593463593235668e+01
3.927416607865296672e-01 1.041031345872316116e+01
2.247487913105579604e+00 1.218859650243397397e+01
2.191849423282083542e+00 1.152623344731350841e+01
1.549437188227037687e+00 1.097826997913661629e+01
2.707110641849305832e+00 1.283498060767120386e+01
2.455110786107648657e+00 1.323413720799478455e+01
2.282609145736563594e+00 1.296348563026967504e+01
2.402587067582797609e+00 1.211671860381347798e+01
2.287967940582346316e+00 1.275852027265647948e+01
2.564293711837661860e+00 1.307771820782695649e+01
1.865071247074846061e+00 1.180541322279924721e+01
1.956839337280248392e+00 1.168531711789048266e+01
9.296978063961169880e-01 1.043509472525142989e+01
2.114307829447712894e+00 1.249766805605316478e+01
1.507205988445427636e+00 1.216976497733561580e+01
1.550700098264477189e+00 1.174504145288459966e+01
2.161999030519607512e+00 1.134716613561667664e+01
9.108967480945877604e-01 1.147430541426242812e+01
1.781785958990068863e+00 1.150667444090709246e+01
2.053098682066643477e+00 1.156667527681606877e+01
2.625504408459580219e+00 1.310724361712175146e+01
2.015929008427478131e+00 1.092726457025045583e+01
2.307651393618883162e+00 1.246044077270539496e+01
9.163604909443808788e-01 1.114975675576212311e+01
1.942394509929851631e+00 1.235243903525417686e+01
1.811812109270079629e+00 1.226473755144491307e+01
2.125648714064848122e+00 1.238955865614940599e+01
1.802116921884812539e+00 1.250040357450522777e+01
2.136111501355927977e+00 1.194858476238959710e+01
2.090277389655696094e+00 1.212002839119145570e+01
1.511111433313648611e+00 1.206076020434122853e+01
2.305653849799067068e+00 1.210788142789103361e+01
2.256305483693787473e+00 1.331142276996505203e+01
5.796491405701729160e-01 1.125684938951012981e+01
2.351413778417787093e+00 1.235989574287539838e+01
2.147085513625086595e+00 1.160305334387209086e+01
2.012763114136085107e+00 1.050840699719204352e+01
2.337213033284974539e+00 1.222175290191738384e+01
1.900405637510124812e+00 1.280255633407215754e+01
2.474986240249820835e+00 1.313934898541210217e+01
2.336176943667879868e+00 1.371060363814452643e+01
2.163971235327601939e+00 1.117233552303185995e+01
2.206855920127595905e+00 1.165793361657722826e+01
2.001457372873856499e+00 1.179033403599745178e+01
1.871047707724973863e+00 1.127664775937318886e+01
1.562857886618126635e+00 1.102067251303340711e+01
2.446445809403338334e+00 1.239398333324437473e+01
2.137541402471191621e+00 1.281373664855525085e+01
2.420024968563087242e+00 1.229330270389912272e+01
2.247075726159002418e+00 1.197056566691593815e+01
2.411794849636882621e+00 1.325208872574346763e+01
2.398044934730660938e+00 1.232611704851738210e+01
2.038077406845125950e+00 1.265960841002101311e+01
2.351552594482226421e+00 1.255617353774655420e+01
2.082305220939446144e+00 1.092680857350413959e+01
2.144430101494649854e+00 1.256645776503938983e+01
2.231160211948182148e+00 1.274399696853697250e+01
2.405911672707385929e+00 1.230437541138967994e+01
2.113452054886656661e+00 1.287492950549511761e+01
2.294134989984727646e+00 1.234473397617704293e+01
2.465622291127628429e+00 1.179439010657484843e+01
2.435583440278345169e+00 1.192305891071007373e+01
9.714489108536215056e-01 1.157088262150212365e+01
1.210600993712170670e+00 1.115732605860988791e+01
1.971517056919318556e+00 1.140519263634128500e+01
2.451167881049591379e+00 1.258457929234957540e+01
2.418608021956542231e+00 1.281390262867553709e+01
1.937124175278438942e+00 1.306684920325529831e+01
2.535261433024364131e+00 1.368403524412716266e+01
2.318780005150942625e+00 1.243214690973322156e+01
2.715009743645250495e+00 1.294296049241689062e+01
2.408406592852015304e+00 1.329995873140251028e+01
2.288380270145158324e+00 1.254213537468170436e+01
2.482673071277763821e+00 1.276909877846224184e+01
2.471252264523904341e+00 1.201755599357617577e+01
2.426575637904800242e+00 1.172372600737642756e+01
2.062262499460874476e+00 1.157987862180786287e+01
1.405923457668949883e+00 1.163896035303418763e+01
2.589601410219460664e+00 1.311881794870490481e+01
2.605902021353666331e+00 1.295076239131010887e+01
2.156465724328403777e+00 1.182091082764055656e+01
2.140746563660227864e+00 1.183457800175439978e+01
2.371609259963869842e+00 1.266012671072839524e+01
2.202592901675514359e+00 1.232631183593929336e+01
2.010384807794543427e+00 1.280471342098449838e+01
1.313429624505964233e+00 1.255903836356266901e+01
1.985945430941703282e+00 1.117245369594938076e+01
1.922907374470498310e+00 1.152223709876703950e+01
2.626262701374355579e+00 1.287000563042018797e+01
2.566242496147523866e+00 1.311171358825614064e+01
2.108226513939464475e+00 1.194601677053620570e+01
2.424022084641728636e+00 1.246333747733191366e+01
2.450631990744613908e+00 1.234986072338638152e+01
2.507554796002733344e+00 1.336701861573364880e+01
2.252451160359515647e+00 1.152151277392851014e+01
2.290395940522004903e+00 1.197084499955003700e+01
1.946213876841852874e+00 1.178221797020504269e+01
1.354922100952838937e+00 1.230495483902934950e+01
1.444900987064424935e+00 1.099809744625316199e+01
2.080744750255613340e+00 1.114441031288820838e+01
7.085955759044280100e-01 1.203625469787812285e+01
1.387994719219464601e+00 1.209442042941349094e+01
2.111700357216220070e+00 1.252251652983865426e+01
1.693001396778560208e+00 1.280223524012209779e+01
2.366799655012347348e+00 1.272056514564332552e+01
1.946282880110508096e+00 1.264585278047428218e+01
1.889272876931947120e+00 1.210862225079798904e+01
2.575154613136169335e+00 1.246573310614567554e+01
1.451414465138973542e+00 1.154554210545174975e+01
2.066951600915231779e+00 1.133286819819356950e+01
2.059725767363157267e+00 1.152151950229332122e+01
2.134701092890327612e+00 1.197272489830206332e+01
2.075221811906847069e+00 1.200253561330222141e+01
2.619984711658944754e+00 1.314786736556125391e+01
1.716635653819592600e+00 1.179360701782692900e+01
2.637229037000253573e+00 1.267072843985513053e+01
2.635431005155440154e+00 1.267929332922251184e+01
2.023239343972133231e+00 1.190885417881964159e+01
2.024088152427632625e+00 1.189971324556993615e+01
2.192665476072167774e+00 1.214708106733313109e+01
2.187065375891053876e+00 1.104588910922204903e+01
2.190157773868189661e+00 1.102331033364965762e+01
2.309013781930641773e+00 1.185240251268628597e+01
1.871008962292886491e+00 1.157968078241344756e+01
2.746578323765069829e+00 1.358303540983078150e+01
9.017445878126030268e-01 1.192074949106025450e+01
1.867988361976379741e+00 1.278984373625024418e+01
2.219319925343627986e+00 1.290822037491397012e+01
2.052685313361292341e+00 1.114893394170653806e+01
1.976326406241010858e+00 1.142642767054029740e+01
1.804307454075803729e+00 1.176665357652191091e+01
1.966429181217123512e+00 1.156525105099434647e+01
1.918210543663485756e+00 1.144053309779286920e+01
2.372511126851860386e+00 1.305307490659011549e+01
1.577509418523156626e+00 1.264472116473582552e+01
2.870832307107495041e+00 1.367476770203933967e+01
2.687113254845459043e+00 1.398059877151329466e+01
2.292465515108640162e+00 1.253850345466625704e+01
2.224684173352332373e+00 1.262372286755682005e+01
2.007422603536412886e+00 1.035301990035816289e+01
2.163823919636451709e+00 1.168760075612105176e+01
2.597410108788656302e+00 1.244305229791900125e+01
2.222514573958369599e+00 1.137467745847528633e+01
2.217543162235330545e+00 1.128566019477978521e+01
2.662970181057541907e+00 1.323365129223089021e+01
2.543587230479882333e+00 1.333324461361872082e+01
2.355443146142846444e+00 1.340673845456058189e+01
1.848997061299402223e+00 1.147402939182682502e+01
2.126297542422256548e+00 1.303308094062601974e+01
2.307975146580024450e+00 1.285853728937743412e+01
4.957976274620057855e-01 1.122780928531241429e+01
2.492053824249117255e+00 1.271484013279099479e+01
2.180666562990599910e+00 1.208179434178313727e+01
2.168338619768254372e+00 1.311709751605271812e+01
1.978598843378977179e+00 1.301049898297349472e+01
1.520043356190921235e+00 1.234978466778781758e+01
2.110688436734835083e+00 1.174027663671397370e+01
1.666482653684726145e+00 1.232905826373047020e+01
2.462122756931671486e+00 1.253442949807802442e+01
2.729298815953806745e+00 1.340806480597085582e+01
2.237442112153516405e+00 1.244580025304939852e+01
1.898781001844856986e+00 1.123174407487124604e+01
2.215457766248905447e+00 1.161514828007566713e+01
2.155798027163482455e+00 1.176876182005433158e+01
2.383339889311675286e+00 1.240036618879244656e+01
1.451170860862368794e+00 1.242166209034115454e+01
1.698050059877729501e+00 1.265005175741078958e+01
1.569314484368718565e+00 1.089540406562672281e+01
1.629970904467627157e+00 1.090314903448899919e+01
2.491399467912659205e+00 1.391403851979855943e+01
2.254588904994189402e+00 1.148771145121703441e+01
1.076864519591567593e+00 1.069779961769988219e+01
1.387499394733470393e+00 1.218021947298443663e+01
2.478070736510495919e+00 1.213185584132445349e+01
2.264039164444577423e+00 1.232724118760645204e+01
2.633774395750410946e+00 1.353076965670316412e+01
1.726306537452966250e+00 1.147050260832160795e+01
2.618094078165614569e+00 1.316771740392418089e+01
2.631716704146149333e+00 1.304853026749172429e+01
5.428978195482619951e-01 1.039258475949563731e+01
2.616046905795390121e+00 1.286431288669656681e+01
1.838330824690921572e+00 1.246671274027321807e+01
2.271109300260462316e+00 1.240647480445783835e+01
2.463899908998447685e+00 1.208546741544803993e+01
2.236823409800921869e+00 1.210386872750716236e+01
9.681070608416461054e-01 1.090414826396478354e+01
2.388513456392908463e+00 1.264692208409164387e+01
2.636322998392519157e+00 1.334513041016249879e+01
2.690309245546170125e+00 1.320841514429810282e+01
2.174445552066511134e+00 1.255342056021829755e+01
1.215858683627951686e+00 1.095333345253491331e+01
2.017016632741896132e+00 1.083859882475862335e+01
2.008268752415988789e+00 1.092086540629368940e+01
1.991762871868831164e+00 1.100887620680883572e+01
2.317298062215815690e+00 1.271631596546024845e+01
2.488822652981740990e+00 1.246482615400982574e+01
2.120411902079682331e+00 1.177335982445330309e+01
1.548318209744534935e+00 1.217619491101974383e+01
2.096678815974120536e+00 1.219234540994802884e+01
1.926802242822201361e+00 1.141806937426382440e+01
2.493535647595639837e+00 1.243245224780513425e+01
2.065308427180457596e+00 1.249314490823885215e+01
2.578269477765656514e+00 1.243953454294797645e+01
1.431960160625374678e+00 1.209990531613486375e+01
2.166794461400883609e+00 1.318508637680278461e+01
2.117704860559203706e+00 1.317589197243865584e+01
2.053179317600887011e+00 1.079807059207225883e+01
2.601916564940125465e+00 1.316468491086495618e+01
1.627928138057124441e+00 1.143727677442480406e+01
1.348621091656865500e+00 1.138652731723532519e+01
1.103039468465873085e+00 1.217455265216301719e+01
1.580852835980348203e+00 1.274519699924932858e+01
2.239382166742912794e+00 1.209040103000553401e+01
1.858579685110312463e+00 1.251317501723018921e+01
1.866775266673962763e+00 1.209233692834367346e+01
2.312810537055883575e+00 1.249886402080636216e+01
1.761754603655966811e+00 1.125146924331169984e+01
2.410121555161148343e+00 1.324495037187970325e+01
1.379272491427816494e+00 1.138548034778327178e+01
2.131152887202475643e+00 1.242853892787953107e+01
2.406886987564521352e+00 1.210869735671717962e+01
2.334448664551271424e+00 1.204658126643502136e+01
2.752042821382570281e+00 1.285200710395836765e+01
2.278869821196060741e+00 1.208372676149706848e+01
2.102180898661765163e+00 1.140985380029476914e+01
1.966606729269551712e+00 1.223803262415862569e+01
2.531749271315835603e+00 1.310303129635049224e+01
1.912625303521919173e+00 1.323304311133970579e+01
2.347803205989020536e-01 8.127661715659359132e+00
2.178626056185660964e+00 1.200091255055097328e+01
2.270059392958868383e+00 1.225473832092839466e+01
1.999408764775598257e+00 1.260053948855335371e+01
1.525643969908859088e+00 1.192827078267344554e+01
2.124913839074997313e+00 1.115727038439856322e+01
2.067229094739284623e+00 1.111994718158510054e+01
2.620686932045793061e+00 1.280382275049343477e+01
2.612398164668079392e+00 1.284490872679182161e+01
2.017759854545174480e+00 1.195914038334738905e+01
2.688628865262704171e+00 1.308573094640727597e+01
2.237768612781073863e+00 1.289976122805457592e+01
2.414842820268797041e+00 1.264916960608237417e+01
1.770491248916839178e+00 1.230345856621696399e+01
2.036779117100667946e+00 1.139000430127291885e+01
2.767614236355939283e+00 1.307722527218606956e+01
1.568705774943888853e+00 1.214019273224003825e+01
2.478856887397149045e+00 1.329530920316611819e+01
1.483506254021724757e+00 1.086052197118650042e+01
2.337769329353348358e+00 1.197649709264686990e+01
2.045911811175183281e+00 1.234347346979184579e+01
2.372030970179300535e+00 1.195902039747781131e+01
2.045743004481550553e+00 1.230926036097507037e+01
2.201568551057190071e+00 1.120625300898286980e+01
1.866919880603080895e+00 1.153461628219410251e+01
2.416861653407157196e+00 1.263390013697263825e+01
1.816908827754321498e+00 1.257492977967369185e+01
2.691007007812875607e+00 1.337036975621882640e+01
1.909982243701119131e+00 1.311634833908414421e+01
2.068827312449311950e+00 1.103808685462463579e+01
2.054353386994827613e+00 1.115075910112529556e+01
2.465250211939074454e+00 1.308347768733205108e+01
2.230776576761350771e+00 1.220127347138121543e+01
9.515970701005362908e-01 1.153607319898349992e+01
2.246995560082682530e+00 1.093800890201270626e+01
1.730132123542682310e+00 1.163674000999022518e+01
1.361178578989645116e+00 1.184504992017520308e+01
1.864728077950638330e+00 1.206917933156160316e+01
1.608398953785925345e+00 1.209778523812373940e+01
1.910911154061316841e+00 1.225989966599927605e+01
1.500709720462457097e+00 1.163374179491444771e+01
1.904217073423075668e+00 1.116465549567682025e+01
1.310464483951051307e+00 1.221962860799089334e+01
2.410822495733619952e+00 1.274955975126107077e+01
2.644205357670148082e+00 1.305686692555086914e+01
1.156554490596078733e+00 1.205243772225705357e+01
2.238221673787604171e+00 1.168918112037382073e+01
2.208629440959895440e+00 1.232062812927426698e+01
2.156316485514375714e+00 1.234527584010455215e+01
2.144749275682936940e+00 1.247205700103131143e+01
2.224947629976726571e+00 1.277729174774095888e+01
2.654580636633238289e+00 1.353141355477373509e+01
2.166376051757898047e+00 1.211503066633688341e+01
9.806047900248027194e-01 1.192044255194147340e+01
1.471024401570669271e+00 1.141296805996911345e+01
2.111614309224313146e+00 1.255475149300982274e+01
2.401839022040159310e+00 1.204257926181414184e+01
1.373387475363565091e+00 1.181037657640369432e+01
2.131694263201548978e+00 1.154975656226647551e+01
2.040048155443065614e+00 1.089234712838164754e+01
2.633508360687956795e+00 1.309139647586327193e+01
1.849673685846380478e+00 1.084595428109305182e+01
1.957860899493477191e+00 1.074068127882654977e+01
2.268614403783149935e+00 1.226853141762301824e+01
2.324062553643258866e+00 1.201201425636527809e+01
2.389997368395880173e+00 1.227624899357057942e+01
2.402220600016323093e+00 1.279524166654472950e+01
2.318797988224180262e+00 1.130802690663251475e+01
2.424767354050557877e+00 1.220670609793283212e+01
2.458818768685303358e+00 1.200654052567045404e+01
2.508179570001802805e+00 1.278653134693908022e+01
2.440376961050050308e+00 1.282801264109141215e+01
8.038842771211629490e-01 1.130435889515836045e+01
2.184298804238200109e+00 1.282472889989515075e+01
2.313099051184793087e+00 1.303372160494458676e+01
1.788175418830940000e+00 1.200197638520621446e+01
6.924404592332548125e-01 1.121604896859900258e+01
2.633121527606823609e+00 1.327614253093598151e+01
2.000565123326502714e+00 1.264564394526253288e+01
2.167574294215752762e+00 1.105495155693937015e+01
2.208819808445163790e+00 1.268954982198971493e+01
1.792905556689994739e+00 1.256601910090186180e+01
2.268014692478620642e+00 1.185668705612708962e+01
2.326976699005757432e+00 1.180219883703251860e+01
2.491219044672736693e+00 1.228399218006559401e+01
1.961507822394974898e+00 1.162329778326851759e+01
2.539887898420936985e+00 1.318399520715319007e+01
2.174524398981511286e+00 1.182390609282221128e+01
2.256179330714910503e+00 1.268212605287157224e+01
2.186868908128190458e+00 1.118075661155147671e+01
2.142921007655279819e+00 1.220054958815170387e+01
2.287901360866429812e+00 1.177560902369615548e+01
2.197604735424427247e+00 1.108605166783294926e+01
1.757065998296193143e+00 1.179363250126430351e+01
1.971755350106688232e+00 1.129454916174330670e+01
2.538392485796928000e+00 1.299244132996255452e+01
2.532713887279748111e+00 1.239411095153634967e+01
1.993593738840514940e+00 1.063441214863681772e+01
2.539797118480672022e+00 1.275626576746340923e+01
1.554885793394937377e+00 1.279559451629164712e+01
2.479328030371791947e+00 1.221509031850759364e+01
1.931152095616509357e+00 1.073723487603312066e+01
1.685454297588428130e+00 1.156350787771424571e+01
2.095459639931993578e+00 1.146057474782280394e+01
2.436450307484634870e+00 1.212921064408996230e+01
1.803072058507550590e+00 1.223376054420975478e+01
2.373330506980858789e+00 1.155766009800754190e+01
2.075599372526338637e+00 1.212367998876806396e+01
2.291837147107359307e+00 1.214071184331541886e+01
2.183423347162623873e+00 1.233531785399454961e+01
2.011818283449146261e+00 1.166023138395137337e+01
2.117122880520535766e+00 1.327609124361173798e+01
2.620163196943311679e+00 1.306663725046104751e+01
6.595913685909398083e-01 1.186587962037509314e+01
2.115173587345860806e+00 1.183914172550127830e+01
7.817290767290708819e-01 1.182030848191658556e+01
1.952265046821204164e+00 1.099986642490840083e+01
1.804671518387364060e+00 1.135477746971165480e+01
2.090527602447335376e+00 1.219910359668222100e+01
1.511552323849798540e+00 1.094440189097762328e+01
1.728115663791525813e+00 1.280217642497127883e+01
2.490850167398594994e+00 1.284390035548235076e+01
2.744625397794508981e+00 1.348838762068746533e+01
1.931239196232708677e+00 1.187675919926203782e+01
2.143828060465300833e+00 1.297531849729527664e+01
2.014561823312092326e+00 1.290352225390132368e+01
1.950786488659107087e+00 1.214810440552870041e+01
1.915672011848263967e+00 1.186992553772262937e+01
2.023504611328406533e+00 1.169719455681486231e+01
2.504151041310604953e+00 1.222384864950886474e+01
2.482291352031899656e+00 1.228838496887041210e+01
2.356022928115458548e+00 1.251226437888311160e+01
2.766100937164456930e+00 1.354163613953535439e+01
2.338711772795977861e+00 1.145154145854205652e+01
1.626678778406095427e+00 1.140730262991330513e+01
2.017641181992338772e+00 1.125933961566747854e+01
2.059094932867385541e+00 1.105992071929231457e+01
1.829303466691375002e+00 1.135976926709230028e+01
1.428147227859005719e+00 1.143405342284673587e+01
1.078520355397580177e+00 1.085352625713940178e+01
2.210996841693479542e+00 1.256378514551359515e+01
1.990084702179935938e+00 1.284162492870458117e+01
2.409434881491991920e+00 1.277772215910877129e+01
2.253749532665694666e+00 1.235230182741653593e+01
2.284124005811070557e+00 1.278836336138553698e+01
2.187381020134736787e+00 1.295217690419115364e+01
2.270949299468090210e+00 1.286967373875116927e+01
1.652646959644703317e+00 1.116569533211736065e+01
1.972319012448357833e+00 1.093902006373584079e+01
1.737443167925140308e+00 1.155114838581515535e+01
2.076970133096429638e+00 1.324756194520772645e+01
1.808212486092618754e+00 1.179191936045176625e+01
1.977675651673829194e+00 1.040127424648900600e+01
1.052213758427287704e+00 1.100093108903422312e+01
2.269065492326355571e+00 1.188259519715219703e+01
2.275537785965489501e+00 1.241344369563226735e+01
2.280418507413488172e+00 1.233075165772340220e+01
2.670457662514511110e+00 1.295198334265704432e+01
2.392353854470535612e+00 1.300377753687972415e+01
2.058191718144087634e+00 1.211374960525148836e+01
2.287598359122412273e+00 1.252822340600233098e+01
1.715216608210516025e+00 1.126370029522995075e+01
2.331924725833292911e+00 1.136379492011035808e+01
1.793213217722188224e+00 1.240069803500868062e+01
2.333717655548350312e+00 1.218855008078796587e+01
1.851670512421399462e+00 1.167379478269899451e+01
1.894446215956660184e+00 1.156149932748447462e+01
3.207808916026003709e-01 1.106859548511147118e+01
1.409425081902546006e+00 1.114513913851299343e+01
2.136186910253321081e+00 1.202508377996464084e+01
2.438003997685818991e+00 1.187501182242916364e+01
1.940397901626753185e+00 1.211222555859674443e+01
2.104414729362026115e+00 1.134146666415063898e+01
1.150545205312166752e+00 1.192791347891094134e+01
2.667963005887664885e+00 1.316623312339546636e+01
1.939604332764823358e+00 1.066853743136358368e+01
1.896821518635094295e+00 1.088309694252491866e+01
2.028747454749861845e+00 1.135242360068509981e+01
1.653784403455446750e+00 1.170225722526220125e+01
2.234807801870477562e+00 1.241127278604575501e+01
2.347800058194993156e+00 1.234853021885024660e+01
1.967458574329426391e+00 1.259872345988845943e+01
2.419177202191090004e+00 1.223088477130487561e+01
2.233194348518035888e+00 1.154161682767967534e+01
1.910235113650974759e+00 1.272757319776908957e+01
2.460681224404091427e+00 1.331819282874282706e+01
1.972425330548959410e+00 1.194129909277857493e+01
2.278964963645050634e+00 1.105506802256074650e+01
2.177595004884568919e+00 1.166376518811415330e+01
1.973893697841198946e+00 1.150619016950907003e+01
1.184872393045110606e+00 1.194279632125967616e+01
2.080047833487184139e+00 1.162451889262366578e+01
1.173467469277364561e+00 1.196300661810210819e+01
2.254260889526823686e+00 1.166967528351980299e+01
2.295607889811703384e+00 1.302024574541784041e+01
2.221271343957757605e+00 1.180459935022151718e+01
5.260207437492806504e-01 1.141585184215537296e+01
2.311645521525804270e+00 1.244358255424256754e+01
2.011959959744385795e+00 1.096349791671749507e+01
2.193308495541181014e+00 1.347544118876348485e+01
2.381737404470051889e+00 1.184831227598797376e+01
2.316187481994932185e+00 1.146605217695683443e+01
1.580750632056250105e+00 1.123188379618430588e+01
2.112283185165325872e+00 1.114865504582228617e+01
2.178386203916976793e+00 1.049213623209070612e+01
2.170379526299001327e+00 1.062424613153121911e+01
1.892409857735478651e+00 1.114728092971212448e+01
2.020620021398940036e+00 1.257654522483500870e+01
2.127103957970090775e+00 1.248088583894767645e+01
2.002542325654397271e+00 1.211275733712708025e+01
6.890765893997244929e-01 1.111644107757602384e+01
2.198027491001577793e+00 1.211408807024913870e+01
2.330656684843318782e+00 1.166467141816183073e+01
2.248664281539603405e+00 1.194283940842305292e+01
2.242610966205472067e+00 1.114764304873750511e+01
1.973760042352755706e+00 1.086293876378980627e+01
1.326828233545985558e+00 1.166850434725898289e+01
2.130200140047564972e+00 1.193725090856186988e+01
1.951660053271855766e+00 1.221886796385905427e+01
1.943363751241274917e+00 1.225353302036185710e+01
2.016962909851707231e+00 1.152843698962174734e+01
6.793664998062931559e-01 1.169244752154350486e+01
2.208365689974817414e+00 1.167041557360775350e+01
1.865983082539604210e+00 1.223091649513273538e+01
1.905811784434910727e+00 1.169052117314723027e+01
2.185469627788999336e+00 1.114834315207982662e+01
2.404461223632745615e+00 1.242066775602628326e+01
2.383430069134605311e+00 1.261879300150472893e+01
2.443311752053149988e+00 1.339065184324337565e+01
2.489088700302280799e+00 1.335839389517995990e+01
2.300255116196785909e+00 1.206608990970614848e+01
2.034633879713006799e+00 1.166835398516943023e+01
2.239292420829682939e+00 1.142901320459498749e+01
2.239090692446410014e+00 1.307166498664878240e+01
2.537230316547822717e+00 1.243223411593179861e+01
2.326568319850768063e+00 1.269314989786824199e+01
1.989466738741343610e+00 1.181619731050798450e+01
2.274197522262204174e+00 1.204997918848068394e+01
1.242302658355693756e+00 1.147326198937516040e+01
1.862103908068749814e+00 1.274622192558791767e+01
1.852260271965535665e+00 1.225450736763808024e+01
2.093347883422335798e+00 1.154276202681042029e+01
2.221625356094945491e+00 1.085917307039667179e+01
2.217891884450426954e+00 1.092713195945083449e+01
2.043744202784002262e+00 1.097937135279263821e+01
1.987758092306505686e+00 1.195813857663788760e+01
1.391073300170891258e+00 1.199899101283397762e+01
2.446818924402099249e+00 1.200414443522502594e+01
2.315432541396780675e+00 1.242820280440546021e+01
2.717554017712484615e+00 1.296681910801509652e+01
2.256488358630508451e+00 1.220682669517834462e+01
2.283630569747197914e+00 1.203577378450317248e+01
1.156346094203970942e+00 1.162265747106257585e+01
2.668074981951076730e+00 1.294445270940889436e+01
2.333275552297807032e+00 1.151297120833357823e+01
2.128346928321877218e+00 1.203456872863973892e+01
2.046296216858072281e+00 1.207012968785553220e+01
2.067073174441050210e+00 1.189935603412510368e+01
2.161730744878738175e+00 1.325704086026052408e+01
2.451884701697705449e+00 1.331969253881234216e+01
1.995380204649543687e+00 1.196466818468385362e+01
2.136378579151270163e+00 1.051981794705665862e+01
2.125218361580385906e+00 1.065720212510996312e+01
1.802807829812013152e+00 1.266695498788677199e+01
2.142077188865396664e+00 1.304711266645406553e+01
2.375926943927355595e+00 1.241170173862226278e+01
1.454670981747991476e+00 1.209034510304275756e+01
2.216187391450606725e+00 1.144464980941707033e+01
2.865434074957728949e+00 1.358943258416006117e+01
2.797213875837369024e+00 1.344907473834391176e+01
1.787959677075223963e+00 1.257397627276459495e+01
2.534977757315095115e+00 1.306832354815811570e+01
2.653238234604700541e+00 1.276889180181646744e+01
2.287334997674487891e+00 1.246210952253058579e+01
2.309549331981603171e+00 1.219408376441859154e+01
1.467759440926431624e+00 1.149011804666991665e+01
2.277578924259159976e+00 1.298960081603610028e+01
2.388770647732533892e+00 1.260970565146953071e+01
2.251331108320239416e+00 1.234445881598966110e+01
2.178041115488690060e+00 1.093279332030479090e+01
6.973370568443920670e-01 1.210514806588406422e+01
2.579441780721276611e+00 1.291029857321899321e+01
2.593798735009945400e+00 1.330426377858123210e+01
2.241943025071086559e+00 1.112147008079824495e+01
2.126272993268893075e+00 1.266969469829760087e+01
2.486883950361974627e+00 1.307990066692696196e+01
2.214611327526679219e+00 1.130487195871895167e+01
2.474427001173926222e+00 1.244637140033018241e+01
1.009422477602312629e+00 1.179101207241690474e+01
2.540470175161119393e+00 1.306474046804457601e+01
2.431383318135770910e+00 1.232999761863057664e+01
1.858917451383663932e+00 1.162919472374542451e+01
1.997444459748016987e+00 1.268736785541368128e+01
1.663073726590675649e+00 1.253737096207598967e+01
2.427568788213331441e+00 1.234132042846185406e+01
2.537725435089122517e+00 1.321055667673692824e+01
1.518813626022883057e+00 1.286009952712279691e+01
2.703034773050768891e+00 1.317168255628406470e+01
2.330291687275306334e+00 1.207610390106789922e+01
8.385394938881143290e-01 1.091410862939872572e+01
2.513780506229736922e+00 1.227137271097729609e+01
2.473849608344538709e+00 1.316684843318494202e+01
2.338526966531404572e+00 1.197888738762498306e+01
1.990433610625669480e+00 1.052516400465221125e+01
1.488294069184451507e+00 1.105778605788880498e+01
2.393397623421336107e+00 1.173218141226789157e+01
2.393078696887600110e+00 1.174243052593653580e+01
2.165624600862308569e+00 1.195475524756887609e+01
1.408408202289986644e+00 1.171331594226462336e+01
2.253500754621046820e+00 1.138283683984024464e+01
2.043786688036347776e+00 1.190229095402970927e+01
1.565939805703425947e+00 1.144201734410539473e+01
1.388892142188643319e+00 1.087868876736019352e+01
2.065950056038760696e+00 1.036852504251839946e+01
2.044653715051013343e+00 1.055642247198489692e+01
2.528639998429508040e+00 1.219302311808688088e+01
1.979779571469893362e+00 1.287271110450759615e+01
2.029436557099469240e+00 1.241527072984923663e+01
2.176489080011396737e+00 1.304449967053491477e+01
1.383970868392331077e+00 1.250910330227652878e+01
2.028415343277647942e+00 1.173022270924514210e+01
2.445394884645216926e+00 1.170457164916488146e+01
2.210533942788218020e+00 1.269215715850646298e+01
2.261951008080361536e+00 1.266297955922640206e+01
1.195136887619783428e+00 1.184128117241063904e+01
2.336948796478361068e+00 1.345117131097076957e+01
1.983627580180600702e+00 1.326347238302820664e+01
2.765590458259475692e+00 1.303675535433253074e+01
1.885129477345550919e+00 1.098179831507053272e+01
1.889903972079167493e+00 1.096864052495327613e+01
2.094695369385643158e+00 1.125679011804540330e+01
1.565235735883108159e+00 1.240291155134278611e+01
2.255164680590137305e+00 1.231828503686816667e+01
1.626470761785854258e+00 1.216263331443963303e+01
2.656795833870374324e+00 1.300504537641425529e+01
1.871074648756248626e+00 1.155502551434989833e+01
2.119151279142563737e+00 1.107871205217361599e+01
2.095268190278741116e+00 1.223846329171300340e+01
2.490498820468748598e+00 1.190368575711184818e+01
2.415683165960233580e+00 1.215805724091796236e+01
2.018216400210990358e+00 1.303565451059199631e+01
1.934483279917771137e+00 1.108727030715204975e+01
2.034831654913268562e+00 1.198109888494239428e+01
2.234656033249208473e+00 1.269652384138882617e+01
2.302805569751722015e+00 1.318381469672282869e+01
2.151655873235629013e+00 1.236521898470913783e+01
1.476134733854627124e+00 1.250944817687274480e+01
1.836498425652297373e+00 1.265994841210514466e+01
7.973809534003317712e-01 1.150501100068837346e+01
2.206710397072426222e+00 1.298454110771957559e+01
1.599767596000280623e+00 1.248952482232861527e+01
1.477750485211646536e+00 1.187475604666281903e+01
2.119041228250466702e+00 1.099084524050712197e+01
1.084898259489641248e+00 1.092413968717310624e+01
2.201018404667300921e+00 1.129394074629007605e+01
2.034291692887794323e+00 1.121972999173862640e+01
1.061659182356113673e+00 1.098913737897738407e+01
2.457230949678606446e+00 1.289048018039129673e+01
2.313036710787253813e+00 1.180523013254315856e+01
2.318168758971946186e+00 1.174098928701755362e+01
2.229075214240801017e+00 1.081075093143855526e+01
2.677192966986013722e+00 1.327824053660487458e+01
1.870220858765549332e+00 1.228511895640330565e+01
2.105419808053754949e+00 1.216526317920959066e+01
2.072574137102117575e+00 1.283909396871600528e+01
2.285247787621479620e+00 1.286006186401656137e+01
2.286439225062594893e+00 1.178160349909843951e+01
1.884983881712252396e+00 1.192089550339772153e+01
2.092134976023734438e+00 1.160049079384430470e+01
2.354957489061413778e+00 1.107883306406130863e+01
2.027466949006671459e+00 1.100883834343990841e+01
2.132074139476392904e+00 1.087835447531776900e+01
2.590164717038075270e+00 1.349160487701627176e+01
1.926002848530497635e+00 1.160356391949701838e+01
9.828638069318446080e-01 1.198237431225978611e+01
1.466554594583360016e+00 1.232312456155064950e+01
1.546472697273560737e+00 1.238903051205026706e+01
2.402903999751756725e+00 1.279114155660270669e+01
2.298400247243496786e+00 1.169011816653178570e+01
9.604750923641557359e-01 1.106428790841000342e+01
2.218395993730403859e+00 1.282502240528279636e+01
1.326201089726445348e+00 1.252178844044780881e+01
2.481834154419856997e+00 1.287974128130733753e+01
1.491066090533073041e+00 1.258509330403027882e+01
1.519619850358212343e+00 1.246733843397418795e+01
1.104560791364717520e+00 1.101771664128799699e+01
1.999147655055572903e+00 1.209922174683971718e+01
2.636785146629053500e+00 1.270395931528978828e+01
2.661749394723853968e+00 1.250522058935874448e+01
7.725645436022207102e-01 1.020250702626862882e+01
2.556956377801479441e+00 1.277141617802867124e+01
2.204707486158218543e+00 1.073118860095969218e+01
2.705327742402884983e+00 1.297274776205841462e+01
2.286736449340482480e+00 1.145663637845880167e+01
2.168457313735540737e+00 1.186118486356581592e+01
2.054699441381767411e+00 1.337308509882988616e+01
2.893744208346985314e+00 1.347867735784922871e+01
1.934813795926160429e+00 1.314476988870984897e+01
2.340802130118847746e+00 1.324604339367382444e+01
2.136336143228327433e+00 1.121810993510277754e+01
2.040506925146998274e+00 1.055818524742863396e+01
1.865097761889108252e+00 1.114364143229799176e+01
1.653511171883900843e+00 1.120551603987565947e+01
2.535017432991933717e+00 1.258675468934216823e+01
2.145642753937423208e+00 1.214008086911585416e+01
2.305768927468541118e+00 1.202303000923415865e+01
2.000683362766637163e+00 1.233962140334199908e+01
1.963565477783440150e+00 1.062058317271103114e+01
2.018185191772435161e+00 1.032724714318382553e+01
8.611209139996560680e-01 1.215401971256741120e+01
2.804662996817495646e+00 1.312939307618489870e+01
1.636814899469685836e+00 1.245358549176452456e+01
2.438059299884562936e+00 1.254593579487729293e+01
2.429141539822540441e+00 1.260693654034657918e+01
1.265123646145021263e+00 1.212148246886539482e+01
2.667044547332869442e+00 1.289908813873078941e+01
2.600043417228413922e+00 1.341602594684524163e+01
2.272392399780267525e+00 1.178183548503901790e+01
2.317071067054056410e+00 1.152917981980017537e+01
2.042078136466901395e+00 1.143493461323193827e+01
2.233472788816452059e+00 1.222872436710020771e+01
1.760475737258609508e+00 1.227631115546024709e+01
2.227373921961982361e+00 1.265258064913158620e+01
1.945496365432584529e+00 1.144112818963495037e+01
2.238741207570331238e+00 1.236150722877229136e+01
6.984835484899311053e-01 1.196760575276673322e+01
2.156307233639437548e+00 1.285971664125872849e+01
5.283812013220180459e-01 1.012154562593033802e+01
1.898187583530079880e+00 1.204090059001775614e+01
2.114457544921309662e+00 1.185796357919590704e+01
1.719304786906767024e+00 1.096799125436928790e+01
2.037582692292933206e+00 1.123255702386548727e+01
2.393402442337453362e+00 1.214705301753193645e+01
1.228406186226776553e+00 1.210973137767283880e+01
2.581188930813935301e+00 1.304424847815085009e+01
1.576795180634527949e+00 1.164230208727821392e+01
2.021697466721500192e+00 1.112476544888397001e+01
2.293095928278006124e+00 1.212239041333098832e+01
2.362731775246727395e+00 1.167043730511722188e+01
1.970706355953830480e+00 1.107175412558805228e+01
2.015101053566463296e+00 1.101182473986230370e+01
2.003200064027752525e+00 1.255280891814902589e+01
2.523519170098650566e+00 1.357475696064608606e+01
2.775866467719770192e+00 1.325353682457038751e+01
1.275563251825462041e+00 1.201810510345137395e+01
2.133724656072661041e+00 1.138963085867148983e+01
1.992551975817116183e+00 1.187643403615379967e+01
1.914338037351783095e+00 1.130052129772925262e+01
2.221297721493279198e+00 1.241645323127132627e+01
1.934432641406350184e+00 1.212217477895996076e+01
1.924932255530812819e+00 1.216091147367845338e+01
2.632273787472609872e+00 1.271972655538666608e+01
2.255000225723138296e+00 1.143367668022919936e+01
2.242656255533679310e+00 1.151555209108866329e+01
1.741390532319144091e+00 1.227196634034381972e+01
1.848012784543580533e+00 1.306414154639455028e+01
1.717386165174622503e+00 1.299678245603263171e+01
2.171634216261187689e+00 1.263889301390678099e+01
1.966010497899407072e+00 1.208148031690301671e+01
2.157058524004279665e+00 1.122905046911681559e+01
2.143339243331172206e+00 1.135584650502456761e+01
2.062509112720289028e+00 1.125854412773758462e+01
1.836740338514232906e+00 1.265796926335511507e+01
2.138327538064362265e+00 1.090118863689782280e+01
2.036762970125509664e+00 1.116223429088034891e+01
2.009681469215737426e+00 1.269625799812230582e+01
2.140315755436202672e+00 1.121996493446592069e+01
2.348888515815145350e+00 1.212639593051673614e+01
1.500842208110924281e+00 1.160584861335120799e+01
5.875377273498446629e-01 1.031851042928031603e+01
2.787862137557579612e+00 1.357400733210538313e+01
1.999647414586040339e+00 1.329892509140038115e+01
2.201534024503695619e+00 1.309961263848679458e+01
2.521470815568990442e+00 1.276570588700556641e+01
1.841164955134260373e+00 1.160675492442698165e+01
1.949061090619515824e+00 1.184585468039778711e+01
2.137150464690667828e+00 1.158098776491337212e+01
1.519914872346785017e+00 1.205323781989407905e+01
6.083215537342618884e-01 1.175242849742096674e+01
2.545953061081072555e+00 1.312129193399462324e+01
1.002624802869015452e+00 9.919379914150844968e+00
2.033921156411705677e+00 1.122809856242538906e+01
2.033750673713907275e+00 1.123408999075521209e+01
2.558588713392413450e+00 1.263233482675641106e+01
2.130954114806402622e+00 1.094860834213506706e+01
2.546779426960766202e+00 1.234784287206712960e+01
2.609623378124091619e+00 1.264296232983832269e+01
2.700931586785944472e+00 1.345936442939530586e+01
2.725437031529093446e+00 1.341575529116197707e+01
2.164276340256619857e+00 1.204178239543841933e+01
2.450574595400133671e+00 1.175585346067907011e+01
2.081217987578106943e+00 1.161272669453365225e+01
2.086414928996179086e+00 1.155277500043005467e+01
2.246172244595505241e+00 1.172566120258962563e+01
2.522917016282940850e+00 1.254287800744614323e+01
2.670913018399088568e+00 1.315174654219968886e+01
2.579114921699049212e+00 1.258460586466679665e+01
2.441458765067982650e+00 1.322243503752442706e+01
2.660961730070051878e+00 1.295672124350742394e+01
2.506137333256823752e+00 1.373150381333942249e+01
1.379541619570428646e+00 1.264374555755441953e+01
1.553227106912052902e+00 1.239107680352837626e+01
2.111612211697457386e+00 1.159155600995910795e+01
2.645162089673257277e+00 1.286088685967536804e+01
1.764084048615384814e+00 1.289884372897695997e+01
1.997625581372559189e+00 1.077536827543901765e+01
2.254333766002985850e+00 1.275563413270068658e+01
1.589159338291036727e+00 1.215645971696401695e+01
1.911106756863423906e+00 1.209147292550930963e+01
1.192781319375222138e+00 1.145168224801131274e+01
2.442708207380162033e+00 1.200444063613029400e+01
2.443452042456535356e+00 1.272180228049573714e+01
2.362423074707554971e+00 1.182466859270560100e+01
2.369131822645996088e+00 1.211688020568546875e+01
2.367322350277218934e+00 1.213288129743967403e+01
1.429013577458811080e+00 1.106711013545623956e+01
2.315860242252372636e+00 1.219431842185189652e+01
2.540848375100966283e+00 1.284092125748420088e+01
2.618051217039708778e+00 1.253630766270002184e+01
2.498697266578559617e+00 1.265361453295189698e+01
1.752206316779058914e+00 1.241784419497917824e+01
1.946595282252845394e+00 1.304693121868666950e+01
3.790401752627826082e-01 1.080240411352368923e+01
1.510074737131742451e+00 1.231785915468354453e+01
2.235107144649276290e+00 1.109629952955419974e+01
2.263658735239116648e+00 1.245156640967363515e+01
2.368495141496452572e+00 1.238392380264867754e+01
2.121200978299241147e+00 1.139013114289822326e+01
1.880236092108010793e+00 1.314868800272732585e+01
1.319259669308996408e+00 1.275696051003678022e+01
2.500385144682877758e+00 1.263070795102402322e+01
2.437946887312750111e+00 1.285207061844426413e+01
2.432332694532076012e+00 1.211568738073480311e+01
5.962745037314417518e-01 1.137123951998666804e+01
2.627995685490565059e+00 1.365267791902297567e+01
1.963819833395597625e+00 1.173470130926037669e+01
1.336271139160729149e+00 1.128306818101179942e+01
5.406973193677881984e-01 1.039705453057083595e+01
1.056974615928584882e+00 1.215204105946105173e+01
2.017440473971558124e+00 1.271308289788431090e+01
1.099757264105083232e+00 1.185177037543147271e+01
2.581972824257598109e+00 1.293699785772470534e+01
2.531625185970489245e+00 1.307604584175139451e+01
2.188078157045329597e+00 1.214484170602881363e+01
1.813124730786237260e+00 1.237393424555174981e+01
2.155604113775478226e+00 1.212600201370648634e+01
2.099835784249665771e+00 1.098311034455246471e+01
2.074017634939141264e+00 1.109118117644948676e+01
1.939300603518528732e+00 1.232897801515360570e+01
2.498489972903278122e+00 1.229116882594813909e+01
1.886865680943691226e+00 1.176969406605512525e+01
1.353857384428091448e+00 1.118736464113330698e+01
1.496235677142061515e+00 1.176740285709560396e+01
2.242323021814246253e+00 1.241480660856450235e+01
2.091025203095926432e+00 1.247694735277977607e+01
2.241031294929161533e+00 1.203306468500944781e+01
2.541582437770894654e+00 1.320765939366770425e+01
1.959212044101571681e+00 1.215197113874825163e+01
1.543151172310460062e+00 1.210016233197364421e+01
1.602030166197704997e+00 1.266839813276164683e+01
9.931129048314104590e-01 1.133967924604406541e+01
1.433767472210637495e+00 1.215011350376142119e+01
2.047304170295798365e+00 1.212712480103625623e+01
1.579774280520656937e+00 1.245603781437164415e+01
1.790170896126181077e+00 1.177023281709336366e+01
1.295470927937709460e+00 1.170617609900636147e+01
2.478160495994873536e+00 1.177148403073525706e+01
1.426881873019478109e+00 1.145149184332274572e+01
1.704061052066243587e+00 1.262784157855275069e+01
2.002400534746261673e+00 1.166876206807524241e+01
2.522074780762207258e+00 1.299471624469316744e+01
2.399141583302474512e+00 1.208404311716683921e+01
1.790119599802995953e+00 1.255357358441957238e+01
1.916671566875838728e+00 1.164733563710248099e+01
2.011304856960584253e+00 1.159780998973775645e+01
2.184091489179081691e+00 1.112862185942860549e+01
1.987147804434390430e+00 1.045880707971853418e+01
1.912721610021344887e+00 1.164517880714933185e+01
2.153586017944999931e+00 1.121349641186084867e+01
2.238758889631365268e+00 1.086296478426480583e+01
6.803255298219104130e-01 1.111723665718366405e+01
2.404400179695464601e+00 1.184425059105371858e+01
1.793654032485937133e+00 1.158306799645002449e+01
2.611035022139009509e+00 1.328372444616941017e+01
2.626357289828943564e+00 1.318988846924651881e+01
2.115783722230083264e+00 1.280127824318552143e+01
2.316140901546680286e+00 1.309492741110212144e+01
2.475812081846660462e+00 1.273485810431081156e+01
1.649757788999866248e+00 1.240822528634734390e+01
2.153131491905468931e+00 1.180391032093295323e+01
2.048002567488562242e+00 1.148138254622471699e+01
2.427861305200738951e+00 1.279322320926910805e+01
1.598022015874416946e+00 1.245392948701718971e+01
2.497858190564845593e+00 1.203777317860791385e+01
2.421435533257374484e+00 1.224384458174955981e+01
2.008514636423333499e+00 1.199390898606572087e+01
1.141257760014678491e+00 1.115947630178169625e+01
2.148963535113056711e+00 1.124673762234472640e+01
1.905811249223090753e+00 1.147474274500713953e+01
2.261740129502256558e+00 1.268078497988146047e+01
1.951673105535825181e+00 1.078249955650535874e+01
2.311717891809387027e+00 1.193584922724571484e+01
2.247329241168582570e+00 1.112476562322077100e+01
4.842619199575509681e-01 1.122123951248670082e+01
2.027493423604220357e+00 1.204697115287136455e+01
2.018166977863002920e+00 1.287670955715047683e+01
2.292253545546104387e+00 1.222135549190202930e+01
2.527606144178405678e+00 1.283380757043572551e+01
2.107235373748191254e+00 1.124281507808263036e+01
1.410038972175508665e+00 1.219623075297557335e+01
2.352181524419475700e+00 1.212914040696562878e+01
2.075398347603262028e+00 1.230164272538806003e+01
1.781649824003528115e+00 1.130794625118507746e+01
1.669026342136130880e+00 1.127883648760587043e+01
2.656983226395987163e+00 1.361453585243480546e+01
2.156327755423815162e+00 1.144851210337950320e+01
1.720498376399338669e+00 1.188456042287195835e+01
2.347375303945739233e+00 1.255120426246199550e+01
2.574254023405774028e+00 1.203977753434341658e+01
2.545379279258000338e+00 1.248496753007305493e+01
2.014973654443371842e+00 1.226353519928416702e+01
1.587743995660047647e+00 1.170553535306124893e+01
1.627535435575406142e+00 1.158210116060180894e+01
2.080770739421826221e+00 1.041865385111772824e+01
2.645024176587936093e+00 1.354012741811562570e+01
2.806743802747155403e+00 1.320837196876070152e+01
2.106126101557957320e+00 1.276569849815449942e+01
2.620778554240048575e+00 1.256484182998787169e+01
2.625858113020145712e+00 1.330615712469594847e+01
2.137786060466337013e+00 1.148769634022088049e+01
2.295964577933215178e+00 1.184896691687301207e+01
1.261530290959892664e+00 1.198756955257229961e+01
1.645727251128321411e+00 1.217652611569880783e+01
2.559494502814106287e+00 1.232864006418482461e+01
2.500974912391259242e+00 1.306150028033628807e+01
2.382606718256578660e+00 1.341883395421893255e+01
2.051196538856689511e+00 1.194554034767030970e+01
2.093818784518095999e+00 1.157583361658883980e+01
2.119051299390993126e+00 1.179003412247294769e+01
1.810904305035064166e+00 1.148873256625614836e+01
1.855968232409147767e+00 1.144201312050582153e+01
2.602920526545794200e+00 1.301730531972478921e+01
1.130521191634944467e+00 1.070171242935124845e+01
1.956351448468459875e+00 1.136892129787892358e+01
2.371574399795556953e+00 1.314669721913015721e+01
2.537048406008899359e+00 1.273744166659067645e+01
2.355916204133808201e+00 1.197170592154830970e+01
2.239496903916113890e+00 1.139383275093768688e+01
2.162366972645909602e+00 1.164604906957190167e+01
2.020209535951612345e+00 1.075219675429017485e+01
2.065663316441871178e+00 1.044927349500670921e+01
2.115738896122567159e+00 1.318874851165039530e+01
2.424848171419609066e+00 1.302496829609125228e+01
1.564981346793531181e+00 1.153664093162666582e+01
2.211684147840072612e+00 1.095799152031912449e+01
2.483806596408387968e+00 1.339473999354472156e+01
1.763214616949457136e+00 1.304478303306651732e+01
1.702970757308871486e+00 1.187715709992334467e+01
2.216890248875316161e+00 1.157961780129148366e+01
2.213791283427971823e+00 1.169081986071134160e+01
2.077726601149081809e+00 1.270306043920694172e+01
2.073195618080676983e+00 1.168487904589171045e+01
1.810669014516026243e+00 1.161464185482664924e+01
1.711266095251584129e+00 1.246200048769738089e+01
2.617606530930108644e+00 1.251899335293524018e+01
1.940312057173383842e+00 1.128449760933493273e+01
1.326485432361645955e+00 1.143417927159651803e+01
2.305128679653314361e+00 1.213525351099641725e+01
2.395384180122685613e+00 1.338320140190780094e+01
2.241325487326121912e+00 1.287503386497826519e+01
1.457561785391022546e+00 1.219814653213403410e+01
2.173474421136208701e+00 1.206074341584984211e+01
1.964322966652850999e+00 1.255118866668379241e+01
2.805373105585478033e+00 1.318027175944650864e+01
2.200669678811165486e+00 1.341257664212290379e+01
1.738456867620350677e+00 1.207722108527688931e+01
1.655369364390922193e+00 1.085997638072992721e+01
2.498490725710860616e+00 1.187863111706558428e+01
7.767930274552535819e-01 1.218187471903208596e+01
1.947476352423464174e+00 1.131911382363379026e+01
1.979951797494273746e+00 1.170149706913439047e+01
2.237677519429420503e+00 1.168154305998305276e+01
1.887702887362991078e+00 1.268078137414675588e+01
2.286837617435920400e+00 1.264481217686588366e+01
2.390095740718095829e+00 1.173293754215194085e+01
2.147024004385776230e+00 1.322176591366553389e+01
2.355590511957330158e+00 1.315304448220345890e+01
2.301627419490528847e+00 1.169223845900774705e+01
2.263612422574750926e+00 1.198753433084523223e+01
2.066551844205343436e+00 1.247880670739075448e+01
1.738213880604654982e+00 1.186610218710722719e+01
2.242687746985604580e+00 1.224830983013329089e+01
2.440003332866855779e+00 1.285774832581012106e+01
2.353583984126380368e+00 1.269256508904873471e+01
2.186865529609289815e+00 1.298078687087364536e+01
2.705026579638946327e+00 1.314922075629209708e+01
1.940662137108785545e+00 1.264805677127051808e+01
1.970501417490239549e+00 1.099457133786976293e+01
2.152203743755409349e+00 1.298505945665567829e+01
1.020661087358797126e+00 1.264849171724745780e+01
2.039034179299951788e+00 1.165413186017666192e+01
1.111203992235967331e+00 1.119409267441667311e+01
2.068485648688848322e+00 1.177245317778947609e+01
2.173159294754086535e+00 1.254523928138983635e+01
2.018421921400723740e+00 1.086135176840343952e+01
1.991683236631305309e+00 1.101431521236597355e+01
1.922043405054843390e+00 1.220962398372797963e+01
2.558156396186989312e+00 1.348396601312696852e+01
2.789546791293020078e+00 1.299087670908353687e+01
2.213408292945352684e+00 1.330707340424855012e+01
2.012008630968736167e+00 1.157175812463978737e+01
2.072470265622314844e+00 1.220397962200752673e+01
1.088159259821164015e+00 1.162095660369946337e+01
2.560568711482548387e+00 1.317177322716974430e+01
2.150135978409229320e+00 1.140226183121497350e+01
2.227393650911900114e+00 1.236505271628576175e+01
1.867450004573391720e+00 1.262871899981914936e+01
2.181514167278666427e+00 1.248468099102669449e+01
2.053409727000449880e+00 1.263033472127894008e+01
1.129385994378837577e+00 1.177826673782655753e+01
2.102858385156027410e+00 1.189081804303053502e+01
1.489385351157493487e+00 1.175143174525346090e+01
1.726709355716250727e+00 1.259213907830231882e+01
2.426839281833086392e+00 1.255073152695483785e+01
1.085391841993353035e+00 1.174564255962165227e+01
1.996446510082307224e+00 1.104872346712659059e+01
2.027649380500505583e+00 1.191639674787698766e+01
1.869350493046534112e+00 1.186237444158863674e+01
2.203190086440616202e+00 1.100611133194526481e+01
2.224114339584146283e+00 1.079367632849313807e+01
2.258740393845394490e+00 1.214457656779352490e+01
2.134788953171484760e+00 1.111113002265136629e+01
2.146485600745540623e+00 1.091072808527293603e+01
2.715940942766813748e+00 1.366469497299368641e+01
2.042698529013823983e+00 1.238186148583671375e+01
1.425971639027588278e+00 1.179583099605851260e+01
2.494676147585648707e+00 1.253513007933282353e+01
2.493419825843911752e+00 1.255663194508025882e+01
2.799279842619297298e+00 1.351284775950685457e+01
2.069946262391498593e+00 1.193395198242689048e+01
2.071987440390372637e+00 1.186895897477930895e+01
1.862898012971088368e+00 1.255341503838981687e+01
1.899095994097459883e+00 1.092280963190754584e+01
2.264048008224258446e+00 1.184036517740259242e+01
2.396149350999750904e+00 1.187400676703078872e+01
2.038707155988605635e+00 1.170390036088784846e+01
2.132964728190854142e+00 1.296563322238633909e+01
1.766464092959128651e+00 1.270384784954316615e+01
1.965239860882335599e+00 1.225337818412400814e+01
1.771891950430573903e+00 1.244206481085026184e+01
2.316071707148042780e+00 1.279987499180111854e+01
2.391426714377290264e+00 1.155910340571179695e+01
2.381061090352272647e+00 1.163359277486639876e+01
2.172249947721759611e+00 1.073348466732590900e+01
2.155076675406600639e+00 1.132236888760021642e+01
1.937111155508677740e+00 1.151781077327741798e+01
2.377854078671257643e+00 1.198984611938042555e+01
1.949144617088586440e+00 1.231016267496515226e+01
2.700455370912306030e+00 1.306176652631759261e+01
1.931535361040550125e+00 1.204734652128842676e+01
1.994590735600952014e+00 1.167730062714722727e+01
1.903915566948177540e+00 1.262268544111372393e+01
1.823425611029404037e+00 1.239583619499737566e+01
2.306407348411234182e+00 1.214060818146580445e+01
2.321254890500253687e+00 1.114765630662204465e+01
1.667862796528087221e+00 1.166290164471026713e+01
1.925518896470665098e+00 1.122588161670355333e+01
1.972292282843636002e+00 1.160401831569529385e+01
1.655239794897011452e+00 1.245482915474304697e+01
2.477000797570982460e+00 1.270119001642307488e+01
2.463337827115373191e+00 1.276940214038557997e+01
2.221715420378496564e+00 1.131774396781035463e+01
2.357178263278172370e+00 1.280488688462676983e+01
2.360759884800689878e+00 1.276315787994157525e+01
1.866282301531794419e+00 1.150488370677862804e+01
1.621812352830193760e+00 1.280133452274823824e+01
2.376425717888008826e+00 1.262544856171015262e+01
2.024218472964482096e+00 1.148974399272743163e+01
2.243301729078370332e+00 1.098867900494527028e+01
2.219564542599514745e+00 1.182992068390867502e+01
2.190730502980978489e+00 1.173038572928688339e+01
2.286481208347500349e+00 1.263213663915303009e+01
2.164316268221824213e+00 1.215537616901533902e+01
2.032308741439602606e+00 1.244406953761962420e+01
2.099259370077548592e+00 1.250396460034517965e+01
2.018428438754127807e+00 1.328295536041150804e+01
2.422744702839523701e+00 1.287284528435895403e+01
2.266625605050627712e+00 1.249347630820029131e+01
2.431475306297643524e+00 1.207826150475474769e+01
2.420984191897888493e+00 1.244331693574633846e+01
2.205037902403727657e+00 1.257397379589718689e+01
2.043164081947715260e+00 1.225703542537215895e+01
8.469076820641717740e-01 1.127029271767931995e+01
1.649731441182048286e+00 1.248627414550400516e+01
1.905882863124970683e+00 1.155899394450660544e+01
2.198250893111004522e+00 1.110857798167485733e+01
2.019729590913824868e+00 1.167160684523435954e+01
1.781365393522527540e+00 1.226870945509943489e+01
2.182790203814229724e+00 1.236782476612463810e+01
2.142160806157452413e+00 1.206054575737836565e+01
2.113212777323553393e+00 1.152375953396006025e+01
1.856281617595591626e+00 1.163835886273836095e+01
2.148630318952694740e+00 1.079480458990492586e+01
1.922501842590151000e+00 1.247761471400193400e+01
1.488682246210815796e+00 1.178219987580171768e+01
1.429918881026047250e+00 1.182173292447784618e+01
2.035567027047585853e+00 1.279007367536981121e+01
2.162251693808859176e+00 1.112062734481106574e+01
2.171941467675856607e+00 1.100058897569065053e+01
2.070336493222836971e+00 1.148956443745064604e+01
1.977082676412716955e+00 1.179241998298250316e+01
1.832716575229502043e+00 1.318504546380804321e+01
1.658444145747253406e+00 1.298741661640550227e+01
2.449012777849845168e+00 1.267656277631366812e+01
2.157515257775126205e+00 1.266243609390785529e+01
2.301980142843246924e+00 1.222359909142827838e+01
1.852630659208810648e+00 1.164889703613934557e+01
2.608485794269264968e+00 1.276201336667521780e+01
2.492477383823217263e+00 1.315949989543957166e+01
1.544036872777775349e+00 1.126744677747150369e+01
1.628843792474550245e+00 1.129188893092446300e+01
2.370302029416074152e+00 1.230980133348021965e+01
1.373373278323340774e+00 1.085817724172852294e+01
2.395775179158908141e+00 1.254134459855052874e+01
2.245435552143843605e+00 1.315760360699722753e+01
1.919672867240737713e+00 1.145326639260931145e+01
2.031266116219751172e+00 1.140595904823178586e+01
2.201599827572656487e+00 1.105123245741122595e+01
2.265411370413588976e+00 1.232654011581744946e+01
2.391578553184797507e+00 1.221852958448389614e+01
2.119038883290462749e+00 1.250812548881613395e+01
2.072446483957608887e+00 1.197025721376537355e+01
2.503887562073824125e+00 1.291994399164229179e+01
2.243576811491438505e+00 1.332088109484949889e+01
1.697258066623870354e+00 1.213755353365537992e+01
2.053706306941452731e+00 1.139711708514103705e+01
2.247602227060943925e+00 1.244863779325363140e+01
1.498225321952079581e+00 1.112752150781674132e+01
2.143055879944046449e+00 1.194921109214695143e+01
2.165844196702839675e+00 1.175642695574533647e+01
1.943045556506364457e+00 1.119838147925339378e+01
2.402305128531367906e+00 1.217374680585688296e+01
1.963643101603919527e+00 1.072533899619730668e+01
1.747150808528765475e+00 1.126031161410240777e+01
2.003957568326476757e+00 1.068335154073730564e+01
1.376580518751219895e+00 1.114974959153951595e+01
2.394080857878496893e+00 1.296755588904470713e+01
2.275317113976801142e+00 1.209712155163592229e+01
2.017124972016739903e+00 1.200988084356414554e+01
2.716659743370112068e+00 1.313440121896226032e+01
1.557309748199951382e+00 1.135376467208657481e+01
1.635608810074297370e+00 1.154421516045097285e+01
2.405622939971740593e+00 1.195334621615461046e+01
2.382992572246330543e+00 1.210203551026055990e+01
2.555440048374487905e+00 1.326740559791035778e+01
2.625689841616957843e+00 1.293439341654092090e+01
2.168310792859852398e+00 1.111246550663689447e+01
1.823189040322273025e+00 1.289201005940618394e+01
2.580520770526828933e+00 1.259726852661688667e+01
2.376364226956515502e+00 1.251027148545702161e+01
2.530791555953056715e+00 1.327522577190269892e+01
1.426556912400478216e+00 1.218003305294412009e+01
2.042879686258676664e+00 1.168007903465172959e+01
2.007338360278937195e+00 1.184678666966609839e+01
2.104571327905380596e+00 1.122595391567010736e+01
1.541468076237937579e+00 1.163882490369556066e+01
2.105769436189556920e+00 1.095508620546613443e+01
2.224647371404227858e+00 1.179243410608941289e+01
2.633281074516276465e+00 1.265371527423374509e+01
2.615635706470075039e+00 1.271228158755206294e+01
2.491092388843720862e+00 1.256871122527678253e+01
2.358345935460964160e+00 1.303798118836310849e+01
2.144221469007862702e+00 1.243467121061169856e+01
2.117481742927569854e+00 1.153634135818458084e+01
1.745472173418623374e+00 1.275307751439898318e+01
2.393284954308769752e+00 1.171512509072204367e+01
2.217202580847354554e+00 1.175239843497102221e+01
2.236301454631385965e+00 1.170834126451687496e+01
2.785983483827040974e+00 1.326366128176586301e+01
2.732626975203757969e+00 1.354151108867731601e+01
2.044597396354059793e+00 1.205129554374484258e+01
1.841921370834900262e+00 1.229781121753405237e+01
1.675564823157609462e+00 1.189686998828107711e+01
7.630859023337308589e-01 1.139025856220864164e+01
2.698344589332131616e+00 1.293157703582995310e+01
2.448376148600166058e+00 1.172109122838544515e+01
1.931792838745415963e+00 1.239673138036584632e+01
2.245149720400042792e+00 1.160300580588521591e+01
2.026417146582762285e+00 1.196206833264742109e+01
1.884100819136686367e+00 1.200823534350053912e+01
2.242264155107687174e+00 1.134114333614578918e+01
1.631445527715484234e+00 1.240629262882869455e+01
1.756576561117705992e+00 1.299664765478496697e+01
2.598342758106105155e+00 1.312911195119332319e+01
2.464382945973624839e+00 1.270813954953536395e+01
2.394034723305417778e+00 1.289865627276194004e+01
2.494604660684385689e+00 1.280357756843655537e+01
1.977252882285301716e+00 1.162995825672367189e+01
2.009828749383326230e+00 1.135396819511139377e+01
5.333708744432975601e-01 1.008121085626403790e+01
3.303190447123522944e-01 9.919089589294431519e+00
1.982271797917710909e+00 1.137535638061988408e+01
1.943320002986687500e+00 1.210058710687997241e+01
2.373755190117695424e+00 1.272189371558060955e+01
1.278297320128926495e+00 1.227268120554819752e+01
1.438016786579811246e+00 1.235395252855964010e+01
2.030578531165785350e+00 1.304989814915983537e+01
2.620829272362179108e+00 1.319281313962836499e+01
2.383083770605757934e+00 1.213919914284033474e+01
2.176409900704274758e+00 1.208081119893132893e+01
2.178177439284141315e+00 1.206784311599314741e+01
2.320268427812680390e+00 1.179288228175751563e+01
2.099164153743316330e+00 1.235320735077853094e+01
2.263272636881926481e+00 1.214470758695126662e+01
2.912121501219169684e+00 1.355986382879839525e+01
2.498677860768298675e+00 1.360441544041942130e+01
2.397513996806299286e+00 1.237337848578566302e+01
2.475506478979083269e+00 1.198464780098329108e+01
2.027652047264637769e+00 1.126831384504233746e+01
6.633992551876558563e-01 1.082483104586169986e+01
1.598677482007693884e+00 1.176715882618494646e+01
1.231118431401057922e+00 1.121592019685756014e+01
2.025555598572886140e+00 1.100908803627924826e+01
1.988291349561378762e+00 1.139617704903188411e+01
1.013654157777218678e+00 1.118338397542442841e+01
2.500158838477375411e+00 1.231905182992532310e+01
1.893967855144890855e+00 1.133732880576245883e+01
2.134521353789736509e+00 1.076911732871510097e+01
2.517794397459684141e+00 1.291605750915650574e+01
2.491502323892397897e+00 1.302482866623325108e+01
2.597068702275695085e+00 1.268501672402648062e+01
2.552001687177889444e+00 1.219014377412058714e+01
2.559868816411866366e+00 1.213054449894845099e+01
2.041972840964838110e+00 1.295929987504978165e+01
2.324996701280235278e+00 1.133172130464853744e+01
1.934167533225880087e+00 1.132117606826524536e+01
1.865669614254463538e+00 1.143308755849826852e+01
1.256765633377772362e+00 1.242243006931752269e+01
5.332789065792545857e-01 1.150579648447299164e+01
2.481405544909381256e+00 1.232874191053236856e+01
2.290262150063486324e+00 1.279280935482112902e+01
2.515283469674319594e+00 1.290990023471204040e+01
2.314922955623541778e+00 1.171546807870199380e+01
2.132947149294238454e+00 1.343169497288431558e+01
2.471369153474225477e+00 1.361279352394225306e+01
2.028116934277467198e+00 1.084052798592028743e+01
2.352731426493793077e+00 1.205291749318908501e+01
2.370091036957616915e+00 1.218833271126879758e+01
2.540794663277066157e+00 1.321783557760458372e+01
2.644164505433187706e+00 1.289840996876391266e+01
2.408034428319838494e+00 1.270721724064337543e+01
2.493741472329800590e+00 1.248927398495269792e+01
2.431175391931635676e+00 1.311706074941288058e+01
1.857190165474378762e+00 1.289492692264541951e+01
2.009165081644053164e+00 1.126705943996980963e+01
2.551658914520756660e+00 1.247796494972652681e+01
2.547218634543383153e+00 1.251784661652941466e+01
2.337780661808513738e+00 1.324280955711397390e+01
2.460040745991016742e+00 1.311254780947451870e+01
2.000264040277819788e+00 1.248189865788044095e+01
1.553251035347533282e+00 1.118812253445076266e+01
2.677054349578047887e+00 1.314019905613966444e+01
1.601484987257150383e+00 1.265460294823387244e+01
1.956458707753932158e+00 1.124538893379943971e+01
2.646989279046292332e+00 1.304418176498078097e+01
2.010709212582751260e+00 1.278821291255881576e+01
2.226577331082616240e+00 1.199551684638694837e+01
2.582284474899630755e+00 1.281905437177432283e+01
2.266511130894645287e+00 1.135068247703889099e+01
2.253511762477429681e+00 1.141469039576268329e+01
2.113273335976544764e+00 1.198995904865572193e+01
1.921498223522769333e+00 1.303061006255661880e+01
2.633403127038981939e+00 1.228936828573669615e+01
2.633763725744699080e+00 1.226645205136541072e+01
2.107906743178623366e+00 1.301840908384111195e+01
2.077598504417118797e+00 1.150995107186122546e+01
2.213828872463940556e+00 1.257134600269149516e+01
2.686717380055769766e+00 1.325902448207533268e+01
2.656722111880785775e+00 1.338493811634498698e+01
2.356681389572642615e+00 1.236992189068811498e+01
1.883302825105478417e+00 1.096187014438331353e+01
1.980327647228109722e+00 1.186087527547233123e+01
2.391536247640944080e+00 1.333040173100935277e+01
2.494318198896247285e+00 1.331034212427839414e+01
2.633681946710646038e+00 1.263750242679463653e+01
2.581883768138033997e+00 1.279420720731270933e+01
2.400705538722417653e+00 1.195436911126681423e+01
2.410158990126690437e+00 1.188837825624415956e+01
1.896602330910151180e+00 1.127751529298042854e+01
1.858095879031957498e+00 1.135116015397539613e+01
2.397269009571358023e+00 1.178705252519395685e+01
1.208736830450271249e+00 1.169919029833457458e+01
1.915877935541222543e+00 1.201970359194507587e+01
2.608185917164460577e+00 1.308014702986824318e+01
2.801657406319630006e+00 1.317356138152281986e+01
2.139584966593694126e+00 1.319251239639300799e+01
2.603421158247407607e+00 1.355095168388389304e+01
2.669017531802343690e+00 1.324120362937277839e+01
2.749618696818872277e+00 1.309743739714547672e+01
2.471848474974335463e+00 1.350753945165966918e+01
1.650139374272429960e+00 1.155912301926252006e+01
2.111346643055825201e+00 1.145300844860607548e+01
1.945999796829760653e+00 1.185446322364803606e+01
2.415853925522572609e+00 1.259952637581277912e+01
2.577189165199139431e+00 1.251910508319796023e+01
1.365870676236216941e+00 1.192980447974897196e+01
2.679426572384877137e+00 1.280815915129901761e+01
2.670511333831513401e+00 1.290118451212691220e+01
2.294756777116880642e+00 1.111623368167673931e+01
2.205624155727109681e+00 1.115668161742322440e+01
1.807827943979506191e+00 1.124394586871116708e+01
2.190532368405607055e+00 1.097489525490568063e+01
1.341391033844376635e+00 1.188666131671655180e+01
2.828053350638101371e+00 1.318127130913729950e+01
2.179964629311073931e+00 1.100905735731717705e+01
1.545052633183645829e+00 1.103471569785402906e+01
1.410233026038316906e+00 1.245960845333792300e+01
1.634276523623531929e+00 1.194776528448650765e+01
2.672585647416482413e+00 1.293034321023356092e+01
1.918315300762971187e+00 1.258641013498935202e+01
2.435800508507562245e+00 1.282408307678468695e+01
2.156133197895495623e+00 1.117165425944177493e+01
2.082583803949172641e+00 1.186942350329592344e+01
7.714368326023324229e-01 1.097326595183721665e+01
2.328511334352354467e+00 1.220664946023671860e+01
2.373988397533640882e+00 1.199291576013465033e+01
2.522873028889546454e+00 1.281157767012708781e+01
2.527923390007862814e+00 1.302249668444838626e+01
2.618674033220242947e+00 1.244607172843715936e+01
1.807363028916335823e+00 1.246228731760378494e+01
3.114118383915225885e-01 1.047050051925521430e+01
1.995194636838298674e+00 1.185136336764712439e+01
2.028303864507169596e+00 1.112814914694210700e+01
2.001895327179251893e+00 1.116268824707065654e+01
1.232072554675977427e+00 1.207229721061592542e+01
2.001324938346456861e+00 1.178809946637081474e+01
2.071362648546978047e+00 1.269084460649003532e+01
2.130804119526898965e+00 1.170352990465204890e+01
7.589954367283046066e-01 1.009953221965120562e+01
2.126981338680911549e+00 1.261380685584863492e+01
1.622351663515676501e+00 1.242727834596179903e+01
2.288024184376804548e+00 1.160422523223148872e+01
1.801851083443069212e+00 1.288332538011119688e+01
1.033784326883787408e+00 1.119161495254452987e+01
2.182050601193601391e+00 1.242306998436013998e+01
1.810892981137346203e+00 1.225787818646695015e+01
1.890719707520780224e+00 1.189544768421750298e+01
2.125562819405835135e+00 1.134109137698988690e+01
1.200954494596273348e+00 1.179311812947328875e+01
2.021920202119449339e+00 1.188143819135042101e+01
1.103544270466154886e+00 1.234756303670416777e+01
2.054418651558152842e+00 1.156769645537339919e+01
2.318034662101455812e+00 1.115830982306150254e+01
2.423062666377547636e+00 1.176493946681248559e+01
1.398586645801988215e+00 1.201147015780758309e+01
1.959669528707381092e+00 1.192670087471436524e+01
2.054706154210748537e+00 1.155037680894853480e+01
1.968930768395742437e+00 1.180459049481090084e+01
1.814463906222644418e+00 1.241359157104655608e+01
2.169075743532379086e+00 1.189300785828749873e+01
2.171394589076698800e+00 1.186527881036698595e+01
2.223795807715978068e+00 1.128185468108305400e+01
2.211436618866079229e+00 1.166703529632017045e+01
1.965386055008808253e+00 1.171200735836839613e+01
2.603523684600640653e+00 1.339632937330000395e+01
2.474139747205149398e+00 1.345295015906736324e+01
2.092490340226297985e+00 1.220588423398240252e+01
2.408572066257018029e+00 1.174115002010643494e+01
2.090492490328487829e+00 1.273855247863030726e+01
2.265050034383215394e+00 1.269106347804846280e+01
1.942111548100672547e+00 1.150628000828568887e+01
2.103593340936499967e+00 1.111736101263792698e+01
2.299637538019320360e+00 1.199190278401130172e+01
1.988817792374616200e+00 1.220746533966538117e+01
2.055992344738307942e+00 1.095220462540778783e+01
1.046370090775220918e+00 1.117126658903986680e+01
2.238404494742757045e+00 1.235657830805490676e+01
2.517219364646011481e+00 1.256855313571350585e+01
2.135933055066719266e+00 1.299976724574799825e+01
2.202459116198283162e+00 1.112963695832545596e+01
2.203026103268514113e+00 1.110811271478090134e+01
2.121167909172915422e+00 1.150499147843858516e+01
2.214635100485229824e+00 1.303403360413939005e+01
2.212419672717333086e+00 1.229899341862484974e+01
1.851682529467648664e+00 1.198384833177854070e+01
1.001176912420912446e+00 1.132998263631679414e+01
1.978759160053330524e+00 1.191158875554914509e+01
1.818179676705800940e+00 1.240789719476831365e+01
2.570299997682688797e+00 1.347442471419052268e+01
2.135420999280098542e+00 1.058197868500388239e+01
1.844995055623563696e+00 1.220726332647504364e+01
2.125095300122290976e+00 1.074384359041960124e+01
2.152354081994472867e+00 1.144285028552532246e+01
2.140462638604215595e+00 1.158470717339014655e+01
2.310039698758157733e+00 1.238427016413020887e+01
1.955477990113041908e+00 1.103119051027371000e+01
1.729001963567306621e+00 1.096018622368560891e+01
2.018127982457559089e+00 1.107203713724903515e+01
2.154565470064717658e+00 1.206443471350031871e+01
2.418125116970097466e+00 1.295674109901131743e+01
2.301751996964400693e+00 1.228113096244733526e+01
2.456287424467252567e+00 1.195195319550158075e+01
2.435551627588943724e+00 1.250132393176757439e+01
1.970656949780135614e+00 1.227190291918277332e+01
2.210860254366576960e+00 1.226683173034000518e+01
2.233551953302596260e+00 1.201202177723342501e+01
7.137069934430628759e-01 1.051409723067400748e+01
2.447117045814875436e+00 1.264508747008741452e+01
1.785568392934458570e+00 1.240261331846189918e+01
2.218895048668769743e+00 1.216878845927344166e+01
2.003969972098083918e+00 1.107212320353765556e+01
1.993648961442675782e+00 1.256610618981655492e+01
2.158917534719061226e+00 1.167573432671913913e+01
2.276820500558887961e+00 1.121657534675121504e+01
1.593174871623414868e+00 1.161782760510717694e+01
1.777697363813069975e+00 1.168679822541680480e+01
9.045877385283180860e-01 1.189582407522264695e+01
2.754671038156075280e+00 1.339885466787804802e+01
1.871361127222270326e+00 1.243156573443632951e+01
2.042887014459983330e+00 1.232603666095156392e+01
2.224510379491112744e+00 1.260689355705541637e+01
2.376015665161714807e+00 1.254956946977081422e+01
2.073302201729665839e+00 1.211084435509888735e+01
2.089064514509813009e+00 1.207583064047729060e+01
2.642048669048088438e+00 1.367597144163340772e+01
2.839847284786430670e+00 1.320869157679823758e+01
2.182051618441992247e+00 1.308678945346959566e+01
2.231758441456489717e+00 1.307887405273220338e+01
2.286757138275781642e+00 1.231839402860362398e+01
1.949589662083503816e+00 1.238918208536988352e+01
2.140182006938815995e+00 1.192819827566189872e+01
2.122937116867967156e+00 1.143716552656614915e+01
2.003604986171731550e+00 1.153363648933879837e+01
1.826777207024097738e+00 1.254970667839891085e+01
2.251768528147342074e+00 1.312944609094131998e+01
2.564088140576025854e+00 1.310593383483361407e+01
1.925620457241877581e+00 1.154290970042109521e+01
2.313684023733603379e+00 1.161518479901617695e+01
2.104022410154154255e+00 1.117420288200788825e+01
1.830185199963033416e+00 1.172431681981434615e+01
2.194804651232623360e+00 1.208468056559988568e+01
2.059826067706118202e+00 1.223999662676814992e+01
2.424409480841304809e+00 1.203117859884142327e+01
2.053911945020485685e+00 1.256719604403313717e+01
2.418610726272355738e+00 1.210814120910723979e+01
2.385990673747651947e+00 1.237320643833994716e+01
1.972592034351330126e+00 1.245031923826882547e+01
1.993977782006188137e+00 1.251514847015586618e+01
1.931904819256825778e+00 1.094872913509394508e+01
1.834902017958029097e+00 1.122410644823546022e+01
1.560354276238222315e+00 1.220480783166040695e+01
2.380675781403681412e+00 1.281355781965795870e+01
2.168023064485431473e+00 1.083577705012702452e+01
2.133395527876461362e+00 1.090448361821320056e+01
2.451035372322556860e+00 1.253928065250535973e+01
2.680325683629622091e+00 1.322855429143337780e+01
2.113664390842362462e+00 1.262149087648021606e+01
2.052302444743438592e+00 1.211220689048584376e+01
2.093987190243618013e+00 1.178034396153440611e+01
1.944556262101039268e+00 1.097622276966481536e+01
2.708572584172935560e+00 1.338485561639906329e+01
2.460279383251384733e+00 1.261740395781101398e+01
2.369184797878506998e+00 1.294938090908209816e+01
2.089026745372514426e+00 1.181419217918374365e+01
1.776646279463711009e+00 1.216779974634536998e+01
2.043228994705922563e+00 1.163013445545859881e+01
2.138974969078989652e+00 1.258849341902190844e+01
2.112703788926180604e+00 1.298684850507664912e+01
2.124694146310590170e+00 1.166359660206832771e+01
1.693523134979465938e+00 1.275805422266731703e+01
2.218876642793226495e+00 1.258408981480711120e+01
2.525837950594489900e+00 1.205359891654794069e+01
2.411289091620968161e+00 1.228970713436135576e+01
2.065458953870094039e+00 1.118158950996528311e+01
1.925581917628404138e+00 1.193616555612074670e+01
2.157067833929088962e+00 1.169124573420953972e+01
2.225018039238169987e+00 1.113063160077239111e+01
2.171144278369454117e+00 1.091597841931659651e+01
2.035459517992814327e+00 1.116995307036937923e+01
2.384792449080878729e+00 1.308277105739858293e+01
8.722763305966101388e-01 1.170941457775846395e+01
1.735426633828208720e+00 1.191439260152327861e+01
2.666022599411071781e+00 1.289401524835222546e+01
2.424223531488437722e+00 1.307087417497008097e+01
2.431496741936106432e+00 1.202325052268251326e+01
2.264937874375714255e+00 1.263321745142089902e+01
2.404427249270282285e+00 1.243682083644449676e+01
2.409325686030781011e+00 1.234326687854661131e+01
2.250874087315459793e+00 1.266963264081821272e+01
2.371738794224519165e+00 1.248275970800363943e+01
2.374600859063862757e+00 1.211273649239828742e+01
1.098959764817608376e+00 1.132629576476198707e+01
1.609703944993985614e+00 1.209320269251501934e+01
2.754523977632334475e+00 1.328846183471544151e+01
5.142518203011695599e-01 1.104120595178605591e+01
1.134881533617317917e+00 1.262978718121777710e+01
2.426037268747790687e+00 1.240940159973911250e+01
5.712290593360017654e-01 1.148988587177186815e+01
1.539376750606157973e+00 1.235549298047212119e+01
2.438350906919160899e+00 1.238278448342027183e+01
2.207513158558968236e+00 1.145695971822137871e+01
2.664104317262270261e+00 1.310820676690735809e+01
2.593110186137177031e+00 1.256223736688538750e+01
2.393302420995165214e+00 1.303869549972132624e+01
1.218251253476787088e+00 1.097941697798560767e+01
1.768565694103863439e+00 1.183712449076195306e+01
2.233785635224477151e+00 1.202367413830889653e+01
2.156545154743001458e+00 1.108502692872161965e+01
1.801170223341576060e+00 1.138151629089859540e+01
2.160819697246826543e+00 1.114396429154772150e+01
2.057801764757080765e+00 1.043970545754972967e+01
2.449408556516802893e+00 1.186543230738209331e+01
2.442860586312366689e+00 1.198532100239729736e+01
2.580005974664781654e+00 1.276080738473807408e+01
2.495775448136714925e+00 1.294202022845656863e+01
2.241210247635049058e+00 1.173283320847438382e+01
2.012279999104246375e+00 1.148789623546118399e+01
2.090606324500478674e+00 1.117291705510463373e+01
2.086265231324311742e+00 1.120103865008300659e+01
2.311781850115318004e+00 1.149521368444699476e+01
1.252572226997369365e+00 1.119474907991503443e+01
2.191571095210369968e+00 1.158006718495117582e+01
1.981015052852624914e+00 1.206483614596772291e+01
2.172381422144094021e+00 1.175640175314473268e+01
2.198656737650456883e+00 1.251121334509235616e+01
2.017184656281691968e+00 1.223446055105625874e+01
1.723707169742017875e+00 1.274754571410526083e+01
2.527869101489265358e+00 1.337448522573409448e+01
1.871385980617550127e+00 1.160843258314857884e+01
9.915062845037819761e-01 1.177369017226035197e+01
1.495094808353431448e+00 1.175174089539793520e+01
1.850294653029021852e+00 1.211800612875643424e+01
1.977489205662328553e+00 1.174367279315052492e+01
1.257820906865162902e+00 1.199028705956871477e+01
2.169711255460604615e+00 1.082651963740165257e+01
2.101348481978418281e+00 1.140962456942081005e+01
1.639362625657918793e+00 1.151159395329453083e+01
2.119564287094877653e+00 1.221163073539014654e+01
2.077882671732022235e+00 1.159263536442299802e+01
1.628304702021358574e+00 1.200126524832011476e+01
2.345404214560100176e+00 1.287488683809042023e+01
2.578116707012706232e+00 1.292893444274487003e+01
1.971399979299883531e+00 1.279161568825662165e+01
2.216163682203817320e+00 1.257765955778985578e+01
1.999892743593041811e+00 1.312564784460668044e+01
9.632596349055002616e-01 1.076735275252837631e+01
1.981022768784281185e+00 1.075710154386435669e+01
1.231118650287664762e+00 1.083150821612841419e+01
2.102010135421776837e+00 1.186789146123984828e+01
1.971548048673132270e+00 1.241511429022257751e+01
2.502848959145609786e+00 1.285332231680329684e+01
2.064244158359145764e+00 1.316946485922240839e+01
1.968501524269603120e+00 1.136367065199926252e+01
2.095155664575389487e+00 1.218146213223783469e+01
2.354327473620291045e+00 1.235877186426495200e+01
1.944143000653228093e+00 1.275267036103934082e+01
1.615356241344103605e+00 1.191246973433247014e+01
2.120822292386709496e+00 1.142625806137228572e+01
2.521699973862112643e+00 1.372057106263268800e+01
2.351272356707264422e+00 1.303643638099823931e+01
2.703886351779185571e+00 1.274700303744650753e+01
2.251258853279930694e+00 1.118776736210697820e+01
2.262838354681730113e+00 1.112716913483253833e+01
2.153696790405293271e+00 1.244063454946526370e+01
2.130793823868145420e+00 1.188655274787005212e+01
2.103190570054228381e+00 1.194089652272310964e+01
2.487030769415508935e+00 1.286745681105228911e+01
1.016202188762740821e+00 1.157297810545108518e+01
2.041996460476081854e+00 1.086554798471146732e+01
2.040104999205429426e+00 1.088752262467122023e+01
2.834454654837239573e+00 1.332150271783526030e+01
2.485911877564564332e+00 1.364847153378314282e+01
2.516737168660814650e+00 1.247747592160926899e+01
2.499332393715512524e+00 1.267444726015893508e+01
4.965588281675969995e-01 9.763030997378677966e+00
8.561710005873827134e-01 1.049938480108278505e+01
2.233258150499951356e+00 1.085033750496787519e+01
2.420165614080226124e+00 1.287279341129385557e+01
2.136876686716913110e+00 1.213264567129486515e+01
2.253254526997031437e+00 1.167148292108882046e+01
2.290603094177466659e+00 1.214350621543129982e+01
2.075933729102309666e+00 1.155661922780841167e+01
2.110473883934850470e+00 1.143050740970934243e+01
1.833443336655631972e+00 1.157547783936757568e+01
1.679110232824917004e+00 1.133581338647231718e+01
2.059472872810606869e+00 1.119679265350721487e+01
2.041266902032178532e+00 1.127765728690654079e+01
2.305220344439308011e+00 1.299920214987254496e+01
2.184532838585278025e+00 1.100756965644275098e+01
1.682998466925635261e+00 1.133119450923894789e+01
2.098634323775563360e+00 1.187583470961517662e+01
2.244651847809044920e+00 1.152815495480489894e+01
2.254905449854301303e+00 1.155215250613199984e+01
2.275502144859661069e+00 1.133333325311057571e+01
2.218232628797542016e+00 1.263209165775890241e+01
2.150044795607545023e+00 1.139354647919140007e+01
2.540810627596172377e+00 1.268852243249984291e+01
2.222092042716981464e+00 1.286372309948076342e+01
2.235979213552325984e+00 1.320958069956558134e+01
2.472086751674212657e+00 1.329318554714506284e+01
1.960834597952463509e+00 1.127894187162590889e+01
2.445427342048773767e+00 1.280237596149076040e+01
2.144030189072049453e+00 1.274065447976009224e+01
2.343524609945480730e+00 1.160484505758505591e+01
2.380811121439830647e+00 1.139251756617502487e+01
2.349227224290590943e+00 1.308467353400643240e+01
2.222742973116673237e+00 1.096875659023076999e+01
2.180588131768617099e+00 1.226260347788968552e+01
1.933562911121900818e+00 1.218987264261584968e+01
2.082326328525170300e+00 1.133608458207620373e+01
2.026991606845986116e+00 1.162928979257942608e+01
2.001992136905991426e+00 1.120928932600372185e+01
1.999432296818977717e+00 1.122671760699728694e+01
2.281878091140289389e+00 1.297854724981130836e+01
1.828983705338740995e+00 1.164330190951019794e+01
2.412752863758282462e+00 1.165189260220913070e+01
2.023664788426252858e+00 1.203987838154912460e+01
2.009294794528081685e+00 1.207861990585682932e+01
2.155164870864045845e+00 1.158221481065770142e+01
1.646639025804118805e+00 1.159114802428622681e+01
2.233137721305067824e+00 1.138629364793101395e+01
2.475085773748021190e+00 1.208482885400512430e+01
2.067150958160766550e+00 1.089044809752702392e+01
2.044710701567712174e+00 1.317236143130406667e+01
2.097218701922322737e+00 1.134156818742125061e+01
2.150280098902525250e+00 1.113053745066616607e+01
2.322044723441391678e+00 1.212473995274580751e+01
2.335104714458296371e+00 1.198192180576200983e+01
2.457199792945209182e+00 1.329307488972169082e+01
2.230693038218443114e+00 1.087380946057917619e+01
2.179038850186010734e+00 1.108503189106206399e+01
2.105079145732800416e+00 1.215234564967857978e+01
2.136258970834395310e+00 1.054093703414341654e+01
1.638610744457827728e+00 1.198250600994519033e+01
2.252037977634163024e+00 1.205372690275632941e+01
2.227806837211676605e+00 1.164873785591254496e+01
2.224956974180355207e+00 1.167567277902550060e+01
2.227072967448157303e+00 1.175705798490441722e+01
1.998958749271864344e+00 1.221156389700247225e+01
2.421303014934121034e+00 1.217773200446703541e+01
1.937683845665130189e+00 1.235347088238638769e+01
2.020947240166272252e+00 1.302968098988303502e+01
2.289897091796409434e+00 1.205088084113397429e+01
2.267046975781722207e+00 1.185510536926238778e+01
1.882364759981532076e+00 1.267852560132838313e+01
2.475803660260369021e+00 1.306186979137519621e+01
2.605095075237689350e+00 1.312631381312309564e+01
1.740746247380461575e+00 1.224906719458460813e+01
1.438423412184266725e+00 1.195390834955147952e+01
2.358066038053134417e+00 1.187573760274869450e+01
2.237631649537684453e+00 1.221354431324024681e+01
2.088352422659363494e+00 1.081318153973416152e+01
2.222313098022744793e+00 1.255699620346051582e+01
1.893737223422791605e+00 1.131513638762633711e+01
2.000374068471778788e+00 1.103597436798415643e+01
1.828164308738317034e+00 1.148165875589464591e+01
2.194013722206172634e+00 1.247460714219564082e+01
1.448755326419439271e+00 1.201166883312926714e+01
2.001116114450073535e+00 1.153934700314569106e+01
2.404259181590579608e+00 1.191536219005334019e+01
1.793402197002572196e+00 1.152687891825320499e+01
8.865676216791751330e-01 1.167320507488132186e+01
2.225389601843519749e+00 1.126671681495283117e+01
2.008395800957365473e+00 1.250883353252863017e+01
2.108640924344850731e+00 1.249306549952856216e+01
2.279075713632024769e+00 1.202270688658906117e+01
2.248977569500751006e+00 1.219237495524746606e+01
2.481541145395258496e+00 1.216154673932471830e+01
2.568083243177161634e+00 1.225681532095480186e+01
1.520574749766684164e+00 1.166088450221939254e+01
1.905543464584187774e+00 1.155839131776589745e+01
2.540054353128324394e+00 1.278203649489585558e+01
2.849683674340885098e+00 1.366208069238059508e+01
1.507460647131788400e+00 1.271310703758618033e+01
2.490962792645048385e+00 1.201870365623570258e+01
1.138554291593267376e+00 1.174792003169518395e+01
2.381826066215061655e+00 1.191797745448199564e+01
2.090643019124735602e+00 1.171731600974820786e+01
2.098766322963054431e+00 1.156553716090502704e+01
4.117806967779642502e-01 1.065214627932029323e+01
2.107719821529105086e+00 1.165157946634115227e+01
2.604020476795348316e+00 1.313618757237512114e+01
2.628823518016921046e+00 1.341466843892899163e+01
2.301325499980133138e+00 1.228014609217296815e+01
2.252444250317579222e+00 1.255629382673696348e+01
1.468452215756395951e+00 1.226955818905825346e+01
2.139734658095806097e+00 1.230200174197120155e+01
2.101031812823620282e+00 1.239507799388081288e+01
2.280859641208252242e+00 1.243829112362310596e+01
2.052000245298642778e+00 1.254496770402504069e+01
1.618603282635104890e+00 1.230939645294655804e+01
2.640004180740750162e+00 1.298103173662501142e+01
2.075263035588770677e+00 1.282718189150433119e+01
1.242231401308026895e+00 1.185333659276808582e+01
2.079822558853154923e+00 1.297218237682570852e+01
1.730560149043700591e+00 1.156200736482166214e+01
2.101121098283219801e+00 1.170388773868344323e+01
2.357831523993974887e+00 1.131690873473377579e+01
2.303268400034329311e+00 1.224999959561090712e+01
2.266223641967283431e+00 1.189849364446939717e+01
2.291383957348562372e+00 1.170981291963996185e+01
2.303449231993462742e+00 1.281963490213846235e+01
2.181089064068101990e+00 1.155702012770467668e+01
1.788275705748324507e+00 1.239526069149060916e+01
1.651260285866749333e+00 1.234131379188109712e+01
1.992194676760844940e+00 1.180144539192097675e+01
2.250649696206299399e+00 1.118954702484343500e+01
2.288258854803182807e+00 1.152810002151337976e+01
2.587540847430738644e+00 1.310368527059147681e+01
2.640149383651273940e+00 1.292264568859213014e+01
2.484419103378325833e+00 1.253352105562635543e+01
2.356332206694545572e+00 1.137062514073875441e+01
2.722407366964318509e+00 1.298482770600964109e+01
2.184734049305717463e+00 1.121571685352001602e+01
2.099826521114803946e+00 1.227966491746795619e+01
1.808133329558160973e+00 1.160959198638880174e+01
1.929648400190349333e+00 1.116277467656606603e+01
2.103953908471078105e+00 1.309214918918889659e+01
7.920577047486905276e-01 1.063793017360094950e+01
2.095919676994201897e+00 1.265862748336782673e+01
1.440341147228087815e+00 1.221333250897249201e+01
2.082898420718509058e+00 1.207809556459124423e+01
1.887748049161855457e+00 1.205195651080426344e+01
2.291732339587403189e+00 1.186229164580345596e+01
2.008506461626963890e+00 1.138377106315926923e+01
2.358961424778059701e+00 1.169984202255344030e+01
1.868274935081353672e+00 1.181610131728432656e+01
1.020437038227778093e+00 1.167002139246321235e+01
1.659359350611120387e+00 1.151708149336394627e+01
2.031717638240106538e+00 1.023533054513015728e+01
2.030554130264671908e+00 1.027419261145479901e+01
1.134749010841960448e+00 1.120913400555075157e+01
1.179902808197046182e+00 1.194080836296580195e+01
1.773823652737228640e+00 1.244496264742855374e+01
2.028675479019425687e+00 1.193530646174730769e+01
2.396670002761217333e+00 1.247818722352594811e+01
1.611198310430251190e+00 1.095940833292158167e+01
2.352881412239785419e+00 1.303473708360646910e+01
1.261535792544398182e+00 1.152058102273754692e+01
2.090603802395464506e+00 1.086331869145451812e+01
2.280774908351027364e+00 1.174394931913623630e+01
2.033979778262127613e+00 1.169840743287354456e+01
2.271015902351343207e+00 1.142167638750848901e+01
2.511979095157473196e+00 1.224848129494786342e+01
1.237830446374855953e+00 1.160426714571284634e+01
2.078381585975381807e+00 1.281260667238779760e+01
2.278258129758662154e+00 1.247902044217470774e+01
2.397039210065411208e+00 1.211051995254089420e+01
1.873291777227143351e+00 1.145960391099859521e+01
2.053116628113161202e+00 1.093500571073231242e+01
1.917246520697754475e+00 1.260061764789377392e+01
2.579168566861865575e+00 1.324525279800228361e+01
2.576518850514549097e+00 1.324638220328791505e+01
2.352119671930812839e+00 1.332134454895767384e+01
2.746983795946570606e+00 1.311967530865422304e+01
2.455686788205416970e+00 1.314763038382931448e+01
2.414403840698739145e+00 1.322535715757538277e+01
2.194302923853407528e+00 1.157469477764507104e+01
1.995078404734461852e+00 1.123841756643695966e+01
2.228972252521575825e+00 1.289515463236415904e+01
2.677978595882783530e+00 1.253798908902055409e+01
2.480328479481237025e+00 1.247263834394879645e+01
1.712984193511055908e+00 1.279668093213780722e+01
2.340754432607030644e+00 1.266999055333419300e+01
1.831786916973007662e+00 1.215537733416986121e+01
2.225173805793976278e+00 1.164554707098785258e+01
2.161574679035323410e+00 1.278750975931903433e+01
1.655589470556448894e+00 1.261253043931496620e+01
2.248124618743141845e+00 1.273528273207837991e+01
2.086460361254689921e+00 1.182541263767382667e+01
1.544485259943518818e+00 1.170446634893378501e+01
2.038417746139302711e+00 1.220471692082978521e+01
1.998445155771804149e+00 1.204779160240785885e+01
2.748547185149658123e+00 1.354735532954724064e+01
2.519816122404102909e+00 1.365015462066732788e+01
2.583578353992025622e+00 1.277760460941802911e+01
2.588784232410577868e+00 1.271263796127238521e+01
2.569465650142004343e+00 1.273447185318705444e+01
1.646930034611245430e+00 1.236810654839346846e+01
2.302309059020605009e+00 1.231199905471738631e+01
2.214013202913710288e+00 1.200154904719885884e+01
2.772223679552666464e+00 1.296467574712078985e+01
1.083411074780448846e+00 1.179713577452698736e+01
1.227328023176582406e+00 1.064071620242742178e+01
2.208336398280790203e+00 1.246210141249028780e+01
1.923654538313805729e+00 1.113260376241938410e+01
1.963885279199653056e+00 1.134302334778605292e+01
2.006702294387060270e+00 1.113846222443718048e+01
1.527011025508727915e+00 1.246457661478611456e+01
8.549057823875221285e-01 1.199541799956949184e+01
2.378049259035901919e+00 1.344268821914488221e+01
2.369771271257937961e+00 1.174080860184846742e+01
2.056924596595674615e+00 1.171107999556588553e+01
1.905571454266697717e+00 1.194177502609296759e+01
2.057797308360519661e+00 1.162620504064264892e+01
1.920724136861133413e+00 1.181517221278689611e+01
2.735582671087126716e+00 1.349712360086190088e+01
1.334488619642738572e+00 1.150087718375472434e+01
1.885510623733195112e+00 1.115486644923946535e+01
2.322309275885257929e+00 1.180464171701029841e+01
2.158287279132923064e+00 1.164300779449756540e+01
2.150376158143226135e+00 1.178345496122733138e+01
1.988120723199238160e+00 1.167537987607233063e+01
2.101177863655890654e+00 1.135318720728753306e+01
2.472292130106576113e+00 1.246767154215931939e+01
1.334320234097476021e+00 1.229908890508098729e+01
2.086397675544511721e+00 1.146523107390065910e+01
2.307563547609089216e+00 1.129659314263525438e+01
2.225263286621333769e+00 1.181149004967579685e+01
2.186833706063317617e+00 1.227977749300700872e+01
2.208493354304569944e+00 1.210300651785733805e+01
2.350873578853505563e+00 1.187877450812427149e+01
2.673746177721906481e+00 1.318428963198913451e+01
2.538731903816530799e+00 1.274524825882094525e+01
2.305084505520001326e+00 1.180193767756276024e+01
2.090958248523075547e+00 1.153954120121780313e+01
1.911842967831939744e+00 1.200061773960570832e+01
1.533338012640853343e+00 1.209715919522492378e+01
2.121749496386071243e+00 1.099668964922031655e+01
1.838233855294687968e+00 1.200280307915042322e+01
1.724444893050453453e+00 1.199669753641196834e+01
1.330508941681664892e+00 1.168841930462750867e+01
1.476480663516869907e+00 1.107447001925715213e+01
2.174391803026392456e+00 1.109652624342284000e+01
2.192552891037211626e+00 1.200744964723514308e+01
2.087808715762917711e+00 1.206328886862775462e+01
2.027046579197768317e+00 1.303069142717910545e+01
1.419028955144743032e+00 1.231710958164009995e+01
2.204624662060158169e+00 1.231257118225884817e+01
2.407482640341797264e+00 1.212286709801784568e+01
2.082140178603141489e+00 1.122486711694081585e+01
2.077153124319008448e+00 1.127153792005010402e+01
1.934319712289501059e+00 1.228803634269631040e+01
2.148722415270660768e+00 1.178813717954330542e+01
2.088819754990853372e+00 1.223240883862042949e+01
2.242183558651529740e+00 1.203317790904272044e+01
2.110209650800819237e+00 1.286456612088935181e+01
2.163798416764204369e+00 1.272464140000932353e+01
2.432474381754937465e+00 1.138892162121757856e+01
1.017785210964270215e+00 1.216345107167954609e+01
2.261705652036102077e+00 1.283847720531790237e+01
1.963998922522830259e+00 1.078637432930144691e+01
2.364966655659140660e+00 1.229483152527239831e+01
1.839950757880969512e+00 1.188096402108174665e+01
2.586502753139658051e+00 1.280069996279676658e+01
2.393022010907737585e+00 1.160949488653264972e+01
2.289495756908755286e+00 1.194949046189242026e+01
8.717003492511464779e-01 1.076865119419589689e+01
2.085919704449181733e+00 1.142851294851917032e+01
2.196401531048632449e+00 1.251278841510837125e+01
2.211297450845158163e+00 1.209790633192608134e+01
2.274857851942368558e+00 1.192754033076760578e+01
1.650512001745925383e+00 1.255130578813994369e+01
1.399666805701979655e+00 1.207660260613360848e+01
1.958838577431599726e+00 1.295579736015647221e+01
2.298401430703995274e+00 1.100176551389698254e+01
2.281617532506890811e+00 1.275097337165958677e+01
2.123101578769118092e+00 1.243800975443558343e+01
9.780149502781126936e-01 1.057122335564962512e+01
2.312847873048097025e+00 1.233986022580247166e+01
2.047499361405700657e+00 1.112858417627283636e+01
1.772802710941075999e+00 1.144421791845007519e+01
2.013131559445800800e+00 1.049745105429229142e+01
1.885554186480572048e+00 1.093221589365231949e+01
2.137190576069346815e+00 1.108405672210831483e+01
1.011718844250860228e+00 1.004125198254857487e+01
2.360140369665514104e+00 1.191860986208747519e+01
2.370701359168254196e+00 1.183919870484247561e+01
2.149680815449147353e+00 1.107434785857446968e+01
1.778323814564857441e+00 1.168713179363465571e+01
2.515231091095063487e+00 1.356888233313750725e+01
1.089263813273635639e+00 1.130520200350070148e+01
2.008631738702424396e+00 1.105888561997937458e+01
1.561288541574411326e+00 1.193780607910290392e+01
1.578636948442343035e+00 1.192944360860546205e+01
2.079994690941756375e+00 1.235574369075252754e+01
2.521994383488303182e+00 1.255493258283420666e+01
2.477777345499156070e+00 1.274793647167167876e+01
2.196293569890483965e+00 1.274675295628234473e+01
2.101138557208100721e+00 1.278648320267701521e+01
2.417489103048866994e+00 1.195977678971016367e+01
2.480648973629131504e+00 1.196259034619006378e+01
2.101802572846997563e+00 1.173814237151292872e+01
1.427804438767850348e+00 1.210657453988730836e+01
2.488434950364357690e+00 1.331524588152525013e+01
2.244582739372089186e+00 1.173797235903666980e+01
2.240702685379009740e+00 1.176983328167255749e+01
1.789019714596150612e+00 1.206478350917644882e+01
1.637612289833372259e+00 1.156481435442678141e+01
1.798619648204987875e+00 1.302007397384665666e+01
2.174525642504748113e+00 1.182248546237293141e+01
2.243823592207166762e+00 1.169371350647973884e+01
2.429971864756210298e+00 1.172217069404861434e+01
2.606121564797734713e+00 1.264166035561269297e+01
2.395626619722702522e+00 1.287914381289537147e+01
1.873338741654225537e+00 1.259719921526745878e+01
1.867446297915365649e+00 1.125787429853758326e+01
1.886437460141657807e+00 1.122279073687816542e+01
2.474596899569548647e+00 1.332683460027513078e+01
2.375297754764959191e+00 1.235915287368843529e+01
8.560504225056949634e-01 1.177818271101382841e+01
1.064870250717637301e+00 1.170956156601730669e+01
2.170209609688171781e+00 1.166321822327560831e+01
1.484080212602034932e+00 1.182100838061277592e+01
2.316877472198648480e+00 1.268023335147184127e+01
2.324931203062603924e+00 1.273492546789854352e+01
1.725914093953762052e+00 1.247822200684457350e+01
2.177321117618242763e+00 1.158257245220234388e+01
1.821285864069909222e+00 1.210824959622468278e+01
2.421599800939999714e+00 1.169526588844069970e+01
1.912250103513353006e+00 1.151734387792782321e+01
2.235136559091156716e+00 1.225653657060379409e+01
1.384859020909348759e+00 1.247286666651110387e+01
2.310154497603664314e+00 1.193917607560530847e+01
1.425588744640009287e+00 1.162462132904675727e+01
2.246557224205952163e+00 1.223324929196532551e+01
2.246037999100334748e+00 1.224159492537047278e+01
1.110749996353944891e+00 1.137939327139535628e+01
1.385498152637441471e+00 1.153880693694368276e+01
2.358457830475702455e+00 1.136945514862108020e+01
1.971168955005719647e+00 1.193886848175301019e+01
2.263036206377943671e+00 1.159101566109440817e+01
2.318318474272906382e+00 1.282934478274538925e+01
1.716901322983074740e+00 1.277118074291587568e+01
1.768597982676460401e+00 1.213932034840834717e+01
1.900148540774375894e+00 1.233037280187458684e+01
1.779637225895953412e+00 1.239763610989708198e+01
2.219106533272294790e+00 1.191820309464883998e+01
2.557930414871457891e+00 1.301463951086453363e+01
2.654468850095510479e+00 1.269606241820530279e+01
2.513007198802935882e+00 1.248796445442720504e+01
2.418082495778224761e+00 1.218896911436786823e+01
2.407087880599883434e+00 1.237855418726695866e+01
1.079897658643228286e+00 1.171866862947623744e+01
1.442824576170874229e+00 1.246090943450572119e+01
1.624607727167933557e+00 1.107878553609886829e+01
1.961179012818654366e+00 1.191319554527291125e+01
2.651578615899584879e+00 1.311532705135929433e+01
1.684880425372917045e+00 1.233811775565723501e+01
1.940955474376966361e+00 1.235887971847460776e+01
1.966077350243902622e+00 1.191314558123588085e+01
2.272512504489819563e+00 1.147129977195520034e+01
5.895653101590201395e-01 1.100748770826936784e+01
4.749853632188026920e-01 1.100495632190739315e+01
2.226055130084640954e+00 1.117009743776337771e+01
1.980768611766236198e+00 1.245200385472426241e+01
2.183633487706974741e+00 1.244020468292344184e+01
2.256565144906943932e+00 1.183704124306615135e+01
9.560273125021117036e-01 1.244011705287620728e+01
2.288480265126408675e+00 1.119668409634246764e+01
1.852832019541314601e+00 1.175468965294915513e+01
1.999336638580516246e+00 1.174478825277848948e+01
1.973735494618553021e+00 1.162023432731802863e+01
8.106561268098715356e-01 1.173419865415604946e+01
2.321021581431960801e+00 1.262019107525223838e+01
2.063497239162947583e+00 1.104635712175677753e+01
2.629160869176097481e+00 1.327484423974831351e+01
2.452427945302798840e+00 1.176948286007223921e+01
2.133721514455966251e+00 1.120246199553253419e+01
2.541588566398446769e+00 1.283585254902427764e+01
2.267424549813556567e+00 1.243973636811993089e+01
2.126236034925036655e+00 1.127120535998371231e+01
2.474074861562300498e+00 1.224707980752239500e+01
2.390467112084762036e+00 1.262299440559377217e+01
1.004531250774880258e+00 1.191037613690558672e+01
2.031976439514986854e+00 1.061713719656493460e+01
2.527650838066367367e+00 1.280217067778040452e+01
2.543228329532433829e+00 1.277681538045571585e+01
2.297471585418141782e+00 1.133456847074085694e+01
1.747142522706254253e+00 1.186667535132202822e+01
2.000456017672689768e+00 1.148724785649311997e+01
2.449434436869340370e+00 1.283859723240478345e+01
2.226461549462254830e+00 1.088868990765291933e+01
1.645186870101917442e+00 1.142675545081068833e+01
2.193339154917176348e+00 1.169429462016252508e+01
2.186831831499104872e+00 1.171590582302373562e+01
2.116072469855357241e+00 1.154814986366053198e+01
1.858274391402523040e+00 1.218630434679274899e+01
1.995156410510140033e+00 1.216062308029109396e+01
1.507118093153148042e+00 1.270103825975511214e+01
2.185322372958319104e+00 1.259849654574018629e+01
2.051869793934895103e+00 1.103382142221365392e+01
1.984530798314232847e+00 1.149165462989864572e+01
2.154530112148625332e+00 1.254801417601872160e+01
2.274323695338666518e+00 1.244040353433024215e+01
1.691766206043374243e+00 1.118737946214975132e+01
1.196957972135312742e+00 1.241679873995720662e+01
2.079095424412482185e+00 1.254575090194660447e+01
2.173647585302533436e+00 1.282761545466239816e+01
2.184430775148245907e+00 1.282419038832389901e+01
2.317854367892009382e+00 1.281313035749215778e+01
2.415947350402550153e+00 1.243787485603811227e+01
1.899823460548473175e+00 1.207273410451638362e+01
2.060404092296118872e+00 1.173852938291999592e+01
2.091350835789120399e+00 1.200467358842842813e+01
1.816413175297316940e+00 1.226854827423305494e+01
2.070374881744875495e+00 1.146783007051993231e+01
1.463663661869943899e+00 1.162177739940431032e+01
1.380924824673896101e+00 1.111874662979538542e+01
1.995835319474063230e+00 1.243722657820826782e+01
1.679716974279803487e+00 1.182669283131233584e+01
2.184247320154036665e+00 1.142264774011741935e+01
2.208509694303545157e+00 1.176917540409582941e+01
2.454271111225576174e+00 1.256613015744541606e+01
2.462553285354210697e+00 1.249858630166315265e+01
1.538589942155691892e+00 1.260532986161559776e+01
2.449394622173522329e+00 1.349968477243547582e+01
1.979956000601462929e+00 1.129452093517539168e+01
2.524548565272467737e+00 1.215926009913603778e+01
1.787824858547001794e+00 1.151792782506386459e+01
1.441808514871159685e+00 1.087210428682757701e+01
1.204680810955274461e+00 1.049071286985067353e+01
1.978949980206257342e+00 1.216234800728084231e+01
2.187455890478348763e+00 1.197491583281439098e+01
1.887878693201291647e+00 1.221388989563730831e+01
2.190101638164812403e+00 1.258283723277485677e+01
2.410593144723653491e+00 1.212893401450430275e+01
2.018367538291233387e+00 1.272123592043425155e+01
2.140036537851135012e+00 1.292248498951933122e+01
2.373114979827545934e+00 1.274306129424934753e+01
2.048115873883524785e+00 1.185154814590531913e+01
2.049407803944835127e+00 1.181744838475005466e+01
2.055415204695014264e+00 1.073753136360678795e+01
1.852648972505879899e+00 1.278590530681215220e+01
2.421995304429930052e+00 1.264115238198403190e+01
2.353111266607927909e+00 1.346264474121601395e+01
2.465498051263880441e+00 1.343511986028780925e+01
2.577953960968148106e+00 1.304203465393671024e+01
2.530416301572186999e+00 1.311706352174664936e+01
2.029538140639094657e+00 1.117330506003410129e+01
2.094236662140517513e+00 1.119505702381318635e+01
1.894111165024899179e+00 1.155921300281547559e+01
2.106867893883160203e+00 1.064970425405451770e+01
2.109303764721626173e+00 1.059510898832844816e+01
1.582541867273478786e+00 1.238871174144943232e+01
1.775691037019484719e+00 1.269335810930181729e+01
2.235169513021080245e+00 1.191419617164668310e+01
2.594890607918124203e+00 1.313707690980567833e+01
2.596749537515428585e+00 1.312327652741838868e+01
2.050720363873618446e+00 1.232963541472424751e+01
2.717843569740171716e+00 1.306282566902237008e+01
2.501478320764903174e+00 1.329407396171819222e+01
2.032751845248200961e+00 1.164602135569426977e+01
2.283249303180835188e+00 1.138104446708986828e+01
2.158885616258646056e+00 1.183465922877536158e+01
2.099340692857367241e+00 1.274244753937275654e+01
2.063253365562124575e+00 1.276842361040157314e+01
2.499959330431018589e+00 1.264087496734789084e+01
2.502176023411483818e+00 1.263683513614709675e+01
2.442905270385401728e+00 1.308239925721781560e+01
2.239571653420873609e+00 1.147989236956959580e+01
1.418512464252452254e+00 1.184568264603252352e+01
2.283316540747476697e+00 1.308911629284899014e+01
2.252223492849950048e+00 1.308669949649975806e+01
2.291867788613694223e+00 1.285593683280694499e+01
2.403819522023697974e+00 1.281991495018380611e+01
9.441241804124869130e-01 1.132188568091613945e+01
2.305621178003584237e+00 1.255745502465229890e+01
1.517774468461756676e+00 1.245027391740332057e+01
1.962990391961187742e+00 1.260350611470068571e+01
4.447868391876846905e-01 9.573081392025137859e+00
1.905477401604504850e+00 1.259113521192497487e+01
2.343062120780807334e+00 1.248486985910501623e+01
2.349223370628699126e+00 1.247738298645613675e+01
1.000019828889359808e+00 1.158799668122663817e+01
2.622208256439626961e+00 1.265352892658477835e+01
2.457751109242267251e+00 1.191686419586258161e+01
1.540041306698512358e+00 1.231334551129512178e+01
2.030069026932174836e+00 1.148247237654236663e+01
2.033740677584342738e+00 1.147906826889426135e+01
2.594999831513983057e+00 1.257880916258844550e+01
2.284281973344663097e+00 1.105037177225204381e+01
2.632959088706202433e+00 1.326955392059055328e+01
2.686832801833365814e+00 1.295486284538820598e+01
2.041057250963298042e+00 1.050441525932809128e+01
1.512359849348017038e+00 1.097648384849455283e+01
1.303548578079722686e+00 1.192067422798636223e+01
7.622381941195039978e-01 1.162598219007579203e+01
2.178059797307512202e+00 1.176864426119801621e+01
2.007368284880016063e+00 1.149973008781626405e+01
2.138626783181098556e+00 1.184459969226510445e+01
2.121692921891069172e+00 1.203169067239143608e+01
2.068939284907099996e+00 1.252672967084646771e+01
2.244312350470124784e+00 1.129236997674130549e+01
2.152003839726670087e+00 1.157420514616475238e+01
1.116401986558369197e+00 1.111375300925685750e+01
2.313212215348983136e+00 1.284863291740618685e+01
2.092357760831537128e+00 1.247153093385073852e+01
2.207605313565722760e+00 1.236046416008572280e+01
2.397459231857460349e+00 1.307129438117196862e+01
2.565182947867684415e+00 1.269059664815472921e+01
1.334278891678601919e+00 1.134124806119792161e+01
2.527435893618755980e+00 1.265483073383563450e+01
2.524316257278280684e+00 1.284789561460549301e+01
2.086351411188389626e+00 1.187969030839471429e+01
2.271158498095042333e+00 1.250276156186035870e+01
2.501542265027003165e+00 1.215890074812621258e+01
2.105729486418863594e+00 1.230240518813484307e+01
2.103084149328307895e+00 1.234783127213251852e+01
2.436977198414293611e+00 1.323831101771345864e+01
2.156165982397441283e+00 1.141123994194329860e+01
2.018824822368407101e+00 1.172111381087041870e+01
2.526136396673818840e+00 1.255481815518047028e+01
2.108432607841062900e+00 1.249425543367510016e+01
2.387993993653657387e+00 1.283046079527967542e+01
2.465128946403938759e+00 1.249988842998264182e+01
2.728479958685267714e+00 1.281041706298917759e+01
2.679263396218169113e+00 1.305360845955150850e+01
2.241256110675784452e+00 1.169016752276950122e+01
2.238327198850355693e+00 1.177018946382323428e+01
1.691957897157984503e+00 1.240304696137257778e+01
2.391223045815758397e+00 1.191518413494945072e+01
2.081022473406453077e+00 1.140086882710601657e+01
7.656503684698041656e-01 1.130055627074698421e+01
2.241787164657042641e+00 1.324309981002476277e+01
2.222671453081068282e+00 1.226438023437709290e+01
2.459257011495651568e+00 1.186932677471459563e+01
2.806349615055263147e+00 1.298874027805343090e+01
2.804590475573424335e+00 1.304784729071897154e+01
1.837651646786100601e+00 1.268200422549826101e+01
1.521882405060598131e+00 1.197743963702415826e+01
2.394980137888499172e+00 1.249195169336246991e+01
1.979602132310428697e+00 1.252728611645898482e+01
2.054950886827805245e+00 1.242790696294621711e+01
1.861218101341440834e+00 1.246317370964735360e+01
2.401335114638018631e+00 1.233470995699657990e+01
1.910786336141553576e+00 1.122165195133789872e+01
2.694339660342809584e+00 1.288971713385500095e+01
2.560531966532681558e+00 1.232409110977690680e+01
2.558559070599077057e+00 1.234613310372638928e+01
2.146675106660408172e+00 1.163518273236140388e+01
1.778634194062202134e+00 1.202990439754667840e+01
1.999329548738194129e+00 1.169459396234762671e+01
2.876177333050296880e+00 1.337143757731438676e+01
2.100151679635560154e+00 1.332039860005699161e+01
2.571792845679991668e+00 1.245405532098808798e+01
2.519514557599006110e+00 1.220575078002644887e+01
2.095324798255035148e+00 1.179446553857109237e+01
2.299935909633480158e+00 1.294403066283025083e+01
2.354207135001937790e+00 1.273890042314770099e+01
1.794599066651452857e+00 1.233700807865912275e+01
2.618922463185945126e+00 1.279649373865633066e+01
2.618816371558630784e+00 1.279886095511651867e+01
2.410342699949069356e+00 1.216491590602093886e+01
2.319393430552063151e+00 1.224136603983574112e+01
2.333381057942002013e+00 1.206991279604901379e+01
1.604535263530641576e+00 1.228608250649557476e+01
2.577130783187391749e+00 1.245389222662038087e+01
2.513230688477144703e+00 1.254988064860135388e+01
2.369875175227311725e+00 1.242186358327137086e+01
2.419954599232376324e+00 1.225761518898652547e+01
1.844762873904158607e+00 1.231576378945279338e+01
2.034315099044898378e+00 1.232705194097050416e+01
2.011856704648457228e+00 1.047665287644585241e+01
8.224188772934531988e-01 1.082299218047378631e+01
2.405641807400885401e+00 1.261026505210448434e+01
2.320403146019213381e+00 1.278813159724213477e+01
2.053395368039676594e+00 1.230143779711631069e+01
2.092803955245889025e+00 1.220260677995020338e+01
2.015868021029986412e+00 1.096327264636142473e+01
2.110848834640441485e+00 1.064078391185217498e+01
2.453350924239924957e+00 1.302163402074673648e+01
2.093646833571874755e+00 1.048900619997687400e+01
2.374573549976602749e+00 1.198703987293265705e+01
2.066419283005334950e+00 1.290104639849731072e+01
1.914997063145341460e+00 1.260866357947209870e+01
2.256191877133037149e+00 1.219623595907043878e+01
2.461059705829127697e+00 1.257078446690812790e+01
2.441185434835270396e+00 1.227898141151324296e+01
2.461187015747674955e+00 1.213162187542890713e+01
2.068117580362399011e+00 1.232520191283627398e+01
2.328321736692172017e+00 1.207903740737907761e+01
2.054426824262543860e+00 1.160106882107020176e+01
2.249211991144286937e+00 1.224412353148047039e+01
2.192642899510444998e+00 1.230053654774914307e+01
1.988047957845585412e+00 1.076330567022682949e+01
2.337472889507516083e+00 1.155441396871091975e+01
2.236412026264420927e+00 1.112168262492874327e+01
2.046672857654272981e+00 1.128439751163123894e+01
1.972226241005697212e+00 1.180339097880750643e+01
2.719565503145799923e+00 1.300378315467842150e+01
2.725266667105678664e+00 1.297309993605281520e+01
1.678599127904118138e+00 1.195167860447673291e+01
2.224075151473134948e+00 1.195708797109159605e+01
1.655880651724593422e+00 1.232096756988313047e+01
2.431609096346178944e+00 1.204068736764596537e+01
1.856318403072845236e+00 1.090986489576292939e+01
2.479864006744641358e+00 1.366316407464223204e+01
2.373036475953507640e+00 1.215759217522175462e+01
2.442193639759296708e+00 1.224998354330730344e+01
2.463335320850180921e+00 1.222026635390628435e+01
2.038192667357329402e+00 1.226931937655455229e+01
2.047443672481166654e+00 1.185346410304815912e+01
7.768926444742194626e-01 1.165638189785220113e+01
2.450217285348534446e+00 1.252549585608840488e+01
2.124020879779089377e+00 1.204004035310028797e+01
2.026588780193863126e+00 1.231431312819979773e+01
1.340998299636861013e+00 1.207577873434155258e+01
1.959301051933209692e+00 1.148759810938672210e+01
2.479562811679760781e+00 1.225199488705428053e+01
2.147716706213933957e+00 1.255342476751362391e+01
1.351431279349314618e+00 1.210636805956739614e+01
2.358380054677806204e+00 1.196893889987778792e+01
9.575798285411444288e-01 1.043229354912733342e+01
2.668274628743864341e+00 1.318195076321804216e+01
7.599713548398353558e-01 1.142091915980800820e+01
1.312836967114319187e+00 1.183548624896127954e+01
1.916119022817834638e+00 1.156304276514720719e+01
2.225667824426507124e+00 1.154806764456592560e+01
2.303720730968527253e+00 1.135423040705038922e+01
2.371923780137259019e+00 1.183771770783235056e+01
2.350505951069382427e+00 1.189578880524600102e+01
2.318475159636494087e+00 1.158978119734981327e+01
2.453576429723210772e+00 1.295143880381443857e+01
2.212972563229906431e+00 1.202578152202656803e+01
2.475232844868477944e+00 1.242924361620448259e+01
2.832358279124205680e+00 1.308886145848810401e+01
1.439962038279670731e+00 1.235190548436704638e+01
2.438438229296666648e+00 1.255115723720698107e+01
1.996008599189544652e+00 1.215749843150142517e+01
2.059906793975153416e+00 1.182276890085401710e+01
2.379214708067276085e+00 1.303542143959168875e+01
2.249162312203942360e+00 1.311183294610715322e+01
2.172942658837197616e+00 1.261794519756519506e+01
2.253708405086782385e+00 1.237511903418402959e+01
2.390512919736114128e+00 1.261178740034752543e+01
2.231525812895911454e+00 1.270876674870385337e+01
2.171071973300402913e+00 1.216318756373473953e+01
1.631963777682491123e+00 1.238866447340446086e+01
2.085108685718928712e+00 1.236013650297530297e+01
2.729448399726717156e+00 1.289086829875335738e+01
2.180510052660410647e+00 1.109082144839127082e+01
1.389366310329875009e+00 1.127770334563638244e+01
2.296030195689917619e+00 1.118499924476618901e+01
2.093751173731086990e+00 1.126353869171093969e+01
2.347125592714026432e+00 1.155055232341524629e+01
2.146775809317176709e+00 1.196830402058571785e+01
1.384926538367300175e+00 1.190992025016585387e+01
1.781916001544578743e+00 1.115984022111499918e+01
2.190176857185066162e+00 1.164491833328327708e+01
2.302179147313777818e+00 1.205069170360462572e+01
2.280252774868294807e+00 1.226247344029888353e+01
1.852334404134223789e+00 1.219076002098505107e+01
2.228389480262681577e+00 1.221093015810444804e+01
2.175056535695182536e+00 1.248410204648279276e+01
2.127569717439688812e+00 1.081421131215522280e+01
1.942008846424348789e+00 1.111295842018392221e+01
2.383309570364703589e+00 1.253721831806627129e+01
2.371056155758442863e+00 1.149953798980431330e+01
2.374005459135493545e+00 1.142161368633749241e+01
5.922831567682813603e-01 1.170859525114468802e+01
1.847258611249658955e+00 1.250071531905532751e+01
1.794300452510492860e+00 1.221559637152156874e+01
2.334081769109546567e+00 1.256365283459306958e+01
7.979961023281871846e-01 1.121456138186661455e+01
1.975887298776235923e+00 1.183072744903371643e+01
2.472382410379945217e+00 1.183440927005001164e+01
1.033954863321438600e+00 1.196316970110698996e+01
1.862646593908642734e+00 1.125697130935784429e+01
2.384073673754376177e+00 1.154603010516841444e+01
2.547193386360161682e+00 1.233212008678303739e+01
2.402486079650996587e+00 1.274134635366662494e+01
2.335663915678790392e+00 1.180311496671479254e+01
2.369892166650870990e+00 1.164199579195738110e+01
1.525693337924966642e+00 1.245511985092083407e+01
2.250395655526237437e+00 1.272138416340668066e+01
2.367289467295536909e+00 1.270856237817412193e+01
1.940365509764095719e+00 1.169150079028506717e+01
2.175394974030660844e+00 1.291357045103221601e+01
1.655418954077549465e+00 1.190911497118706741e+01
1.760122710740458896e+00 1.198505041424443718e+01
2.557582065397424387e+00 1.295593145611080566e+01
2.329751674811366247e+00 1.331969043944098807e+01
1.799704258854024186e+00 1.215631151659204612e+01
2.170175755902317150e+00 1.184541511592874485e+01
2.185969783715908221e+00 1.151373295120159135e+01
2.668299469564463067e+00 1.346163942150614901e+01
2.632602236116233563e+00 1.347482758927003665e+01
8.505127117401390935e-01 1.074121296568379513e+01
2.545734885440951611e+00 1.202325213564784079e+01
2.030188008052894677e+00 1.215798616960011103e+01
2.313926827498321792e+00 1.164015339982060304e+01
2.044997918050637686e+00 1.215294711731971233e+01
2.123841752593705223e+00 1.236649686704736162e+01
2.244835133791042381e+00 1.218410113490763180e+01
2.137144370197670895e+00 1.134639814516119394e+01
1.616173806794993784e+00 1.261370924513481739e+01
2.536964772050349204e+00 1.335920758803519348e+01
2.078236944916188378e+00 1.311552478297340052e+01
2.396730072961021030e+00 1.266258249061075425e+01
2.396519924880876395e+00 1.329983941685420312e+01
2.444871098992147385e+00 1.280065235512194199e+01
1.908800545165803442e+00 1.072761028115555604e+01
1.596236219663491385e+00 1.085110374784259868e+01
1.404891365975791340e+00 1.185874359028482417e+01
2.109033414814880825e+00 1.169550100301847095e+01
2.329693227647526399e+00 1.328013643559659762e+01
2.171626996615057426e+00 1.165491038325700401e+01
2.164201209854266228e+00 1.299261675520746095e+01
2.524125887769618437e+00 1.271183560848857041e+01
2.149548070265369759e+00 1.143951894931336177e+01
2.098928072846629078e+00 1.161211286767943029e+01
1.288726265129916504e+00 1.103274172625928706e+01
2.347960142913279480e+00 1.201593517132383937e+01
2.103870208830484145e+00 1.229501552674901177e+01
2.001407021421357069e+00 1.233098556522978662e+01
2.414776273654035688e+00 1.241531067447018621e+01
2.229657405422304617e+00 1.244096185280692524e+01
1.264885118046101820e+00 1.204108103887344505e+01
2.405026703903559326e+00 1.300893021670333383e+01
2.411204425005831098e+00 1.188750094496937670e+01
2.407425746890492047e+00 1.196311353346099615e+01
2.171084812647381401e+00 1.176062478728118421e+01
2.041856540367370521e+00 1.202971708618714075e+01
2.173998006763787849e+00 1.243404042055365188e+01
2.411670134422219114e+00 1.305887085509623624e+01
2.570468992261428554e+00 1.283647964773640737e+01
2.014415103736144186e+00 1.135322331917554983e+01
2.431946788151175376e+00 1.210266792131448454e+01
2.432074619323165265e+00 1.342904283009492161e+01
1.885413749654955895e+00 1.111852357772918864e+01
2.057391248099783354e+00 1.087041466284540014e+01
7.236818823552774171e-01 1.129381643994020124e+01
2.305612275565763092e+00 1.118794477281822353e+01
1.974207954222066963e+00 1.171852774455161850e+01
1.966840989451929644e+00 1.193357225785139697e+01
2.106362566001529935e+00 1.210844653186354591e+01
2.247803065972697301e+00 1.193410835033731843e+01
1.905199347719531477e+00 1.132260036384458601e+01
2.326015286779539171e+00 1.266901077752147486e+01
2.189462574488186597e+00 1.180833414984879859e+01
2.173720268561630586e+00 1.249595724409085307e+01
2.030495750169492464e+00 1.027001892494875968e+01
2.032197821916741809e+00 1.024337385535931766e+01
2.608038293845855726e+00 1.276150873191401658e+01
2.715011004085814417e+00 1.282687236044092138e+01
2.715402459649088662e+00 1.281236646701005988e+01
2.066410880301444486e+00 1.138352089336676087e+01
2.682487465261619519e+00 1.301971648741910492e+01
2.445730086473688836e+00 1.339216588220759085e+01
1.587606363908220741e+00 1.196699436521518578e+01
2.341226230649346540e+00 1.243360780369121521e+01
2.453829995082198234e+00 1.209317694948032340e+01
2.004910275141217113e+00 1.132931904337283235e+01
1.982038638515798201e+00 1.158532667505637548e+01
1.806041550996066780e+00 1.149874602592090866e+01
2.264596371027685962e+00 1.089720621025953839e+01
2.622976267497959313e+00 1.289814594313608431e+01
2.259018407206923040e+00 1.279663658243243063e+01
2.453169675849464770e+00 1.271039488457143918e+01
2.280692585191086419e+00 1.244871617362184679e+01
2.210997231466305113e+00 1.278511428528403826e+01
8.263201534864749176e-01 1.061847517886719494e+01
1.856771011132149374e+00 1.154748588603176351e+01
1.945512980467332342e+00 1.197060967128681952e+01
2.079829170398618476e+00 1.118756922990929858e+01
1.342810809692789320e+00 1.161564330732029582e+01
2.045030567650476527e+00 1.165060494666580126e+01
2.091220260714296231e+00 1.127581278342930204e+01
2.290713142708098893e+00 1.222262308243488249e+01
1.999083928582638059e+00 1.278203601829908109e+01
2.142112125071709894e+00 1.243125333778092845e+01
1.271164206382659589e+00 1.192193684766440498e+01
2.414179976882365963e+00 1.194391280853075266e+01
2.764293192643219044e+00 1.311516278026147830e+01
2.271276224957864631e+00 1.316552332587678187e+01
1.976787842042250443e+00 1.080483981042984887e+01
2.407781519362243383e+00 1.324834271620671444e+01
2.045530823617679239e+00 1.272186465407658318e+01
2.290705170175504346e+00 1.278107134180594073e+01
2.266065182594575678e+00 1.178090665981900820e+01
2.333819340388391783e+00 1.147242078770211471e+01
1.613812339630927850e+00 1.157229259073297278e+01
1.505254471487526891e+00 1.146209747007171664e+01
2.257637824262104687e+00 1.134315974263025950e+01
2.578082510806611438e+00 1.343209588564883461e+01
2.314411732790729648e+00 1.175852810118221647e+01
1.606048756158567903e+00 1.171401406453811411e+01
2.089770609803562440e+00 1.209670601275633750e+01
1.903752690502388267e+00 1.254678316648227643e+01
1.526931203878402421e+00 1.233286418692505926e+01
2.144408593454885548e+00 1.252275593501407158e+01
2.158038198996890422e+00 1.210506407126293738e+01
2.287807356470019204e+00 1.174917059618594806e+01
1.339182620723562422e+00 1.167050922689190529e+01
1.993695352273241905e+00 1.144359353044377592e+01
1.864542780235506569e+00 1.172183190249437779e+01
7.503969520765925161e-01 1.186056345351577512e+01
2.284808843168660619e+00 1.134969664355141639e+01
2.148730486622211888e+00 1.167610297176446466e+01
2.133305539341592727e+00 1.331378398799199658e+01
2.656131992950714782e+00 1.316511329112666395e+01
2.090839603803358315e+00 1.224707990713884520e+01
1.708884137036155604e+00 1.245951833000630060e+01
2.178860652755058691e+00 1.244797248040775983e+01
1.979548321938120692e+00 1.255342314599776010e+01
2.500887358440856190e+00 1.189191665313580337e+01
2.463850137290736431e+00 1.235838843734929959e+01
2.430820133596515831e+00 1.252491469158272785e+01
1.427166089029033191e+00 1.186247919583750488e+01
2.072723659892202086e+00 1.208248936780383964e+01
2.432128281103365541e+00 1.251297720207730535e+01
2.019981672140619633e+00 1.133045718744359398e+01
2.080874109231232172e+00 1.175668535815346516e+01
2.157469520077374359e+00 1.246317045800537393e+01
2.411407277653931036e+00 1.276402022353068411e+01
2.385446442192675320e+00 1.305155694566453661e+01
2.072423307061137976e+00 1.131089127323472887e+01
2.378686293820131414e+00 1.217670319724636840e+01
1.855767332794532321e+00 1.280923311003369314e+01
2.056371612319416897e+00 1.164082636056686049e+01
2.779947892142599297e+00 1.310344116142496951e+01
2.777695968540837335e+00 1.311940187364300670e+01
2.311179623706757447e+00 1.290740594731200197e+01
2.649825334778964869e+00 1.248740996468891851e+01
2.515180956090628861e+00 1.266813972413849143e+01
2.664371699835499818e+00 1.250514007836191510e+01
2.313415138451752728e+00 1.132789179740052177e+01
2.324142621426563249e+00 1.146356348706777162e+01
2.182550371182608195e+00 1.165940657250866508e+01
2.032499590275010704e+00 1.219198117772386603e+01
1.821076691187278662e+00 1.119345948687436909e+01
1.868265054403531744e+00 1.118794944556483273e+01
2.444815701556056986e+00 1.218962415610955041e+01
2.326706275820697112e+00 1.172660011357058352e+01
2.333600556751497912e+00 1.164896777554821483e+01
1.915728334187468240e+00 1.173830419189564189e+01
2.024482402047412588e+00 1.137754097658705277e+01
1.945244824664113192e+00 1.166805047082692148e+01
2.155709413875416036e+00 1.129951804301399676e+01
2.125547555715091796e+00 1.138546748047089885e+01
1.470277857582102721e+00 1.132866340129999472e+01
2.358525411818811701e+00 1.178001913498053987e+01
2.067248297917789301e+00 1.103763812611198958e+01
2.398557828626426858e+00 1.229409816564831104e+01
1.600289422392828342e+00 1.164624545658159960e+01
2.224310794634531963e+00 1.179679866181004044e+01
2.593547836171484988e+00 1.282540450846742530e+01
2.484707578977871645e+00 1.320372221368063492e+01
1.423304665218661835e+00 1.168539344180756778e+01
2.467872800506074160e+00 1.318658150510430538e+01
2.432199259370277478e+00 1.219834575633139195e+01
2.427286332614549291e+00 1.224872250624479086e+01
2.114233715981284956e+00 1.286005040491477658e+01
2.187577252031917219e+00 1.167875705519218421e+01
2.310635512810425674e+00 1.296554900864854432e+01
2.345023163257101917e+00 1.297060197130220160e+01
2.042505904358290714e+00 1.143973764000718418e+01
2.043995991199654583e+00 1.140582010212172115e+01
1.011154066275178343e+00 1.160437549783284084e+01
2.185946072027604714e+00 1.200717770164229137e+01
2.163237444541766585e+00 1.203444298528905776e+01
9.925530354348945927e-01 1.075880699698897480e+01
2.173776261002007271e+00 1.090036038335059487e+01
2.277735459939499219e+00 1.272556423827497696e+01
2.200975625306475614e+00 1.279046191179265435e+01
2.579615884426690986e+00 1.223703758051835777e+01
2.564375195277317943e+00 1.239502126270359383e+01
2.316614363946141175e+00 1.229449461114158382e+01
2.121448207944991005e+00 1.245337238162784388e+01
2.365674543180904088e+00 1.304773211252861209e+01
2.668820963421527637e+00 1.265347072818410190e+01
2.362205358350456752e+00 1.256405354067065439e+01
2.318139151394818853e+00 1.171989667885473274e+01
1.923109995930612603e+00 1.209579730834596134e+01
1.395770441795823213e+00 1.186038452537169441e+01
2.151662589980978257e+00 1.312300362057064973e+01
2.202940582790230195e+00 1.180906852631450654e+01
2.409386799380395239e+00 1.279502443938292267e+01
2.556326618539670470e+00 1.258983798590328007e+01
2.361933882169998444e+00 1.246126539081633133e+01
2.460814453832262494e+00 1.230835307072353935e+01
2.145865283892871567e+00 1.142306172746061499e+01
2.145927445828218705e+00 1.142233223435453304e+01
2.242365173231275044e+00 1.158638723467805143e+01
2.249258765305123031e+00 1.203467966058529193e+01
1.774164589606113784e+00 1.207195926937747288e+01
2.492959128342754127e+00 1.270906801446535184e+01
2.491182876837111593e+00 1.271499906626788601e+01
1.952669120498514488e+00 1.182923147550140008e+01
2.037501021104426435e+00 1.121671857856966525e+01
2.129319723041650736e+00 1.093389420319756944e+01
9.749428601782190729e-01 1.147002748601546962e+01
2.103729239968504583e+00 1.223467810104504316e+01
2.071612125284314487e+00 1.227348047477799398e+01
3.770357311799248379e-01 9.641719937339473745e+00
2.506443920699048089e+00 1.205963085148399294e+01
2.169526596487546310e+00 1.242930972849894111e+01
2.024606841523965084e+00 1.120140691456112059e+01
1.845387405979238560e+00 1.209440984859118906e+01
2.258579438359095803e+00 1.108395940423998560e+01
2.110674665968439001e+00 1.176175468722941986e+01
2.031467005971405726e+00 1.123484099264579328e+01
1.827205608318362984e+00 1.155879793138703526e+01
1.962180196997579618e+00 1.231495494145415925e+01
2.171835337989833192e+00 1.276712162821453234e+01
2.224567081601530827e+00 1.273802125008561248e+01
2.032380727682868926e+00 1.130957507516304084e+01
1.964194413945320905e+00 1.141731388096143718e+01
2.053198444055480021e+00 1.164896834303964646e+01
1.448622864863515769e+00 1.238870648652403617e+01
2.151575973019861809e+00 1.174245508642518665e+01
2.050971290800480240e+00 1.175779362940139627e+01
2.160471218384496073e+00 1.139390769827364913e+01
1.319898205342439512e+00 1.092291456019546558e+01
2.059847921809774274e+00 1.183713894121565069e+01
1.576249324704194432e+00 1.229260737957515026e+01
2.057127604086409267e+00 1.214293590091187092e+01
2.066418526745290585e+00 1.294439062885538050e+01
2.059909573631252044e+00 1.113425233989222285e+01
2.253298124185891371e+00 1.262378266081138989e+01
2.400355000715455489e+00 1.222804472176672341e+01
2.227756394593670031e+00 1.256862192872643291e+01
2.094295467781189135e+00 1.152099263410880781e+01
2.097754544481238881e+00 1.147761507663416758e+01
2.359799945496578122e+00 1.183088514372936650e+01
1.647559104062505275e+00 1.219655834594472310e+01
1.748802687051855598e+00 1.164675121739487551e+01
2.409449068383097803e+00 1.344267423151403840e+01
2.611844463344291878e+00 1.313186656697843269e+01
1.840376253509938165e+00 1.116437891717464481e+01
1.654309747739801661e+00 1.117039137467405574e+01
2.278304349970284193e+00 1.194606917314401429e+01
2.360609102078612853e+00 1.240445980673989546e+01
2.076559098691570959e+00 1.153186709052836356e+01
2.079429186042000666e+00 1.150311411403928119e+01
2.121113629722932270e+00 1.231062396024143624e+01
2.180574036013494865e+00 1.202387747328565304e+01
2.074597804170342563e+00 1.309757144616510871e+01
2.193029639411351983e+00 1.130951150962477136e+01
1.937970448297642756e+00 1.104951584194031788e+01
2.086774052214855679e+00 1.233140622363569250e+01
1.191543700933182848e+00 1.125362221173537414e+01
1.736871432434681006e+00 1.187222087150904137e+01
1.565908535162960913e+00 1.166594962012924697e+01
1.937915790947682071e+00 1.246766003379536514e+01
1.394224390851648065e+00 1.219988702483149723e+01
1.819672114294204279e+00 1.262471936118524063e+01
2.293386608703519514e+00 1.224974512194682319e+01
2.777403714789216771e+00 1.330655695894028945e+01
2.601415049530399592e+00 1.361675091507140145e+01
2.665974139588088043e+00 1.318922179742353507e+01
2.261769729077928837e+00 1.254552935487031284e+01
2.263832647014043076e+00 1.259763578068769796e+01
1.108861162763918440e+00 1.221839156783660130e+01
2.317746538121542965e+00 1.173245620487103658e+01
2.106104191735373110e+00 1.254343063180152384e+01
2.018978920706624436e+00 1.256132992977947005e+01
1.927344322224470607e+00 1.099827505152954998e+01
1.454116670516069743e+00 1.090307365266709638e+01
1.362619373770368902e+00 1.114751421151008870e+01
1.208498222586333437e+00 1.089585220123426446e+01
1.948339053219171113e+00 1.220625189583669368e+01
2.217727034528157670e+00 1.162989979329257118e+01
2.239470972094690815e+00 1.156249787956792829e+01
2.067975879744909928e+00 1.138946981914689260e+01
2.085042818368159523e+00 1.190748329985898479e+01
2.460762704261029388e+00 1.135764807084326833e+01
2.014080563422987247e+00 1.204697923511996827e+01
2.217546367042222411e+00 1.174309443661974584e+01
1.279384382994123603e+00 1.119032146402176409e+01
2.214866294154893556e+00 1.171743274598719076e+01
2.390124142338099666e+00 1.159434713355759783e+01
2.277502960766204509e+00 1.268872394063480691e+01
1.937083011020755974e+00 1.221612060682661394e+01
5.334257980473537941e-01 1.187897614821108938e+01
1.004898915751812227e+00 1.225671780130670108e+01
2.125196916094745259e+00 1.159022400648762208e+01
2.419169612575379880e+00 1.290921534836831697e+01
2.683215386238432032e+00 1.258291786825244785e+01
1.782562127654998108e+00 1.218126999805344113e+01
2.360422573905351040e+00 1.211587933585822618e+01
2.180927183914421974e+00 1.093629857866484478e+01
2.489140703532357612e+00 1.282084940327212941e+01
2.530467889059423214e+00 1.265172732540291278e+01
2.068322068643619893e+00 1.158251710183765937e+01
2.077312682630897189e+00 1.154379767780458366e+01
2.509736912989990465e+00 1.246707795000195951e+01
2.396583593433708081e+00 1.218156295500538988e+01
1.918406538950243156e+00 1.129792669722738907e+01
2.126810194644005669e+00 1.099994013739703469e+01
2.310293623155392773e+00 1.216831012785112520e+01
2.431672750820358164e+00 1.201038868022198969e+01
2.081271428105629262e+00 1.253733342040537835e+01
1.200180859152135016e+00 1.203168651342145701e+01
2.216290266409466359e+00 1.114755568840979549e+01
2.012904609961848834e+00 1.171080449914772004e+01
2.077076954065743664e+00 1.283733833193138274e+01
2.048388217755553686e+00 1.247199842064635078e+01
2.279807981620232127e+00 1.124684512362106048e+01
1.613797166359688173e+00 1.137603512692790453e+01
1.343483721499503236e+00 1.107900763208929007e+01
6.856727351908057377e-01 1.143489811975592296e+01
2.742615177260433690e+00 1.358940780969459539e+01
1.858500258910357861e+00 1.313642064249016350e+01
1.665525673816337315e+00 1.245280758040007285e+01
2.202937235144382111e+00 1.193346118478512174e+01
2.490431253510185350e+00 1.249381884231441653e+01
2.495537673714644633e+00 1.239448379064381101e+01
2.088863659691627461e+00 1.122994997510430082e+01
2.077275310777007888e+00 1.258752115362149127e+01
2.353318321469268781e+00 1.274834297255830684e+01
1.980477732439956506e+00 1.265915190254841782e+01
1.961015090022121710e+00 1.270823876256477369e+01
2.016687943069424893e+00 1.134055672145015414e+01
1.604970614778651106e+00 1.133451523598474253e+01
2.214790725410870742e+00 1.230029576345069309e+01
1.977783116995008417e+00 1.240003227395445506e+01
2.208278195693433865e+00 1.178228911083567176e+01
2.791664600287557363e+00 1.341607289084545585e+01
2.714373282608959936e+00 1.367907970895866576e+01
2.109143239108401069e+00 1.064136487272132392e+01
2.280158227332102161e+00 1.244905794489915962e+01
1.613096789943772924e+00 1.249302108794111099e+01
2.100045079167804918e+00 1.271819965602408153e+01
9.897231943154858325e-01 1.108855633496378701e+01
2.063272397827548232e+00 1.029630965237666551e+01
1.965447418316842443e+00 1.076280054049981239e+01
1.478091026887741855e+00 1.179674881865040703e+01
2.222567920438805800e+00 1.226126191110492769e+01
2.340694237973412584e+00 1.347812049140111590e+01
2.707574789249176384e+00 1.327968784537048386e+01
2.380223602130402849e+00 1.160519256235124530e+01
1.540344615982356613e+00 1.156323617879857224e+01
2.095496511503433190e+00 1.056652514176571955e+01
2.133838900723176391e+00 1.173642688743925966e+01
2.137755359974171210e+00 1.166046058519372330e+01
2.009664886588999000e+00 1.296903828215908483e+01
2.256462187403438957e+00 1.268201062136119539e+01
2.132231716031557589e+00 1.193401537356596975e+01
1.841940545232986670e+00 1.262446184005907668e+01
7.591004113756841809e-01 1.195235057949836843e+01
2.052842333296506894e+00 1.109148133521008361e+01
1.936157591442787096e+00 1.159191337485810358e+01
1.903298962884478529e+00 1.167711936017042440e+01
2.550864470306267950e+00 1.253003812395287220e+01
2.614429940801636931e+00 1.231143949693597328e+01
2.091416139093393411e+00 1.159364973702736812e+01
2.066410789824395522e+00 1.166165517251559081e+01
1.692340375419447263e+00 1.198958991173346789e+01
2.141027455805847080e+00 1.122619305051781069e+01
1.488466715625775150e+00 1.147480733741424253e+01
2.188202887034973010e+00 1.157927783806878530e+01
2.168918282544321841e+00 1.227703304332693612e+01
1.580815310797208273e+00 1.181277938738428901e+01
1.675459035025682386e+00 1.250803054562110717e+01
2.104151460777187843e+00 1.210862038951905895e+01
1.671603844135663985e+00 1.192479742932506070e+01
2.122780847316047215e+00 1.160029805140620951e+01
2.154601490438965428e+00 1.134068815398044272e+01
2.432739019180896189e+00 1.200446367920515378e+01
2.359024459012434960e+00 1.255351575860517599e+01
1.843769440891287470e+00 1.292837723713941855e+01
1.993839110581787644e+00 1.111938647522284640e+01
1.638038711685367854e+00 1.107336990276809985e+01
2.621527313017903982e+00 1.270583134518621193e+01
2.555951576243333800e+00 1.276044795022048994e+01
1.674159483940376614e+00 1.116403436436159602e+01
1.585757595224353667e+00 1.118215607079273255e+01
1.598903301695681511e+00 1.218757880048317332e+01
2.606208857763959497e+00 1.256400890139904369e+01
2.166134829272184703e+00 1.235139409439933900e+01
1.461645848664211211e+00 1.196754383666879917e+01
1.591291259158038374e+00 1.162851888118382604e+01
1.903304569787344525e+00 1.249061945899659953e+01
2.207876063463368954e+00 1.140555807923493958e+01
1.723668104506851595e+00 1.163714563324436568e+01
2.378881047710381669e+00 1.166849282763302398e+01
1.221794041759462379e+00 1.159905259825493395e+01
2.226363477876985630e+00 1.208231981116682086e+01
2.250961258377750074e+00 1.206633622092615887e+01
2.263452527378878809e+00 1.200821021646472708e+01
9.057999822089541908e-01 1.122497806178220792e+01
2.288289479604020737e+00 1.221656501245825588e+01
2.376339947994183355e+00 1.139924126147654349e+01
2.111124067595299358e+00 1.288117771736135175e+01
2.442196071362404020e+00 1.253402024122036096e+01
2.565662877243555684e+00 1.230531616327874112e+01
2.576785004127826184e+00 1.220717241176773094e+01
2.316134082569820674e+00 1.209225453861161093e+01
2.568659272846384400e+00 1.227339591728905965e+01
2.268426971680566950e+00 1.268069530351259999e+01
2.498017203920120277e+00 1.353458517519773530e+01
2.770373332909081387e+00 1.326250219248965401e+01
2.208951919465045322e+00 1.198679935204097546e+01
2.265690176107861831e+00 1.193445975494564948e+01
1.705299655702348094e+00 1.282210197953109088e+01
2.211117508898883699e+00 1.201434059726886616e+01
2.254126531935594535e+00 1.182360482913949262e+01
2.289829795220911457e+00 1.266533259330074834e+01
2.432769426298215354e+00 1.222708308631007590e+01
2.146738700097459596e+00 1.155751476781299658e+01
2.751281721522668366e+00 1.344172048457459745e+01
2.711238396445097898e+00 1.350465423357427142e+01
2.602940239012668133e+00 1.306821420930530842e+01
1.306312207517863033e+00 1.132270672151878088e+01
2.034461437247800486e+00 1.173168893083220610e+01
2.217202289400901360e+00 1.154045892521853034e+01
2.371541203691921673e+00 1.272693468373129200e+01
2.168987814841994766e+00 1.298711584123732976e+01
2.338965535176181110e+00 1.157103839764294761e+01
2.305131638285164097e+00 1.170710513936949226e+01
1.810629466366443285e+00 1.211107479491685268e+01
2.350092654125791380e+00 1.170345738299572069e+01
2.264313863884207745e+00 1.228086691899987848e+01
2.264880308253868879e+00 1.225536133068436939e+01
2.033240873118600245e+00 1.089337319583496466e+01
1.894022496758600127e+00 1.109419529370974544e+01
1.510494602778715167e+00 1.169950616446084624e+01
1.918418094625991221e+00 1.136271995241720845e+01
1.561222359511326374e+00 1.262536404095193987e+01
1.997840483504044418e+00 1.246478486873476221e+01
2.029325559007334689e+00 1.134332753547474582e+01
1.122418496574460356e+00 1.184506812361033390e+01
2.150591026010172602e+00 1.193675103386026315e+01
2.144895711671399585e+00 1.203897780978464560e+01
1.033446165943794570e+00 1.146325376557576270e+01
2.043553889306799931e+00 1.147673352360960841e+01
8.493904595926327072e-01 1.169526540101645118e+01
2.251477986525550534e+00 1.212247755360788659e+01
2.595184808517872366e+00 1.277458658355861232e+01
2.276476889100810030e+00 1.300373386862012381e+01
1.815464816402957871e+00 1.126487571555186307e+01
1.122447149995582372e+00 1.198017327654161868e+01
1.332972271143724186e+00 1.055180209547908987e+01
1.959148673578287703e+00 1.245431530937228537e+01
1.927297107506992013e+00 1.292678975854049028e+01
1.882825583827234306e+00 1.289255670775996521e+01
2.513000985630245321e+00 1.229150504954286127e+01
2.470621691214232474e+00 1.249179662756178999e+01
1.758482042701784875e+00 1.295488426362996037e+01
2.569661869357088957e+00 1.330512849359478622e+01
2.439626967760927467e+00 1.205127821081965855e+01
1.654905359688098043e+00 1.229242255527734962e+01
5.908463551517559864e-01 1.038320682764079450e+01
2.164082135885954550e+00 1.160556201008240507e+01
2.191941756799089536e+00 1.147174009569218178e+01
1.082794961873715156e+00 1.080726421988929786e+01
6.242859154742188554e-01 9.839670076072023264e+00
2.548187090191582183e+00 1.283497698703939349e+01
1.672774335976132454e+00 1.253573955568698750e+01
1.994190507181285987e+00 1.138768011183055506e+01
2.026025869111724109e+00 1.111962830556556270e+01
2.713849073965940217e+00 1.316879187954766373e+01
2.716320056275158823e+00 1.314165468778323209e+01
1.330333345231369924e+00 1.130956600309882631e+01
2.049167716174701059e+00 1.100277497645211611e+01
1.352384362985309840e+00 1.161300326918343728e+01
2.538862480925954568e+00 1.202219516580306546e+01
2.524722409891930752e+00 1.262367779405430390e+01
1.979243046816273832e+00 1.103546081986114302e+01
2.019123686739209056e+00 1.083240245514882538e+01
2.268343521123296735e+00 1.180421007686650192e+01
1.929547740156526858e+00 1.117654379706787360e+01
2.116900607834815151e+00 1.067714250150114985e+01
1.704880458978871971e+00 1.169009065808253567e+01
2.138414308163548938e+00 1.141888705429732020e+01
2.447991715406777846e+00 1.318676946299772190e+01
2.235210145754957800e+00 1.098054912160683116e+01
1.991334811428974838e+00 1.255939104945160523e+01
2.162293667932832619e+00 1.242416479807066487e+01
1.685515360743268021e+00 1.209150803280560993e+01
2.256257353772940899e+00 1.209166909838457116e+01
1.955375441889236177e+00 1.145084119827679991e+01
1.780661218717277006e+00 1.284640477513759826e+01
2.447185038948399782e+00 1.298699281423268914e+01
2.172492839779861740e+00 1.131938864206309425e+01
1.979548683220780703e+00 1.102099577374210781e+01
2.257051043807374313e+00 1.202041994353428223e+01
2.170170655732017728e+00 1.237988777811379393e+01
2.158276880921638163e+00 1.254599785200474571e+01
2.371002929156526662e+00 1.214014374872238555e+01
2.181950927625619485e+00 1.293794351403216680e+01
2.221591252033955577e+00 1.307263191251827017e+01
2.657384662809074705e+00 1.307593517205464195e+01
1.805073271503307764e+00 1.209103574474368514e+01
2.548977331090672038e+00 1.232231038105543952e+01
2.293962977056630326e+00 1.261738908851222085e+01
2.309642172219744438e+00 1.155237576300301505e+01
9.072870467403315597e-01 1.163011646892258355e+01
1.040335394463487217e+00 1.104734022555362216e+01
2.017652878023923790e+00 1.096836240133094442e+01
2.159949319491660358e+00 1.335443687655337364e+01
1.948061763484757014e+00 1.270880480828017234e+01
1.945891546602254385e+00 1.093956869383901598e+01
2.063382480581949618e+00 1.069683683672829488e+01
2.280823174141071163e+00 1.234014097072509664e+01
2.017302820418279907e+00 1.127445260905458113e+01
2.093873818631894146e+00 1.103473294686552819e+01
2.223011320162401105e+00 1.186955477209864718e+01
1.500696770481266817e+00 1.200724992948439862e+01
2.316565742219002910e+00 1.235361838888993269e+01
1.309448809541782222e+00 1.139942156134515372e+01
2.590367390851320284e+00 1.272523517173345020e+01
2.434893224271067247e+00 1.303061526200014697e+01
2.204213948409278423e+00 1.146078112288067175e+01
1.885328538368826523e+00 1.254771411883548815e+01
2.025507259913707614e+00 1.118193549614679938e+01
2.054570869352231099e+00 1.165600293499757001e+01
2.049011794448320600e+00 1.170616622752488212e+01
1.973327621300654533e+00 1.243743619230436614e+01
7.410303750555597979e-01 1.162340586845343537e+01
1.956870715592463172e+00 1.155756725458224388e+01
1.929829561964268914e+00 1.201554567334782142e+01
2.034201455519872415e+00 1.220934654899271621e+01
2.148422010179825481e+00 1.189100222934723305e+01
2.039764395774937178e+00 1.119806322780186392e+01
2.503250362226001169e+00 1.268135003286187512e+01
1.704147398458278229e+00 1.195754094595205075e+01
2.229426370630081422e+00 1.164646735002582112e+01
2.525806811624589976e+00 1.300154604690063564e+01
2.629284857187658364e+00 1.265182597081056137e+01
2.219849958488034680e+00 1.119601645798356948e+01
2.074431038326224996e+00 1.215753975605944426e+01
1.800040761917893306e+00 1.190431710118481234e+01
2.064849491911851409e+00 1.092454697250903095e+01
2.077031234292322281e+00 1.080506328413935790e+01
1.810882648231012082e+00 1.228033756752525463e+01
2.058657605887317832e+00 1.204843743651299270e+01
2.098706774174174949e+00 1.134276292005498377e+01
2.081500763685121491e+00 1.153147353516501639e+01
2.072117404759225678e+00 1.157031092621943280e+01
2.271296452745896310e+00 1.150233208246062055e+01
2.223269406608493703e+00 1.177540116021762628e+01
2.540216381537502066e+00 1.361637442951846921e+01
1.905461047206287395e+00 1.133186054903456430e+01
1.597951799037130138e+00 1.172034829567216185e+01
1.782056356192391666e+00 1.265814472370485078e+01
2.121166724269151871e+00 1.137551730260906702e+01
2.116477732010921819e+00 1.145377998516074847e+01
2.320610390258165623e+00 1.183561275441789284e+01
1.802667127353766441e+00 1.212416317601596916e+01
2.818365529820759718e+00 1.333636332379139944e+01
1.942309264548398362e+00 1.143922261508371641e+01
1.867715097935263246e+00 1.189383649578551783e+01
1.979552603549886491e+00 1.080366758038565500e+01
1.889550294552850840e+00 1.108530877608230192e+01
2.652398564198894970e+00 1.289524443474568649e+01
1.142535414570215568e+00 1.196779446281177250e+01
2.047062696130474535e+00 1.201351670847498632e+01
2.059931045921786552e+00 1.188471195928679514e+01
9.420918503785009612e-01 1.133462892074884465e+01
2.557597913328166772e+00 1.300012984871647603e+01
1.989937266637507030e+00 1.124436266913669336e+01
1.889032529460429988e+00 1.139428451981551760e+01
1.671244776689960965e+00 1.236232897667728814e+01
2.296234367297442791e+00 1.221449814625027308e+01
2.067842007749109090e+00 1.227017419657732056e+01
1.957625417831617698e+00 1.240333190710315669e+01
2.630128585096540128e+00 1.280476683955842887e+01
2.413802853956960259e+00 1.301060539421602691e+01
3.928187547100556731e-01 9.864157688437575899e+00
2.449521890067195340e+00 1.263456652096571098e+01
2.266401808692537934e+00 1.218144175356736447e+01
1.821265344647908790e+00 1.239251364281936141e+01
2.390907539740579235e+00 1.320615892102898847e+01
1.951534917489240684e+00 1.101672805219415530e+01
2.254997388072153441e+00 1.205207799897215182e+01
1.729546559460343635e+00 1.244120570267489434e+01
2.176444007432400074e+00 1.134266838148667311e+01
1.420690515674979837e+00 1.209804416373724401e+01
2.433987726696996035e+00 1.197696736916431881e+01
1.739625069622792619e+00 1.181899119453098557e+01
1.887951173786514447e+00 1.176529759707074163e+01
2.306267785606292087e+00 1.178823014120975543e+01
2.310203135751045078e+00 1.169910166222590320e+01
2.169237416000177276e+00 1.196612786865877176e+01
1.589052602994494690e+00 1.172106716319608744e+01
1.917884088092588035e+00 1.239697103008443335e+01
1.876053100420241648e+00 1.294359144641260428e+01
2.454586460226139355e+00 1.339256866400519463e+01
1.796119678934540387e+00 1.232029337963963656e+01
1.644527013028574514e+00 1.224778680427295363e+01
1.446660850234383622e+00 1.255254849983397492e+01
2.344302766275653926e+00 1.270788477752364010e+01
2.536709811048164287e+00 1.322126443092713899e+01
2.333532755987791418e+00 1.203606260957260865e+01
2.332844146710352451e+00 1.205300349914610081e+01
1.855066107135902698e+00 1.233180951464291475e+01
1.543038284716764741e+00 1.200020539013979182e+01
1.798019701935642534e+00 1.154990499633458612e+01
1.287845910613398814e+00 1.145040085496419024e+01
2.080222116331186477e+00 1.242621943762455317e+01
1.923228313366533770e+00 1.207550588725851703e+01
2.195761968962139932e+00 1.141446722686927373e+01
2.235770666837640253e+00 1.105974854744517444e+01
2.077325274341149886e+00 1.140098264175526488e+01
2.079433145818381234e+00 1.138736155593850263e+01
2.210023484748251832e+00 1.117593118064114144e+01
1.886521345079197776e+00 1.203361382169989469e+01
2.559202743353893972e+00 1.330265708806552283e+01
2.690851459243150057e+00 1.296638295986906364e+01
1.941244579190360309e+00 1.181501679364924939e+01
2.007268705107793760e+00 1.163697684115126663e+01
2.141227385802922267e+00 1.254981322846868785e+01
1.975182977874902157e+00 1.268759522598290168e+01
2.387048959402515713e+00 1.274026318150865400e+01
2.071224420509884645e+00 1.172389397362299768e+01
2.165766192499874343e+00 1.176047391433396427e+01
2.022128999621461087e+00 1.232708730644251283e+01
2.393972469463170327e+00 1.243655442866677951e+01
2.260768652101341036e+00 1.259376433679150864e+01
2.428957124933622147e+00 1.230614261127799125e+01
1.703210594297833280e+00 1.249425634650017791e+01
1.376138825598574034e+00 1.222318851661537487e+01
2.496095357544504623e+00 1.264810485563206477e+01
2.658950419477847493e+00 1.260359190551782049e+01
2.658094197866113007e+00 1.262683781256578186e+01
1.676934404180673521e+00 1.196496871810781215e+01
1.932411767676248227e+00 1.239842118682821237e+01
2.113346284685854837e+00 1.209645206418468000e+01
2.366303324166454836e+00 1.341738323759669527e+01
2.370433778426380034e+00 1.341874319647055103e+01
8.350607528116594791e-01 1.151334916955022614e+01
2.148188883005253125e+00 1.228843331441670728e+01
1.873965889676847629e+00 1.253749239422993433e+01
2.664739456354364044e+00 1.303587673088718368e+01
2.299252143809912496e+00 1.219035317006614960e+01
2.233366920119882693e+00 1.216815009745672427e+01
2.371124896016220340e+00 1.186113551821016898e+01
1.998862100864783331e+00 1.111019931784712256e+01
1.208788157377920669e+00 1.088343550705234364e+01
2.447019260290936415e+00 1.194518169865853707e+01
2.145791334005477058e+00 1.214846352150969011e+01
1.823367863496985208e+00 1.227622345566944162e+01
2.164663461477772444e+00 1.240900348918985152e+01
2.137229481384866681e+00 1.240467945999708022e+01
2.251254741033295481e+00 1.117001695387766880e+01
2.158753046985187218e+00 1.161142873560526567e+01
2.235478542433388949e+00 1.177671996076472638e+01
2.305973337168068404e+00 1.159838587634117424e+01
6.436621281906773628e-01 1.013759961470537618e+01
2.156548237400097712e+00 1.136408429312251478e+01
2.020535446079979369e+00 1.289097787739064138e+01
1.295859491411381015e+00 1.230977593289250827e+01
2.131944131492903072e+00 1.093297412813629954e+01
1.924082489920106553e+00 1.126776008712437260e+01
1.941942172846472969e+00 1.121876988900358718e+01
2.220566520231637586e+00 1.172296773113640533e+01
2.135276564848609393e+00 1.159431167226230208e+01
1.588724623796097246e+00 1.144930851218837731e+01
7.436403679126145638e-01 9.608617145609498422e+00
2.236699258536358315e+00 1.156360384594098711e+01
8.038624904532348792e-01 9.932376950454285591e+00
2.403922135127528836e+00 1.280911507867794086e+01
2.455550289558183774e+00 1.247418487247713692e+01
2.227196992595812830e+00 1.202516412366307819e+01
1.817931408574459784e+00 1.235002404041626889e+01
2.111940093804353324e+00 1.092733998511158866e+01
2.110316383298910026e+00 1.096011803703978948e+01
2.032217574596667298e+00 1.231281214555571069e+01
2.702405914457680414e+00 1.277997430156393222e+01
1.677826585130435921e+00 1.226699632984309751e+01
2.436462425914081908e+00 1.192934223143372385e+01
1.903324880339418268e+00 1.116894367074031891e+01
2.017123880070190278e+00 1.077585209443891934e+01
2.417765135452923708e+00 1.326359533349656417e+01
1.372367293600341265e+00 1.066935231905646475e+01
5.505667127550920581e-01 1.175294937058339428e+01
2.541856139589782515e+00 1.250065135996768007e+01
1.766270306513284538e+00 1.140020773189798931e+01
2.372920341755759832e+00 1.223274611256560007e+01
1.853358257469958525e+00 1.239493963158354717e+01
2.068553951948721714e+00 1.110527649395326222e+01
2.132872871556430017e+00 1.132709024609178705e+01
1.474481139933917939e+00 1.182209647994610968e+01
2.310891168673935958e+00 1.162127239271280565e+01
2.307932578601240792e+00 1.165121428837943363e+01
2.538341693759230910e+00 1.211222480677136026e+01
2.257375345989939053e+00 1.241356193915300388e+01
2.010934773262337938e+00 1.134192603216877515e+01
1.985361017890822977e+00 1.191859738902880395e+01
1.767167856430523543e+00 1.214089346534603919e+01
6.586441350060980859e-01 1.150197311126565580e+01
2.214268006790952370e+00 1.178749699208529833e+01
2.209488055077367452e+00 1.239881003241288759e+01
1.947296866843977847e+00 1.068739925086181586e+01
1.833353378304661163e+00 1.096568077988388090e+01
1.257028693027246957e+00 1.192398795784427534e+01
2.342798186799545768e+00 1.160207120507509870e+01
9.756594207243879380e-01 1.103038841525790481e+01
2.029204739291674553e+00 1.185808066142960726e+01
1.920811428757119188e+00 1.123223650317136979e+01
2.325478284929042960e+00 1.125340241052606771e+01
2.332291099876562246e+00 1.117625351184569737e+01
1.652789881547737760e+00 1.212121712746727198e+01
1.866751913391053508e+00 1.200936459755007135e+01
2.160632916070226006e+00 1.294432996792501811e+01
2.493546144486564309e+00 1.241090908250141034e+01
2.521836429586955308e+00 1.234224543449847467e+01
2.637223361738739058e+00 1.309412554392492822e+01
2.618298392494721849e+00 1.330111583332294423e+01
2.223173230634376107e+00 1.287710719318037889e+01
2.065298841089648896e+00 1.289458825913113138e+01
2.684243057506310315e+00 1.289584950047449929e+01
2.617939759810087086e+00 1.307508126749989330e+01
2.076587795846622342e+00 1.194742741039173950e+01
6.734534169780387325e-01 1.043459873812243721e+01
2.115687735593066776e+00 1.162567414195038396e+01
9.028729763629113059e-01 1.076904491246536111e+01
1.764114063030014057e+00 1.207402529969071203e+01
2.051083264761889069e+00 1.153465313724274033e+01
1.414755236897568214e+00 1.070829650593545068e+01
2.141524675993415006e+00 1.067163549077814189e+01
2.291870141765295799e+00 1.105108612963631209e+01
2.183368912303129239e+00 1.114564383173703277e+01
2.177146966960188390e+00 1.119995230613599446e+01
2.492950331308412704e+00 1.229835164472731712e+01
2.505452778377705858e+00 1.208731817520529184e+01
1.999504873630634671e+00 1.206144415818958926e+01
2.230527869497997084e+00 1.149241304321158275e+01
1.930528468152212351e+00 1.170280030197789145e+01
2.205269700984163084e+00 1.095583809075406911e+01
1.903422198185730663e+00 1.128865996656652371e+01
2.121216213017704355e+00 1.159766007931308174e+01
1.054030990144470437e+00 1.124187535236266200e+01
1.823766314496509278e+00 1.247251848101341665e+01
4.621280256199242209e-01 1.091674714868790730e+01
2.439298842584623817e+00 1.323081635534449241e+01
2.081469707284294923e+00 1.171329326387788150e+01
1.554286248637706480e+00 1.183457864200935639e+01
2.155091493851707174e+00 1.272381964449712477e+01
2.267955811729188920e+00 1.284104592556517588e+01
2.506869395802894029e+00 1.239640796367008768e+01
1.814172734842275148e+00 1.213064605650221672e+01
2.210127085957984239e+00 1.168455568275567913e+01
2.071461917409656905e+00 1.241871645404668811e+01
2.129293192080597752e+00 1.238260145797273104e+01
2.480584662122126360e+00 1.279351194444514306e+01
9.916995281698945952e-01 1.173073166076801499e+01
2.073141633115342941e+00 1.163684906764354388e+01
1.903903402292319580e+00 1.185908832808704361e+01
2.079811430963729446e+00 1.172142868734675503e+01
1.849855555911905425e+00 1.204121634344586944e+01
2.285841941204454386e+00 1.216294070668248750e+01
2.286221735223664897e+00 1.214547198233540115e+01
1.455837808768408959e+00 1.230644781782518393e+01
2.359527431596311953e+00 1.298983294849233516e+01
2.577123668767765441e+00 1.315716139953063291e+01
2.480981605858628924e+00 1.336375625647919918e+01
2.039984397671878558e+00 1.147377108054512718e+01
1.232370938062908206e+00 1.203521568560122290e+01
2.125742864696525736e+00 1.285331555768687473e+01
2.120362565539025468e+00 1.185121043435572119e+01
2.154653815094713654e+00 1.170357476309607669e+01
1.729215180742269986e+00 1.230553675752634923e+01
1.485041479606932002e+00 1.221458514161626141e+01
2.265800464962603566e+00 1.230619234072588775e+01
2.180656335966319137e+00 1.118276716174358754e+01
2.124773725935803270e+00 1.145020862958864249e+01
2.669524039079917532e+00 1.334007066646748996e+01
2.741451530444798390e+00 1.307883417993396336e+01
2.509880815926919251e+00 1.240781491623118526e+01
1.422845435764557465e+00 1.212102320342630790e+01
2.655280983667162253e+00 1.296972780395681113e+01
1.796000754330027149e+00 1.278193394115082526e+01
2.445978647123671745e+00 1.209320510850507802e+01
2.317180422540799700e+00 1.252314609565670445e+01
1.575127754885182751e+00 1.268755966771438004e+01
2.009006822509909362e+00 1.233688237184818881e+01
2.139691490329397983e+00 1.202686558937044659e+01
2.093336300362276692e+00 1.220016356990209161e+01
2.168863008615506072e+00 1.179124514042986860e+01
2.006427153083046644e+00 1.130384570804761957e+01
1.989765954844987972e+00 1.148427830470305366e+01
2.389986644968332019e+00 1.264738836204160322e+01
2.058996769207306787e+00 1.213028983836809438e+01
1.421388243120656369e+00 1.242937278044213478e+01
1.618384580805891648e+00 1.284264099713150387e+01
2.168417773937199478e+00 1.201721608236342753e+01
2.472324374229698307e+00 1.281985260968866314e+01
2.722927996019180341e+00 1.311492660860704440e+01
2.706603528080052445e+00 1.321734740179181600e+01
1.954410069972344344e+00 1.237095234061304438e+01
2.037191849867467042e+00 1.292510209369239682e+01
2.235197514767374383e+00 1.073058024807883015e+01
2.203771855422973935e+00 1.101652691767995229e+01
1.031989124398474234e+00 1.079015451906727918e+01
2.145809967946681329e+00 1.051581292336001283e+01
2.111845420111710059e+00 1.041365039511405755e+01
2.110401224610694015e+00 1.046443211135076901e+01
2.798893480991726079e+00 1.297307801138060945e+01
2.196756561980886868e+00 1.306132871902495118e+01
2.269014332675238332e+00 1.312894940273449329e+01
1.315474515018200785e+00 1.194178770534032985e+01
2.011440496275346934e+00 1.181027074920853082e+01
2.123546031671835532e+00 1.187344250670492407e+01
2.197879058406435160e+00 1.165324709414941928e+01
2.475439237087377009e+00 1.301566232373182963e+01
2.421122244135822221e+00 1.324214847673120232e+01
1.876296213812708391e+00 1.225819569652914787e+01
2.268549856267758624e+00 1.207797912705232868e+01
2.266458907248196653e+00 1.155175996000000893e+01
2.196070609660323303e+00 1.191707564019678678e+01
1.029640944663078095e+00 1.118337354112124515e+01
2.033926297832407304e+00 1.132425547669893184e+01
1.675922908215134566e+00 1.121388959751999970e+01
1.752670988393788543e+00 1.125024326735856661e+01
1.859556155790762721e+00 1.117040895969173953e+01
2.664420075084933170e+00 1.347342831673823937e+01
2.217462240673647500e+00 1.172193483282508630e+01
1.997430360724012921e+00 1.118742031145523796e+01
1.342534479976147832e+00 1.106386293212093008e+01
1.047725761104765674e+00 1.167505699455737833e+01
2.213225181324887547e+00 1.145354408278184266e+01
2.358338218602365810e+00 1.213914027106376281e+01
1.906434789757845527e+00 1.245766501563394613e+01
1.946283415464163058e+00 1.255696379885571545e+01
1.272468541842895817e+00 1.240523092007825312e+01
1.922514782076939932e+00 1.190709542957046452e+01
2.124525014469539119e+00 1.196195513586836157e+01
1.776100482889902965e+00 1.119037491122649719e+01
2.032944698034086617e+00 1.096956825677789205e+01
2.639130221960769518e+00 1.335515009987934221e+01
2.774496075707384435e+00 1.317820429456971887e+01
2.525639327737200457e+00 1.214174188603993798e+01
2.522859063943375890e+00 1.216739655709835688e+01
2.073865462123073655e+00 1.179278814206669779e+01
1.927709281631314164e+00 1.142215057059911487e+01
1.877198023015102191e+00 1.249464288026901215e+01
2.359394654720414763e+00 1.275225396354181484e+01
1.007177603186980352e+00 1.173803045445895243e+01
2.272923547394426258e+00 1.265926156889381105e+01
2.138819047287333408e+00 1.158252746319198323e+01
2.136674294449072864e+00 1.164702754536667406e+01
2.195467868870175643e+00 1.147256346776365099e+01
2.107116600659992400e+00 1.124090111488333932e+01
2.006217783262130183e+00 1.185017034076817311e+01
2.135723292829520670e+00 1.183087296766577445e+01
2.175628404204053457e+00 1.192845604963665096e+01
2.280387238126422300e+00 1.155631045469420748e+01
1.831332403797922170e+00 1.214968314080997303e+01
2.547762709019617322e+00 1.218853491786453347e+01
2.072276832679707415e+00 1.170991555301559828e+01
2.111446402841660408e+00 1.158057668762872439e+01
3.676184696191945322e-01 9.930904516511407820e+00
2.310010001200850205e+00 1.311611881511055699e+01
1.705982231058618126e+00 1.212762767487877724e+01
2.290647234505987395e+00 1.187420935518187193e+01
2.151298443636386892e+00 1.235904170627454945e+01
5.219066387928545936e-01 1.085604656999323048e+01
1.893188563940988223e+00 1.231256487014799461e+01
1.825470414925234763e+00 1.117720632905897382e+01
1.260702323892618937e+00 1.076808607896687242e+01
1.725839179096628762e+00 1.176807498886583225e+01
1.115568091695507302e+00 1.141345279660096423e+01
1.771077950408804114e+00 1.216870208731030267e+01
2.136188673538456761e+00 1.182600586650301722e+01
2.205935307994423500e+00 1.159798260005147696e+01
2.272236010155274322e+00 1.140055249240161572e+01
2.106322551267586274e+00 1.162303203684224684e+01
1.767629455243826975e+00 1.192886724254699971e+01
1.754614780557798293e+00 1.151152813902577421e+01
5.697570642268783292e-01 1.067334540326743308e+01
2.609175418164634941e+00 1.315566444426923809e+01
2.623463249818061893e+00 1.312324443085965520e+01
2.209020816296824119e+00 1.162771221456434745e+01
2.051706905357610022e+00 1.177409088688171401e+01
1.777759026255877783e+00 1.162822956515634409e+01
2.107877355032920619e+00 1.103112646712460254e+01
1.633209618330032420e+00 1.164457961841462641e+01
2.036738132518517652e+00 1.112610465284260641e+01
1.892583378645809278e+00 1.204438078417003588e+01
2.131171741521693530e+00 1.187297766009902666e+01
2.320672897586420369e+00 1.160869055609204814e+01
2.621524366722671306e+00 1.324982587945058476e+01
2.468618686148251307e+00 1.336494896076789907e+01
2.073824896726730760e+00 1.194536413911484019e+01
1.865251350182281165e+00 1.212476737225357049e+01
2.462742817861014455e+00 1.279370644418556502e+01
2.177001408188269593e+00 1.146580199975601566e+01
2.182517248209749017e+00 1.144471669000551017e+01
1.838044018207536157e+00 1.112601417455580766e+01
1.672859082148912657e+00 1.181681150731590790e+01
2.568137116333317760e+00 1.210844805027631743e+01
2.048568150712165359e+00 1.238872637488110762e+01
2.082048319041197804e+00 1.238035388141022786e+01
2.629917343816739361e+00 1.282545714961235106e+01
2.472966438549052626e+00 1.306599878574684936e+01
1.757884970578369677e+00 1.235280245225773932e+01
2.162833896241783460e+00 1.157922244681756041e+01
2.410087041527280594e+00 1.179007028558540426e+01
2.165895047798539697e+00 1.217272241924432485e+01
2.120005035462198428e+00 1.126426415054276298e+01
2.115697361385381114e+00 1.131814067222880915e+01
1.974413078234539709e+00 1.160392545121841579e+01
1.832086272254939585e+00 1.114087849660577412e+01
2.239796944649356636e+00 1.132328518561696562e+01
2.608210025459405834e+00 1.257939866383360439e+01
2.599503668026730718e+00 1.269966654660785998e+01
2.031573084041490507e+00 1.231380221964437816e+01
2.264533323772157658e+00 1.196516454595190204e+01
1.567935579800271206e+00 1.115512616967706094e+01
1.989015340192572756e+00 1.101262897830171994e+01
2.164208906832405077e+00 1.097085489190664909e+01
2.247338246259232619e+00 1.098604866308216188e+01
1.928305986094682289e+00 1.194582730811609927e+01
1.797027497145623043e+00 1.208471318138894368e+01
2.304795834790497100e+00 1.206830726504985307e+01
2.717102714080705805e+00 1.347092513946096837e+01
1.693442092200930116e+00 1.125401821274470748e+01
1.980603955872642263e+00 1.111683187644011106e+01
1.968930220089686545e+00 1.088705012090555613e+01
2.598917794747267695e+00 1.332255966088260912e+01
2.704442971767184289e+00 1.310242991296024684e+01
2.360987912752779305e+00 1.269620240122089250e+01
9.392649837776086974e-01 1.103298484838880889e+01
2.364050524402941722e+00 1.247150526645741841e+01
2.246033442872742647e+00 1.181942490311255867e+01
2.149121945450878979e+00 1.216441410854559102e+01
2.381813572860531636e+00 1.293020582458324341e+01
2.206520010089763506e+00 1.199890178050389267e+01
2.575874263230286232e+00 1.303058655209317251e+01
2.623891676277468221e+00 1.296210260195888964e+01
1.937897106745754217e+00 1.307841930688009136e+01
1.369139007709604616e+00 1.228737692158492933e+01
3.769730824954488635e-01 9.900998221634786489e+00
1.499793327241657925e+00 1.211098434699562354e+01
1.314027500353282640e+00 1.220104684719655452e+01
2.050893534236913229e+00 1.240381862166976745e+01
2.317338080203614759e+00 1.222244168871076297e+01
1.128523422462520465e+00 1.174706310091102246e+01
2.481264701418635976e+00 1.294285038757820772e+01
2.127341795075649689e+00 1.162516651729277584e+01
2.359839740849494660e+00 1.136088758982146096e+01
1.991803346776277017e+00 1.170677796508867274e+01
9.024622187663305928e-01 1.076963765485765379e+01
2.466179225821457877e+00 1.216710198708956803e+01
2.483165246859612374e+00 1.194044915931552708e+01
1.929639196195671813e+00 1.164507449877166856e+01
1.892994137060636461e+00 1.171448593625467005e+01
2.338982220095585873e+00 1.259569287460679909e+01
2.308944440099224948e+00 1.233136904825618885e+01
1.959760952023468006e+00 1.115520611400354944e+01
2.026207448001215550e+00 1.093127427526729711e+01
2.419540704888425875e+00 1.238628615123684718e+01
2.321673716989132163e+00 1.259694333846015013e+01
2.776219709586791762e+00 1.341718221235647412e+01
2.014334094005898024e+00 1.116493664553048326e+01
2.390289439542604200e+00 1.249052360084943913e+01
2.419555970890891583e+00 1.231193589694362345e+01
2.376985264933445752e+00 1.236415872076070954e+01
2.577082326312714944e+00 1.240223870892977587e+01
2.100121146911935188e+00 1.277618697729899466e+01
2.182594353756391214e+00 1.126660455060492261e+01
1.719946558603526077e+00 1.134153655993281440e+01
2.044719768341493271e+00 1.270859403531525800e+01
8.659570974931227738e-01 1.177952301102858890e+01
2.252827339520582672e+00 1.218403456416852038e+01
2.189260130113602099e+00 1.151703909242815271e+01
4.403656409710369202e-01 1.115161257204567491e+01
2.164733539130497153e+00 1.259071443858994854e+01
2.015271546884063181e+00 1.193637752319484235e+01
5.470230192421690063e-01 1.084746939386113596e+01
2.174412121949675480e+00 1.243285345657211494e+01
2.005779093635437160e+00 1.188100103367777827e+01
2.006364710590826661e+00 1.186329700729493908e+01
2.355116405833564297e+00 1.267372693070547918e+01
2.534352162286279686e+00 1.264022413077201712e+01
2.358730417072811392e+00 1.235315222769134991e+01
2.472131181703492775e+00 1.193234202411655076e+01
1.932025664626095818e+00 1.118822238790837531e+01
2.265294559777400796e+00 1.238658210588178044e+01
2.340470132850384744e+00 1.167343095510376116e+01
2.109207885885783451e+00 1.185773020255442489e+01
2.735544599602137694e+00 1.280878816923370600e+01
2.332284282948539733e+00 1.249361853814423462e+01
7.791422279785051863e-01 9.863264415317070544e+00
2.176520598026784548e+00 1.238935217995093652e+01
9.967271042988189445e-01 1.152198486288899382e+01
2.298816742034332172e+00 1.220473103518745184e+01
1.478203863985225963e+00 1.099258772189434552e+01
1.788873385102660141e+00 1.132723389758250931e+01
2.221622354813746369e+00 1.067589515474447737e+01
2.141306373126752316e+00 1.204686941323899241e+01
2.131489643911602005e+00 1.219439508390776972e+01
2.346857655382417640e+00 1.146263233348423327e+01
2.275464451646171060e+00 1.173057548993494770e+01
2.007711021647853311e+00 1.188326992902279322e+01
2.191556272605220457e+00 1.201218017598386467e+01
1.133820488970342488e+00 1.229188631058649328e+01
1.544857004410084889e+00 1.158214041101858705e+01
2.164310439376921913e+00 1.141896839654763696e+01
2.233618970954171168e+00 1.330935486593091888e+01
2.404649912505945064e+00 1.178652168970043768e+01
2.392595310650238005e+00 1.194220567625131402e+01
2.044022795098868528e+00 1.247900553284428504e+01
5.560928261028520447e-01 1.071643912121795061e+01
2.210421018468561538e+00 1.262704259297528253e+01
1.763926669115823520e+00 1.236169030016632675e+01
2.720680556037998077e+00 1.275495188021778681e+01
2.619090565919160341e+00 1.312289043974161373e+01
2.156557674210590747e+00 1.295692595208885933e+01
2.116204159909259364e+00 1.185360521700022574e+01
2.160759184557374368e+00 1.249938531339188152e+01
1.863915930366149443e+00 1.128596086591358372e+01
2.163880347340925603e+00 1.102449129197632516e+01
1.975996578774922297e+00 1.148169508186290066e+01
2.002184404534028239e+00 1.130862815797432575e+01
1.932341478506578447e+00 1.247439340006109809e+01
2.304849226134441320e+00 1.146387177434707816e+01
2.271573785113020438e+00 1.154706814877072141e+01
2.130292154227164669e+00 1.163913049777969633e+01
2.461332283164837431e+00 1.354111305856995706e+01
2.787818976326397191e+00 1.321447195774686811e+01
2.179070766795249359e+00 1.139837261461735274e+01
2.185374761192375281e+00 1.122864028510777068e+01
1.305357271192141955e+00 1.156577712515287715e+01
2.022869720651121916e+00 1.223596868974413887e+01
1.714158664133696997e+00 1.204761688433594102e+01
1.391833562238222965e+00 1.144118538670947771e+01
2.217800585701281246e+00 1.090323980022971284e+01
1.869229950218962877e+00 1.142627161667433100e+01
2.221906582542227948e+00 1.164448634918742975e+01
2.598856138297305218e+00 1.305525825852862987e+01
2.541139398453548637e+00 1.324315644974089778e+01
1.926377807628220529e+00 1.212569133551504663e+01
1.379524711596294972e+00 1.176269372489729825e+01
1.964827879046258552e+00 1.195158403373656775e+01
1.236808869300904723e+00 1.184786264340936590e+01
1.874166723265157097e+00 1.266696427061943098e+01
2.169273297758961494e+00 1.194707741025073666e+01
1.973450840785321070e+00 1.192995247828779348e+01
1.965167601257198804e+00 1.167296906582671667e+01
2.158719206498553866e+00 1.142086374495023193e+01
2.254936245383662108e+00 1.223724779388393991e+01
1.465156881252267729e+00 1.260746640029241483e+01
2.117811840862245276e+00 1.253473455391887370e+01
2.173402981618703489e+00 1.129194422444971480e+01
9.624903942819452718e-01 1.070431021684750128e+01
2.582075514352132561e+00 1.250870815846524842e+01
1.549216079955218373e+00 1.193151847939744847e+01
2.109428506197787101e+00 1.205192878257621025e+01
1.198693241902668793e+00 1.136381389262226449e+01
2.259528947977114122e+00 1.244629632260462415e+01
1.975962923939347249e+00 1.059189768664129261e+01
1.618267807987283868e+00 1.136484946168670618e+01
1.700868181990847772e+00 1.137316618678060820e+01
7.735814679397081672e-01 1.009532951618479046e+01
2.632705206254726704e+00 1.250752892546194062e+01
2.094645532421380629e+00 1.253910386839562996e+01
2.598368397004897190e+00 1.268077491648194233e+01
2.211701345831092791e+00 1.315933674425662048e+01
9.881361254842656594e-01 1.100464791597097225e+01
2.017709571685154746e+00 1.201007167808613119e+01
2.046581829176431722e+00 1.167797404079501256e+01
2.601521912934022129e+00 1.302079399635517198e+01
2.629801349399529808e+00 1.298493631575905560e+01
1.076087558781666953e+00 1.151737780390066135e+01
1.397359091818485055e+00 1.194251950124077766e+01
1.254995401764920748e+00 1.179414509420009161e+01
1.990287595350243688e+00 1.193081775671795164e+01
1.741071380868875584e+00 1.209191385856861878e+01
2.105887964207431740e+00 1.139926782568516472e+01
2.106687061095271929e+00 1.135612511365498456e+01
1.726132148169331915e+00 1.213878269106234598e+01
1.889447560735986409e+00 1.212040901810132176e+01
2.010559047397969756e+00 1.186937207689951457e+01
1.656492365788335253e+00 1.208095429711074864e+01
1.954560529325987117e+00 1.226437925281855534e+01
2.309332154147504035e+00 1.195950072789413454e+01
1.538977110958846373e+00 1.182865264115793558e+01
2.217147836629028035e+00 1.155812124555448506e+01
2.004339654953061434e+00 1.287769369161211230e+01
2.224138961130465830e+00 1.266154185324712955e+01
2.058597208718070171e+00 1.178992645964819985e+01
2.204560835555903431e+00 1.154228798161776659e+01
1.485366176641533142e+00 1.184439578310117192e+01
2.561392873181949970e+00 1.267810429617385815e+01
1.628740590714156555e+00 1.189720652296984404e+01
1.795078758264620600e+00 1.197967386062004636e+01
1.605837816954613695e+00 1.228029267670985014e+01
2.131059414528998275e+00 1.252788072460556812e+01
1.161865041907170770e+00 1.179258101095067346e+01
2.049991249869425047e+00 1.164376966790857004e+01
2.196943269153516898e+00 1.189935246538022362e+01
2.271031097414622391e+00 1.285767254320689190e+01
1.923094613227164462e+00 1.289757983121977958e+01
2.254065778391207253e+00 1.207905291368526868e+01
2.372748045131519046e+00 1.175421978520261312e+01
2.063387310459861013e+00 1.185054605090778779e+01
2.110496457727221387e+00 1.224018840116954365e+01
2.125311287295831519e+00 1.186053798960177730e+01
2.295650523564664258e+00 1.139993735771578010e+01
2.293503415877138796e+00 1.147461818358509333e+01
1.719808774894115322e+00 1.140770442697889386e+01
2.058345971654715001e+00 1.196933735614216410e+01
2.081855613241554881e+00 1.189937124213657604e+01
2.270578938118417156e+00 1.319478870599495757e+01
5.905321932777339855e-01 1.069014167097421186e+01
2.347446330914108703e+00 1.198051181055740244e+01
2.352058435296855876e+00 1.189341394804596952e+01
2.086421134969799418e+00 1.246310171889879825e+01
2.094368692767319295e+00 1.244965736293723069e+01
2.688909761516401709e+00 1.278827970558039340e+01
2.576112590823594228e+00 1.305668249203193199e+01
2.407077102748924613e+00 1.220902125500482960e+01
2.000787545180029436e+00 1.132644026515595392e+01
2.073450610841198749e+00 1.101784521327866884e+01
1.562273625677184974e+00 1.202393787129826563e+01
1.986924957419602400e+00 1.153337219597135288e+01
2.171415654325047573e+00 1.315308534337565227e+01
2.672710774756035246e+00 1.291799139958049025e+01
1.641089347448716484e+00 1.178787782709097343e+01
1.745321044783874731e+00 1.181346851653028729e+01
1.332278707425568420e+00 1.162517636972615342e+01
1.781512302752131571e+00 1.248648091952585837e+01
2.362371029388519617e+00 1.253796390438241914e+01
2.432829556177106056e+00 1.299680022015256853e+01
2.075612890924882326e+00 1.308494879423696844e+01
2.426375843191822756e+00 1.252839953778808457e+01
2.471943556965704669e+00 1.244267710924107817e+01
2.168314326683802751e+00 1.133097409143854684e+01
1.977250838728562998e+00 1.191344088368015797e+01
2.112319525651569219e+00 1.184608822103724357e+01
1.950497214876531382e+00 1.211996520377882369e+01
2.500380477996449802e+00 1.194065698461540670e+01
2.279620607493352491e+00 1.243302589168331984e+01
2.254177967283461648e+00 1.243837603191200714e+01
2.453040970129757969e+00 1.256099471013276769e+01
1.572261565923344095e+00 1.190045869232722531e+01
1.902191623176189950e+00 1.180656915465961987e+01
2.380555811849178305e+00 1.215575095445309728e+01
1.218588983613473120e+00 1.048719169829773534e+01
2.090098568915233823e+00 1.090424291611643781e+01
2.172472308359864268e+00 1.106526130891988835e+01
1.871076632687782348e+00 1.257851754207000994e+01
1.927890847272530017e+00 1.161687041896047567e+01
2.183178913911353103e+00 1.116287270503911344e+01
1.994682509721417141e+00 1.061249254561788113e+01
1.920023365912765900e+00 1.104417129679382015e+01
2.056578402284826801e+00 1.069496362486782459e+01
1.687672390655529098e+00 1.102889617434365910e+01
2.459755431680230142e+00 1.193514009526822051e+01
1.196609237779830970e+00 1.232003498266052866e+01
2.363270775284795011e+00 1.176152778989568404e+01
2.218022576766854215e+00 1.206635749049436690e+01
2.263124541143128443e+00 1.252452293562610386e+01
2.475544761850359432e+00 1.240688946319939490e+01
2.574944605562680788e+00 1.291383076266846786e+01
2.539624548152607186e+00 1.217004829985392433e+01
6.959859480258717701e-01 9.886085969557333542e+00
2.105407785187010106e+00 1.183832787481043525e+01
1.950138351658752267e+00 1.081612331511437652e+01
1.959902188336862805e+00 1.074156015731997016e+01
2.308445505835698963e+00 1.199904228642470372e+01
2.337095342354986727e+00 1.184717266791464496e+01
2.476800245958794555e+00 1.337086086924856332e+01
2.611421156887054451e+00 1.314976669541623977e+01
1.850628949723037042e+00 1.148561795032750510e+01
2.060757996782182300e+00 1.309489279731395861e+01
2.457724710609141994e+00 1.300019747390510538e+01
2.536840420509274718e+00 1.246339343813667710e+01
2.503245886251318275e+00 1.262985815888136543e+01
1.901390773824071401e+00 1.122272315247130869e+01
1.984557779603261185e+00 1.109251625605115876e+01
1.570698867161337775e+00 1.143071897813526761e+01
2.082646467244152699e+00 1.257025800098642243e+01
2.249795177204652052e+00 1.134626409859429330e+01
2.170698821721805505e+00 1.149940516244639710e+01
1.593201833331965744e+00 1.153073711711962979e+01
1.575616416208374115e+00 1.189044997493485489e+01
2.009833546479079303e+00 1.156130096809401131e+01
2.286513335703014071e+00 1.183748751558686152e+01
2.285086561210070144e+00 1.184481000775870818e+01
2.052337520820303851e+00 1.047972565133776790e+01
1.977485282875679706e+00 1.078340090129534268e+01
1.952596620693485496e+00 1.124513565892572053e+01
1.828698695633732108e+00 1.157208599885191269e+01
2.050417521685947264e+00 1.183070934068054392e+01
1.288262412620907238e+00 1.182204311136188046e+01
2.126011952403616068e+00 1.312871639558229653e+01
1.700644890422259303e+00 1.210471036146779866e+01
1.786685189562276621e+00 1.214338727575360011e+01
2.640340553665111223e+00 1.338263944769344604e+01
2.207285765483457673e+00 1.191273067709955313e+01
2.298701310342569748e+00 1.177614921908014267e+01
2.499621079173945049e+00 1.238888933582897245e+01
2.269610849588997947e+00 1.281578949069185036e+01
2.340912491865148048e+00 1.211464879320486610e+01
2.390400263176511331e+00 1.195269689959648218e+01
1.400592481719484805e+00 1.200685966440031827e+01
2.303018728700829243e+00 1.156408506487168886e+01
2.080679433047070148e+00 1.184433008990070846e+01
2.446048275006673656e+00 1.222766058400587852e+01
2.341746261751904257e+00 1.230429383094923068e+01
2.303781954277164257e+00 1.265349589293249188e+01
2.026577752833554236e+00 1.163268185578592906e+01
1.957366196735644381e+00 1.193148466834414556e+01
2.054653662972941497e+00 1.255441975335288873e+01
2.139202309297196347e+00 1.176311367391274310e+01
2.099776375046338295e+00 1.192364654211981367e+01
2.202580811487139911e+00 1.169186415743460650e+01
1.978373799152767676e+00 1.225713632536288600e+01
2.301087016167807420e+00 1.163824574127982814e+01
2.239306193740951745e+00 1.170463903741828382e+01
2.073212783249231084e+00 1.172545968173193565e+01
2.195416495404716173e+00 1.245856997075149764e+01
1.763179008202030440e+00 1.246999794214627855e+01
1.914724558118296338e+00 1.263199493969819009e+01
1.998395686498655843e+00 1.095259891525550699e+01
2.036674342553348005e+00 1.073305837865617818e+01
5.548760493675252148e-01 1.021542825541827071e+01
2.461940163842620155e+00 1.298694331936273905e+01
1.771112461501414437e+00 1.230219750541315449e+01
1.775017223824857826e+00 1.202495246029652343e+01
2.193470250305877389e+00 1.138146300941131628e+01
2.344909483689151752e+00 1.170797643080981665e+01
1.798646000650969023e+00 1.157404596411149278e+01
2.126800137741311936e+00 1.162514605319114125e+01
2.111054843558907379e+00 1.172106076438284283e+01
1.676933126486278125e+00 1.127258816446229872e+01
2.295110262939515255e+00 1.139429831675582960e+01
1.215058405346498116e+00 1.150043728327918124e+01
2.654503371762936936e+00 1.252719524290680475e+01
2.485943034849816602e+00 1.295846987093371183e+01
2.060169900226711981e+00 1.138250982802824751e+01
2.033469921518706869e+00 1.158901401577629109e+01
1.378924082282804831e+00 1.112401531202495164e+01
1.414351512924408194e+00 1.231391060869168186e+01
1.973659246714819737e+00 1.215518976279809671e+01
1.354390088769301670e+00 1.244762281964551853e+01
2.246122338360829307e+00 1.167168140226883288e+01
1.936407709987779224e+00 1.114077944984491531e+01
1.533841118576823925e+00 1.145712038800576416e+01
2.186500678309134749e+00 1.282842257037156486e+01
2.188632503935822093e+00 1.170144754890198513e+01
2.279404126490723215e+00 1.142253237707447511e+01
1.938556078497703838e+00 1.279748948758535931e+01
2.313730187388810311e+00 1.247657962951727484e+01
1.422720103379780943e+00 1.213593936438365617e+01
2.011995650658769730e+00 1.245405838217269689e+01
1.039027610636553467e+00 1.146198329408274930e+01
2.214382235719450254e+00 1.293488426616006315e+01
2.035649550883477765e+00 1.174918920895184193e+01
2.073668853076227947e+00 1.151409918270419830e+01
4.593277851335473838e-01 1.111250947207692974e+01
1.742458092547525483e+00 1.202137421987327492e+01
9.995724080121483057e-01 1.079437184757939150e+01
2.252341899524453961e+00 1.197722334312347670e+01
1.152355009241593065e+00 1.182623066371908571e+01
1.457651192511929317e+00 1.149264370068174834e+01
2.341589371834566613e+00 1.268114678884963276e+01
1.686729580446017396e+00 1.232940421047184110e+01
2.593464827413653584e+00 1.253803976562442202e+01
1.952429117403969627e+00 1.148947175960688227e+01
1.945965127495956626e+00 1.209084680887917607e+01
1.615733279479725670e+00 1.225351996945431843e+01
2.117780525980964335e+00 1.233201070886823381e+01
2.682119366794546877e+00 1.265501954468107471e+01
1.615919191962302159e+00 1.144995438499934437e+01
1.685858036220859502e+00 1.147043950002115409e+01
2.466788317251871643e+00 1.243101304005780960e+01
2.140660382765588121e+00 1.250633501256548641e+01
1.256519135171187296e+00 1.219836935934929123e+01
2.175449579997595695e+00 1.167321632656664399e+01
2.061382885748522131e+00 1.187611316607146783e+01
2.452721765944984700e+00 1.189685418503470871e+01
2.451895121640614850e+00 1.190713954328529312e+01
1.896438906249298118e+00 1.159696314075364043e+01
1.982233208815507908e+00 1.124602726544588549e+01
2.388292343219339919e+00 1.182627353307293916e+01
2.258611660008786437e+00 1.221315587726876828e+01
2.468378910967684803e+00 1.283170299376219781e+01
2.589486740128838616e+00 1.266231445290915403e+01
2.080465633780191670e+00 1.146094030498696270e+01
2.243649323038819254e+00 1.117463745301210842e+01
2.075026664517978237e+00 1.089590216716609739e+01
1.991720479155815626e+00 1.099872434636015051e+01
2.323041722211868887e+00 1.137430636090008740e+01
2.225436500112300653e+00 1.169963460646468967e+01
2.167594469116907785e+00 1.249731873771185597e+01
2.260756303870254946e+00 1.247884116087254824e+01
2.187151287134549982e+00 1.126894140951010570e+01
2.252360933550289435e+00 1.093998573587829881e+01
2.324417978609759849e+00 1.258455016887713462e+01
2.406623761663423178e+00 1.248232821384741698e+01
2.390064513720320694e+00 1.269600956970863237e+01
2.174743316725878728e+00 1.303131330356708339e+01
2.565178158640943895e+00 1.339999132156903094e+01
2.685617054776411994e+00 1.298827291681912222e+01
2.340560043010037727e+00 1.325055376115687977e+01
1.936083586203571683e+00 1.265928004877199342e+01
2.091676134950334998e+00 1.182362035866662708e+01
2.308559211354544782e+00 1.145099130699091639e+01
1.561141888990300375e+00 1.164161247466501337e+01
2.063110475045534020e+00 1.239194388415062065e+01
1.726110222858455945e+00 1.244963840183148562e+01
2.057894947787548556e+00 1.225227612960573254e+01
2.352341649335182971e+00 1.183702944481245645e+01
2.406711616105385865e+00 1.154853455907008453e+01
2.332983569793601664e+00 1.244276059074229046e+01
1.858265633021008556e+00 1.192216015194906653e+01
9.351206304741719322e-01 1.168036755757990264e+01
2.374467603286700701e+00 1.275189730490518336e+01
2.362246270797969228e+00 1.278179439300233078e+01
2.470637365925167472e+00 1.281244889029517786e+01
2.427002349494342237e+00 1.294575286484706389e+01
1.756991161417686742e+00 1.172948632193909013e+01
2.084402965075031755e+00 1.109693242496502563e+01
2.159328839615428652e+00 1.179614110754267386e+01
2.045687223213412231e+00 1.236129093527814149e+01
1.932983164574114454e+00 1.151099030738870077e+01
1.968270877244315153e+00 1.148455945423211233e+01
9.222209395902396523e-01 1.128595998511888254e+01
1.639619853369670199e+00 1.259832045530297506e+01
2.330591109479914991e+00 1.213208954016347185e+01
2.270113680004240742e+00 1.223670018245866054e+01
2.217571067341922664e+00 1.229008551980729180e+01
2.465430600287312313e+00 1.251627932284473488e+01
2.498865993472737745e+00 1.238139056380214598e+01
2.262377059301071025e+00 1.264613525465561494e+01
2.146855582987249988e+00 1.201190530663347822e+01
2.394361606645688312e+00 1.170223653253000862e+01
1.873659741229246833e+00 1.112290879378906894e+01
1.375567891863137993e+00 1.085694315374639629e+01
2.128623525262828053e+00 1.118342979550212135e+01
2.119780608626794294e+00 1.124251942675272531e+01
2.450109189997686787e+00 1.269377815851911429e+01
1.183929866465056380e+00 1.139567855632721916e+01
2.071852895506193448e+00 1.099905459718350365e+01
1.855358536436900518e+00 1.133658276757410199e+01
2.540079817756705882e+00 1.256968159791967565e+01
1.769956040293350963e+00 1.260879547706518267e+01
1.253999980715278850e+00 1.210642785848700953e+01
2.086920566151496459e+00 1.252432340568028657e+01
1.963823177629513417e+00 1.202807265537770398e+01
2.126146140201939705e+00 1.167776036844976772e+01
1.118279051944226943e+00 1.125438306963515522e+01
4.887073017943101561e-01 9.723375535388772306e+00
1.626020430946654383e+00 1.150345778456881440e+01
1.270236224010473647e+00 1.226190037652882481e+01
1.425143716175546027e+00 1.205036809045050283e+01
1.178050101143178097e+00 1.181535204193771982e+01
2.437730926196506775e+00 1.234812659370716936e+01
2.454315458147402929e+00 1.211524341045900499e+01
1.390079967944843231e+00 1.194332507607566640e+01
2.317133683507548003e+00 1.217894227273583851e+01
2.270223459633541552e+00 1.218566196887859299e+01
1.929149059293904900e+00 1.240075530270755699e+01
2.461288473129304766e+00 1.237733118720294456e+01
9.804391895578354887e-01 1.162566317388275827e+01
2.128051057409295677e+00 1.146866762687004027e+01
2.837639666937073368e+00 1.343903863293910206e+01
2.788502218957196632e+00 1.368741872292514650e+01
2.131504987124995587e+00 1.204414570386290073e+01
1.903630529865389720e+00 1.142468228607904912e+01
1.898405716085388883e+00 1.227218515238218011e+01
2.260937142769614994e+00 1.211974364663476855e+01
1.672465411663133672e+00 1.179896715071293833e+01
2.131511158246226056e+00 1.258130257272160613e+01
1.019172368651606764e+00 1.210272098711746125e+01
1.244004118204601328e+00 1.176406317845956018e+01
2.512513415205860134e+00 1.307130902888846968e+01
2.276398454879514865e+00 1.167991011180649075e+01
2.291527919185849527e+00 1.147693517317349787e+01
2.753935269384064188e+00 1.305581997360998692e+01
2.755810282727409799e+00 1.303648513834130007e+01
2.637705785545765291e+00 1.315276082560127158e+01
2.661785099046412917e+00 1.295887653973209197e+01
2.577505159698890935e+00 1.284264757758025333e+01
2.584453947530367834e+00 1.276738881330642172e+01
1.465676491724986041e+00 1.114547604345126075e+01
2.398819422517700861e+00 1.177587857272879290e+01
2.501629721708314769e+00 1.260696763808169862e+01
2.451447033191469060e+00 1.342167316645897301e+01
2.272615807289980250e+00 1.187844475270171962e+01
1.600244884547407320e+00 1.194663913754866158e+01
1.948521699569935928e+00 1.299501900242957930e+01
2.626240301455093018e+00 1.321844154827246420e+01
2.241834844556372275e+00 1.255916420563085723e+01
1.611229575064480501e+00 1.235520726463508545e+01
2.586194412342532889e+00 1.276062569449767459e+01
2.277417534681684508e+00 1.246014186640400645e+01
3.904317944466093038e-01 1.010909482249561187e+01
2.272722745023014301e+00 1.233935787575129694e+01
2.358233845831740449e+00 1.190432342656575138e+01
1.862581035209780245e+00 1.249031580700232347e+01
2.329449298674120428e+00 1.205496710191898480e+01
2.117862338508706532e+00 1.134001920408453756e+01
1.997747676260502647e+00 1.084537454275694479e+01
9.530306236935602859e-01 1.139328474764956312e+01
2.416042216663698561e+00 1.315073436243346805e+01
2.346946177152255952e+00 1.234079706292300216e+01
1.898758989062325542e+00 1.246949551905160014e+01
2.358809978441405164e+00 1.328129263440909646e+01
7.257833452590396472e-01 1.125529504542696024e+01
1.141359864536686919e+00 1.203565574625880430e+01
2.253175969975561799e+00 1.196394606404151340e+01
2.590174643449828729e+00 1.210931728115487793e+01
2.591422846283885306e+00 1.207906126147164905e+01
2.134890428657726158e+00 1.202629288398019725e+01
2.283158449603491569e+00 1.187454016537323831e+01
1.688807848808587808e+00 1.114859647388335517e+01
2.006559318439896433e+00 1.091629971132926435e+01
2.063827303912560751e+00 1.269055637888036614e+01
1.980520386589536441e+00 1.266673357013171497e+01
2.065095642763310479e+00 1.061255683285951079e+01
1.947053049801736879e+00 1.122751873906279485e+01
1.957475856229482503e+00 1.106725949964458167e+01
2.426461065646381865e+00 1.194757131987485543e+01
1.981974366980124858e+00 1.229199452837630879e+01
2.691728473255187826e+00 1.281052305605403596e+01
2.463262315152608295e+00 1.295984973376475935e+01
1.550819533241705184e+00 1.256703092524701582e+01
2.432299990727219807e+00 1.231710467269059528e+01
7.932184477584719451e-01 1.164028914834598716e+01
1.696341849675639946e+00 1.143594612854053949e+01
2.264855078856615300e+00 1.188329458095088142e+01
2.037833248229715011e+00 1.229469052657450057e+01
2.123777680041265103e+00 1.217957999926908563e+01
2.173740344389698986e+00 1.211384897758357226e+01
2.106755015444511603e+00 1.153111643705388545e+01
2.056711723098314515e+00 1.166975383885354312e+01
2.246327118676486378e+00 1.244602723524204890e+01
1.915023510787639882e+00 1.211557477413908401e+01
2.044568949806441882e+00 1.211286042634577420e+01
2.451403315602370014e+00 1.224252244631355602e+01
2.053630744986710166e+00 1.171251472862589438e+01
2.667519056642782882e+00 1.305703450565778034e+01
2.446732574866827825e+00 1.338759098850735541e+01
2.664432059609578296e+00 1.308881681896503757e+01
1.923850612356635237e+00 1.316442723145704896e+01
3.526206245162595843e-01 1.071594385542704764e+01
2.083394829345172727e+00 1.122336018035927729e+01
2.082907659746870088e+00 1.094966386728296825e+01
1.384514649598056257e+00 1.212753985544030400e+01
2.200116234887723454e+00 1.187838029912865068e+01
2.102230968898036956e+00 1.185822288541785419e+01
2.111544807750356689e+00 1.180629793260564497e+01
2.369230179995541530e+00 1.194958886015231947e+01
2.250127614062495951e+00 1.202246976019792513e+01
2.252157389639303009e+00 1.175028289822351368e+01
2.269964202516542517e+00 1.171252526546394002e+01
2.161274440581305356e+00 1.219783394795970821e+01
2.013553465431954681e+00 1.242423920775479473e+01
2.062656455769541708e+00 1.201499460455022827e+01
1.685711576926702149e+00 1.236005165797831928e+01
2.183933765227073831e+00 1.218603969610858684e+01
2.229657303357636344e+00 1.238624737476333593e+01
2.221707235804632585e+00 1.123892752856468036e+01
2.216331317364969689e+00 1.130716864173185954e+01
2.006772786239430673e+00 1.145770491929722645e+01
2.020748353656679708e+00 1.260686423312132476e+01
2.170329796884193030e+00 1.239928537541144138e+01
2.815132153984202912e+00 1.339139176997909964e+01
2.661476821618698807e+00 1.360106837032683202e+01
2.288492905772998576e+00 1.162571778428505809e+01
2.353713396995229079e+00 1.139598214904833995e+01
2.532928357730215296e+00 1.218888878845092094e+01
2.264729382521338596e+00 1.162344592396989640e+01
9.366150789123298681e-01 1.193155936168837883e+01
2.289898409391497580e+00 1.166806125300251118e+01
1.940589614914471239e+00 1.208602629846055443e+01
2.489135508389985763e+00 1.299831323883234013e+01
1.943562574915425945e+00 1.241545224215284726e+01
2.085923522800496865e+00 1.244374929370097860e+01
2.332480013348126047e+00 1.272788498761947196e+01
2.470736045206102904e+00 1.261921799577040559e+01
1.863182918148304390e+00 1.183071187507384714e+01
1.855256259304291389e+00 1.183634881804982264e+01
1.978296947387000904e+00 1.257184005400506699e+01
2.107287107875714494e+00 1.228628007050700965e+01
2.002017474870286140e+00 1.219676122625220849e+01
2.015728672732572058e+00 1.218909884309842084e+01
7.412087638112864196e-01 1.111670145129965093e+01
1.989882022804339234e+00 1.175989483645065192e+01
1.991019592506411584e+00 1.203517463266900300e+01
1.636801574467503739e+00 1.216532880189325283e+01
1.539540747727738967e+00 1.204008600062306478e+01
1.995217110542572891e+00 1.235623315348973073e+01
2.097292992354517605e+00 1.130362250223279474e+01
2.499431471493763546e+00 1.274294686278021516e+01
2.514767196061400423e+00 1.267562439128857754e+01
1.201649593428394169e+00 1.226671081758665593e+01
2.516277224765234521e+00 1.227943742846892050e+01
2.122544507304200856e+00 1.142294131715381944e+01
2.137276443644705815e+00 1.143308206089053058e+01
1.862156005508212475e+00 1.168280350368907961e+01
1.998912719091356927e+00 1.166961181767050171e+01
2.506553857868474289e+00 1.333644853920457685e+01
2.744736056002603064e+00 1.322436321559027839e+01
1.940681890265508525e+00 1.162291395501104496e+01
2.063426533855293510e+00 1.144017878837109592e+01
2.153923823190229569e+00 1.166242601233426335e+01
2.241409877058968103e+00 1.241517291238741549e+01
8.238369934525683336e-01 1.114582044631216640e+01
2.348284194168940520e+00 1.188057649970012086e+01
2.342075046001687699e+00 1.191114645679427397e+01
1.170179519650478284e+00 1.134629529862368891e+01
2.180096573510210245e+00 1.258659043000475108e+01
2.433660045874576294e+00 1.219370142848646665e+01
2.366250066691801823e+00 1.196837469728177794e+01
2.259190170805086328e+00 1.208190874545495674e+01
2.488038502892342851e+00 1.262221582890912508e+01
2.471370928194827954e+00 1.281230556623480510e+01
2.476733800701204746e+00 1.263180271223094131e+01
1.843463233035081084e+00 1.227835772593603636e+01
2.082190636300750519e+00 1.105691987504385487e+01
2.013835852993976161e+00 1.062449533803887469e+01
1.958407295997500963e+00 1.095647593376421192e+01
2.274915722074390079e+00 1.178334237444487087e+01
2.107917370804624380e+00 1.218491466553629898e+01
1.557389267299850610e+00 1.198131332697267837e+01
2.573683956044760635e+00 1.315827782073560570e+01
2.706421951538734660e+00 1.284937869223486651e+01
2.554991516688792874e+00 1.266907422978384723e+01
2.214183942939973893e+00 1.284825684717045924e+01
2.230969188860518315e+00 1.173553067550419193e+01
2.297058973625513367e+00 1.156960620849556776e+01
2.229251863474881912e+00 1.186365477461470341e+01
3.694455436408612403e-01 9.852746619693066421e+00
2.430934469122825181e+00 1.250225189072477683e+01
2.342267389157284274e+00 1.301321401886999674e+01
2.288646728536055441e+00 1.201227342924544139e+01
1.846952380730302323e+00 1.179938938941543469e+01
2.106424724489931677e+00 1.177654322901669026e+01
6.886558330252190441e-01 1.083429779541276616e+01
2.477615484986217087e+00 1.208104676913176156e+01
2.017941470481312116e+00 1.164475711690577420e+01
1.774297443758825032e+00 1.182048126073932437e+01
2.181004719926491919e+00 1.138518935024274192e+01
2.017940620780396266e+00 1.200119466789698741e+01
2.154216459540875483e+00 1.110458034839451003e+01
2.155962630614226772e+00 1.107072706202040280e+01
2.292883282419311275e+00 1.190921717037302763e+01
2.350660300940627945e+00 1.155166184279477370e+01
2.181986729600813746e+00 1.185351349063509296e+01
2.274152741306798564e+00 1.123914625078056062e+01
1.772497534440848233e+00 1.119921308826726225e+01
2.142898963370013288e+00 1.283227109294006141e+01
2.578969164671965686e+00 1.360161507173101469e+01
1.732637155930116135e+00 1.218395986000785847e+01
2.485416480133690875e+00 1.170648884887635433e+01
2.477487163629128908e+00 1.180617312126524077e+01
1.970274698432722849e+00 1.238818566560995826e+01
2.332494013395565613e+00 1.227705901263754740e+01
2.122013465281999078e+00 1.276361808603103754e+01
2.373395039242404359e+00 1.270305094497663667e+01
2.004334314766013314e+00 1.158770529939491567e+01
1.733429753596778866e+00 1.259505637064536643e+01
1.974930506639246408e+00 1.277378223688450909e+01
2.438269795371353688e+00 1.226297308729864710e+01
1.668455652006606282e+00 1.217814065048876238e+01
2.226901392948474889e+00 1.160366826709634402e+01
1.820005612367095127e+00 1.196895553335011009e+01
1.852588740862677330e+00 1.155368529146631396e+01
1.950331185507758525e+00 1.142786057168235381e+01
1.634006650051774701e+00 1.137130906514034656e+01
1.380127999230839286e+00 1.144551270107332641e+01
1.653156239384683479e+00 1.164618389430338752e+01
2.098247881081865440e+00 1.244424181055097556e+01
7.159065534574745593e-01 1.050715999911541054e+01
1.062629298111074760e+00 1.168051571823431267e+01
2.271008303409709939e+00 1.202841961056723186e+01
2.119339346705499061e+00 1.171434346517695424e+01
1.980708767798384340e+00 1.209013755550856217e+01
2.382259797277457736e+00 1.242855504843696757e+01
2.352344412810343233e+00 1.258556890083583824e+01
1.541516899554566056e+00 1.191051694067718181e+01
2.202116260389460844e+00 1.275663128718769457e+01
2.217335438202675757e+00 1.313490855897864762e+01
9.279204181066520452e-01 1.173532980752202981e+01
1.134871319619038754e+00 1.197342566948464082e+01
2.141404117631817261e+00 1.236298290440934089e+01
2.407967583080958818e+00 1.215939063756253979e+01
2.381590179251067863e+00 1.237320585841541387e+01
2.133549529852742932e+00 1.238423058882370142e+01
1.951663918278326193e+00 1.255867470621121029e+01
2.144529482739112147e+00 1.111983101269443708e+01
1.868738266710765927e+00 1.201922568582446260e+01
1.424171753293515641e+00 1.147586699654923059e+01
1.914411905719800133e+00 1.232407379312923013e+01
2.226682906871196632e+00 1.214418527687383609e+01
2.069708333022479252e+00 1.127913185093752979e+01
2.185301237625613346e+00 1.151988184911809121e+01
2.200863238118604848e+00 1.136809753928151068e+01
2.270512924243588859e+00 1.114152217521155919e+01
2.266779825041989049e+00 1.123329418881681541e+01
2.815209372161139978e+00 1.342003725849612827e+01
2.795835807287924357e+00 1.355600403039413671e+01
2.166172173907362719e+00 1.159780704369793192e+01
2.032229193360725272e+00 1.171245841313921687e+01
2.302314061037332937e+00 1.150475670917517235e+01
1.711418038913858686e+00 1.146883484953527343e+01
1.999739711797801966e+00 1.096426589141692354e+01
1.848133880336964685e+00 1.268656405234667872e+01
2.279314626869959781e+00 1.242903004112642940e+01
1.831389412510954440e+00 1.226814354546659480e+01
2.112460314796487992e+00 1.225219824011966807e+01
1.780609691890269630e+00 1.171698966205090109e+01
2.366942837959059354e+00 1.155547488320918070e+01
5.880439092909187648e-01 1.130503885144721998e+01
2.053837802340490182e+00 1.293042266070474433e+01
1.820166929701410030e+00 1.245408088540103719e+01
2.198339880534609492e+00 1.199003922304122938e+01
2.564365572485126865e+00 1.221918326906143015e+01
2.559953379577360799e+00 1.225817559563108006e+01
1.893143972288743759e+00 1.128567098138320013e+01
1.912420418369252584e+00 1.124959070482426959e+01
2.192629479095223655e+00 1.150134798615319198e+01
2.063312171216732605e+00 1.162359259847550241e+01
2.009555345260598980e+00 1.207277377197838319e+01
2.026801461417499617e+00 1.163723092837731876e+01
1.962000616307832734e+00 1.170226957126921086e+01
2.562220803280875536e+00 1.359407312371461352e+01
2.747217450125808647e+00 1.345737575195688684e+01
2.013006691648273172e+00 1.259870133128005243e+01
2.276379197583254133e+00 1.229761495448881981e+01
2.088578114809598318e+00 1.328949181517332079e+01
1.993428229837648225e+00 1.251442460334257056e+01
2.367133062870332427e+00 1.221950921502402920e+01
2.465682618608933119e+00 1.210213935240243011e+01
2.171004065502483371e+00 1.152138066688554296e+01
2.093658494331685382e+00 1.171331689472532567e+01
2.301596706045813345e+00 1.273140108939357518e+01
2.058163465157043515e+00 1.271274619414021423e+01
1.855248636219212433e+00 1.194137281076243617e+01
2.110725914245426882e+00 1.153497358648770188e+01
1.270071045446615088e+00 1.131295674199169099e+01
2.187736924213575573e+00 1.213591088936465745e+01
2.315407614360430077e+00 1.180522050586426630e+01
1.521921357154751631e+00 1.191499476762016130e+01
2.125115137250031871e+00 1.088204291324012729e+01
1.906490845394670286e+00 1.112998220609845568e+01
2.483630511151494691e+00 1.214266948062709339e+01
1.641231241300249000e+00 1.211662760897232438e+01
2.073152582592329818e+00 1.180599721594462004e+01
1.403534458971424925e+00 1.150197639638830971e+01
2.500517159867461814e+00 1.266611316080878247e+01
7.325939152495857254e-01 1.071120316791996352e+01
1.731647388017642397e+00 1.199563431377158729e+01
2.397662719519908947e+00 1.190351972159979610e+01
2.354134000081606004e+00 1.209367343489229896e+01
2.093723470508137119e+00 1.167235679060480180e+01
2.503578232071091314e+00 1.229350269359854586e+01
2.238585940654041817e+00 1.270844281781731944e+01
2.424712931391957316e+00 1.260173257214962561e+01
2.028369324746324587e+00 1.066267692057054539e+01
1.787921021620042961e+00 1.110354791551241682e+01
2.528556081198042094e+00 1.234364283422248221e+01
2.087172047305096978e+00 1.214282161067647614e+01
2.658621187369666572e+00 1.284388847264445666e+01
2.661377329534245550e+00 1.280276218360166141e+01
1.810980078125240089e+00 1.191853202173789050e+01
1.997785258664833252e+00 1.086121468280459545e+01
1.911040243233975477e+00 1.096543167319103773e+01
2.009945844806971582e+00 1.239950276514461436e+01
1.361763908304028936e+00 1.138819338331421527e+01
2.415805149658355688e+00 1.229181156282563769e+01
2.410649002715858025e+00 1.167936573775077314e+01
2.400289764417388838e+00 1.181367382061375970e+01
2.179859279833164631e+00 1.159831509546302897e+01
1.859436959498273811e+00 1.181170217804379696e+01
2.026383144485047083e+00 1.139906472982978514e+01
2.106738658829543809e+00 1.114885589860871384e+01
2.331508287201487395e+00 1.163146209469182679e+01
2.437544406437935685e+00 1.232103477353865451e+01
2.150694070998791840e+00 1.249936483064111314e+01
1.892385159895650260e+00 1.118275746412529337e+01
1.919979408498553086e+00 1.112540667723352250e+01
2.219265294001706579e+00 1.128096344091916237e+01
2.620749112029887140e+00 1.330658766161460171e+01
1.707180552791095707e+00 1.174522916982843590e+01
2.375328097539452621e+00 1.306149990126610660e+01
1.496676001876219297e+00 1.170176870427928861e+01
1.812767509511852282e+00 1.192698585383408272e+01
2.253362797694360431e+00 1.093752988769086087e+01
1.648256654004421229e+00 1.133531560371363511e+01
2.150012068482560768e+00 1.271345608672628558e+01
1.806964995775108163e+00 1.267553981803601637e+01
2.407768810016189587e+00 1.251096693691167694e+01
2.412485169452094347e+00 1.243277235770031730e+01
2.120593562278032973e+00 1.143288084132487725e+01
2.305311184752991682e+00 1.194561769266533169e+01
2.163193033431964452e+00 1.220980860913333643e+01
1.970808479628717080e+00 1.153191133866922513e+01
1.675084489347662187e+00 1.116483205996366301e+01
2.091543130911560411e+00 1.051968020697938755e+01
2.109455246162816433e+00 1.245130227969203673e+01
1.956138947617956259e+00 1.241963165237006450e+01
1.970215187312150062e+00 1.098154784944246209e+01
1.605206278438479073e+00 1.136595850200592395e+01
2.406523652401254321e+00 1.182587181658152176e+01
2.218706924518110135e+00 1.191156232632139300e+01
1.854747524170992312e+00 1.204765817121784188e+01
2.199123666848596059e+00 1.256212418991961322e+01
2.174151091973434813e+00 1.256938873166144077e+01
2.182647822582123975e+00 1.114080671359484853e+01
2.087537205088865200e+00 1.145736923235356741e+01
1.900146171221566149e+00 1.210829344271831864e+01
2.399895084172596338e+00 1.229720875361447163e+01
2.342665047712679804e+00 1.146099753586240055e+01
1.912654818030811832e+00 1.198678287909227436e+01
2.020116363854319808e+00 1.300351975762663237e+01
2.266551751301013162e+00 1.258987884065619056e+01
2.238542604498547473e+00 1.160187572979478432e+01
1.967328716438415004e+00 1.176822191662779282e+01
1.428927577441563068e+00 1.189064652022300983e+01
2.222729073589909898e+00 1.158178998512457092e+01
1.813433446263426729e+00 1.207543920668926596e+01
2.039597677061499859e+00 1.169451451299201317e+01
1.048217353618672742e+00 1.127817386513172160e+01
2.058748174928719976e+00 1.184157633078369365e+01
2.160793011543450604e+00 1.306367104654634836e+01
1.015449342979982239e+00 1.060078008596617671e+01
2.150963748141665466e+00 1.206379379749113667e+01
2.369889031300836280e+00 1.187854920029964312e+01
2.173982871577843756e+00 1.184892001514166182e+01
2.502775965256864410e+00 1.228333740593723000e+01
2.453904068828619334e+00 1.245604720042435254e+01
2.301046414545480978e+00 1.175198808348829616e+01
1.376581317166957641e+00 1.155607443323646422e+01
2.338161276860734272e+00 1.224603347581057555e+01
2.337469007617563044e+00 1.224829653053716250e+01
2.043983257857510782e+00 1.243748739531326386e+01
2.148106817120540857e+00 1.253913851912916400e+01
2.225230083707771644e+00 1.147833203390568535e+01
1.986981458681070567e+00 1.199926298762605015e+01
2.243598966156940211e+00 1.208874002831435490e+01
2.243894843499971703e+00 1.208325151203362502e+01
2.176474119258531292e+00 1.112685216982062286e+01
2.257043983817029531e+00 1.269663145904306489e+01
2.307735056635982218e+00 1.267746814217391815e+01
2.530021442400591791e+00 1.319108863396468578e+01
2.402727841914142903e+00 1.322619174987009671e+01
2.028632971900337534e+00 1.276451215896667257e+01
1.409853167034895716e+00 1.238284717255662137e+01
2.801895245467531659e+00 1.305409086244149108e+01
2.086642821107071999e+00 1.123772058897446335e+01
2.157386482370771574e+00 1.094056540745464190e+01
2.191512637353504989e+00 1.253232203579435833e+01
2.304376410656280960e+00 1.249251350880062894e+01
7.534167342987456717e-01 1.082247550880756037e+01
2.377285707369567458e+00 1.188815007316797967e+01
2.147571050233407774e+00 1.220325608936273909e+01
2.058308625627326194e+00 1.225029639778781032e+01
1.878703921202480531e+00 1.115882765289929957e+01
1.950164377749960432e+00 1.103599210137176811e+01
2.010860615261948148e+00 1.218654716152077988e+01
1.377082833345141921e+00 1.195595323181744263e+01
2.115874877117465136e+00 1.163670945686993718e+01
1.602543711587255171e+00 1.205207652022883558e+01
1.972226116939282070e+00 1.294790367925476815e+01
1.843929824212420243e+00 1.145814605532147468e+01
2.139202515054884568e+00 1.114447252181773251e+01
1.563579933034801250e+00 1.123158022090309061e+01
2.331173046714117625e+00 1.135712203185895497e+01
1.177012247111817622e+00 1.100563087082548286e+01
2.313686123127545180e+00 1.188182256289836758e+01
2.456512903718173213e+00 1.315688782915500710e+01
2.381715729255540648e+00 1.322823830531297062e+01
2.233255527779050897e+00 1.154633401883031496e+01
2.138778713764377226e+00 1.237801160103477116e+01
2.089294684559727777e+00 1.292633891160190807e+01
2.503107200508909003e+00 1.271715319690190249e+01
1.957892432895606438e+00 1.130083100143064812e+01
1.840930718216591488e+00 1.133257338304374429e+01
1.946331238163554245e+00 1.145776922170616530e+01
1.937366201010153999e+00 1.120806257522847460e+01
1.881286223437445893e+00 1.137692086328019414e+01
2.081688305484184376e+00 1.123318319413223243e+01
2.484613869901303396e+00 1.254389009785326614e+01
2.319835777760939521e+00 1.253889748075747157e+01
2.237884976096699674e+00 1.216542764701498136e+01
2.231155839823038001e+00 1.223488405235279863e+01
2.135443228319243048e+00 1.148454265875383307e+01
1.204649011916518075e+00 1.184867891357712999e+01
2.210675856599404021e+00 1.234105835878434654e+01
1.481150732118909685e+00 1.183637565812101400e+01
2.148934605295114153e+00 1.209063984083562104e+01
2.139575602563285717e+00 1.218864177097137258e+01
2.051464176948034623e+00 1.074570581492912424e+01
1.758506037407894684e+00 1.129322069888586100e+01
2.654774496683153462e+00 1.281737151303185662e+01
2.755533136761740387e+00 1.316203938888673264e+01
1.627112395418098156e+00 1.267084050436386988e+01
2.200987622799871701e+00 1.246935631035390024e+01
2.115943026419089268e+00 1.173877684226139628e+01
1.956906937386567735e+00 1.258473538807758452e+01
1.860720665279390174e+00 1.260516089914972504e+01
2.506840600969243216e+00 1.246777930331204942e+01
1.344969895536268112e+00 1.151455453144531482e+01
2.273840170266066885e+00 1.180242639455420850e+01
2.093978024270128024e+00 1.200552049903319052e+01
7.629386610253207079e-01 1.050031856141861475e+01
2.192281067773683922e+00 1.136495866978338931e+01
1.580886253916007123e+00 1.230068061123327894e+01
1.972643735063668524e+00 1.249351512541956311e+01
7.252692020233598713e-01 1.118279749130331524e+01
2.471791701762881655e+00 1.311131760555683812e+01
2.786505830475074497e+00 1.295227915533980401e+01
2.395380603334481329e+00 1.243162021611005130e+01
2.199194159793761649e+00 1.102017295708122191e+01
2.573978164975922578e+00 1.287066616237142291e+01
2.443201652795199852e+00 1.196271795961192552e+01
1.662074385249554975e+00 1.231556296375465109e+01
2.235872830905262454e+00 1.183255016614310762e+01
2.088541363996347044e+00 1.234672096319615342e+01
2.317461124471588807e+00 1.226986471905926024e+01
2.310648576732075909e+00 1.173363942440731300e+01
2.232862458837577613e+00 1.187477558089775798e+01
1.377855699109204357e+00 1.174022970017694689e+01
2.112001958054471995e+00 1.152255246553854029e+01
1.313132131800450964e+00 1.221740329304353168e+01
2.106396769753034359e+00 1.222032705743333025e+01
2.306852205725880900e+00 1.241766861286414070e+01
1.954092863793311485e+00 1.211388764134157014e+01
2.074627825595513286e+00 1.182974843231704121e+01
2.402450659764139296e+00 1.321578888600789092e+01
2.450521514157763647e+00 1.312424284547976505e+01
2.150282018136199458e+00 1.195433139279406909e+01
1.079877205105332916e+00 1.110372577259959037e+01
2.076729936094429352e+00 1.092821783243374156e+01
1.826584496420192272e+00 1.222664545712010664e+01
7.086655498118317187e-01 1.068274339673041418e+01
2.159278982096042743e+00 1.225703860262602163e+01
2.125238946685849672e+00 1.261468722234138795e+01
1.820469437344382380e+00 1.269639861149723892e+01
1.558949996570438978e+00 1.246846970864294590e+01
2.228515579466287644e+00 1.253712171120440821e+01
1.995122507561339464e+00 1.247646558464615829e+01
2.375694386682952075e+00 1.193152999195076269e+01
2.229337947252746144e+00 1.233550861147354105e+01
2.001775576972015802e+00 1.124075942137562656e+01
1.851197795661319256e+00 1.157455979156928905e+01
2.485589380836670692e+00 1.313031199186631426e+01
2.619181540029663413e+00 1.276543754305318679e+01
1.354822492651740706e+00 1.120818937366962942e+01
1.962675025811474239e+00 1.128920717335912904e+01
1.158084518971055576e+00 1.038309791348829592e+01
1.615677576044221242e+00 1.103154608458732966e+01
1.146160838490904554e+00 1.194701930975989157e+01
2.180304952017236175e+00 1.226053549133601450e+01
8.293922575644259165e-01 1.099404027712562737e+01
2.195115371177350561e+00 1.228771491094813051e+01
2.213990624662089068e+00 1.221028559548270209e+01
2.042688377300098335e+00 1.152572300899814728e+01
2.327563218252191479e+00 1.237347440429033085e+01
2.207965639284498405e+00 1.154173461138949719e+01
2.249873291490517513e+00 1.136363278190614245e+01
2.339696988567427027e+00 1.216924515148714825e+01
2.074692366876278893e+00 1.136876709645090244e+01
2.120845603184291051e+00 1.108862221490846167e+01
2.549293876095728439e+00 1.282362954296541702e+01
2.236479005140953991e+00 1.199150672581412636e+01
1.953551865030873858e+00 1.235418487750237659e+01
2.103268461189918170e+00 1.240475595660781671e+01
2.131143205011708730e+00 1.222995140503086908e+01
2.086426052415998988e+00 1.197791942026601575e+01
5.953022230609238408e-01 9.947799012220926329e+00
2.227419263386005710e+00 1.123017001719476582e+01
2.014481113984830873e+00 1.191785374155538157e+01
2.177730659481769582e+00 1.134271107160846270e+01
2.474290700079976979e+00 1.228494339170346805e+01
4.775159042244927488e-01 9.886627303484376128e+00
2.570122143386504909e+00 1.307778914401941073e+01
2.248943778013193562e+00 1.318669974713746740e+01
2.577858157807970230e+00 1.305939791833316121e+01
2.676654871805017155e+00 1.293264955237379610e+01
1.832138425544062477e+00 1.255566314538197048e+01
1.975215556421043628e+00 1.131177245106481877e+01
1.801141464866389263e+00 1.162171397022161479e+01
2.251627528312534654e+00 1.242611421660740234e+01
2.261434375658871065e+00 1.137447648325074390e+01
2.223146770097296443e+00 1.165461866079651010e+01
2.098323397524395784e+00 1.112453191515513851e+01
2.346275395621883586e+00 1.312975218790590581e+01
1.644085642137372849e+00 1.260385356595890549e+01
8.213376332100168487e-01 1.113507068265594846e+01
2.136172273571276481e+00 1.255038877295120692e+01
2.269140859904601459e+00 1.140055370225280029e+01
2.137989593683875089e+00 1.178112365072602685e+01
2.070954886237367898e+00 1.164952478382583045e+01
1.987285541220874086e+00 1.177138237699284851e+01
2.267210180520193852e+00 1.130128622353605472e+01
2.496607660580441923e+00 1.333452897503791412e+01
2.710571066616748404e+00 1.294783116479681340e+01
2.558462390724146829e+00 1.268232013245280321e+01
2.560083961493961446e+00 1.265680068986939055e+01
2.169826743577438322e+00 1.272809980872877844e+01
2.172305414447912586e+00 1.272436000497386033e+01
1.692430828316756397e+00 1.261711621016494966e+01
1.810621976302865477e+00 1.267681782022645898e+01
2.343084989924704153e+00 1.275911723920595442e+01
1.706448362180524647e+00 1.265655409982410973e+01
2.479212179502754410e+00 1.281260027745526919e+01
2.469461571062427918e+00 1.325111856633068008e+01
1.979442938342684144e+00 1.140894459472174027e+01
1.961937010237815082e+00 1.164326628650836426e+01
2.125443650185200983e+00 1.227306245721053379e+01
2.124274236339064981e+00 1.228653632768861037e+01
2.191133039102760804e+00 1.303496132095973081e+01
2.022425457214636957e+00 1.077829572069509467e+01
2.052471356694401283e+00 1.045019349342025272e+01
2.178581747835854454e+00 1.222983812216180333e+01
2.198525597486648220e+00 1.220870198674202456e+01
2.105120387403152105e+00 1.110709711264641797e+01
2.037068457360722284e+00 1.183201335810050203e+01
1.496012673264693671e+00 1.204391398654138179e+01
2.050791589757531064e+00 1.116163242568669212e+01
1.259317726530030823e+00 1.143986620035858337e+01
2.043088358594683296e+00 1.071678554971467001e+01
2.454803833558750981e+00 1.281689460509567269e+01
2.505532457560531778e+00 1.300484966335251436e+01
1.693701599969750227e+00 1.240559336045662597e+01
2.338747695950896599e+00 1.238107971731326096e+01
2.350789550763366265e+00 1.217455954795916817e+01
2.787094788606655715e+00 1.302328341245782539e+01
2.603324474372104458e+00 1.238890142572390829e+01
2.581463850515937075e+00 1.252071190715554394e+01
1.924371399571867203e+00 1.224408493543406529e+01
1.938663754958107388e+00 1.179769984149427664e+01
1.949910461436973108e+00 1.223301586468373969e+01
2.025293082232189956e+00 1.183110347599660983e+01
2.031744839449057594e+00 1.235385611866220401e+01
1.718875379530866443e+00 1.243841743142747092e+01
2.398811919554149075e+00 1.214648056901225104e+01
2.469571483377529297e+00 1.189266476581408938e+01
2.680662773635627882e+00 1.311119177118937529e+01
2.364718111700384373e+00 1.190472512043960585e+01
2.568824575731631921e+00 1.250386208351003070e+01
2.450342808918975823e+00 1.278092453111044158e+01
2.434034971480928622e+00 1.208846543761892534e+01
2.080480237687535094e+00 1.092922874737777761e+01
1.991073082596893862e+00 1.109896021572090952e+01
2.180083113380032245e+00 1.224902703786218972e+01
2.269835570476088193e+00 1.214050131551355882e+01
2.516965793681765540e+00 1.289499500787038677e+01
1.721252266881791337e+00 1.215299126963113885e+01
2.227815161972505731e+00 1.179657768649582117e+01
1.610082678552254620e+00 1.196168798743251749e+01
2.027006462027661993e+00 1.057968308669550161e+01
2.021518400099365120e+00 1.064463296094543487e+01
2.042302992541338735e+00 1.135431762870900840e+01
1.052113573870236962e+00 1.117787999787531561e+01
2.575201309330561461e+00 1.247941630328250184e+01
2.693804808210487955e+00 1.352358271783653265e+01
2.797896621910550774e+00 1.332581837146230086e+01
1.803811513915933418e+00 1.256415969353264828e+01
1.998900983590545133e+00 1.246889196498746699e+01
1.691488518598243118e+00 1.106837973556438470e+01
8.177274124324492854e-01 1.011634770992315424e+01
2.231499863879683243e+00 1.105182629941273298e+01
2.212889880832854761e+00 1.120888391922573568e+01
2.241028801775066803e+00 1.086376260643497993e+01
1.649706410994923544e+00 1.241016977643194075e+01
2.253230173609657161e+00 1.221150724702398271e+01
2.111477899691137861e+00 1.236111894091487606e+01
2.168104619432142943e+00 1.142220508074446528e+01
2.162818070954159122e+00 1.144458723303911540e+01
2.585056281664706912e+00 1.225189674942749640e+01
2.500200006836656996e+00 1.247600085471671250e+01
2.096636043205137856e+00 1.230775281988214509e+01
1.918287629392161353e+00 1.253443496235468224e+01
1.470695660361298396e+00 1.230869244921393957e+01
2.083574290013930241e+00 1.238688184302002426e+01
1.624963972392603040e+00 1.269743070214952319e+01
1.694267328084549051e+00 1.271786349164681695e+01
2.215590769811503602e+00 1.190980142638125372e+01
2.182458666356335009e+00 1.200450404301783003e+01
2.270024084501734318e+00 1.183499783468581512e+01
1.724162907963666447e+00 1.230383176517512389e+01
8.517894056925083834e-01 1.048227057501849657e+01
1.332664551938279152e+00 1.070386742685513859e+01
2.355743164604763074e+00 1.133763008458007349e+01
2.209054541915956182e+00 1.292553164525432763e+01
1.627733386595067611e+00 1.266963331837634321e+01
2.525947189082144551e+00 1.219677867949856420e+01
2.073422473898494989e+00 1.119093474264806076e+01
2.268550225692476996e+00 1.229605521140745772e+01
1.992176536919168628e+00 1.246488226837550783e+01
2.502666727998282159e+00 1.201364551694185501e+01
2.538075278434789528e+00 1.287602397569491330e+01
2.320784736576814389e+00 1.233132554990952556e+01
2.449323067556586242e+00 1.209925185705377970e+01
2.408766350975691584e+00 1.295485942941978585e+01
2.126792673761309427e+00 1.287651651355275106e+01
2.021048729864674431e+00 1.163471512447008216e+01
1.955645347349017182e+00 1.112943202779490193e+01
2.318944868644566615e+00 1.188145558034228344e+01
2.269021041537530259e+00 1.217671442349375255e+01
2.140519997036806732e+00 1.318884500967808471e+01
2.141324386622509568e+00 1.318918084055089146e+01
2.190370698781769043e+00 1.130679398330857488e+01
2.269187292278181278e+00 1.103144204219116808e+01
2.122456236862357848e+00 1.128053622277426093e+01
2.102485312285343078e+00 1.143941826445916377e+01
1.340113865215119660e+00 1.132173342775266889e+01
1.292185306501703268e+00 1.167884818060217711e+01
2.302231133356821502e+00 1.247042423019632906e+01
2.046249458523130116e+00 1.146815287977518949e+01
1.661939370032106567e+00 1.213205250396444512e+01
3.285049201577536215e-01 9.733290530713240685e+00
2.232602834385085888e+00 1.104705093079926215e+01
2.172548547241436090e+00 1.125506421016168268e+01
1.818748310300987603e+00 1.179505917699702522e+01
1.895022939395854200e+00 1.262881216652748861e+01
2.317930516835757793e+00 1.264944931240410320e+01
6.651673350377751426e-01 1.122835180597052407e+01
2.489235089724864736e+00 1.348757187146710379e+01
1.596875728722597865e+00 1.266066794366642867e+01
2.097167679752153457e+00 1.107210030406370826e+01
1.855486940366173565e+00 1.146513357572168346e+01
1.900024752659113414e+00 1.155791475121608869e+01
6.646198305032408049e-01 1.081911722540863963e+01
1.899366283136870281e+00 1.149920733454824351e+01
2.057718976993036630e+00 1.124881591156843541e+01
2.107933893585462570e+00 1.080704287848212530e+01
1.909895255904160649e+00 1.115557649370381199e+01
2.006345305223516284e+00 1.093063866196597544e+01
1.898405758159450674e+00 1.228298181291364166e+01
2.071659427574617407e+00 1.280058018087239979e+01
2.073634911818515558e+00 1.198248924274341753e+01
2.524249961766091843e+00 1.248992791963668481e+01
2.449816620852226290e+00 1.283485527746719157e+01
2.269042874644708885e+00 1.106382414847677786e+01
1.840587843062401641e+00 1.134939108603918001e+01
2.318314476430021198e+00 1.122016060788486236e+01
2.241272040814169308e+00 1.222911487776951134e+01
2.253715216183065362e+00 1.205096983121617882e+01
2.309965095080335651e+00 1.204393576394871168e+01
1.518825050620928652e+00 1.162508690236571773e+01
4.330116734861229055e-01 1.086076396525290377e+01
2.090547794299689510e+00 1.297175555532754210e+01
2.328015200902867399e+00 1.315920837126466836e+01
2.034951544257209477e+00 1.140987690094867446e+01
2.007501131906536340e+00 1.166129424530535275e+01
1.137942166574754888e+00 1.115752063360186597e+01
2.111233314394924676e+00 1.150069986464776761e+01
2.051444466494623864e+00 1.131432567860619187e+01
2.207820498045296453e+00 1.107063559043539946e+01
2.094479545591227065e+00 1.288613021519738311e+01
2.126105455592462778e+00 1.179847249120256869e+01
1.516188575604996869e+00 1.221846124688389423e+01
1.547407014574329720e+00 1.209134076734895302e+01
2.264469440218590091e+00 1.177292785184400081e+01
2.208273829147868739e+00 1.306562056871854693e+01
2.461129832001740514e+00 1.254070282135724845e+01
1.806345959450119665e+00 1.190139034636842474e+01
1.735490514648138527e+00 1.185148363370652724e+01
1.645765907369349579e+00 1.249770036035863718e+01
1.662754073267534993e+00 1.262373607509397466e+01
2.268958735044567465e+00 1.279762893422426373e+01
2.748256569814465866e+00 1.310133856311909106e+01
2.587032371820958243e+00 1.329633005637960252e+01
2.460643575422329032e+00 1.205646780732592482e+01
4.500659771048721169e-01 1.086348923096530861e+01
1.516096348536327909e+00 1.145023858639551761e+01
1.998351739792627368e+00 1.079301751155601607e+01
2.165934526741788435e+00 1.172400305043264268e+01
5.687530304638687140e-01 1.011814496458690904e+01
1.774929086884775575e+00 1.212898806496711046e+01
1.836600619818726132e+00 1.237096480886866345e+01
2.182569962319059531e+00 1.237304039716740611e+01
1.978439873848357511e+00 1.166328135625511209e+01
1.291322352038072108e+00 1.167301703418977787e+01
2.005163187196884689e+00 1.132476395713228179e+01
1.821673430860374587e+00 1.136511711029677407e+01
2.221871072733903052e+00 1.151732334168234217e+01
2.414204370990892023e+00 1.305030336297003757e+01
2.003919359766826336e+00 1.179327137777370638e+01
2.220438784636604268e+00 1.128861164490554714e+01
2.447442251032532656e+00 1.325630019830265027e+01
2.361667038622533799e+00 1.327572998377883806e+01
1.540954886215636588e+00 1.166330142504789613e+01
1.943698394774045157e+00 1.127482888996336463e+01
2.135061343046268156e+00 1.193428096530542426e+01
1.862651878924966864e+00 1.242174893007033099e+01
2.071498216398865555e+00 1.271381543655184743e+01
2.517781443509269579e+00 1.256564452712112612e+01
2.560336830039308786e+00 1.212721765741910041e+01
1.013323901713718111e+00 1.203499862727965208e+01
1.838309498806883990e+00 1.132374440529943982e+01
1.560669445606115646e+00 1.171174440382223025e+01
1.836747869300171532e+00 1.187627267797452646e+01
2.225756067924870685e+00 1.206266029205086632e+01
4.386857108376684411e-01 9.534927008555566630e+00
1.257459956923271172e+00 1.168460653852403119e+01
1.208935620349076645e+00 1.123890358689727265e+01
2.359671982990581007e+00 1.242415324985617531e+01
2.345351918222505105e+00 1.248458467003557359e+01
2.307475719232059408e+00 1.252848128164299268e+01
2.081346577047621160e+00 1.226553454785912045e+01
2.237630483323739039e+00 1.226547300866795709e+01
2.100960608141297481e+00 1.127346572553198989e+01
2.175233483398456791e+00 1.086639342639744221e+01
2.132896731371094923e+00 1.089607378743296806e+01
2.087480825788970318e+00 1.125287417639471066e+01
1.860165680452513959e+00 1.220184724998935977e+01
2.029459435210829277e+00 1.220436981199859794e+01
2.059883530169952071e+00 1.245677660365977779e+01
1.935601175986443989e+00 1.124712356570833549e+01
2.227949465995240352e+00 1.110130915953245534e+01
1.203965375374396851e+00 1.086289649087506426e+01
2.419732138427638013e+00 1.195891507921695229e+01
9.947192671332200087e-01 1.107851749328077773e+01
2.091497059973256523e+00 1.221499407736898668e+01
2.283660962023134733e+00 1.200238794565938250e+01
1.898889017701979265e+00 1.256181199780361979e+01
1.878185497978988927e+00 1.294370454334463894e+01
2.515331579390008176e+00 1.243508610109994805e+01
2.325799513230006443e+00 1.268623709282075929e+01
1.574572541638385781e+00 1.104748698651226668e+01
2.056111714410370439e+00 1.143922546327505074e+01
1.955604795045416289e+00 1.158775014540685255e+01
1.646328169300123490e+00 1.252793044921182997e+01
5.586785779800446106e-01 9.829752007383735446e+00
2.276696231717665331e+00 1.312342178013654426e+01
1.539811449304145041e+00 1.182670553346447484e+01
2.265591594996418046e+00 1.206207281796138986e+01
2.347349633084597542e+00 1.156984248454464215e+01
1.791718726074657209e+00 1.202776497044513526e+01
1.257176642768895736e+00 1.181814549036599971e+01
2.697442580126780509e+00 1.331872061973246524e+01
2.754926727224105143e+00 1.317276509688618802e+01
2.166397928215673563e+00 1.306151915500010396e+01
8.500533134039542915e-01 1.137880120337821310e+01
2.559718592100077128e+00 1.227185192288440874e+01
2.107618990253403712e+00 1.138408275139441095e+01
1.946831790587431721e+00 1.176884047958081858e+01
2.366547388984847622e+00 1.202268778222612333e+01
2.197891861405666170e+00 1.230907691616689625e+01
2.343040775431947331e+00 1.171114985525719376e+01
1.768626579184306102e+00 1.194502119968089815e+01
1.557502690205685880e+00 1.174150182708806867e+01
1.051652379682871175e+00 1.187756963693572665e+01
2.561068120132280246e+00 1.291114020313361266e+01
2.728628458095742726e+00 1.280283453570530483e+01
2.300843106442199026e+00 1.224435425182115722e+01
2.380707586423332689e+00 1.189450352014911338e+01
2.033998887505325204e+00 1.136398120160176184e+01
1.764797196711975547e+00 1.172763929312483810e+01
1.850961692475902032e+00 1.210627788956164608e+01
2.254023770589367537e+00 1.136008081284374782e+01
1.533585294170438873e+00 1.206837997742957036e+01
2.069032918069648730e+00 1.178124375415968927e+01
2.066547950946613366e+00 1.125577044306292862e+01
1.950868463748888448e+00 1.166450657833295601e+01
7.324875005832502950e-01 1.075401610871482561e+01
2.069606185193414660e+00 1.097920276788429739e+01
8.704017125556277046e-01 9.851368610728549413e+00
2.284189150954935243e+00 1.249846358427375570e+01
2.158943246817987660e+00 1.273870979430392580e+01
2.265135895076378691e+00 1.190958694217720826e+01
2.331539989633962140e+00 1.216131506910351767e+01
2.163390292060034970e+00 1.156253869346542196e+01
2.044471588188839561e+00 1.181686190969604766e+01
2.295699467890729650e+00 1.303124753989024853e+01
2.291220169595394207e+00 1.230790496299593073e+01
2.560084962568335953e+00 1.317730903947115095e+01
2.574187296029157412e+00 1.311161017965864417e+01
2.357263464057686164e+00 1.218647209448937829e+01
1.764546350681890363e+00 1.237376442756896289e+01
2.136158537474776686e+00 1.178064732036132334e+01
2.156830008701310586e+00 1.162090562245825254e+01
1.967973656082058653e+00 1.138196850508783697e+01
2.075644871805872427e+00 1.113502177842527807e+01
2.557002243667050756e+00 1.294809054504161772e+01
2.063444091256672497e+00 1.107945856297585152e+01
2.204240339269611493e+00 1.138274239450516845e+01
2.168204606347818864e+00 1.153069317982784092e+01
2.047117907245137758e+00 1.264396825266176805e+01
2.178442468441286639e+00 1.177321100020528455e+01
2.182771632973099507e+00 1.270562287735956275e+01
2.119853283826467649e+00 1.112956319800328231e+01
2.122253162020020234e+00 1.104122020057110554e+01
2.459481657739162053e+00 1.196006210930182867e+01
2.350001609648620704e+00 1.233389932388984178e+01
2.369131894623171863e+00 1.199703282954720152e+01
2.341916416289515190e+00 1.223524617916095991e+01
1.043967248436981299e+00 1.130463949321043060e+01
2.114185054116767493e+00 1.088802107908809980e+01
2.117406513150258629e+00 1.172292980807200813e+01
1.955529046241539337e+00 1.146395119319808131e+01
1.744031903965931551e+00 1.171227069441126645e+01
1.750364774473576190e+00 1.256314658324488498e+01
1.939887973877735261e+00 1.127632915280311643e+01
1.918259410096652351e+00 1.141099566236025353e+01
2.342575134790558788e+00 1.266167114783793402e+01
1.965819528552396944e+00 1.285011542606892299e+01
2.509044410786770207e+00 1.277829624833686317e+01
2.307905304124656887e+00 1.295670940163150497e+01
2.339140259915467368e+00 1.204253860059955450e+01
4.252152529438198991e-01 9.268365499953871378e+00
1.804589478854181195e+00 1.233648332495671696e+01
2.176282304145906288e+00 1.171316047841081343e+01
2.421805334701720547e+00 1.269076965333370310e+01
2.529506222081761901e+00 1.243414438885629636e+01
2.107525816702809696e+00 1.149863430301988210e+01
9.337800087456934461e-01 1.172293523466190734e+01
2.074068878058608512e+00 1.198244486956345867e+01
2.017738982313741491e+00 1.267298427985851639e+01
1.822502368492328273e+00 1.267630731970544389e+01
2.090847058570707073e+00 1.116024898943118338e+01
1.792069585293770029e+00 1.158999424976773263e+01
2.222485786733131352e+00 1.118697292058377002e+01
2.106446123776946955e+00 1.151543515729717448e+01
2.652337423051486454e+00 1.301865768096816645e+01
2.669979458733374500e+00 1.290568009297528995e+01
2.492064567291377042e+00 1.273859377571885432e+01
2.238607490416713919e+00 1.293618772236014003e+01
2.211720604524325395e+00 1.263544044106037667e+01
1.770208032519414498e+00 1.266295857784167112e+01
2.855961598472552598e+00 1.345357033086840559e+01
2.855531505697797900e+00 1.346685574021210385e+01
1.969184890791146003e+00 1.081474451960810690e+01
1.359322967439736463e+00 1.205613284597644963e+01
2.168413391527203249e+00 1.230954306956518529e+01
1.859842035501986679e+00 1.275242888281019482e+01
2.543433996316117440e+00 1.318052804588284310e+01
2.785714463024166143e+00 1.315241154327284079e+01
2.590286038021627490e+00 1.296164669406785386e+01
2.675368092060832481e+00 1.252982282892162402e+01
1.607488436205937177e+00 1.231875820737073113e+01
1.155400437552831505e+00 1.192804541226408155e+01
1.209160765136262583e+00 1.201277356642965444e+01
1.474720331042254973e+00 1.101040878648610288e+01
2.222803240004732839e+00 1.099812126515129762e+01
1.966860979715448376e+00 1.279771138678742304e+01
2.628887820581853330e+00 1.325734734808943394e+01
2.554856488482185384e+00 1.336955780284056416e+01
1.781640666251429916e+00 1.254625997804509474e+01
2.093374424262870903e+00 1.272492396561823469e+01
2.272510935736501203e+00 1.291710205308535642e+01
2.597665193262072680e+00 1.288288914784597239e+01
1.588821747525055450e+00 1.211206571497433160e+01
1.982628049911248969e+00 1.145945670072473632e+01
2.261283158303009966e+00 1.120979772995707791e+01
2.265019985066995201e+00 1.148504480192649702e+01
2.054217607638309406e+00 1.279713400312845906e+01
2.034638579481816922e+00 1.278620765504640566e+01
2.687977883049339045e+00 1.258098658109762980e+01
2.133020208467502954e+00 1.295981283833025444e+01
2.591908973505130387e+00 1.262331186576075837e+01
2.698503713188348918e+00 1.283793195848700996e+01
2.285834288317042606e+00 1.313961466535280920e+01
2.635749918734196839e+00 1.325758180086781479e+01
2.345444993685610324e+00 1.339437672537793844e+01
2.184158592194561432e+00 1.315671718252646905e+01
2.132626900394166025e+00 1.311952572131503203e+01
2.287068729577752091e+00 1.232629644232608079e+01
2.380764701388645044e+00 1.275331166416310680e+01
2.489957974574939836e+00 1.248793083351781164e+01
2.318597473475054738e+00 1.217957746718675338e+01
2.498845854348457518e+00 1.271704206398483450e+01
2.023801448610647924e+00 1.183768604835642968e+01
2.235503517577041688e+00 1.126657595669257539e+01
2.392097773723845577e+00 1.166692518234254372e+01
1.972001310459905676e+00 1.086531503945674260e+01
2.057150899001149558e+00 1.050744279753897814e+01
2.186425427779228770e+00 1.153595076477012604e+01
2.171613045628101535e+00 1.170654476569103153e+01
2.614998582723309095e+00 1.293775855554103771e+01
2.641314544066048597e+00 1.287401045679808753e+01
2.117676456472364244e+00 1.276589352848852066e+01
1.996359372646067554e+00 1.069022577062435531e+01
1.933992204107177315e+00 1.105550019035169385e+01
2.482694001688623864e+00 1.277249162278837069e+01
2.520340238612386763e+00 1.263824894320890024e+01
2.720731922586017149e+00 1.286679434376864961e+01
1.782215420032369435e+00 1.251952454973121931e+01
1.523527511221607345e+00 1.180191821823465403e+01
2.322186202306864899e+00 1.198819921046905179e+01
2.159398549893316588e+00 1.179410280356619012e+01
1.865113872371353176e+00 1.196514750323024856e+01
2.238756276284720403e+00 1.230690777721937579e+01
2.276150384480905231e+00 1.200145167609525565e+01
1.842993202174022960e+00 1.166531467019317247e+01
2.236815871399915778e+00 1.201815785972090467e+01
1.754278982023891320e+00 1.199339207388483963e+01
2.590216652494629734e+00 1.310953863702744471e+01
2.550223940393086863e+00 1.315223660348170931e+01
2.410542292321196101e+00 1.188836393986226803e+01
2.294948772408295312e+00 1.220574521095645615e+01
2.117349520206185609e+00 1.205898179188036323e+01
2.129968193243959806e+00 1.155867130854768021e+01
2.079079675837451902e+00 1.174465754711883569e+01
1.956793780730723409e+00 1.158332814074109862e+01
1.356208160517536232e+00 1.259381256706727825e+01
2.038985834733337832e+00 1.176122749476033214e+01
2.333639414916685695e+00 1.199344480241597921e+01
2.181479135519826418e+00 1.213159674841703861e+01
2.519721896703632336e+00 1.312578607765054528e+01
2.005217028985555761e+00 1.208022715344071862e+01
2.276472214743936906e+00 1.220097584878927321e+01
2.118554147502473839e+00 1.222099226673000949e+01
2.195849463782332034e+00 1.101707933891063718e+01
2.347895240887359680e+00 1.250284175969246725e+01
2.248193814140337032e+00 1.248226244730922474e+01
2.706985034244572930e+00 1.330769165303439650e+01
2.782758285896078210e+00 1.299960318839075768e+01
2.349972317669289268e+00 1.158489205041059300e+01
2.342985683764010840e+00 1.173201378711263665e+01
2.224995432731922129e+00 1.280768762590968279e+01
2.386997276192360573e+00 1.262674461409640259e+01
1.890514092338166918e+00 1.120558146693999113e+01
1.985958118485644741e+00 1.087198711703133469e+01
2.512010359154863703e+00 1.349810285172410573e+01
1.513530546757420048e+00 1.252637345062494489e+01
2.138519511811566076e+00 1.134246291168142307e+01
2.421671081433625528e+00 1.223543481273712175e+01
2.053954609206048332e+00 1.179332223776766853e+01
1.489982477516700765e+00 1.173429999339970031e+01
2.188843068584489959e+00 1.167148688457938910e+01
2.353734335370159414e+00 1.207173340140481521e+01
1.560404318066788365e+00 1.176255079631544653e+01
1.911940264318742644e+00 1.238584835825582076e+01
1.760324492355947124e+00 1.184747222618835494e+01
2.215150669275832485e+00 1.192422942045799239e+01
2.069939895604989921e+00 1.133126253125913863e+01
2.255408603471375617e+00 1.276738222950217505e+01
1.626212714772585111e+00 1.248048142784305803e+01
2.367537382774985488e+00 1.292884042415218815e+01
2.368208937790533319e+00 1.292716174554816533e+01
2.451593150575989810e+00 1.265828079931225325e+01
1.804143784221721614e+00 1.280074071381707235e+01
1.379517618786382904e+00 1.237843506234710134e+01
2.022701773729541852e+00 1.206500080387235663e+01
1.944841127668548442e+00 1.234003032566192104e+01
1.760545891114047468e+00 1.249609829887541856e+01
2.144056066593369447e+00 1.273696642692785197e+01
2.416338721711693172e+00 1.263730557797329013e+01
2.058570445023696571e+00 1.067154768679161947e+01
2.069012842829174303e+00 1.052005211172942545e+01
2.040642760632660924e+00 1.133279757462617887e+01
2.101545400512797368e+00 1.231443166333591499e+01
2.513270957480552958e+00 1.214323235939598256e+01
2.099429261141761316e+00 1.148241394420567474e+01
2.210625898851097837e+00 1.175019656555481262e+01
1.917071451969693641e+00 1.172056511590377248e+01
1.509456540807008418e+00 1.138814799909738440e+01
2.333258922863868712e+00 1.190631420377467009e+01
2.037346621314052975e+00 1.175094946957640651e+01
1.881905871959670851e+00 1.231098013537940972e+01
2.331677677083378253e+00 1.192065799460347719e+01
2.565816875575383627e+00 1.315256773146116842e+01
2.644906168898097043e+00 1.300818115163392363e+01
2.499034031460294347e+00 1.305940308825184637e+01
2.122921658206442519e+00 1.306391893478100386e+01
1.476372348768504983e+00 1.118764612279976234e+01
2.179459292722021768e+00 1.173916821655418907e+01
2.527389248407701405e+00 1.213626190608064093e+01
1.644926391033183055e+00 1.147768928831087898e+01
2.363882825930734732e+00 1.172543630163993278e+01
1.709510828421522799e+00 1.156732006025498194e+01
2.379426428824717998e+00 1.194289008137007713e+01
1.980409543128611505e+00 1.137867537148301800e+01
2.243583604285643407e+00 1.103736701018311983e+01
9.680392574166678532e-01 1.168806915382384304e+01
1.991451311947053382e+00 1.116151421976360325e+01
2.355019124398626928e+00 1.311856586880087860e+01
2.473726944467637079e+00 1.292520396640495584e+01
2.369121148923178488e+00 1.214923291096906688e+01
2.024787132248679455e+00 1.268988768622981667e+01
1.710731981193387208e+00 1.245650350621367863e+01
2.349823889793409393e+00 1.246027255974068737e+01
2.394609426210576153e+00 1.189702781361031647e+01
2.141044120052945310e+00 1.156678837991574582e+01
2.108867568655425462e+00 1.164513504176827219e+01
2.371671795060471322e+00 1.191095142552142683e+01
2.319165118347482846e+00 1.213691198768226442e+01
2.109585145332278699e+00 1.122149679179932491e+01
2.037692384088171327e+00 1.150049803000127469e+01
2.061330745160327549e+00 1.137616611385487708e+01
1.588653207104764320e+00 1.185164111845557144e+01
2.298547357826116855e+00 1.133882307192391536e+01
6.951726558277891987e-01 1.194784853459631258e+01
2.047825420024561360e+00 1.177401052485662980e+01
2.403252817715583856e+00 1.304283290502824499e+01
2.553459588998313823e+00 1.270416167207988067e+01
2.506008116091299698e+00 1.294242607737968598e+01
2.423525330929256594e+00 1.311240797115399559e+01
1.619104084845219393e+00 1.256096978552028354e+01
2.063164994272034480e+00 1.199381142673916933e+01
2.088871864199147055e+00 1.155731331499504577e+01
1.925980983270573876e+00 1.197111618962780533e+01
2.041892539473693091e+00 1.148449897492486294e+01
2.235391031568635167e+00 1.137838742583875984e+01
1.370837646353211259e+00 1.111136614552400559e+01
2.255118769507339582e+00 1.111160260107885733e+01
2.136522853840390646e+00 1.203192457464414034e+01
2.063947995446220318e+00 1.218548134470367117e+01
2.299836412512466399e+00 1.201144175684885518e+01
2.327164603653539832e+00 1.192265632037973688e+01
2.432432001634805108e+00 1.278446592283749439e+01
2.069288736695092723e+00 1.055378349706637131e+01
1.501014307858504537e+00 1.115104465161922320e+01
2.229237170722418337e+00 1.278830193489984524e+01
1.983723646729122603e+00 1.298828006373319965e+01
2.241550683674936817e+00 1.267851141964918860e+01
2.181083038208666558e+00 1.153325947259361683e+01
1.210669877442512865e+00 1.095811014557696872e+01
2.620007869263412559e+00 1.284734963959498799e+01
2.376989166328364433e+00 1.302626504709118826e+01
2.212692255246516915e+00 1.286185444599715488e+01
2.530521283391239606e+00 1.300948205741676311e+01
2.050104312006356899e+00 1.185380616398530229e+01
2.047110506330199975e+00 1.106335687532015299e+01
1.148625997735239546e+00 1.213445180822128933e+01
6.228979154492745307e-01 1.132755579883978747e+01
1.521563262549203488e+00 1.213364842947239275e+01
2.628436380650193804e+00 1.279749944849183052e+01
2.214414814113747632e+00 1.192140900071631471e+01
1.860169322251447488e+00 1.246821060424422889e+01
2.242218301706115913e+00 1.111341659768063117e+01
1.400733869097179340e+00 1.133353002710531854e+01
2.378512006356622521e+00 1.282638472907593474e+01
2.537090823636386716e+00 1.256680149047305761e+01
7.469169194008313806e-01 1.059763319348239108e+01
2.110048973909706138e+00 1.147272280122994204e+01
2.540573079663024370e+00 1.297497709329356219e+01
2.163355011069194589e+00 1.090535393151931842e+01
2.166058270950869336e+00 1.089233085115878907e+01
2.032548767426888059e+00 1.197858389808329527e+01
2.059164843538476397e+00 1.198474773826993456e+01
2.687911166080333203e+00 1.320433879456558302e+01
1.613176749134757504e+00 1.207926978885547875e+01
1.279343157196466851e+00 1.158897982893338607e+01
2.096402202306674845e+00 1.119227699867156645e+01
2.066239194396362944e+00 1.136873746164045684e+01
2.281731464585142088e+00 1.213705114328420720e+01
2.319438509220189459e+00 1.195291701048356714e+01
2.243373755370630551e+00 1.236264536763745348e+01
1.974739731444513424e+00 1.284752382601523557e+01
2.488715299881949061e+00 1.254422940200678305e+01
2.277104984483805161e+00 1.147809684855328349e+01
2.271734701109827448e+00 1.153503330954965733e+01
5.838099365076382385e-01 1.062039712328708418e+01
2.821334701163348502e+00 1.314592002048175523e+01
2.193471819674486678e+00 1.323526825547531871e+01
1.951412841548144428e+00 1.208304769869399031e+01
2.076059903874041268e+00 1.162797531461374589e+01
2.399691518844916160e+00 1.248617322806636132e+01
2.594253964889084330e+00 1.253341213213514926e+01
2.426015330197635933e+00 1.281826854395452742e+01
1.902263120784239092e+00 1.134000740152199249e+01
2.407421971108687941e+00 1.291349471496952184e+01
2.469305268418831911e+00 1.278992023682058132e+01
1.947067612869736619e+00 1.225255657457545411e+01
2.290175779310012594e+00 1.191292289417061490e+01
2.312849117024217804e+00 1.145304803463477406e+01
2.317840577324762119e+00 1.142989343462392071e+01
2.488548168862580123e+00 1.207246698476830815e+01
2.471396042509393265e+00 1.226794276998262312e+01
2.176168427797597449e+00 1.165742547344418156e+01
2.062775825774505467e+00 1.166902131954092070e+01
2.092430380649576982e+00 1.162708429418595735e+01
2.589954692642845391e+00 1.267878861656275724e+01
1.653289237278398049e+00 1.240625245489503037e+01
2.265031665695961482e+00 1.130930322946539235e+01
2.268112600424877723e+00 1.127564144020252890e+01
6.395516587609442194e-01 9.541793480506976621e+00
1.992669370380791172e+00 1.100102220362964722e+01
1.974814823335805158e+00 1.111514784034175030e+01
1.813063956839799040e+00 1.122349174475387201e+01
2.106229188911912242e+00 1.195231684783734671e+01
2.103279207284785901e+00 1.195328728876170210e+01
2.584135567649829657e+00 1.281381256156429416e+01
2.513909959890398227e+00 1.306233392943255112e+01
1.058038065060585842e+00 1.080539755860740847e+01
2.092337160509837535e+00 1.161116185866744566e+01
1.887890004673063338e+00 1.227190087412882669e+01
2.047482378408380654e+00 1.241668874901985120e+01
2.218123269277195941e+00 1.110426392481087277e+01
2.265217794894086367e+00 1.078227839866424631e+01
1.784606115086592393e+00 1.215028096003176472e+01
1.141806915695186442e+00 1.210286065060323324e+01
2.147842735429379868e+00 1.160459304741227982e+01
9.074514797664832155e-01 1.128413114588297717e+01
2.578066825965290132e+00 1.277755474361112142e+01
2.551141100010248852e+00 1.196057987149218960e+01
2.004837037849894088e+00 1.222192240607647484e+01
2.402618321951950353e+00 1.349325381301592408e+01
2.631788861303947957e+00 1.360628744657140388e+01
2.043461251943478718e+00 1.231571648325946633e+01
2.230299230351832307e+00 1.196933637842413312e+01
2.413740646896794573e+00 1.263286674744018079e+01
2.463069817984134158e+00 1.236798269221493030e+01
2.067133236190292767e+00 1.170374123780655395e+01
1.998995039950409280e+00 1.174297871496637669e+01
1.651510292250246037e+00 1.250516414923428243e+01
2.340289470969384666e+00 1.169536587240770231e+01
1.791843100425674296e+00 1.225419311800931865e+01
2.345955775736290327e+00 1.174943325503319791e+01
2.380210458679223873e+00 1.211751638438791012e+01
2.169136161261035145e+00 1.176797822702341989e+01
2.152746182268802322e+00 1.189853643054627774e+01
1.904182382274470564e+00 1.275889190086435576e+01
2.409243909243912629e+00 1.251371105797664463e+01
1.843784913252185520e+00 1.230777368731178179e+01
2.597931061544308751e+00 1.277286942219275545e+01
2.255165875803456288e+00 1.277773773734795348e+01
2.362624752672799922e+00 1.252067498188326589e+01
2.204422796707495191e+00 1.125138049897115522e+01
2.049822450250024630e+00 1.142641310491899809e+01
2.568655968623007269e+00 1.325399092878515361e+01
2.506194804717769120e+00 1.333202545342113332e+01
9.195571548952377050e-01 1.088730897745322679e+01
2.265126235406804689e+00 1.160030075420693052e+01
2.418641506858703050e+00 1.180747041294235444e+01
1.229868749163987252e+00 1.080537765929708094e+01
1.929443716325734970e+00 1.168055573702239691e+01
9.159143618104681472e-01 1.202552831906198527e+01
1.788720160753272115e+00 1.180264554903341079e+01
2.234258161387193464e+00 1.144842670153798458e+01
2.441561536101211960e+00 1.302336995151536314e+01
2.424183809189161209e+00 1.302841919199265774e+01
2.216349222902653349e+00 1.199661119181897639e+01
2.216172665353891791e+00 1.199834804730308413e+01
2.356116053463314319e+00 1.185646684592636824e+01
2.493502149226614062e+00 1.215493195271444726e+01
5.556399118845547491e-01 9.907405848778459756e+00
1.582373717143791270e+00 1.215275290895680271e+01
2.594486509108227423e+00 1.255798381809778519e+01
1.933949171076552176e+00 1.177995704629715057e+01
1.334743197031841300e+00 1.197748512787421760e+01
2.202279247884952440e+00 1.216663997566286248e+01
1.891813101977242617e+00 1.270760861582802548e+01
1.973308096907182341e+00 1.232427177245818761e+01
2.113222859958405753e+00 1.226586095580911717e+01
8.305799001009952498e-01 1.164763024546169490e+01
2.437504345497921499e+00 1.195496753544843038e+01
2.156078142858553814e+00 1.174433459809478819e+01
2.343368392663681465e+00 1.187881766020652385e+01
1.726676249864773860e+00 1.216624042520980353e+01
1.947513899009480909e+00 1.227618059897960201e+01
2.575708991978935547e+00 1.265088674202353758e+01
2.396663279253004930e+00 1.298508629212614451e+01
2.182613772228727544e+00 1.105789945706166577e+01
2.239628040033423861e+00 1.073157191760564722e+01
2.320880967607952705e+00 1.160396484138438034e+01
2.257515142663204522e+00 1.194685577826755818e+01
2.143274551660564242e+00 1.172938294741534371e+01
2.148776739753712750e+00 1.163013670945095512e+01
2.266185977306249377e+00 1.284649904925914399e+01
1.919255097865304238e+00 1.155321900262124757e+01
1.340364080932788138e+00 1.162790341354294021e+01
2.431899413195377502e+00 1.334388515808360687e+01
2.116395074952767796e+00 1.212992452365788409e+01
2.030003586506467173e+00 1.244306963063525195e+01
2.132770755725221790e+00 1.107474043098429384e+01
1.884579442320198917e+00 1.141019455690006090e+01
2.016367145047031073e+00 1.131063366701110695e+01
1.343013760607654206e+00 1.143097389911965500e+01
2.054656628543814811e+00 1.186359332485268858e+01
2.293162083251155448e+00 1.154451867361998119e+01
1.441383873339128652e+00 1.178016352491249563e+01
1.931256767923049678e+00 1.251939651631169070e+01
2.728550124626965001e+00 1.329456589907413644e+01
2.319618253468697766e+00 1.345634861042770147e+01
2.368972857463903292e+00 1.215332574693665890e+01
1.905495685392529337e+00 1.136245145978342563e+01
1.732789381888916180e+00 1.146441301306166238e+01
2.136343141777710120e+00 1.170972867589133060e+01
2.024672633447750947e+00 1.195310162684396893e+01
1.950813889708046922e+00 1.112051148537749512e+01
1.993371779455936021e+00 1.101994418968701517e+01
1.207741253632163891e+00 1.252993285133719503e+01
2.288637474506207248e+00 1.158553760789114584e+01
2.269800691296249173e+00 1.162528889654717723e+01
2.087211491938319785e+00 1.145185908733262004e+01
1.966270604089077390e+00 1.187846474501928817e+01
2.275475540568445254e+00 1.206194058855601270e+01
2.226809532939067804e+00 1.239276649484248871e+01
1.103506926285805045e+00 1.153104953413217970e+01
2.241800610827042739e+00 1.155045340290964617e+01
2.287715959744764493e+00 1.127158675650960085e+01
1.543551702268648018e+00 1.182234144015960631e+01
2.036761433013181133e+00 1.139048603893012235e+01
1.458496445067815506e+00 1.181359423106284900e+01
2.254753151233320985e+00 1.163424503763282125e+01
1.563077814299273172e+00 1.188078651229026583e+01
2.150344134115310890e+00 1.230233365529335288e+01
2.151350183240039460e+00 1.230056475832851071e+01
2.280238079494456560e+00 1.213516997019646659e+01
2.704507366006578817e+00 1.302315410920794569e+01
1.979556226613498948e+00 1.205139258763741417e+01
1.304458189102385868e+00 1.125833285749906665e+01
7.831685639206025229e-01 1.093241869311846060e+01
2.044554462796619454e+00 1.116075603671311178e+01
2.580107671340863273e+00 1.355588800311559261e+01
2.138453796695998665e+00 1.240383801183238788e+01
2.081057926715555784e+00 1.240833588095736673e+01
1.709624876013208228e+00 1.198263281405025360e+01
2.015754873367423983e+00 1.164257970292426236e+01
1.771409794755353095e+00 1.270235106340890319e+01
2.383909634487000773e+00 1.252178059987164360e+01
1.981633178450748822e+00 1.145297159202569937e+01
2.060415075840061672e+00 1.115313837893780757e+01
2.523534178354082780e+00 1.278665569483377062e+01
2.173992746899099604e+00 1.301218272933270548e+01
2.590091644964143569e+00 1.273961861267254925e+01
1.919844829057282043e+00 1.201529768457522351e+01
2.489789512630634416e+00 1.243338274479012284e+01
2.545408837740007257e+00 1.218519821475627829e+01
2.212966332711523432e+00 1.259466553003004741e+01
2.645554445603883309e+00 1.242526481204237321e+01
2.575591812151842852e+00 1.216040309895855387e+01
2.573264379630947118e+00 1.218239687871889920e+01
2.241424044833119744e+00 1.155935764364327234e+01
2.214363715991684689e+00 1.165835842896702523e+01
1.982081603719583862e+00 1.208296659908832993e+01
2.381114114293477080e+00 1.191976838239844128e+01
2.428263640661139089e+00 1.165384768099590396e+01
2.052113267905415928e+00 1.114974386130498019e+01
2.129221136822427862e+00 1.259576008849377793e+01
2.040098528570067682e+00 1.263546896996371238e+01
2.801285842888834310e+00 1.357080668885897623e+01
7.485837552243950199e-01 1.083449620130210356e+01
1.309924784549426180e+00 1.213070780628502554e+01
1.879072008007337979e+00 1.185951931078747101e+01
1.853040072551333406e+00 1.219328942800905757e+01
2.104946312501753791e+00 1.180766449316880262e+01
2.386596816470569316e+00 1.222877174053130922e+01
2.405518448567088630e+00 1.215493368050946543e+01
2.224230513701080270e+00 1.180940406395166598e+01
2.111286738709075017e+00 1.197703011767788084e+01
2.148053075653765909e+00 1.207546232848793544e+01
1.055366586356493830e+00 1.047803390441725568e+01
2.537802918535458030e+00 1.260951015738388925e+01
2.519475891752577468e+00 1.263273581117579702e+01
1.817251714320832212e+00 1.161697219063485420e+01
2.035133471155080365e+00 1.077772137745313330e+01
1.398198804218435232e+00 1.175865696997720278e+01
2.183698262902335596e+00 1.276163014303078924e+01
2.405186520411640494e+00 1.264201305308947632e+01
1.842846660303112616e+00 1.107467145027584543e+01
2.025638495486005830e+00 1.066304094314869211e+01
1.221535051741894362e+00 1.125432369312600045e+01
2.214553570274961025e+00 1.222318199547847684e+01
2.342218223639972674e+00 1.298582455725548357e+01
2.553975577957674048e+00 1.284247880547471610e+01
2.330775885374867684e+00 1.220452168867460507e+01
2.332507233199829333e+00 1.209883620767167223e+01
1.969735132873811523e+00 1.156397065904998023e+01
2.128799057123172300e+00 1.115893887430936537e+01
2.352893198318628087e+00 1.216489884020790946e+01
2.067106575468744989e+00 1.202694181569425069e+01
1.680816534622996183e+00 1.174328621473619982e+01
2.520804182546313221e+00 1.318537611688927669e+01
1.505460175727879379e+00 1.236829326932577011e+01
2.330499733782907867e+00 1.189934707901136690e+01
2.385751348721591114e+00 1.161981787175636960e+01
1.887931734577458442e+00 1.212223903862456176e+01
2.490250620490255695e+00 1.211127932899057669e+01
1.540236823652660236e+00 1.141481014677198580e+01
2.512721908097811152e+00 1.243372487921305236e+01
2.446626074572288090e+00 1.268206502447778128e+01
1.926414760985407426e+00 1.241710736089904366e+01
2.587366139685897348e+00 1.244684162990753684e+01
2.548643113097418311e+00 1.300937272825477820e+01
1.011015794986483085e+00 1.141447383221021816e+01
2.235386329364927427e+00 1.144645293821754173e+01
1.902762038100179298e+00 1.200970542115581630e+01
2.188833683523378149e+00 1.127423288332875551e+01
2.229518593883426991e+00 1.102029166303591978e+01
1.868443920859480745e+00 1.223327016561673730e+01
1.983724870266974527e+00 1.213224892471472494e+01
1.872051849278695945e+00 1.120104375645733263e+01
2.041645361292812932e+00 1.098608901023226636e+01
2.218408148696283000e+00 1.127602803682533406e+01
1.416163238593124651e+00 1.096015553906500095e+01
2.477117363996701460e+00 1.179004032974358473e+01
2.471797529218044076e+00 1.190266827822802398e+01
1.398474736663800400e+00 1.234730367824753472e+01
2.236069761412425638e+00 1.295012399033955930e+01
1.761591399380384004e+00 1.156026020062432202e+01
2.185014893133937264e+00 1.275719005070248180e+01
2.228450413958015908e+00 1.268590007940367848e+01
2.089928567210467492e+00 1.177753525406472335e+01
2.120685738157736200e+00 1.041623621972015812e+01
1.688933036861975934e+00 1.194406662993800872e+01
2.357431152197221991e+00 1.175408400315275692e+01
2.308654771000179018e+00 1.174777767749350943e+01
2.144043582248771784e+00 1.234648542622014489e+01
9.198219129363972568e-01 1.203114687022927498e+01
2.237023219606200986e+00 1.355819590219471316e+01
2.578082860938054388e+00 1.382439445971441749e+01
2.012076246187422424e+00 1.189190782206373598e+01
2.420249207904988431e+00 1.175581012654355106e+01
2.383598938877542039e+00 1.201769860337290474e+01
1.902582019797910418e+00 1.237590155455278307e+01
1.624768422739796714e+00 1.207113766517723263e+01
2.003322910036943849e+00 1.181156713216546983e+01
2.023882542086066216e+00 1.183534891814774426e+01
2.031541230809947418e+00 1.040847679388382296e+01
2.137622213647809577e+00 1.143476047631522796e+01
2.324719745932601445e+00 1.164636471165727549e+01
2.482841828375383475e+00 1.245775771006462840e+01
2.477561343175926023e+00 1.247478650224928742e+01
1.627856870936656319e+00 1.183679027232390091e+01
2.017524827993621983e+00 1.167274630389981205e+01
8.166595247147286907e-01 1.176476639133232638e+01
2.329012378069523326e+00 1.169171665307142760e+01
2.147431915471547104e+00 1.105375502436415758e+01
2.636298997745257999e+00 1.304917754852379908e+01
2.611460269914917642e+00 1.308786868203740106e+01
1.576467004450387455e+00 1.252302081107384346e+01
2.323021406027984792e+00 1.298432098383871214e+01
1.440339613087851411e+00 1.145216022727144356e+01
1.892111694942631095e+00 1.183755789385206825e+01
2.005614755411740280e+00 1.241732508175290128e+01
2.324115763590323347e+00 1.197598391510733862e+01
2.049412898508653047e+00 1.097491577986495948e+01
2.113281787538863199e+00 1.187091027263057263e+01
2.130045006604072366e+00 1.184077550160470338e+01
1.611193615885704533e+00 1.170230937941956029e+01
1.603330856438590413e+00 1.139503195770279653e+01
2.311820491516159759e+00 1.168515297181009061e+01
2.529601415554015631e+00 1.244536516405519500e+01
2.555446214410389327e+00 1.226444780802803081e+01
2.595515462463265699e+00 1.293026067696767001e+01
2.449121143487516417e+00 1.217926329321806023e+01
2.581244765264628427e+00 1.308431536857896305e+01
7.511021743092055614e-01 1.065087152886131250e+01
1.606344700691491267e+00 1.207538440268155711e+01
1.910668675564632268e+00 1.201380632985026331e+01
2.032570961275572241e+00 1.161562811988216737e+01
2.414258571760757643e+00 1.215867104211636551e+01
2.374475548927759139e+00 1.202939735772918617e+01
2.292244948967363083e+00 1.232791091265433003e+01
2.086274694115988648e+00 1.178942382751417028e+01
1.744324464948482145e+00 1.157764991603452565e+01
2.374647989583568819e+00 1.174567224904628659e+01
2.251630068806522278e+00 1.219615309511341472e+01
2.179887911789145427e+00 1.235573973480382648e+01
2.353315632658956602e+00 1.216341243078207590e+01
8.672722497426683663e-01 1.159844860588881410e+01
2.178009025922347242e+00 1.212562353104160806e+01
1.054433636815199415e+00 1.172061402625702975e+01
2.168656133240553174e+00 1.223087674582527029e+01
1.184361894594933018e+00 1.138262961989250677e+01
1.538438854371307229e+00 1.158625755750092701e+01
2.543014455778262572e+00 1.285592888007783330e+01
1.773915183310938781e+00 1.183913153274539809e+01
1.920113218346890971e+00 1.242026848856295196e+01
2.240607404661985491e+00 1.159827243604349256e+01
1.761741815163021307e+00 1.260360051721033159e+01
2.015823899760240234e+00 1.247566320422305530e+01
2.133405293171405148e+00 1.119005180344517747e+01
2.209618277015045873e+00 1.086817073753653240e+01
2.240808575374150902e+00 1.192110045086459102e+01
1.923384644712206715e+00 1.213634418575337826e+01
2.190282115292047305e+00 1.180951730951294820e+01
2.604542203034741377e+00 1.285025282616125430e+01
2.603431866514201776e+00 1.288047252694449085e+01
2.030800389279460827e+00 1.236511404444495987e+01
2.356970392389877933e+00 1.238194922357988048e+01
2.076053806646166677e+00 1.172761538539134740e+01
2.020567193817742524e+00 1.099964745931722021e+01
8.985991003234334862e-01 1.117062749510666109e+01
1.999064515646146178e+00 1.070125128696362182e+01
1.870163100412016943e+00 1.123760035139791036e+01
2.243986586238027936e+00 1.242836724200318343e+01
2.296196101594478733e+00 1.211786480375638497e+01
2.242242572607347384e+00 1.130753272055083869e+01
2.073365104479814924e+00 1.178349537079849263e+01
2.575881366508868453e+00 1.298627588359865648e+01
2.408208408741590922e+00 1.318399187328395250e+01
2.207084662450164103e+00 1.227955986916903619e+01
1.924615939353518934e+00 1.232200343499385298e+01
2.375720621086953699e+00 1.320009551664023384e+01
1.960531855821898262e+00 1.274410945034195741e+01
2.045673935020444034e+00 1.232562742628580210e+01
2.022855469405863360e+00 1.229671464840675732e+01
2.123466036966355386e+00 1.219236097723302237e+01
2.387107520457841137e+00 1.248546448331290826e+01
2.146857828246133248e+00 1.273069005133119092e+01
1.512796072907165890e+00 1.165903349888479745e+01
2.094841768384467340e+00 1.177695875748643140e+01
1.580829753289945794e+00 1.196548952054726378e+01
2.402965442167299237e+00 1.158717299436537829e+01
5.763877689097141044e-01 1.134873444652835062e+01
2.093057375061025738e+00 1.175043191146825272e+01
2.198711251289505508e+00 1.162155135938902362e+01
2.143720246734539092e+00 1.200470220631601492e+01
1.949487812203576143e+00 1.275347304924673253e+01
7.404047221188941874e-01 1.089888548546206870e+01
2.508711091925843739e+00 1.277456606781500348e+01
2.239573681454049670e+00 1.132738155804217328e+01
2.241331347344089675e+00 1.126051144752334743e+01
2.313838935374465944e+00 1.251914074698868440e+01
2.130027236424838488e+00 1.258054508983095943e+01
2.070464787553123465e+00 1.295408816324193957e+01
2.280560246525022539e+00 1.248854349375687356e+01
2.467094121694150655e+00 1.214581255927924985e+01
1.553022705747526544e+00 1.227118544320152793e+01
1.326844062005530178e+00 1.171526820687762616e+01
2.187695654970209347e+00 1.182583146415604780e+01
1.011435426449858621e+00 1.125654618072709923e+01
2.343197418279100663e+00 1.178849205578610082e+01
2.372703292238759420e+00 1.157431072922121018e+01
2.389095623700370652e+00 1.234444110585738663e+01
2.383042975624583004e+00 1.150913431390801911e+01
2.380261418728558898e+00 1.153152718764906837e+01
1.909397217841629635e+00 1.183710697529256528e+01
1.914480228922295968e+00 1.151219068555741032e+01
2.079201875195896942e+00 1.247140760559747541e+01
2.108281386075882224e+00 1.165258603119028180e+01
1.719459421384174069e+00 1.169546143300803109e+01
2.166168841747603047e+00 1.186005994923741369e+01
2.637783278950033061e+00 1.339226445530141696e+01
2.401943160565996216e+00 1.160742478287741797e+01
2.189846808574397397e+00 1.140786576497687221e+01
2.567418533963812699e+00 1.285391806114079749e+01
2.120329068221568747e+00 1.275283582200466626e+01
2.218276031400243653e+00 1.231061064617789391e+01
2.150380116893669147e+00 1.225430873857391845e+01
1.870479880413326912e+00 1.242137360970750137e+01
2.242159740939828616e+00 1.095288341317056258e+01
2.156321045791397495e+00 1.131075719003160884e+01
2.123753762166407544e+00 1.116334654350831812e+01
1.926112902411976080e+00 1.144773159965355269e+01
8.049907430986902312e-01 1.062899373109146950e+01
2.108676882155000598e+00 1.167038558087096334e+01
2.126130438007268086e+00 1.147937396812076827e+01
2.070269962040153899e+00 1.094646222836030169e+01
2.072188667739817802e+00 1.091168813070889776e+01
2.134372261334162246e+00 1.155751521631527545e+01
2.368632396088480085e+00 1.255912553208884752e+01
2.365486520491598466e+00 1.256738884229890729e+01
2.614825159599082571e+00 1.311761746089467273e+01
2.503400915990846798e+00 1.333981085058352178e+01
1.688118404388474048e+00 1.155265678864667223e+01
1.950866407823092397e+00 1.133934349675258346e+01
2.042648304201570841e+00 1.155173168689077912e+01
2.140653431930993111e+00 1.106525722536682821e+01
2.028128875368850448e+00 1.248718146045658806e+01
2.172884982377492058e+00 1.234450622308863643e+01
1.764543419051991524e+00 1.287769699011105295e+01
2.672912632106412723e+00 1.310846758334971440e+01
1.899090294029155190e+00 1.148282596529200994e+01
1.716448284539046076e+00 1.151122985072094096e+01
2.320229048893087231e+00 1.223709365182697795e+01
2.363655377970919069e+00 1.200596889634089059e+01
1.849783592240107577e+00 1.246930847311980628e+01
2.314987073911137117e+00 1.216566857322094641e+01
1.485162784155899418e+00 1.198804178096690976e+01
1.747957716670267114e+00 1.221474713491937614e+01
2.177510046269429456e+00 1.189201631368755407e+01
2.100863513610682798e+00 1.211493997051765703e+01
2.529728354831668025e+00 1.221176078876051285e+01
2.035458482910705857e+00 1.170521231985229349e+01
2.207363916044720487e+00 1.103481395615327365e+01
2.026887421920041010e+00 1.139507256128605484e+01
2.158946994532327412e+00 1.310082424036329130e+01
2.180883949032779601e+00 1.241549769078635101e+01
2.068951884063662039e+00 1.263374864587150981e+01
1.202139615566105491e+00 1.144895599793801466e+01
2.138720122225108877e+00 1.169431993847381079e+01
2.006692845348184040e+00 1.177595248596681543e+01
1.132389251954895704e+00 1.101492767871887146e+01
2.403308809941305135e+00 1.265819799644458854e+01
2.397786322305027085e+00 1.270682608484692189e+01
2.063099771530879867e+00 1.191333793436122335e+01
2.105784052504715564e+00 1.193615571488793670e+01
1.700189515948204555e+00 1.181479821619152304e+01
1.890367758890966865e+00 1.214333245246526616e+01
2.139938107190782812e+00 1.269789730919742432e+01
1.852889414097383947e+00 1.283999838307570052e+01
2.437467590006082929e+00 1.212846926213906151e+01
3.780554341607823554e-01 9.404369278157403755e+00
2.354356100108532690e+00 1.246098865402331768e+01
1.921539199952781551e+00 1.217708636697552471e+01
1.396646693266255790e+00 1.177166381823735364e+01
2.099887290519965699e+00 1.207210297235221219e+01
2.607627795551357597e+00 1.294293183754886023e+01
2.016543297927995582e+00 1.218017421598643679e+01
2.160198096364823961e+00 1.168038506439730462e+01
1.895972585311212821e+00 1.231093025133311514e+01
2.171837578285840120e+00 1.220384874182177626e+01
2.033889937052496766e+00 1.128691347872986661e+01
2.033239747403584818e+00 1.128774711773133355e+01
1.377644641559002681e+00 1.180065990045053503e+01
2.019836836034175409e+00 1.230667931469309195e+01
2.649110963461015711e+00 1.249011665948601824e+01
2.645608676481205901e+00 1.255644958852725601e+01
2.386898671121758131e+00 1.212653446619810715e+01
2.462258553360397340e+00 1.194263574788658211e+01
1.638326044954271810e+00 1.222416017935111654e+01
2.039994766298641071e+00 1.189144116181971889e+01
2.014039471994888864e+00 1.191122009709168772e+01
2.615352677995126385e+00 1.350283407644874600e+01
2.076437984844773599e+00 1.263958289462271800e+01
2.551078193658281368e+00 1.215714587193730090e+01
2.811435585003964288e+00 1.329410701080739798e+01
2.146577719595389677e+00 1.141773517362235602e+01
1.943000306990441128e+00 1.202474659852592076e+01
2.140321396439097246e+00 1.265664655537670313e+01
1.762594718772044544e+00 1.276689736703636591e+01
2.207470169976185836e+00 1.259245991516755225e+01
2.107087860019843273e+00 1.264181252813953904e+01
1.775181548771655571e+00 1.185179726214692231e+01
1.680766245789699909e+00 1.184164597361766980e+01
1.823971486392568897e+00 1.102360893975419920e+01
2.003187946108386797e+00 1.095760349282386414e+01
1.750722070739070935e+00 1.179766362543549540e+01
1.972787477525102418e+00 1.101806727825743337e+01
2.022617858360177934e+00 1.069972753020208778e+01
2.360752689673471405e+00 1.252040639303729819e+01
4.030123878600296861e-01 9.674492618688997680e+00
1.953435096776934499e+00 1.193583811517128268e+01
1.152416505200881680e+00 1.191758885685169922e+01
2.231943568134014289e+00 1.238672701805015031e+01
1.845350658135914479e+00 1.229772882421997870e+01
1.669081527573663681e+00 1.225730737244429491e+01
2.129476326022798460e+00 1.260115297540639290e+01
2.162695637111277769e+00 1.259190845307351481e+01
2.173546228841574557e+00 1.159530641688767183e+01
2.161689492423764403e+00 1.164554815363175244e+01
2.371063916669874150e+00 1.273681547500100741e+01
2.215412591903233253e+00 1.209286192342117872e+01
2.057969186664175165e+00 1.173774482845510647e+01
2.263140246334628625e+00 1.313098515394915822e+01
2.481435868712586146e+00 1.280298103641754892e+01
2.659676717366692866e+00 1.295776500374862472e+01
2.439306310746750750e+00 1.313793113504553212e+01
1.883841292253511712e+00 1.121748698065341010e+01
1.310203208250029006e+00 1.156282459993425960e+01
2.284401127161082901e+00 1.142119950819201257e+01
1.704782085682709170e+00 1.184242978930684664e+01
2.016125752464724918e+00 1.225600705735817364e+01
2.188227832072807910e+00 1.217721728388389302e+01
2.354100980063805970e+00 1.213989351610942435e+01
2.039350258479191158e+00 1.127808669241662365e+01
1.667179394898882672e+00 1.141973800069997758e+01
2.103778535779557757e+00 1.182805138394502187e+01
1.948643071921771996e+00 1.216949018198687149e+01
2.207625332507825444e+00 1.138804706343401030e+01
1.931851669001384941e+00 1.175390301685736105e+01
2.152971823226309311e+00 1.113683675300992171e+01
2.224636246174210186e+00 1.153259262839766031e+01
2.525410423445797914e+00 1.245166435867795940e+01
1.225105772374595281e+00 1.065016046859602028e+01
1.391312655048509095e+00 1.089940686078226584e+01
1.977542879244550411e+00 1.263918870742525158e+01
1.239204757083403052e+00 1.248029567388277705e+01
2.386935671680563420e+00 1.134043662890318949e+01
2.329338396548423784e+00 1.162130113427067712e+01
2.232742392601512638e+00 1.132417357633829980e+01
2.222494199740808973e+00 1.143570026953451979e+01
2.335249952116991601e+00 1.224383282522958893e+01
1.964408827142929637e+00 1.266969881162666489e+01
2.421923269615047225e+00 1.214397689352076704e+01
1.584527207671152516e+00 1.137328324130546697e+01
1.977998545003724740e+00 1.167799734599505612e+01
2.093922283245693627e+00 1.110062890017288773e+01
2.055141602580069282e+00 1.139078816090375135e+01
2.306009333656771076e+00 1.227322249423817091e+01
2.297028404147305913e+00 1.227325125198369449e+01
2.026114720682387738e+00 1.263229970557969217e+01
2.133951269188146593e+00 1.095099383890713618e+01
1.732558600553968375e+00 1.244578277157871327e+01
2.467134680936099222e+00 1.330520505067783610e+01
1.694386295255958741e+00 1.195990674832487066e+01
2.527255502927318265e+00 1.324279446210820410e+01
2.696992948427604286e+00 1.291431441174895944e+01
8.300662813375839777e-01 1.128393463495986460e+01
2.420751367470244997e+00 1.232772473731062846e+01
2.238209963339996555e+00 1.167802564631603168e+01
1.161092822238194655e+00 1.184307176698238528e+01
1.822094916875323101e+00 1.247433762742575780e+01
2.303168495740447241e+00 1.255603931843789312e+01
1.783832602085991814e+00 1.236510430636307056e+01
1.723412674088447227e+00 1.235068940161180961e+01
1.155930556094425077e+00 1.187046115711761018e+01
2.012416855673268667e+00 1.185738162510364013e+01
1.200269083821758453e+00 1.077304062451868560e+01
1.401329043445374012e+00 1.103920324497777727e+01
2.550419436264978579e+00 1.330343224968065030e+01
2.280017154779483857e+00 1.134273264546092541e+01
1.778998903243222518e+00 1.163008132544463535e+01
2.114486845219460509e+00 1.248643670974382935e+01
2.092918405853156028e+00 1.249437069877289908e+01
2.432244438725406521e+00 1.290424668037705835e+01
2.593249907339790106e+00 1.342675794984166693e+01
2.623953556886150285e+00 1.337001297255513244e+01
2.131971847188716129e+00 1.225555380974578590e+01
2.592981406399977207e+00 1.284383007346881023e+01
2.542886551741494028e+00 1.291720911390694937e+01
1.912737347535316879e+00 1.185858477593881055e+01
2.257571168831816077e+00 1.166308736266998558e+01
2.009942906634254900e+00 1.189782162448918967e+01
2.017748552363778369e+00 1.210272068590596639e+01
2.359161533963683333e+00 1.204373875213608613e+01
2.476577845009523049e+00 1.340531778907333305e+01
1.404993474258628749e+00 1.213844582191213917e+01
1.503728194858090284e+00 1.219744583924712344e+01
2.169696519849674488e+00 1.249913820385071261e+01
2.688714490326230333e+00 1.298998182171882654e+01
2.374806447596204961e+00 1.330031073194695956e+01
2.784401461510659814e+00 1.312881560838269479e+01
2.752196136322137221e+00 1.334540781337566173e+01
2.264284743368465413e+00 1.307346147483392329e+01
2.047384459299304016e+00 1.301665000720622878e+01
1.693798449348036250e+00 1.154605258411347002e+01
1.414577420827866305e+00 1.225241442598050945e+01
2.382245571028770659e+00 1.236056241731143857e+01
2.142987103390676218e+00 1.133829952272030006e+01
2.001846003431352994e+00 1.157531555804039414e+01
2.316135146445470916e+00 1.290242301374086331e+01
2.365074750654005520e+00 1.281683101005298298e+01
2.149472609303649140e+00 1.230113698489381058e+01
2.536073080670076862e+00 1.194588337091801478e+01
2.060693323840144586e+00 1.101109862370941350e+01
2.066585486450340348e+00 1.094409397507516246e+01
2.195183365587276558e+00 1.291958332481411809e+01
2.631216600745143630e+00 1.278404261974765177e+01
1.606003510163849901e+00 1.241082266758652786e+01
9.859686479639223622e-01 1.123288243823820665e+01
1.848293297634344245e+00 1.279212361175797419e+01
2.219635721067964251e+00 1.198975648881043732e+01
2.292833100482000841e+00 1.170388793053980159e+01
1.406039555480495196e+00 1.170969907001859944e+01
2.234907804293227329e+00 1.169071145776014831e+01
1.951171731335287873e+00 1.193002319245916709e+01
2.455493833181680685e+00 1.188192786033901704e+01
2.226981161705981815e+00 1.200742314685696499e+01
2.229692694940021536e+00 1.191049089846116082e+01
2.143770660426562724e+00 1.224069313273520443e+01
2.251605330991605758e+00 1.195529389446539881e+01
2.202583953745513412e+00 1.209998653077119002e+01
1.762386882304586289e+00 1.163499961700363095e+01
1.845177585521333041e+00 1.212349300789695938e+01
1.709527271909268009e+00 1.116100601163357808e+01
2.134926756193614494e+00 1.061893675458489383e+01
2.206383676836739305e+00 1.097276691276222493e+01
2.183239507234911336e+00 1.101773382444136118e+01
1.824710448273890506e+00 1.276522842692476445e+01
1.927074982061172781e+00 1.286222011560400880e+01
2.422707139401136356e+00 1.172308760604095212e+01
2.381566886966863805e+00 1.186634769422951408e+01
2.435987209726659497e+00 1.221068433540982134e+01
2.213094663226073067e+00 1.134773271500247560e+01
2.117196215964661565e+00 1.158339896614847042e+01
2.233576904333981261e+00 1.212630597593323500e+01
7.041298680928808063e-01 1.186369301475060922e+01
2.212460565692158543e+00 1.187799634620808753e+01
2.058337710724613245e+00 1.203937364055029313e+01
2.120194327262600709e+00 1.190261188927468439e+01
2.169847062017937311e+00 1.197622499937317109e+01
2.377831480957342869e+00 1.190425276178335245e+01
1.868570428983263421e+00 1.195784158136743969e+01
2.175828401805384171e+00 1.224604299245299011e+01
2.347770049706078055e+00 1.189409955121682749e+01
8.234834487742056508e-01 1.179500463307158320e+01
2.267816735399324379e+00 1.235266188230673556e+01
2.406031543145513041e+00 1.205932091933855510e+01
2.323727934695464459e+00 1.185151923969482723e+01
2.381544535212522185e+00 1.244093886036661978e+01
2.651040267846832776e+00 1.294769940369049266e+01
2.152824762179440299e+00 1.260488319692798953e+01
2.248552210006748986e+00 1.217182273515650692e+01
2.531837856263970732e+00 1.198808638416003269e+01
2.046366288369773745e+00 1.125501879607392652e+01
2.173049781890015186e+00 1.091002716393854222e+01
2.065469416761527288e+00 1.168628245552163136e+01
2.192981524897531731e+00 1.290435896640243740e+01
1.317622052715048397e+00 1.183252843622532424e+01
2.298012435682800447e+00 1.162690367093080646e+01
2.058912483330217924e+00 1.143591968130592207e+01
2.201784306087309684e+00 1.120600852743532272e+01
2.233516233241611637e+00 1.103026621064386958e+01
2.155909090174148002e+00 1.210171910979380527e+01
1.569740769341556375e+00 1.216801415403679520e+01
1.730449369603022758e+00 1.099827344645044747e+01
2.070814337574125918e+00 1.119399127188523124e+01
2.315376599404405322e+00 1.281787696910100749e+01
2.189111669522121773e+00 1.288837813738446769e+01
2.020124202839215677e+00 1.310351905578654907e+01
2.039624008992358739e+00 1.311531981924324697e+01
2.387221500529269846e+00 1.284913425026376999e+01
2.363148739768405004e+00 1.155674428649499319e+01
2.351920236071419534e+00 1.160520621264408270e+01
1.313343128884219224e+00 1.144821516809388129e+01
2.260169853849573141e+00 1.228151388574157110e+01
2.009995032431181272e+00 1.076990317442757927e+01
2.017142597817567218e+00 1.071103277538841603e+01
2.057835096690342702e+00 1.198606993705761070e+01
1.427672785234741504e+00 1.153889839283358043e+01
1.363103288768958921e+00 1.221154646358421836e+01
2.307529560458971396e+00 1.229197540800355881e+01
2.390955344089832568e+00 1.251783094990002176e+01
2.228092464339342715e+00 1.171453960332125632e+01
1.756572333602915759e+00 1.232896959522027736e+01
1.145449291213174181e+00 1.195050892893785921e+01
1.495268646869253093e+00 1.250394680579488949e+01
1.067588688409153663e+00 1.226234662059399128e+01
2.364971302494667249e+00 1.164512788417114564e+01
2.362197407323093135e+00 1.170858920120108593e+01
1.997396854059342752e+00 1.211663603717157933e+01
2.657391928359242428e+00 1.271091245237934864e+01
2.195321338362041352e+00 1.294001190712493887e+01
2.337441828869633476e+00 1.186456891306768391e+01
2.044438545207890812e+00 1.140814270537279995e+01
2.491877114373586721e+00 1.240820593532008154e+01
2.205767415742164506e+00 1.262986401823781257e+01
2.323310711669668738e+00 1.189649943634321438e+01
1.680839459926981805e+00 1.136932158595663545e+01
2.813127659772411082e+00 1.384523114253766174e+01
2.722624106977303615e+00 1.392113498389892712e+01
2.043051645992200793e+00 1.198608323633582629e+01
1.446538779520422313e+00 1.223246759208538137e+01
1.685032108933423256e+00 1.265835606853089779e+01
2.329101893578044535e+00 1.232943640470333868e+01
5.734108222587939174e-01 9.668920210245232738e+00
2.168152789184989881e+00 1.178980874576633298e+01
6.123104116122415341e-01 1.014884215020220282e+01
2.328714049945173947e+00 1.251822948566860738e+01
2.507264885325743986e+00 1.204466842176970331e+01
1.924520427924421240e+00 1.225801993538004986e+01
2.096969402308384911e+00 1.111392145985417734e+01
1.988606851063547065e+00 1.177758346764997555e+01
2.038883007572667161e+00 1.168317666025829560e+01
2.583331288946859594e+00 1.280316188876048855e+01
2.044869526859617093e+00 1.155297975004259037e+01
1.427099072655054535e+00 1.216829295302674829e+01
2.459569575325567747e+00 1.262807407208810240e+01
2.322623095762293310e+00 1.224241219316720652e+01
1.993847792305700306e+00 1.245564432840865798e+01
2.317805977144015372e+00 1.229984038717660333e+01
1.999371956390609384e+00 1.253426109395758203e+01
2.771403668885370042e+00 1.300418458729365767e+01
7.059585237013664694e-01 1.084411484289367245e+01
1.817949832762046247e+00 1.225928291317234908e+01
2.168446195677952382e+00 1.205041394459386161e+01
2.150818727283150267e+00 1.153184740005562858e+01
2.148985281099402567e+00 1.156988009274800788e+01
2.148243704898344042e+00 1.080681355212542982e+01
2.147805554850580112e+00 1.083492493113620725e+01
2.281389997320087293e+00 1.176605409246654688e+01
2.303821282352782607e+00 1.171106588276891358e+01
1.986846453134847534e+00 1.208425803885640093e+01
2.264379464387940022e+00 1.163121737580376447e+01
1.662075097957259162e+00 1.164047371480651272e+01
1.210986501717261188e+00 1.126591707647281027e+01
2.109309996667099174e+00 1.244518029612575205e+01
2.124341369939880764e+00 1.238586008664507609e+01
1.699930861747097621e+00 1.223972779950810086e+01
1.109126261260107382e+00 1.086903518891577569e+01
1.332608384473084717e+00 1.184784311321501171e+01
9.656577283457574712e-01 1.214674376555233515e+01
1.415405169710592048e+00 1.238274805203160511e+01
2.252195365866266119e+00 1.166019117473240740e+01
2.048746460855559892e+00 1.202556767932501103e+01
2.057936829825791847e+00 1.213815969928208460e+01
2.523701468339456522e+00 1.266231630535919450e+01
2.387076629594681698e+00 1.219988136986126115e+01
1.222760868830549352e+00 1.118865360863784275e+01
2.207766880601096382e+00 1.243058305652539985e+01
2.282898012750766981e+00 1.164886830352745761e+01
2.233291911489256876e+00 1.192124514546080682e+01
1.749919741127573536e+00 1.108727983817938778e+01
1.743253510959563934e+00 1.109262450468224870e+01
2.250208177248925523e+00 1.171354226542707089e+01
2.173408084601659240e+00 1.202465757962360726e+01
2.611642472865617570e+00 1.291634729071997079e+01
1.848576421997819130e+00 1.174532898246158830e+01
2.273493287051860712e+00 1.150634859043323033e+01
2.372428184566610199e+00 1.175828206276760923e+01
2.368569028817227196e+00 1.179274460631860499e+01
1.593342454616193393e+00 1.185378085588973285e+01
2.579537016542208683e+00 1.295454662586018912e+01
2.574113257111475761e+00 1.297181817321061104e+01
2.236349813898458549e+00 1.192959972805104485e+01
2.125930329988617196e+00 1.237886576986156939e+01
2.290153637102508188e+00 1.232732537165946063e+01
2.333387251312592614e+00 1.218343255116254475e+01
2.012180812204192204e+00 1.160108893428755650e+01
2.543059511886929247e+00 1.222209409441404482e+01
2.449367178459675998e+00 1.237544772161813178e+01
2.165004670780972251e+00 1.132712917198684366e+01
2.022003724575724526e+00 1.115198323820466619e+01
1.451003487567208650e+00 1.182694298779814090e+01
2.098596560764847130e+00 1.078259501997781022e+01
2.115454703780718315e+00 1.062362094563379422e+01
1.584775950433203739e+00 1.160348311031531843e+01
2.031263991321204720e+00 1.087366986761055898e+01
2.600038495237495084e+00 1.316539555308593279e+01
2.488025863513878111e+00 1.317112557900403402e+01
1.718979956338888782e+00 1.169332635308177970e+01
1.670919125897183832e+00 1.243725588126003068e+01
2.574751872564393640e+00 1.260230819189193419e+01
2.201526985424827387e+00 1.268956732265240994e+01
2.274447394271730261e+00 1.197078639514156606e+01
1.449909835337045871e+00 1.235765549071873970e+01
2.389879634490660987e+00 1.247506636410257386e+01
2.365726645629906866e+00 1.254518297198876198e+01
2.290240566414758483e+00 1.147561706612740728e+01
2.274538832190130755e+00 1.157152709970679538e+01
2.776069456468905461e+00 1.323957606039513557e+01
2.207469462506797875e+00 1.234628217634278435e+01
2.076820519764637663e+00 1.242475601350457026e+01
2.374192769246288304e+00 1.158134145916773505e+01
2.125100686347651369e+00 1.198303258738919119e+01
2.109755187590155234e+00 1.251760274532568573e+01
1.628988653341302273e+00 1.269137054538774834e+01
1.551975122572319732e+00 1.117109233210894992e+01
9.356413873417110949e-01 1.137447454196646568e+01
1.982847517768977275e+00 1.144281630976847985e+01
2.341512057335963792e+00 1.196907196031774134e+01
2.154121340990444722e+00 1.206685624382483368e+01
2.096947409124829687e+00 1.225498785821272918e+01
2.632519821526770887e+00 1.309007030562733043e+01
2.379200119049986739e+00 1.292728045527255709e+01
2.191586130109662189e+00 1.231983652746153091e+01
2.236339601185268311e+00 1.226996043897598909e+01
2.319542952912207578e+00 1.279124679059906455e+01
2.619912377143233773e+00 1.264847868781041562e+01
1.517685581324967448e+00 1.207472724044703405e+01
2.098527791435502277e+00 1.143294543996745638e+01
2.376520472150418950e+00 1.297741468101745888e+01
1.522171281397005638e+00 1.196477805902243396e+01
2.197697563769521967e+00 1.177494965973071750e+01
2.261234654536541377e+00 1.263928882167379797e+01
2.044522325227350112e+00 1.253622489628689607e+01
1.590809864421669939e+00 1.145221727887343377e+01
2.613810140762517609e+00 1.269360089251324730e+01
2.612430297743994601e+00 1.270214183892883675e+01
2.108519832150648643e+00 1.199597135044125906e+01
1.837051834227102054e+00 1.213222052366074166e+01
2.228231770479380369e+00 1.185342412237149645e+01
2.207380533838773307e+00 1.198588542075150443e+01
2.423890105161421449e+00 1.220615760080821843e+01
2.253815735615091853e+00 1.234008367470015521e+01
1.985118740255989778e+00 1.159059005302195366e+01
2.162181028519873927e+00 1.139868992784341373e+01
1.582417711858492115e+00 1.178200406971091674e+01
2.064750823926766898e+00 1.219925188088839363e+01
2.303133678154515085e+00 1.252536206152458398e+01
2.182640671385907893e+00 1.098769406493256717e+01
2.151621747554516961e+00 1.108900085071284813e+01
2.304627766437347347e+00 1.240415310346836009e+01
2.316910282947155508e+00 1.236040062797796146e+01
1.975429325061318409e+00 1.099124435136757327e+01
1.907526569272510519e+00 1.128206573812877522e+01
2.076035160889783349e+00 1.075151063567102128e+01
2.285245638070557028e+00 1.159868405724642493e+01
2.201399344500394761e+00 1.194054623548575123e+01
2.052717365772947389e+00 1.169154955488730252e+01
1.987325888660377515e+00 1.187580140227257530e+01
1.836349646973125971e+00 1.180076952671383061e+01
2.061225391814886621e+00 1.156194720252835673e+01
2.201020639013919311e+00 1.176595097923936706e+01
2.099353815960284919e+00 1.184197055178553093e+01
2.489538544281481691e+00 1.235553243182502214e+01
2.372865345222982647e+00 1.215870638014889060e+01
2.372857196940816316e+00 1.216659430111087659e+01
2.249925464372719119e+00 1.074808793712836774e+01
2.544086180634093974e+00 1.305544863926364663e+01
2.292856891110645279e+00 1.228959887194844924e+01
2.158129907674348313e+00 1.220373569495470711e+01
1.830887648098322495e+00 1.228557867953015759e+01
2.372060357230511674e+00 1.198110323858281312e+01
2.373761027789535127e+00 1.190599651167154072e+01
1.784398307460443922e+00 1.220622448756997969e+01
1.521527640087769084e+00 1.196192440893352504e+01
1.132047991820941402e+00 1.119543306452752063e+01
2.075255093020334396e+00 1.161788688881463294e+01
2.269019760682376763e+00 1.136447657574991510e+01
2.107223045966183594e+00 1.224391220311472139e+01
1.869714519716412227e+00 1.231165006024903441e+01
2.476605788737400893e+00 1.320770010441577291e+01
2.522294261526377035e+00 1.322315480676241428e+01
2.250405044934140175e+00 1.193098518453338563e+01
2.304010695053086089e+00 1.157576760886184708e+01
2.194216186810042490e+00 1.148464845455402816e+01
2.198753397403954590e+00 1.141763919292762708e+01
1.923945702309632022e+00 1.136951140697398266e+01
2.212890378608528774e+00 1.125266924236936994e+01
2.049577988801078110e+00 1.178979380602769567e+01
2.049696413905200743e+00 1.178942912972750534e+01
2.410422701410440460e+00 1.185901102763659942e+01
2.404161453456917119e+00 1.192344399060627147e+01
2.361154063025418193e+00 1.214163507137878995e+01
1.521277273645085026e+00 1.158147687190935748e+01
2.329882197147719047e+00 1.305935270033671713e+01
2.659010590477064451e+00 1.303093478915857872e+01
2.548856573826150385e+00 1.237878470083668603e+01
2.485451167838493625e+00 1.181458980569939676e+01
2.099789669183266039e+00 1.163001563549963002e+01
2.133995810991214270e+00 1.156799434896982959e+01
1.536126719753075243e+00 1.126794646856924054e+01
2.213137495149984701e+00 1.178096320321241386e+01
2.393379339920580939e+00 1.226011926360744120e+01
1.683205852605034414e+00 1.199554058556834057e+01
2.279572228667177125e+00 1.159201406153508529e+01
1.711122027694088610e+00 1.261767621534499995e+01
1.629402684817028657e+00 1.188457940353676179e+01
8.900598388295086760e-01 1.076508263463468040e+01
2.257280519533353846e+00 1.157967249572807766e+01
2.297159496145945834e+00 1.129696981870183059e+01
2.119366969835596581e+00 1.284704222585244260e+01
1.541969643986665917e+00 1.165067882666062360e+01
2.169546771044479350e+00 1.188619047608597512e+01
6.930845575746565901e-01 1.035635187752036401e+01
1.397619738224054498e+00 1.163625680571120036e+01
1.997309930603953232e+00 1.166494491930540889e+01
2.311032720086239500e+00 1.144491999995447173e+01
2.301029497330814078e+00 1.147674502339001990e+01
1.973166689698557574e+00 1.258496992242673329e+01
2.031919639768795527e+00 1.243882457667845998e+01
1.220554250193025991e+00 1.115477817101334246e+01
2.090913249295770271e+00 1.175183378710237569e+01
1.983253787770944854e+00 1.201382950299837482e+01
2.493267785514748702e+00 1.206409161602012503e+01
2.468442448234274611e+00 1.212245356906111837e+01
2.288976398535636836e+00 1.159477914193606729e+01
2.292908523033118762e+00 1.155326758446091340e+01
2.244887464452984371e+00 1.174809791036060602e+01
2.242321492266571958e+00 1.180274914326056113e+01
1.925969470974760567e+00 1.286949402344829707e+01
2.396222789103298556e+00 1.253276958114863859e+01
2.438285065722896938e+00 1.267824790712637650e+01
2.081352104604909936e+00 1.176853945623511599e+01
2.638357134999327780e+00 1.272973985825417387e+01
2.538319346453752789e+00 1.287095176476924863e+01
2.169213676929532486e+00 1.181122297790342301e+01
1.326849349945384171e+00 1.186699072210156203e+01
2.106855853632524589e+00 1.063503024625029170e+01
2.078623979683815293e+00 1.075949567278349583e+01
2.554104146157879729e+00 1.279217245707781458e+01
2.042673447513026375e+00 1.101717566195483755e+01
2.001272254725196209e+00 1.209924758142797430e+01
1.836225991227803833e+00 1.222016832834377453e+01
2.360713563573359597e+00 1.213076988780704291e+01
2.166683064862549912e+00 1.162133951108099161e+01
1.750236082005189431e+00 1.217194726733963250e+01
9.495756763981709758e-01 1.108424695223855849e+01
2.041756973982658874e+00 1.088584441011895265e+01
1.435308012166315095e+00 1.136270922138225536e+01
2.350248771061141717e+00 1.264278704969445855e+01
2.683113807376076743e+00 1.330395367375619564e+01
2.605350277470414699e+00 1.336773484184282168e+01
2.040287381538167466e+00 1.203466526166526762e+01
1.881627160634677054e+00 1.252324224407923836e+01
2.104153777618400056e+00 1.213835234706323085e+01
3.477194163511684311e-01 9.525498162746734110e+00
2.057527611777514753e+00 1.165331293136811830e+01
2.181131145273378813e+00 1.293200700343856191e+01
1.173533327170932061e+00 1.175908663154235967e+01
2.045992398607870744e+00 1.074505051571204106e+01
2.028308421057496869e+00 1.084145959464096265e+01
2.298968287960462042e+00 1.196574190323890008e+01
2.383024518722333340e+00 1.188426497649441771e+01
1.859451860931701450e+00 1.230483775468974450e+01
2.323160917921980317e+00 1.199666126816489431e+01
2.672710669565799169e+00 1.265008607345684943e+01
1.705722326131291711e+00 1.147264556783370892e+01
2.442291331643995811e+00 1.299679709328234445e+01
2.514430249822287244e+00 1.263675882022277719e+01
2.502684268084281349e+00 1.304891484807420277e+01
1.881334580021858605e+00 1.245560820271678892e+01
2.055100979167965747e+00 1.244544697094895902e+01
2.082509197557307790e+00 1.148475653228792837e+01
1.523760504836732421e+00 1.149838010481529160e+01
2.444407940043168193e+00 1.204244127986738988e+01
2.311503291949972727e+00 1.301333648119538644e+01
2.395763036631009868e+00 1.217093949372016404e+01
2.568516314423635372e+00 1.265554710312585307e+01
2.594406026887265959e+00 1.248429117540506894e+01
2.551886707545813149e+00 1.245821119221230511e+01
2.522408942429554379e+00 1.258665134983314182e+01
1.728847306741857937e+00 1.229933222051634267e+01
2.356143657084496912e+00 1.219011432231826220e+01
2.111820987209163558e+00 1.127163025039269328e+01
2.205948806874811652e+00 1.156149564250277173e+01
2.299900355038933419e+00 1.134711437655376542e+01
2.430392673433968920e+00 1.231762140203815648e+01
2.288935104702799261e+00 1.264286230163147629e+01
1.397664056964816215e+00 1.214103837707097355e+01
6.882224587055499887e-01 1.056236196444689313e+01
1.832463869675976520e+00 1.249069341879611095e+01
2.321324581329625936e+00 1.222467230172495434e+01
2.064987071224635429e+00 1.147005734601359173e+01
1.484633488217299124e+00 1.169481629183900750e+01
1.792440638920830942e+00 1.227448681152757715e+01
2.355374107241633652e+00 1.312870572997341156e+01
2.450486267418676700e+00 1.302245338287298537e+01
2.595252887899521355e+00 1.272803637233883123e+01
2.113792737946584399e+00 1.301685259960883378e+01
2.162359337782806090e+00 1.124356217811810588e+01
1.824840810080899933e+00 1.135575876238055315e+01
2.293694026754578896e+00 1.103956389052474485e+01
1.779437861567187751e+00 1.113257589335599640e+01
2.533180930760058569e+00 1.320458711630179494e+01
7.848605704176677689e-01 1.114305592907177100e+01
2.078092215624437245e+00 1.278827614218998932e+01
1.782682936157050868e+00 1.265360683006830733e+01
1.856342892211040541e+00 1.188552066015404840e+01
2.287419576522891518e+00 1.203849243702823557e+01
2.319431001309329776e+00 1.201704653359294106e+01
1.749555334434926168e+00 1.123483598804974193e+01
2.163604345468304935e+00 1.093880803519606637e+01
2.337554355024937802e+00 1.244691203915283495e+01
2.115134917334542841e+00 1.185852094165738890e+01
2.015781712112736823e+00 1.208689113978138607e+01
2.243788902446923306e+00 1.188547959851614699e+01
1.790307851331812694e+00 1.234772060966681728e+01
9.109608865092444496e-01 1.131782400034775016e+01
2.335928318665519754e+00 1.297945057412523973e+01
2.549511622468882965e+00 1.259235951702226153e+01
2.223394485634017759e+00 1.184440025948921615e+01
1.961657891909662110e+00 1.264103158520295800e+01
2.292244732271316199e+00 1.268982521668017682e+01
2.045856153215769080e+00 1.259044865994817641e+01
2.289288167990995326e+00 1.226140281212193273e+01
2.240022259446643904e+00 1.179518005391488167e+01
2.180539149518013531e+00 1.196362209325106107e+01
2.371940124449651854e+00 1.333077617443256990e+01
2.702607332162665799e+00 1.327188830826515265e+01
2.014352581345798754e+00 1.273184799102893017e+01
2.642663826755580647e+00 1.249517379348468715e+01
2.575348491480256907e+00 1.242837384431410896e+01
1.726546622822587196e+00 1.225829247549437895e+01
2.246743245002241984e+00 1.275923073386251083e+01
1.968229375055396968e+00 1.201202352787306715e+01
2.283081568308591436e+00 1.228989125946671557e+01
2.315829605128949531e+00 1.254376044017541680e+01
2.245532548844502596e+00 1.328790430649201326e+01
2.303837434370740400e+00 1.246474843475369099e+01
2.343101199699402226e+00 1.238621888885057309e+01
2.225174580393036283e+00 1.226187485409475109e+01
2.266491544308768535e+00 1.288375026486399122e+01
2.579536599949429299e+00 1.270431912409638997e+01
2.075607362184099802e+00 1.135092458887597999e+01
2.278529254221195011e+00 1.164298091758561782e+01
1.902466998850407931e+00 1.215018209903008284e+01
2.357947417289224301e+00 1.198411633165469858e+01
2.076281963660944641e+00 1.205423373757190753e+01
1.757088624230606744e+00 1.193078605288062199e+01
1.966819270122923458e+00 1.200553436061533574e+01
1.374396829574361822e+00 1.212240747605934921e+01
2.078161612059790109e+00 1.222296828214227915e+01
2.317098358195852192e+00 1.217233796919189359e+01
2.025214014594888035e+00 1.221955453180694917e+01
1.940150761564663595e+00 1.221104618747943604e+01
2.446787612674969470e+00 1.170972559215055142e+01
2.197400824239866601e+00 1.184069327501431879e+01
8.863407510758348762e-01 1.060050079528151379e+01
2.618185386202847909e+00 1.299275946362556233e+01
2.514980094828647150e+00 1.313756726546700371e+01
2.056979034757901559e+00 1.180959717070421000e+01
2.098700282358946456e+00 1.170174068395738232e+01
2.135807711278064680e+00 1.212343936027657776e+01
2.134989754530907113e+00 1.212767179127106232e+01
2.315663662503970599e+00 1.189182594635571633e+01
2.313822182508047831e+00 1.159614272857446160e+01
1.984088604032797187e+00 1.203356909980999312e+01
2.102305967753532290e+00 1.153764763716731423e+01
1.462730294676547027e+00 1.187139438259599444e+01
2.200287325123391646e+00 1.162431447942032037e+01
1.814793326262648332e+00 1.245190935568082757e+01
2.215691720005063203e+00 1.197543781902323978e+01
1.947645705345627531e+00 1.153844055145028236e+01
2.267264415813591505e+00 1.125417589673885921e+01
2.292284292624934494e+00 1.105948496084856814e+01
1.403658121768599720e+00 1.234096074041936930e+01
2.423589580755126427e+00 1.255833654818636624e+01
2.344700593422342383e+00 1.241978914258868905e+01
1.650239193037246643e+00 1.170164836588088164e+01
2.472463483121163375e+00 1.250783794821567874e+01
1.067500104989656196e+00 1.122890606205126041e+01
2.381434128681882090e+00 1.257856765734172733e+01
2.409426225832273172e+00 1.246341408760341807e+01
2.334641017426131171e+00 1.281358918106397660e+01
2.407294733386961205e+00 1.268036523702395790e+01
1.955171065433570110e+00 1.192687381771397526e+01
1.994135818120798431e+00 1.181965636588913071e+01
2.326115809151020120e+00 1.204442816213616219e+01
1.561096087728230497e+00 1.241074590716507231e+01
2.636090637289591587e+00 1.298845507652946552e+01
2.636514850939723154e+00 1.298173128660983799e+01
2.112663852960324995e+00 1.150194232112363224e+01
1.259987364017387534e+00 1.063375671753020235e+01
2.126687872911713573e+00 1.217011418081388818e+01
2.026195858328243116e+00 1.234001104112864411e+01
2.480288844032419782e+00 1.313624834711394485e+01
2.623970247728088623e+00 1.297075606777139001e+01
9.971818565647521115e-01 1.144770867650283996e+01
2.444236288905776711e+00 1.264277240624057086e+01
1.888578757411040199e+00 1.127473956867161498e+01
1.310892678183279259e+00 1.155195390096568708e+01
2.170973093164370038e+00 1.120698725998510525e+01
1.922434409765798602e+00 1.116608720919139941e+01
2.244949350082805495e+00 1.089517790883259885e+01
2.149624272065318031e+00 1.202022351298944258e+01
2.297298407427849742e+00 1.132345183808178568e+01
2.292440643524579880e+00 1.144396229223117700e+01
1.836349418542062573e+00 1.207395507543239788e+01
2.634164945539533509e+00 1.354108257638292656e+01
2.585274771914414238e+00 1.353413724888923575e+01
1.711768469450505092e+00 1.155868423385978261e+01
2.328778150720208551e+00 1.153413431811236478e+01
1.415596381215161292e+00 1.218222169710955427e+01
2.078230756954317915e+00 1.242573977231081628e+01
2.243512737772029642e+00 1.230182608918969578e+01
2.273370581508916910e+00 1.107639789012993958e+01
1.749416645068656129e+00 1.145668166922984454e+01
1.656898103421943214e+00 1.221435315252742093e+01
2.027762467007076186e+00 1.171710318963203612e+01
2.016798882784163638e+00 1.175821736680910412e+01
1.007398196527069745e+00 1.086498421367755007e+01
1.925747721352627950e+00 1.146822151348122709e+01
2.344004020703545965e+00 1.259513855797577264e+01
1.334671846487561986e+00 1.206904623921000841e+01
1.977326898984004488e+00 1.193783299224817007e+01
1.986055057627922560e+00 1.222444564500931108e+01
2.242170432205852659e+00 1.210067244968344902e+01
2.251878420658379731e+00 1.191989518812123627e+01
2.076609863857251881e+00 1.212367741147158817e+01
2.122236632207719964e+00 1.153786762312142145e+01
2.483956342307884757e+00 1.274348413851604711e+01
1.272146702165098953e+00 1.185521829205260147e+01
1.253614571113098153e+00 1.186599115547301686e+01
2.359884475778217805e+00 1.250615185112960326e+01
2.569391515665286008e+00 1.227118258591782762e+01
2.457344635457050508e+00 1.226531897175199504e+01
2.197128193036771204e+00 1.060194447915105087e+01
2.247402252058532390e+00 1.239440750103993771e+01
1.342090594890977595e+00 1.224449473753198525e+01
2.293774180075878188e+00 1.248148449721144537e+01
2.578712379923395304e+00 1.261605466234443540e+01
2.162349787796194800e+00 1.229163218713269323e+01
2.266838985753858005e+00 1.265217456584837130e+01
2.256934227276443661e+00 1.267759469963682761e+01
2.433841453619855599e+00 1.203337105656609118e+01
2.326548594497807709e+00 1.232796063446274459e+01
2.445260337092642011e+00 1.188520412614678179e+01
1.991275166346088588e+00 1.169483551015227718e+01
1.776262161788888516e+00 1.219843064334881255e+01
2.191849664262770503e+00 1.310561340120983154e+01
1.986222843026761442e+00 1.174342201019596388e+01
1.999604708554603594e+00 1.172393731610356404e+01
2.439073274355854526e+00 1.219730369029507955e+01
2.453781336239754030e+00 1.210247161094822843e+01
2.330293239067910527e+00 1.169987273554547436e+01
2.026196626125621680e+00 1.221557677120171448e+01
1.870568392439529104e+00 1.166328051147061551e+01
2.433957869137024499e+00 1.205238246084777565e+01
2.452489162998030992e+00 1.191695125911037501e+01
1.194198988290358976e+00 1.128752689248825902e+01
1.087469037570336416e+00 1.107683678600221633e+01
1.990824316264133476e+00 1.288622861403567654e+01
2.369599427165040684e+00 1.226927846822173862e+01
1.124897672400108295e+00 1.204558288609671912e+01
1.811724835718899751e+00 1.207142743502195259e+01
1.408479120042523958e+00 1.206622750263523791e+01
2.388294088340657595e+00 1.277552442869113847e+01
2.620599451474122432e+00 1.232774499490087905e+01
2.358580645418233868e+00 1.338779014153343638e+01
2.267959531112057281e+00 1.334325481940085467e+01
2.157853292550730995e+00 1.170627914910090617e+01
2.203648714973864831e+00 1.158863311514771688e+01
2.279707081175550432e+00 1.144095758625006987e+01
2.318267694738114670e+00 1.120241158347909405e+01
2.146035653902864215e+00 1.194220795826213610e+01
2.174032925963605312e+00 1.167132646123973849e+01
2.202070842631356662e+00 1.135559393012012563e+01
2.329284771253675945e+00 1.200387253112664965e+01
2.285989524994711086e+00 1.209236433529472698e+01
2.747680803558240736e+00 1.306871013706902040e+01
2.117589140650202761e+00 1.299937815972825739e+01
2.146243287395160682e+00 1.144214944827924896e+01
7.343723129956953866e-01 1.102711881052034215e+01
1.574069800700765409e+00 1.225653925807120359e+01
2.088409643206134980e+00 1.226195658564774860e+01
2.236820810892589773e+00 1.090536572046294417e+01
2.223475137816969038e+00 1.110102364909851858e+01
2.194622116930849298e+00 1.235155032266939479e+01
2.135414396069867937e+00 1.271831069774462186e+01
1.990046995211180780e+00 1.272301551783879070e+01
2.050227171916955360e+00 1.195677796820747929e+01
2.181854901147014303e+00 1.171348347287978342e+01
2.106418790296516796e+00 1.171602512617960734e+01
9.816546177987934829e-01 1.110550339221510541e+01
2.464478654548750036e+00 1.276162478855907167e+01
1.885240392653791952e+00 1.250206954893774736e+01
1.919965599539867229e+00 1.267789922485193266e+01
2.626253414298807876e+00 1.281835459601932037e+01
2.589789142674689071e+00 1.301002358200077680e+01
2.509763671235609284e+00 1.219817767895739458e+01
5.623427067699052762e-01 1.173628395636720079e+01
2.351921522911073037e+00 1.216618001699340290e+01
2.559879045176288503e+00 1.267295014277574694e+01
2.264998530253355291e+00 1.208577568161826399e+01
1.917119759584797078e+00 1.218942820479941069e+01
2.089744700084533946e+00 1.137959433445693236e+01
2.135113390956348223e+00 1.263255985299399065e+01
2.360506959725233056e+00 1.262012347325419270e+01
2.006566366919812161e+00 1.267813301931052905e+01
2.598039692921973121e+00 1.265703319348433453e+01
9.242277922929504896e-01 1.136049419488961831e+01
1.995721681331170005e+00 1.227521974236354474e+01
2.223769620768105693e+00 1.167060840343442685e+01
1.576322189026527099e+00 1.225028832385041433e+01
2.186987327365567335e+00 1.173610254614571069e+01
2.239264103472432765e+00 1.141462462900746111e+01
2.483851892335442013e+00 1.289196576302549957e+01
2.390391535128426170e+00 1.298140591783226938e+01
2.215124042217778033e+00 1.311732256931296092e+01
1.756812399564135818e+00 1.219429203930624261e+01
1.877468980535716092e+00 1.219988092118368250e+01
2.534712696858049785e+00 1.261712102364301202e+01
2.145663534660311900e+00 1.179501882104961652e+01
2.176024069545625217e+00 1.169801185359388107e+01
1.249838597705174914e+00 1.072746877289346834e+01
2.709315435579623177e+00 1.315507970294471285e+01
2.400988547418923424e+00 1.237605226046841800e+01
2.111068744697660815e+00 1.263701214152437124e+01
2.348908560594741957e+00 1.157521388062536261e+01
1.045794449687435401e+00 1.171845317808372933e+01
2.122106075993440033e+00 1.246206644020285204e+01
2.332728052628624038e+00 1.191847085671627582e+01
1.933716463500023686e+00 1.136715208318060277e+01
1.796654818110531959e+00 1.156209625959978204e+01
2.062707570524447309e+00 1.130167617761453336e+01
2.037187344632088948e+00 1.144636177982892633e+01
2.394577995980667229e+00 1.190264588049770644e+01
2.128971999827832473e+00 1.229726466348486902e+01
2.159155595742203282e+00 1.243162728541568463e+01
2.054768417410130610e+00 1.264137969484645829e+01
2.198576244103422450e+00 1.264245854579849926e+01
2.022972856010615939e+00 1.241110274187524176e+01
1.332692177084875418e+00 1.150316802421775719e+01
1.407119823728846253e+00 1.205080904393609842e+01
2.634775048936257136e+00 1.298942242552838522e+01
2.699213226574733948e+00 1.275097568448340724e+01
2.625040453886214209e+00 1.305597464281041376e+01
1.989803735245937899e+00 1.182182721958106342e+01
2.157754905898868092e+00 1.136941786565759038e+01
2.489065379134836942e+00 1.236896939966695186e+01
2.479442728104905402e+00 1.247458178580428623e+01
2.066521220786669222e+00 1.101181468810617758e+01
1.997187306081655400e+00 1.144687726152331031e+01
2.484595847864312201e+00 1.259062592978541240e+01
2.020125758248700443e+00 1.143966095285905560e+01
2.023634140021076444e+00 1.106267243870740025e+01
2.020665592393505960e+00 1.109342115792340877e+01
2.250711546014294129e+00 1.283878765715791204e+01
2.175503640827503471e+00 1.184935346957609958e+01
2.099832115822635181e+00 1.226319869674849627e+01
2.317997900963676638e+00 1.159176867003675149e+01
2.310582254760854770e+00 1.164425416577162942e+01
1.044779390301997291e+00 1.208286374459595436e+01
1.973020411148974640e+00 1.228628186246382370e+01
1.649131342753011653e+00 1.128018558169171470e+01
1.616461792488086857e+00 1.127821116201969609e+01
8.004927139732457286e-01 1.176147789516550546e+01
1.968335723117300873e+00 1.181136632063449809e+01
2.428096529346083887e+00 1.260369730927446774e+01
2.035611980890196904e+00 1.176072847745010819e+01
8.961045404392510294e-01 1.201379542651788768e+01
1.964766089039045260e+00 1.091502392371847741e+01
2.368255537295391289e+00 1.146092739338013367e+01
2.162075952983310234e+00 1.168173136866090900e+01
2.758414870833407306e+00 1.310904008050987279e+01
2.482287786593682988e+00 1.330019835047003163e+01
1.703231236291923967e+00 1.199309280801903199e+01
2.101510015783943697e+00 1.171760922539312588e+01
1.195213379054597791e+00 1.092445725561698389e+01
1.723771195279411028e+00 1.180348636303455123e+01
2.238670859380203826e+00 1.181850735840470001e+01
1.455318073908877574e+00 1.113575860207993706e+01
1.999131184095261027e+00 1.115631397411577197e+01
2.210650947213696149e+00 1.228383497421028103e+01
1.300311720372096191e+00 1.123438570968995798e+01
3.616376305526213808e-01 9.618374988344822185e+00
1.988692066954846904e+00 1.234097400030813141e+01
1.977928693394370274e+00 1.165359383282228833e+01
1.806522735686447056e+00 1.178404594074093303e+01
2.076590864463114361e+00 1.201955262809044989e+01
1.813363420729580788e+00 1.190669441194881983e+01
2.094632286662354126e+00 1.157170499593734903e+01
2.294041482419179712e+00 1.126361918412337815e+01
2.305169070481480897e+00 1.122963933549015358e+01
2.407666841970561578e+00 1.254238616868522982e+01
1.984553616358566197e+00 1.147176151001920452e+01
2.139093171572517438e+00 1.105054740247404688e+01
2.112116520117055973e+00 1.135701469397916696e+01
1.396427412071943985e+00 1.162829791992981221e+01
2.046440590507651258e+00 1.131513636002197210e+01
2.004212415770954880e+00 1.154473286490047634e+01
2.512278398659898659e+00 1.288889899391243432e+01
2.483248382715146807e+00 1.306530269084376705e+01
2.024540182111834064e+00 1.116846457208822052e+01
1.939738558453613759e+00 1.116979241794075151e+01
1.894689764588608494e+00 1.119908843937798792e+01
2.087373256137989408e+00 1.137893678336093117e+01
2.040744456359408598e+00 1.150801884927298957e+01
3.083181900226806826e-01 9.066595351136882641e+00
2.225748194211995212e+00 1.075615838685637549e+01
1.754603382522442745e+00 1.123801468508369439e+01
4.907585877202688684e-01 1.106352985235222874e+01
1.963251126820303227e+00 1.156440084330155038e+01
2.301987388460838169e+00 1.220477772991153209e+01
1.555244792223551276e+00 1.229261778963872409e+01
2.579966953382462069e+00 1.223666838818546410e+01
8.597029460735471362e-01 1.189832680128334630e+01
2.081469481809904654e+00 1.118748248499163900e+01
2.124652160871618900e+00 1.085845153897952287e+01
2.402650063522240753e+00 1.197433875354187727e+01
1.776803276749689520e+00 1.202687904025033383e+01
1.711021933465729727e+00 1.196369403892610705e+01
1.661257433657199245e+00 1.160212894324140009e+01
1.978156674346245980e+00 1.170726092580688160e+01
2.011039562055761287e+00 1.175763324439573054e+01
2.208426002642204455e+00 1.132923762928857059e+01
2.561998510326279455e+00 1.281851104103516015e+01
2.632384242187937762e+00 1.247759175056191339e+01
2.129455026735584511e+00 1.236195140272583259e+01
2.006999187883171665e+00 1.278308912799866626e+01
2.471062999562190221e+00 1.268319767030772027e+01
2.357412615451852655e+00 1.215346460299236675e+01
2.243161183292960548e+00 1.215352293175524956e+01
2.112006523057222029e+00 1.232157652454840502e+01
1.142469334919037571e+00 1.126224565930162136e+01
2.371180398593435878e+00 1.178152849047663331e+01
2.370535334906135549e+00 1.181294757276613971e+01
1.814505478165172159e+00 1.205036252045551493e+01
2.419826593222054179e+00 1.176514692590808764e+01
2.125686196847428544e+00 1.179551740578723873e+01
2.047397448486053317e+00 1.247408874046601568e+01
1.684334301704925041e+00 1.136071001689663618e+01
2.330980603575524057e+00 1.150167347232380877e+01
1.431274000708275818e+00 1.187378516151114560e+01
2.075100772843631258e+00 1.205624840540405351e+01
1.892966989700120228e+00 1.117004145791449155e+01
1.696410045153653456e+00 1.206837749296127349e+01
2.039746688118065698e+00 1.094187251822695650e+01
2.676974640147033568e+00 1.300558265658165169e+01
2.702238871568519052e+00 1.290494245930927164e+01
2.200363244507821836e+00 1.110875250228927413e+01
2.169413753274449519e+00 1.117684191204334887e+01
2.153535899621952687e+00 1.198246136024964237e+01
1.893502636631885006e+00 1.221808537201964562e+01
2.144526380727646231e+00 1.124655515780869131e+01
1.784263695972609920e+00 1.165507024976165518e+01
1.255274036222508993e+00 1.158255766273118326e+01
2.340197198435907122e+00 1.223245105900648966e+01
2.205838851333410400e+00 1.257623148487197184e+01
1.122227661688555811e+00 1.156297876797259327e+01
2.573354068797453653e+00 1.256565120513405809e+01
2.301188453997628169e+00 1.272817703643978859e+01
2.051825465183808817e+00 1.149091903332249309e+01
2.200491231376983325e+00 1.184382412034864096e+01
2.370200688264291866e+00 1.250380663912384094e+01
2.696055080693431361e+00 1.275703411465605086e+01
2.042154756392339898e+00 1.192187920755237762e+01
1.922390869616218856e+00 1.218496534146681931e+01
2.029012336744191014e+00 1.087979504608868098e+01
9.201615528824873547e-01 1.109792732256809167e+01
2.190579701078111174e+00 1.246711963651555166e+01
2.278266816407041873e+00 1.231293519881124610e+01
2.305836263966667410e+00 1.167714494633585964e+01
2.290115394916477420e+00 1.187774477095703141e+01
1.705164905352616778e+00 1.251307312104425584e+01
2.116932856308471500e+00 1.278127038088819667e+01
2.591330910558657941e+00 1.262785346976664691e+01
2.225838585088578458e+00 1.166163208878037949e+01
2.232584707825999715e+00 1.272912180919075809e+01
1.988154186600737061e+00 1.164607394101076210e+01
2.133638207506002527e+00 1.093309834967459082e+01
1.333841950529363940e+00 1.107797130942229735e+01
2.155585804454209775e+00 1.228393066780766318e+01
2.151910035666831256e+00 1.239790593063795932e+01
2.431960056906344203e+00 1.278121432247464995e+01
2.226924790540050658e+00 1.135371992263341845e+01
1.043870064326497760e+00 1.150533450743752795e+01
1.025153416459859468e+00 1.171909683198576957e+01
2.067426637548111401e+00 1.200979074382494183e+01
2.291961641788039739e+00 1.260177566263518223e+01
2.200689515274319774e+00 1.282524286100330713e+01
2.238742668813691772e+00 1.309165104748553432e+01
1.690952017215743952e+00 1.137886936978403973e+01
1.891139943871273266e+00 1.153930524041746786e+01
2.065797786574107509e+00 1.099395322383262830e+01
1.318641514401249104e+00 1.143658376382080633e+01
2.208634012659782098e+00 1.277884934317875398e+01
2.209800063187215891e+00 1.277828463693760419e+01
1.653510099144721357e+00 1.236531616000590361e+01
2.707834212781937921e+00 1.291320996076443528e+01
1.288141645519293554e+00 1.130975668571373127e+01
2.322771505994772667e+00 1.185091289826985950e+01
2.310921869483190338e+00 1.192768979351513003e+01
2.187263636612855500e+00 1.208443484506571686e+01
2.058393690621912686e+00 1.168892998597234012e+01
2.003109347315513489e+00 1.188305937202240159e+01
1.651901322226153379e+00 1.122177442042896089e+01
2.087633199074004242e+00 1.078876030671438357e+01
1.849060316975262630e+00 1.185465396299898622e+01
1.558434536941717186e+00 1.196720559761924640e+01
2.149101754987583490e+00 1.154122409113930736e+01
1.618691045820322971e+00 1.136642841520292890e+01
1.590786866306818981e+00 1.136936023333023371e+01
2.114760395756590139e+00 1.043294575460738116e+01
2.465636664794987887e+00 1.181049276063619935e+01
2.111202265734653860e+00 1.139370055075939270e+01
2.290486304539439022e+00 1.169013515149721449e+01
2.289692316813120243e+00 1.169854488001659831e+01
2.651273618860166881e+00 1.267999996998287315e+01
2.657712846739082480e+00 1.260498820072067616e+01
2.207188667154357908e+00 1.206762550775335008e+01
1.202479647926196993e+00 1.190549836448896492e+01
4.167641217591635527e-01 9.813215501749434466e+00
2.241094542568890624e+00 1.156041795296245311e+01
2.184764048600059905e+00 1.188876020059749017e+01
1.756257007246051494e+00 1.204500233648852436e+01
1.994726924385928690e+00 1.175492444676754289e+01
2.171223052142873478e+00 1.102115941816082056e+01
2.639568833644795998e+00 1.326367955010758770e+01
2.301791934874819923e+00 1.243130591284577946e+01
2.343440902365066414e+00 1.260373278764026672e+01
2.200289299783017682e+00 1.297130257782395191e+01
2.515081715816013030e+00 1.256739133553104715e+01
2.473456602504752411e+00 1.266593797172448355e+01
2.289568028971557645e+00 1.213587772956331001e+01
1.682352660864181892e+00 1.211047907196620876e+01
1.656385196302356588e+00 1.205115474146200150e+01
2.311519633424116815e+00 1.292346388878874741e+01
1.575863265254283441e+00 1.161758193348292423e+01
1.725838163972584827e+00 1.214868549982032953e+01
2.208531874261193018e+00 1.201695944609574518e+01
2.184682094199285718e+00 1.140183945349786043e+01
1.992803708396422957e+00 1.187067382512094760e+01
2.123548822577150830e+00 1.091571769278333015e+01
2.109284273851445679e+00 1.144005849259201035e+01
1.834681148932576056e+00 1.155425272413657289e+01
2.114532911080521327e+00 1.224124991271090224e+01
2.119732109247636220e+00 1.219071397282592883e+01
2.062846996692999646e+00 1.144405603499208368e+01
2.152674885268328620e+00 1.136102189551851893e+01
2.227418017467725608e+00 1.102542108631396367e+01
1.331688293317994765e+00 1.161452928696717102e+01
1.752269846851220558e+00 1.162357719892396801e+01
2.130669176010335786e+00 1.132310349234526115e+01
2.280138696842022750e+00 1.260990886965538316e+01
2.551003138084960931e+00 1.257078377651985690e+01
2.372361296358592053e+00 1.145111214268071187e+01
2.364217409894503685e+00 1.150907032033033239e+01
2.386592927080751547e+00 1.157437483388012112e+01
1.990122892944817368e+00 1.199487850327228955e+01
5.434636175524036883e-01 1.035768276723081449e+01
2.280935620322364077e+00 1.157598308060132375e+01
1.476625700571194466e+00 1.135299432162509703e+01
2.167663235303443070e+00 1.098802391378635690e+01
2.591353997897714923e+00 1.290813528761955453e+01
2.650776194705021016e+00 1.283413982694681721e+01
2.116015576232798789e+00 1.151033649866924868e+01
2.123561257141136860e+00 1.138846909612370339e+01
1.980382023298500771e+00 1.309680786835638422e+01
2.653588879555738078e+00 1.254393878560840214e+01
2.666060100641809427e+00 1.239482078651679053e+01
1.415218122690877989e+00 1.198870792307493893e+01
2.145085560747442166e+00 1.131388784488007282e+01
2.293466151773541295e+00 1.229089170456332880e+01
2.300352277888743746e+00 1.217590393814153238e+01
2.123877049863835076e+00 1.163260657568350886e+01
2.601193894825722719e+00 1.308885052106912283e+01
2.414948430280662972e+00 1.329600692275186802e+01
2.169174395371634034e+00 1.208308655886074767e+01
2.118622564829759192e+00 1.218870487629582122e+01
2.028015400591318684e+00 1.119222744653329471e+01
2.358739206953496925e+00 1.213505130745665461e+01
2.320894893743775445e+00 1.218298551654561734e+01
2.084535955178647981e+00 1.164031323993844147e+01
2.085840592581323261e+00 1.192427920138888808e+01
2.294585773554715491e+00 1.172504759526138685e+01
1.369301972621413066e+00 1.223422559519533515e+01
2.129350000282812960e+00 1.054587848153368057e+01
2.105603575389917825e+00 1.079717792743958960e+01
1.922564815748653233e+00 1.207086473161355045e+01
2.485197046740127202e+00 1.243927964503787642e+01
2.548274857032914564e+00 1.225000330517829461e+01
2.580974671256775377e+00 1.269605180043260084e+01
2.315467303255935416e+00 1.307491762033563809e+01
2.330598918185172064e+00 1.238530381572270045e+01
2.049581099689742558e+00 1.205090177916949656e+01
1.336130537495700210e+00 1.156141386550894445e+01
2.448556964862602658e+00 1.255026184864187222e+01
1.948995561961436751e+00 1.193446778176880052e+01
1.987994974169280393e+00 1.178847917257332689e+01
1.953423131205255903e+00 1.225916689806672544e+01
2.588481608688111724e+00 1.272263564029699268e+01
2.340430293544523810e+00 1.209923897297815643e+01
8.673590846976854118e-01 1.114468808516037157e+01
2.092460070524441385e+00 1.283388844659384809e+01
1.101793906386944411e+00 1.165841669767870137e+01
9.431491105478924108e-01 1.164273573076753365e+01
1.888252996394138572e+00 1.223129528738048855e+01
9.614018495091227745e-01 1.179881238975649715e+01
9.427651124940206184e-01 1.045962089305237086e+01
2.132513103479425354e+00 1.226214525742574857e+01
2.107997684771758085e+00 1.172224611192726051e+01
2.072044284830496963e+00 1.192071226748503321e+01
2.140135652574172376e+00 1.139487432619725737e+01
2.154023925832932118e+00 1.124572418873615121e+01
2.074814807415997553e+00 1.136497596035536617e+01
2.329843726008153038e+00 1.126884470402281480e+01
2.167011280338162926e+00 1.153279688594717989e+01
2.094384532226606144e+00 1.158810584328529636e+01
2.453996056567947281e+00 1.236808777065560250e+01
2.309688187793524250e+00 1.264170707101875735e+01
1.603532464667726698e+00 1.190427837704908143e+01
1.809650804902207977e+00 1.173666905184827591e+01
2.221271873523892104e+00 1.155685759964423021e+01
1.513801962294140546e+00 1.169392449331133221e+01
2.461290915223397491e+00 1.198473494292148622e+01
2.492252535327410534e+00 1.317385993864695237e+01
2.401465928100393388e+00 1.319753647266778351e+01
2.544113242470166458e+00 1.273562059947034619e+01
2.592888224657435625e+00 1.243531787498811703e+01
1.961360827805286089e+00 1.207657482648547820e+01
9.486596304389102174e-01 1.131347583583840333e+01
2.271910419038030593e+00 1.202752101068515955e+01
2.426024505031971312e+00 1.283920499281252781e+01
2.030351175232230965e+00 1.167300283217194412e+01
2.014308568513580866e+00 1.172297344271566466e+01
2.258425422728935761e+00 1.217025064054018202e+01
2.422811032873361636e+00 1.305990883941645819e+01
2.547954166910955554e+00 1.307887303373616028e+01
1.969543138591087539e+00 1.145101694048599761e+01
1.792575241060527125e+00 1.255749248263265549e+01
1.364203664160522855e+00 1.206294282327832335e+01
2.322382744149777078e+00 1.209158856829634487e+01
2.503940875345256778e+00 1.194514929691839100e+01
1.594710096836167157e+00 1.185219297355084400e+01
2.380296186466146935e+00 1.201137651374245685e+01
2.286802542584038811e+00 1.230004208590018955e+01
1.818401611148021235e+00 1.120827736283346532e+01
1.979005008879295868e+00 1.086945653199143536e+01
2.082408654709105189e+00 1.175846045607456247e+01
2.050261385426887184e+00 1.188433339980839065e+01
2.229469316787315414e+00 1.170860107693556706e+01
2.635764202301231762e+00 1.260422061491746426e+01
2.604009460196108350e+00 1.254922404319357376e+01
1.128168563846894568e+00 1.203652701331045627e+01
1.623348216948100164e+00 1.202326565880937181e+01
2.179935636573227420e+00 1.121725851623032000e+01
2.503011153695800406e+00 1.230658617709384295e+01
2.241552465410989736e+00 1.183513866703642492e+01
2.586169795193420828e+00 1.300918399435233574e+01
2.040217701243164594e+00 1.128109138092836794e+01
1.008568661357011731e+00 1.055008555090983080e+01
9.838642546605119721e-01 1.050772970680374208e+01
2.078497528065279099e+00 1.254410498429653487e+01
1.053886916261190354e+00 1.044211876969320230e+01
1.548393945815320194e+00 1.114356673035980627e+01
2.272497262493275105e+00 1.146478494552722260e+01
1.185388636423966968e+00 1.212653663053448838e+01
1.202837627750589000e+00 1.212413240176902107e+01
2.707114188698488633e+00 1.275413559745175007e+01
2.704524183231264978e+00 1.277461418943997451e+01
2.070057902880344969e+00 1.207380826018511399e+01
1.692591348922802164e+00 1.236127585466733514e+01
2.088897559059115228e+00 1.162837131588968198e+01
2.386734930233968655e+00 1.295064023366459693e+01
2.117675027829614365e+00 1.169002999681892341e+01
2.024273818309569872e+00 1.253975088249239178e+01
1.772361367665374443e+00 1.255246768931351298e+01
2.228656463570709789e+00 1.184382324773332407e+01
2.125322822037170933e+00 1.221919993896272771e+01
1.601534367109986645e+00 1.170446772876704422e+01
1.985499296666461744e+00 1.132999581794415178e+01
1.810964729529963790e+00 1.253044961045384476e+01
2.406456714909792183e+00 1.269273724929438707e+01
2.413241056256472561e+00 1.267658898867963124e+01
2.151305956141797981e+00 1.210184825354540550e+01
2.404364336024063853e+00 1.263448486886562705e+01
2.466580507007148260e+00 1.252218368455114472e+01
1.838790099534360900e+00 1.171670878551690187e+01
2.158317109990524507e+00 1.112294396249582462e+01
1.596920230656951656e+00 1.214749043849213272e+01
2.002637991738800860e+00 1.175375475672571213e+01
2.314433560372483267e+00 1.275763998947387101e+01
2.112145907534816125e+00 1.205530086046019633e+01
2.045419470406719231e+00 1.231046156950504944e+01
1.911727779933162452e+00 1.289711270603648785e+01
2.805810693083917062e+00 1.312055628924874640e+01
1.727788484134000102e+00 1.239404398215118164e+01
2.621124952034038280e+00 1.262414517160874361e+01
2.052634150866915697e+00 1.094506626893020851e+01
1.714756606532564343e+00 1.116339047854965472e+01
2.868884932470915139e+00 1.328476782338970885e+01
2.015335289621858816e+00 1.183826127837881614e+01
2.213831865163329304e+00 1.143013649148721989e+01
2.309881489284809408e+00 1.239518238012292706e+01
2.158262243774915490e+00 1.245559205133926994e+01
1.950926434676492516e+00 1.264920109268721937e+01
2.581718326801882846e+00 1.286272275812284782e+01
1.447639505683305572e+00 1.123053139553993418e+01
1.741641565093335897e+00 1.143510321508090399e+01
1.347118087760561966e+00 1.163300129405554806e+01
1.970527739211340279e+00 1.214561491883231170e+01
2.309847074295851677e+00 1.184342432598530692e+01
2.194280294642499296e+00 1.136505038499966957e+01
2.014280465706935974e+00 1.190974496653559456e+01
2.140264364137786313e+00 1.182804748057251842e+01
2.145332587791668022e+00 1.141339080332681988e+01
1.815834349256522762e+00 1.163715892293868848e+01
2.591733419780934078e+00 1.236102151763536483e+01
2.354078439968677383e+00 1.260830101556079264e+01
2.075283281320425832e+00 1.172467250782950998e+01
2.195007989971865747e+00 1.125060281901158099e+01
2.017269879962895196e+00 1.184860409193970554e+01
1.767172151723350071e+00 1.205707216642463031e+01
1.952378010287471488e+00 1.196258703623021979e+01
2.146987423507236148e+00 1.148550389147423623e+01
2.132375073258642839e+00 1.164079448162318009e+01
1.840351288556821840e+00 1.184421837698484303e+01
2.044296849995381304e+00 1.157685951237911581e+01
2.357905459735148757e+00 1.228471228969744722e+01
2.338177611072218554e+00 1.188145676350607793e+01
2.461180886254724864e+00 1.224949318730830683e+01
2.455509018411899724e+00 1.226070655784208974e+01
1.218840450025107325e+00 1.120845990408786363e+01
2.057578829855084557e+00 1.151086799701954888e+01
1.913657785178519699e+00 1.130730636043632487e+01
2.131332883175077964e+00 1.089098660400655305e+01
1.946846778901085262e+00 1.192419440045529555e+01
2.059703393799373838e+00 1.183104810714380584e+01
2.662843612870450904e+00 1.324550935431109266e+01
2.255001710361492329e+00 1.142760412193845276e+01
1.867233135939839084e+00 1.219658991261065317e+01
2.127283470463323223e+00 1.108503554805476199e+01
2.124229581943481993e+00 1.117261044978409501e+01
1.400560980906702779e+00 1.125412703365573819e+01
2.150277394020978505e+00 1.285405283488890404e+01
1.977687928563820918e+00 1.276536968951371342e+01
2.049387577631006874e+00 1.117300940623097816e+01
2.023174063478414109e+00 1.294024071476251159e+01
2.219934076323283545e+00 1.312163960741403024e+01
2.092792942091878494e+00 1.216637841847726698e+01
2.068804173697478710e+00 1.236250171583585278e+01
1.466791337639679726e+00 1.238404677796994058e+01
2.063583167787526484e+00 1.275862438339657068e+01
2.610000413866917057e+00 1.255982663162832402e+01
1.517563713374471046e+00 1.157586796866155154e+01
1.277697303552131070e+00 1.159958665110401554e+01
1.884018156810973288e+00 1.140447694782865540e+01
2.081656219540339858e+00 1.150106120201286153e+01
2.097973606915882083e+00 1.138520312767242082e+01
1.032493968773299464e+00 1.052570880086564387e+01
2.332657750861721446e+00 1.164328844234264437e+01
2.069971423464129767e+00 1.084789336633138745e+01
2.628253792470641503e+00 1.278590913184721956e+01
1.960043321148189355e+00 1.291308648336132237e+01
2.018140631353275705e+00 1.236418866604363842e+01
1.859729357830444352e+00 1.261208842982534151e+01
2.240400900563941811e+00 1.232042786916635713e+01
2.267622036466336422e+00 1.186247413488810487e+01
2.360157545287250969e+00 1.176576752153087391e+01
2.078398155022151528e+00 1.272659622090469433e+01
2.458591330309725986e+00 1.285239481034198583e+01
2.203922911616481350e+00 1.181911427046857099e+01
1.845933197389612701e+00 1.203000243569491268e+01
1.842374661541589020e+00 1.277071758622901676e+01
2.387758136615107496e+00 1.275797057089839193e+01
4.380617333648352818e-01 9.171976766579048146e+00
2.724991517138168451e+00 1.267166296345805954e+01
2.645808893895073233e+00 1.280032712347772517e+01
2.525491824934985363e+00 1.292657657490413570e+01
1.560246499239495099e+00 1.189710461343294945e+01
1.375254762186710611e+00 1.168169923165632795e+01
2.222128834229009975e+00 1.248080228669331326e+01
2.050469741395518408e+00 1.186730825947774193e+01
1.437296658931679127e+00 1.227941516352763784e+01
2.414703493981961380e+00 1.187742513195644278e+01
2.139699514702424477e+00 1.229638621728544123e+01
1.982054450415328795e+00 1.075381179481017568e+01
2.135981787196766568e+00 1.285367193530593966e+01
2.218395848128795755e+00 1.262186749455100809e+01
6.201249372659672909e-01 1.178639035822438075e+01
1.086991463052640716e+00 1.155404548600894366e+01
2.628803412891000946e+00 1.306636578761783340e+01
1.762210068561677279e+00 1.171903985177311291e+01
2.368841664309723871e+00 1.188375295000934706e+01
1.758772257145328366e+00 1.200744356666859680e+01
1.983146802500585837e+00 1.198463484668085854e+01
2.247332504173178869e+00 1.166232362142636703e+01
1.953433246477924046e+00 1.255579008715473321e+01
1.888650364243643631e+00 1.254001103987270227e+01
1.984673074927169267e+00 1.206932974374991119e+01
2.258725044827326833e+00 1.159255609466363524e+01
9.476683802862320150e-01 1.179763659809218446e+01
2.213577566399572927e+00 1.202149388105670980e+01
2.252667098966095960e+00 1.192155233058637975e+01
2.206998042451961517e+00 1.189781406684217302e+01
1.425102587756190475e+00 1.166844179240769463e+01
2.043268509025094382e+00 1.103111238956488904e+01
2.441315467502161773e+00 1.277847266832605655e+01
2.011460016031491715e+00 1.107537749133985550e+01
2.226090930170505189e+00 1.179636915848236711e+01
2.414928786309616715e+00 1.191696960389788984e+01
1.944951846631588932e+00 1.186676340120890494e+01
2.352382436039649249e+00 1.203077841013563543e+01
1.938259689036696098e+00 1.264005121023992473e+01
2.116681444204318474e+00 1.121867765858809740e+01
1.782195681344580951e+00 1.211693405350725605e+01
1.726948956664991375e+00 1.204384236573737610e+01
2.361585048736229098e+00 1.161505289634694726e+01
1.919078093194020118e+00 1.207763669643587612e+01
2.597938008342535188e+00 1.276084149305474291e+01
1.848157503325654094e+00 1.225200618559369836e+01
2.157412969882784637e+00 1.193866421704558967e+01
2.044501423087776715e+00 1.209286611064103489e+01
9.380026636490906844e-01 1.105670182649060607e+01
1.880902369670325092e+00 1.163114565046429583e+01
1.743574826130461553e+00 1.125781590737535609e+01
2.156515155557367169e+00 1.089447427412081737e+01
2.016429308049457525e+00 1.172539317157914596e+01
1.773568013979975877e+00 1.125142409411128419e+01
2.205227725728994059e+00 1.219002592507234972e+01
2.190650648757688224e+00 1.162648334441404785e+01
1.376995097703624049e+00 1.221659466769005142e+01
1.288857603689394171e+00 1.211880800940894609e+01
4.272611300275871438e-01 9.449252685017912157e+00
2.229337831384873958e+00 1.196651396183083982e+01
2.022575991476161406e+00 1.212771275028825357e+01
2.425304063122383891e+00 1.165619938142949685e+01
2.049430180312352689e+00 1.240153058436518485e+01
2.159259868598626841e+00 1.227638961919218019e+01
2.412513876552646597e+00 1.174478012027161355e+01
2.336216369020671202e+00 1.194333787437567018e+01
2.035824106463927308e+00 1.170211059053284508e+01
1.995961612045602296e+00 1.200382003106702378e+01
2.269722383998709070e+00 1.189928383548062030e+01
2.239658030697998736e+00 1.165263876085603911e+01
1.821479832606013760e+00 1.181226889155984239e+01
2.172931100226942025e+00 1.178788184212933565e+01
2.224922237163754701e+00 1.186131174415775646e+01
2.258494645012153246e+00 1.162171016252311340e+01
8.328881967572403511e-01 1.048978210790018828e+01
2.300058713161844626e+00 1.188711359596443096e+01
2.151320476467253329e+00 1.215834815224160614e+01
2.105210365211390044e+00 1.224556350763118040e+01
8.655111994650898088e-01 1.104864465986384126e+01
7.153661102567736574e-01 1.088353523265713996e+01
1.747112621573617020e+00 1.250302279534270333e+01
1.889156711100374642e+00 1.268847663391238534e+01
1.972192827414832372e+00 1.205124035497123636e+01
1.979960540014061854e+00 1.203478932205990226e+01
2.094552953773734405e+00 1.111613727881843872e+01
1.736502625025840629e+00 1.166082555781861352e+01
2.577462907088632349e+00 1.316755779890283229e+01
2.378842238206429371e+00 1.185908168625809012e+01
2.298614584783192250e+00 1.197821016267907090e+01
2.054155380321804891e+00 1.096609351671533439e+01
2.079592950449670408e+00 1.068399477073189274e+01
1.779288630933986370e+00 1.176968156985750014e+01
2.017399587585807286e+00 1.137368303028237548e+01
7.110603467989754511e-01 1.077089826386840166e+01
2.233942627098788769e+00 1.197312513694279978e+01
2.143285977733608405e+00 1.101684428326703369e+01
2.132072102913444844e+00 1.116964319356962498e+01
7.177614529569753543e-01 9.988194844744981538e+00
1.924769611953137671e+00 1.219182133051193340e+01
1.258137050887187192e+00 1.173263354806322845e+01
2.304665082679323795e+00 1.167405108325267449e+01
2.100063603710252469e+00 1.214741115714391739e+01
1.555052101569836864e+00 1.141464029809470127e+01
1.838313298250746408e+00 1.160770919599417539e+01
5.284251289336089341e-01 1.117667655471645993e+01
2.532820739797122744e+00 1.242205332548024188e+01
2.497390312452403727e+00 1.257002431452045244e+01
1.604637738880836162e+00 1.196147926741268996e+01
1.366801492204718471e+00 1.219512402306108712e+01
2.499933890009041981e+00 1.274649750797745007e+01
2.301803390039343977e+00 1.142767100011028170e+01
2.292828332806788882e+00 1.147458387145812786e+01
1.950531128131931302e+00 1.197340863492281215e+01
1.982765860420427240e+00 1.176937497814861544e+01
2.515774505363869373e+00 1.245033556794174068e+01
2.119984526256996293e+00 1.130150088803517150e+01
1.889836290001700281e+00 1.181746820797176056e+01
2.294157066017838087e+00 1.140560172702731556e+01
5.138865851347743652e-01 1.017433609752932000e+01
1.426284750302317494e+00 1.231574682109331498e+01
2.185348149318262490e+00 1.206592150310559042e+01
2.257098440519903271e+00 1.209503766743746311e+01
2.363357143125876192e+00 1.192749138618071747e+01
2.072521727660771695e+00 1.174856936493316262e+01
2.556957126821267856e+00 1.295748334784729217e+01
2.644208447176367383e+00 1.278495131056151735e+01
1.431503927703892565e+00 1.068976457894577159e+01
1.902300540961583852e+00 1.269553755698329311e+01
1.869727407138006559e+00 1.101320049419428493e+01
2.251180666977376177e+00 1.192064208775230760e+01
2.325208548273102416e+00 1.182957644127764496e+01
1.547185883722314692e+00 1.242617688200066617e+01
2.225727091556115589e+00 1.192826645196405977e+01
2.000060655402878584e+00 1.117224439338297337e+01
1.933277515800993385e+00 1.278045838191732742e+01
2.080601650051693952e+00 1.092604556685744122e+01
2.128856605087262377e+00 1.122939411777689855e+01
2.126648299374092943e+00 1.126950486524269479e+01
2.258328131607099110e+00 1.236261771717091307e+01
2.137839915891075471e+00 1.223111809218006485e+01
2.315282889137013189e+00 1.250356766765973937e+01
2.595350863706269884e+00 1.345174201096584987e+01
1.665175480439524236e+00 1.243637753756062558e+01
2.061334319013569782e+00 1.185144894307432928e+01
2.600927161284844136e+00 1.273805797665255923e+01
2.599082575732801104e+00 1.275082432911179531e+01
2.503619764012478655e+00 1.209701296529359382e+01
2.101239772031051167e+00 1.212481872060311794e+01
2.262573534168005107e+00 1.196321420883893083e+01
1.752932412267004025e+00 1.170884191270468477e+01
2.250866506925899291e+00 1.218601465087483326e+01
2.230628883226820847e+00 1.223524473454886063e+01
1.422903351783625370e+00 1.115820937076633967e+01
1.036013818917728591e+00 1.122931826340966666e+01
2.374265999046851316e+00 1.268077307156720224e+01
2.503677330536291379e+00 1.334585480093436161e+01
2.585760233013581821e+00 1.323426388280697807e+01
2.115918399345372958e+00 1.172302833506330444e+01
2.044019292208084426e+00 1.128518150058264524e+01
1.984913187186097883e+00 1.207559460822496966e+01
2.161584885547279455e+00 1.085141960665669991e+01
1.788254083576215070e+00 1.106390347373010385e+01
2.304618524311019101e+00 1.189024322734055517e+01
9.201637093311854088e-01 1.132311074213316004e+01
1.521337750711751813e+00 1.234312645184120605e+01
2.180468436756691553e+00 1.196127324541020620e+01
1.982836230860677729e+00 1.207834837672455919e+01
2.146923100269472862e+00 1.159763159572269942e+01
2.003425676589184690e+00 1.193917528148315910e+01
1.905945167415169283e+00 1.115921338579031641e+01
1.946907923440241328e+00 1.109087902452136198e+01
2.295714414809526094e+00 1.205050733472188007e+01
2.067505651619872875e+00 1.247928695114034170e+01
2.394666330020338130e+00 1.202683594160937730e+01
2.000230971123719836e+00 1.291317195239243709e+01
2.260251420585717597e+00 1.163738237469742920e+01
2.250621982393447684e+00 1.128926732872206706e+01
2.247253452028238119e+00 1.130462638147247922e+01
1.835236071937896174e+00 1.209131028940075048e+01
1.874383691043448152e+00 1.193035713113551033e+01
2.480801652134220436e+00 1.225721588921397043e+01
2.298175315327430468e+00 1.238185216295704905e+01
1.362914752541807717e+00 1.215099565977417839e+01
2.087987123506462428e+00 1.215683692185955422e+01
2.208180090557629871e+00 1.204189799243106052e+01
8.271078237944198275e-01 1.030240594665710319e+01
2.118876030905199936e+00 1.226184307844298615e+01
2.287831397046497184e+00 1.233330735505171738e+01
2.504850615088586085e+00 1.202076205229685790e+01
2.493735266568170683e+00 1.211609339403860908e+01
2.393609108084870929e+00 1.231408981409208359e+01
2.402052895526795240e+00 1.226560726261663525e+01
2.063863231225695039e+00 1.156491609316556968e+01
1.859207362288857857e+00 1.199119223557990033e+01
2.018701333127093989e+00 1.113942564482819542e+01
2.390810973306514153e+00 1.174275048864184257e+01
2.456210939801418913e+00 1.143904793930588504e+01
1.346275189292751140e+00 1.159543236137059097e+01
1.743090218813946990e+00 1.177578809216481126e+01
2.138904659728587454e+00 1.153550941320225753e+01
1.271935222683238553e+00 1.058944854442196259e+01
1.550249135137050205e+00 1.132265408267357643e+01
2.288533835884131840e+00 1.277352821819236794e+01
2.012945079828922790e+00 1.269669051285351458e+01
1.918815741074564984e+00 1.185187884691961102e+01
2.329510789203078858e+00 1.159934879375537342e+01
2.123982347953185190e+00 1.194709425583391926e+01
2.219568265059430612e+00 1.167874362882776396e+01
2.418405618462157403e+00 1.227283143251567132e+01
1.751576149748416578e+00 1.202724455631416234e+01
2.070702707226914185e+00 1.217595391233145108e+01
1.919060532038658007e+00 1.235141080333692720e+01
7.374113483345083875e-01 1.008643584676757499e+01
1.868696099924185061e+00 1.154148051395152486e+01
2.499215357370586865e+00 1.273649995850673378e+01
1.514995137032123740e+00 1.218392329533339513e+01
1.998101559204429334e+00 1.142247762393380661e+01
2.309464204826946254e+00 1.138701403902468101e+01
1.408206780592179852e+00 1.124936830850041680e+01
2.320167650230849699e+00 1.132693341738718473e+01
1.593499832244199332e+00 1.182407718904607030e+01
1.571039688943280499e+00 1.179831938054726770e+01
2.167451984826272771e+00 1.316070461175207740e+01
2.272944739924386504e+00 1.181206320105417795e+01
1.798032198251699798e+00 1.252997890428145844e+01
2.553393200901133309e+00 1.265669046474560844e+01
2.523837231393050384e+00 1.287559219486558604e+01
2.240940192170165712e+00 1.147709687149576396e+01
2.438644377456408385e+00 1.226933081037621243e+01
1.588285027853638676e+00 1.110908856722645233e+01
1.659193395283447225e+00 1.116513829736233454e+01
1.712146978458867652e+00 1.199011204808071085e+01
2.128160456410562951e+00 1.130009963655355598e+01
2.613988903364605765e+00 1.251758804611912446e+01
1.794691219901753509e+00 1.255938605738284508e+01
2.493815962754096116e+00 1.273065021017565890e+01
1.813750951249769372e+00 1.234260695294531907e+01
2.090783416923339022e+00 1.124703846793026507e+01
1.858564293055083416e+00 1.149794721681387699e+01
4.107262079894436479e-01 1.036052967667824554e+01
7.543841400726986057e-01 1.055200373311771500e+01
1.959229328103288426e+00 1.213078705746343999e+01
2.570652867520128559e+00 1.259042109271684851e+01
2.409863786423501519e+00 1.256483025106651930e+01
2.313309282752257889e+00 1.297975622606908885e+01
2.115282337526180001e+00 1.142651575220646620e+01
2.534905450091110346e+00 1.326575801973430124e+01
2.179845481760646297e+00 1.256806263890565667e+01
2.191923162426205884e+00 1.235090848953058007e+01
1.918069088187907889e+00 1.221854698885634782e+01
2.202442430716769817e+00 1.225733080955676257e+01
1.707738861937740715e+00 1.253735967556804809e+01
2.288625425432882832e+00 1.132269648261799766e+01
2.289066494308294786e+00 1.130910772034396139e+01
2.235576010530815338e+00 1.226010963704337620e+01
2.014863876774514395e+00 1.160219745714196549e+01
1.366626028331954235e+00 1.178313740053139647e+01
2.194127719890613726e+00 1.141589468683644881e+01
2.024338340873071296e+00 1.176094950044724108e+01
2.098436596818440858e+00 1.198731742862165639e+01
1.423381690776443831e+00 1.190989496185884988e+01
2.005052945066601033e+00 1.215907671024310588e+01
2.072587885321143908e+00 1.132477541357877726e+01
1.616512608440077825e+00 1.110807744213684423e+01
1.024306632805935591e+00 1.178337964531588611e+01
2.044241513922856246e+00 1.270310195171385459e+01
1.927198329978735858e+00 1.268113069551032446e+01
2.161012764901614425e+00 1.227314946844325227e+01
2.183645224324165302e+00 1.215448330795252652e+01
2.110904784121954592e+00 1.163215778496274488e+01
1.553847731908644780e+00 1.167540495366639242e+01
2.171296876066436177e+00 1.184427439547667937e+01
2.286109134346812066e+00 1.311505566025669367e+01
2.250471068913589612e+00 1.249197577215753974e+01
2.106219898269479085e+00 1.176936083223335494e+01
9.884461588170309065e-01 1.138921224498459139e+01
2.019758856754100051e+00 1.192240504596544959e+01
2.150351586569481999e+00 1.270728026921705833e+01
1.564494329012359630e+00 1.111092242537446140e+01
2.045305788509550915e+00 1.205843142129845447e+01
2.068275839649272640e+00 1.201298579939854250e+01
2.503641255771162033e+00 1.302198185462252056e+01
4.865308114528935635e-01 1.038245013145244044e+01
2.300644472650291039e+00 1.156726625492251870e+01
2.290725269665093045e+00 1.160847279712370828e+01
7.347604814423452924e-01 1.002246250239779535e+01
2.043607184337654203e+00 1.114998002288169943e+01
2.300242807339373918e+00 1.121731228320680174e+01
2.173481255632052633e+00 1.137345197862074286e+01
1.882507381838840477e+00 1.154060076126286383e+01
2.550910410183067967e+00 1.321421199194265839e+01
2.695518239503644331e+00 1.295230487277168763e+01
2.794080559927689666e+00 1.305565211579147089e+01
2.232640909321454981e+00 1.204606312866905071e+01
1.571948239340354769e+00 1.131161288798248599e+01
2.108078500351936224e+00 1.090968915189111144e+01
1.722597491474420206e+00 1.165046454632177308e+01
2.306483139459166054e+00 1.175070651385446041e+01
1.588015961845899549e+00 1.240201791446877699e+01
2.736895544796230428e+00 1.297130017555655712e+01
2.148722568940507394e+00 1.245339017093144385e+01
2.178962142682453695e+00 1.151996711238003357e+01
1.833046758034075019e+00 1.184653963073823668e+01
1.920215532866279107e+00 1.176997249194839235e+01
2.365407570742820376e+00 1.310569009974293664e+01
2.250232599266099420e+00 1.212538903023690651e+01
2.493119470966469464e+00 1.187888055458305026e+01
2.031700359169384740e+00 1.124606078169930079e+01
1.693059564364113312e+00 1.164476162166350015e+01
2.007751442640345552e+00 1.144017657814305267e+01
2.312754914957680263e+00 1.126031037584814243e+01
2.307127512462439523e+00 1.142499075461644686e+01
2.230445240265424900e+00 1.301033702429791994e+01
2.547746271245638905e+00 1.330566601254398229e+01
2.664140726706032414e+00 1.310404020012718185e+01
1.711925254934745455e+00 1.177787905925953815e+01
7.982418721914745774e-01 1.134660752442879783e+01
2.041379425049281160e+00 1.132866840195621627e+01
2.379936622224353204e+00 1.251202145693936352e+01
2.363579961894536563e+00 1.250668071640875922e+01
1.995041099041962473e+00 1.224559610178808988e+01
2.182851936205099097e+00 1.203712827162928889e+01
1.673896394319393188e+00 1.258140399132652831e+01
2.197864833542843677e+00 1.256319563785265636e+01
2.191189099252365491e+00 1.247447803910945474e+01
1.916915257473118306e+00 1.281204183051202961e+01
2.197623750435246937e+00 1.088730159861372471e+01
7.265647052709520715e-01 1.114914777687345904e+01
2.430824524194862057e+00 1.277013687509734652e+01
2.533320881040180605e+00 1.254433391152205957e+01
1.839692708955646960e+00 1.136983941426011313e+01
1.913290535337817566e+00 1.135709250733577491e+01
2.287179435342360456e+00 1.165806812026962369e+01
1.821834053452093816e+00 1.122221181188168160e+01
2.166096213408515769e+00 1.123026304705953393e+01
2.164535649163850106e+00 1.127392083177791449e+01
2.486186497957515673e+00 1.252043029758798731e+01
1.882796680721379179e+00 1.261914625610190654e+01
1.653194609039238872e+00 1.258562161486386977e+01
2.270835140887239589e+00 1.205303587063293946e+01
2.227960107888159680e+00 1.211383167464576260e+01
1.985597832195818979e+00 1.105074522288215988e+01
1.969240086549367330e+00 1.107046911123615018e+01
2.202063237304119347e+00 1.245558553857634010e+01
1.809419964377305234e+00 1.244012154798869574e+01
1.810041892279362630e+00 1.223444602452462959e+01
2.129443645766868620e+00 1.165978076051472456e+01
1.724201452069593188e+00 1.220570757902495984e+01
1.030414372568701831e+00 1.109816600019108535e+01
2.197339524236622044e+00 1.182180820462713733e+01
2.270693431826186881e+00 1.179302877653570825e+01
2.643809579700619139e+00 1.289698998228444715e+01
2.325369089735429107e+00 1.124849222641520896e+01
2.344544828305962447e+00 1.110668862928105938e+01
2.308780757639695036e+00 1.235590413909619656e+01
2.081258643571651579e+00 1.148538274579827245e+01
2.094105056163658940e+00 1.127033634670769580e+01
2.086412295139867368e+00 1.141650371150465304e+01
2.276704642973913728e+00 1.189300139117602484e+01
2.281533903240606342e+00 1.205421180870956732e+01
2.324373564884594678e+00 1.195874557741733746e+01
1.521921622589508249e+00 1.235256173212452069e+01
2.014194894812128211e+00 1.141936220543893832e+01
2.280355084993903603e+00 1.267833510226082083e+01
2.537838095766299151e+00 1.249944169120871962e+01
1.452738097240836135e+00 1.112295422053697713e+01
2.234746041733075117e+00 1.231002266747069562e+01
2.426864224381122259e+00 1.291193569480847714e+01
2.647544422833976618e+00 1.280346471992353230e+01
2.412625421656974911e+00 1.247606857544560732e+01
1.881105647693812610e+00 1.268288655773434037e+01
2.358161966408187205e+00 1.226779248200335282e+01
2.137318028101808931e+00 1.175061719387617210e+01
2.108045144740923416e+00 1.187254420161704083e+01
1.354588661612746492e+00 1.096707052656065962e+01
2.265518118858559138e+00 1.294183509101159224e+01
2.665280330582691093e+00 1.291007874160808200e+01
1.306594976523538953e+00 1.130370398258131637e+01
1.292337940926625794e+00 1.157642737113686238e+01
2.027311032132597113e+00 1.084485293513294302e+01
2.127857641668625455e+00 1.102805411980736316e+01
2.127859339817752549e+00 1.102824443634276719e+01
1.896427881017517469e+00 1.118155628279928671e+01
2.374552653039749384e+00 1.223183791115544494e+01
1.847755706527541619e+00 1.182096536855475932e+01
2.478588034283860875e+00 1.257196182594927336e+01
2.273367103173781878e+00 1.171935627603093089e+01
2.351085389524053770e+00 1.156442495986274643e+01
2.281269831095949385e+00 1.169936939993037228e+01
2.521546133757557318e+00 1.228748726800447955e+01
2.368865926830076685e+00 1.256268987987438202e+01
2.322068690957066472e+00 1.174121004173669647e+01
2.229837606873023237e+00 1.200893100673203051e+01
3.958875366114285588e-01 1.165704272712702583e+01
2.146897587485078862e+00 1.282384182048675392e+01
2.055952136471231206e+00 1.124983025650971946e+01
1.980686096628048398e+00 1.154406901369467775e+01
1.664677353187223874e+00 1.189513435516734141e+01
2.367982891879524043e+00 1.197790659151007198e+01
1.931131384980064203e+00 1.253153453393982097e+01
2.504453284722182538e+00 1.256719569645435719e+01
2.183762672906231384e+00 1.263469913540225420e+01
2.100846233670475183e+00 1.102791650729158945e+01
2.090115701534267956e+00 1.113329698261015999e+01
2.542087047976313574e+00 1.306318642203066105e+01
2.617429023321491854e+00 1.301693747969387793e+01
2.438849253356472957e+00 1.272026125789068018e+01
1.713503415248782913e+00 1.177142237979091632e+01
2.088719143955452218e+00 1.097356741862350304e+01
1.995134624785505961e+00 1.208607277850016892e+01
1.823619252729258289e+00 1.206721088715046264e+01
1.042338248826322866e+00 1.169064528951011184e+01
2.042620141690869140e+00 1.235611396017195496e+01
2.507446234256812012e+00 1.234405498025502723e+01
1.810473118803102466e+00 1.246202760784671426e+01
2.169300766345114706e+00 1.125134020979354688e+01
2.167592221716379441e+00 1.132507338181231482e+01
2.532413636057210038e+00 1.249703553469653450e+01
1.266291009090583675e+00 1.182137484642749570e+01
1.752840651348353651e+00 1.225388991385450588e+01
1.966412426349800846e+00 1.140323669371131388e+01
1.225593827940645086e+00 1.117655857600995972e+01
3.399355905299374925e-01 1.011858929321801170e+01
1.727538031287018994e+00 1.123166187654899417e+01
2.376355655031886727e+00 1.258164820944016959e+01
2.220039646749181195e+00 1.172832941450723965e+01
2.070417465536953827e+00 1.085114360633519404e+01
8.819972584477963062e-01 1.091735583894008599e+01
2.364917745346076128e+00 1.164873436989824285e+01
2.115650642158541483e+00 1.236147445439172365e+01
1.987010604168511163e+00 1.232827052571714432e+01
2.003118165784355309e+00 1.111464916534930225e+01
2.035837113864907177e+00 1.099256549533175153e+01
2.042411163031397692e+00 1.225467937991730949e+01
2.401670769837659591e+00 1.209907710198527120e+01
2.315201039207122502e+00 1.209762433333748533e+01
2.236119347434776028e+00 1.234312320925315554e+01
2.469563008267937398e+00 1.261606616339153852e+01
7.652056839986065562e-01 9.884919550108087094e+00
2.032933177381086143e+00 1.139895032811700126e+01
1.504179110704131128e+00 1.119821925171195254e+01
2.071782868920802212e+00 1.129946891908140572e+01
2.317332084725956420e+00 1.293038962972243944e+01
2.115434691215592800e+00 1.101976419329723633e+01
2.195670386314423350e+00 1.081960948747459739e+01
2.225805106066799155e+00 1.247561496100138356e+01
2.396629871399176270e+00 1.208444451373634188e+01
2.301708403799194169e+00 1.228049143279811517e+01
2.015825998317166245e+00 1.156473514815750825e+01
2.127259075715814074e+00 1.112171791012526434e+01
2.274696553735394033e+00 1.229460380695409150e+01
2.010849031746141602e+00 1.244506027990161279e+01
1.926122301617509303e+00 1.110187928884159625e+01
1.111034174004496666e+00 1.112131844170305861e+01
2.070518437775847431e+00 1.112859178310620045e+01
2.252494772638034881e+00 1.269190486870473400e+01
1.360467257107293548e+00 1.168349417251898181e+01
9.557858208836105263e-01 1.099870513363063829e+01
2.059484541484151610e+00 1.176708602011050964e+01
2.149900875654253252e+00 1.146402506894162165e+01
2.226555834788420896e+00 1.190173316259980929e+01
2.007469597525769700e+00 1.269361798634211347e+01
1.015897265725778320e+00 1.099702098157098895e+01
2.289009097358182032e+00 1.131249773464299935e+01
8.551084631596587160e-01 1.052075804975298290e+01
2.288918244397656565e+00 1.218595272558446752e+01
1.990254964941188920e+00 1.232346228943929312e+01
2.249236474632422933e+00 1.129363139694723550e+01
2.067461294138966732e+00 1.239640418158040447e+01
2.004089284599760656e+00 1.251413765316079285e+01
2.372142657757683626e+00 1.174901650763585081e+01
2.283919338806111643e+00 1.149672541095716127e+01
2.246562496104492102e+00 1.154495249920586097e+01
2.258011105256363393e+00 1.151994484381674333e+01
2.338975225284233961e+00 1.206348177738221317e+01
2.282798288739696257e+00 1.216752086219229945e+01
2.247184861727029137e+00 1.148908285338597146e+01
2.258351711798415540e+00 1.140937296570777981e+01
2.379578604470882208e+00 1.231972345997694340e+01
6.160011903654858401e-01 1.138365261024463138e+01
2.158540979674403282e+00 1.082847142888207692e+01
1.924118730776371189e+00 1.210295028937669848e+01
2.243930814081522840e+00 1.200069885820601634e+01
2.050394489200177084e+00 1.251272136096994458e+01
2.151870934272494651e+00 1.286762991913121112e+01
2.188544879918531638e+00 1.288066509586629493e+01
2.174714906206598020e+00 1.205579225348588324e+01
8.498446951314374553e-01 1.046046580247995550e+01
2.205269323203728149e+00 1.223597320699696489e+01
2.213965110303263373e+00 1.150921959986455967e+01
2.094449699580057889e+00 1.185721464662966085e+01
2.070703551003431286e+00 1.190598195896691713e+01
1.998047710658957588e+00 1.174816295019878254e+01
7.520143362223199457e-01 1.076157103212228350e+01
4.351999409169095556e-01 1.060170785565816942e+01
2.333436374897146504e+00 1.138211887400495748e+01
2.322265156733938962e+00 1.144526965727010115e+01
2.258511010560981358e+00 1.248982867950869746e+01
1.830222937408831463e+00 1.213778890973114244e+01
2.340700017145525447e+00 1.240542128238064912e+01
2.556446342932451543e+00 1.300311352105797802e+01
2.263606222198205398e+00 1.310890642356951297e+01
1.817721068167325926e+00 1.182179060411415072e+01
2.142031336251598361e+00 1.167724519193277466e+01
2.167575104885369974e+00 1.093350264493432178e+01
2.303185358113560177e+00 1.228631585846775209e+01
1.938605949844832921e+00 1.132021743104083455e+01
2.078601727466786286e+00 1.104407792489513795e+01
4.698829539124252941e-01 1.009337505211048835e+01
1.943826191177164597e+00 1.209539199579530866e+01
2.496595993291971016e+00 1.347367209281705946e+01
2.590410042212924147e+00 1.349662280386139201e+01
2.555794382095616157e+00 1.229701619044274352e+01
2.207917899342643597e+00 1.100480722589873395e+01
2.064197843353237527e+00 1.093890747875396130e+01
2.091510270218247314e+00 1.080224821167510996e+01
1.386738087357314964e+00 1.207730770829704348e+01
2.154545350639886614e+00 1.284519526850150939e+01
2.179754870588421767e+00 1.116239524805223304e+01
1.940955442370471573e+00 1.197156625623629012e+01
2.389259604757377087e+00 1.315312462336340005e+01
1.996142550410147321e+00 1.299044209666540795e+01
2.242970065126973278e+00 1.149351873934827495e+01
1.938473138517380789e+00 1.194334772266216405e+01
2.286283166702176128e+00 1.204267467770236522e+01
2.134854369295337229e+00 1.208774597222771519e+01
2.618457665544902557e+00 1.257095746996076535e+01
1.841890117086348200e+00 1.196165262131268570e+01
1.169718329061494977e+00 1.139798756644467126e+01
2.401760608635123972e+00 1.204169442308175419e+01
1.662149484411271860e+00 1.172969815951805117e+01
1.879553548747484149e+00 1.176039802912829479e+01
1.655111722961502663e+00 1.243184901145782639e+01
1.573294793546962111e+00 1.191641623905163705e+01
2.160595641734920580e+00 1.151930281694014546e+01
2.043353662144320904e+00 1.179599805609749019e+01
2.407720008678616797e+00 1.327806466561452758e+01
2.096927870806708949e+00 1.274363562704673036e+01
2.356235497337515028e+00 1.221438440647494517e+01
1.544050725598234086e+00 1.239940079077539536e+01
2.165447474114877480e+00 1.138947202568505190e+01
2.106790659127997678e+00 1.231460345236476428e+01
2.463162407536951815e+00 1.227900943223071728e+01
2.003097066804646609e+00 1.163496221669357311e+01
2.107404879761996419e+00 1.142847832209594827e+01
2.295802429405116918e+00 1.220524059626916014e+01
1.930084664274905881e+00 1.260649371807296326e+01
9.274119938198386315e-01 1.138780894151410017e+01
1.952320351630966622e+00 1.175242540680722847e+01
1.977672684100785006e+00 1.110980271855989088e+01
2.190771695365694161e+00 1.229774573729928733e+01
2.398663709289637680e+00 1.197640286396805465e+01
2.670091167219364792e+00 1.275091377106142154e+01
1.232961903799415504e+00 1.198006255178622581e+01
2.321595161029371912e+00 1.316618851666674317e+01
2.122065271837315414e+00 1.156124514467669862e+01
2.024390690655622826e+00 1.165416293179134755e+01
2.184558012928505377e+00 1.098148305048454709e+01
2.101041283457013797e+00 1.155476241812528571e+01
1.575486197736157612e+00 1.182269246835476295e+01
2.002598221199024753e+00 1.245060078204020471e+01
1.423287174824579671e+00 1.211442771080719361e+01
2.104489286696400452e+00 1.179759500661280036e+01
2.176375553081246306e+00 1.204081324609215997e+01
2.141074405884976883e+00 1.131636849120723554e+01
2.127522004913043663e+00 1.142892999431304091e+01
1.814808236674348318e+00 1.251734567184524316e+01
2.031138754856289363e+00 1.132600424907426095e+01
2.162974424165685416e+00 1.196164218631940734e+01
2.158647760983186448e+00 1.138388948300942083e+01
2.183817214602361556e+00 1.130147797583578395e+01
1.973919666278172391e+00 1.181012978245471601e+01
1.359466181518667272e+00 1.192380033467371980e+01
1.080856680450615670e+00 1.178486342741341097e+01
2.389567813075626823e+00 1.187713914476750432e+01
2.386326998222638274e+00 1.196156902920844800e+01
2.402376872939422814e+00 1.187623814320671833e+01
2.015222711786201160e+00 1.177062128503321681e+01
2.267451818085694626e+00 1.240989202177730810e+01
2.007511414845766673e+00 1.235335007083857661e+01
1.900332128102760088e+00 1.246892833204792161e+01
2.070116982468100719e+00 1.240844624154053122e+01
1.429238598792613280e+00 1.116931938874403230e+01
2.196566745659726205e+00 1.183071271138371117e+01
1.090596118531654835e+00 1.017439307995525510e+01
1.635189007280567264e+00 1.100798395814684483e+01
2.608526461130863616e+00 1.328340991662415504e+01
2.591405647511034971e+00 1.328599315870439312e+01
2.388361741026483909e+00 1.128139054594168122e+01
1.648491064403583950e+00 1.189762036573397630e+01
6.286842418211834316e-01 1.059679465818414634e+01
2.143363596775478719e+00 1.282919111703512982e+01
2.227708134934696993e+00 1.157781443428892487e+01
1.927081859592183477e+00 1.220197009394428989e+01
2.362626499803002211e+00 1.173580531706788044e+01
2.382696957151120731e+00 1.211239370923883740e+01
1.457259508806366899e+00 1.191634489078436765e+01
2.162710976957535891e+00 1.131190928629028214e+01
2.152340157634336837e+00 1.138770383893661275e+01
2.056027857586415930e+00 1.094511176055873669e+01
1.900944691447581603e+00 1.116150327879076976e+01
2.253949751267887880e+00 1.202864253859374521e+01
2.163658319950613418e+00 1.126422434932056404e+01
9.870702445538649394e-01 1.097982112732868210e+01
2.445866551930256261e+00 1.142460036333593543e+01
1.968109905227577006e+00 1.161286210514522566e+01
2.215755611686403448e+00 1.124658328982307154e+01
2.245101376605304289e+00 1.103430364160055355e+01
2.026757853181091917e+00 1.121434234157723431e+01
2.027600022747721997e+00 1.126935787792967325e+01
2.370988525036707983e+00 1.226626407861366097e+01
1.793680182216750518e+00 1.247414031327468642e+01
1.776948996574827300e+00 1.192645950386294196e+01
2.643896555399724235e+00 1.302887759279351165e+01
1.304797437109084468e+00 1.193660344800880146e+01
2.410072360202527797e+00 1.194606842949154313e+01
2.413873925948831545e+00 1.184315847334732830e+01
7.942164351121472343e-01 1.117583165344261964e+01
1.308805603790647032e+00 1.182349345822253106e+01
1.988978342082895479e+00 1.277114532902238864e+01
1.568706034213933176e+00 1.141442113784287393e+01
2.334720026491693190e+00 1.201636739195924442e+01
2.201501171923229805e+00 1.204248875798598206e+01
2.152212578024941259e+00 1.148908032114010247e+01
2.161575472660386854e+00 1.147835061182530048e+01
2.257232684228121400e+00 1.144409156033383645e+01
2.140978904755265422e+00 1.247832173205364903e+01
4.820212766501353330e-01 9.317617253200223715e+00
1.604574914589312229e+00 1.167292580548447312e+01
2.226743099627390698e+00 1.207963526832565471e+01
1.275106635042714931e+00 1.155468075980927090e+01
2.291658750786956578e+00 1.156910539718812991e+01
1.993433465681030192e+00 1.257866540231564834e+01
1.557119625705494892e+00 1.162668257420824425e+01
9.572662407132530582e-01 1.134449299408441192e+01
1.161486946539773246e+00 1.169709833229178741e+01
2.156740316061010798e+00 1.238017794863040955e+01
2.051301459966920593e+00 1.240477700787533522e+01
2.157020740802241932e+00 1.142593239700931740e+01
2.317204203128275353e+00 1.161462910608883270e+01
1.767139852893314211e+00 1.153971709067072915e+01
2.060322052361821310e+00 1.112935597588337089e+01
1.073321013235874810e+00 1.135335507796700405e+01
1.981889927834581844e+00 1.136969006089078249e+01
1.809004942877474376e+00 1.133047728201947102e+01
2.499851837014611444e+00 1.267603686498728877e+01
9.373331669656495002e-01 1.009946152188823731e+01
2.158143239632385413e+00 1.083190964537813095e+01
2.028863956654857859e+00 1.137550998131616531e+01
1.971856881194981925e+00 1.152701616629175696e+01
2.096836172546399535e+00 1.182555407878126452e+01
2.253906533687098701e+00 1.229311679208363373e+01
1.818082649960592878e+00 1.250073260666393971e+01
2.045228003116099202e+00 1.182195564501853902e+01
1.969749310658822861e+00 1.193490866292647823e+01
2.392705742262214219e+00 1.255572164691687576e+01
2.162978776961595351e+00 1.237649032956105444e+01
2.161575129143046503e+00 1.238579063307697403e+01
1.991110706250626361e+00 1.171781788857583884e+01
2.019166490386393953e+00 1.140792791637712433e+01
1.978593116951378850e+00 1.154080224484368422e+01
1.976360449905569361e+00 1.277479746761697399e+01
2.525777108087759792e+00 1.220868308381341194e+01
1.778576037122074460e+00 1.189771172091661278e+01
1.789649989260554186e+00 1.184830062323693589e+01
2.371948453168025939e+00 1.299316396272723395e+01
2.450874882313904379e+00 1.281194494906618786e+01
2.144023279552079941e+00 1.323337613969780335e+01
2.088992698069534804e+00 1.054685534676609748e+01
2.233104631354163594e+00 1.181900514573293748e+01
2.050079193248445453e+00 1.073113549311338488e+01
1.549938244618396244e+00 1.169401949691897080e+01
1.650876679394611246e+00 1.167724164567981227e+01
2.141637999766872191e+00 1.215337207090724014e+01
2.142128809180021687e+00 1.215326324516970580e+01
1.773414055441109083e+00 1.136580577017512361e+01
2.380949572399825520e+00 1.200488764403098330e+01
2.497882068234673625e+00 1.267662213964958440e+01
2.375516567369318377e+00 1.277046456286924858e+01
2.156852865041092748e+00 1.193125723014692952e+01
2.150325867163757287e+00 1.183726256344448124e+01
7.866272166636739671e-01 1.077378496100107697e+01
2.093522272438738341e+00 1.282710708991610993e+01
1.933888508530561934e+00 1.130500904554497765e+01
2.106044479612348308e+00 1.089105144266103409e+01
1.809424508802078613e+00 1.135907079339038539e+01
2.284537398259653074e+00 1.129895775411693570e+01
2.027050347993300417e+00 1.111554060467585181e+01
2.478261971638323402e+00 1.225588821030967424e+01
2.177442397722431533e+00 1.272462614869335695e+01
2.410840072303421788e+00 1.234925532423022965e+01
2.380851156889077114e+00 1.153995945675320201e+01
2.692567667575083590e+00 1.287400283950458935e+01
1.431346487625212660e+00 1.179145288301345218e+01
1.880156978910140220e+00 1.150577763078507054e+01
7.876840108970796228e-01 1.143098581678263770e+01
1.244978180225130515e+00 1.084969191765952345e+01
1.422590354354035913e+00 1.112758513373207059e+01
2.100906617623064854e+00 1.224206291800302893e+01
1.524143177057279086e+00 1.213274396808045985e+01
2.048909283806257697e+00 1.107775862171892101e+01
2.703374256010687926e+00 1.297156076200555397e+01
2.052864823087525714e+00 1.064985858318286027e+01
2.438207736415636706e+00 1.194671681967487054e+01
2.411939674353255292e+00 1.207834549940148428e+01
2.284077567529369635e+00 1.215557657262853830e+01
2.114383894280174925e+00 1.174595650353334442e+01
2.221378152724971855e+00 1.095667027722802267e+01
2.026299342359515698e+00 1.228973201365870160e+01
2.254574919936941146e+00 1.205399609953756723e+01
2.012678642590275846e+00 1.169030050337925175e+01
2.403389831961034506e+00 1.197812471381122457e+01
2.263087213884380056e+00 1.161967054357058160e+01
2.267376119697311676e+00 1.202867340363038728e+01
2.031925248709325782e+00 1.185003384560753403e+01
1.994458860938473244e+00 1.182508385384990746e+01
2.304752934598283343e+00 1.128163982779931729e+01
1.389395768135195830e+00 1.171557997035356991e+01
1.971897875682643075e+00 1.152389769087019644e+01
1.890420558312181143e+00 1.270743773945625144e+01
1.028303918997316213e+00 1.178460449445515223e+01
2.254803182825727781e+00 1.229202086108997527e+01
1.987936908352770038e+00 1.086325659872743543e+01
1.863086464883868754e+00 1.110476184079263184e+01
2.130292077731630762e+00 1.126833846649278570e+01
2.167528418288398928e+00 1.102097427787919770e+01
2.155873576715991113e+00 1.159021082009167891e+01
2.262073302756097526e+00 1.191296671450414202e+01
1.781434237195603121e+00 1.210760862850195174e+01
2.099650406549881776e+00 1.231316852574098242e+01
2.297931617444837649e+00 1.176812184926015981e+01
2.130749799581035830e+00 1.107685484069429727e+01
2.138180943605783035e+00 1.095061982390611277e+01
2.125254874933673488e+00 1.164291172470388425e+01
2.098547795636848345e+00 1.167451286729713900e+01
1.068617560977482617e+00 1.166275530896642643e+01
2.167340203451793457e+00 1.134195144767206642e+01
2.444440075009091107e+00 1.252185456386923512e+01
1.726676128016736644e+00 1.247038945295618362e+01
1.988810089258485680e+00 1.141466738729693020e+01
1.995926362915774410e+00 1.126036188625704426e+01
2.056760234941804377e+00 1.229308710964021500e+01
1.356887505284952278e+00 1.234023322691157176e+01
2.229069780418145630e+00 1.277241684990562476e+01
1.811661113241845200e+00 1.253554700124944787e+01
1.930775026844351538e+00 1.269130169462398783e+01
2.310496788436989579e+00 1.182592383945256209e+01
1.915630191061624021e+00 1.167786423989715594e+01
1.582642486629284084e+00 1.184156491148523216e+01
1.970740388559183431e+00 1.189604646560768586e+01
1.936171458651679167e+00 1.269859873432784170e+01
1.999510288644152700e+00 1.271600231003232295e+01
2.288596399621837030e+00 1.305815986543491292e+01
1.863682246502893713e+00 1.268733507557583096e+01
1.281427347672129624e+00 1.142801012494628843e+01
2.047636042986015870e+00 1.169597594465714963e+01
2.535365856580255262e+00 1.276177397813950698e+01
2.256439984588376024e+00 1.143516034718806118e+01
2.287311252842214149e+00 1.117352772054240084e+01
2.504330341102255719e+00 1.308489955934327575e+01
2.376558469964167752e+00 1.306293105023808998e+01
1.823280089816298855e+00 1.215979460225290332e+01
1.709736004672260723e+00 1.211631279760872637e+01
1.419405104028411468e+00 1.190285640488105123e+01
2.264310315047669331e+00 1.227005551278659645e+01
2.441306673635728064e+00 1.183021458913506052e+01
1.944070034465810615e+00 1.249864648115903343e+01
2.767830453031552285e+00 1.318789233740023548e+01
2.256096276826816460e+00 1.226813490051965694e+01
1.837148966548198370e+00 1.243772465477956679e+01
2.030992426480021873e+00 1.224808380863292889e+01
3.017356444724876852e-01 9.669264222632172334e+00
2.147827473484421823e+00 1.137333531938893749e+01
2.513675937266226068e+00 1.229422514282900458e+01
2.098140096577080449e+00 1.147305016190281357e+01
1.873410434714894768e+00 1.188299018100329896e+01
1.638058269502927322e+00 1.213178549094887870e+01
1.877715628659207159e+00 1.175035489051029103e+01
2.029608188394458779e+00 1.258286733601515373e+01
2.307693526747573554e+00 1.216309166784471785e+01
1.948337203498846426e+00 1.132810870048216323e+01
1.908940381045727941e+00 1.138065419155966040e+01
2.357331453841632118e+00 1.181866379801647504e+01
1.912874178361754662e+00 1.233537887233929986e+01
2.147137958636425648e+00 1.077015227114229035e+01
1.594578978899086508e+00 1.198548510429814939e+01
1.522231334514315026e+00 1.206420140522307527e+01
2.186275418338868626e+00 1.190466628913288005e+01
2.191523737069804412e+00 1.187255917765250146e+01
2.093787915567322244e+00 1.178884541645144068e+01
2.062974794699889092e+00 1.161882676470353282e+01
2.213493388160701070e+00 1.150822633289046415e+01
1.777552324578465237e+00 1.237022780556218393e+01
2.241981218010789867e+00 1.187377541126996938e+01
5.307492399420072893e-01 1.016674527639729853e+01
2.297053827136250614e+00 1.155496746507672157e+01
2.258731812929577476e+00 1.264125472309519616e+01
1.092814835512699645e+00 1.223734696920946163e+01
2.386577979934147109e+00 1.261521463692490030e+01
2.265531327891429747e+00 1.266054964247874892e+01
2.175171827788647150e+00 1.108020253502879093e+01
2.451267754402169707e+00 1.197296209434994907e+01
1.954582490732820421e+00 1.259248646409821148e+01
1.239849390762662429e+00 1.215912250133042427e+01
1.952565422868725697e+00 1.235067779558637469e+01
2.171441188102523956e+00 1.215375722084643506e+01
1.202605218268098186e+00 1.116376215042333619e+01
2.171704746333136260e+00 1.087766525940003071e+01
1.661492115448824247e+00 1.112277068892905874e+01
9.355915733697831582e-01 1.127611427884547801e+01
2.277360161556138518e+00 1.244393940483365668e+01
2.234083964572758596e+00 1.203149182814383877e+01
2.108825310573060552e+00 1.240879044208474369e+01
1.506937841738984041e+00 1.181370885068601773e+01
2.144343809119022115e+00 1.153918570076343109e+01
1.267896789016715653e+00 1.112598297328458408e+01
2.267596174695128308e+00 1.195957188676048943e+01
2.369109185687332975e+00 1.165515476020745922e+01
2.481700942025560241e+00 1.271534222199967523e+01
2.438057122116399356e+00 1.282801883120624176e+01
2.138318920189250072e+00 1.254234966148124819e+01
2.050308315719443275e+00 1.175963980486623228e+01
2.065903298614429673e+00 1.167509521192680566e+01
1.443754658794846879e+00 1.222369021292471736e+01
2.673566063134260151e+00 1.287958622614439896e+01
2.168609695817215410e+00 1.237499890162010985e+01
2.353792003930033516e+00 1.144528528267033174e+01
2.527439111206592148e+00 1.259808220780309362e+01
2.426865129498328333e+00 1.317361258602175234e+01
2.288056259687679894e+00 1.184698214698137519e+01
1.693520779914234886e+00 1.208514556911817905e+01
1.573933304180920256e+00 1.159481935185239898e+01
1.946593891841480684e+00 1.269561590506622650e+01
2.049358398697657790e+00 1.159959065186387583e+01
1.288838719255035681e+00 1.173054661756574468e+01
2.224263739528219208e+00 1.175433573680479249e+01
1.839574636358787929e+00 1.174952852818032412e+01
1.500463974089978780e+00 1.162008691480577660e+01
1.460217420679257749e+00 1.154844397731675620e+01
2.006317896644261634e+00 1.136206810280858015e+01
1.475121960281797540e+00 1.194699430623030700e+01
2.092689125766265423e+00 1.076507191712012279e+01
1.985932949384690893e+00 1.154008274327101269e+01
2.031210049431134479e+00 1.208733559704030469e+01
2.147812126094532204e+00 1.201604073860784361e+01
1.946955654553439885e+00 1.258517631519526248e+01
2.092784635409873584e+00 1.257988969944046076e+01
1.145513385066720735e+00 1.057242061210215134e+01
2.360381139242065274e+00 1.337355711295051286e+01
2.606864421611168492e+00 1.308196757529939269e+01
2.488475831773868219e+00 1.246061559303597299e+01
1.636105978119860138e+00 1.150194365999006685e+01
1.828155956932901116e+00 1.212708736749852001e+01
9.144811904402130320e-01 1.093354630068339439e+01
2.154790828387236346e+00 1.104115603158171943e+01
2.584736195542409298e+00 1.230994136586949494e+01
2.539156252521518997e+00 1.249842960882994802e+01
2.175263695834905864e+00 1.161336344860520420e+01
2.243575072682034932e+00 1.207908359222535921e+01
2.208110572132960137e+00 1.217566877609794496e+01
2.454282890829679875e+00 1.213156321646102853e+01
2.518007394920140918e+00 1.182379070713686531e+01
2.194807778829210410e+00 1.256815387369144688e+01
1.755653879752167912e+00 1.218916516305428033e+01
1.819801772153206709e+00 1.224650456890142003e+01
2.460176407893499118e+00 1.329184895060358507e+01
2.557324055269183383e+00 1.249023091724035872e+01
2.228346080540797303e+00 1.219607669667573191e+01
1.133752850110842259e+00 1.187702728188668111e+01
2.074365505937938892e+00 1.048782628099118064e+01
1.753702798416058473e+00 1.104620928724012607e+01
2.128097749203464950e+00 1.186239069904684840e+01
1.439359671268388263e+00 1.174173483560115550e+01
1.769291331680601376e+00 1.217311179196973647e+01
2.200714245245233514e+00 1.250086738450127832e+01
1.881344505261198119e+00 1.229256773746440423e+01
2.222176463917544531e+00 1.163281468268079166e+01
2.369158760680148301e+00 1.159851818547562985e+01
2.368273412702597724e+00 1.163839162003450589e+01
1.941858473263117224e+00 1.124160665281493010e+01
2.213701435141740781e+00 1.082040667711514814e+01
2.146355004571091740e+00 1.244198462224911417e+01
1.113432564499985400e+00 1.150316079168162808e+01
2.125868840121634129e+00 1.254187891844256164e+01
2.465361136787243002e+00 1.274035764902097156e+01
2.076482589684601088e+00 1.098915445289870085e+01
2.004762071111737320e+00 1.141792289598698673e+01
2.188444915426622117e+00 1.205088704975021763e+01
2.192269145219619020e+00 1.190438347193251545e+01
2.372074128203371490e+00 1.249885736174404371e+01
2.041285074035896319e+00 1.227382310913620067e+01
2.436157520913631913e+00 1.238808780797450559e+01
2.173307468204342729e+00 1.243300175956625253e+01
2.144074974457040650e+00 1.133329565797992444e+01
1.963417143020559141e+00 1.237511669787376611e+01
2.434826621566936300e+00 1.303760117452276646e+01
2.399908166734861847e+00 1.302633638854845621e+01
2.396834520862102469e+00 1.215398506359193398e+01
9.900843444712884578e-01 1.144752224504448179e+01
2.120037684349849627e+00 1.219963144045626535e+01
2.334982465140429397e+00 1.195090739122619183e+01
1.901086263188610959e+00 1.132078718176139276e+01
1.898992466914337651e+00 1.132500290540274257e+01
2.179629271415522318e+00 1.174891261299751477e+01
2.132847253013081090e+00 1.074421543454659478e+01
2.052380114212061901e+00 1.100007266115203741e+01
2.051834130376099186e+00 1.103052160677143156e+01
2.205184837439301049e+00 1.119288077706706019e+01
2.433596682150718227e+00 1.260550246708114486e+01
2.287281573332654361e+00 1.180028734670251822e+01
4.138523245285302687e-01 9.032617631884951592e+00
2.271912378460425153e+00 1.202373560960193366e+01
2.553429178516243070e+00 1.299767652221698810e+01
2.425373621018652504e+00 1.216135898743972632e+01
2.082787679684217519e+00 1.096382198541295772e+01
2.189751976275820855e+00 1.207728434965979147e+01
1.985615321628615870e+00 1.206944481170671502e+01
2.264241961091436828e+00 1.265004548845797494e+01
2.186693712997882066e+00 1.311802724040237678e+01
2.557995375758746359e+00 1.285508777646682432e+01
1.996929162308029859e+00 1.124641884139632531e+01
2.011596228209066251e+00 1.074484148523899663e+01
1.699869636204969003e+00 1.183393697367961828e+01
2.034048264451442378e+00 1.144532574687168491e+01
2.192759336445583518e+00 1.158769754345075498e+01
2.080756836652494446e+00 1.158299480863230357e+01
2.348559350012520142e+00 1.225525553856007477e+01
2.344558454775298895e+00 1.237434585731302228e+01
9.924673835548928347e-01 1.187311135756088731e+01
1.228707980332597094e+00 1.135443503241606500e+01
1.376434173047031528e+00 1.159934127714286589e+01
1.645430198948058864e+00 1.255760980342797062e+01
2.340527987853453062e+00 1.233294013862133731e+01
2.261627156093572566e+00 1.264616108989949161e+01
2.022081123865671515e+00 1.158700650748003191e+01
1.835502844038325865e+00 1.192183102009947859e+01
1.692342708862194067e+00 1.189591422067931781e+01
2.182199917338675466e+00 1.162458656471227059e+01
2.353886912615244853e+00 1.219748887917386782e+01
2.453458640264353008e+00 1.214827891844975838e+01
2.159292655170372388e+00 1.135141984021098160e+01
2.052796230213640882e+00 1.175632676325282766e+01
2.050879436269503309e+00 1.177198915116436595e+01
2.244049469321995893e+00 1.122462226750618797e+01
2.032393775867088248e+00 1.271427233393536227e+01
1.967777955062671946e+00 1.155785159824106856e+01
2.631529526498076699e+00 1.233328050431051004e+01
1.076562160908177246e+00 1.219130116006050280e+01
2.010896516682772361e+00 1.188336775260927780e+01
2.618605832312750792e+00 1.244306424132362388e+01
2.292761441514282961e+00 1.192194602600614850e+01
2.417737769100426259e+00 1.158627727751206216e+01
2.096839339116934209e+00 1.128790757995730054e+01
2.103343250972754763e+00 1.115454427175239616e+01
2.080124466929865079e+00 1.168753350240296918e+01
2.129795118314222968e+00 1.153918874860444532e+01
2.389762038873475269e+00 1.237801781177562965e+01
2.543205490426042381e+00 1.271738009975095274e+01
2.226155300616679877e+00 1.271473293435210294e+01
2.359546116781867209e+00 1.182175961498595385e+01
2.327609005648419327e+00 1.167602157837385946e+01
2.103080357419012003e+00 1.217762892174889089e+01
2.053641924374972394e+00 1.193466267371308476e+01
2.097068225581472767e+00 1.181215588497833124e+01
1.988149496691594909e+00 1.121224428024047981e+01
2.046829816937283386e+00 1.198188886609446513e+01
2.116774123974039412e+00 1.270135281817955253e+01
2.056766891432560307e+00 1.265096769013207911e+01
2.203301138669464976e+00 1.197904570301595228e+01
1.152985989407019796e+00 1.081922774329285808e+01
2.022059995804219135e+00 1.250080030512339846e+01
2.147287157275866054e+00 1.233143927340407409e+01
2.326564027690994241e+00 1.209017656372433791e+01
2.206837664261162235e+00 1.123763046052465597e+01
2.078844874825348299e+00 1.130717013861497122e+01
2.109222157670867404e+00 1.098838787241444415e+01
2.323813982845225112e+00 1.173977917359889034e+01
2.246819056586466079e+00 1.203178328412385945e+01
2.442367702417127528e+00 1.296785243813302557e+01
1.655233553009047842e+00 1.156268522672823806e+01
2.161212234384534803e+00 1.293267591945538442e+01
2.428057806674848607e+00 1.297900666669545444e+01
2.148611287770498812e+00 1.204063003989113234e+01
2.146168249924355731e+00 1.081312909840451830e+01
2.052958192423120387e+00 1.105826765875132267e+01
9.734551367961221668e-01 1.094524750272607250e+01
1.182660309360117790e+00 1.156524618309859598e+01
2.109334150002402986e+00 1.255893723667524142e+01
1.399989767106223582e+00 1.169759930534556069e+01
2.538140237779331621e+00 1.215530759655676007e+01
2.360337804019830177e+00 1.149145112625818932e+01
8.666020586781379986e-01 1.042820369836865169e+01
1.963897981743725429e+00 1.227153142566018751e+01
1.992265720437941701e+00 1.225755469159385669e+01
2.276824664313509938e+00 1.137293274341271321e+01
2.318564024187395489e+00 1.104736150633539005e+01
2.489642282467829038e+00 1.180479442657305178e+01
1.848057796981264378e+00 1.164267774192608229e+01
2.053533223663559060e+00 1.163678730945690454e+01
2.129881846855578686e+00 1.230685304036603256e+01
2.235540911861741975e+00 1.126792844437909125e+01
2.251611674652556072e+00 1.109058992117843445e+01
2.288179030879117448e+00 1.300108924760205475e+01
2.296436366779881055e+00 1.299754600292502360e+01
2.269631738918869601e+00 1.155274900375692226e+01
2.203333579048998736e+00 1.175822783798636806e+01
1.599853552464002293e+00 1.152380880339912217e+01
2.110910646594045925e+00 1.118502304052968199e+01
2.163335678338770940e+00 1.208098067563742894e+01
2.184229837779663175e+00 1.191823091336777374e+01
1.828598623061270523e+00 1.184943222288465137e+01
2.060165872991376101e+00 1.140558310130613329e+01
7.647828703551594609e-01 1.107927493279666464e+01
2.023547384881765332e+00 1.152470095520382998e+01
2.006801845703834797e+00 1.158928965459003280e+01
2.260553618605129600e+00 1.148115746511911972e+01
1.260268844938344790e+00 1.124366849764950871e+01
2.126541851522818938e+00 1.202756202811007924e+01
2.291008444498603858e+00 1.132549726913026333e+01
1.878112950373553858e+00 1.144636404743003233e+01
2.330792008711783936e+00 1.246574859775101807e+01
2.518218365281534421e+00 1.217975723141234212e+01
2.254654128123112056e+00 1.128140385436386950e+01
2.253963872839357396e+00 1.128222999055352815e+01
2.593122949117993237e+00 1.306164813744075204e+01
2.204491619290398052e+00 1.197180606382904067e+01
2.243214760276267317e+00 1.229704337280377047e+01
2.221318156838145264e+00 1.234676534628744982e+01
2.382912312508814523e+00 1.175691004746155599e+01
2.406161400081771706e+00 1.155914611013499815e+01
1.631446796492772355e+00 1.162860440700139897e+01
2.036607969596518242e+00 1.265730107237919633e+01
2.109564985753499045e+00 1.222985738048751791e+01
2.111966407685118785e+00 1.222184983037338846e+01
1.820038833032066705e+00 1.231776076351030724e+01
2.109991361895359407e+00 1.174475349289848936e+01
2.062197721061842959e+00 1.230203948697945826e+01
1.422968675874746181e+00 1.178989965236609549e+01
2.102199405993500303e+00 1.144588786156381666e+01
1.727192706511553544e+00 1.161633862475218493e+01
2.268672221049437443e+00 1.132921770435365083e+01
2.319994616174974489e+00 1.199041578789321427e+01
2.420111342727177650e+00 1.156863750104508881e+01
2.695807336276607291e+00 1.286241005912820334e+01
1.476781846453969038e+00 1.190384308557855952e+01
2.283017746599578679e+00 1.110679145426215619e+01
2.295896678560305659e+00 1.195788308456475768e+01
1.237354863639360536e+00 1.200046398865491071e+01
1.322938342100896003e+00 1.194099962349421595e+01
2.061169076289764757e+00 1.223024094451980837e+01
2.465381558878056545e+00 1.238589465018536018e+01
2.533353722023482746e+00 1.216788429505102620e+01
2.346546710412170444e+00 1.205973148789336946e+01
2.329797017335816456e+00 1.223981560549869130e+01
2.412859149554300142e+00 1.248054997509725794e+01
2.424758047379600878e+00 1.243875440787656750e+01
2.122492882864871699e+00 1.123974888039041353e+01
1.972048439846533663e+00 1.288265014948433063e+01
8.689906307276609176e-01 1.150515306118854042e+01
1.594010321450299195e+00 1.266152108480686955e+01
1.908298623974083785e+00 1.144689588893603549e+01
6.290400033516353462e-01 9.972762305123035631e+00
2.113976035899317818e+00 1.241680062458515899e+01
2.018456949463869332e+00 1.185845855144360073e+01
1.788130972474440528e+00 1.178704280112545710e+01
2.107295167942956571e+00 1.179400254029988382e+01
2.161421844566306483e+00 1.173222713107129245e+01
2.127944082605146114e+00 1.175945765770060270e+01
2.530392582068182517e+00 1.241016001237625765e+01
2.337126233118995700e+00 1.233448449637482369e+01
1.411636579194134766e+00 1.118279517142951995e+01
1.532940405513903315e+00 1.201708900099035127e+01
2.157557903649280462e+00 1.147177216850401216e+01
2.035568478569004025e+00 1.178309108095919555e+01
2.716521129416565650e+00 1.276708426099822624e+01
2.706122518536601795e+00 1.285770056257819682e+01
2.077699779541573033e+00 1.156704056326892527e+01
1.979989389683432632e+00 1.190339924830047380e+01
2.555695380007604989e+00 1.218084938558153318e+01
2.545043267632114858e+00 1.250772699054963688e+01
2.168010885226318685e+00 1.201030553809118473e+01
2.121148634068192429e+00 1.202456684311177604e+01
1.823861017303891607e+00 1.170951572500693771e+01
1.568146949465707651e+00 1.217007318766576240e+01
1.051061205405513066e+00 1.113721366079307806e+01
1.822206687834756256e+00 1.198950928586827658e+01
2.094030980381993867e+00 1.193629127757328057e+01
2.111858775644135378e+00 1.113912269633997987e+01
2.442281141958071888e+00 1.207512970898150861e+01
2.147596269237241895e+00 1.239559987899153093e+01
1.490463263515227066e+00 1.183910495310114008e+01
2.370723046987238014e+00 1.170213931432918919e+01
2.469994275280352536e+00 1.228360646878897455e+01
2.468563049782359631e+00 1.231186906693822536e+01
2.049544417392925588e+00 1.172642972614781520e+01
2.089410803600346256e+00 1.228921278441585052e+01
2.134640758963885609e+00 1.264796117923777707e+01
2.034518128240319079e+00 1.202429355433893221e+01
2.294313289023176328e+00 1.261779566470434411e+01
2.090831390413010915e+00 1.146157165743946749e+01
1.996443370712104093e+00 1.127397645924356340e+01
1.544541583713379795e+00 1.136811903912411559e+01
2.234959772260128208e+00 1.177948830790690771e+01
1.890314436778539831e+00 1.216357681656654854e+01
2.351376932975326461e+00 1.158968906879055361e+01
2.143302107877186558e+00 1.201914515746649670e+01
2.024533136319655036e+00 1.179307831786416294e+01
1.003609082186877277e+00 1.169454198734159966e+01
1.065822583426195402e+00 1.089247261115503917e+01
4.673000732921638312e-01 1.172754322635016955e+01
2.122388639439695801e+00 1.259218603485568977e+01
2.081650843686155383e+00 1.221214279663752755e+01
1.468251661486619009e+00 1.231165376104330456e+01
2.150386946522882869e+00 1.295218126442217965e+01
2.638481457485003734e+00 1.262958933690734398e+01
2.089121266818210643e+00 1.170728448500040031e+01
2.205138484810015509e+00 1.146411112932488585e+01
1.719333503037697275e+00 1.210662464627669443e+01
2.218875543376547910e+00 1.260180662503761084e+01
1.980019571868655515e+00 1.101847772749167120e+01
1.859495736069133542e+00 1.221575367015898905e+01
2.148095582561218908e+00 1.178970387071949588e+01
1.509298740975551389e+00 1.176050591901779008e+01
2.370238403085963785e+00 1.266316730329166873e+01
1.536222739304319962e+00 1.223356522947220881e+01
2.092382467499109389e+00 1.170373128492284565e+01
1.995431731767596251e+00 1.194661755905827327e+01
2.179988989344224137e+00 1.156598999058600086e+01
1.762070996261282163e+00 1.118675983205120517e+01
2.022387220364621374e+00 1.147159158767909659e+01
2.029231262446341777e+00 1.157073760629161185e+01
2.003890988326783251e+00 1.183201344160727864e+01
2.033296480002641182e+00 1.187615658212967951e+01
2.304609992034730048e+00 1.149038321819462816e+01
2.438608069346077656e+00 1.271798058026303480e+01
2.025586926995980974e+00 1.221298031340988643e+01
1.676723895885118720e+00 1.229453087869513972e+01
2.244381143759663022e+00 1.164957887701252659e+01
2.326813533064326922e+00 1.119980436178184036e+01
2.094279834728365763e+00 1.114818330101492627e+01
1.765457294889444251e+00 1.146627784103353953e+01
2.197528653412763155e+00 1.229447473875585928e+01
2.297475189638419568e+00 1.191353446411248740e+01
1.659176448764360767e+00 1.190439601693628191e+01
2.164822535810733584e+00 1.131052678607138873e+01
2.255209094487431898e+00 1.186284600574604653e+01
2.508405805823401558e+00 1.193805488320446884e+01
1.913199385744091430e+00 1.233554691744240195e+01
2.039351376000551053e+00 1.134004777494608618e+01
9.458108718436888385e-01 1.123216437393215195e+01
2.495243684986916399e+00 1.267031842690562371e+01
2.400478879299044355e+00 1.235473241775023823e+01
2.410465590624005117e+00 1.228918315473794998e+01
1.257120357690991286e+00 1.188707719144643704e+01
1.914003077735420444e+00 1.111288168792705555e+01
1.971235876657853714e+00 1.280906683342746533e+01
1.447543627132745092e+00 1.230503762127016287e+01
1.951439277118498739e+00 1.114850273629323496e+01
1.176290765956355067e+00 1.124458876521126527e+01
9.756840881814887734e-01 1.076761950028891945e+01
2.422815124701928280e+00 1.301225378299263014e+01
2.712970128096396483e+00 1.327624133916976135e+01
2.130351088153647154e+00 1.147518329578717911e+01
1.499412040481823416e+00 1.117976759938985865e+01
2.256615047077640490e+00 1.100821841572032156e+01
2.280164172647463516e+00 1.195545473040842488e+01
2.126579991888416288e+00 1.092633784998714042e+01
2.117867032256735893e+00 1.101123878649007537e+01
2.211588946424425828e+00 1.185047211954590196e+01
2.093221529650153290e+00 1.098323433645245828e+01
1.652295771139824732e+00 1.233606680013010326e+01
2.503058342506103262e+00 1.243370233168146832e+01
2.658292867150203076e+00 1.314310886315445259e+01
2.097744446967924947e+00 1.199005036398098589e+01
2.357682062597100447e+00 1.156201297755882429e+01
2.405716009345844064e+00 1.206994456399113425e+01
2.331603477041486627e+00 1.222946721731487152e+01
2.640898502351610944e+00 1.311309421208827963e+01
2.701323198146609705e+00 1.285064067948970390e+01
2.276959382067692328e+00 1.170246363944163370e+01
2.332926370639492930e+00 1.151700498510198756e+01
2.135704150084464903e+00 1.095344893518932849e+01
9.313035336042142509e-01 1.108021771162151126e+01
2.176660638768450173e+00 1.104378863475435146e+01
1.115000464951068304e+00 1.109173335039895569e+01
2.263634531673691885e+00 1.216216179373959960e+01
2.069266553961656374e+00 1.205075703815133004e+01
1.566404541073837642e+00 1.170678035464923816e+01
1.346026168822328728e+00 1.171684692102115122e+01
2.427725643775842546e+00 1.322159678767581070e+01
2.097266946150535993e+00 1.121794743785783233e+01
2.107775006573257670e+00 1.265113718032330503e+01
2.022535974521073143e+00 1.261647387475154325e+01
2.135859272999842684e+00 1.069944915212244574e+01
2.076088692577501060e+00 1.184028912907528941e+01
2.258146167353382694e+00 1.141224119886358324e+01
1.602109117961121765e+00 1.173375089344314759e+01
8.690271498776228620e-01 1.034227088422332130e+01
2.155945885634322767e+00 1.152847486935242394e+01
2.108964410347807128e+00 1.160539618166240139e+01
2.096481073284595542e+00 1.164255139843748843e+01
2.223745422314210352e+00 1.180868408398960412e+01
2.235932731870993617e+00 1.238938551697604140e+01
1.654683454843898671e+00 1.215246165794013855e+01
2.154582996883818158e+00 1.102258799907461828e+01
2.102093588423733284e+00 1.246831415435234369e+01
1.808683411674446795e+00 1.240321490732724108e+01
2.228022151892436131e+00 1.076536314522819282e+01
2.139764964852568951e+00 1.115830156366819281e+01
2.308883921891609958e+00 1.226168588161098150e+01
2.360089704694881885e+00 1.207165055276435162e+01
2.372309397763051830e+00 1.197242875559302355e+01
2.260431674923344403e+00 1.187700119034257717e+01
2.717726795101461423e+00 1.302621523613850307e+01
2.678882432243876899e+00 1.315718886650643782e+01
2.256598322523271083e+00 1.304676806719310278e+01
2.463951202090259418e+00 1.288581673930065996e+01
2.224470482845286146e+00 1.101974435978294764e+01
1.975613076340326568e+00 1.129227963111293498e+01
2.134175694824289593e+00 1.135905888643331885e+01
2.170991967485753626e+00 1.174674967363315936e+01
2.232102426284344521e+00 1.144171531540325759e+01
2.129549658618810071e+00 1.109334264405998383e+01
2.129075951914502163e+00 1.112071144033092551e+01
1.884335386402449020e+00 1.138665863637449149e+01
1.798822950914267027e+00 1.246505751301228138e+01
2.426322574051908987e+00 1.230084965036719957e+01
2.246933175122315163e+00 1.113287202200920234e+01
2.051027089457595487e+00 1.152318591736718112e+01
2.323179646557253175e+00 1.294635193266323725e+01
2.370247925950891510e+00 1.177768403213236503e+01
2.027426468124737369e+00 1.213711816112232889e+01
1.325302457439770265e+00 1.128715019818638510e+01
1.698000061193456478e+00 1.135479092085541986e+01
9.610441260213818948e-01 1.129534106599767185e+01
2.307066011727755050e+00 1.281567519692967849e+01
1.658368128876737790e+00 1.147788688916373978e+01
2.743742556393452325e+00 1.290429669521497580e+01
1.066659785820608164e+00 1.148609144144755945e+01
2.142793451922529346e+00 1.131795761455515859e+01
1.675772585140725246e+00 1.155472067438536499e+01
2.033812571561126159e+00 1.209597101111863537e+01
4.398375867225288727e-01 1.010604428398650434e+01
2.388708454873613718e+00 1.255933035547730725e+01
1.616007581839858487e+00 1.144976110139548631e+01
2.203004547434124660e+00 1.094477118311341357e+01
2.220599534413885578e+00 1.202734168007952853e+01
2.375537275563813111e+00 1.189027843186413413e+01
2.439473890573533144e+00 1.170965366789005913e+01
2.160830869604235982e+00 1.215771962113442761e+01
2.156437154824833335e+00 1.217808207176925173e+01
7.364030106861227942e-01 1.006677292254796541e+01
2.644270525519941462e+00 1.253507481524262879e+01
2.714307932052955508e+00 1.268129718748328827e+01
2.540667909161154814e+00 1.230634091618585479e+01
1.171026018901824450e+00 1.138503813358440730e+01
2.322435082666241435e+00 1.243393213305914813e+01
2.354771123171370828e+00 1.161642949865252561e+01
2.362585765759166012e+00 1.158672841609407911e+01
2.231457271802655296e+00 1.145694814235665326e+01
2.225478097911312236e+00 1.163281387407586998e+01
2.365862567225090363e+00 1.143425403071309354e+01
2.365379231601498766e+00 1.145149974423309303e+01
2.221143040105155730e+00 1.244363842598131420e+01
1.637420599620614814e+00 1.216891517253554156e+01
1.837102591020629783e+00 1.226263423215807258e+01
2.313520898212691801e+00 1.185209612269148849e+01
1.867272361292134919e+00 1.260000098051168749e+01
2.550511770114728183e+00 1.227114042607435884e+01
2.284762885227864526e+00 1.273617902605313823e+01
2.561464162925163990e+00 1.240233461129284542e+01
2.385589630703849551e+00 1.303989637348197483e+01
2.502302167493826612e+00 1.299928464001631667e+01
1.203008480399497815e+00 1.082648877649145369e+01
2.551212732778074699e+00 1.240046658374289734e+01
2.610956823130908155e+00 1.267677764010646690e+01
2.228918357202801293e+00 1.289755204742475847e+01
2.027046036212029279e+00 1.114328476494611664e+01
2.038547264012983806e+00 1.101971395851139413e+01
2.549814711321662042e+00 1.297385949068135780e+01
2.096633542352097646e+00 1.131866604997009773e+01
2.122938923549925860e+00 1.158354129330498949e+01
2.063159411127497123e+00 1.168424588479557613e+01
2.029988448430462888e+00 1.132629704271904814e+01
2.089473920285373154e+00 1.159230064284525419e+01
2.251727874670700569e+00 1.119355970831959191e+01
2.346288247195206011e+00 1.162056295188467203e+01
1.081400084203717915e+00 1.153557913673480506e+01
1.341938447191633355e+00 1.165930015969599154e+01
2.816332542898554170e+00 1.304108063035145548e+01
2.245911125006986975e+00 1.312343618547292046e+01
1.457562831178413454e+00 1.151152278368949666e+01
1.877182914447600215e+00 1.104661108124414959e+01
2.042506701957373938e+00 1.095167209974684930e+01
2.203467229270045458e+00 1.093402618561172801e+01
5.621836319171141794e-01 1.152245546421587896e+01
2.130967142842151940e+00 1.082067325035191629e+01
2.358419221743608851e+00 1.285525767996635516e+01
2.008221484886205666e+00 1.271845545356958951e+01
2.160635707208237388e+00 1.132481797970721260e+01
2.561529498942964000e+00 1.233842820441081223e+01
2.562991868366438997e+00 1.230665547350389666e+01
2.442407289008398763e+00 1.204480715040951111e+01
1.675174562395569611e+00 1.207683115465865953e+01
1.631455337619759360e+00 1.207598357923422228e+01
1.141517468030816440e+00 1.139554033158482937e+01
2.145840262866787196e+00 1.211254066998794876e+01
2.730914613871223917e+00 1.288916031799696427e+01
2.271150288686146990e+00 1.178529202673288090e+01
2.336339395948328956e+00 1.160295260750109136e+01
2.306934183966508289e+00 1.216393920183648802e+01
1.968991312192245546e+00 1.170896545356198359e+01
1.793529740434520514e+00 1.191217358083213362e+01
2.353899308769768162e+00 1.256791135766959222e+01
2.075270817092667919e+00 1.178259654717908056e+01
1.651082934924785972e+00 1.172470238955259703e+01
7.604212403267420761e-01 1.144840115679892456e+01
2.063956105841098676e+00 1.150672219038458799e+01
1.575642625172652522e+00 1.118952575837383989e+01
2.105070349906360327e+00 1.126502049242906445e+01
2.330130648971638685e+00 1.160061125664095627e+01
2.357024171798841827e+00 1.223849280748416390e+01
1.621187494546673546e+00 1.230184821697453224e+01
2.291425122135873238e+00 1.133161720602489275e+01
1.294246369508448291e+00 1.136971734093231134e+01
2.601967401769615051e+00 1.276106483012887161e+01
2.724529950160391234e+00 1.335398042255092577e+01
2.787381751705629629e+00 1.322480591535002681e+01
2.161060466437119576e+00 1.092713145411428677e+01
1.851833708663350730e+00 1.118926412761528688e+01
2.207537669061022889e+00 1.164324694145606109e+01
2.149329850562097022e+00 1.171937369953197816e+01
1.259765182569180908e+00 1.153978930721624252e+01
2.159606947819664224e+00 1.164368779715805502e+01
2.186305127067029730e+00 1.140652352007385595e+01
2.121952342350576171e+00 1.178187987161950012e+01
1.033218399707863666e+00 1.031780347498115269e+01
2.184447362273777671e+00 1.151713176363890589e+01
1.387808427346522544e+00 1.186602421168710286e+01
7.683164494493626151e-01 1.085372868468957464e+01
2.646215452275868518e+00 1.307109231466765742e+01
2.103979505175191722e+00 1.280759251073116722e+01
2.310113124439622911e+00 1.137560116124847731e+01
2.047856254390670205e+00 1.207233745712981410e+01
2.172530903451635353e+00 1.129805665545112703e+01
2.016566169468058778e+00 1.144138635427439432e+01
2.040921493043231116e+00 1.131512771679878426e+01
1.867107175930988072e+00 1.190498087209493150e+01
2.774904105658261066e+00 1.308246210945818078e+01
2.618137448179220339e+00 1.340999028631084045e+01
2.326875655749144123e+00 1.167388208509733971e+01
2.329637022003419489e+00 1.160546172174475466e+01
2.302427284982581313e+00 1.224460589302752211e+01
1.032016261170042304e+00 1.115889812452654972e+01
1.158665983233062358e+00 1.064297329249563084e+01
2.415445814064521191e+00 1.174126624743629321e+01
2.467940824123169286e+00 1.233584004862756700e+01
2.118534277517073683e+00 1.125867655359842168e+01
2.184806607997848538e+00 1.211198223736490753e+01
1.820970907720035559e+00 1.253433170761613447e+01
2.288038023968557599e+00 1.234257797839594950e+01
1.604119128414479345e+00 1.196332169113127719e+01
2.429140090075255554e+00 1.156984906869017493e+01
2.108178043137713953e+00 1.157894389811792202e+01
2.428999485684222304e+00 1.223896493612641656e+01
2.414237155724497264e+00 1.228130521785781504e+01
1.426014738789609382e+00 1.189449989069632885e+01
2.373845077753354182e+00 1.336090503277727670e+01
2.541445605628329218e+00 1.236034957264485712e+01
2.401874965063971246e+00 1.258219619715940851e+01
2.055588098018416243e+00 1.152679116717528629e+01
2.054353269178015307e+00 1.153722263394922543e+01
1.957910607307264295e+00 1.158275272834222136e+01
2.489779714993066051e+00 1.213789288312929848e+01
2.087757126312081990e+00 1.224567232789346072e+01
2.107568636693724518e+00 1.217860608248043874e+01
1.418156524287474518e+00 1.140675115246471982e+01
1.925746774240719272e+00 1.147212992529141928e+01
1.830698358289865491e+00 1.165071816013364980e+01
2.209926618826844269e+00 1.173280322907320894e+01
2.070256667911825055e+00 1.205761362302378714e+01
2.591966642371036578e+00 1.294264631136192278e+01
2.600329335729476998e+00 1.284024641451149229e+01
2.199757514075710851e+00 1.267594378890549756e+01
2.242364865254918627e+00 1.253404244198109474e+01
2.576266146855344275e+00 1.299280945192450609e+01
2.653103266292888396e+00 1.289088587471562164e+01
6.315708628362928234e-01 1.047661954578475019e+01
2.068467583960073686e+00 1.109258890332845304e+01
2.049744040289932290e+00 1.115424061813182277e+01
2.574198125131399895e+00 1.265645755211958878e+01
7.664426947534930257e-01 1.049918075221909852e+01
2.571278572862564893e+00 1.258725030647016396e+01
7.273904637603512136e-01 1.010242159395183492e+01
2.182128648104527002e+00 1.145610655323846672e+01
2.389537008126003226e+00 1.279257569428737895e+01
2.082739417018932837e+00 1.154259281912685431e+01
1.866419296846502540e+00 1.170350145528530916e+01
1.999655330485996085e+00 1.223007260557008458e+01
2.065322120081202861e+00 1.179035320349071903e+01
2.216002320783685864e+00 1.124116640377268439e+01
6.088741881181417570e-01 9.822904069489270640e+00
2.033052929660913222e+00 1.167809932702155784e+01
2.259809697465021028e+00 1.147448166359536970e+01
2.208397624842503681e+00 1.183792691518071116e+01
1.934514084963381730e+00 1.176533466744745127e+01
2.097441050112549998e+00 1.149610882802110012e+01
2.353247331319995528e+00 1.250925929215162746e+01
2.365321830067373732e+00 1.250116649343799757e+01
2.148893218737553568e+00 1.191255339127608970e+01
2.842185955809007347e-01 8.748043340638988141e+00
2.151071146685754609e+00 1.159869307755771572e+01
1.994689237479861044e+00 1.196020349643968927e+01
2.254308324784123130e+00 1.243550175639201960e+01
2.032785983429906906e+00 1.167172943070214508e+01
2.753483185432137326e+00 1.294146224013539204e+01
2.286886796133785982e+00 1.120702316136472199e+01
2.087667770213645024e+00 1.171789236559070702e+01
1.527589219937568465e+00 1.193102242726267725e+01
2.210007230652923926e+00 1.174666762157604616e+01
2.348264057608514754e+00 1.146029050544295025e+01
2.439674474548946037e+00 1.197590354442020377e+01
2.264071079262808706e+00 1.228271933820476747e+01
1.977494780054992241e+00 1.163880006999438699e+01
2.151300217818404192e+00 1.193874300595391347e+01
1.969643676705938207e+00 1.178527340311446991e+01
1.640771274914484268e+00 1.153428645282919440e+01
2.355472616084541837e+00 1.263485924440610297e+01
2.405231047832326219e+00 1.235639858836935367e+01
2.221380431613238393e+00 1.103579220109031844e+01
5.355228315810933726e-01 1.026356837158847490e+01
2.158256419849542418e+00 1.184430740884270783e+01
2.035943099175046012e+00 1.274987292740423150e+01
1.842684144371755650e+00 1.271653794382108416e+01
2.241179749679888200e+00 1.241452387212037323e+01
1.680364001149000419e+00 1.231737527381033104e+01
1.890564345846067917e+00 1.232661457215431611e+01
2.026024244771770899e+00 1.153785111436135757e+01
2.088855611564614634e+00 1.124879094389246603e+01
2.378664331865305126e+00 1.238180598735529436e+01
2.381048490203647727e+00 1.235853581802538415e+01
2.246370268668796299e+00 1.199235358846436661e+01
2.117032389546264159e+00 1.199029488113680131e+01
2.386811060538487350e+00 1.188130282666354987e+01
2.020064362534849334e+00 1.204648042815932385e+01
2.027324917708208663e+00 1.203452057290320809e+01
2.050951152273462252e+00 1.172299359248071937e+01
1.160334759872429178e+00 1.163270998950136992e+01
2.657113959722464891e+00 1.251664514386700233e+01
2.249723829667760633e+00 1.204535144743418762e+01
1.972748675139974095e+00 1.207323570750038222e+01
2.323804568193826636e+00 1.247411650666573379e+01
2.235957503400165525e+00 1.189302202619718329e+01
2.209557722814813996e+00 1.206227904468690681e+01
1.017507669486674482e+00 1.142744101844352045e+01
2.226118641160911960e+00 1.138641911435985499e+01
7.126525381769190925e-01 1.065986430113221139e+01
2.131504398160475766e+00 1.225498344399575146e+01
2.005504828848923449e+00 1.257790778296470791e+01
1.675231033479938514e+00 1.244935736102594070e+01
2.631388926306580167e+00 1.267336061263887714e+01
1.859106248170473652e+00 1.242709698185394451e+01
1.970824840747711360e+00 1.224660907734232929e+01
2.050925814435782257e+00 1.211187772796662543e+01
2.222182694213133747e+00 1.136368223557438384e+01
2.262620595150355740e+00 1.119619684233525092e+01
1.914675820382823801e+00 1.243679966916196200e+01
2.502559304148960440e+00 1.269682882331896856e+01
1.813116947249005850e+00 1.119660114446840637e+01
1.735954409403275722e+00 1.208756636832100284e+01
5.633798929932003485e-01 9.512201540747598827e+00
2.642491934950413235e+00 1.246936887655218662e+01
2.360195114995074395e+00 1.261096355210568376e+01
2.165448767154305898e+00 1.177536953738370862e+01
2.110481169334438079e+00 1.147804098668514605e+01
1.988164701255938915e+00 1.159919435258617426e+01
5.209641175657909740e-01 1.017109090140245442e+01
2.067038071795119336e+00 1.168895016974969536e+01
1.964884013194287959e+00 1.113892058099427729e+01
1.914532036361572320e+00 1.127047510774296057e+01
2.304972693582180376e+00 1.153685406580587092e+01
8.242051498864324532e-01 1.022190482445311766e+01
1.706251352456028769e+00 1.132316532229377337e+01
2.033189283086192845e+00 1.101127695540024831e+01
1.687537335333336497e+00 1.164560511820232769e+01
2.193531444276976217e+00 1.125038056458923563e+01
2.184819118116188896e+00 1.135399024737270501e+01
2.488948000863686172e+00 1.226054313897719794e+01
2.165149961957546498e+00 1.258125377033483616e+01
2.178434167273250566e+00 1.194448544440089321e+01
2.054309056132992861e+00 1.215495377887400075e+01
1.458594381643774529e+00 1.151681486225725770e+01
2.082680284293214168e+00 1.105710537302942065e+01
2.211613712321691239e+00 1.131546147450491269e+01
1.203589789869461413e+00 1.119432391744291877e+01
2.073060184581152932e+00 1.106595758383165595e+01
1.793449144407243345e+00 1.150245567268147440e+01
1.675968096803249541e+00 1.156377356750264340e+01
2.130207802092550118e+00 1.089127852247121808e+01
1.490379227830909370e+00 1.245112841695695671e+01
2.039463496893440198e+00 1.281981166804374617e+01
2.052305738891588405e+00 1.100126720331358676e+01
2.422900281342734274e+00 1.267985440838541322e+01
2.693789776063695740e+00 1.282861298946994211e+01
2.139134909755235459e+00 1.190193121710434099e+01
2.009192468323131919e+00 1.242668723098598171e+01
1.322188516956356530e+00 1.187567397764424015e+01
2.602288939685080127e+00 1.245386079093239218e+01
2.095573191527178469e+00 1.240357698742933579e+01
2.242789142916596479e+00 1.187744318625106921e+01
2.042160633151184790e+00 1.209743156961215860e+01
1.854110172228924158e+00 1.175606633916274468e+01
2.366564570856843908e+00 1.280251008999238493e+01
2.364288944291346173e+00 1.280303540888999336e+01
2.283666775832683182e+00 1.111978560492155843e+01
2.267465980117649327e+00 1.121476058178954283e+01
2.392037728662066876e+00 1.225661175897637634e+01
1.552555819509785273e+00 1.171397759210644374e+01
2.485486025385202691e+00 1.245226473740676809e+01
2.309410908457122602e+00 1.134918853031168418e+01
2.186052612364946857e+00 1.158232350432171565e+01
2.208402540745769915e+00 1.163914725799435779e+01
2.195843836975023056e+00 1.171198773574191065e+01
2.487193210118517683e+00 1.264246256210072694e+01
2.147814934618686333e+00 1.173293312769881069e+01
2.419673968872614100e+00 1.254177741279072400e+01
2.069182070177096211e+00 1.098858200388724171e+01
2.067182320454377553e+00 1.102047454510460867e+01
2.533676523341252373e+00 1.330142271843000046e+01
2.590864019247999916e+00 1.322852937396277362e+01
2.670873516191141217e+00 1.296317984574208815e+01
2.273363470197801828e+00 1.222841993476070854e+01
2.278380537860241972e+00 1.263589021410980884e+01
1.693803218419346113e+00 1.148904696436213868e+01
2.140144333362574702e+00 1.094772433063132233e+01
1.995173118352940200e+00 1.144121125972561970e+01
2.185544288520639977e+00 1.155653525473216092e+01
1.822536216438460421e+00 1.189335664130060977e+01
2.454816945223396552e+00 1.215904632046543554e+01
1.613182471923842565e+00 1.180817317674353717e+01
1.602155782533096096e+00 1.207097317796505109e+01
2.249596326511578592e+00 1.135341794146094863e+01
9.070530700108907496e-01 1.225512968853589690e+01
2.022853521154668766e+00 1.155469094020112131e+01
2.391446510708761242e+00 1.184026054725247512e+01
1.954930534530725073e+00 1.257221224937381265e+01
1.615795871254159133e+00 1.204995886948732675e+01
2.226403022558123723e+00 1.148194671611893725e+01
2.178987345704953338e+00 1.200199831124328931e+01
2.324204610263612913e+00 1.199795013750216910e+01
2.190180828725162065e+00 1.079413027605827047e+01
2.098099804659334211e+00 1.133723073313087681e+01
2.122239630155993151e+00 1.138473457214171525e+01
2.190793051537060609e+00 1.174809493152971385e+01
2.240205904741758847e+00 1.264142529856687958e+01
2.300292417717646032e+00 1.232249656697868367e+01
2.245840689680768776e+00 1.201219821119310183e+01
8.054101968393864164e-01 1.178918169357902812e+01
1.861269988238501982e+00 1.122554336611530346e+01
1.941446714485473679e+00 1.141294613358363996e+01
1.991044756904013946e+00 1.121278809937698284e+01
1.668987618731812450e+00 1.138683900204830834e+01
1.537243939296069728e+00 1.193977597130543167e+01
2.063615206990487394e+00 1.199883642796781835e+01
1.921606592320461715e+00 1.198113801309458459e+01
2.632888879143840288e+00 1.289496329301594102e+01
2.126749221987744853e+00 1.218985025438205660e+01
1.864973093927767334e+00 1.220045692817034499e+01
2.090536442816396612e+00 1.175775857272355829e+01
2.337276785593870976e+00 1.307068304875286735e+01
2.364042467267710279e+00 1.222847770313926574e+01
2.245468132601492695e+00 1.113355798163073196e+01
2.077279197346978190e+00 1.142470808822962525e+01
2.177673180230445649e+00 1.108740550476967357e+01
2.419970116724246889e+00 1.217629436008776800e+01
2.433324335886112078e+00 1.183037714322232326e+01
2.226949997408920634e+00 1.120739864718978041e+01
1.689417588692547767e+00 1.146916110874551364e+01
2.301071522923813450e+00 1.281278996963697736e+01
2.099238665614007182e+00 1.252263518359075789e+01
1.896229067117519929e+00 1.257299451900063580e+01
2.289326199456819921e+00 1.172222668191442452e+01
2.211535226824718148e+00 1.086058554858132474e+01
2.072278599793543119e+00 1.157150594495288942e+01
1.032062779036870381e+00 1.139962724406415795e+01
2.002487252844683763e+00 1.226370994967706096e+01
2.129026723922389674e+00 1.229670780053922385e+01
1.979018456703768303e+00 1.150327394041441131e+01
1.991611577203331818e+00 1.143525394590902167e+01
2.501103938966290574e+00 1.233408279731777490e+01
2.517493428993182736e+00 1.245733288542463946e+01
2.517386733298384804e+00 1.245771009727362610e+01
4.682904310383636526e-01 9.441851409515656712e+00
1.926807890877040741e+00 1.156677696542083211e+01
2.017795641937835338e+00 1.175403715559240858e+01
1.649535751769528824e+00 1.228836256213896050e+01
1.119535724417859202e+00 1.157755017381002638e+01
2.132580346019576023e+00 1.115668715344456885e+01
1.900821383189467584e+00 1.162006648250357088e+01
2.288387745152788977e+00 1.205203129061384182e+01
2.238815391496372875e+00 1.108745851010468364e+01
2.173849905476250566e+00 1.133086621256063964e+01
2.388269519817299180e+00 1.172917649166337029e+01
2.126623581150076436e+00 1.169430196149998658e+01
1.981086545935180521e+00 1.227596915908556419e+01
2.656289133303856076e+00 1.260842858776841702e+01
1.167731842519165841e+00 1.178254296898010267e+01
1.700331769882737154e+00 1.193003292422905126e+01
1.905805453569886287e+00 1.196467549011046039e+01
2.186194123197869654e+00 1.166209972490504398e+01
2.361823053663820726e+00 1.176646459939254186e+01
1.978496173359208576e+00 1.212267843159788505e+01
2.047981946445420309e+00 1.220151504310347335e+01
2.325588482771921761e+00 1.275712661222296340e+01
2.626408960117531333e+00 1.278020861696588639e+01
2.265172646098961184e+00 1.121723782073402553e+01
2.133272977936694126e+00 1.195452493651679049e+01
2.057729433356967341e+00 1.216719747546115649e+01
1.962190373989779024e+00 1.218941845415416481e+01
8.780331857483885116e-01 1.140768538548860711e+01
2.281649858161403976e+00 1.117315788178258273e+01
2.024282553094867598e+00 1.111518140820266431e+01
2.233674564018616415e+00 1.287085234139370726e+01
1.569988765164510358e+00 1.200859840377831844e+01
2.232604902911598188e+00 1.151044236888896144e+01
2.403695893995226207e+00 1.233869199307918052e+01
1.807573521046284215e+00 1.178508901402971709e+01
2.329186589453902556e+00 1.256043726981398656e+01
1.053794225307617349e+00 1.165674712374585376e+01
1.387783259348968734e+00 1.196653932755264726e+01
2.080583970167777519e+00 1.199856723851745954e+01
2.189818551714451722e+00 1.158962019924604547e+01
2.292031031775635608e+00 1.182174175614026446e+01
2.178335001974883944e+00 1.189025380069054982e+01
1.398992140677316920e+00 1.095730117429751971e+01
2.475854256033505951e+00 1.291645287036420164e+01
2.088031085681590238e+00 1.183861675149332982e+01
4.308724882524372912e-01 1.066154789376783363e+01
2.465621393547257512e+00 1.197794634251492596e+01
1.824549997245714206e+00 1.171146318149321708e+01
2.268311317361173529e+00 1.155554396430789410e+01
2.641396177756074604e+00 1.280807724903750078e+01
2.125236515516946589e+00 1.103933767382637399e+01
2.126126872916596522e+00 1.102971184435012475e+01
2.343837040347647616e+00 1.199842862816387701e+01
2.217535303647474532e+00 1.070811373474429651e+01
2.312350669879262632e+00 1.255106733409993858e+01
2.213950309092059587e+00 1.226180068813133772e+01
2.364400371874692208e+00 1.265568363015781905e+01
1.953832617624615242e+00 1.140562658385598560e+01
2.195529667236401306e+00 1.185345977703776477e+01
2.193657997538723592e+00 1.189022693950344056e+01
2.183746085142572291e+00 1.176132355027052334e+01
2.443037592371442024e+00 1.241474630621743458e+01
2.354437476095660564e+00 1.251865018483201553e+01
2.349718647935918892e+00 1.225466556089155645e+01
2.263722802050245342e+00 1.163293353261899910e+01
2.274377260293637182e+00 1.161669879469053157e+01
2.214307356330470267e+00 1.172098711750455458e+01
2.455294221510217145e+00 1.264424654663276115e+01
2.287701865231764664e+00 1.270350407369617152e+01
1.969804060981394711e+00 1.156423189075850111e+01
1.810986085361467657e+00 1.167635572555488821e+01
1.912056031308725146e+00 1.195456821684283888e+01
2.193311712158061866e+00 1.213089009594862056e+01
2.072188394943702772e+00 1.210860714857320808e+01
2.154182168839060108e+00 1.094452998091810336e+01
1.642594666737853926e+00 1.159458375655430196e+01
2.029084942323730267e+00 1.265451648083637970e+01
1.566415552826295077e+00 1.132472684165034948e+01
2.048547056672509026e+00 1.085685618385884865e+01
1.735679079909764555e+00 1.188941162523992645e+01
2.264907606198637957e+00 1.237992493899619362e+01
2.424711698612264321e+00 1.191884234812408394e+01
4.651513360594098367e-01 9.556237268306654542e+00
2.273495165427185327e+00 1.118962160112388027e+01
2.281170209011336603e+00 1.106568917936440499e+01
2.434242449642151751e+00 1.303511215362299147e+01
2.718634033127377947e+00 1.271904699095645874e+01
1.561445515573681275e+00 1.160192701985464581e+01
2.014307677807321451e+00 1.098906376444715072e+01
1.711566381163333039e+00 1.201137383904604050e+01
2.221339983355655079e+00 1.179208265423216240e+01
1.971342204996049619e+00 1.255091496110432736e+01
1.984420109589668746e+00 1.157216333353426130e+01
6.390957029780494070e-01 9.980299128709194889e+00
1.978842247493099338e+00 1.199806756699291022e+01
2.449325710775248854e+00 1.196614892004605935e+01
1.055108636957284185e+00 1.105655312047360184e+01
1.698222350816075199e+00 1.152473553565706332e+01
1.676853485835262392e+00 1.151276683958599989e+01
1.965825531195281251e+00 1.125189477219773870e+01
2.130871821544136235e+00 1.224618316626710524e+01
2.284818576261447909e+00 1.154020580369744486e+01
2.176614647147834702e+00 1.302716981780955585e+01
1.682650248025652884e+00 1.169807200727595031e+01
9.199926656785432089e-01 1.115787953530703369e+01
1.588203786864080591e+00 1.189179278079319424e+01
2.593963945807657989e+00 1.244746023843338989e+01
2.296932414422500290e+00 1.185044069406316147e+01
2.294292378336777460e+00 1.190240246133333102e+01
1.766690797225155318e+00 1.201132371120123743e+01
6.019827190167963415e-01 1.151621219394267470e+01
2.247476446803717387e+00 1.257350987691947886e+01
2.271022061833987582e+00 1.117255642558241924e+01
2.486818234998035670e+00 1.236455977189730326e+01
1.896397878253763603e+00 1.266890810559643121e+01
2.384187265595415717e+00 1.262040760268118511e+01
2.281893693672045309e+00 1.259064074259803157e+01
2.014950487906176591e+00 1.218881348489273186e+01
2.165786585027123845e+00 1.196631985672602916e+01
1.254443560048393413e+00 1.160460038553320850e+01
1.882777279832784867e+00 1.187675514044349612e+01
2.086159811295813515e+00 1.166933108392394125e+01
2.292185894703259397e+00 1.123745522976998679e+01
2.118665033057749891e+00 1.124377573255475582e+01
2.131598878569889166e+00 1.106350780277716161e+01
1.940804427518675768e+00 1.257216110097984263e+01
2.104196412453064546e+00 1.214351925655376796e+01
2.068848491803537470e+00 1.173290269264358088e+01
2.295067184846375064e+00 1.144578686524716638e+01
2.166549117690685922e+00 1.168223641503254484e+01
2.203887924716099178e+00 1.134740597839702936e+01
1.679027562431813614e+00 1.212664745121076670e+01
1.935730695425869063e+00 1.251779293338321075e+01
2.518723832016136477e+00 1.278555375774128144e+01
2.274106843129331423e+00 1.195636467173521567e+01
2.256304793831040101e+00 1.186527742889791881e+01
2.182627257305275847e+00 1.208156461739579868e+01
1.892422334263352379e+00 1.149176735580322806e+01
2.080591296896402209e+00 1.153427417597426086e+01
2.046977933358426593e+00 1.137723641514021011e+01
2.090771158301401034e+00 1.217160804545896191e+01
2.127666152316769477e+00 1.113126436953653808e+01
1.881383325329211598e+00 1.148169245020405604e+01
2.117154645572135951e+00 1.156361369818988472e+01
2.254380694675622188e+00 1.213077135696496889e+01
1.509817763161630966e+00 1.232108785003537399e+01
1.656583727416291785e+00 1.211189908844011853e+01
1.992176960946324016e+00 1.249257788255101964e+01
2.086431863706452283e+00 1.246622935266541532e+01
1.309460156770957617e+00 1.188543151008327925e+01
1.910526532436271019e+00 1.215066598383477370e+01
1.542423609847558330e+00 1.177264448134251396e+01
2.471182251031081023e+00 1.198362954117238743e+01
2.529008164906281220e+00 1.215444223651747180e+01
2.516587950829192621e+00 1.225947912700806519e+01
1.015099358657238993e+00 1.071937484312895883e+01
2.061027702637560299e+00 1.108034690133079359e+01
2.273538937843607055e+00 1.198365461701760104e+01
2.350741122019612384e+00 1.188530677245442746e+01
2.522646409999650619e+00 1.261870778847202246e+01
2.437763234006228075e+00 1.273063647756258732e+01
2.177054425016442085e+00 1.120365460679592751e+01
1.876558169596533432e+00 1.145972556605614656e+01
1.860166341057423400e+00 1.232018937534473402e+01
2.011753098502180315e+00 1.184967144108240333e+01
2.232126990225945740e+00 1.179654769211199294e+01
2.119805595789040265e+00 1.151753218821324865e+01
6.725284927590524653e-01 1.078140096941858062e+01
2.349782424892146615e+00 1.129395361668803766e+01
2.360935598990841822e+00 1.117552719267894012e+01
2.307923828244908826e+00 1.269809007348258056e+01
2.059813888445975572e+00 1.137675778066745913e+01
1.918665066003679254e+00 1.255128835251310448e+01
2.203049186280067406e+00 1.182474598062961668e+01
2.131794073545195456e+00 1.121696769995280007e+01
2.187603546132647736e+00 1.161345662905274168e+01
1.850788585979495915e+00 1.157957957707162677e+01
2.077639850744195549e+00 1.221721366195672509e+01
2.206998248915583272e+00 1.200812837222898644e+01
1.714261645918827570e+00 1.150687514996118921e+01
2.216263877002745186e+00 1.146130436019004328e+01
2.243770144634117170e+00 1.130404290733159023e+01
1.775778372176277431e+00 1.258946436260477242e+01
2.146547688904556050e+00 1.189597323549113383e+01
1.980364213178454014e+00 1.204446976829455629e+01
1.930289014483709265e+00 1.180877245668773945e+01
2.270017595790491338e+00 1.148803588115812957e+01
2.599316412861396586e+00 1.301593935797844459e+01
7.859189849706990083e-01 1.068216843828688134e+01
2.392447400906525523e+00 1.261035892388745694e+01
2.044616906629161956e+00 1.105624359968656378e+01
9.743737450617201423e-01 1.166950357535563576e+01
1.997619061015982300e+00 1.219431926923559573e+01
2.099521292818466112e+00 1.118656872319694529e+01
2.112221428948852786e+00 1.111133768206466677e+01
2.047088194158004804e+00 1.262611485630821484e+01
1.741317136129097776e+00 1.194139672934540108e+01
2.202677738571319654e+00 1.174388222179206309e+01
1.836412560967781493e+00 1.153217914346739370e+01
2.009621494512547901e+00 1.217037444247486278e+01
1.796030403491965188e+00 1.240156883399692056e+01
2.314810351521478626e+00 1.216249404879544116e+01
2.288049677679210969e+00 1.220706869032111186e+01
2.451542282301887532e+00 1.212709931506629601e+01
2.457323882878015286e+00 1.204511093976809200e+01
2.604086969206401037e+00 1.276624797255183630e+01
2.649133463072940842e+00 1.249716297960024392e+01
2.344730539482049014e+00 1.189798169795612637e+01
2.604606012003451543e+00 1.309320849432163492e+01
2.114042493423669899e+00 1.074649933945422831e+01
1.853004633166654092e+00 1.246587044672506828e+01
1.623581377575501916e+00 1.203849900975474796e+01
1.980886895355037591e+00 1.149282104233813406e+01
2.181222015419882254e+00 1.221758606385500201e+01
2.081478501838650352e+00 1.241980023228697050e+01
2.236801388280463154e+00 1.233842928404249406e+01
2.173773674727500715e+00 1.250349659341777375e+01
2.459898867251987920e+00 1.256608857851481531e+01
1.742209796400082000e+00 1.183048741874503129e+01
2.182832756416892561e+00 1.175235944263134158e+01
2.468336740879033542e+00 1.203478810516213038e+01
2.462765325762970914e+00 1.206214184651274302e+01
2.356337427895935921e+00 1.257827044922879978e+01
2.040858921430335648e+00 1.225374288652875521e+01
1.329911010360796508e+00 1.106807250539914023e+01
2.237140692062251190e+00 1.086863092488103355e+01
2.007578663493995830e+00 1.272164399896300147e+01
1.957055644789347237e+00 1.191940654627976315e+01
1.679032143793395715e+00 1.197315988721559066e+01
1.519467462948399739e+00 1.188030798475198679e+01
2.273977698666690639e+00 1.172365977680925475e+01
2.173109098694378183e+00 1.286777287538676262e+01
2.164055422359680847e+00 1.168914786081759516e+01
1.765188732615735612e+00 1.196648759553693964e+01
2.254959457011023183e+00 1.254980247218815670e+01
2.116336180740882256e+00 1.218844894274766588e+01
2.023300450432301112e+00 1.175084751414374828e+01
2.717775674674110409e+00 1.303853999387061435e+01
2.068362432149951413e+00 1.180351837064210763e+01
2.226634525246560692e+00 1.189563650595047228e+01
2.360730772861018956e+00 1.179628277970329364e+01
2.415834378482693001e+00 1.151450108122784499e+01
1.117989981043939318e+00 1.180185130063525456e+01
1.790867236937917939e+00 1.239589505769034616e+01
2.295465972095929175e+00 1.251875099125778057e+01
2.265033158638217525e+00 1.209964235939285970e+01
1.895521600357704228e+00 1.203219460325331625e+01
2.225816471274965291e+00 1.173134462280989787e+01
1.974780641490197386e+00 1.183868810374678837e+01
2.239997669013703341e+00 1.207701731753215668e+01
2.273324233427072461e+00 1.198481419176635043e+01
2.182644949694334091e+00 1.128727517512811751e+01
1.758817339635750931e+00 1.184004294062154372e+01
2.205873174449139551e+00 1.195266161930449123e+01
2.146076465805278666e+00 1.229557954489327720e+01
2.191572756088390417e+00 1.132158661288751311e+01
2.407146016786588127e+00 1.218509424271724839e+01
1.288883880722818231e+00 1.217844218480953522e+01
1.620398575229000659e+00 1.149205887293999595e+01
4.955016332474185825e-01 8.787824189621941784e+00
2.141150960939388170e+00 1.241526527991086049e+01
2.275490153902449020e+00 1.255227278608662012e+01
2.318227648689083153e+00 1.244665230842606363e+01
2.042229503570166749e+00 1.208164202201833426e+01
1.974532109335516150e+00 1.211886245561942310e+01
2.180622808900155363e+00 1.147251851618385565e+01
2.458335727776182811e+00 1.165263040251279669e+01
2.638610489893168598e+00 1.303715189691630449e+01
2.035655458834828568e+00 1.137756319419598938e+01
1.977862558125494719e+00 1.154457763360558609e+01
2.133689800863806330e+00 1.167262383731306485e+01
2.275560366845700511e+00 1.131612244242877630e+01
2.257748110972805922e+00 1.078928514520321436e+01
1.942056190738259414e+00 1.097189161005135460e+01
2.021012043766023947e+00 1.222441432533029193e+01
2.273287465508610605e+00 1.239750073921891094e+01
2.115870079752591337e+00 1.189396611472784748e+01
2.120227680564748862e+00 1.177223375392197369e+01
1.868308600457602831e+00 1.160099407308075570e+01
1.693335575177791430e+00 1.149499240472294836e+01
2.124573209744585078e+00 1.091059890341178296e+01
2.256468317203255580e+00 1.228242237870871634e+01
2.150059710684680159e+00 1.197888847937552903e+01
2.408067678346990093e+00 1.277464311542603603e+01
2.423515467155914926e+00 1.276843991309277015e+01
1.818762644478359558e+00 1.191169659449984408e+01
1.328546096562163159e+00 1.110197297376974568e+01
2.285280627012899135e+00 1.211841094671671470e+01
2.074699824618379207e+00 1.269841363313050486e+01
2.072792081241552786e+00 1.270030645314274409e+01
1.534285438693453463e+00 1.115941198855128391e+01
1.787094198767644970e+00 1.157313060634255208e+01
1.681606296253423061e+00 1.176679458765025288e+01
2.127637805076636468e+00 1.131396649807880017e+01
2.067981697008604680e+00 1.183538002672779754e+01
2.161258206950884109e+00 1.090607464195477583e+01
2.167067948514563636e+00 1.085590205947696241e+01
2.063255222541231948e+00 1.236511140561686872e+01
2.255083320512921485e+00 1.136369021216308006e+01
2.351834209447373425e+00 1.185702235631573664e+01
2.087939101333671665e+00 1.276407746472572136e+01
2.366840672162744408e+00 1.197355454293486154e+01
2.236913598549421955e+00 1.173963428878934501e+01
1.258417835158170517e+00 1.100106229416935655e+01
2.044441381644169553e+00 1.224274600545893144e+01
1.893547990610204179e+00 1.250348705345552247e+01
2.064789193910471887e+00 1.210193195494970553e+01
2.294062614455987692e+00 1.225792518535005549e+01
2.214839794927033090e+00 1.226400775635261553e+01
1.551904825470388438e+00 1.206588771635165003e+01
1.734648843170389254e+00 1.214527747344172859e+01
2.048498562553363822e+00 1.086146637226745426e+01
1.917320796164970087e+00 1.104296523107973194e+01
2.029480550971307640e+00 1.195456779994170837e+01
2.237886103669268323e+00 1.223232707262897634e+01
1.945725651888964958e+00 1.137039558526263150e+01
2.309555542327597966e+00 1.223467503505009191e+01
2.311734963067199278e+00 1.222880627859639446e+01
1.994758428550326812e+00 1.126295753418010825e+01
2.105283662009775014e+00 1.145959702096914157e+01
2.141442518393753325e+00 1.273916860254379735e+01
1.408421396469900166e+00 1.122048470734991810e+01
2.048462841829202130e+00 1.163787880706124689e+01
2.153935180839483543e+00 1.200860733311259843e+01
2.151544747340223829e+00 1.045670623080901152e+01
2.156817554553568606e+00 1.185600804759202376e+01
2.109446746162249031e+00 1.062455678927377534e+01
1.829502615072540861e+00 1.231782431137999900e+01
2.125398662972941999e+00 1.142725427535894944e+01
2.180704388968932150e+00 1.203953240710746719e+01
2.140275480432886734e+00 1.113047223263558472e+01
1.194907124044911395e+00 1.125554717724065767e+01
1.042819587908397017e+00 1.080348034668161716e+01
2.221522173504630437e+00 1.116146891286050469e+01
1.599086666769413689e+00 1.118989699681193528e+01
1.089228852983707752e+00 1.202442910306105084e+01
2.288530211094514488e+00 1.127716579680433462e+01
2.273516074872376613e+00 1.136984477692215023e+01
2.040650377591480158e+00 1.206751828342693145e+01
2.046419691747076719e+00 1.204998586388805037e+01
1.401990809568709473e+00 1.095176332512521178e+01
1.755483179410833650e+00 1.128007783102680506e+01
1.888700780461296080e+00 1.149599330295411903e+01
2.395278749928437367e+00 1.251621688831949619e+01
2.283451606946810486e+00 1.272382118383029770e+01
2.125910828383474449e+00 1.152866740370119913e+01
2.115400087852994826e+00 1.159416440174144647e+01
2.431932170273634064e+00 1.220599577450507311e+01
2.462057146010266706e+00 1.308995741514755373e+01
1.581379641340501463e+00 1.219824053525643848e+01
2.320650897444124894e+00 1.200386495570319667e+01
2.065997973034011448e+00 1.184422225632931891e+01
8.904587080580773639e-01 1.059615855152559227e+01
2.042990846453303533e+00 1.086182701539593332e+01
1.838620411904758667e+00 1.184143407694726413e+01
2.360150210254637226e+00 1.185693508362940918e+01
2.054277521062799927e+00 1.127937740266355071e+01
2.192992676594317736e+00 1.163222231186753319e+01
1.908969189989323745e+00 1.247739662237757408e+01
1.985211994715216699e+00 1.196610076777425569e+01
1.603822145837274782e+00 1.226029292877341881e+01
1.757877838889994493e+00 1.235021858939191475e+01
2.417958205623862433e+00 1.230368009675460250e+01
1.336402945453071700e+00 1.165806061243495684e+01
1.390132038324801922e+00 1.163383284230053505e+01
1.697219829336943819e+00 1.197156759819495697e+01
1.859682681638830992e+00 1.201550382432510133e+01
2.454133707022434496e+00 1.195721274422264635e+01
1.986420188072595794e+00 1.182375942548961767e+01
2.126063947557712552e+00 1.157137748896621687e+01
2.259179698976538031e+00 1.168053894894753775e+01
8.961296728947220069e-01 1.065739796754830238e+01
2.062930061641915724e+00 1.060088451600278070e+01
1.375330770850956341e+00 1.155852577304781725e+01
1.828641261554959874e+00 1.221283872197016152e+01
2.248136576026505740e+00 1.192699688195081897e+01
2.474329739143827478e+00 1.241091611093928826e+01
2.245745182101461790e+00 1.164098284527598715e+01
2.023861448934333396e+00 1.196572634503215404e+01
2.232439245840400321e+00 1.203408927091399683e+01
1.680628891643399792e+00 1.154870536764184230e+01
1.894497187299072793e+00 1.169453250465650385e+01
1.806149849515146233e+00 1.175956113735857400e+01
1.955258360950362428e+00 1.194704662586610944e+01
2.295619547110661962e+00 1.146359106971095798e+01
2.687403069445816417e+00 1.280095257924173424e+01
6.995570544223843612e-01 9.900164870597643940e+00
1.648048896990939038e+00 1.113366116623997648e+01
2.177095172949475632e+00 1.208644895836739863e+01
2.249124503852298673e+00 1.168661202039735691e+01
1.982184616755963358e+00 1.140956958527701204e+01
2.178787389373561645e+00 1.170333602125372785e+01
2.242098294651945434e+00 1.161873430664841145e+01
2.145308522274329111e+00 1.093867304999700529e+01
1.590791842360363306e+00 1.212927969298375963e+01
2.195289803277634455e+00 1.098973966557761273e+01
2.192988780403832383e+00 1.106475220741664955e+01
1.836042728060445661e+00 1.171075128016379807e+01
2.383852136727040438e+00 1.176181609110220627e+01
2.275437690583006489e+00 1.212221716292634888e+01
2.256802751781094685e+00 1.194271552634507572e+01
2.257957657928445716e+00 1.193561284110248799e+01
1.999844262751315993e+00 1.098499701252782224e+01
1.994921760601674698e+00 1.100692073815084804e+01
1.582124176379628988e+00 1.220449449024306432e+01
2.006469407801279914e+00 1.236566963816232523e+01
2.164597716722730159e+00 1.233320904202846968e+01
1.933325393296490002e+00 1.127726511013876376e+01
1.899500493722280359e+00 1.203374051290012936e+01
1.954950843946454464e+00 1.125256071833922000e+01
1.964685742299703053e+00 1.124968401104046301e+01
2.356271335872176298e+00 1.203063647064744224e+01
2.270295846896258851e+00 1.234321420622938348e+01
1.493556179939298012e+00 1.196789284041335577e+01
2.167919154103596480e+00 1.229077770868884123e+01
2.401163022062886565e+00 1.265204696872473455e+01
1.934282329389067634e+00 1.157251883541924364e+01
2.113642872238254977e+00 1.118746748561123638e+01
6.161956808708446420e-01 9.834793278183685317e+00
2.400877107362969998e+00 1.167205908336087639e+01
1.978800854852530211e+00 1.271854093422920684e+01
2.018363654602799429e+00 1.272084057230063436e+01
1.427172622358661158e+00 1.222558179420259705e+01
2.079261102064592137e+00 1.232333788944255737e+01
2.420257441090966744e+00 1.276009139504844825e+01
1.958976666434022018e+00 1.172835434200431237e+01
2.007823979923311075e+00 1.168753886845276391e+01
2.181719865333810127e+00 1.111537076579312178e+01
2.009908326964498393e+00 1.162440007049191060e+01
2.214295074584256895e+00 1.215987330841638148e+01
2.140291941246088570e+00 1.219272387001971936e+01
2.323485454842619813e+00 1.183109748866055000e+01
2.487994906956685348e+00 1.212629351561929525e+01
2.176772935885412430e+00 1.132768708204272734e+01
1.797037560904307218e+00 1.201490858554406849e+01
2.046920508537304340e+00 1.204729105309756676e+01
8.074520447100111964e-01 1.161813071074628745e+01
2.315818383529329338e+00 1.226890125372397478e+01
2.067528833178595260e+00 1.156981150149598747e+01
2.213727156507372396e+00 1.130238855691622391e+01
2.566030880426834582e+00 1.281379425382985460e+01
2.612948592987696106e+00 1.261500704640958936e+01
1.946950140827327091e+00 1.253031622082926333e+01
2.264817303781926583e+00 1.222095075736298142e+01
2.283726467430301277e+00 1.217125646044619813e+01
1.875908232143834731e+00 1.149351523567189304e+01
2.430427588139101758e+00 1.227220194676760201e+01
2.453493181729683226e+00 1.210003882907849437e+01
2.233186816284358223e+00 1.146050756392746450e+01
2.071043630510048583e+00 1.162450222298622293e+01
1.867922571005063981e+00 1.145519155473491679e+01
2.138855860540860743e+00 1.114529617161192476e+01
1.819730878361523141e+00 1.244538811287650226e+01
2.323577182516722850e+00 1.262674683261212571e+01
2.380810433348415245e+00 1.161200836525582680e+01
2.299595470867703551e+00 1.195314260758842728e+01
2.523046597648490152e+00 1.222724224119844827e+01
2.282866258770902768e+00 1.146780393471828496e+01
2.042961643014876927e+00 1.215503814971477325e+01
1.882702060011661738e+00 1.203100428664557953e+01
2.368383313531952972e+00 1.224783387969877069e+01
2.135445345180018606e+00 1.262812899557966340e+01
2.100415812061055654e+00 1.104668773494054257e+01
2.359038536312629386e+00 1.131052966309407282e+01
2.143064374941534123e+00 1.179233320640231497e+01
2.124189481328161211e+00 1.252782616706774022e+01
2.335463562982645680e+00 1.242486953931027571e+01
1.789131144625471848e+00 1.227076619442033589e+01
2.151846662523168696e+00 1.231892934754762514e+01
2.340793395085186024e+00 1.228318576500435100e+01
1.123548644090702098e+00 1.121364720864360010e+01
2.058035628950147800e+00 1.120946983483366388e+01
1.774129083685777264e+00 1.222545282894553864e+01
2.439842454304293806e+00 1.242843687125935936e+01
2.368987821279573858e+00 1.297247443238696540e+01
2.154858867121332011e+00 1.197303867428186663e+01
2.191751367906964010e+00 1.199535447146646661e+01
1.863431981351553413e+00 1.234114356992704487e+01
2.136104405087543956e+00 1.222712946315071392e+01
1.399310728284959060e+00 1.191317460717042742e+01
1.633948475800262923e+00 1.223307830687004838e+01
2.041029874515436937e+00 1.194671214339635590e+01
2.241775065965220470e+00 1.259867814411994935e+01
2.281442728361535277e+00 1.255729816719720660e+01
1.957082412803930360e+00 1.251120509332187858e+01
2.025991839803843231e+00 1.133097836390972368e+01
1.867168798323082024e+00 1.160165926581210982e+01
1.855067561144027932e+00 1.216006261793619991e+01
2.138425460222849850e+00 1.213665470469624275e+01
1.423230172273911576e+00 1.129021266247558941e+01
2.055592085313977524e+00 1.077446998898039965e+01
2.033224907282232596e+00 1.086817189478026968e+01
2.577130659409469171e+00 1.242478614700730155e+01
2.350418667525780769e+00 1.277979628334179729e+01
1.023931710117788274e+00 1.194696184181818666e+01
2.074246322907096207e+00 1.180524568020095622e+01
1.651978324347533222e+00 1.179909312218724970e+01
8.958747835418245931e-01 1.100645049130236686e+01
2.454698256296509840e+00 1.288631723083876501e+01
2.053651540549074284e+00 1.263676172818780152e+01
1.902359610823985747e+00 1.246570255739929323e+01
1.933889397206828509e+00 1.283894559338821573e+01
2.219593274107884984e+00 1.280564437312001047e+01
1.487273521811929733e+00 1.149755934280836556e+01
2.102997508548843264e+00 1.090599775090320556e+01
2.149714605193942418e+00 1.157876372838153323e+01
1.913937461670570883e+00 1.192076793219065678e+01
2.088534845088380276e+00 1.182941046214759062e+01
2.091783037171571102e+00 1.172997348299819365e+01
2.414535526884802774e+00 1.261758019047431567e+01
2.000979356222172711e+00 1.174552459014494055e+01
1.738029413730622919e+00 1.163110542067640196e+01
1.913977031372556814e+00 1.129432640847475433e+01
1.726910103914194750e+00 1.240959609474146674e+01
2.415390460420149488e+00 1.178369450596377632e+01
2.062506839684729254e+00 1.092654476147068898e+01
2.121796431232394919e+00 1.116686493101183153e+01
1.910593127006146918e+00 1.179655420973311841e+01
2.230697114699647265e+00 1.098863355656650853e+01
2.240338111322264236e+00 1.091022856910564620e+01
2.234407617685759462e+00 1.245967170161460302e+01
2.560143113635610757e+00 1.228618333200238411e+01
2.216151803511864582e+00 1.166630764525982578e+01
2.200001175718496071e+00 1.146614109353039268e+01
1.956860128686831235e+00 1.162577144425427988e+01
6.714433968413855425e-01 1.063330649778523629e+01
1.975134458581874197e+00 1.123461619926352562e+01
2.016630472457640710e+00 1.200870323952269736e+01
1.946552976289767978e+00 1.242177480205243434e+01
2.269118586988410957e+00 1.243584802012834167e+01
1.977543186596994573e+00 1.242530444278962243e+01
2.324590128017968382e+00 1.216127569942170261e+01
2.453028936160810414e+00 1.198959937085452410e+01
1.417523033356620443e+00 1.192493574498956832e+01
2.154433091724857530e+00 1.235253491541127957e+01
2.162586570682446752e+00 1.199774539116797278e+01
2.366421424878106361e+00 1.229619921933044147e+01
2.370470182670862513e+00 1.226521955854373935e+01
1.940850840615218953e+00 1.184701054997502290e+01
2.255403138492845905e+00 1.165024369101616841e+01
2.003005415689577795e+00 1.137898094924276471e+01
2.080925799741746740e+00 1.155937922562026365e+01
2.360263032615015355e+00 1.238823014484822593e+01
2.166777577978200586e+00 1.114498621208575102e+01
2.038673286860305911e+00 1.171959404905411439e+01
2.235536418888500076e+00 1.255087255327327611e+01
2.414470413289893980e+00 1.259139535109722452e+01
9.291820047933951887e-01 1.130496544061787922e+01
2.196586377766635678e+00 1.122358617572253614e+01
2.017264451403904424e+00 1.150635819665452431e+01
2.013410140738671306e+00 1.157877471369822686e+01
1.911602418941753534e+00 1.244094504610499285e+01
2.394128460295383398e+00 1.273182341491090597e+01
2.303759308312348431e+00 1.135252894397355838e+01
2.060636494151707687e+00 1.191996321947986104e+01
2.346536380124089050e+00 1.155624740718683263e+01
1.246205665078734759e+00 1.192263207566378824e+01
2.252963094147486078e+00 1.204736612660599704e+01
2.642254209524175224e+00 1.267838946536953948e+01
1.271088406687475469e+00 1.185985036501718604e+01
2.260687510436778513e+00 1.137144277083325683e+01
2.373706321157790899e+00 1.169657825687683150e+01
2.119593327003709948e+00 1.261974936109664647e+01
2.263545950329582723e+00 1.272253774420269323e+01
2.536240180827273427e+00 1.254655359657597735e+01
1.650834632240568478e+00 1.135844657713196248e+01
2.355274468168463198e+00 1.206248472847464726e+01
1.932041809605016036e+00 1.148121187946855493e+01
2.124603290479698092e+00 1.096129092690994078e+01
2.149441076538953777e+00 1.101391829686274448e+01
1.177782339109980869e+00 1.151428631796438218e+01
2.671240838138098539e+00 1.337453371993638029e+01
1.818532740732841324e+00 1.137027556865162303e+01
2.363459592336535131e+00 1.251889606397712562e+01
1.994210719521458230e+00 1.213840834786167555e+01
2.323428066650323753e+00 1.258238109566668506e+01
2.233305662205852471e+00 1.235307240291158593e+01
2.221786016571425826e+00 1.241870072951783399e+01
1.649150523677121782e+00 1.175871536133372430e+01
2.351370975012155196e+00 1.318996499268599365e+01
2.082967828356577566e+00 1.171594268139189410e+01
2.222472731229754750e+00 1.132217499606458766e+01
2.261740322501136102e+00 1.304545379113034542e+01
1.319663199002455434e+00 1.203180447946452603e+01
2.455186727891852883e+00 1.190113232395807685e+01
2.134509792346173107e+00 1.221079764817463520e+01
2.186596004441696994e+00 1.121185179441405388e+01
2.174652035385177040e+00 1.127543473485109438e+01
2.274929266767859559e+00 1.154771719288343945e+01
2.421988078920537468e+00 1.202342779007982010e+01
2.416426193412701373e+00 1.207276097251384250e+01
8.151685138075898118e-01 1.078836739177558357e+01
2.049555709709001139e+00 1.223669303519098328e+01
2.493783716347129253e+00 1.247414486284841750e+01
2.177174533606025530e+00 1.163584860584278324e+01
2.335700069783100741e+00 1.121852153248208062e+01
2.149076730075110131e+00 1.155684222982878140e+01
1.696138053467136420e+00 1.171214024349655070e+01
2.155823774871689302e+00 1.178494377876323718e+01
7.718815164738125345e-01 1.155941947950856985e+01
1.924753174576352643e+00 1.188200930387901799e+01
1.808071090878455633e+00 1.197643421923476481e+01
2.241540412922711667e+00 1.311613307094101799e+01
1.245844535566920541e+00 1.102971403226728597e+01
2.091597399283632086e+00 1.180142761295533127e+01
9.128126042313469135e-01 1.143589888882944194e+01
2.333851685195135861e+00 1.188493141784687701e+01
1.020397372622991794e+00 1.118453646558993242e+01
5.555014816465208005e-01 9.456914177443250580e+00
1.648110724020509510e+00 1.180736815347267310e+01
2.251265859351035736e+00 1.223990921898240636e+01
1.480165352127148282e+00 1.186024350082598566e+01
2.527498386760529847e+00 1.240375361907401164e+01
2.180944149745072558e+00 1.087004916605775051e+01
1.542523343781474043e+00 1.137814604380303685e+01
2.316615508266969492e+00 1.221778778562966039e+01
1.986442659188220938e+00 1.200096125092698784e+01
2.104194611303289442e+00 1.299940031706618448e+01
1.938268044766409792e+00 1.284670040088273346e+01
1.876919898741021386e+00 1.217563229786999557e+01
2.605097208259560038e+00 1.256102169267608559e+01
2.586748567612127125e+00 1.264284495726228030e+01
2.119208244677905473e+00 1.191384515348103612e+01
1.971759135466511825e+00 1.198597684360615290e+01
2.377186037455023548e+00 1.211493263219082017e+01
2.144202218214439348e+00 1.200118466860466171e+01
2.112073742807014654e+00 1.213620099776589356e+01
2.209398504225969617e+00 1.244579512437163160e+01
8.674696323993333902e-01 1.064713232464740500e+01
2.353478409613573241e+00 1.176445047852491577e+01
2.292052364308919454e+00 1.177450315255529567e+01
2.193198908464428332e+00 1.260787329752091246e+01
1.953007582033328360e+00 1.192117468751526133e+01
1.708672190872173813e+00 1.193567629806506680e+01
1.958675409016331415e+00 1.243994426988000512e+01
2.339867684933167435e+00 1.152983017944339217e+01
2.399379458157405054e+00 1.237956473614138098e+01
2.321811361389863659e+00 1.242632658665600509e+01
1.793301892944338505e+00 1.126328246672446909e+01
2.608993006965743877e+00 1.254098941475958817e+01
2.168844587820000225e+00 1.144251157184159773e+01
1.883433914171247947e+00 1.149175973082297553e+01
2.188566283760423392e+00 1.192743401969674188e+01
9.727498248041466233e-01 1.223443457784044242e+01
1.842527142211444646e+00 1.142472943036376698e+01
2.140638617936376775e+00 1.171854611127664114e+01
2.217496826930990927e+00 1.104564396897549905e+01
2.175027595546544124e+00 1.128543639272438881e+01
1.482761381637586862e+00 1.162496768316604623e+01
2.051718235010018265e+00 1.268301347087126985e+01
2.207489004210882566e+00 1.193337492478949891e+01
1.694079805005015871e+00 1.209814834899442815e+01
1.810785316934492517e+00 1.221901203932689661e+01
2.095828390276377462e+00 1.195641097111693263e+01
1.378252963378834961e+00 1.236245415225750932e+01
2.197340857405825076e+00 1.214863015132790203e+01
2.196406305814248228e+00 1.240286489613697363e+01
2.231487379527063108e+00 1.222193024166909581e+01
1.333961021960113902e+00 1.129004194044705045e+01
2.481938867412559535e+00 1.248102212294251245e+01
2.349339583963193867e+00 1.176143054462934323e+01
2.343124609204406461e+00 1.181553510385714034e+01
1.870572289499543350e+00 1.220340720109843424e+01
2.485040263633393920e+00 1.285120214229576696e+01
2.038567806844430841e+00 1.256570918381028257e+01
2.396596908665628689e+00 1.207852975148765751e+01
1.954131022577696886e+00 1.217525117022459824e+01
2.374002732995436293e+00 1.178029652796462656e+01
2.383504551260719584e+00 1.170482910034160362e+01
2.194119085940001934e+00 1.127989438392686239e+01
1.335431106853132155e+00 1.150322128221153228e+01
1.631308372210560798e+00 1.229782506174162648e+01
2.478989900409058311e+00 1.267324525749278408e+01
2.012443059339657392e+00 1.134890550380995045e+01
2.309964177102249216e+00 1.204403671979139823e+01
2.258597117317655112e+00 1.234934401529554471e+01
2.281360763162132876e+00 1.244670132581697075e+01
1.849578466587488146e+00 1.258065265886600415e+01
1.915639812717988777e+00 1.113266591791546745e+01
1.858752584677678232e+00 1.112649801380304559e+01
2.352343412644142706e+00 1.149241347617369691e+01
2.244057521178203007e+00 1.169616440901567422e+01
2.204851119845420371e+00 1.246566463125141766e+01
2.373381219937158448e+00 1.219788218642767141e+01
2.327083618413581245e+00 1.212174556841171125e+01
2.142750002352939109e+00 1.244246227264442517e+01
2.165801345675438583e+00 1.202776799589139323e+01
2.695994188032368122e+00 1.278160978934978687e+01
2.266671366574591229e+00 1.227147270159081494e+01
1.820670683551624869e+00 1.246736593781272262e+01
2.467707214960762396e+00 1.308255297020671826e+01
7.060135333721072604e-01 1.115087981412546725e+01
2.105671755101409026e+00 1.151126003965189248e+01
1.786658419472049619e+00 1.118656128602197874e+01
1.825879615808414513e+00 1.213619272536105775e+01
1.375838667957424377e+00 1.244633367422424186e+01
1.656668875903844151e+00 1.224888731582222512e+01
1.892702367721872614e+00 1.224809801729891667e+01
2.113062678551667961e+00 1.239130572155558419e+01
2.451349029824713366e+00 1.191468400128795579e+01
1.652082503120768431e+00 1.247527777978070240e+01
2.511483386432389775e+00 1.243649263162384244e+01
1.556699206551999115e+00 1.191286179402468726e+01
2.177949138286881858e+00 1.155637595115645411e+01
2.062013863457623941e+00 1.124634842297971993e+01
2.156685595347294537e+00 1.259526602164907771e+01
2.192056199598408472e+00 1.167670716278871090e+01
2.437524883667622433e+00 1.269316785644428158e+01
1.558988363513940989e+00 1.184085301399828438e+01
2.109143117784253896e+00 1.141867604068066022e+01
2.177481943712859636e+00 1.292505396101498505e+01
2.068904268070189900e+00 1.189523371993529999e+01
6.910639042912083418e-01 1.048791509639862873e+01
1.213755590885320590e+00 1.137267130295905915e+01
1.566552904437902516e+00 1.150273669497874174e+01
2.013421271038838167e+00 1.198457101415600690e+01
2.566140398648856014e+00 1.221885809134566259e+01
1.048844813281063937e+00 1.155623106389334609e+01
2.346675794789611302e+00 1.174720765775618148e+01
2.372577327590891016e+00 1.280126392524409873e+01
2.394688959670365325e+00 1.193861585859535701e+01
2.193741389848797851e+00 1.228831924019315736e+01
1.875773570494315257e+00 1.139971653513101479e+01
8.870461057789070791e-01 1.139896482220630602e+01
2.421110697476998475e+00 1.276680092830484980e+01
2.400395840183775054e+00 1.281730288106760440e+01
2.105487468612305513e+00 1.174696574244467584e+01
2.362153942247505523e+00 1.296796922834677801e+01
7.157984721236846370e-01 1.016169740672455291e+01
2.331472293021066733e+00 1.186385878649327630e+01
1.404568240795446510e+00 1.221871045481098150e+01
2.105778258729180230e+00 1.131506094021457720e+01
2.118083361513874330e+00 1.130643649381990556e+01
2.429364432162910870e+00 1.177539481375888997e+01
2.212934505406528807e+00 1.167959922808122997e+01
1.914896771955864052e+00 1.175979574437060649e+01
2.368382444321499580e+00 1.209584493806550931e+01
1.320089142714885311e+00 1.184191857112557322e+01
2.604758969822037695e+00 1.237317617270358383e+01
2.147469431564172471e+00 1.187807258423564249e+01
1.769205859039365114e+00 1.142973497021305995e+01
1.766768272612179613e+00 1.157481672071030765e+01
2.409695614136110553e+00 1.251428843871146590e+01
1.743035362506805352e+00 1.179345287676986054e+01
2.442770710203352902e+00 1.232865572740327487e+01
2.037814846941391700e+00 1.206353457001471163e+01
2.081003504520722025e+00 1.118441619090044625e+01
1.996302771735625647e+00 1.226625119270057418e+01
2.696246001960536098e-01 9.922277402563640436e+00
2.357271725700670562e+00 1.212153719907683325e+01
2.187781378612958960e+00 1.234210638546914396e+01
2.143189690803590342e+00 1.087019449400269977e+01
1.771806394475436974e+00 1.217054974670583611e+01
2.417574569951515873e+00 1.232366571370777208e+01
1.915287051622840853e+00 1.257665602898635449e+01
1.558206637927597615e+00 1.142980094520986079e+01
1.044012731357089052e+00 1.134706485065440695e+01
1.960915539536397967e+00 1.213157367395490915e+01
2.183627653439868865e+00 1.149941078819085760e+01
2.185243881551627076e+00 1.201604728115487219e+01
5.134110478390921939e-01 9.724438846897811572e+00
2.173312252924801680e+00 1.240397232231282132e+01
1.723085325750871588e+00 1.242120102386813763e+01
2.241022545377882036e+00 1.235524260770096205e+01
1.971092606913659617e+00 1.203338244886844244e+01
1.804121953502689335e+00 1.132917435598778333e+01
2.380457995854635023e+00 1.245319366805388306e+01
2.484322606559565827e+00 1.198762600829804370e+01
6.538175616796623180e-01 9.611750171438233181e+00
2.250212379189302947e+00 1.143839803155073120e+01
2.175372025231015805e+00 1.230018713107354777e+01
1.820235934195056915e+00 1.222112657547018699e+01
2.370928246306623244e+00 1.176815924547625158e+01
2.248635680151874983e+00 1.214174598543994321e+01
1.842680248959430944e+00 1.155968858495155516e+01
2.503908573472353183e+00 1.222312529891029875e+01
2.445745293242429508e+00 1.231368912350074396e+01
2.124228231167781367e+00 1.126135773757629366e+01
1.663589097408339601e+00 1.184798547537904767e+01
2.383591913777485694e+00 1.228687705202547775e+01
1.427411848040286868e+00 1.170931539862692183e+01
2.301296911603300632e+00 1.152813452242860315e+01
1.976033259527993469e+00 1.169967685922874345e+01
2.219480112427359320e+00 1.198643390945758291e+01
8.751304584556165445e-01 1.189643374148826993e+01
1.906194758918791976e+00 1.199692713444732561e+01
1.284324167668154493e+00 1.167821400242101859e+01
2.545261357513667111e+00 1.217058531080003547e+01
2.128207214010340298e+00 1.144037911097834659e+01
1.580596977256811364e+00 1.161789749736908561e+01
2.399181486301533717e+00 1.223506174492589871e+01
2.149370708264201291e+00 1.114369357690582696e+01
2.038625890921831996e+00 1.206738755396649765e+01
2.312433934433550942e+00 1.157760282994094503e+01
2.233991408340058271e+00 1.132556935810520748e+01
2.034764208088975845e+00 1.261796456621517670e+01
1.022843227629197216e+00 1.113857328530872692e+01
2.127973784940825119e+00 1.267527401711355495e+01
1.874189179284944773e+00 1.244045811558712700e+01
1.893185829463884584e+00 1.153546459004967417e+01
1.985221815652163935e+00 1.136204308548669495e+01
1.965771342309849512e+00 1.122781777601068143e+01
2.491013602231090029e+00 1.192346042124722771e+01
2.503117478891668579e+00 1.247147975773266282e+01
1.285098628371732499e+00 1.112430777382766323e+01
2.348511312737727508e+00 1.160349998120182669e+01
2.064123156814207771e+00 1.158823076761405169e+01
1.939870032307915659e+00 1.199548655052163859e+01
2.272548748704713795e+00 1.183122664177946426e+01
1.739186225144053077e+00 1.223322819259562344e+01
2.218841288873556916e+00 1.124803849381052601e+01
1.597889839017045510e+00 1.178954811376759615e+01
2.349808485806589076e+00 1.200706453119031458e+01
2.346500851242105057e+00 1.247140709456831154e+01
2.331596861547429178e+00 1.160836143025107070e+01
1.735833062086137524e+00 1.200945024908410552e+01
2.243450937192233763e+00 1.229111544400077705e+01
2.376800568005480674e+00 1.181924240577253293e+01
1.917778537537170980e+00 1.133396173291080089e+01
2.111625746342475463e+00 1.192487875858408231e+01
2.110902263502988596e+00 1.206063378039819156e+01
9.677774244344382604e-01 1.190381112834887389e+01
2.162136349134432756e+00 1.148034263524328047e+01
1.016185978798530121e+00 1.075404828966894577e+01
2.022290051929812371e+00 1.203177583724771083e+01
2.061213400020849296e+00 1.187073032322485844e+01
2.323605137736019621e+00 1.155383111421116560e+01
2.550943496580502678e+00 1.197463194792389096e+01
2.537182582967967281e+00 1.219077902059071761e+01
2.364002329792265655e+00 1.209311565261095112e+01
2.347334802789084129e+00 1.222002290524833867e+01
2.150849908208741557e+00 1.162571686498054468e+01
1.096556514519459569e+00 1.040446298840654293e+01
1.509186740306602381e+00 1.124232845971387640e+01
2.011543834067631487e+00 1.231045775832447475e+01
2.412133968945861628e+00 1.245570791876804506e+01
2.230858559047382172e+00 1.108432329925969029e+01
2.158138230859099060e+00 1.170831330689825123e+01
2.017011790468870025e+00 1.243740147447956268e+01
2.156183765234771510e+00 1.283031374315198470e+01
2.365567918950247428e+00 1.200147765330142313e+01
2.079613250511046285e+00 1.156287271714132991e+01
2.173432768224881073e+00 1.171098339127463817e+01
1.997164533923295737e+00 1.182056575819723854e+01
2.190537106981782056e+00 1.255987794065305074e+01
2.332055157414719027e+00 1.207314384939565599e+01
2.337679088727534271e+00 1.197158562110127455e+01
2.121468338778377039e+00 1.113664625974012345e+01
1.633148711372851558e+00 1.209644012786839617e+01
1.681451459028524109e+00 1.191733953656160594e+01
2.127678325110073487e+00 1.193731907809350901e+01
1.759795059697971231e+00 1.163552078740694640e+01
2.475759110187536471e+00 1.315116974799187588e+01
1.866308560555216767e+00 1.177220858591470432e+01
2.169855896285186603e+00 1.074892448355954144e+01
2.143555266253237335e+00 1.186869121972195984e+01
2.155874947467284919e+00 1.226801172960181319e+01
8.803515380979688443e-01 1.090715638730085146e+01
1.726813851706093805e+00 1.219799948918212884e+01
2.009632293185297680e+00 1.193534667438736463e+01
2.248766148664311348e+00 1.181668913607843052e+01
2.049126131308074861e+00 1.241148348281705793e+01
1.959092863267032358e+00 1.131969729733066643e+01
2.142457600964748021e+00 1.115450479200845990e+01
2.404834785365073113e+00 1.222056440848672132e+01
2.409175712541462566e+00 1.220246768643920454e+01
2.116804586469582805e+00 1.167904182901106935e+01
1.339903127368932578e+00 1.149045565742491526e+01
2.027790133612916268e+00 1.196058805437212058e+01
2.087270939308276674e+00 1.181399386474606494e+01
2.118261270715441569e+00 1.179092892999161535e+01
2.063186919455674673e+00 1.210178243304247303e+01
2.236587029341347677e+00 1.157534208963761735e+01
2.230586387135359061e+00 1.162897137152999250e+01
2.105366208818911122e+00 1.146983836068821816e+01
2.056294690499560485e+00 1.153163325641189907e+01
2.098839593668853976e+00 1.122498283547455422e+01
2.143811418918810663e+00 1.118562856590157395e+01
2.215095276112627243e+00 1.098746443480348134e+01
2.712636746180995484e+00 1.315787843105375288e+01
1.686845609938385948e+00 1.248925880603223071e+01
2.184830083102622833e+00 1.213893038235236688e+01
1.411828993063205973e+00 1.182865987729453217e+01
2.009551228839199677e+00 1.123190993226245205e+01
1.976746131854488331e+00 1.126472000854762356e+01
2.162575861887763295e+00 1.173747513935977516e+01
2.254629926690160158e+00 1.107620835316008723e+01
1.815709670516169050e+00 1.129795466048426178e+01
7.587789194627035938e-01 1.121337040604196567e+01
1.687447145758149469e+00 1.193021805353214582e+01
2.428648272538416641e+00 1.176217382085809504e+01
2.288944187694071264e+00 1.212432704853086207e+01
2.286711770454425974e+00 1.239185169707756096e+01
2.242998026546664470e+00 1.258803788157704062e+01
2.207309307101443352e+00 1.197532704080908061e+01
2.225860255339126681e+00 1.145742018846441468e+01
1.037573331570404767e+00 1.151459360585800518e+01
2.601845547641239875e+00 1.234357989164575997e+01
2.465370400277998364e+00 1.258566971885215935e+01
2.082846512587771759e+00 1.135546803267173210e+01
2.326552110013488495e+00 1.180765838156929703e+01
2.313008786786520776e+00 1.186690160800934990e+01
1.935680805928268411e+00 1.187514840572243102e+01
1.964865424153463103e+00 1.250499954580895867e+01
2.190583703919783076e+00 1.155637435264127078e+01
1.998217644306964136e+00 1.183055136726150991e+01
2.500897075779795475e+00 1.234223825739396752e+01
2.537905429007104363e+00 1.213995800377990264e+01
1.131631495576371105e+00 1.139293828614872872e+01
2.431283793021415285e+00 1.182076958675558487e+01
2.436140906110691784e+00 1.176207304156382172e+01
1.461395438119595935e+00 1.186881963439991061e+01
1.960521297613970537e+00 1.149599210542894845e+01
7.674932587615623802e-01 1.032605677995257132e+01
2.301525374429969073e+00 1.237778368684479702e+01
2.030274563113379838e+00 1.079406319756259158e+01
1.984627870015851947e+00 1.095708954591528439e+01
2.584888038239617103e+00 1.335486964822014144e+01
2.030483744686836900e+00 1.100915837928186924e+01
1.745382632194668160e+00 1.144499048860022761e+01
1.920051045348238228e+00 1.177217135279542148e+01
2.292469487780589343e+00 1.158849334866920167e+01
2.235437489905724551e+00 1.139445511413071088e+01
2.118991053481344089e+00 1.178954369083358955e+01
2.501285490185980454e+00 1.242998579806145543e+01
2.111199817511184129e+00 1.229992540924397026e+01
2.296243611537871487e+00 1.157981477673727078e+01
1.307349713756151166e+00 1.166382284977325767e+01
1.914071933578900708e+00 1.261239610943067646e+01
7.107516955919352952e-01 1.128162888991224655e+01
1.462647209303198137e+00 1.222179586677251883e+01
2.633250040588590135e+00 1.263886928958111966e+01
2.209849742385356475e+00 1.093472336042175286e+01
1.192238526956723721e+00 1.131857683680570403e+01
1.159491934648854361e+00 1.095668333048722687e+01
1.814376064800250710e+00 1.202444497872257578e+01
1.876985269227932740e+00 1.204435421230577674e+01
2.350073448656623931e+00 1.226005225263460829e+01
1.993178559456019627e+00 1.207208172105456434e+01
2.283433818533309179e+00 1.253468764177771355e+01
1.475804215433292210e+00 1.210040466579547846e+01
3.272145402832798422e-01 9.391823745712640559e+00
1.673203030677270720e+00 1.228436277362662388e+01
2.317912187307204164e+00 1.176315105641996972e+01
2.442165160459262019e+00 1.233641783135379022e+01
1.270146826023464959e+00 1.137872322092857047e+01
1.974821271288287550e+00 1.187005915251837784e+01
2.018927840514414651e+00 1.212771449361002496e+01
2.548734885497341285e+00 1.259921494784491358e+01
1.502536154429959803e+00 1.192955910644936068e+01
2.320587399587309196e+00 1.167719794310017178e+01
2.238296141141832063e+00 1.164521826856494258e+01
1.866796001306696207e+00 1.219949418786895201e+01
2.496222499230281500e+00 1.201693819043707556e+01
2.123076824768697524e+00 1.240650431554727184e+01
2.364354079777909234e+00 1.289228780760437409e+01
1.112933575942477438e+00 1.092718712564639105e+01
2.139147665548997601e+00 1.190666581445539052e+01
2.144558421040621443e+00 1.185800333366950277e+01
2.448559888973840692e+00 1.205733179551490863e+01
2.437194172095869860e+00 1.215448983363948443e+01
2.273572516701590551e+00 1.107073228636018847e+01
1.790909380801738671e+00 1.204031247763250967e+01
1.865343427885603811e+00 1.207359259202242185e+01
2.419767490942269728e+00 1.272464363057915193e+01
2.270773043734288787e+00 1.263606629533656722e+01
2.022031987373388073e+00 1.228735990543050960e+01
2.100391816621899554e+00 1.125321868305029049e+01
2.138484433615154057e+00 1.120167874314702416e+01
2.112562834213274066e+00 1.180526440523451193e+01
2.210662075357113565e+00 1.150519672870830235e+01
2.561630770994283601e+00 1.215585386451258110e+01
2.350118863013564763e+00 1.174264216843931941e+01
1.684484330595102053e+00 1.143356695591869610e+01
2.432448305327925997e+00 1.180316992954639943e+01
1.888611539330195876e+00 1.187262156950061254e+01
1.843668291531908920e+00 1.199619285154880899e+01
2.216971948240709978e+00 1.141664814401062600e+01
2.131971399045073490e+00 1.196372647360609065e+01
2.404203308922779669e+00 1.158613776673497853e+01
2.364137458058130914e+00 1.189843784094676415e+01
1.781194592086039918e+00 1.188354288976110773e+01
2.089151362163639725e+00 1.157300404002951666e+01
2.465567263015461918e+00 1.220488142637210238e+01
2.248146726524687722e+00 1.195531073118762500e+01
2.428797888674402383e+00 1.198535823024537628e+01
2.454465671153005513e+00 1.256978011171243459e+01
2.138997549691024069e+00 1.114482385828776501e+01
1.608229406336695755e+00 1.222262886486143252e+01
1.823969419716251039e+00 1.203954115654219947e+01
2.310559872869658360e+00 1.177730611526705395e+01
2.214633057802997573e+00 1.204525979088020193e+01
2.295942467295228884e+00 1.183137947830892855e+01
2.167877145161826835e+00 1.263521106001945427e+01
2.288006036313444014e+00 1.183541425077189047e+01
2.323131246922663706e+00 1.180191235909338410e+01
1.443216210254066878e+00 1.229997789523063645e+01
2.217952099314939307e+00 1.206433055733407933e+01
1.895331954073490310e+00 1.236778265672639776e+01
1.297426107203677015e+00 1.201954928683640667e+01
1.898402636601660642e+00 1.262089984239731244e+01
2.147116762607199636e+00 1.234721011360868559e+01
2.141947534827196353e+00 1.180212936846874605e+01
2.274441005844524799e+00 1.157991115229294721e+01
2.171436019535843975e+00 1.134299600060221458e+01
2.015010342722568293e+00 1.166311329732365465e+01
2.489040478205866158e+00 1.263004613323872505e+01
1.991353170429208452e+00 1.128027262770498851e+01
2.707712173548222356e-01 9.782152203356476505e+00
1.952103686179798903e+00 1.199955822986926179e+01
2.330578839778426392e+00 1.215126498068559435e+01
2.381418487543502938e+00 1.216320286342514478e+01
2.424660003431373223e+00 1.198234769181167891e+01
2.018980029126900000e+00 1.134833564606495848e+01
2.033578297231517507e+00 1.229255353542516005e+01
2.245903561449266395e+00 1.191452328828668072e+01
2.143154809109723669e+00 1.222143811691549864e+01
1.918019344721979991e+00 1.237633812468763850e+01
2.509651399271136896e+00 1.200845203977946341e+01
2.350892298366765942e+00 1.246788563263620020e+01
1.958083679872082650e+00 1.134011794543008556e+01
2.381078784055474795e+00 1.133723591771553885e+01
2.341707853459301436e+00 1.302082345344727798e+01
1.987583519963179945e+00 1.105390198918622957e+01
2.047818476352904593e+00 1.178671627273388189e+01
2.067330661277680726e+00 1.133564964004191999e+01
2.325432399824248542e+00 1.225596299837001446e+01
1.699793841562247554e+00 1.214046394054840938e+01
2.153635924471639651e+00 1.090191782026299983e+01
2.454665654115775641e+00 1.258559762029594431e+01
2.354908248705005480e+00 1.163001892892727795e+01
1.976771098024947104e+00 1.161389558993031557e+01
4.936420474421674420e-01 9.887045534017172344e+00
2.092944951981850821e+00 1.124456614579677094e+01
1.445693135537491569e+00 1.134257100578704147e+01
1.000431664993390646e+00 1.094232171144044763e+01
2.324966893151231950e+00 1.192334921245318924e+01
2.416182377263433434e+00 1.240470942515437436e+01
2.089445860852802372e+00 1.112467736404129681e+01
2.341968452135434919e+00 1.232052326478621040e+01
2.422811139646439571e+00 1.253233789882918536e+01
2.541914700950698158e+00 1.265165979931959583e+01
1.948824180513343052e+00 1.184759095275995477e+01
2.393472453427798019e+00 1.282876171997653358e+01
2.342336979337490632e+00 1.203493282946827136e+01
2.508814909081606537e+00 1.281552783617639157e+01
2.805773948230072534e+00 1.311230006576166041e+01
2.074950943173616835e+00 1.164585274979487473e+01
2.256454318790950708e+00 1.119772537450072392e+01
2.048718537667055806e+00 1.129755976931457440e+01
1.738387395399653368e+00 1.144381186715089882e+01
2.083696547398724785e+00 1.265770784213430744e+01
1.605235351009358880e+00 1.178619031509471782e+01
2.309830984579314350e+00 1.202265015038775964e+01
2.243082158976628993e+00 1.257082342854421420e+01
2.027646817228992315e+00 1.218927182205681525e+01
2.037912556335380820e+00 1.283271767498282934e+01
2.274529452921083550e+00 1.109005457061700284e+01
2.559177429603430198e+00 1.238442242077031885e+01
2.085962138577185154e+00 1.144183777658258627e+01
1.569143047823754689e+00 1.193837545128043587e+01
2.202953116802591538e+00 1.216624390570384051e+01
2.066080596092120469e+00 1.066787085929656698e+01
2.167653046561336616e+00 1.142641957785401985e+01
2.088958380237168289e+00 1.157682817245341411e+01
2.039935649475006496e+00 1.085057749676194305e+01
2.116330626253565050e+00 1.159394851269831683e+01
1.913260449577558253e+00 1.207749714410649133e+01
2.462749302084862091e+00 1.200251272143031933e+01
2.160601583132298664e+00 1.071768688003198200e+01
1.623817243739084981e+00 1.119477385649088852e+01
2.180873569391638789e+00 1.211235001309482584e+01
2.284913046471233056e+00 1.194612869641263053e+01
1.327227929295343722e+00 1.193717983414683559e+01
2.109666024306213306e+00 1.161937292184324733e+01
2.128292406892976718e+00 1.216209872860954988e+01
2.123418544609973146e+00 1.164852673697109964e+01
9.847385028312778399e-01 1.134204070143890952e+01
1.855699136789440429e+00 1.186975169026587906e+01
1.399288644315711094e+00 1.120832353283584304e+01
2.133685032671143400e+00 1.221304318412544454e+01
1.929713346747869762e+00 1.135261977139306566e+01
2.061193533308558035e+00 1.126484264646780886e+01
2.040417229613632699e+00 1.148754308666047486e+01
2.600106375715235174e+00 1.284727964169528569e+01
2.158429218008400152e+00 1.292731132063320665e+01
2.301815898244566228e+00 1.253202788905081988e+01
2.369368636100925851e+00 1.233756751182438194e+01
2.255841443463342255e+00 1.201191859429373210e+01
2.058434679849403093e+00 1.185261083943148819e+01
2.026498302451479550e+00 1.184507892781264538e+01
1.787736056872616386e+00 1.217350814007154192e+01
2.169560361055945741e+00 1.180564455684879377e+01
2.241603482946183057e+00 1.235846582719991282e+01
2.110249888670141072e+00 1.201521234827587215e+01
2.209500550288759690e+00 1.106919410146967131e+01
2.245313660271818890e+00 1.162192290804088657e+01
2.132015006696610371e+00 1.205420129379709415e+01
1.930462581799152533e+00 1.170510447458927672e+01
2.096699348141646269e+00 1.136670366694196588e+01
2.302049112482283277e+00 1.199411366226684805e+01
2.308839809822056388e+00 1.277065439373148870e+01
2.459669895945536755e+00 1.175691495822108834e+01
2.326351159828770498e+00 1.159120867931020449e+01
2.330592190228758298e+00 1.157489706630385662e+01
2.356431951868190655e+00 1.215924485681772005e+01
2.361551715522516748e+00 1.212227499786830442e+01
1.726683609937433417e+00 1.202611636513289461e+01
2.105467673674729756e+00 1.141670135708753087e+01
1.743830187040668278e+00 1.154607866309950204e+01
2.228822722026566616e+00 1.150167236872304066e+01
2.100122652598779283e+00 1.218937680919830058e+01
2.420729804264948104e+00 1.179794163632164405e+01
2.007189835682147372e+00 1.137490639109544865e+01
1.824027775667773632e+00 1.185382317101177740e+01
2.218923523901253247e+00 1.279499298038071764e+01
2.257047813541599890e+00 1.282192301935468848e+01
2.314971816891928658e+00 1.137419699161079301e+01
2.465730047225179966e+00 1.255519561597346545e+01
1.356805469101849404e+00 1.170847410522226717e+01
2.387947347764045158e+00 1.319207067010946410e+01
2.170155681700588701e+00 1.221906061372176211e+01
2.370079084559566951e+00 1.162897592855751583e+01
2.475146186603103704e+00 1.212287093046474773e+01
2.061272066918834245e+00 1.183025434342432547e+01
2.054074553738288511e+00 1.132189835878698680e+01
2.306257635751329804e+00 1.219158993971558047e+01
2.516267088488938430e+00 1.199221541025215210e+01
2.088931542251076134e+00 1.067343654542888665e+01
2.204725462287437043e+00 1.129443545107847768e+01
1.455634112263249458e+00 1.152585530972508643e+01
1.555614194390873006e+00 1.186585980857778821e+01
1.848198645853635025e+00 1.147026078755567013e+01
2.077112829250780557e+00 1.169411050838580302e+01
1.652132892029330336e+00 1.204239229320225135e+01
1.720882558234791082e+00 1.128584777602473999e+01
1.089872840808077115e+00 1.055975173238856257e+01
1.947991878214889949e+00 1.163287406707952520e+01
2.323574878447998593e+00 1.195718802832653793e+01
2.373059961968198461e+00 1.214431784558215099e+01
1.929321571515054234e+00 1.152080295938998411e+01
1.257170471950534330e+00 1.123942170389932294e+01
2.381537536120909238e+00 1.214303705912835696e+01
2.495738341784654590e+00 1.256283560379738162e+01
2.424306190815596729e+00 1.154275523877668341e+01
8.301012943246831588e-01 1.026895210005091386e+01
2.329402910991802411e+00 1.189732076008765560e+01
2.315349142930780868e+00 1.178568473342518352e+01
2.134491962521845920e+00 1.264426377601807516e+01
2.257233788310859968e+00 1.246427114241105194e+01
2.256832101008711788e+00 1.258957257934743801e+01
2.219147253729319313e+00 1.166373679457462842e+01
2.134959801684293002e+00 1.175850906976775256e+01
1.370478518883720742e+00 1.159684051749174571e+01
2.242830351187427240e+00 1.199432635797639612e+01
1.913438379810305845e+00 1.247162319347195591e+01
2.146222277495469122e+00 1.165589500340888129e+01
2.137294875176119380e+00 1.173776842389022157e+01
1.218773042503957571e+00 1.121347354122979567e+01
2.071191676676570559e+00 1.261335359086208818e+01
2.263976709697933742e+00 1.239023127271424052e+01
1.771991452416698865e+00 1.234901467754997562e+01
2.274701723422750010e+00 1.195370949708762787e+01
1.603944731960970538e+00 1.153763398634931470e+01
1.267413872872600766e+00 1.144703416760814818e+01
2.586739994777591978e+00 1.239289391987162681e+01
2.184543310905102675e+00 1.128441204198114889e+01
2.260460948890508526e+00 1.154748521346604484e+01
1.969545343747543198e+00 1.191150008110207459e+01
2.054618042754582596e+00 1.216258497015984297e+01
2.166921242890510690e+00 1.194689018984043294e+01
1.892984529385193904e+00 1.247089081563097501e+01
2.244394056019869854e+00 1.270834746701266660e+01
2.331928546917563239e+00 1.150309688121030405e+01
1.921619968539413525e+00 1.154672015194860535e+01
2.032524167637689505e+00 1.158535225649126055e+01
2.104600826713158401e+00 1.192222450245814436e+01
1.962347265719040168e+00 1.119437824765394218e+01
2.396735022097465695e+00 1.190643260656352709e+01
2.322636659924135483e+00 1.188672959823801101e+01
2.160007317519901715e+00 1.229228051005296685e+01
1.410747708753937735e+00 1.226268393393810285e+01
2.493486165300133894e+00 1.277635459517699168e+01
2.273537851161887335e+00 1.218465890883373781e+01
6.843779757942246578e-01 1.093485377304323514e+01
2.203620787904519762e+00 1.087934644598209921e+01
1.762323908874900091e+00 1.177494083128670255e+01
1.112533840660656415e+00 1.096811220293763078e+01
1.762548209724725590e+00 1.174534313253682605e+01
1.937420321197042883e+00 1.204157256626525196e+01
1.258144921736689570e+00 1.165854809514275203e+01
2.236941861799401909e+00 1.150116823461278770e+01
9.990646237405766961e-01 1.052392877431863738e+01
2.075412022408369861e+00 1.126724509996488166e+01
2.030317948226750602e+00 1.145588706577081517e+01
2.089694545391338920e+00 1.265253535245604155e+01
1.852320711101835826e+00 1.262244646878157717e+01
2.071405328415995672e+00 1.205519247871932187e+01
8.697057090080075881e-01 1.040904863886933107e+01
2.103547038036087446e+00 1.117357505484482338e+01
7.316009491980534074e-01 1.173753258918356934e+01
2.552793022182567650e+00 1.244860653736934353e+01
2.179496508333392146e+00 1.170015530427454031e+01
2.146268018703300751e+00 1.207957068140336609e+01
1.861280878477340917e+00 1.240384533971760384e+01
1.999785185914653818e+00 1.133001959799726777e+01
2.132904174462809888e+00 1.081320560920515561e+01
2.573645860365621818e+00 1.224852390120709700e+01
1.724850419670656443e+00 1.164816248149192468e+01
2.317336350854763971e+00 1.173063785654994895e+01
2.335651019520191607e+00 1.202499028135971848e+01
2.339632848315647884e+00 1.170041214388824002e+01
1.888224908688162174e+00 1.230200572765742884e+01
1.132397599502422691e+00 1.143782507604936072e+01
1.598756921956363097e+00 1.209099645040634741e+01
2.172577591608263248e+00 1.257667840992755792e+01
2.268967836845882768e+00 1.217138392920494816e+01
1.577342907726743126e+00 1.200086476325389206e+01
2.121677817829468182e+00 1.254516078973842141e+01
1.638778248467917642e+00 1.124882905653384313e+01
1.330242989996988756e+00 1.092618531574906626e+01
2.236625407868935156e+00 1.208142175166428522e+01
1.892044294376694413e+00 1.205654947419137457e+01
2.268602743778078246e+00 1.125296394407522804e+01
2.529349025376718352e+00 1.224702314035977757e+01
2.376217866770567788e+00 1.243149063428586132e+01
2.347350911383664140e+00 1.203200524633221136e+01
2.188899660206828468e+00 1.072305794761354747e+01
2.188426634333894949e+00 1.074325631758129518e+01
2.043983031570620668e+00 1.130710687920580781e+01
8.369730983361326482e-01 1.093695171080196715e+01
2.364603908241393437e+00 1.257014657061340301e+01
2.334623067314482991e+00 1.259496145914230780e+01
2.001350933060933368e+00 1.158814151806888937e+01
2.099342176710315755e+00 1.084978531250439815e+01
2.306493200517467201e+00 1.190518301656888767e+01
2.060440173078601056e+00 1.107705341315161007e+01
1.810358479405608012e+00 1.210100780059166503e+01
2.538910848652770280e+00 1.220570122690414117e+01
2.102518484420056399e+00 1.157005761751969075e+01
2.286172029189285304e+00 1.246054747434438958e+01
4.639196433127590891e-01 1.035099157670941850e+01
1.918313633887991809e+00 1.178373673301298474e+01
1.716997939188439570e+00 1.249229208247642475e+01
2.160425751686663176e+00 1.180898346543064292e+01
2.189584772043435379e+00 1.128479238458098166e+01
1.361104444574425809e+00 1.171513174923029688e+01
2.024837187221279589e+00 1.247338912744338835e+01
2.299126715541488064e+00 1.243343182528827029e+01
2.264408748357175760e+00 1.130126678534293383e+01
2.212315561027599298e+00 1.166768465829776780e+01
2.048112957684130819e+00 1.215583261405127047e+01
1.971830603082517452e+00 1.195710106235144110e+01
2.104470692376141816e+00 1.179016140568116988e+01
2.362307280830987732e+00 1.166568668451325053e+01
2.525583480946616888e+00 1.241941110092170319e+01
2.122203160216441731e+00 1.183980680608062031e+01
2.478100065653680684e+00 1.231376186098609082e+01
2.180422018462955247e+00 1.119249117488336331e+01
1.567514893609174287e+00 1.176794482559016508e+01
2.354109555714912538e+00 1.162503972104466499e+01
2.287057680880558497e+00 1.202693186126660940e+01
2.114863824216083987e+00 1.227830967674868567e+01
2.240896466249878038e+00 1.185134628977024285e+01
2.288804730740944926e+00 1.115643073510888961e+01
2.515423799170237729e+00 1.236004345523113379e+01
1.987826330877486836e+00 1.254715107730821266e+01
1.153184951961306215e+00 1.099903123739935751e+01
1.964597546928963601e+00 1.120196767250091696e+01
2.554990552710525442e+00 1.234702622947795803e+01
2.115823441857614284e+00 1.191095639168421982e+01
1.931823573883567846e+00 1.219483740421530094e+01
2.333520413073019828e+00 1.270316950771978348e+01
2.481567497464155281e+00 1.261215811414940724e+01
1.244558415901720672e+00 1.179736455814063945e+01
1.830979698834141356e+00 1.198531491512394709e+01
2.239496377911089908e+00 1.247419088413520427e+01
2.470234758789832785e+00 1.224128550595055032e+01
5.723701829948721898e-01 9.556213577431224238e+00
9.652833210431162048e-01 1.112077310425133625e+01
2.133617459495706914e+00 1.191643356179053725e+01
2.114010269225083949e+00 1.165512589676972510e+01
1.890145184354599328e+00 1.174077399667966226e+01
2.429406356444019366e+00 1.200832504680831470e+01
1.837234976281891585e+00 1.276087460328988321e+01
1.155167486560010781e+00 1.222022132765391689e+01
9.354098327020430315e-01 1.187838455457952591e+01
2.207089633799196093e+00 1.241053472380021105e+01
2.111013046618737565e+00 1.258809020324273042e+01
2.166589016907999987e+00 1.142560788039868669e+01
2.521112193666541934e+00 1.260765480129684235e+01
1.991536306510554688e+00 1.237328667700628060e+01
2.250611241069552015e+00 1.135069345524241413e+01
2.063760953501518003e+00 1.112603302449316978e+01
1.963401602683353397e+00 1.150504907881926364e+01
2.225667577728849267e+00 1.174149711772911964e+01
2.068152274881611685e+00 1.221591582860464698e+01
2.025714237143828811e+00 1.230656487145913935e+01
1.300777858291997546e+00 1.173210701479290208e+01
1.683595746589531927e+00 1.182335619322808284e+01
1.963761754365138668e+00 1.208625104031207798e+01
2.091148548220959746e+00 1.210081491679233956e+01
2.104656917446016351e+00 1.137451398710370576e+01
2.457275984739343500e+00 1.224187912034848402e+01
2.405718919127752375e+00 1.241264598256197260e+01
1.632635372747258673e+00 1.178485958028406344e+01
1.803506524220197083e+00 1.145617455268054741e+01
1.306990946710888224e+00 1.102444117284012570e+01
2.422959449325916115e+00 1.224049541620382975e+01
2.524821277908853023e+00 1.201866118632200831e+01
2.445681739023556123e+00 1.222429824013559418e+01
2.298155248319301069e+00 1.174900848265312092e+01
1.924056128868882221e+00 1.203839138773891193e+01
2.364639809966049278e+00 1.233842771457765686e+01
2.114413440205053174e+00 1.287174345580478629e+01
5.571568514518508985e-01 9.955096222400840134e+00
2.460587169187292922e+00 1.224998658796317841e+01
2.252912725093701329e+00 1.120267472094899119e+01
1.907261449930168551e+00 1.167914655173524707e+01
1.868075278698375419e+00 1.167331037317087805e+01
2.420300612140167562e+00 1.178638145096816636e+01
1.671100874058722985e+00 1.203227141518339671e+01
9.194092810180903852e-01 1.075377162866646863e+01
2.091697654029375464e+00 1.230195451210191315e+01
2.093445558708488807e+00 1.129433837436078392e+01
2.724959434154383686e+00 1.306986310753901925e+01
1.052364729407559985e+00 1.189812628000557737e+01
2.259947812848900561e+00 1.204945330380711255e+01
2.171834492868915945e+00 1.278199378957844523e+01
2.400739508829608848e+00 1.215890782141218907e+01
2.465295701979817178e+00 1.199639270939255908e+01
2.061005261514769593e+00 1.116896410418444496e+01
2.158285709467655078e+00 1.237052375766966428e+01
2.114238707687631891e+00 1.239650222326773665e+01
2.106375871185053317e+00 1.093502625437732334e+01
2.314498182667757309e+00 1.184559197869856995e+01
2.338949193478758293e+00 1.212169364220622292e+01
1.455637292287045303e+00 1.157014989880317124e+01
2.089159771449173419e+00 1.195146138473110042e+01
2.293148154766193159e+00 1.121490981619554184e+01
1.020150874472594893e+00 1.113751744885487049e+01
2.147285053740457084e+00 1.130895513849012524e+01
2.159110674853313760e+00 1.123309034685941121e+01
2.610917466568053680e+00 1.291933471181737758e+01
2.431427818259264573e+00 1.237964543588664235e+01
1.974553777855287073e+00 1.175748741349447357e+01
1.916979257413622184e+00 1.168420023300480182e+01
2.475289367579454058e+00 1.268213099249329368e+01
2.483917716730125402e+00 1.256317607979804052e+01
1.612671376799427625e+00 1.197609904594738417e+01
2.262875821073085714e+00 1.131280963790352700e+01
2.165435154778659221e+00 1.216096956151699260e+01
1.888499014057749559e+00 1.210020024478655287e+01
1.496156913263837707e+00 1.126465447220304306e+01
2.130745146440599758e+00 1.203136094283154023e+01
5.002454366418951359e-01 1.040997659282118093e+01
1.874014760168914995e+00 1.117430794800095306e+01
2.295837376883654635e+00 1.301963176727314320e+01
1.283869546140326445e+00 1.170369330292589538e+01
2.251533982909224463e+00 1.221624917551368483e+01
2.232410976871632702e+00 1.187590699495323854e+01
2.079361874430546209e+00 1.145911857757212893e+01
1.892987313324282495e+00 1.204546593718660752e+01
6.548789391516972591e-01 1.107903798009623131e+01
2.178669685741994932e+00 1.250528001805440503e+01
2.361782275694994659e+00 1.176324062323913822e+01
1.618421471153100422e+00 1.214460312791712404e+01
2.111374442458164413e+00 1.123187288724003530e+01
1.897553647498470442e+00 1.175109092539565658e+01
1.966580707734643774e+00 1.227687091880132719e+01
2.151233211268453349e+00 1.181235315429630539e+01
2.211336537412709191e+00 1.152773639103030057e+01
1.588124649653058551e+00 1.226246211000110797e+01
2.074138177411583683e+00 1.231571720027597117e+01
2.123270186987149977e+00 1.178585219956738150e+01
2.277496909354548293e+00 1.149836162322321620e+01
2.387415534788322802e+00 1.159078111082283158e+01
2.115069819257194172e+00 1.157519837598215062e+01
2.214964585278363707e+00 1.154288829679037676e+01
2.216225227427029321e+00 1.148396985837948492e+01
2.051839187347038518e+00 1.215406936395917548e+01
2.035893159166827004e+00 1.213101441195653329e+01
2.147499298565397119e+00 1.192701639398175573e+01
2.115608736585659511e+00 1.203301554204259993e+01
1.694994706419207686e+00 1.180743514378912451e+01
2.679019949651491928e+00 1.288013179020257937e+01
2.355278252091277391e+00 1.155390140151938638e+01
2.142565680868298017e+00 1.179997250792973063e+01
1.700920951490387578e+00 1.110263114729834655e+01
2.191858197188026214e+00 1.167432736892537903e+01
1.826101848397779337e+00 1.154804200150345039e+01
1.893242766581308079e+00 1.138638885650494359e+01
2.258296254135778725e+00 1.144054626869413305e+01
2.084084869052488020e+00 1.154498107767993531e+01
9.667758588410042542e-01 9.917529509739031468e+00
2.092198906394581837e+00 1.235786816947339339e+01
1.865695339092232841e+00 1.209842579957473951e+01
2.114624053813958682e+00 1.193037455598469343e+01
2.227054673517536720e+00 1.143012561611463340e+01
1.330340145866619084e+00 1.177900888599398499e+01
1.901103513022388114e+00 1.124449640997393907e+01
2.009411080898434232e+00 1.108173851734096260e+01
8.705654985775161947e-01 1.109512851510667097e+01
2.139205923046310076e+00 1.148377988171284159e+01
2.277411078381966547e+00 1.155657502913769363e+01
2.421450880526720528e+00 1.178664630580665040e+01
2.472542814709031145e+00 1.189162870447983344e+01
2.011818590618009051e+00 1.223488630259072885e+01
2.344077968659992184e+00 1.197017563164411413e+01
2.001679241503046658e+00 1.238089567806262359e+01
1.995884565520024134e+00 1.208498556064935947e+01
1.776814210317745779e+00 1.154498099296217362e+01
1.543429252747878122e+00 1.131521154565945508e+01
2.222513631825898450e+00 1.200622268028703488e+01
2.219944344292276828e+00 1.203985852067214957e+01
2.220371261835087040e+00 1.101844394703566010e+01
1.139726203832214235e+00 1.039238706985805294e+01
2.106540918717707545e+00 1.150797411489890010e+01
1.929789790964192120e+00 1.116621515977728407e+01
1.383665883937631680e+00 1.168677767809625401e+01
2.106779933959492368e+00 1.146412203152744880e+01
2.139370335173694126e+00 1.131830604755125869e+01
2.650953953686730813e+00 1.250405428000211927e+01
2.037025654207043956e+00 1.258138940415326346e+01
1.550789327009274077e+00 1.191886981416155145e+01
1.966226894230991507e+00 1.206892546598440674e+01
9.487427865035714669e-01 1.086724675974473442e+01
2.384773163931483975e+00 1.183800628452561554e+01
2.173506417147732961e+00 1.105599147692124795e+01
1.727714966315860856e+00 1.220287376434901461e+01
2.005872183834274569e+00 1.180773686860183957e+01
2.258173451882147909e+00 1.159352976997579887e+01
2.030614573207186968e+00 1.145221999910758726e+01
2.137068271976249267e+00 1.127099497113157334e+01
1.932083192900389879e+00 1.144372778147103809e+01
1.443692063377571388e+00 1.239986652805663603e+01
2.186984519168277963e+00 1.193959088179844663e+01
1.599303185096721425e+00 1.241960931494788056e+01
2.205843986709232762e+00 1.150398562631456834e+01
1.915577074627925924e+00 1.225434477363497976e+01
2.120179077682728508e+00 1.107123655135488605e+01
2.172600464479415017e+00 1.253418622804769988e+01
2.025409219201940836e+00 1.249106393480650468e+01
1.228356916647271424e+00 1.172502572796126152e+01
1.673397257688014950e+00 1.148974936519175749e+01
1.443705333504963884e+00 1.183826214859784542e+01
2.519941573452034511e+00 1.278009275097974573e+01
2.248552033723395294e+00 1.152842501553567622e+01
2.032220206050781464e+00 1.185619477685576761e+01
1.952900485882977710e+00 1.191391936391871198e+01
1.929034111170223387e+00 1.187779535735212022e+01
2.588514891185516476e+00 1.310049253560347715e+01
2.143071802674809678e+00 1.131360500416824344e+01
1.424680639259858772e+00 1.193999341843951179e+01
1.996394313358859085e+00 1.256538799189490341e+01
1.855078643031396801e+00 1.146499062128974344e+01
1.917790049613446346e+00 1.217789499367671269e+01
1.815496869908960198e+00 1.125531630750742984e+01
2.277794983779035665e+00 1.213839588997155694e+01
2.095421663065700102e+00 1.214343947532116985e+01
2.067702003647631237e+00 1.139946585703260418e+01
1.829021825892676700e+00 1.207689613965439435e+01
2.244146318444246724e+00 1.248934857110373642e+01
2.019254258316103279e+00 1.180341542731567728e+01
1.678894254213270765e+00 1.158730182848758616e+01
2.117412747584521693e+00 1.185312703308044213e+01
2.469517493194773650e+00 1.194122529663182064e+01
1.180837288754744918e+00 1.184027507083687070e+01
2.157579681114202952e+00 1.103782324893551881e+01
1.184027092313734597e+00 1.122661382597885016e+01
1.991440966233499976e+00 1.173341623377410237e+01
1.572137288264571220e+00 1.213483405854629282e+01
2.217630871006715854e+00 1.177464296598988369e+01
2.091205786191092209e+00 1.227579522116353417e+01
2.092966778065500133e+00 1.165215994652791132e+01
2.066196550755715844e+00 1.183674000612517041e+01
2.232828056744776024e+00 1.232203480471681267e+01
2.475533809304820920e+00 1.240857675814223526e+01
2.163392327395206927e+00 1.197557004540916026e+01
2.342382136156010208e+00 1.228775433761446223e+01
2.423755381594901781e+00 1.220276273349597673e+01
1.919861268776064778e+00 1.158188822466662415e+01
2.286719422522845768e+00 1.222397673458837453e+01
3.148661037370726890e-01 8.737655773634704914e+00
2.213603676037628532e+00 1.139994294015653153e+01
2.435084367085512458e+00 1.258358340833168043e+01
8.503711909116626888e-01 1.132705558102158427e+01
2.070653650166660587e+00 1.171976723597141223e+01
2.319436889276845992e+00 1.238202672237603430e+01
2.514051371366325061e+00 1.211529703663077484e+01
1.540287814578680470e+00 1.151162174968015250e+01
2.094246575181071268e+00 1.231550603784271480e+01
2.164392124471683942e+00 1.096746207706574161e+01
2.326787877518993408e+00 1.295654681542501763e+01
2.417819908273602270e+00 1.269057777039408919e+01
2.485272490761166964e+00 1.255965014669469859e+01
1.798809182802978857e+00 1.152020509538841431e+01
1.764973448091058383e+00 1.188319159964875738e+01
1.100066097077841976e+00 1.189363843679899269e+01
2.163946578158841394e+00 1.189249319501770685e+01
1.953808578922789474e+00 1.135416094326979319e+01
2.173577494231787366e+00 1.102956968762196155e+01
1.998286370726766403e+00 1.129069795951494726e+01
2.562576733267000861e+00 1.306890576766265077e+01
1.687828032227110864e+00 1.150211650471756464e+01
2.304252903610828795e+00 1.140995312063066081e+01
2.119748135683528822e+00 1.236287279545589790e+01
1.860226102698886219e+00 1.154877439448254961e+01
1.518077955862886297e+00 1.233885388611960643e+01
2.127518450153748297e+00 1.152495462881134358e+01
2.201351881455688275e+00 1.145452647248098188e+01
2.034236911969665051e+00 1.135445108088818067e+01
1.971911375446739445e+00 1.201610680623802274e+01
2.245294559973205484e+00 1.209526469496195666e+01
2.421009175601232410e+00 1.279648333571588914e+01
2.160132644620905484e+00 1.164505726648265060e+01
2.134825296876411205e+00 1.187441738253435553e+01
1.918317270642124983e+00 1.187283271524338524e+01
1.766897119917958170e+00 1.198984878383286024e+01
2.273063462114928601e+00 1.107057051315647378e+01
2.075389432253103017e+00 1.087698217089464592e+01
1.854073089835662769e+00 1.203788106006368608e+01
2.056864446441168504e+00 1.080227677068381276e+01
2.265488030739294611e+00 1.217831770645594958e+01
2.208316041878663594e+00 1.077528475821577914e+01
2.433868811631963336e+00 1.189408772819818516e+01
2.112244096588346220e+00 1.206334051150285092e+01
2.204996356679496561e+00 1.156411635369710389e+01
1.816253637284844569e+00 1.204657700865274705e+01
2.361196884469874746e+00 1.198704593014327102e+01
2.263702243119047441e+00 1.230832460335460787e+01
2.018560507909544555e+00 1.170366967702089411e+01
7.841123934770384274e-01 1.174543982014534294e+01
2.393446181858741806e+00 1.232922685707230137e+01
1.906348324007672845e+00 1.179664518892964153e+01
2.096712025233101961e+00 1.168087799835633689e+01
2.635762843624573915e+00 1.236953271661918663e+01
2.379884921328348391e+00 1.210598579957636112e+01
2.277704889445518965e+00 1.185830118424802571e+01
2.080993698086682109e+00 1.221641189304678399e+01
2.147364311952399074e+00 1.196481829391058049e+01
2.444818065535979024e+00 1.240769554897360116e+01
2.546051535778203423e+00 1.240208075113303643e+01
2.002545041945819726e+00 1.117748085058090446e+01
2.074304348958683875e+00 1.171189115733751152e+01
8.875470428620543251e-01 1.047369464630290459e+01
2.152636249578767202e+00 1.222158755047968803e+01
2.284080637772627043e+00 1.192283228796583394e+01
2.083095726416498650e+00 1.114121984220551376e+01
1.929822231284934686e+00 1.152287635440268510e+01
2.513791695625880340e+00 1.238460020137407547e+01
6.310600424973870082e-01 1.124275918610764258e+01
2.070385566179106185e+00 1.084181695950854341e+01
2.499378295804589367e+00 1.218255710940391268e+01
2.221514205003361830e+00 1.122066953420280910e+01
1.938292920558420729e+00 1.141089293352486145e+01
1.662518657453920135e+00 1.150361528113218235e+01
2.326793185963412114e+00 1.195913166556643326e+01
2.133820691885072396e+00 1.237435221620352266e+01
2.369312279595937820e+00 1.276988978063692848e+01
7.238294748772272635e-01 1.163857182454565375e+01
2.211537763562966052e+00 1.150383821289270969e+01
2.177713275339944854e+00 1.117793773931593471e+01
1.988035782781308658e+00 1.232770854075545230e+01
2.354555483720896625e+00 1.150305783951657546e+01
2.112274323989881797e+00 1.197007070974923870e+01
2.092335564504652634e+00 1.115662964612688413e+01
2.099638770286507139e+00 1.099986734893484197e+01
2.580183359309518032e+00 1.251132043971144903e+01
2.419640370664106754e+00 1.233482043321590460e+01
2.510909033558593517e+00 1.261996782986284948e+01
2.177367692181437331e+00 1.195837142418191057e+01
2.123388942355465492e+00 1.212739955799667158e+01
2.758914179313243675e+00 1.290827923084338913e+01
1.509461791569657985e+00 1.117139761093542738e+01
2.451104875414062967e+00 1.224618475447296184e+01
2.423695594852144808e+00 1.199169865827172110e+01
2.007822776674875964e+00 1.207786688110683571e+01
5.758159268222691196e-01 9.879370240163861894e+00
2.413457239590863335e+00 1.205685668510718322e+01
1.603995064834616402e+00 1.211588132079466185e+01
1.560821678720037964e+00 1.162486622909472977e+01
2.101719344261694378e+00 1.158924111590863681e+01
9.654785925168299920e-01 1.085507052540123674e+01
2.209321818203338506e+00 1.170875478730859243e+01
2.220637390571111869e+00 1.139314141095539767e+01
2.383458136486122925e+00 1.172734443653202341e+01
2.309103678231744450e+00 1.163203771552601395e+01
1.928745908593839209e+00 1.204076317421629838e+01
1.982763935558616408e+00 1.193269488985635718e+01
1.027520342057383740e+00 1.064622802736525031e+01
2.268515148153278815e+00 1.176434814631325487e+01
2.100699637783956408e+00 1.170175060453266802e+01
2.001357128888348491e+00 1.193484577930517254e+01
2.063598375700893328e+00 1.229688258410994628e+01
1.558828367727391528e+00 1.204531187966985684e+01
2.504202032326772631e+00 1.232608084672805226e+01
2.045464880927644113e+00 1.126956958814683851e+01
1.967259834165397958e+00 1.275098313126641791e+01
2.254168587936280499e+00 1.130639894809787549e+01
1.065082102998319957e+00 1.202757250905216857e+01
2.313899166371603311e+00 1.188212628923555769e+01
9.777705220599232083e-01 1.167323423681569317e+01
1.922312793888661497e+00 1.145754532673449511e+01
1.706266822125335869e+00 1.166177875410674680e+01
2.240722963533028800e+00 1.265194396586435666e+01
2.135098046486624490e+00 1.207566550282817630e+01
2.250513203545076557e+00 1.165634107466006242e+01
1.917445057599046931e+00 1.222132255145370472e+01
2.002006008240452939e+00 1.156937411802255866e+01
1.791165412932812284e+00 1.148848518147523912e+01
1.874221863724600645e+00 1.201989179129644469e+01
1.933626086250713749e+00 1.157066179542679052e+01
8.699376074731979269e-01 1.001534571341552393e+01
2.291288210810301429e+00 1.142049163466441897e+01
2.229423243997548099e+00 1.122528102686202800e+01
1.995306808309797564e+00 1.156981318444276496e+01
1.938065075134011161e+00 1.191842836453124654e+01
2.560511126477112320e+00 1.214636802467440901e+01
1.703792034545110301e+00 1.208118470346378714e+01
2.585200395653871830e+00 1.247843607371083152e+01
2.093886201439213224e+00 1.183937789647369243e+01
2.200076415625582982e+00 1.143638887351652400e+01
2.192440193752757782e+00 1.142116956851513976e+01
2.167521999747244354e+00 1.168187584373465526e+01
2.062487549388494212e+00 1.160436803044420273e+01
1.980983916614115881e+00 1.141192771755138224e+01
2.095632169410355239e+00 1.078589917867243209e+01
2.332565942374227763e+00 1.183607368091498557e+01
8.560907772115121661e-01 1.046073854006117720e+01
2.033330284241179786e+00 1.097494494529935949e+01
1.992941950717556532e+00 1.136526834490553028e+01
2.120357891806747386e+00 1.131278846658155501e+01
2.086973623930402422e+00 1.149487135372646307e+01
1.859256973383201395e+00 1.230255116340722132e+01
1.884994485958073396e+00 1.266116363032756809e+01
2.203284081679911299e+00 1.203084683114741438e+01
2.099704538770153839e+00 1.159749361619628694e+01
2.173691147243161925e+00 1.082972203833484848e+01
2.544213196212261163e+00 1.248123844445504638e+01
2.352008349465073422e+00 1.195781752314121249e+01
2.093485684887447018e+00 1.178880088990903907e+01
2.314875271236553900e+00 1.127500629206890892e+01
2.095258434591240171e+00 1.145707474692771655e+01
2.096492213117242986e+00 1.145549666980053338e+01
2.069086268010204677e+00 1.234255182649062021e+01
2.051966979685875714e+00 1.210290148049916681e+01
2.007821459155059607e+00 1.105235479184598724e+01
1.153034246020052667e+00 1.150686280695622088e+01
1.328648297818940227e+00 1.166608816353821432e+01
2.378139245963653892e+00 1.279657306496843994e+01
1.156159529162102517e+00 1.114548107653507003e+01
2.432729965370446834e+00 1.198127506287843858e+01
2.199405347821550283e+00 1.150973822013552805e+01
1.873509990527020497e+00 1.186209000360634214e+01
2.300361153880569720e+00 1.264517191198203072e+01
2.593296890518400399e+00 1.255514033865920354e+01
2.297589996500335463e+00 1.183244146142598652e+01
2.354388350251777950e+00 1.278662000673086219e+01
2.442795380924944748e+00 1.219534130265572358e+01
1.956090972543758300e+00 1.131105125831979308e+01
1.897953916484385273e+00 1.170601021994453106e+01
2.346581973050238190e+00 1.209696370199598370e+01
2.274233946883913671e+00 1.105593887556414145e+01
2.286670979062267683e+00 1.208032508446451025e+01
1.283661327602237723e+00 1.166339502595794819e+01
2.139241431478715594e+00 1.134329092604001232e+01
2.179084113198936912e+00 1.125885864716094709e+01
8.269712503145723037e-01 1.176605723044248819e+01
2.300983448668708409e+00 1.106704141968292454e+01
1.746894978355900685e+00 1.182871150804096416e+01
2.084163369233693164e+00 1.154972150359475336e+01
2.356382606932467816e+00 1.188756380350309882e+01
1.744766683853290923e+00 1.166132980308827172e+01
2.232804851047033079e+00 1.156882600124743732e+01
2.394179307375508881e+00 1.173345255507578777e+01
1.939945648173847070e+00 1.244742161256170121e+01
2.105472446305997725e+00 1.118308520696349717e+01
2.256760739867587962e+00 1.213014199227361267e+01
2.066499333776839364e+00 1.238464211735072595e+01
1.420793338341738377e+00 1.205891971234344950e+01
2.545887746658651363e+00 1.257410725688705000e+01
1.674085094142370611e+00 1.244222206902765393e+01
2.131069769540800518e+00 1.252749416675388616e+01
1.280743839722779276e+00 1.067993883111440390e+01
1.947753568027721371e+00 1.190610701394516724e+01
2.305190936580969741e+00 1.142483549027028289e+01
2.284502486695570322e+00 1.292510139309989547e+01
3.653645376227805386e-01 1.059866164432637881e+01
2.140273251256625819e+00 1.220998627416295257e+01
2.293077615131707603e+00 1.266751966130713214e+01
2.256998801518474984e+00 1.295213483525890830e+01
2.097243893901593825e+00 1.161439326198032873e+01
2.102244563757662998e+00 1.132186034124714347e+01
2.114107311843681281e+00 1.110110631054726049e+01
1.470277596595850111e+00 1.171477514278330645e+01
1.514413998158160135e+00 1.163114746437459424e+01
2.134948846118745802e+00 1.159418598608503181e+01
1.699321667788196155e+00 1.224024373810448374e+01
2.408886829567030929e+00 1.202970550607833822e+01
2.579081486209390039e+00 1.245292058002873858e+01
1.032534925944633475e+00 1.101284971046196937e+01
2.584971292230097806e+00 1.275431063319831360e+01
2.379369888109625464e+00 1.152140113592341564e+01
2.336720405060769501e+00 1.183296833876235965e+01
1.589842154865246382e+00 1.217641884194718749e+01
2.602123669824202512e+00 1.261016730255059137e+01
2.228067236498556536e+00 1.134534858406860458e+01
2.131682847953625615e+00 1.143336542635364417e+01
1.749942882829483848e+00 1.223196169867955874e+01
2.370526983780335328e+00 1.234171238164723583e+01
2.448219671551980614e+00 1.212090401075311696e+01
1.787614615365400006e+00 1.185227755189670695e+01
2.070820188816142160e+00 1.289063021064753123e+01
2.011476217501654506e+00 1.214093054490268919e+01
2.135086751883699563e+00 1.229540262057823341e+01
1.951431121766709076e+00 1.208464874606675998e+01
2.105198982597677126e+00 1.195002618921763471e+01
2.083301408997684678e+00 1.127954418839081008e+01
2.153207544073731050e+00 1.159043297532030792e+01
2.264329271982686631e+00 1.221373596804023798e+01
2.478283979993931574e+00 1.317632941777881150e+01
2.210722549496568323e+00 1.242960219068396199e+01
1.245779890510322563e+00 1.161901295367504261e+01
1.283955669155815826e+00 1.168769261741135246e+01
2.024897080876621125e+00 1.193581842237571067e+01
1.866734349717194208e+00 1.206191743225516433e+01
2.431532814218021699e+00 1.182422058759689776e+01
2.473302170107966713e+00 1.166654440680115634e+01
2.427416525416069337e+00 1.191093931286549612e+01
2.160034686278000216e+00 1.171003269846394623e+01
2.166640913579820360e+00 1.216175508607897982e+01
2.171499189156014253e+00 1.156681375844455850e+01
2.653634559681191440e+00 1.254972059864878808e+01
2.002720169948558837e+00 1.111491824207174872e+01
1.954303168923465783e+00 1.123639262567366082e+01
1.522911975736841672e+00 1.209543117129656409e+01
2.461599959313031327e+00 1.217833979093666130e+01
2.049393747065716642e+00 1.137107995874174371e+01
2.071966481832625107e+00 1.180635192503137709e+01
2.606359689987186368e+00 1.220444835911562720e+01
1.820504416561706584e+00 1.216291221906396380e+01
2.120231682503268100e+00 1.087954366333315903e+01
2.125405301477671927e+00 1.117748024517821648e+01
1.873220379245491785e+00 1.130799509935607361e+01
2.325573291273891563e+00 1.109904285341409924e+01
2.072171869496766128e+00 1.171349598954894411e+01
2.066782689428489306e+00 1.218460293132762651e+01
2.186739479763427862e+00 1.172055563766684472e+01
2.158068126034361711e+00 1.187917317773645465e+01
1.463482425875979320e+00 1.187400280302152922e+01
2.435210064634418803e+00 1.253725256520703368e+01
2.113929008768626439e+00 1.186459934155538676e+01
2.350930361517152178e+00 1.207880130868818647e+01
2.164006544613463756e+00 1.188741991454121916e+01
2.135296396260343954e+00 1.164416126994156819e+01
2.122909144145862737e+00 1.165256743230609970e+01
2.055405768698435942e+00 1.085348884670037251e+01
2.371324886666887455e+00 1.131991388446123814e+01
2.221272136160941546e+00 1.148783597134712231e+01
2.041636688558196244e+00 1.158464687214139133e+01
1.280697457084399860e+00 1.155906478304489937e+01
1.853020548232066966e+00 1.237919550845781380e+01
2.515537502080041232e+00 1.205069262311989675e+01
1.062522172470000692e+00 1.157613973330906987e+01
2.274712056244323488e+00 1.119459101697794345e+01
2.034178893765648866e+00 1.219983000640059423e+01
2.233639438130577748e+00 1.162113545258326930e+01
2.264337657836185791e+00 1.110128448353114372e+01
2.365510154639200557e+00 1.264606945633574675e+01
1.771836740962086321e+00 1.142625368380856266e+01
1.483353203986475410e+00 1.174652647954769158e+01
2.406284335138584751e+00 1.175189228436680366e+01
2.144241883958486472e+00 1.139059561237643159e+01
2.061510335147849204e+00 1.176199842899168146e+01
2.411552235793043231e+00 1.206831902524009514e+01
2.316410251211213023e+00 1.170388318654079640e+01
7.286190067011618643e-01 1.027284928422860943e+01
2.264856492752405970e+00 1.134633371352221864e+01
2.079539528498393519e+00 1.130666948310502384e+01
1.123479217140451292e+00 1.148489585545569014e+01
1.722626599751787335e+00 1.113392116096672524e+01
1.618429679273440280e+00 1.136220771169873878e+01
2.116594066136471053e+00 1.173848065786514638e+01
2.201469062689072942e+00 1.151723682128494097e+01
1.901964051197875261e+00 1.171227878558608282e+01
2.154158946101539129e+00 1.161038646868375679e+01
2.445472492751224358e+00 1.325131117696454197e+01
2.719730351220790876e+00 1.310778173537750035e+01
2.049327797913664817e+00 1.169488094541297762e+01
1.922919085125986971e+00 1.183931896843543363e+01
2.235448876183705913e+00 1.215064065660068060e+01
2.546216301856147890e+00 1.301140137293774224e+01
2.234532490923516246e+00 1.158782876031754761e+01
2.481245128298891878e+00 1.238675261587891008e+01
2.546110713826168936e+00 1.213482771039289965e+01
2.278040701067527429e+00 1.229993142829983199e+01
2.017411775345354208e+00 1.262467988833778243e+01
1.152648628627209737e+00 1.193171315655270526e+01
2.042201667108225926e+00 1.164265861319537443e+01
2.439484382373144467e+00 1.189087127321486825e+01
2.050069010011147608e+00 1.156914448048229360e+01
2.098335623385303883e+00 1.153041787927648798e+01
1.711071011034881018e+00 1.138563008485123795e+01
2.416743400471299541e+00 1.171887466008317702e+01
1.980249135395977023e+00 1.195879078494695236e+01
1.961696929704713543e+00 1.126451361102510518e+01
2.199527924413994473e+00 1.185520793540150919e+01
2.166221039707501017e+00 1.149144264996037812e+01
1.960577538812387832e+00 1.185085324165770793e+01
1.971544189464951691e+00 1.151127747879639784e+01
2.243720628538856676e+00 1.232124088430749254e+01
2.427700146979864915e+00 1.272338733768539676e+01
1.276190107292066500e+00 1.116700914157486579e+01
2.078520568311154726e+00 1.270877199058585028e+01
4.292808862634892031e-01 9.213394130219626277e+00
2.213629124849327390e+00 1.193526732984000738e+01
1.852532390974213072e+00 1.191302230914989480e+01
2.138526655562486667e+00 1.058180466257444508e+01
2.072760820420594285e+00 1.145806158733260105e+01
8.079078500397638418e-01 1.049096712913022600e+01
1.172413212957059025e+00 1.054467790904659630e+01
1.570162645650669431e+00 1.111696500923009445e+01
2.117760517640738804e+00 1.210099396432556240e+01
2.230022608282216989e+00 1.117109907956153236e+01
2.205730345050997521e+00 1.216928943246613315e+01
1.969964486038148666e+00 1.178857044228502637e+01
2.591914096472861750e+00 1.260598750487033826e+01
2.281415576434594250e+00 1.173512889805864745e+01
2.090461136168016765e+00 1.122765522788298931e+01
1.182127010227533859e+00 1.142572854198738774e+01
2.133893848662535397e+00 1.044415352503980898e+01
1.309256213927180390e+00 1.137667130892987899e+01
2.384729434679335736e+00 1.313201949747789676e+01
2.214168795887196062e+00 1.237501642138505531e+01
2.209201177338790512e+00 1.106509781251947366e+01
2.191237149325603983e+00 1.177562226275588309e+01
2.073172965531360212e+00 1.065174005578329997e+01
1.931329751363739522e+00 1.257503641896459001e+01
2.372619063398516026e+00 1.235196530821058047e+01
2.276621562961162137e+00 1.233660383250332693e+01
2.123858050506465922e+00 1.121617320677087015e+01
2.319532050050450156e+00 1.200205503804552087e+01
2.092261539634718392e+00 1.153021194389200232e+01
2.201161204625585288e+00 1.108216041667341223e+01
2.039019139859257645e+00 1.069122650123529361e+01
2.061516858439047972e+00 1.207095946273657994e+01
2.128062890198835433e+00 1.110647304895080190e+01
1.956763078898590580e+00 1.135673679178814233e+01
2.232795547470281416e+00 1.213310275595328491e+01
2.567491159233472153e+00 1.301572499537128991e+01
2.133809763824393801e+00 1.113439884058674956e+01
2.081253742656549388e+00 1.105428326151208651e+01
2.155642793810734759e+00 1.236748869202019385e+01
2.522814649686015986e+00 1.233649554577098861e+01
1.713102095165631056e+00 1.155074463577300570e+01
1.076441758456827769e+00 1.093164660034017821e+01
2.141537243341224528e+00 1.099844226306742812e+01
2.178005091725211173e+00 1.198703977977887902e+01
1.837572505960733960e+00 1.161730866121830275e+01
2.621404948983162342e+00 1.231009268026357262e+01
2.466777238874720890e+00 1.273788201476936166e+01
2.097182904451432517e+00 1.122014548829779557e+01
2.330696157993114248e+00 1.188777133363264582e+01
2.133928621232666689e+00 1.140927594673767231e+01
2.304690973687676170e+00 1.193954668287724097e+01
2.136175830305510281e+00 1.175109055843950401e+01
2.140220500846283347e+00 1.168215519210648523e+01
2.031765618892836578e+00 1.170795388951405691e+01
1.964476777610766556e+00 1.238961089359351497e+01
2.338502867233421600e+00 1.134258853322201333e+01
2.047216423952601172e+00 1.161882880019316922e+01
2.324199520005578723e+00 1.258210823468562722e+01
1.323194606401033147e+00 1.117457112108080963e+01
2.027169499198696823e+00 1.145894596675253396e+01
8.427656192849920513e-01 1.108586305795475901e+01
2.086449512733719924e+00 1.142674655132647921e+01
2.409185475668650600e+00 1.243967517928344435e+01
2.052760076951607893e+00 1.214140519336351254e+01
2.219776845405529997e+00 1.131606801937390294e+01
1.990219480097231264e+00 1.119723726481893245e+01
2.352653237732142522e+00 1.242444876352148597e+01
2.141333794567729321e+00 1.137601153782889440e+01
1.976358559189030473e+00 1.157044156831051396e+01
4.949137476564295923e-01 1.071730011554469897e+01
1.642815478214797231e+00 1.167631903371278668e+01
1.823630166994720581e+00 1.181297852645353608e+01
2.027570326376286314e+00 1.133496145576262570e+01
2.085820630229210604e+00 1.186673461776127958e+01
2.664653090268559232e+00 1.267667899121925323e+01
2.672083019429321027e+00 1.275370869765281157e+01
2.571619784018666977e+00 1.291320981690430258e+01
2.142835902758136069e+00 1.205047477371404874e+01
2.269669677235129246e+00 1.217770993100375954e+01
1.964450057557006302e+00 1.235405943976493148e+01
2.419872788658802065e+00 1.161917514122112394e+01
2.114551059286516210e+00 1.215624694945432438e+01
2.111649671040982224e+00 1.186317852408967610e+01
2.449599028994500216e+00 1.257887071309171390e+01
2.478197606309703982e+00 1.167362085110828751e+01
2.535819978107612283e+00 1.301048042607053112e+01
2.530307925645320921e+00 1.301338172291543493e+01
2.125012083276672570e+00 1.131945271065030489e+01
2.325083090162665123e+00 1.165307329509148992e+01
2.476852724234692271e+00 1.241326410852207296e+01
2.282724215311230598e+00 1.191221661222873252e+01
2.484950680922109356e+00 1.195431849804467994e+01
2.036243611336163273e+00 1.251700556824863675e+01
2.349667759462226169e+00 1.231876019526738197e+01
1.814212289109977672e+00 1.173107532448556434e+01
2.707618196514489650e+00 1.313259133947037860e+01
2.208781192759158074e+00 1.184235498520968655e+01
2.161795169436916186e+00 1.126428224920505627e+01
1.741253507259718614e+00 1.201529372637421567e+01
2.416016025413798118e+00 1.253754504920832069e+01
2.418476925858714210e+00 1.253328955129966360e+01
2.188914496998156434e+00 1.109871062986518808e+01
1.928736241302748011e+00 1.122533615341912494e+01
2.066657332173757133e+00 1.079022597259071503e+01
2.151746811988215935e+00 1.212057738985369504e+01
2.209016909562769193e+00 1.101138070920726797e+01
1.574440958744913965e+00 1.131877031788852683e+01
1.761681110273212836e+00 1.227127282996204016e+01
1.849119566896500588e+00 1.232430240491520124e+01
7.228183354995437737e-01 1.193315447854815226e+01
2.134145122505531678e+00 1.174623792005899858e+01
1.674187232087863908e+00 1.181353109202886031e+01
2.078465657243839804e+00 1.144037120798272511e+01
1.859873073913341335e+00 1.160678251735610189e+01
5.884938188871013942e-01 1.009931445964508967e+01
1.785926210488718358e+00 1.164647023063103859e+01
2.012302557785938362e+00 1.154807900096709616e+01
1.985026869677200656e+00 1.260349579128951980e+01
1.966891437704144430e+00 1.212272032280549716e+01
2.114091610908639396e+00 1.174475992326307328e+01
2.545327598087039789e+00 1.261640419501240373e+01
1.915764914643602879e+00 1.135279805448739410e+01
2.074081776515952491e+00 1.115037942378292612e+01
2.360782046859015715e+00 1.202106317471187502e+01
2.119117153653799157e+00 1.131332156564469216e+01
2.414961228010821248e+00 1.168431761153551562e+01
2.110606470417043745e+00 1.211802749150266223e+01
2.245641965527462869e+00 1.125989468990310627e+01
2.207161676586697485e+00 1.193019118096538200e+01
1.666732765520951398e+00 1.135371760484192016e+01
1.955439187606979656e+00 1.136448962834802856e+01
2.208408870300712312e+00 1.212704366191200833e+01
1.850351036156171913e+00 1.194301512572945612e+01
2.283683221364212201e+00 1.204601920017137218e+01
2.224240562534719245e+00 1.204319834495066033e+01
2.281989051625143095e+00 1.147122628137058875e+01
2.345423478257233185e+00 1.248578347689177903e+01
2.220166014660199139e+00 1.223891783313005455e+01
2.396930278891125532e+00 1.225460306000508659e+01
2.133039837003918304e+00 1.094093957504537862e+01
2.310723715666016531e+00 1.209344666650974354e+01
2.617396621074865148e+00 1.250491083864642938e+01
2.069061702807329262e+00 1.190426267258725623e+01
2.095491606965432130e+00 1.169191471702142415e+01
1.555889262744072576e+00 1.112834533448023677e+01
2.006246711518930859e+00 1.138871442462229844e+01
2.204297050632795685e+00 1.287316463328889959e+01
1.010850775941536606e+00 1.078172846710833532e+01
6.439677333266994319e-01 1.122649641311066304e+01
7.830035184768855405e-01 1.054233084364006778e+01
2.066075539037634634e+00 1.152479844853686330e+01
1.743579121680123523e+00 1.213184463548627967e+01
1.869930571013473042e+00 1.196692841085844705e+01
1.856657524760793265e+00 1.223866834115999325e+01
1.709435469100761606e+00 1.228199851673292642e+01
2.360641611718073296e+00 1.205866325739083500e+01
2.495457213320206424e+00 1.198891758502093374e+01
2.115210113206337894e+00 1.180602956868016307e+01
2.524274045904761898e+00 1.215768418192972611e+01
2.180070777293597661e+00 1.132685420242125929e+01
2.461441631918309891e+00 1.260245749397489767e+01
2.097441238036360289e+00 1.227804356867240898e+01
2.064639644509421057e+00 1.244451340720263843e+01
2.160055597009717943e+00 1.178291822035144953e+01
2.126028016484783567e+00 1.208353331906733530e+01
2.129743163967053654e+00 1.095620647208869514e+01
2.270506489431852515e+00 1.213755357985293415e+01
2.265733572013401531e+00 1.143919201969930910e+01
1.558399391182059945e+00 1.156197884649608909e+01
2.554701435972104306e+00 1.202102663513365144e+01
2.338938687703405961e+00 1.177584779747524735e+01
1.972738509634249127e+00 1.187949340542652621e+01
2.424019354437381146e+00 1.222897514018618281e+01
2.186981215226555086e+00 1.118836231028204153e+01
2.144670304166260255e+00 1.199254180923115065e+01
2.406847143974091274e+00 1.191615322878162075e+01
2.126736975565679089e+00 1.097652441274282964e+01
1.860127227082547297e+00 1.166860125065595888e+01
2.021495431025931655e+00 1.139200792160923648e+01
1.238967180980732330e+00 1.165783483843480894e+01
7.702661949704459055e-01 1.154505418718116516e+01
2.279634111164463572e+00 1.138749928150974000e+01
8.361740290280553767e-01 1.047535983854437980e+01
2.188517923990792813e+00 1.133066341992297588e+01
2.284691265537893479e+00 1.170713416242499427e+01
2.250293208159726888e+00 1.264913211241545810e+01
2.229740485957573348e+00 1.175205370246340486e+01
2.064654698241153330e+00 1.219093215351213999e+01
2.058728404195022232e+00 1.150994105423508529e+01
1.935697997938338188e+00 1.207799224994314535e+01
2.010550219584938514e+00 1.227189184744249140e+01
2.437917570454378957e+00 1.146752031849408304e+01
2.159104976318225066e+00 1.165019866577474694e+01
2.358610091915879003e+00 1.261621487891172144e+01
1.543643754122716816e+00 1.157775682514133209e+01
1.989777692166842638e+00 1.189173982301137578e+01
2.197430500885011018e+00 1.219660041611155776e+01
2.243078002913011293e+00 1.249487462497590506e+01
1.500605703373088406e+00 1.183550894159088074e+01
1.642897622867832252e+00 1.176237848571181566e+01
2.268651459550580896e+00 1.108390967305565411e+01
2.130391319809790573e+00 1.163703555701693482e+01
2.049259161274018748e+00 1.111016604351960879e+01
2.387990987874982540e+00 1.196808659273431452e+01
2.106315910636268995e+00 1.098385440668559099e+01
2.349908694830679323e+00 1.168003622367354311e+01
1.513863326690709554e+00 1.208100355856566921e+01
1.962364418919011477e+00 1.203760878295592285e+01
2.033668798553739610e+00 1.111629712699545003e+01
1.033624271779731263e+00 1.051257857170804222e+01
2.583825159863168519e+00 1.227315661759871901e+01
2.105681415683499313e+00 1.269824505686395177e+01
9.598173255145578953e-01 1.125383391250228904e+01
2.113705996320243585e+00 1.165511377704453366e+01
2.227225661898231124e+00 1.183841588103794251e+01
1.822278815208770331e+00 1.200144381550167516e+01
1.545249261440961641e+00 1.196600270607401661e+01
2.184171081817286808e+00 1.150590161722279348e+01
2.112174880051783887e+00 1.164020054480282518e+01
2.226164399240674108e+00 1.152628331892102764e+01
1.257551816024651714e+00 1.130383935977633314e+01
1.336238287500564503e+00 1.189132140119049197e+01
2.219206397752953475e+00 1.130016686290396422e+01
2.238781628435432491e+00 1.120640836618956016e+01
2.124317897120292287e+00 1.222029217186451433e+01
1.967401294954603808e+00 1.162762034659174759e+01
1.784477173207009271e+00 1.211807554042532864e+01
1.740932735020132682e+00 1.169364894320530368e+01
2.258018576852390158e+00 1.128571745489025169e+01
2.199025272357920890e+00 1.120888122316812208e+01
1.317453645871958789e+00 1.211989751978802232e+01
1.502045179160544919e+00 1.211490546946725111e+01
1.803207704654738341e+00 1.223611094097326912e+01
1.451193763680547644e+00 1.149987901370890953e+01
2.549916868989253516e+00 1.303735437792609630e+01
1.978177155215978145e+00 1.171572687808055946e+01
1.463255536782861244e+00 1.134048407875717146e+01
2.156977285256279853e+00 1.194772535432450411e+01
2.309254472567208172e+00 1.223508490757248879e+01
1.259165457453994108e+00 1.207562720345526763e+01
2.657474743186575061e+00 1.306321978602599998e+01
2.491755500313808991e+00 1.270188192547434980e+01
2.084494317819946207e+00 1.126583794526076687e+01
2.178080454986594194e+00 1.201913302597089128e+01
2.239918905418188722e+00 1.119090607913496704e+01
2.237440444321902699e+00 1.260212877470988069e+01
2.221142925585731565e+00 1.164073132014139311e+01
2.136612012722417298e+00 1.198215739208300157e+01
2.057174343879515810e+00 1.248432699653191946e+01
2.124422938040897435e+00 1.074190739433536557e+01
2.212997598693107637e+00 1.144674455476509145e+01
2.155351684821508851e+00 1.130384293125270467e+01
2.500492230567687990e+00 1.297447828793555047e+01
2.404829315997851769e+00 1.184615988597334990e+01
1.648429282171687715e+00 1.203881081943207576e+01
2.370970653000588069e+00 1.241973130546345594e+01
2.128147837994684988e+00 1.084387892271857012e+01
5.795613193788388129e-01 1.044053970996528058e+01
2.305605700777268563e+00 1.204875311602722832e+01
2.588004310458515533e+00 1.277724946446612897e+01
2.138872079822031758e+00 1.064507493251348080e+01
2.120951531548530333e+00 1.144104297317730534e+01
2.068069752463177480e+00 1.165257015133661156e+01
2.122443815698320524e+00 1.144333149209858647e+01
1.869221517761165741e+00 1.212294741909587970e+01
2.525612088752140494e+00 1.204899333793332872e+01
1.358985364274392538e+00 1.155177833514729002e+01
2.339823962040394445e+00 1.231366318357901335e+01
2.380561079635204358e+00 1.217538233892735100e+01
1.838993276579385938e+00 1.160263020669980882e+01
1.930482869166014082e+00 1.239881577286950609e+01
2.223802145175785228e+00 1.129237914164295731e+01
2.333652796322841283e+00 1.221955163892873841e+01
2.636504231317069458e+00 1.243061982474195126e+01
2.332179638176258063e+00 1.181823611893585202e+01
1.960390753074363612e+00 1.235717005579600958e+01
1.981452657020972952e+00 1.204030749717920479e+01
2.005531160302536087e+00 1.164108168485752692e+01
2.238542628399425638e+00 1.275010042107473573e+01
2.422421090411885913e+00 1.261105262183691522e+01
1.090570499397969906e+00 1.099004919041904316e+01
2.314627130604795635e+00 1.162864222207527654e+01
2.073710343666572253e+00 1.176593655531917015e+01
1.824098672583353009e+00 1.219485208540003995e+01
2.540547511477265541e+00 1.213088614881609395e+01
2.252396162275742686e+00 1.262030122882838157e+01
2.313206086216084589e+00 1.261107955896014587e+01
1.680934409068683077e+00 1.184921835858948214e+01
1.082067688216489465e+00 1.141138274248605811e+01
1.407219669257541161e+00 1.180177930914735640e+01
1.967411675950021088e+00 1.209236776452305939e+01
2.267378427833517840e+00 1.128951001270940324e+01
2.597058686547066841e+00 1.308492422022590951e+01
2.073618788468933438e+00 1.184894967825337808e+01
2.159645283870967436e+00 1.124078377201694501e+01
6.072819953480536048e-01 1.001681396381874301e+01
2.182232387402056606e+00 1.104896697773299152e+01
2.166623999647284027e+00 1.172215400890141446e+01
1.948854991456203001e+00 1.161526363310066046e+01
2.146729299484643416e+00 1.143012438779946471e+01
2.287935428901229251e+00 1.171606759356931704e+01
2.043288903308398297e+00 1.195851463055623753e+01
2.154379713887901282e+00 1.139128334019788369e+01
2.560825091862682701e+00 1.252728851954188372e+01
1.446186579666378202e+00 1.205983904749338009e+01
2.286265149505779526e+00 1.124998347094542339e+01
2.362043357682231282e+00 1.183153433065031734e+01
2.182292681394411904e+00 1.161903869209810125e+01
2.128613983188189618e+00 1.149102128606993745e+01
2.196785389211690642e+00 1.232959848884410015e+01
2.498495335232394421e+00 1.232904904480877484e+01
2.468923432887257352e+00 1.241409982466409900e+01
2.195086522685748776e+00 1.153854315743293846e+01
2.426508615048838635e+00 1.190830741146809579e+01
2.144444368964902647e+00 1.187004784443764649e+01
1.958474451046679388e+00 1.225412716499657328e+01
1.721988839507159197e+00 1.223813215189969661e+01
2.634922449372313569e+00 1.269818688158359699e+01
2.205160914694303642e+00 1.161465374389835326e+01
2.420494618849256874e+00 1.218487985092497006e+01
2.158265610510104349e+00 1.175590133637846435e+01
1.295808711065255636e+00 1.137894556268584267e+01
1.620528568830697846e+00 1.190167728800852132e+01
2.507429281108934038e+00 1.247789340965315041e+01
1.915226093631502868e+00 1.228142913882015108e+01
2.223613183233067669e+00 1.194035878005868589e+01
2.353150404627446513e+00 1.114463295140048338e+01
2.249616475396578164e+00 1.148968816933825110e+01
2.081258535203670768e+00 1.141038775765825086e+01
2.412994652193823697e+00 1.298075700222269013e+01
2.078222314131490389e+00 1.214472659163564927e+01
2.234155856055346057e+00 1.112083261666834133e+01
1.948643913573782749e+00 1.272804514200626613e+01
2.051813464717866964e+00 1.181461225057778641e+01
2.126139421666232820e+00 1.112609627999198381e+01
2.386028667613717236e+00 1.192346806555916494e+01
2.556731332669907264e+00 1.234665709240235820e+01
2.120419192204049175e+00 1.152755320884371670e+01
2.155001368851608756e+00 1.184562341445982270e+01
2.392102841472360630e+00 1.236681617204358652e+01
2.231107631787948353e+00 1.164481179135250777e+01
1.880051516110845533e+00 1.262466309686309707e+01
1.206728695265059104e+00 1.186536571199915180e+01
2.327732502424455951e+00 1.211692838228735347e+01
2.180312795515935154e+00 1.150333198596691453e+01
2.298018131374478301e+00 1.274141476716360799e+01
1.258101429627877854e+00 1.125533725239412419e+01
1.795091266175355971e+00 1.219130839063704563e+01
2.129316903302847397e+00 1.208421525965903953e+01
2.049200111621003462e+00 1.156376415356062104e+01
2.480886268539963080e+00 1.243049004773894950e+01
1.931589164527186764e+00 1.167857804105034880e+01
2.065425811868922157e+00 1.138488813599900062e+01
2.314635267198813295e+00 1.227875387450868061e+01
1.615027719917066618e+00 1.187453352592837241e+01
3.775798208912337084e-01 1.005232047223265113e+01
2.137106099443439433e+00 1.088071219324677763e+01
1.989613968482685014e+00 1.246244989292242167e+01
2.343831420066528892e+00 1.227857226003405344e+01
1.928388250215433697e+00 1.231123014683173800e+01
2.089400732139234940e+00 1.174075116930606022e+01
2.524216934333408435e+00 1.303079882826381386e+01
2.406027627303083616e+00 1.279451394849937351e+01
2.261656089818742998e+00 1.215782569184836781e+01
2.180813626030302377e+00 1.203323496437092821e+01
2.116974055051031645e+00 1.134687358304661053e+01
2.416502941278472871e+00 1.301529917034086559e+01
2.538000467543713334e+00 1.206974222193187529e+01
2.541953315254076529e+00 1.194519290146805623e+01
2.086176269596659250e+00 1.191172558229955136e+01
2.243164377115315133e+00 1.170484309172785409e+01
1.952297403171560752e+00 1.220641521653009143e+01
1.879404527049161944e+00 1.194668351097381631e+01
2.282076797428423731e+00 1.167460937927718234e+01
2.307554295966296021e+00 1.132006170140223134e+01
2.053496197495585651e+00 1.131725708754478887e+01
2.115742209476462854e+00 1.146224320882498127e+01
9.505995658314541075e-01 1.043583442686745322e+01
2.305884911589679120e+00 1.269280465014902681e+01
2.463871575358961952e+00 1.206368414931842992e+01
2.482299007276543179e+00 1.262665337663184850e+01
1.978298942942289473e+00 1.148442860350568751e+01
2.253417762226862742e+00 1.173783830698700825e+01
2.171007503637336189e+00 1.161678549002738947e+01
1.005283990487639834e+00 1.164963998592537386e+01
2.312152401026503767e+00 1.232204352332472297e+01
1.877765066646380099e+00 1.241431491742066662e+01
2.174452310262577015e+00 1.161530423727867145e+01
2.049626526877152521e+00 1.180016447207678354e+01
1.985851280095961791e+00 1.179688149972193401e+01
1.851886295850608821e+00 1.165420830868086099e+01
2.375920734258255784e+00 1.159381814186048310e+01
2.275392145689932644e+00 1.168009396066710437e+01
1.638322971529593053e+00 1.208174009663330928e+01
2.312703460687121737e+00 1.168357550656019939e+01
2.418616712520969880e+00 1.265121205184223818e+01
2.458383698477394574e+00 1.207496705360277289e+01
2.124840432027545134e+00 1.251840981425084820e+01
2.606586093066090015e+00 1.231398330567906818e+01
2.023688589351552825e+00 1.245010462146735364e+01
2.154930288768872604e+00 1.182067972208620255e+01
2.040827014872524270e+00 1.185627202259772695e+01
2.008321697249745519e+00 1.201596190114171492e+01
2.318291245474987328e+00 1.247722347311265700e+01
2.294054100862171541e+00 1.289452213283581195e+01
2.056846635635735776e+00 1.172841272704107141e+01
2.007676082397273909e+00 1.188027434095205948e+01
1.114205867674972872e+00 1.089561472448252921e+01
1.998431761164138454e+00 1.197216128122981438e+01
2.219023682186583191e+00 1.180360181681951737e+01
1.966276052856533729e+00 1.130467990915711951e+01
2.003017944401290329e+00 1.147510235745737361e+01
1.303357410167586661e+00 1.205213037022741496e+01
2.098289528736529075e+00 1.099658340966233538e+01
1.970205086352136759e+00 1.184204975032746354e+01
2.406358705560640132e+00 1.234510862374233753e+01
2.143068346483078646e+00 1.270654293126057155e+01
6.321769096801880261e-01 9.559429687085769345e+00
1.344682045223945410e+00 1.157826238352759063e+01
2.081802562228504350e+00 1.081590305543148922e+01
2.294353358161140388e+00 1.232789790441515798e+01
2.483511921915295684e+00 1.237641897889119136e+01
2.126283573714232045e+00 1.248785749388165378e+01
1.994331179526804831e+00 1.166971180229526794e+01
2.596760550635334841e+00 1.258494587571321688e+01
1.997110524368411077e+00 1.148780981736892137e+01
4.255759545505894414e-01 9.057569891212912339e+00
1.940412258860524375e+00 1.157996904104300739e+01
2.196330992087801359e+00 1.144074374601070332e+01
1.326983469883430411e+00 1.173978024318680546e+01
2.152516766103918844e+00 1.161603879458301947e+01
2.247377497556040993e+00 1.166612500570526834e+01
2.358537833125971872e+00 1.169717012693392277e+01
2.048290640641023952e+00 1.214227084354045871e+01
2.056554294465027244e+00 1.092268577099455840e+01
1.969148120480264996e+00 1.177483636882634066e+01
2.615078830635812146e+00 1.281683890207027510e+01
1.261413992108546989e+00 1.096026405210319510e+01
2.222098936966261373e+00 1.249854482728163063e+01
2.246225372994837155e+00 1.197170750494969305e+01
1.337992030109435238e+00 1.164709167820810976e+01
2.488109877872241693e+00 1.254383328060681535e+01
2.077744573054590926e+00 1.263732380168565861e+01
2.619561103494564058e+00 1.278430764571670686e+01
2.485637395467613420e+00 1.195607936744296751e+01
2.034231984393943371e+00 1.152701536243601232e+01
1.792233230113070785e+00 1.220477651764938187e+01
2.303996736775492771e+00 1.133398860505320194e+01
1.789446773753413211e+00 1.208074329178151274e+01
2.174879497872415524e+00 1.292861462281964258e+01
2.276231426928657431e+00 1.242439944813029662e+01
2.224187943574563064e+00 1.179788366059777083e+01
2.069556059849652296e+00 1.170420397627151843e+01
3.571105530169602638e-01 1.082863760802620945e+01
2.034032736192773250e+00 1.170598714981271904e+01
2.007750370645131621e+00 1.178182783780352949e+01
2.512775613141328357e+00 1.256010753397390545e+01
1.973076961510729532e+00 1.231825873301795049e+01
2.144807070529785253e+00 1.180940385711911134e+01
2.255232672256208826e+00 1.141304286924914280e+01
2.101967684419257854e+00 1.156783526190261036e+01
1.992108247474521976e+00 1.258717308729772988e+01
2.217028037076439251e+00 1.163137400054377579e+01
8.848954681736054262e-01 1.079026593727716765e+01
2.081170477821101095e+00 1.179114731157399021e+01
2.251036770431048772e+00 1.171481792634167007e+01
1.989624676529272884e+00 1.213788871252472568e+01
2.270394671364735828e+00 1.117945045930819425e+01
1.747747939666318473e+00 1.172516054579038958e+01
2.558604385953719529e+00 1.220291834145943710e+01
2.172637678205179501e+00 1.171288989314386697e+01
1.456575901900646786e+00 1.200714567233750785e+01
2.185904115997337804e+00 1.106334278935644377e+01
1.593374433401300028e+00 1.233862036544718954e+01
2.338619405514841709e+00 1.197469272100282645e+01
2.122661242552247973e+00 1.152341738093289791e+01
4.974015632686691335e-01 9.527363627569984672e+00
2.593364700587357241e+00 1.266961686298416900e+01
9.096405156750133614e-01 1.143992804685086995e+01
2.093180087465120298e+00 1.119861927189750617e+01
2.068871594669995595e+00 1.191692660966067052e+01
2.057985685363374007e+00 1.222204476073076052e+01
2.349146879616712091e+00 1.271472915855425789e+01
2.023402238900224859e+00 1.111406068279750237e+01
1.151136458371346372e+00 1.176909369141787920e+01
2.013936606900847082e+00 1.195989459551132938e+01
2.404144908962023486e+00 1.234981122868920700e+01
2.213056011691509894e+00 1.190011185063987043e+01
1.814731952510674207e+00 1.182026704349651247e+01
3.587914991604974624e-01 9.451841394352685555e+00
2.166950077664052010e+00 1.138730727557790523e+01
2.180358194330078270e+00 1.106568685244437056e+01
2.189286019755477319e+00 1.181230481355867035e+01
2.097182998669667953e+00 1.110265012358798664e+01
2.020694194560815227e+00 1.152273001641739469e+01
1.593943807263736856e+00 1.207070465763895051e+01
2.107744108303925223e+00 1.113845214991972021e+01
2.101667347208024506e+00 1.117047076625335045e+01
1.581370510624711123e+00 1.192421513063518113e+01
7.071465732675681348e-01 1.036629112722740764e+01
1.313445143752794309e+00 1.129174021840385223e+01
2.325218049553138933e+00 1.161264242340619468e+01
2.365319106974613117e+00 1.185317951827306082e+01
8.756708794092504800e-01 1.108954568693031817e+01
1.967682860771393427e+00 1.257549050262315582e+01
2.268705805731941361e+00 1.246840350688014176e+01
2.139484268387485510e+00 1.131020964775202131e+01
2.089427005400907866e+00 1.115562069565376291e+01
2.463544592898716079e+00 1.251057775108917802e+01
2.274777714943320817e+00 1.161169209614415188e+01
2.248152369622113955e+00 1.155421238354638369e+01
2.062401294003726626e+00 1.167554460401728811e+01
2.175581885936325399e+00 1.186028851847929566e+01
2.146165587250138618e+00 1.108848402211199335e+01
2.361110905717356268e+00 1.159791019836980297e+01
2.228998528938581636e+00 1.148657048581027595e+01
2.264895104674856441e+00 1.216818818450097517e+01
2.536710550301224831e+00 1.225318035659376470e+01
2.126309771431575957e+00 1.188285525506132956e+01
2.127297760904737878e+00 1.152042300951778842e+01
1.758659029597448908e+00 1.234210923858748465e+01
1.841753431706244504e+00 1.132118370041159849e+01
2.511654111850057713e+00 1.257578187521346536e+01
2.430943058565788295e+00 1.197635281600406820e+01
2.311733520710279155e+00 1.141640381922000635e+01
1.046262049708205577e+00 1.117972498674725657e+01
2.080619550690176567e+00 1.102513660589410271e+01
1.067675344540456317e+00 1.168213759647972161e+01
2.246154283642720184e+00 1.193690992608236812e+01
2.031853077208670477e+00 1.133482947733731905e+01
2.237383400842201109e+00 1.116628755790217831e+01
1.432172471679270087e+00 1.160690536460627520e+01
2.156661173706567958e+00 1.219282983972021839e+01
2.252469542326002383e+00 1.133843481342246307e+01
8.721181355506866240e-01 1.102643242649681632e+01
2.064505367557791793e+00 1.193086864545326975e+01
2.303514181728611110e+00 1.283495992048309731e+01
1.627235932541842622e+00 1.172252212361080304e+01
2.131333062073271556e+00 1.075403824886059567e+01
2.140905492834245027e+00 1.254981376991555564e+01
1.992351788351696351e+00 1.235812390469644484e+01
2.223404279907007286e+00 1.205068367504378735e+01
2.157411274579671634e+00 1.093621032633456203e+01
2.531150917444081827e+00 1.236757486348461299e+01
2.461116058843662024e+00 1.173962710643223062e+01
2.251688471844727424e+00 1.183225363966130494e+01
2.148685010013630325e+00 1.169702070926959081e+01
2.268341534206758769e+00 1.184982530641641318e+01
2.148362841390052846e+00 1.098688977471146444e+01
2.402798237357973044e+00 1.214855845918333621e+01
2.472375358000550083e+00 1.204841919165669673e+01
2.154484655551024197e+00 1.260780661412928261e+01
1.834250809499588186e+00 1.187369829171553270e+01
2.328801649383434036e+00 1.200454872122587346e+01
2.181273221133053664e+00 1.100942402680309229e+01
2.463900820962341420e+00 1.180470172060441314e+01
1.245774660948880452e+00 1.119707069284970125e+01
2.073077345997742071e+00 1.107667720499079600e+01
2.095144214366476021e+00 1.120855340709865366e+01
2.191220565038859647e+00 1.248572556277629531e+01
2.515876030024954080e+00 1.282922262664585844e+01
2.038258703318574838e+00 1.149257855173257425e+01
2.177020346764875658e+00 1.252559099592706460e+01
2.285811469716950484e+00 1.109951318516920082e+01
2.240232686470621015e+00 1.139570279192104429e+01
2.283450345557507699e+00 1.193714454299783156e+01
2.403786172756746886e+00 1.175030727750473858e+01
1.296776247018515127e+00 1.098841764214841454e+01
2.099010380627338801e+00 1.120856452547718618e+01
8.679623233936503146e-01 1.074919645002284518e+01
2.274243647504550214e+00 1.151234002692996938e+01
2.505464084905425270e+00 1.213353198687097034e+01
2.262404368528447396e+00 1.152069345280863288e+01
2.265228012167815219e+00 1.287184791386898652e+01
2.111434908339012040e+00 1.091793802122759871e+01
1.772145214631334342e+00 1.191488617067469313e+01
2.125809176616527907e+00 1.105373676961095519e+01
2.200683898727917143e+00 1.128756335543969591e+01
6.356474048473930161e-01 1.091288447932925543e+01
8.833915499596994847e-01 1.058745945286666768e+01
1.445427139859330801e+00 1.163426054527091047e+01
2.316141103357289399e+00 1.159033438401613658e+01
1.323494191843400891e+00 1.144517804291253249e+01
2.722914000442896665e+00 1.299356521264829389e+01
2.111029425442148444e+00 1.194571833547563955e+01
1.081938178064804523e+00 1.089967860040922432e+01
1.776185959298258732e+00 1.207717625381782156e+01
2.207149369582011467e+00 1.136916675201383953e+01
2.047471587075834432e+00 1.077142669620830517e+01
1.273687846788393863e+00 1.199704956051541238e+01
2.211990863540041374e+00 1.142042452462714408e+01
2.268339667107653224e+00 1.253586938451805999e+01
2.040508382286566835e+00 1.203052689891470806e+01
2.603279958059747656e+00 1.237115832123499537e+01
2.185991763572368463e+00 1.144613556975740742e+01
2.160501992726900244e+00 1.221745436753991498e+01
2.736147081914239276e+00 1.286815780478705662e+01
2.331139716344735824e+00 1.146143527951192098e+01
5.693536359283403181e-01 1.030297431088034799e+01
7.331302583602425926e-01 1.106815076807533416e+01
2.637390494048676093e+00 1.269835058894028457e+01
1.688214914963642954e+00 1.207660384209680871e+01
2.131966228111260797e+00 1.214928639470517346e+01
1.776627758064457385e+00 1.226249916004918461e+01
1.810149333608168876e+00 1.185133047751325464e+01
2.553698655645215254e+00 1.270380304767050106e+01
2.269768117131622631e+00 1.188704453591253341e+01
4.971243418945966441e-01 1.054643545957535977e+01
2.179398400046208994e+00 1.168807820830175714e+01
1.233663125202091537e+00 1.127193505316081712e+01
2.573434738207934114e+00 1.246072884663510294e+01
2.215784809007335099e+00 1.154722560413129351e+01
1.989205976208829885e+00 1.181917207860047725e+01
2.577587596190804575e+00 1.250789954527394876e+01
2.279199345759566953e+00 1.145131249218014702e+01
2.139421044599646216e+00 1.122410376528386422e+01
8.680094423516987456e-01 1.001361319312565179e+01
2.472034975184039141e+00 1.240526365491237648e+01
2.256123314675502201e+00 1.144126239948714385e+01
2.373823677724988812e+00 1.189934556151747280e+01
1.303701938457432430e+00 1.084536689937056231e+01
1.849245292646378713e+00 1.205279975485470345e+01
2.123261631044336184e+00 1.179418891426970006e+01
2.461211768717279202e+00 1.173044023794576241e+01
2.459250924945203476e+00 1.164216279468428361e+01
2.296781882854017187e+00 1.152474380313711677e+01
2.007428762070480932e+00 1.146848501394047126e+01
2.160326741715485888e+00 1.204206671961086883e+01
2.084153233809355132e+00 1.128917831247805204e+01
2.197101114312266290e+00 1.091353028643519174e+01
1.594737178652589460e+00 1.224998858509221655e+01
2.199878264015462381e+00 1.177305357330393498e+01
1.800479018969040501e+00 1.155010997541203466e+01
1.919764101961420666e+00 1.161266072008581141e+01
2.311864063319413631e+00 1.137140422146550200e+01
2.181847845446283962e+00 1.256971493175326593e+01
2.218793442491715062e+00 1.120436199007926348e+01
2.055225185548370526e+00 1.131448944429736336e+01
2.052212747753902278e+00 1.236604574189384032e+01
1.547665051325190166e+00 1.167875543081490086e+01
2.230432175042435627e+00 1.131132684675205269e+01
2.099724292354309352e+00 1.203417120915902316e+01
2.363762712801740218e+00 1.186637534817761797e+01
1.582288857247825975e+00 1.132516025560410533e+01
1.948662313274805991e+00 1.256527594866649267e+01
1.614244221465847229e+00 1.192907366491921550e+01
1.773910615173619254e+00 1.217952585658621345e+01
2.668584398284798986e+00 1.262515141354164605e+01
2.414280759838811186e+00 1.257477680039692025e+01
2.071928732035304588e+00 1.247344356636587115e+01
2.059607200812963779e+00 1.166941364431887251e+01
2.127867878690322012e+00 1.227572936835500172e+01
2.052090514642594066e+00 1.123390131254166846e+01
1.436199542436995324e+00 1.182351787711528779e+01
2.068916790808002837e+00 1.150606369494061987e+01
2.429190886150764062e+00 1.243062372701447771e+01
2.370296927270791887e+00 1.179115771265965584e+01
2.306440833618028208e+00 1.161530044794370653e+01
2.211352362939067007e+00 1.254340197107402410e+01
2.328482894201829634e+00 1.179052373386179298e+01
1.800886584719078698e+00 1.172712468791011453e+01
2.084928763125209805e+00 1.195884727618383891e+01
1.859124786701725096e+00 1.241761658166985427e+01
1.953524385949876097e+00 1.171304792935656458e+01
1.479487701922974185e+00 1.099926088674349778e+01
2.221474989811135003e+00 1.107692668998845598e+01
5.896846390510021019e-01 9.952136587445869154e+00
1.961069323626099203e+00 1.157918222390127916e+01
2.479938896473865562e+00 1.257894394683666839e+01
2.566707157645506499e+00 1.227079472019781292e+01
2.125028868500471901e+00 1.159297930893644057e+01
2.043446850057201392e+00 1.147246734366277998e+01
2.109397198423995423e+00 1.168838771979459779e+01
1.882087132806993912e+00 1.186138443492922079e+01
1.836030088537970784e+00 1.202418265495271932e+01
1.858897832708205966e+00 1.147953059677047349e+01
2.265531249020541260e+00 1.166475915287749565e+01
2.092782296202297943e+00 1.136400686661254689e+01
2.007355113551454906e+00 1.136413690954811173e+01
2.312501102449701751e+00 1.264996515050677495e+01
1.922099755754263173e+00 1.146653162931184333e+01
2.318553606979418813e+00 1.141401258457025669e+01
2.607796440126992632e+00 1.239878152028489211e+01
2.080857406719817337e+00 1.143577927479406320e+01
1.906071875323423592e+00 1.174673146373033994e+01
2.070413423530764963e+00 1.156582275610424304e+01
2.699922990724839433e+00 1.291663425187036118e+01
2.156346989487879284e+00 1.126232514581149857e+01
1.266563893124677653e+00 1.168764566111500081e+01
2.134605615943196977e+00 1.207774613360520455e+01
1.793678274639918468e+00 1.201019747924112302e+01
2.265760391684803476e+00 1.174530992764747772e+01
1.575033836663637166e+00 1.219999267385311015e+01
1.751837521677408471e+00 1.208092815057610636e+01
2.536551042485359009e+00 1.228359574928164655e+01
2.576925178997617749e+00 1.212183019275709128e+01
2.023031920579134724e+00 1.207743823044403619e+01
2.099396533929063224e+00 1.193761451386371775e+01
1.884140924115930815e+00 1.191667899836539313e+01
2.255304746738383770e+00 1.174795045674865612e+01
1.985624624386317594e+00 1.184026462331809348e+01
2.550739053078914687e+00 1.286802732131511640e+01
1.368011263432619362e+00 1.198617278560272936e+01
2.292013061116530803e+00 1.200604801468112015e+01
2.286382892949294199e+00 1.160590197850717153e+01
2.098392815838971526e+00 1.195096709663562429e+01
2.403054880337625931e+00 1.204973952236853130e+01
2.266452418182039352e+00 1.289946075192782260e+01
2.203725582711680619e+00 1.151157739184931472e+01
2.399764349871673641e+00 1.263446585147460510e+01
2.334275030718660382e+00 1.217682506402825737e+01
2.081594137504984232e+00 1.080979390933723217e+01
1.939580495734910759e+00 1.192800104346682133e+01
2.313134624316200760e+00 1.193844797361120058e+01
2.202840450058354271e+00 1.208360012239817038e+01
2.116237355925708830e+00 1.181310025811079889e+01
6.978229386284031666e-01 1.201678211587962863e+01
2.112512889228761459e+00 1.213275072317024694e+01
1.965572781056166729e+00 1.166107767702098386e+01
2.286695017698937349e+00 1.146604238229680561e+01
1.352914467017767297e+00 1.082809684363621905e+01
2.263422907158078701e+00 1.226125836396271751e+01
2.243822691071628128e+00 1.244774523216799622e+01
2.198974776779012874e+00 1.114272240753984633e+01
2.349336787709955576e+00 1.161483002102520778e+01
1.658981790303386106e+00 1.176944851222378752e+01
1.740871944599522214e+00 1.226609620047678995e+01
1.748719928787750399e+00 1.237692901273815593e+01
2.399568768279797037e+00 1.168689316175933079e+01
1.835623917050492659e+00 1.235427892473878586e+01
2.250274895827136135e+00 1.152181791815589484e+01
2.202276014963819861e+00 1.191801287448410918e+01
1.723075386573838630e+00 1.169628933063205345e+01
2.116913111259742131e+00 1.228393530725164595e+01
2.634296501930833312e+00 1.292048706441004136e+01
2.569247490698428837e+00 1.233287232560581792e+01
2.349335433782394844e+00 1.216668729733917154e+01
8.076974664095131207e-01 1.088369428821728313e+01
2.089871959929172185e+00 1.132795695380201018e+01
2.049808749647794137e+00 1.167923941766340334e+01
2.123829464568623315e+00 1.229855732898021436e+01
2.117210928265560899e+00 1.231189342559610189e+01
1.442163799345322017e+00 1.176022233726993349e+01
2.582855675451800170e+00 1.249539689188520875e+01
2.191833093816047295e+00 1.174473698381315501e+01
1.523638721880094860e+00 1.135035078845495526e+01
2.148974585702823514e+00 1.149043611422002265e+01
1.483540209984965719e+00 1.210328939087211886e+01
2.321597653511615178e+00 1.167539833215210798e+01
2.442256755904750332e+00 1.249010270928610034e+01
2.223792327718922657e+00 1.167298705009899074e+01
2.193845168146672631e+00 1.246975816949330707e+01
1.566543351325908828e+00 1.178989751018042753e+01
2.476535515862518633e+00 1.256401540645313375e+01
7.937073979816646752e-01 1.090634742520558120e+01
2.235127199297965994e+00 1.190891318145556532e+01
2.108472922074322575e+00 1.196277433399400891e+01
2.017333985933652318e+00 1.232755324832309896e+01
1.845168740279792496e+00 1.169041574792502658e+01
1.631994938750369162e+00 1.170393430585282601e+01
2.118281871891343648e+00 1.181523227289699918e+01
2.244192811195792725e+00 1.236698900517553845e+01
2.228171650383246494e+00 1.211107607523954677e+01
1.892014157475269576e+00 1.196455266047547816e+01
2.605268630966737220e+00 1.306079126997399165e+01
2.600068453215783393e+00 1.244591409979719820e+01
2.654049810976790713e+00 1.286188039980707742e+01
2.148142466646326465e+00 1.192734080570845201e+01
2.282088161039513174e+00 1.151793800036843329e+01
2.526008034259914048e+00 1.204940096236149571e+01
2.161718879078009081e+00 1.181846915839126488e+01
2.059135821643966580e+00 1.201939715458779823e+01
2.355538716528240872e+00 1.174129606918414304e+01
2.045276775565901151e+00 1.181326145015791340e+01
1.659501142985317035e+00 1.219398418115455129e+01
2.196564863341901042e+00 1.203488350765932502e+01
2.186078868268424014e+00 1.190185607930812139e+01
2.057896367871756560e+00 1.199224676100645937e+01
5.650733033061813293e-01 1.023750075040660512e+01
2.093592113939977573e+00 1.110238749615442622e+01
2.378302771688420858e+00 1.200074746647547741e+01
2.141746941087573131e+00 1.262384565231393019e+01
2.084946165209271118e+00 1.123576354183527926e+01
1.547442029024572063e+00 1.206838984754733524e+01
2.278662614067560099e+00 1.253097304454179550e+01
2.300099555472104651e+00 1.198423791451444842e+01
1.995572606551247130e+00 1.141802256136537075e+01
1.534717301653401700e+00 1.125462147998759832e+01
2.159933599909575452e+00 1.123680881274496635e+01
2.029994852925106841e+00 1.235769993853892146e+01
2.176843238027282190e+00 1.162362169666687173e+01
2.471544211011119430e+00 1.270841173961074588e+01
2.532569624043142120e+00 1.267873555213342662e+01
2.389135554966440811e+00 1.248633298382713619e+01
2.162738129827038946e+00 1.169351249774650725e+01
2.146950669653668875e+00 1.183485722130921225e+01
2.318395306319492644e+00 1.109190464157118505e+01
2.089196694097967821e+00 1.235761539850058455e+01
2.334109205449664159e+00 1.244636223652200790e+01
2.199410007097653441e+00 1.153508015161148670e+01
2.026579362657750405e+00 1.136283841025139196e+01
1.817767976759982362e+00 1.204853084377010752e+01
2.074298513002107658e+00 1.146740533845145471e+01
1.398044790552354533e+00 1.212165443076893290e+01
2.463152140892799657e+00 1.280988922717751421e+01
2.496846713573204202e+00 1.194855943259752884e+01
2.101369825410237535e+00 1.186930432727265483e+01
9.678398691064864501e-01 1.061350787865020528e+01
2.289852066212120896e+00 1.204975095745139946e+01
1.004792182440337855e+00 1.189516615773392871e+01
2.480862321713333429e+00 1.242606899495711481e+01
1.895941710789635026e+00 1.179656828528248624e+01
1.919818179377853040e+00 1.209004523254813890e+01
1.878915553064919308e+00 1.134926872280674104e+01
2.575455739074003159e+00 1.257424952816099406e+01
8.870351910513257776e-01 1.100569597181743298e+01
2.227625959757516760e+00 1.273655485066806925e+01
2.237343320224674414e+00 1.268847409904786794e+01
2.269049751391027492e+00 1.214081149655507019e+01
2.236086769334090896e+00 1.232609936029296094e+01
2.194245275584734145e+00 1.244280360323957346e+01
2.367765829423032820e+00 1.134038847955191898e+01
1.985253554413435317e+00 1.266754158046936318e+01
2.150466184438211137e+00 1.138996615364721521e+01
2.020554755797990154e+00 1.128086253002464545e+01
2.063690668261113803e+00 1.086777517320752295e+01
1.959693658038635489e+00 1.137173631357087267e+01
2.311394614603971220e+00 1.213624078310524546e+01
1.954836840183072688e+00 1.205599095537058929e+01
2.136175222728623257e+00 1.224616323680595720e+01
2.005901211965554154e+00 1.219414578371354096e+01
1.828156429373134939e+00 1.159366848222938629e+01
1.574874799766067923e+00 1.220388853433440524e+01
2.384550965918704524e+00 1.203515310267689209e+01
2.294351648483079487e+00 1.163105123047524891e+01
2.089844451326188235e+00 1.102497245523240643e+01
2.108991496117819775e+00 1.152779889769867339e+01
2.376127163327122815e+00 1.279729130324313680e+01
2.226361970308244231e+00 1.242186575412745597e+01
1.853066058057929677e+00 1.215547191641244140e+01
2.293653784130256668e+00 1.143425903763553642e+01
2.147774214502511825e+00 1.089508754588352346e+01
1.777490914279785228e+00 1.214643051560367226e+01
2.478710593560752518e+00 1.271365108611947647e+01
2.239240135329991332e+00 1.196677543090321549e+01
1.811091754508685536e+00 1.212206930410377481e+01
2.504015736860241592e+00 1.194110256778285439e+01
2.213885338273827497e+00 1.156938142916702716e+01
2.072614591265374173e+00 1.104902527261315548e+01
2.041655256773714733e+00 1.198564585884187572e+01
2.395811888551665714e+00 1.148891186474235226e+01
2.009810480286688072e+00 1.251181967012763430e+01
2.373842631998626551e+00 1.185546184331422914e+01
2.244998095674556993e+00 1.213930431159491796e+01
2.125863040810219040e+00 1.199347087905302800e+01
1.925537174111217498e+00 1.150740809057878522e+01
2.591262477564857836e+00 1.245823589695118372e+01
2.082808009455984877e+00 1.198565694304435603e+01
2.107719004865735268e+00 1.276237912725672352e+01
2.087038516880854289e+00 1.153410728292208098e+01
2.439203679158270965e+00 1.268605401365552154e+01
2.145428110477066497e+00 1.135310564683588908e+01
2.133213726443658143e+00 1.204493149844032907e+01
2.335026254467551521e+00 1.190658148352210866e+01
1.714237462398610523e+00 1.208272835623209396e+01
2.113228086618519797e+00 1.222635489396643571e+01
2.286320592025719023e+00 1.160572375321836880e+01
2.029026741187391014e+00 1.270763775994257294e+01
1.618307247502757118e+00 1.154485906855135724e+01
2.197347879420651573e+00 1.151907498855001677e+01
2.444682363417087778e+00 1.271145885365820050e+01
2.402506114291075967e+00 1.132665504738758777e+01
2.132884120895740754e+00 1.179335256734862369e+01
2.098208641768028571e+00 1.184057557210828904e+01
1.588186706518670777e+00 1.133008814690939303e+01
2.063379604137765888e+00 1.225346024055309435e+01
2.157017448693785422e+00 1.208135424052034246e+01
2.086006322770016741e+00 1.178833638661236272e+01
2.110387630664538161e+00 1.095697634762461803e+01
9.067513853770389209e-01 1.100913090202038092e+01
2.185707743090542277e+00 1.269117459146444205e+01
2.205708386416290079e+00 1.248941853091075060e+01
1.937404770637302098e+00 1.180893426612460750e+01
2.077298228291935889e+00 1.116374172707703849e+01
2.225819802530100144e+00 1.194772969658658290e+01
2.076530912704870779e+00 1.205792129959949222e+01
1.485332424415746866e+00 1.129315173346421020e+01
2.036996523223062905e+00 1.197863862752842223e+01
1.990953456585318415e+00 1.193009733032086217e+01
2.181319250174314828e+00 1.250292035147060687e+01
1.998541992143761048e+00 1.203295513378343351e+01
2.296932753036820873e+00 1.134056699205640051e+01
2.075318088179540776e+00 1.207261789198039814e+01
2.224997787565926366e+00 1.114744327672183744e+01
2.193784148299715131e+00 1.114282275796233890e+01
2.329443217682058531e+00 1.210293270891373929e+01
2.016589319708379957e+00 1.149524788688241017e+01
2.091910351958558234e+00 1.159330562268654319e+01
2.132332779410221590e+00 1.191624888777594826e+01
2.186504162381294414e+00 1.135269378128603357e+01
2.206909518765839628e+00 1.110710277826980885e+01
2.224660367862302479e+00 1.262533404023955796e+01
2.024588056560714389e+00 1.208216919071849915e+01
1.872199880854319876e+00 1.228693494913428630e+01
1.792723843631611969e+00 1.206657210966525362e+01
5.024536061953135402e-01 9.823430903250898183e+00
2.464455021864783824e+00 1.209949955563916824e+01
1.912687263544910587e+00 1.166198608357249356e+01
2.081581831922086234e+00 1.131474857586156801e+01
2.313592008473269512e+00 1.261212439426165055e+01
2.088076975917887879e+00 1.129350112497371406e+01
2.214195684394047348e+00 1.164232571518384773e+01
2.144144727792451022e+00 1.110648264082651870e+01
2.147530101194168317e+00 1.164711768592040464e+01
5.465102936600340078e-01 1.107427487871868088e+01
2.517406438837061167e+00 1.223329534960198650e+01
2.096273407388104193e+00 1.224237377887478040e+01
1.854500648456672396e+00 1.130541676333184320e+01
2.069290813661806450e+00 1.168106038327078799e+01
2.278719266562302170e+00 1.214585684278587152e+01
2.558197550868537729e+00 1.221270664686454310e+01
1.384128587877002214e+00 1.191143176081711808e+01
2.401099889342240168e+00 1.217828226230412447e+01
1.685427599824759648e+00 1.176118415939173723e+01
1.532651635037658444e+00 1.154781077645275111e+01
5.541695732379184891e-01 1.027964967904980220e+01
2.030588940231967676e+00 1.112404308286525989e+01
2.285773931192722763e+00 1.168249724981054882e+01
1.960683865453664243e+00 1.206238153890320497e+01
2.236165511198707101e+00 1.158148027342407183e+01
2.314850362140176365e+00 1.239431846779872970e+01
1.614959163793249886e+00 1.208609020428132119e+01
1.798410065628636145e+00 1.196390736283748168e+01
1.930616377339946510e+00 1.170655494625163762e+01
1.702754623505514431e+00 1.187604755709941884e+01
2.190374073765374963e+00 1.252993942278082962e+01
2.027256669413098233e+00 1.256079848479678240e+01
8.822938208413025896e-01 1.097797709350474449e+01
2.333421348755714941e+00 1.201454756196259233e+01
1.752424514591794491e+00 1.158272230213191811e+01
1.567138798748361372e+00 1.148793298678224595e+01
2.195347112513396759e+00 1.101678700469474137e+01
9.067315101782957854e-01 1.077210954027033907e+01
2.209733712301813480e+00 1.124099412055026725e+01
2.224754769581450908e+00 1.175735599797781994e+01
2.079128207315938059e+00 1.132328997326440145e+01
2.295439783933952427e+00 1.116131776468755632e+01
2.143270298943085184e+00 1.138981815244628315e+01
2.050102589676890297e+00 1.136987793658414425e+01
2.041211051787883424e+00 1.186171253046234320e+01
1.370175159146238553e+00 1.195958880562522886e+01
2.092329174909771439e+00 1.126038972247194003e+01
2.212411500774954742e+00 1.172609870160108869e+01
2.140061166575071283e+00 1.230098574101165099e+01
1.988789178878152208e+00 1.155884560467112543e+01
2.236655069049866551e+00 1.161663549778056570e+01
2.270148196791482498e+00 1.185626563202126960e+01
1.483028698613820140e+00 1.123847318116011884e+01
1.426515625084445071e+00 1.155557680638461804e+01
2.348129547331239575e+00 1.211123260950635405e+01
1.687448100876885126e+00 1.154713619347677600e+01
2.404361111807762352e+00 1.195630919792412072e+01
2.180927597818525854e+00 1.181583144115820794e+01
2.528128961534592989e+00 1.273887645545616998e+01
2.489326240047161409e+00 1.223709403594566680e+01
2.191032534672226362e+00 1.204429696072334011e+01
2.088784301306869651e+00 1.211492072601034842e+01
1.872508566141274367e+00 1.178545024913392503e+01
1.675885089609690182e+00 1.170355011515496990e+01
1.975983455143739853e+00 1.128123094526426584e+01
2.219249541927327929e+00 1.146015272883767011e+01
2.375084997178885438e+00 1.280280451295768529e+01
2.251212502248991942e+00 1.178947494962048914e+01
2.056418871236779022e+00 1.175797656484199294e+01
7.540119944182074319e-01 1.086829979057543660e+01
1.977664934803527563e+00 1.142900972078724031e+01
1.418545026464106407e+00 1.137301622422196878e+01
9.314066958025029042e-01 1.094215468398487623e+01
2.087264840864377025e+00 1.198716278795490275e+01
2.355688782711275131e+00 1.268151796267404663e+01
1.910061408410010930e+00 1.186066620740087529e+01
2.409100889825781078e+00 1.201659172615025639e+01
2.273024335915327043e+00 1.141569548616321939e+01
1.344649467253803410e+00 1.176071314063664452e+01
2.310017820396462085e+00 1.205716917461218962e+01
1.319491642873212633e+00 1.141716840878443584e+01
2.197271502235228713e+00 1.211463022044738480e+01
2.385664482061601976e+00 1.125690830740626147e+01
2.216442351448543402e+00 1.161326720873959850e+01
2.252851305325046738e+00 1.183905623377008531e+01
2.526922602126643991e+00 1.228469341966436090e+01
1.687343648252332073e+00 1.130919891868458649e+01
2.430468996140252358e+00 1.243522731485628263e+01
2.051670787969208654e+00 1.135436141489699224e+01
2.666735794974433471e+00 1.251338106552717200e+01
1.902714155011444586e+00 1.245571656990832210e+01
2.111336268855268372e+00 1.135752501014577298e+01
2.189865770308581983e+00 1.208733696096304122e+01
2.557214747220877715e+00 1.264334106290150039e+01
8.308336354062345608e-01 1.114761631699924749e+01
2.314740087732236162e+00 1.143542032269754749e+01
1.085472886641199119e+00 1.101230422099913397e+01
2.357571897366284475e+00 1.186364464054270940e+01
2.428453106885025470e+00 1.197034485520314817e+01
8.511407874871391721e-01 1.045591767894265978e+01
2.333555658213473105e+00 1.255848425247782529e+01
2.278572136084382915e+00 1.156473802745863999e+01
2.324881458820783564e+00 1.195560128906045527e+01
1.211583639637373588e+00 1.134224622100028590e+01
2.133782346236414273e+00 1.158549283098153815e+01
2.048996695872717488e+00 1.210009729885058505e+01
1.843937853678756955e+00 1.157441605402226337e+01
2.269804027277182001e+00 1.091118204806685377e+01
1.805707346952652115e+00 1.213061023417536255e+01
2.027270743583961199e+00 1.211687040312031272e+01
2.076767170938414342e+00 1.148923156875609841e+01
2.344961086140327833e+00 1.183426046499107542e+01
2.109146881409976526e+00 1.174861127891380619e+01
2.284882460658506975e+00 1.121625897140518369e+01
2.295075776627391484e+00 1.149315067685712144e+01
2.081648323705035164e+00 1.273945565186253681e+01
2.061422165375734306e+00 1.137055540616739258e+01
2.348755949885591665e+00 1.191581435695871960e+01
2.135472629610572159e+00 1.210171987570372387e+01
1.624632636277118403e+00 1.187754244716580665e+01
1.994123750126636452e+00 1.231531862000976041e+01
2.433617972865182555e+00 1.149254282581713582e+01
2.060590137841671776e+00 1.160227812815694826e+01
2.224336237971339170e+00 1.184329359049469410e+01
2.131190445277928003e+00 1.193663024626810554e+01
2.116033515780356922e+00 1.171682551302328257e+01
2.212907376841368290e+00 1.151876907261623373e+01
1.228494361513051913e+00 1.207160225434182976e+01
2.257008032121850416e+00 1.263927509397577076e+01
2.372163837019708676e+00 1.264085518917286954e+01
2.048572409880188960e+00 1.118008514971092282e+01
2.160409551939734385e+00 1.128895109483227088e+01
1.885261957998935811e+00 1.202700428459637827e+01
1.897353436974575702e+00 1.251955629226454292e+01
1.823635490629634814e+00 1.240891351273624288e+01
2.178253500971545353e+00 1.124710551132161562e+01
1.250137342969816379e+00 1.149587620619768913e+01
2.157767017916649266e+00 1.177146425912347105e+01
2.305395551315372327e+00 1.256350772170512542e+01
1.547038174057183912e+00 1.136697434510027271e+01
1.938862763044834292e+00 1.237340692645470419e+01
2.381567835808352740e+00 1.141894151730563323e+01
2.251280021143220011e+00 1.169806525203728143e+01
2.229319045008988809e+00 1.181868043693018677e+01
2.232950928027195747e+00 1.192506462824363744e+01
2.331864037420960045e+00 1.218081194996739214e+01
2.231149337189918480e+00 1.118165288271184465e+01
2.145515457798758074e+00 1.209553906960623593e+01
1.357216135565818327e+00 1.164681005333636143e+01
2.372984021505211150e+00 1.147897845654908622e+01
2.520514072296049957e+00 1.195016917157182768e+01
2.230673708034744074e+00 1.122170741279385986e+01
1.540206624657023404e+00 1.190391071848286231e+01
2.200511668535523047e+00 1.125178806618928462e+01
2.685913657199746396e+00 1.277136319483984472e+01
2.037974034274264934e+00 1.166784166215163587e+01
1.693730534037082736e+00 1.193449269229697052e+01
2.301642067775275358e+00 1.159002942984158935e+01
1.931270350071363273e+00 1.208057225610112262e+01
2.307995545383136893e+00 1.135925915661329633e+01
2.145037028428927517e+00 1.220419051483553652e+01
2.155441051482882120e+00 1.142143182537255619e+01
2.083800609742061383e+00 1.173135087412648403e+01
1.853061840390013204e+00 1.169687372205240905e+01
1.611432879789287398e+00 1.216945778051237959e+01
2.198114159145494462e+00 1.241057974728022550e+01
1.811997654973318994e+00 1.207905469882311600e+01
2.283523602750872072e+00 1.259130198715447690e+01
2.118660803281918970e+00 1.189823936902171475e+01
2.137997087418656683e+00 1.166467843337164467e+01
2.341546513193623724e+00 1.158155080594596953e+01
2.086828124311795207e+00 1.111850447057306290e+01
2.178489592162332400e+00 1.110105514661345438e+01
2.383130556064795069e+00 1.231888497642228764e+01
2.212125469134537781e+00 1.162344089861107577e+01
2.127360205358325373e+00 1.122717091197457684e+01
2.399966925006927543e+00 1.179875212908608084e+01
1.875788425088279032e+00 1.153139127915008721e+01
4.495697289459381074e-01 9.423907320911046881e+00
2.116628198378050385e+00 1.137628090545216786e+01
2.133448159287679502e+00 1.215561495656853630e+01
2.174711492832768656e+00 1.223774808497554112e+01
1.860437920605519935e+00 1.167045849733329810e+01
2.286580825476353773e+00 1.243178935287473230e+01
2.038751812437606059e+00 1.214698617974048922e+01
2.404454803298982757e+00 1.226638520310770986e+01
2.162759538672889281e+00 1.199293774601781060e+01
2.330549609654910093e+00 1.181272272973054527e+01
2.061078935325826311e+00 1.109243460317899199e+01
2.426404722697159233e+00 1.248758877174438631e+01
2.282901408098380269e+00 1.123267152091939458e+01
2.211037065069950902e+00 1.081732730836234779e+01
2.175505238104278316e+00 1.145424214759232484e+01
2.221840505973240454e+00 1.224066152896820370e+01
2.248075832331833723e+00 1.170071792888425222e+01
1.841245733497684833e+00 1.202177036194150617e+01
1.738785023149504783e+00 1.238168010442589129e+01
1.978835996482185111e+00 1.159788714327522108e+01
2.045905726472166286e+00 1.171365397940313713e+01
1.349209998783708286e+00 1.170922260740000809e+01
2.531773577280103549e+00 1.250361395495674977e+01
1.869958228195960581e+00 1.168120093815140947e+01
2.325562589413125103e+00 1.184884134008018464e+01
2.408839253777033562e+00 1.192192421884669251e+01
1.516628825787732282e+00 1.212662640869351804e+01
2.106152539406060509e+00 1.176807571356184567e+01
2.280555016620943842e+00 1.145037647836630690e+01
2.225772218358179622e+00 1.222800947221827883e+01
2.060427701986869309e+00 1.127715786065038905e+01
2.476040092361995182e+00 1.232235720504609588e+01
2.240096139267283792e+00 1.165953085623989871e+01
2.194970033861611380e+00 1.164907083408239075e+01
2.187800054760822288e+00 1.110142259203861848e+01
2.364141104907000468e+00 1.159598014145817579e+01
1.176549603408705513e+00 1.201033414758632212e+01
1.988541896164951694e+00 1.149277896939120325e+01
8.066594531184348993e-01 1.078268816222218263e+01
1.958272070820227695e+00 1.164149905197947277e+01
2.358535247267771418e+00 1.196588430220683996e+01
2.052698557829076620e+00 1.126539293795197949e+01
1.902348940627845320e+00 1.219606255154726249e+01
1.945700095908512450e+00 1.178763052866226957e+01
2.449582547149491862e+00 1.189001142161756341e+01
1.949606029973712573e+00 1.249066844740799453e+01
2.065143704226258592e+00 1.180293551158591825e+01
2.135995768658784932e+00 1.166937316259577173e+01
2.423865945897786478e+00 1.159764114261017909e+01
1.594146006098024593e+00 1.181324950240748706e+01
2.607475631532636839e+00 1.249696700682034312e+01
1.815445373437123866e+00 1.190410493957194582e+01
2.133640334204871092e+00 1.145421884431166504e+01
1.019470646775441747e+00 1.074439493707567372e+01
2.127452482938767986e+00 1.123098564570160285e+01
2.391490538721911197e+00 1.240769270067909247e+01
2.644040747048009177e+00 1.258119108648265261e+01
1.969536370382949819e+00 1.171520949391528887e+01
2.197730248596513114e+00 1.128619100600361591e+01
2.383681840505567973e+00 1.205884584599988152e+01
1.417517631019881597e+00 1.165347581028457213e+01
2.263721635854558656e+00 1.229876531210158674e+01
2.181869170577412032e+00 1.187546794194901345e+01
2.218088753779023481e+00 1.239033442604464064e+01
1.898381598038372253e+00 1.177292973077961413e+01
2.011891018736907455e+00 1.208390912764653713e+01
1.826217878816146278e+00 1.141088432254436391e+01
2.300706479855313624e+00 1.212644233831157159e+01
1.898726269797810895e+00 1.175611352052970560e+01
1.143513694289323812e+00 1.121692133709441563e+01
2.161917665824365731e+00 1.205137477423770598e+01
1.830534837160463946e+00 1.211603368922118840e+01
1.787612734186842633e+00 1.195523708758936543e+01
2.028966337958344912e+00 1.157488826055059938e+01
2.107814415718370249e+00 1.161442868566967945e+01
2.234418973454964430e+00 1.276475554240659527e+01
2.827716509620834540e-01 8.808450295764190585e+00
4.103304689867630639e-01 1.061828799227937203e+01
2.418607395048259168e+00 1.166113756901756204e+01
2.238447316306241497e+00 1.235216883630581286e+01
2.551788909112540082e+00 1.258221076436337249e+01
2.389218605431976172e+00 1.211084106658617898e+01
1.323796634951739826e+00 1.162385172180080062e+01
2.169203929623588767e+00 1.070958870022188414e+01
2.528527404306902593e+00 1.281170099201464474e+01
2.342812459797274816e+00 1.121381253133958822e+01
2.196176817754626143e+00 1.178777354560445367e+01
1.605622333470313690e+00 1.196195554135269568e+01
2.599631333358873420e+00 1.256420848871183793e+01
1.935876114694143890e+00 1.225529876883641656e+01
2.230400744168573812e+00 1.245417819367124679e+01
1.637669787821977474e+00 1.165522884111138957e+01
1.948724813762136687e+00 1.155084362672976184e+01
2.348631403005152496e+00 1.208518347060186393e+01
1.827450122467679128e+00 1.238068561697801506e+01
7.614342632778873243e-01 1.103801916388211524e+01
1.241219823567098590e+00 1.176540990306699364e+01
2.556297036304552073e+00 1.295774547645663688e+01
2.195347481860823180e+00 1.152545231070888043e+01
1.754829402921533887e+00 1.113328268316148595e+01
1.874570187139331878e+00 1.178997384111901425e+01
2.081919519879056768e+00 1.247732664042995587e+01
1.919172298874681992e+00 1.175167014104156493e+01
1.521647831647578109e+00 1.129775346908936129e+01
2.228732306673982588e+00 1.203745626623930676e+01
1.712148466543828018e+00 1.159597268535863179e+01
2.514080335876648142e+00 1.181289017242653827e+01
2.399088812132026849e+00 1.202828657688139558e+01
2.498639464063377336e+00 1.256930592645565348e+01
2.042123249782837657e+00 1.165000390469443303e+01
2.466243066157107755e+00 1.255435346735701252e+01
2.119883693378107559e+00 1.164941413635680512e+01
2.306077476532704118e+00 1.303634939498381762e+01
2.427866031485875542e+00 1.205805765066406643e+01
2.125213617412756939e+00 1.164089772406206613e+01
2.167289855954173561e+00 1.259849641877597115e+01
2.178057706290878137e+00 1.167703055942537205e+01
2.375645356464833213e+00 1.202224348218800998e+01
2.259945599112213710e+00 1.161734148075714756e+01
2.214270542762642791e+00 1.171736613690057816e+01
2.498968745994517349e+00 1.191945125020804852e+01
2.112101216364443257e+00 1.191698809927772196e+01
2.151898792676816718e+00 1.124051804357597106e+01
2.334405366211740329e+00 1.207201641665262137e+01
2.276841424892315668e+00 1.138218679523735233e+01
1.255727397374130083e+00 1.067037530287241154e+01
2.560072628585075449e+00 1.195257718620509202e+01
2.566468598270200019e+00 1.289537563547577648e+01
1.990502798736277335e+00 1.170364028851494886e+01
1.438821485765386932e+00 1.143176646411363251e+01
2.031961024624122203e+00 1.207592302428375497e+01
2.688642391120677377e+00 1.299301440911259675e+01
2.257962915967588913e+00 1.143971201987580244e+01
2.026894767059161051e+00 1.111442234037132692e+01
1.931283799134497103e+00 1.169775591296227724e+01
8.528928672417855905e-01 1.158329164954496626e+01
1.929627371188411544e+00 1.193780170914007499e+01
2.098920937652916763e+00 1.259011261186452302e+01
1.808053501693428489e+00 1.225652078824750824e+01
2.301306008724427254e+00 1.113712554120967368e+01
1.840181239937866753e+00 1.194378634203805056e+01
2.360527356290136325e+00 1.176354151929218084e+01
1.911470997921495885e+00 1.199886055466284240e+01
2.118972057179051571e+00 1.278177445015572467e+01
2.316348055866605637e+00 1.201827937570013027e+01
2.317916320276701470e+00 1.255021300421800490e+01
2.085593647979470333e+00 1.174507287770214425e+01
2.455483014694243682e+00 1.174996869614963835e+01
2.060366821165082740e+00 1.208628780224919552e+01
2.070508753887767561e+00 1.233361392649700683e+01
1.930708076098222925e+00 1.233740559200103704e+01
1.066821490983603793e+00 1.156417072550523351e+01
1.930604570149937471e+00 1.166958754658984532e+01
2.465372065929841483e+00 1.194598527906370755e+01
2.154011162147239755e+00 1.162929360236012322e+01
1.337866075391156206e+00 1.134812482909561560e+01
2.122804396780417768e+00 1.184747715654340361e+01
2.560366786947116946e+00 1.252657573503193156e+01
2.380760995230483346e+00 1.245183293684070058e+01
2.157501634686530778e+00 1.262314452660089792e+01
2.044799226565793493e+00 1.197189005371195414e+01
1.964074409872593963e+00 1.130608463791029372e+01
1.662845047737369963e+00 1.132918841905189744e+01
2.042124876002371803e+00 1.195892821299613296e+01
2.070376758381024196e+00 1.200607151444189569e+01
7.743785389812857245e-01 1.026990828761804764e+01
1.652451786396286648e+00 1.137944238375912676e+01
2.276596769423732347e+00 1.240454978971256494e+01
2.238479371944835261e+00 1.152766971234377458e+01
2.267187700508762838e+00 1.137568021489913761e+01
2.073145723030655585e+00 1.143316246476223874e+01
2.164399582855055293e+00 1.123208196766063871e+01
2.203005659769807334e+00 1.145828728282659803e+01
2.112608646407611701e+00 1.164993318995848526e+01
2.294853742609784142e+00 1.214873759798853037e+01
2.253695537736010834e+00 1.141437447330270238e+01
2.161495532161142652e+00 1.174300158279883455e+01
2.129143360568871657e+00 1.193588336153016805e+01
1.881966190232835068e+00 1.233953145777092253e+01
2.558181986462963575e+00 1.267238553108785482e+01
1.978876936294808209e+00 1.209755953496604164e+01
1.161943894879867489e+00 1.114177968366837668e+01
1.318079059085651705e+00 1.194821125632597081e+01
2.383907119336149183e+00 1.163273063626478709e+01
1.061692443911442574e+00 1.144185052322236373e+01
1.885173683384475884e+00 1.245676848800046521e+01
2.391917814300025036e+00 1.212232627725788170e+01
2.631583847170040791e+00 1.274719360758866671e+01
2.001294676507481718e+00 1.227260680769398427e+01
2.384976899965383090e+00 1.235414544353465871e+01
2.221641431857526605e+00 1.234188692257654196e+01
1.749254110305988652e+00 1.211888514250684779e+01
2.464420477367540663e+00 1.226053436035030053e+01
2.137641731048185001e+00 1.184364956557852366e+01
2.226930477284708498e+00 1.217292890707742181e+01
2.152890062257745374e+00 1.219363686746369524e+01
4.980124505639692556e-01 9.661749395865733447e+00
2.338864152055292411e+00 1.174966838059710028e+01
2.215763308191614378e+00 1.191876436238591808e+01
1.279347299375276803e+00 1.134812004890386739e+01
2.362816276306219709e+00 1.225011941679354521e+01
2.162234591408148443e+00 1.174983296284589507e+01
2.113864369318877223e+00 1.232338956979853783e+01
2.376432851092444842e+00 1.210644945584613374e+01
2.228639012308466949e+00 1.147459028566982298e+01
1.314256714070471510e+00 1.140596150171960765e+01
2.124326795346811458e+00 1.116500927832667678e+01
2.312252507661832546e+00 1.139672081059204345e+01
1.802118197398392629e+00 1.247914409474837427e+01
1.661534264133762484e+00 1.190715930741481188e+01
2.145219779704363727e+00 1.197541527779987547e+01
2.161895263967414937e+00 1.167522717350406403e+01
2.220164866722250885e+00 1.115709790873998308e+01
1.433347759849812331e+00 1.161935036922592168e+01
1.929866164576326426e+00 1.145546414036629201e+01
2.667006150872014203e+00 1.257550222868098899e+01
2.130116540964197558e+00 1.136491809627626637e+01
2.156646356213408833e+00 1.208585609347969125e+01
2.098654126851846158e+00 1.140256850569696390e+01
2.553352778637050680e+00 1.267807416180748881e+01
2.062551754933732884e+00 1.191579143765629034e+01
1.236743268821821840e+00 1.157024262918308999e+01
2.282011057041708035e+00 1.119755962827796836e+01
2.145542045088193017e+00 1.174284625453638320e+01
2.506827510569123341e+00 1.269508749922812996e+01
2.006417103887637943e+00 1.249936126861547514e+01
2.326339736950896242e+00 1.161583522047664552e+01
2.230757795505558416e+00 1.161797016929597604e+01
2.295431101796490125e+00 1.158146724755632384e+01
2.348795455515213959e+00 1.163028508326152100e+01
2.033670380678111123e+00 1.153381407308036977e+01
2.147327642751003740e+00 1.236965442342374644e+01
1.840715447788342285e+00 1.252389653525131585e+01
2.498633478528096141e+00 1.259340796827243203e+01
1.331194182504344292e+00 1.142478212336087218e+01
1.829919673838120042e+00 1.180549664796479803e+01
4.068026080056203475e-01 9.383273899058115930e+00
2.002113381254166935e+00 1.220641984252900514e+01
1.989275101251015920e+00 1.174298995755099462e+01
1.342889792593600529e+00 1.177817586561166685e+01
1.963606711712255315e+00 1.163802325870128307e+01
2.063001269081230049e+00 1.206736664430370176e+01
2.243990302807562731e+00 1.178681891052954889e+01
1.233721629165063227e+00 1.160868641453881089e+01
2.343312914620066412e+00 1.141904154458233123e+01
2.297486398609768887e+00 1.166525788113072970e+01
2.409944447344680718e+00 1.215605538309064038e+01
2.000168646928198513e+00 1.216728131585351491e+01
2.075400754441425910e+00 1.200732853337494710e+01
2.614995688035683497e+00 1.280787724351104728e+01
5.851156622418750564e-01 1.142707954862697584e+01
2.201879929968550087e+00 1.114099141591622733e+01
2.009744650764373031e+00 1.191007275645955055e+01
2.068942829379011528e+00 1.100886889113539446e+01
1.595262015849448822e+00 1.169395263341228031e+01
2.216614169232598908e+00 1.203498289084929596e+01
2.305485300879454691e+00 1.197807174580256628e+01
1.978817233169587242e+00 1.221406003359044590e+01
1.298006034323765601e+00 1.162384921473258714e+01
2.244820873267423078e+00 1.224412506633871978e+01
2.271971712188522119e+00 1.143621989441095899e+01
1.988590518275257235e+00 1.134024653130601834e+01
2.267859453261347191e+00 1.189742444813492028e+01
2.241369339325772092e+00 1.177802343960172671e+01
1.676906053109524342e+00 1.142232376860684440e+01
2.296498512668315506e+00 1.163163604123923633e+01
1.613012092572317480e+00 1.139681024681277144e+01
2.348934119949878774e+00 1.234230288200002690e+01
2.125796199958220445e+00 1.166936318059471667e+01
1.324080684592638502e+00 1.198597705339576791e+01
2.043013036044031505e+00 1.118711109197005626e+01
2.236167137238599167e+00 1.159790638156638209e+01
8.104098115665638868e-01 1.040799232517459139e+01
2.404494270113057830e+00 1.174708394884955176e+01
1.944028323490077481e+00 1.149777815868511333e+01
2.090217958877057747e+00 1.130384525206880575e+01
1.987888856865378973e+00 1.236638653234793850e+01
2.133681301829497112e+00 1.104047119613043648e+01
2.092933665076988969e+00 1.219426202721095009e+01
2.330037437652595855e+00 1.207383044309085918e+01
1.233690170668504837e+00 1.106432838437422639e+01
1.785195373076685854e+00 1.214057552944980323e+01
1.935246180154651219e+00 1.262978579204409613e+01
2.281464740506876865e+00 1.190535851657091371e+01
1.425211043938209743e+00 1.197034771614197624e+01
1.625225887348517917e+00 1.223381318176752153e+01
2.225457013249217741e+00 1.219851791504252070e+01
1.924360259597651890e+00 1.194206027968791339e+01
2.378548350307289727e+00 1.170574532510699228e+01
2.120199862303032923e+00 1.150663920548530506e+01
2.659821561847371729e+00 1.283045379043452527e+01
2.480825609527400388e+00 1.238432700853124224e+01
1.550898789979596515e+00 1.130714253106811462e+01
2.433849926467105629e+00 1.174518290093642037e+01
1.751857885172609430e+00 1.201815024863275205e+01
2.080162281161755722e+00 1.167755121577025612e+01
2.645969699395003261e+00 1.268331167010911464e+01
2.053052280786819672e+00 1.187391421419312287e+01
2.149569425713811821e+00 1.154380976405462889e+01
1.938554764363343841e+00 1.213700904785678070e+01
2.082675084741612448e+00 1.122652251988704286e+01
2.276615914056391965e+00 1.204657240227989767e+01
9.864291469553380098e-01 1.070714842233343056e+01
2.041563382800385185e+00 1.158672191473972113e+01
2.013330846823391695e+00 1.201143328649559727e+01
2.217281895935838687e+00 1.209210230104210559e+01
1.945519025099285093e+00 1.145880575158796688e+01
1.898562176858385797e+00 1.229596398643771238e+01
2.322620374399543053e+00 1.201224624145322295e+01
2.027369637013926251e+00 1.203340800708749825e+01
1.316088501134752065e+00 1.157337141202983943e+01
2.288348332285164322e+00 1.225271979175056991e+01
4.501393288119170388e-01 9.749008896355697118e+00
2.296576025656071440e+00 1.219867890556491830e+01
2.463462155741135806e+00 1.208940372067502089e+01
2.314915612647924004e+00 1.282194193947106875e+01
2.149130335838884243e+00 1.168544156414747448e+01
2.251278824858162331e+00 1.175514588331028420e+01
2.373479636844172180e+00 1.246768005712376137e+01
2.158031082105187792e+00 1.183543737355997827e+01
1.294962463939228092e+00 1.197800113790884424e+01
1.947319576803671515e+00 1.191909269168092855e+01
1.867080890545525618e+00 1.216564068111303776e+01
2.388129763257518690e+00 1.205216576111780036e+01
2.477856750062612523e+00 1.260044954350122914e+01
2.056807707070010593e+00 1.227559990925428934e+01
2.206882241828147517e+00 1.154238935949380007e+01
2.161890749816075541e+00 1.126326329544420091e+01
2.202720723913590639e+00 1.220945861470647387e+01
6.586686679558543256e-01 1.043689346884900537e+01
2.211868945702894163e+00 1.149346959966228887e+01
2.014200313813234278e+00 1.184916589691092348e+01
1.821276193338689398e+00 1.241232077914039422e+01
2.132769614760464449e+00 1.145093133124097484e+01
1.948971854503666279e+00 1.197214181289859880e+01
9.366410547381517349e-01 1.179706326300393471e+01
2.198825595688611134e+00 1.236939459606234060e+01
2.375221707577494623e+00 1.253796588565965031e+01
2.104085629817928016e+00 1.121534127483545973e+01
2.480790361070948080e+00 1.218479372149677786e+01
2.370280106999387737e+00 1.179388012646549377e+01
2.313401708278195024e+00 1.186081844300491817e+01
2.452118828602076306e+00 1.249754085150541094e+01
1.832975712691107262e+00 1.138686576017369667e+01
2.094529978590337294e+00 1.131408503097394913e+01
2.575078942774176927e+00 1.303892743556730061e+01
2.187006461654431799e+00 1.231748526391760734e+01
2.448830447858696857e+00 1.200091400253447027e+01
2.078564739785665250e+00 1.140627992463651097e+01
2.222897444256678234e+00 1.199066910389487894e+01
1.151066125899139481e+00 1.209946152535940733e+01
2.005320612841187344e+00 1.196407715385853088e+01
2.035365170261921985e+00 1.100602731855565430e+01
1.028021331330005950e+00 1.063861446744790484e+01
1.375484293610171882e+00 1.168156423956967238e+01
2.175293544717743721e+00 1.152534517355882038e+01
2.269415783748126358e+00 1.179307022203676603e+01
2.152635239536143885e+00 1.146629666693495153e+01
2.065358115465580902e+00 1.137506196240815370e+01
1.966223563502354610e+00 1.137242586222231999e+01
2.084440202139876686e+00 1.190406584068395013e+01
2.155387390973809048e+00 1.191472339465371810e+01
1.498122181764472538e+00 1.151462536272891946e+01
2.113158165191007853e+00 1.224519748908087458e+01
1.972804589189036228e+00 1.166905515965295059e+01
1.620769798847990328e+00 1.183226067381563595e+01
2.257699535051250539e+00 1.101718057598354505e+01
1.500252511462431215e+00 1.148838970824007788e+01
1.807867874815902276e+00 1.219205227922802237e+01
1.829533984954816450e+00 1.132688136380592780e+01
1.234746871412309543e+00 1.158161631953640303e+01
2.420904376977504935e+00 1.205664291526470855e+01
2.458052171300019850e+00 1.195703603554845529e+01
1.808474603776274447e+00 1.186693486570096390e+01
2.532993789122193640e+00 1.304607333540682923e+01
2.271563664713592168e+00 1.198166066403532604e+01
2.208310515166727939e+00 1.223127783183456430e+01
1.864195911106751202e+00 1.218187660889961244e+01
2.234623139213540277e+00 1.168509957456573822e+01
1.827503922162756256e+00 1.248864873143336673e+01
1.755787402747599923e+00 1.241433938667454839e+01
2.166048172157949647e+00 1.127867043056695984e+01
1.967908298043326454e+00 1.238929826900734632e+01
1.914221304802077528e+00 1.199949723765275422e+01
2.423316975523169603e+00 1.185012336723808701e+01
2.352197468083359500e+00 1.185723160192493886e+01
2.104462226807588543e+00 1.121560322315723646e+01
2.088498891173873773e+00 1.168040318033199298e+01
2.048532693861775833e+00 1.190705462300839912e+01
2.341886524001256742e+00 1.150637285814661581e+01
2.272273096670912373e+00 1.164478458470639488e+01
2.351888607243341145e+00 1.187278445149554784e+01
2.035346148875484928e+00 1.175392837096155318e+01
2.007763564153366431e+00 1.171939504887145311e+01
2.339044005305214835e+00 1.166121034185628957e+01
2.345109076682995397e+00 1.136325649870953747e+01
5.308042645767890866e-01 1.026892682266720058e+01
1.627405080029581841e+00 1.168209751404220675e+01
2.211920908314616074e+00 1.176811517094649417e+01
2.302228465627254916e+00 1.139473506473703956e+01
2.205467339055555254e+00 1.206012496791339039e+01
1.395925014353941007e+00 1.084209523790932650e+01
2.000854912506118577e+00 1.257131639347710461e+01
2.169890839405427041e+00 1.100929465066738366e+01
1.987764537320523717e+00 1.212639178906925252e+01
2.299982713685392088e+00 1.139524845519471441e+01
2.161102782219861851e+00 1.134656882706126702e+01
1.935055908138180403e+00 1.248963293269043362e+01
2.162775361276032982e+00 1.105023151341291765e+01
2.206044452489516861e+00 1.254038191481406272e+01
2.204240052016074536e+00 1.110692661092819122e+01
2.343228943542357889e+00 1.114264678810920017e+01
1.586810720357899829e+00 1.171182225437235935e+01
1.998982579280134120e+00 1.131176441187543347e+01
2.163420465065775122e+00 1.203081660735136182e+01
2.113929459854498205e+00 1.127965113967854727e+01
1.123222681066942785e+00 1.111224494442654276e+01
2.267417811885350964e+00 1.192653327712768707e+01
2.302160658613045197e+00 1.189935149933917913e+01
2.141272734107932951e+00 1.182465614926843145e+01
2.270757412243797901e+00 1.210579961392583392e+01
7.476937975681426929e-01 1.135720147755991682e+01
2.010302546144429492e+00 1.143381109037895982e+01
2.165792803322563298e+00 1.148706608104187232e+01
2.242575386456765241e+00 1.273142543188298070e+01
2.435722823998917708e+00 1.199887318367879629e+01
2.110782249119430354e+00 1.279386921039367309e+01
1.925247058562735480e+00 1.237728473121179995e+01
1.114321427910338613e+00 1.115935806042782907e+01
2.432570440996775663e+00 1.303336786386973678e+01
1.598545280901546128e+00 1.216757038997732820e+01
1.339611700877001876e+00 1.169501247741585104e+01
2.078689814699666627e+00 1.198587762287781722e+01
1.746021987492998306e+00 1.194852410025969647e+01
2.296612396940151513e+00 1.197672954324079164e+01
2.529514895855631273e+00 1.209159066264716209e+01
2.138184485277986546e+00 1.177773307181347917e+01
2.405003743556060503e+00 1.234512107853849194e+01
2.118166812841282276e+00 1.151469310498908705e+01
1.883303592288330774e+00 1.192907677088812868e+01
2.086644335002735495e+00 1.203723951951117677e+01
9.830165960886895204e-01 1.074830262227408539e+01
8.542394956462781019e-01 1.068849166963079433e+01
2.111782489999757040e+00 1.130720108835157411e+01
1.660781136125349500e+00 1.183507944428231262e+01
2.355076000736859854e+00 1.251931913583099565e+01
2.390527349857817896e+00 1.200782439862299888e+01
2.328681446203169969e+00 1.151437761402685034e+01
2.561475572987614413e+00 1.269346467727999972e+01
1.162970111605629020e+00 1.057319694638474594e+01
2.122720536683468051e+00 1.148078752443965733e+01
2.254835978375498318e+00 1.194259382741951647e+01
2.347003502973388667e+00 1.163375223309180306e+01
2.552565545706538153e+00 1.295340269184074522e+01
1.711450727171138331e+00 1.178914926951927633e+01
2.148394268224538273e+00 1.163363071984219310e+01
2.362272213949609512e+00 1.197927803066121477e+01
2.110568345902269272e+00 1.172805279168349735e+01
2.268561375893874743e+00 1.183049677073454653e+01
2.324548840677861605e+00 1.208858022381727615e+01
2.145207979804340415e+00 1.114480892854235172e+01
1.917484219438052806e+00 1.163001622778071642e+01
2.337808576922735249e+00 1.232229020302475853e+01
1.886635237535143172e+00 1.196451250095304886e+01
1.278002785192775770e+00 1.094789977780674661e+01
2.223297752959901175e+00 1.154302298186443743e+01
1.839904108735850974e+00 1.164190281048894704e+01
2.082771919105513181e+00 1.232914238473676427e+01
1.790434178756546313e+00 1.131670596674510776e+01
9.154467668639854061e-01 1.075802706561309918e+01
2.357504058709264605e+00 1.208760416683677263e+01
2.120399824104474806e+00 1.085744405559902148e+01
2.397051809616719265e+00 1.163392607762900433e+01
2.103119421796556754e+00 1.129927505693572165e+01
2.517204577956295264e+00 1.203562360311494750e+01
1.992364269181292835e+00 1.205959802977651840e+01
2.149053621254754631e+00 1.137370702574985870e+01
2.374138556035522374e+00 1.220630710427060706e+01
2.281104637711725669e+00 1.171711178896150152e+01
1.752890718536543213e+00 1.223810905735758681e+01
7.738570759148643008e-01 1.052180011871574017e+01
2.221245236684703528e+00 1.142878571342853888e+01
2.073834676422715795e+00 1.135544552315438871e+01
2.350101059761667610e+00 1.184048085979865839e+01
1.335748630895104982e+00 1.113845483154175398e+01
2.142099498499563826e+00 1.165887935312844803e+01
1.780469346331219116e+00 1.170447184544831920e+01
1.380144909276954879e+00 1.137255057157750038e+01
2.365591571897223133e+00 1.214670046847427187e+01
2.044217706214915165e+00 1.192782785071539919e+01
2.037848030564780366e+00 1.206267790631649106e+01
1.229880679583533976e+00 1.154443245032583576e+01
2.427730992687669342e+00 1.177179480781723697e+01
2.181914787711332071e+00 1.210065783440228238e+01
2.268197930095850801e+00 1.280154561351048947e+01
1.936902958717553025e+00 1.115497154929575530e+01
1.678554958680663400e+00 1.212216492271380908e+01
2.221591559227640733e+00 1.198065260836583867e+01
2.237010107986429741e+00 1.152120897036530778e+01
2.192890204903726215e+00 1.192684015776568174e+01
2.588374621152074617e+00 1.249262366094137988e+01
2.504671080000039574e+00 1.168175224367098686e+01
2.212108263918587170e+00 1.190661966168896946e+01
1.664500261967205574e+00 1.167377173826183245e+01
1.655974725769370659e+00 1.184527212472103841e+01
1.795425148177519414e+00 1.169121224561216543e+01
2.207079670442758434e+00 1.159408655088685869e+01
3.070348228707696636e-01 1.034860143056747894e+01
2.057563614446172640e+00 1.102612379895203532e+01
2.391100937784820690e+00 1.180107374785299434e+01
1.997109740368106845e+00 1.194929940052417372e+01
2.256141277072677642e+00 1.170919443265590765e+01
2.192513011075719831e+00 1.180167710740131604e+01
2.191628915863999882e+00 1.143787994791753526e+01
2.280674792491824476e+00 1.105979958513063188e+01
2.127948172644523961e+00 1.149953965550569990e+01
2.312841023160482123e+00 1.216298622783958727e+01
2.258324385056226458e+00 1.166261040557665929e+01
2.056283889077911819e+00 1.151730004857828149e+01
2.118614806820976249e+00 1.144782468168792100e+01
2.506913632053579644e+00 1.222801776526839390e+01
2.737988923027227184e+00 1.286174976822323224e+01
2.195771598926854029e+00 1.173181500818086143e+01
2.396855683559925509e+00 1.260547383525859821e+01
1.805307679275545141e+00 1.150482236887374654e+01
1.204191296953798895e+00 1.097647951395288146e+01
2.043644148324650800e+00 1.145255766037893252e+01
2.107683329866221200e+00 1.234253352787372116e+01
1.989006192188367717e+00 1.150700458170108220e+01
2.412915471991146532e+00 1.153551550324324992e+01
7.191152758273952061e-01 1.020606373923349608e+01
1.927491127066061072e+00 1.184631775757520877e+01
2.257263917743918658e+00 1.210832600148919269e+01
2.371897308119538916e+00 1.280071120428432785e+01
2.090380576920011890e+00 1.198376880905964725e+01
2.277511811020494825e+00 1.147874487900438290e+01
2.305379043557159946e+00 1.135718795421018790e+01
2.154076882901858614e+00 1.153262855269043463e+01
2.396437066010813410e+00 1.249053875463337171e+01
1.973743668542076835e+00 1.168773237905037554e+01
2.441808191147269991e+00 1.219068316546772124e+01
2.399787590263462000e+00 1.222646321627514610e+01
2.147317789182097592e+00 1.188015056975424777e+01
1.351365526503844228e+00 1.184992030235211047e+01
2.069204985150525644e+00 1.105942303454176034e+01
2.140628755202378830e+00 1.099046212215276874e+01
7.236243371129439383e-01 1.082712554782848891e+01
2.398347092142688375e+00 1.206874181545646607e+01
2.369281216630092946e+00 1.186704586841897502e+01
2.272629354484653863e+00 1.180346220118327061e+01
1.992590624442367897e+00 1.175393009276921319e+01
1.395740629757188378e+00 1.187199533680751706e+01
1.124378849107498857e+00 1.090900009101194712e+01
2.248182954815999945e+00 1.107740411064309249e+01
2.171331264787236037e+00 1.093339745354596992e+01
2.032515445449149638e+00 1.188936574110606870e+01
2.172195188727587212e+00 1.226867498639353293e+01
2.254967913688331382e+00 1.146521907706724264e+01
1.002246168154636630e+00 1.025403555193295624e+01
2.261739279864579455e+00 1.159233096068508218e+01
1.586392340307859916e+00 1.203162528710679702e+01
2.187037473820122813e+00 1.174885606663898585e+01
1.905006927520154658e+00 1.198449216498143954e+01
2.006198889616918724e+00 1.162105115096339070e+01
2.476767367118884788e+00 1.205151955036021150e+01
2.318513746250438157e+00 1.143915662158887869e+01
2.333174846585604367e+00 1.115560859307231922e+01
1.923279283634774295e+00 1.186429269796630592e+01
1.911704560876529291e+00 1.142544319242281325e+01
2.606034255617423856e+00 1.242930538446651489e+01
2.049707171282964424e+00 1.226157634127233642e+01
2.209099996463770310e+00 1.175514887907547923e+01
1.430412641859040823e+00 1.145690774626518582e+01
1.790994907175358142e+00 1.191510981218962684e+01
2.173313885751201546e+00 1.198165939504778521e+01
8.025862845620946873e-01 1.163978659396993542e+01
2.271015895988893529e+00 1.209218190761582079e+01
2.324658280527141851e+00 1.140999278421527485e+01
1.792156355060149808e+00 1.241492297661962496e+01
2.133440409128240844e+00 1.146151771387606821e+01
2.045512291871116162e+00 1.175667667457446264e+01
2.253520044142322654e+00 1.170902782941549525e+01
2.578723284034765584e+00 1.269601310299277053e+01
2.515071265424511537e+00 1.202101911998909145e+01
2.054664991597917378e+00 1.138911294926188411e+01
2.428013531091705701e+00 1.248362197731373868e+01
2.601038178429902370e+00 1.215313142154824710e+01
2.069838878440617869e+00 1.160494884534540816e+01
1.966782533477359207e+00 1.203154852484483328e+01
2.117436721562745205e+00 1.254444735880866801e+01
2.206346474688495984e+00 1.225622509312219499e+01
2.169489383257063420e+00 1.161474570014408947e+01
1.842395884925456695e+00 1.136246926572379579e+01
2.484727017829598594e+00 1.238674274380236895e+01
2.044381600546887778e+00 1.128364297440866260e+01
1.905881911090207881e+00 1.221000357250354007e+01
2.379882402990580292e+00 1.164027663739291896e+01
2.273104636552458757e+00 1.199597579125414981e+01
2.186460244381292384e+00 1.184168453445819402e+01
2.524569349812701979e+00 1.211612186374257050e+01
2.109097341209087872e+00 1.105801196639791861e+01
2.447301222963101264e+00 1.173327874726562037e+01
8.051734299397488304e-01 1.004041734059362945e+01
2.232624954030050013e+00 1.193696299062944455e+01
2.160617163190931667e+00 1.175620125417401596e+01
2.317653775767105184e+00 1.234021867944462159e+01
2.354479211938227401e+00 1.188779937387632479e+01
2.164538827990917014e+00 1.243695806791376590e+01
2.603060347053698820e+00 1.216442011472782347e+01
8.716948405838043090e-01 1.138923976600717047e+01
1.996490253259215253e+00 1.154027155462649645e+01
2.233634956612501554e+00 1.163986946605544226e+01
2.248290601312236348e+00 1.262774899624600344e+01
2.113455991004872914e+00 1.143419102366470064e+01
2.367975829401552268e+00 1.149412530225461282e+01
2.332681020646355297e+00 1.107761057049577857e+01
2.260755615841090194e+00 1.174898371119029328e+01
2.367328098580535833e+00 1.251020868034678202e+01
2.690223513701906377e+00 1.305050315889954504e+01
2.389408753485792403e+00 1.163922288673228067e+01
2.134407848836504140e+00 1.199916884823858965e+01
1.718747404852570160e+00 1.209613545247629673e+01
2.153257388985073906e+00 1.109329272888421691e+01
1.106289585651085483e+00 1.114761975882307432e+01
1.736899935108911164e+00 1.172661048890335955e+01
2.258610507504869247e+00 1.248113836779923957e+01
1.338978972210384422e+00 1.172553308490370938e+01
2.208005938268292834e+00 1.213631485183479342e+01
2.484404828420316402e+00 1.233354638437555373e+01
2.025783618898655103e+00 1.234967043135127795e+01
2.063037909617728705e+00 1.207315287931249692e+01
2.082354698449977892e+00 1.168088519249590185e+01
1.946164299689291832e+00 1.238570610494181601e+01
2.371374101067580398e+00 1.269654909307449309e+01
1.707624444998205204e+00 1.183691436539772646e+01
2.240571417091881568e+00 1.179352381688609874e+01
2.157243476390439785e+00 1.190433205269210326e+01
2.240061314843974305e+00 1.181454662246885690e+01
2.118284104578751936e+00 1.138707401803236507e+01
2.165002501567007798e+00 1.192267120667638025e+01
1.298687419017631406e+00 1.190298384301600443e+01
2.028243260367728507e+00 1.244289717301783149e+01
8.509810611508131784e-01 1.045250625754698426e+01
2.308105954321088227e+00 1.220480104250089326e+01
2.373831622316306955e+00 1.200646825158982978e+01
2.162733222024290747e+00 1.094019515272647425e+01
2.186810654241426732e+00 1.177250093094234629e+01
1.928858489299435153e+00 1.225180535346207122e+01
2.166957478081651622e+00 1.131255154802173379e+01
1.291959672910772072e+00 1.132907878841687754e+01
2.216373923440349891e+00 1.155318402454544291e+01
2.141925439645950835e+00 1.271455878986719945e+01
1.845715139698037577e+00 1.235872588123267768e+01
2.140901613448901841e+00 1.164094965806689785e+01
1.429883323858365918e+00 1.166554412056964551e+01
2.105198573742756540e+00 1.173592485233061211e+01
2.447947453344213375e+00 1.221358429456147832e+01
2.227209457820011451e+00 1.179594620296917640e+01
2.200855614781248359e+00 1.306612176531523950e+01
2.536855570612885469e+00 1.267843448954095642e+01
1.984169878476419235e+00 1.188589057419581785e+01
2.011241648782021052e+00 1.162853453202438381e+01
2.098913370636775078e+00 1.159778702635448688e+01
2.097408095535405970e+00 1.145835174504052922e+01
1.347599952220519537e+00 1.113295472689146592e+01
2.021817266208747910e+00 1.204200383120839923e+01
2.193676522702797893e+00 1.172076415366758795e+01
1.821461144683019562e+00 1.205455857039384782e+01
2.203053662553704939e+00 1.188206457472264788e+01
2.206808581717964568e+00 1.137987488076712950e+01
2.478081891729243313e+00 1.236021634886797216e+01
1.703003011281264856e+00 1.133224041049046171e+01
1.778570667653785131e+00 1.188256535978547035e+01
1.001322767689579507e+00 1.116797590470495649e+01
2.190512343316210142e+00 1.193358004271187411e+01
2.013418806165419017e+00 1.131652858210899559e+01
2.411287289599150618e+00 1.179662332193923646e+01
2.426368996257312727e+00 1.240563107350341099e+01
1.751326391278245520e+00 1.225073379147858610e+01
2.201435065554287362e+00 1.209218213993341706e+01
2.281463331256298854e+00 1.255320335897900108e+01
5.314758443996809856e-01 9.425844612716121063e+00
1.291977259930401578e+00 1.221563996037991728e+01
2.505022212415304761e+00 1.207034709825260599e+01
2.151692918862920578e+00 1.180491662986751855e+01
1.938934858628938995e+00 1.176430268175987237e+01
1.800573951610411116e+00 1.209866180897538079e+01
2.103716337624270682e+00 1.151572116825028935e+01
2.037719889915748261e+00 1.180815894074047456e+01
2.350273130607483107e+00 1.203335041411384942e+01
2.234316836134973894e+00 1.198033529366253624e+01
1.196319049797502476e+00 1.196174055292402194e+01
2.338527526353104236e+00 1.134709688098465108e+01
2.195983584337674710e+00 1.102244448997747561e+01
2.293600822411082429e+00 1.180368616243973179e+01
2.635569759767763642e+00 1.278604740464727563e+01
2.155957689086216877e+00 1.195166484645636373e+01
2.214561603409630930e+00 1.131062364550269628e+01
1.977676208591462759e+00 1.175546214886900920e+01
2.283156291790551240e+00 1.216836011245439764e+01
9.408069865772181739e-01 1.174230705228334593e+01
2.220490413542588470e+00 1.095623951291319997e+01
2.138508959048257108e+00 1.152902288914876117e+01
2.144171033638349488e+00 1.134075840714184480e+01
1.964770785957833166e+00 1.191280875592853938e+01
2.132308627630863818e+00 1.154911667007667653e+01
2.194884072890890714e+00 1.098506864328374455e+01
2.302850584011114865e+00 1.149704828444899007e+01
2.052829926968950947e+00 1.097919162929364667e+01
2.233334256230073755e+00 1.147953064514984334e+01
2.312689115115910798e+00 1.098783826497580662e+01
2.124734920400463967e+00 1.199981053062544412e+01
2.270282151449135810e+00 1.182022041982164318e+01
2.492890826619004851e+00 1.207158778398791732e+01
1.281282402738516346e+00 1.148565097592447160e+01
2.064583100958089279e+00 1.211828530566811324e+01
2.509421731344681383e+00 1.271904336900297849e+01
1.768902510101957759e+00 1.175197647502817233e+01
2.179274313615308767e+00 1.219842181714183482e+01
2.068558487184113392e+00 1.132265266180631258e+01
2.175977774463396130e+00 1.111166963876494940e+01
4.232862298814664692e-01 9.949133018469265011e+00
2.095606716030728567e+00 1.153350149527699031e+01
1.834851814353588129e+00 1.189961661073169630e+01
1.860667056469603065e+00 1.216204266773378784e+01
2.432904372938601067e+00 1.184784289981310046e+01
1.788475887843006040e+00 1.154633450140874196e+01
2.258036416849727779e+00 1.198828084474607358e+01
2.480007477799200721e+00 1.223117483036264730e+01
2.182906045845103282e+00 1.247731233807769335e+01
2.057235040508993418e+00 1.249745060535080299e+01
2.081032901144959535e+00 1.171985555979099303e+01
2.540175575881659764e+00 1.203853154444015772e+01
2.531657366969620515e+00 1.248400156641705649e+01
1.854873049533954488e+00 1.218498192534114644e+01
1.187518782313323085e+00 1.109713117437804186e+01
2.089615460085139542e+00 1.187127326913821079e+01
2.084024404534470243e+00 1.195941749045462643e+01
1.947619128662761767e+00 1.194135308847360299e+01
1.917602223823616114e+00 1.178733230368454699e+01
2.012569090110363224e+00 1.227116584974692159e+01
1.868916987888396442e+00 1.244095957259651541e+01
2.186810559728021630e+00 1.158222473926296914e+01
1.871577405453981324e+00 1.239941788809027834e+01
2.171036516135765648e+00 1.213090567550169752e+01
1.537579358051190725e+00 1.142273361955191469e+01
1.302115653919181826e+00 1.186852889536533340e+01
1.825004861046849447e+00 1.170115202187068704e+01
1.879297882648234719e+00 1.189323310176825466e+01
2.135738361306508626e+00 1.166792241488995074e+01
1.965906734616057694e+00 1.199483832974745212e+01
2.325150603743899147e+00 1.160702237135416581e+01
2.400239442078485830e+00 1.232450913605817178e+01
2.183165127991935073e+00 1.100359478338608454e+01
2.124850941650278546e+00 1.165809336542795194e+01
2.174692441764694895e+00 1.141051652896764423e+01
2.389912915531609006e+00 1.204802101881573506e+01
2.204007131009199316e+00 1.127477989855037954e+01
2.143851634031251674e+00 1.203483961905316235e+01
2.001000899492115348e+00 1.112672057225251798e+01
4.661030377007771563e-01 9.972327916849787144e+00
1.324286761876563023e+00 1.129428006012174102e+01
2.448858967018586963e+00 1.161076689270160678e+01
2.551122665648662302e+00 1.283546701140639357e+01
2.225614719376604267e+00 1.138758422804531811e+01
1.934872733286610469e+00 1.235132234076939284e+01
2.308344016070676741e+00 1.195980453856046566e+01
8.595234684959399685e-01 1.164284164238449826e+01
2.181529960016198810e+00 1.187701197312962442e+01
1.425060880145413877e+00 1.157427404316914910e+01
2.228375561064545263e+00 1.190433884422858490e+01
2.196965637361189216e+00 1.178473279874201829e+01
2.037141376962597672e+00 1.142097326009994163e+01
2.520859552470550824e+00 1.226351643855302775e+01
1.775294821556189451e+00 1.174385833570587145e+01
2.033306743542473871e+00 1.160538588973531304e+01
2.119419158597923403e+00 1.185932115927724873e+01
2.233340535605826460e+00 1.112709900599561408e+01
8.021568379856454101e-01 1.147919960475318391e+01
2.365637250339110764e+00 1.246762432291254896e+01
2.249483974721493418e+00 1.177595736784569702e+01
2.334582721700359187e+00 1.146965038083047617e+01
2.065649418141644045e+00 1.215382899080133505e+01
1.980264532180681547e+00 1.130151756493282100e+01
2.086227943526804740e+00 1.128730651091400539e+01
2.202680781925560272e+00 1.218883497063545818e+01
2.402022081302250367e+00 1.255502526739917002e+01
2.278936068593427677e+00 1.242136168226682358e+01
2.095982528584925841e+00 1.161736998439677926e+01
2.116340124226665953e+00 1.197163889128513858e+01
2.356669429347909350e+00 1.124901313458576801e+01
1.534556101912986525e+00 1.130222335098332209e+01
2.180713243958456449e+00 1.181959757899496744e+01
1.140178718311921635e+00 1.115043455154175689e+01
2.445222525654611623e+00 1.154718071238833055e+01
1.712223571801374744e+00 1.206679787916439750e+01
2.291852218958935872e+00 1.227994656417861741e+01
2.229651473572595854e+00 1.158680686811504401e+01
2.121243445772140301e+00 1.179167996934174312e+01
2.030952966880777755e+00 1.212570388780359387e+01
1.982703169519314246e+00 1.165749910603055284e+01
2.218087216116801486e+00 1.210318272072894352e+01
2.165225961991522396e+00 1.100100222244106440e+01
2.126138928351398505e+00 1.124752151345919771e+01
2.208901654406428161e+00 1.131717650845921774e+01
2.070014141146874209e+00 1.151857193336759266e+01
2.146273485987215679e+00 1.139314626722788226e+01
2.688220464726101433e+00 1.284981039255216295e+01
2.044585280343342859e+00 1.147070944246122082e+01
1.584202906566749336e+00 1.203185896837986846e+01
1.908053046638273242e+00 1.144622120822512734e+01
2.061856713112384387e+00 1.130384984995510145e+01
1.867024089653126939e+00 1.159889102347889711e+01
2.261017455518990804e+00 1.184650099906665766e+01
2.561504285297689698e+00 1.230636621718327461e+01
1.572416813532124369e+00 1.154839560848452074e+01
2.354149617588386256e+00 1.228433648161506575e+01
1.777025915580710658e+00 1.183260753820651523e+01
2.087573800192266571e+00 1.142615189852051749e+01
2.051364294167982383e+00 1.231474472876896797e+01
2.151520441342435586e+00 1.097083661557562451e+01
1.507902573494327436e+00 1.129901045946174776e+01
1.585762299164798383e+00 1.158863503236318238e+01
2.607456551619884433e+00 1.249502576499770612e+01
9.981542839724949490e-01 1.147548250113393564e+01
2.288064700737223234e+00 1.209632605062490818e+01
2.281174714493040767e+00 1.182635259939837269e+01
2.383505191961115433e+00 1.213190590015669379e+01
2.507912541753295255e+00 1.211781325214377070e+01
2.323033557374335700e+00 1.198488338522591690e+01
2.221498235741889982e+00 1.127822622455127011e+01
2.051174579277805332e+00 1.233460789471691754e+01
2.222798485255982559e+00 1.132572158646079785e+01
1.619951156032168882e+00 1.191342121842543200e+01
2.147913829900331084e+00 1.155992230637705376e+01
2.131136134046854202e+00 1.157789045125239547e+01
2.074323773651179703e+00 1.120347571428968791e+01
2.452129853842432539e+00 1.232626296896145845e+01
2.011525751589021027e+00 1.177546429333220246e+01
2.200432787858032313e+00 1.171670910707685564e+01
2.351800411010934511e+00 1.178133933219795360e+01
2.254618202503116731e+00 1.115055839692805151e+01
2.203095353213049723e+00 1.113902840174696607e+01
2.274004569420255528e+00 1.209419079968397526e+01
2.241547426981634228e+00 1.120341483103505809e+01
2.235753253250579942e+00 1.144982280192085611e+01
2.056906918501766768e+00 1.126169514504977975e+01
2.122861865374069623e+00 1.151868679188013367e+01
1.986376324839986829e+00 1.171446375733828127e+01
2.104113403225837509e+00 1.108696101067517681e+01
2.188537073480490314e+00 1.117589318225999051e+01
4.609132629538360004e-01 9.876048729200679333e+00
2.256781737509901742e+00 1.179997863035121419e+01
2.364056905455864666e+00 1.161737790041474128e+01
2.218577085992213149e+00 1.179358453359330561e+01
1.863249554607467218e+00 1.150426911759018189e+01
1.886703383043365934e+00 1.163355378409708329e+01
2.156836751301701049e+00 1.209723846321171159e+01
9.121787130098155671e-01 1.105602409150655063e+01
7.282801178801686648e-01 1.001496156452440012e+01
1.356675273808211957e+00 1.137069917715539447e+01
2.051577885396311363e+00 1.126460365055767809e+01
1.401096429652270992e+00 1.176642629015095309e+01
1.794907171847191618e+00 1.178078869892740776e+01
2.301278044684083923e+00 1.160088463026043648e+01
2.448738208558735696e+00 1.164478404593793393e+01
9.002630684449541842e-01 1.026609560865349202e+01
2.201764658532273877e+00 1.195362962830327369e+01
2.346701786300526837e+00 1.152124303719036824e+01
2.200348616620479980e+00 1.188599420279271968e+01
2.535122438302144232e+00 1.262370481844815018e+01
2.424567126403961659e+00 1.274098119782185812e+01
2.212492583813819635e+00 1.219338313096759130e+01
2.275889238932711223e+00 1.185143845123145923e+01
2.198715488619363612e+00 1.220032903357567555e+01
1.951515737679176077e+00 1.193890933803302445e+01
1.395690641632101103e+00 1.157963826420485809e+01
2.221033924435660278e+00 1.109463631537572859e+01
2.079836449761959027e+00 1.189248800339612622e+01
2.352263976514044064e+00 1.179809865319460371e+01
5.427579941927646034e-01 1.051771800770305632e+01
1.842150165667061801e+00 1.226035107390079126e+01
2.227334374240057979e+00 1.192012225664342751e+01
2.369560641698865933e+00 1.203698617356244682e+01
2.079571424492897780e+00 1.126521876153199031e+01
1.106260798893302644e+00 1.155877921174379530e+01
2.456507939078184322e+00 1.183636744070830282e+01
1.825995960331864953e+00 1.178746903200628182e+01
2.108124936803292382e+00 1.236886027975336155e+01
2.132906091078194954e+00 1.097567908722945518e+01
2.209964442963213038e+00 1.171155238021776590e+01
2.229683100664380468e+00 1.190107833487266831e+01
1.831405325109148441e+00 1.235150285492956357e+01
2.483532467319000681e+00 1.208815465741808381e+01
1.403256934484939933e+00 1.193920418559523000e+01
2.008595179077121706e+00 1.158980808141795293e+01
2.077742081735798330e+00 1.117292187598957831e+01
2.447675455960588220e+00 1.194564094341367166e+01
1.822946501635520411e+00 1.207914537754031592e+01
2.052151488364380771e+00 1.192672880330664853e+01
2.037516612150238160e+00 1.186693461757221968e+01
1.345573452154394278e+00 1.155166732483949588e+01
1.777885531199667524e+00 1.141132225869104033e+01
1.765575489079599825e+00 1.186303692442853475e+01
1.615686488146319100e+00 1.139818946559303647e+01
2.411933507747281435e+00 1.284214750855193721e+01
1.437102231607503500e+00 1.110066415635519732e+01
2.461680482761210875e+00 1.201730429046269322e+01
1.469918569293551691e+00 1.179508807356678268e+01
2.195798065681911826e+00 1.175140799380440271e+01
2.351800161987788407e+00 1.162611825662279941e+01
2.194585554908665692e+00 1.178126967721094864e+01
2.013772709656171944e+00 1.235681808360083522e+01
2.224457461601867081e+00 1.134989733763859299e+01
2.202388581001140100e+00 1.102441001813365595e+01
2.550746742845760195e+00 1.231207952837928232e+01
2.300858236287231406e+00 1.217848264610226749e+01
1.826351208821485272e+00 1.216523905799481042e+01
2.235359339762953201e+00 1.182091939320477358e+01
1.184758179852375415e+00 1.089117741128395522e+01
2.073665034757412595e+00 1.167967667840698986e+01
2.105003588203619991e+00 1.132151551328889560e+01
1.344719531999694517e+00 1.098023994860526109e+01
1.837138794998021796e+00 1.211954241303214985e+01
2.323078982703363771e+00 1.135576561574372967e+01
2.234820834761897412e+00 1.214689830133042747e+01
2.225497724040196523e+00 1.164609164087550397e+01
1.737711005094563665e+00 1.190274780642788421e+01
2.214668563192115691e+00 1.147153264660141048e+01
2.543839877799717097e+00 1.216991384223459249e+01
1.999282944408055762e+00 1.132181754722011746e+01
1.879429796831619370e+00 1.187957094082007892e+01
2.061085302883185921e+00 1.155133702271605145e+01
9.997315177641129536e-01 1.063515807970523319e+01
2.206502862858035208e+00 1.246357027251863769e+01
1.824920945573014874e+00 1.204961632424059559e+01
2.070585498829652593e+00 1.098846079361773853e+01
2.206000756853113476e+00 1.198703737918025780e+01
2.346077701903050983e+00 1.249166647297816901e+01
1.503556077534878632e+00 1.178011369760664451e+01
2.165521653957294568e+00 1.228294237786115062e+01
2.211295431399166400e+00 1.154483067734539503e+01
2.281619709846196553e+00 1.169398468972278771e+01
1.092218201060564109e+00 1.146673592795818841e+01
2.341885727268234074e+00 1.156781183723862050e+01
1.832647458619176550e+00 1.205208079116210307e+01
1.744550714241873912e+00 1.223356775975151756e+01
2.270358136404627025e+00 1.243911296173453529e+01
2.383993207086951838e+00 1.205240188269896606e+01
2.226722934995188918e+00 1.086101390825889723e+01
1.417456367800100869e+00 1.176788312864157326e+01
1.742483786581530580e+00 1.191792564498821250e+01
2.095712605827818820e+00 1.142872719316794772e+01
1.940872970651368767e+00 1.178197953008977983e+01
2.125373164694043471e+00 1.144205611898366115e+01
2.048054433757731996e+00 1.156831851412555956e+01
2.403849299824332153e+00 1.232192117364249029e+01
9.873967420458854560e-01 1.041060051031990952e+01
2.043211152167511369e+00 1.246776927832874549e+01
1.260251476925813741e+00 1.143344903488902808e+01
4.464521221410674423e-01 1.054128724013557949e+01
2.233513756960617158e+00 1.134742282644332434e+01
2.188713861092038027e+00 1.125746317830192389e+01
1.793568464874834900e+00 1.178380833837626795e+01
2.098801400407698914e+00 1.235307362260102693e+01
1.567715435048366857e+00 1.150398499292791321e+01
2.276550568271652253e+00 1.261836649280479961e+01
2.629571683635011592e+00 1.227715620581937017e+01
1.922039288112828981e+00 1.248357309617380650e+01
2.433182906201633244e+00 1.178709637109546904e+01
1.845174000563678529e+00 1.180089066397483144e+01
1.801274816550180180e+00 1.221814683078125974e+01
2.092510293127429311e+00 1.104733010559300865e+01
2.066104435979869258e+00 1.170963652190957482e+01
2.300772134902143051e+00 1.126278594256980270e+01
2.064806021287376669e+00 1.228120457859243331e+01
2.107700825974493597e+00 1.084348408532193098e+01
2.416605305509366808e+00 1.288440288686574675e+01
1.895904925560919274e+00 1.199133534543466340e+01
1.994670890961691478e+00 1.188376032542155336e+01
2.049187956728506510e+00 1.247320184176477120e+01
1.331081472916362696e+00 1.163266372380164881e+01
2.004363764404916814e+00 1.175770202723368030e+01
2.124856803931604254e+00 1.187085321663409054e+01
2.104880607242361368e+00 1.226537225309230550e+01
1.999954214048525802e+00 1.230236140888531970e+01
1.938900278334657390e+00 1.216317706812059285e+01
2.328814799131982749e+00 1.239403747065298766e+01
2.300903738956589173e+00 1.177458797893009823e+01
2.165266927445717915e+00 1.183162651375582719e+01
2.184061251286989691e+00 1.135598358432018173e+01
2.417575622189872320e+00 1.203786666011280460e+01
2.012448464389599678e+00 1.237846081217560723e+01
1.897162123601507933e+00 1.145743406693698141e+01
1.882234480220344119e+00 1.218432907339067484e+01
1.498071392072871433e+00 1.178011078156654889e+01
2.530554876575031198e+00 1.201772806964213025e+01
2.067330317980610399e+00 1.123640876897159657e+01
1.674594154824408765e+00 1.171430296804644478e+01
2.631612118834916192e+00 1.230820052091871908e+01
2.046695369319420532e+00 1.158131332441160488e+01
2.203892866376662596e+00 1.188114268033105425e+01
2.215564299518259173e+00 1.172732159681223152e+01
2.082257471496800960e+00 1.223194455493953292e+01
2.154709396715604797e+00 1.128020641131953106e+01
2.097997854009334695e+00 1.233840526748826960e+01
2.050964444369842710e+00 1.155188871577309406e+01
2.120119160082189147e+00 1.182634820709251500e+01
1.251258438399222461e+00 1.146858043624319556e+01
2.281303935830429896e+00 1.112324178396870877e+01
2.076564098938674441e+00 1.206508227799779576e+01
1.416244743205654411e+00 1.180799880710142702e+01
2.013942570107082553e+00 1.196469286214766115e+01
2.435618704187750616e+00 1.245934855456444268e+01
1.940685352740842085e+00 1.141999773572652366e+01
2.038165659515072115e+00 1.141623675100107604e+01
2.189901589664328352e+00 1.201352810439666463e+01
2.278666418578294550e+00 1.200724573779107729e+01
1.798946356651933698e+00 1.200935559548848985e+01
1.626563895174626628e+00 1.177717138845112466e+01
2.256219043822878412e+00 1.187132716140355271e+01
2.189600609590984348e+00 1.175207578823571808e+01
2.238522103239778183e+00 1.244821813176313441e+01
1.643861918017740509e+00 1.168670766953329831e+01
7.114361667012006896e-01 1.060544163354941816e+01
2.354167954646654959e+00 1.179853488467928635e+01
2.504444470859486405e+00 1.220084926831704131e+01
2.097154097309501530e+00 1.199890460545877779e+01
1.930258201458009637e+00 1.169475686836190675e+01
2.661506331189576358e+00 1.283790757921359749e+01
2.087796088655185400e+00 1.218380261335444459e+01
1.983913152705260474e+00 1.152121722782582580e+01
1.897075190393612498e+00 1.205963883564370853e+01
1.827121299895784867e+00 1.213088592072356242e+01
2.076033905635195964e+00 1.136464590614435899e+01
1.711889115728563393e+00 1.133514143597628987e+01
2.570656780592423640e+00 1.260590171006584015e+01
5.944485236974232922e-01 1.036236597903406498e+01
2.260872635333214475e+00 1.156265722234584103e+01
2.290239889822963892e+00 1.231324300506970104e+01
2.432432398367214699e+00 1.198119363443210084e+01
2.310477435521281819e+00 1.153474082198606077e+01
1.839325676865275261e+00 1.194258959535724252e+01
2.155064835774881615e+00 1.116535778734014528e+01
1.061570364467498084e+00 1.084002534198643808e+01
2.611984206319141855e+00 1.253432399372753459e+01
1.651912117578503869e+00 1.200556508227416863e+01
6.771058933027161997e-01 1.065025931838925999e+01
2.444585843306585904e+00 1.191241809111785876e+01
2.114914053678318417e+00 1.138572398075352865e+01
2.268806490622349514e+00 1.130977944320181550e+01
1.975887530542122184e+00 1.180257720599519011e+01
1.972170591568347842e+00 1.194737988095119618e+01
2.163398430544564821e+00 1.115258631229603736e+01
2.324905282189681177e+00 1.231913910760002828e+01
2.184130226169243905e+00 1.162765739653491615e+01
2.164076812171039865e+00 1.198226782660247913e+01
1.888534125549610865e+00 1.233274283809825356e+01
1.478743155422210354e+00 1.138936702880668506e+01
2.375868350961279241e+00 1.182045080456101083e+01
1.920820395980910034e+00 1.247146543277111874e+01
1.778957391110011610e+00 1.136897064139155411e+01
2.266367363369342414e+00 1.194615995341024650e+01
2.028070625691092754e+00 1.168881636425595971e+01
9.170007738289747135e-01 1.043463455120577166e+01
2.303423947207806410e+00 1.118761070039774275e+01
2.241336430949151914e+00 1.188156762496485186e+01
1.939576841554690567e+00 1.197157840047829502e+01
2.076464918270733762e+00 1.117926313552196405e+01
1.611910943992797662e+00 1.191194267269235141e+01
2.259753554868773939e+00 1.210770567708311773e+01
2.201144724045186241e+00 1.274815715490287182e+01
2.163789332655672304e+00 1.170879632896873446e+01
2.336039985718826983e+00 1.259356255162786908e+01
2.497057093756433144e+00 1.243215921283110958e+01
1.531504690172449168e+00 1.198725204030261793e+01
2.015430800812413992e+00 1.242408655809714624e+01
2.200096244304477811e+00 1.158419643949894784e+01
2.535474929682562717e+00 1.194605717768565967e+01
2.133960887553390418e+00 1.171804095885151220e+01
2.349022987952298358e+00 1.285431720695903479e+01
2.124268615756164991e+00 1.149621679781071926e+01
1.005986643537364333e+00 1.116342650954071836e+01
1.749670704365373863e+00 1.151373797695387147e+01
2.554207368065405603e+00 1.202564829940612157e+01
2.216257046333522496e+00 1.238016575145301168e+01
2.339817553017861318e+00 1.215498243041658455e+01
1.256661355448448925e+00 1.134162498092110738e+01
2.003121464523188955e+00 1.246827460306767676e+01
2.079624207954093862e+00 1.138318482676280219e+01
2.085531744675260590e+00 1.230305658355341514e+01
8.328329489265837715e-01 1.048011576199937878e+01
2.129243301431956947e+00 1.228690503132537692e+01
1.098786060166547340e+00 1.157849372819456057e+01
2.381203801489434113e+00 1.212122125803001005e+01
2.227102881945553836e+00 1.221328784197146256e+01
2.061350994063560371e+00 1.101080794068982271e+01
2.411037177732012982e+00 1.152631286966023261e+01
2.359815870184272857e+00 1.187343362397832713e+01
2.203150545322098974e+00 1.226173795208353035e+01
2.451289441999168428e+00 1.249236755453186376e+01
2.221946347123838095e+00 1.182042460730783695e+01
1.634130342100522659e+00 1.133276982182588455e+01
2.431839671254853119e+00 1.196498723837858513e+01
2.427717582417852071e+00 1.275709082576889841e+01
2.382120215788837037e+00 1.291495076318114243e+01
2.337623121941592608e+00 1.177387870645228496e+01
2.341693661681486294e+00 1.206951320363795688e+01
2.104887852855332753e+00 1.160154456206120699e+01
2.142105890398273260e+00 1.131287353051528832e+01
2.480488199528208870e+00 1.173851363385497670e+01
1.940258685418355000e+00 1.161288189929338444e+01
2.021771480956013445e+00 1.176802304481809180e+01
1.983508799144809265e+00 1.153457241383194898e+01
2.075016266771433138e+00 1.168050836347543786e+01
2.087090153282598060e+00 1.212732343429180482e+01
2.104822821480631045e+00 1.182723995542825257e+01
2.137976107623033695e+00 1.149106337219328111e+01
2.101802199861848131e+00 1.175755914056188978e+01
1.937625369144985621e+00 1.140868333938874812e+01
2.276892481470327745e+00 1.125384387422191601e+01
2.359020580851674875e+00 1.235612785582353901e+01
2.001968729694188820e+00 1.167367277867254494e+01
2.333444823175445215e+00 1.142286620684799203e+01
1.157980871416354418e+00 1.123560253566793143e+01
1.929970263907089256e+00 1.187248237760158709e+01
1.165203388841932197e+00 1.065536474632410524e+01
2.246012965137166972e+00 1.228434750320604785e+01
2.313774647893630299e+00 1.260826975901789204e+01
2.160075246861717257e+00 1.203638577956427191e+01
2.671788473038978928e+00 1.251492565731899553e+01
2.282554365686166875e+00 1.192253456858451877e+01
1.973746064359072738e+00 1.144252610319367669e+01
5.272140086606648124e-01 9.813594671768342437e+00
2.175934431245541312e+00 1.156092541172209032e+01
9.645097483391144033e-01 1.042697212649584593e+01
2.143189452219443236e+00 1.134244777236655999e+01
2.311750963666112657e+00 1.237450136332985551e+01
2.050894727078699908e+00 1.144412546952772125e+01
2.017167883914622539e+00 1.162211537549785056e+01
7.799182223240462841e-01 1.051604475391431670e+01
1.955787048731447708e+00 1.235864512179709429e+01
8.289000070628608219e-01 1.159143468664878540e+01
2.262274896068589225e+00 1.164542018081421659e+01
2.434682501356156159e+00 1.207469785619486302e+01
2.426001740701491105e+00 1.195196060278537864e+01
2.249668137068321805e+00 1.139872082175530110e+01
2.127150989275422344e+00 1.084968253698755092e+01
1.555217373124122560e+00 1.142763070353542076e+01
2.245787559844514725e+00 1.197324848994244562e+01
1.640982498719896210e+00 1.180751443464315642e+01
2.291264677903384062e+00 1.137738019179912285e+01
1.447022388011188987e+00 1.156568302921217217e+01
2.133571300270133975e+00 1.144171533100855775e+01
2.361409798535579974e+00 1.218386794665189221e+01
1.251895673587873015e+00 1.175001597385931973e+01
2.164993416176474561e+00 1.191734077506924194e+01
2.288375652805786142e+00 1.197018284551525724e+01
2.003251427249595373e+00 1.140978659094109204e+01
1.606459876964416056e+00 1.164775368710351700e+01
1.988611037147013816e+00 1.231346711281046957e+01
2.301995064360117027e+00 1.209644475520083873e+01
9.966840187579401045e-01 1.206348846076221193e+01
2.121165046629603257e+00 1.258389559646423450e+01
2.244821075485545769e+00 1.095708417859299821e+01
1.929406949244487857e+00 1.152414914168142523e+01
2.075706509698595603e+00 1.174084934750075249e+01
2.285348923815686550e+00 1.130317177145569119e+01
2.355797270207177441e+00 1.110264398373652561e+01
1.921350060879616350e+00 1.127450655137752022e+01
2.196433091732104881e+00 1.175621845204149096e+01
2.366875517334586565e+00 1.184633518928546181e+01
2.162269653895784849e+00 1.192840261106941213e+01
2.011133601303564777e+00 1.181995131576231195e+01
2.110421386314711434e+00 1.159833404519084610e+01
2.399955151681269161e+00 1.145815759538337630e+01
2.414875176690204128e+00 1.151761136818573128e+01
1.916185516765664065e+00 1.242404215883266616e+01
2.102285125522791009e+00 1.088629345665219539e+01
2.385323114289941149e+00 1.219207737634912370e+01
1.688358545781919906e+00 1.146996925732934436e+01
2.290146153462115919e+00 1.150360959177818465e+01
1.872436548003959533e+00 1.122478015178268329e+01
2.061537737311330609e+00 1.163519657261710094e+01
2.361994347081113776e+00 1.229602013192374699e+01
1.520892018621442299e+00 1.199390045563618834e+01
2.067120818446083419e+00 1.157325871402580830e+01
2.259212275363503775e+00 1.228612768106892084e+01
1.751271339197889576e+00 1.177238351171500952e+01
2.110817797632078996e+00 1.183484873908698809e+01
2.512110051178964465e+00 1.231473281250579710e+01
2.386427535512992915e+00 1.195140059629610008e+01
1.962390557543123082e+00 1.178755798339136796e+01
2.285264968509999495e+00 1.121359285361505265e+01
2.238052672290845369e+00 1.136093130042770483e+01
2.180662137749142637e+00 1.211413149380736343e+01
2.238240392775205034e+00 1.088716933606531256e+01
2.145084296471254426e+00 1.112566718437803281e+01
1.315446529682670729e+00 1.178068727287357653e+01
6.973905150395229846e-01 1.084702526082388196e+01
2.311257818378682938e+00 1.124331252901242628e+01
2.535114466781648535e+00 1.225661273507143534e+01
2.240910611043957168e+00 1.144443177667573330e+01
1.988823739030692206e+00 1.184113870519057699e+01
2.100472150878739619e+00 1.157644631712905792e+01
2.048781207934735171e+00 1.113867238394345449e+01
2.104521114543116411e+00 1.140135818181613736e+01
2.411204149849416112e+00 1.152503243209180006e+01
2.330299321048684202e+00 1.218366886164526974e+01
2.200171920037455209e+00 1.172773997767052911e+01
2.322710482780183661e+00 1.157093658948742565e+01
2.217092131664660570e+00 1.185255337339512494e+01
2.136385073115402378e+00 1.100866897868198890e+01
2.118275661862043524e+00 1.180816016029623761e+01
1.827471574402259602e+00 1.140353333375159472e+01
2.224491368375665079e+00 1.148410457238837523e+01
2.180818212392130029e+00 1.116062496603354148e+01
2.206727293383914823e+00 1.175329038331754994e+01
2.168973916447642480e+00 1.155788267078873233e+01
2.117000872303379744e+00 1.161954589802053128e+01
1.598728348791046638e+00 1.139859588359206022e+01
1.149362966504974493e+00 1.102616256702839159e+01
2.204637563430258851e+00 1.118342214522313505e+01
2.368634607695276451e+00 1.207523729275725799e+01
2.288011919057415966e+00 1.212319941774899590e+01
2.420631914898516701e+00 1.211775088419183355e+01
2.333937011415521123e+00 1.254999126637127560e+01
2.502037651740571800e+00 1.235154252233927608e+01
2.642522730244068807e+00 1.258977133894270573e+01
2.559701377388774901e+00 1.230109556950256433e+01
1.241866485746151660e+00 1.210230150939717042e+01
2.417098625077461094e+00 1.208824885622833811e+01
2.467440560591823928e+00 1.259536331649549012e+01
2.325001330163448898e+00 1.163606964290453760e+01
2.139034035685731361e+00 1.220705695483969144e+01
5.745372820696837968e-01 9.830691896428126242e+00
1.650054146476706007e+00 1.183604560647633619e+01
2.401142611515064917e+00 1.205286427159812490e+01
2.189866654978078753e+00 1.137523654355938696e+01
2.076679648978772441e+00 1.136013111817904431e+01
2.497852818628791383e+00 1.198365743799396732e+01
2.029394145624553669e+00 1.162418348823051240e+01
2.211852218506152212e+00 1.251142367479519635e+01
2.363038418423776488e+00 1.176479465428803550e+01
1.585222886625524907e+00 1.181621066082982807e+01
2.107732002808879290e+00 1.152630665430900159e+01
2.293309594909914484e+00 1.204345904990960392e+01
1.615243229638738010e+00 1.205107514336839536e+01
2.292456959848012676e+00 1.158513264598833814e+01
2.402660037617803557e+00 1.231383443075565687e+01
1.272457417978026362e+00 1.152640073934847642e+01
2.136505673052517373e+00 1.078034354791614646e+01
2.194298308035663947e+00 1.094353056247467926e+01
2.149768476310533138e+00 1.141597228155741917e+01
1.697855046102858534e+00 1.180058455613118618e+01
1.148756269381336681e+00 1.084964157675921292e+01
1.840154515967082238e+00 1.217789792788152425e+01
2.268693692171534604e+00 1.120003631453895210e+01
1.597302992028606372e+00 1.216557622475444589e+01
2.454947392907694592e+00 1.269210841669541701e+01
2.390804380874810064e+00 1.207308304574404900e+01
2.558860139914223009e+00 1.233288731352508094e+01
2.465587823117811439e+00 1.176520596258769302e+01
2.148270934554619149e+00 1.215980711835302230e+01
1.421230524377275595e+00 1.178726055174610643e+01
2.059920628543231214e+00 1.219429403135135459e+01
9.609424600160874075e-01 1.110327683864295523e+01
1.821019685292857515e+00 1.190501625151517118e+01
2.044994852671704777e+00 1.134669778958780917e+01
1.810316391145645465e+00 1.128849140071324264e+01
2.460914209248710183e+00 1.224625012074809050e+01
1.944790728504462107e+00 1.154140542255040991e+01
1.646370595925310765e+00 1.183306080616106470e+01
2.349314131107278047e+00 1.132380546870580851e+01
2.383856101011363471e+00 1.231894264630393998e+01
8.985415335704411977e-01 1.045254706947403456e+01
2.070774650152689134e+00 1.193806839984941703e+01
5.219751389216610304e-01 9.580632808492785202e+00
2.061284325671350892e+00 1.151373672253378011e+01
2.243083287268958781e+00 1.138781125264686267e+01
2.393021808717245236e+00 1.150917737253133488e+01
2.394467075490098740e+00 1.133574096048815427e+01
2.270392925597318534e+00 1.201543076696041012e+01
1.712199065453944957e+00 1.143347167334852266e+01
1.798027510586291289e+00 1.175923906536406527e+01
2.276692466350544564e+00 1.149065490382282917e+01
2.020266349837804842e+00 1.125761605890102501e+01
2.010595327306720748e+00 1.237615575025702874e+01
1.705766060161462816e+00 1.194949685853014287e+01
2.203577794821454550e+00 1.195203775298967308e+01
1.654062170024157785e+00 1.205866254494251066e+01
1.908985503543987328e+00 1.185482565330909033e+01
1.996175205192173951e+00 1.217858885302231364e+01
1.400604916623931384e+00 1.164011180007866031e+01
2.161793874512143887e+00 1.137167130583552144e+01
2.528880227511296486e+00 1.255092865457129392e+01
2.223427787036253545e+00 1.193129022840274800e+01
1.420779071068580812e+00 1.167310137065623898e+01
2.087170805195258438e+00 1.162690145225360006e+01
2.049176400062834524e+00 1.174929220534586349e+01
2.330563159275715890e+00 1.207875412594864173e+01
2.431259610220824374e+00 1.165031471882536351e+01
2.281518560163338094e+00 1.237468129756633672e+01
2.483959129485927786e+00 1.250092984905902149e+01
2.105320714998679676e+00 1.213641272386662706e+01
2.052949266817666096e+00 1.149385511311229102e+01
2.088424292425662632e+00 1.137815072510420400e+01
2.024033338552994721e+00 1.129664195093716472e+01
1.981028041870688927e+00 1.212724727530235391e+01
2.573758379284325937e+00 1.262452982231723553e+01
1.765121915933036689e+00 1.169769570801827108e+01
2.446658486527693022e+00 1.205507635115877285e+01
2.004274719382857839e+00 1.138393934960282650e+01
2.305744939821984030e+00 1.191477727856110569e+01
2.235138741613764690e+00 1.109377651798286912e+01
2.315781577320292772e+00 1.202472850516731206e+01
2.186848539341759157e+00 1.147225288087367367e+01
2.114728603392761030e+00 1.179053292398220876e+01
2.310554024066777234e+00 1.217064895275617786e+01
2.703100149598950175e+00 1.264709728811992129e+01
2.091500295532353615e+00 1.209015170797054672e+01
2.416325546602064556e+00 1.145950559705938510e+01
2.311028208062070988e+00 1.152741711802181790e+01
2.054939300139436931e+00 1.230294676117606656e+01
1.811078856915225854e+00 1.192211288041729489e+01
2.285172131068235579e+00 1.211986830739383514e+01
1.746255601303450922e+00 1.121761171146459724e+01
2.155848626836855075e+00 1.190721491265409782e+01
2.538839047289661810e+00 1.276072458735084325e+01
2.440516834330480833e+00 1.194905585919729418e+01
2.128886627081720384e+00 1.144353559394106234e+01
2.209375400122246980e+00 1.212336661571101537e+01
6.426865791385315552e-01 1.148618547891569008e+01
1.850356178323968148e+00 1.197862878694168565e+01
2.378802363715287971e+00 1.152964361055867215e+01
2.618913762194968964e+00 1.252562096670793146e+01
1.655513665523878686e+00 1.134185024840251543e+01
2.337065936819124001e+00 1.161760837848710359e+01
1.689895808309592296e+00 1.155937131484047242e+01
1.908435708620184856e+00 1.185061196463808209e+01
2.191446478096995776e+00 1.140263466472221765e+01
2.168485023282558100e+00 1.226752425061997975e+01
2.173881268653793164e+00 1.157714665362520989e+01
2.156780584417612001e+00 1.138176053978253321e+01
1.899311787641280169e+00 1.148977773670183566e+01
2.154321521834901887e+00 1.224246341210617040e+01
2.214339107359395431e+00 1.264741094025746015e+01
2.359072845897348447e+00 1.179568492286204417e+01
1.259022391052127876e+00 1.185355409253035042e+01
2.465908892352755899e+00 1.174785986567359686e+01
1.393454301571938725e+00 1.195406964782677406e+01
2.098291275649210696e+00 1.099888446969272593e+01
1.398064649526270520e+00 1.172151814610976217e+01
2.006027525462295458e+00 1.200063653290270871e+01
4.031669086776741850e-01 9.101190636842691362e+00
2.374490978946919295e+00 1.209162040843505004e+01
1.902215358913328824e+00 1.172805194580452337e+01
2.853869778100476817e-01 1.009106432217887139e+01
2.046366895960384458e+00 1.145934837095319025e+01
2.021885673680158479e+00 1.226059423019002459e+01
1.525769422135559994e+00 1.131113814638094084e+01
2.001112475234410937e+00 1.182897611973338492e+01
2.220212532360807511e+00 1.153590344150256897e+01
2.109277057667427346e+00 1.138260458760306904e+01
2.188550443493194386e+00 1.236371676351559579e+01
2.255981830245092912e+00 1.170992629817002673e+01
1.177558208321322297e+00 1.077564712789330592e+01
8.238553994354771426e-01 1.031421951667008052e+01
2.142626893885859030e+00 1.279581611822700360e+01
2.108547301043559141e+00 1.204376501304407654e+01
1.227189918582486161e+00 1.103887613846984728e+01
1.951751028004939714e+00 1.197452719721563241e+01
2.360663502747391895e+00 1.267701016998218755e+01
2.235943259388574411e+00 1.139880121730430318e+01
2.230753747761457628e+00 1.174129394265880499e+01
2.390836857203493704e+00 1.227339810579565516e+01
2.106577794965208028e+00 1.172145483007615141e+01
2.595734784310821386e+00 1.241494014767402554e+01
2.016408644930966609e+00 1.167693382397666646e+01
2.105518957340806629e+00 1.223112439494642878e+01
2.117172670286851854e+00 1.114867139373751037e+01
2.056665578183633603e+00 1.119056578125843338e+01
2.327539085648881567e+00 1.194320650977330267e+01
2.158253671975252086e+00 1.197892986915293889e+01
2.169955042090032205e+00 1.176972854795350187e+01
2.392561833348461064e+00 1.155240887002507755e+01
1.905279886545266477e+00 1.236341352308075869e+01
2.237653600676835275e+00 1.188984060746358296e+01
1.606241126536482433e+00 1.133602293072363842e+01
1.367090968959925767e+00 1.176928206658680054e+01
2.334238315995083468e+00 1.124586462100923612e+01
1.296031586036392014e+00 1.174416060991463517e+01
2.542859518097479121e+00 1.269828309593969706e+01
1.929407781930695398e+00 1.131683463439783388e+01
2.048043284879750736e+00 1.244881729722080799e+01
2.083156328485917808e+00 1.157182244217138312e+01
2.040614725343708802e+00 1.187375649591886351e+01
5.710741851416395454e-01 1.151124843779497375e+01
2.217667228168962446e+00 1.226423585095406210e+01
1.947410659029762181e+00 1.235011223172314665e+01
2.098667789335090017e+00 1.205247910509622500e+01
5.442422445687183918e-01 1.106367454695115171e+01
2.334915724868598552e+00 1.207992084978175562e+01
2.604574179698218916e+00 1.237508315739344766e+01
1.592670615486378782e+00 1.175980843910118168e+01
2.406812268236893981e+00 1.229752141931768072e+01
2.196325855513268088e+00 1.191836424003373551e+01
2.129132331110813237e+00 1.191756594254463941e+01
2.144052293188749125e+00 1.217476639440914887e+01
2.151099243423826746e+00 1.189720127148740936e+01
2.094294075785507747e+00 1.173859146166368816e+01
1.920480426533009100e+00 1.170649407657164609e+01
2.239225207288205954e+00 1.227310264474059309e+01
1.840344878438444409e+00 1.193006923589530466e+01
8.384570051063209295e-01 1.137765254817153959e+01
2.128562225146303444e+00 1.113469085218672561e+01
1.975965604600895986e+00 1.183751269968034947e+01
1.959712404273256992e+00 1.172237117271982676e+01
2.185314846361329888e+00 1.262979649176404529e+01
2.246444574116734039e+00 1.221545434581258860e+01
1.766741499897105383e+00 1.162999707904325142e+01
1.859761653813136073e+00 1.138205954166248013e+01
2.622783195018862479e+00 1.253159852857217871e+01
1.822337683830997701e+00 1.226655603593127175e+01
9.055367647087687599e-01 1.025405773263972087e+01
2.205373282942685087e+00 1.173408854923946798e+01
1.396752741306399370e+00 1.168455224108981838e+01
8.296078512108642222e-01 1.128670968523517537e+01
2.244512922730141025e+00 1.206359188026007523e+01
2.388524626784948701e+00 1.281951554507181967e+01
2.055290578483037756e+00 1.245731950644984920e+01
2.481857471870335452e+00 1.195570175221948972e+01
1.991750610658840293e+00 1.213352360119636586e+01
2.321054743838566914e+00 1.162126969824719858e+01
2.102706688692999482e+00 1.156071932113986023e+01
2.089025776181887561e+00 1.129010480846527109e+01
2.141416578346876154e+00 1.193425779439292000e+01
2.063552542228455522e+00 1.143046632186693579e+01
1.380746195959889011e+00 1.174443562211471814e+01
2.197039823279204107e+00 1.136108529589147942e+01
2.148192069179392316e+00 1.174157665448722376e+01
1.989049760820373658e+00 1.232751945023195361e+01
2.245945117131804114e+00 1.182125037765174724e+01
2.510537613583328831e+00 1.236214356319541174e+01
2.505033440370479703e+00 1.233234872642434610e+01
2.124604848033369908e+00 1.082642101180572602e+01
1.556996883232630857e+00 1.107521352457737507e+01
1.733490680549681251e+00 1.194482799737586909e+01
1.716045982936824865e+00 1.212024172282060697e+01
2.132612010883411457e+00 1.154255977590233861e+01
2.057514110294328624e+00 1.274076063359950695e+01
2.225024651601538839e+00 1.169808025388139150e+01
2.119400472814241265e+00 1.202239203685326885e+01
2.321326528751988416e+00 1.200474635304044213e+01
2.304259069197300835e+00 1.160309946261648761e+01
1.559029103669114402e+00 1.158120561531337600e+01
1.801222065026837349e+00 1.186319088224426110e+01
1.520473802920961903e+00 1.157343779307231024e+01
2.281928030294914755e+00 1.183491980937516708e+01
2.174533268371947159e+00 1.132591996794037925e+01
7.903509376481727688e-01 1.114222847244135295e+01
2.271096807530916362e+00 1.185495374885307918e+01
1.333613587617183960e+00 1.135519151578315089e+01
2.281131107127007507e+00 1.165455825679876689e+01
2.351230687685547771e+00 1.215587691270541626e+01
7.745891149312149615e-01 9.910281795381504111e+00
2.424265152464301298e+00 1.280877942569101968e+01
2.535824349896014684e+00 1.185740507007892930e+01
2.084118796798160034e+00 1.149647592568192422e+01
2.191347649113306595e+00 1.210992939440351712e+01
2.145569445924336627e+00 1.272493871692756429e+01
1.787322240950081298e+00 1.183787473888109965e+01
2.315130663814399803e+00 1.118883061786191924e+01
2.108259757414415070e+00 1.172355763970833031e+01
1.612275307680544723e+00 1.158360863142555175e+01
2.194091283262392000e+00 1.080293802226975508e+01
5.068516267228253547e-01 1.073489852228594188e+01
2.417603627204826466e+00 1.201674556008150851e+01
2.327258923784900180e+00 1.227905732661246141e+01
2.094403138135194631e+00 1.120702248853994476e+01
2.155618853309688721e+00 1.177874659827750214e+01
2.299883156362938497e+00 1.185937995040278814e+01
2.151704256257992665e+00 1.151018861629134094e+01
1.449683613043934338e+00 1.180602949768088727e+01
2.289624677490537774e+00 1.202306555036302882e+01
2.380648474998033226e+00 1.145661335336405706e+01
2.531362781127715067e+00 1.238497914926009535e+01
1.975748745532417860e+00 1.215221846705920683e+01
2.148184200461645599e+00 1.192045322904277427e+01
2.319776224477100968e+00 1.187063330337218403e+01
2.110748494855804847e+00 1.119115961832398476e+01
1.915214637309378132e+00 1.237464892409411732e+01
2.281818760680011327e+00 1.179641045779710140e+01
2.258580914142591656e+00 1.210116844287117921e+01
2.225103360912083161e+00 1.179206920459828645e+01
2.238705110073389015e+00 1.140845693136276928e+01
2.122738867194200463e+00 1.137343384776306188e+01
2.094607474091156440e+00 1.143814977923800669e+01
2.525407097694047032e+00 1.277407937724230358e+01
2.386986366947965621e+00 1.146718490402124146e+01
2.177143067086201533e+00 1.253632989801050357e+01
2.066254740748498797e+00 1.268879322941833365e+01
2.078868431013824569e+00 1.128987478213878326e+01
1.903269382867771142e+00 1.164404040487449166e+01
2.190571658037078873e+00 1.217318822721679972e+01
2.385293943625678814e+00 1.244921846915330654e+01
1.981899990403128697e+00 1.157165116631560942e+01
1.706390669789757508e+00 1.129123680526746654e+01
2.371677021645130168e+00 1.200316174358469468e+01
1.907245746538426268e+00 1.130434216162744043e+01
8.437477543196135743e-01 1.115841678518133406e+01
2.404857382614940864e+00 1.161419111996670317e+01
1.721660550460515582e+00 1.229263275797199384e+01
2.236882257647005101e+00 1.193219471490601258e+01
2.486833805647307383e+00 1.215143990353300474e+01
2.485073907876008903e+00 1.219297307739970471e+01
2.099195804179120550e+00 1.216757542556214311e+01
1.373244204001837554e+00 1.104072560468407893e+01
2.564642384005930698e+00 1.199867149406246369e+01
2.163097393315874140e+00 1.168032625612685926e+01
2.149434976138638653e+00 1.103476964735765264e+01
2.198044720378140138e+00 1.258667673524456809e+01
2.202654421216772906e+00 1.162610030670352756e+01
2.199383766389024331e+00 1.095093474075354578e+01
2.188321135049640542e+00 1.171460116551335418e+01
2.387071825880137776e+00 1.200787431170424213e+01
2.224436056219230462e+00 1.109863832589001476e+01
2.100477125008550328e+00 1.230759817239070131e+01
8.770916686743210899e-01 1.046822330066952667e+01
2.180590425794981968e+00 1.222307139896306261e+01
2.143766186033524423e+00 1.152860763697713686e+01
2.452802661053299804e+00 1.173793009472663762e+01
2.240114704922115507e+00 1.172832603872449653e+01
1.794176167108799902e+00 1.164054995495179234e+01
2.242962885891026659e+00 1.235468061352820435e+01
2.306344588835983700e+00 1.175107008593420055e+01
2.079039793445920825e+00 1.140406889740429541e+01
1.462567239978143974e+00 1.208839794537094647e+01
2.075655652623347169e+00 1.170421912818601129e+01
1.144915517299030183e+00 1.178105476400072860e+01
2.196618577882408552e+00 1.128827306309514888e+01
2.013915685128869981e+00 1.164643767550045617e+01
2.187728513753794513e+00 1.236911199420606522e+01
2.068325851503463486e+00 1.146962755077624152e+01
9.509963349314637382e-01 1.089675846899640277e+01
2.463051196963368827e+00 1.180157452353613046e+01
2.318530211870235114e+00 1.222081933476316706e+01
2.039091934293205011e+00 1.234740443645740626e+01
2.322337037065748344e+00 1.231701054748134894e+01
2.200990316658065105e+00 1.138518520632927000e+01
2.078728210646537455e+00 1.206948941177968138e+01
2.325666441005544094e+00 1.225433331753422905e+01
2.136386956240315715e+00 1.137107241343709951e+01
2.151094443488932750e+00 1.223166754831644631e+01
2.153062633362607947e+00 1.223701346345040797e+01
6.775660313439775262e-01 1.048375886317767325e+01
1.472160969340230663e+00 1.101442338199905180e+01
2.107135570227640642e+00 1.115589288424566128e+01
1.428091029960644853e+00 1.184141419095929315e+01
2.136928174731752339e+00 1.168054525016043854e+01
2.544981688086327853e+00 1.225787848830369775e+01
2.360802978795950136e+00 1.208526871574163053e+01
1.697924436006593041e+00 1.197240566531758255e+01
2.192693473356988942e+00 1.253851005296221466e+01
1.607797770785748259e+00 1.185124668406443860e+01
2.034221908006893731e+00 1.211136909724373112e+01
2.248870113650739189e+00 1.112011574987246654e+01
2.193191030570533773e+00 1.133167347011302084e+01
2.219760526507239984e+00 1.122070391235135567e+01
2.101749442145890878e+00 1.188418608102534435e+01
1.535454703197898452e+00 1.164252487171360251e+01
2.565464603655565501e+00 1.262515022714310398e+01
1.658207068615966451e+00 1.221824992945662025e+01
1.435809329957075109e+00 1.158359725921526540e+01
2.068538458597387830e+00 1.181694605728103475e+01
1.416838206223476782e+00 1.168941831119506780e+01
4.711561018711138416e-01 8.816092624223044183e+00
2.460414439848746859e+00 1.190977235111999732e+01
2.414210178382771410e+00 1.209811812288455002e+01
2.147592492471433356e+00 1.210299825909624971e+01
1.102158952707529282e+00 1.052105034986633569e+01
2.421575470658520857e+00 1.211277481489002383e+01
2.169261030626651099e+00 1.183461254684295128e+01
2.447494295241868567e+00 1.229072578852108855e+01
2.243557531957339091e+00 1.150991355383875714e+01
1.774431507803244656e+00 1.177564803099740764e+01
2.231578824362314251e+00 1.121681550681392459e+01
2.366217328006497755e+00 1.146272708731840417e+01
5.126514381824243127e-01 1.054779553915170176e+01
2.307675733843349786e+00 1.187435806895646451e+01
1.976836970592734666e+00 1.212877884720103872e+01
2.153719159104809489e+00 1.226832184510010570e+01
2.007776522652817253e+00 1.151867965693001317e+01
2.276054148481066797e+00 1.135851852468290346e+01
2.284960387194966636e+00 1.106083422635429692e+01
2.047905503212788414e+00 1.155843494176586539e+01
2.217233678328259572e+00 1.171096901795455913e+01
1.984307520096206146e+00 1.148742334825958622e+01
2.492681522302488961e+00 1.167891031178292316e+01
2.186550815312897633e+00 1.159066406252762782e+01
2.354357182429573037e+00 1.172162335133441324e+01
2.071242942281294130e+00 1.135592264051581779e+01
2.227578950729698803e+00 1.155651265454235066e+01
2.093993655645835616e+00 1.210941279600250375e+01
2.069530419896401074e+00 1.164428522839785707e+01
5.351254865019255957e-01 9.643692001536216196e+00
2.345710455286500462e+00 1.173529256377469032e+01
2.386221699866520218e+00 1.127002098076746073e+01
2.130712454320931482e+00 1.163467186584149182e+01
2.145625715418014945e+00 1.197082496961116505e+01
2.396963884428184866e+00 1.146304189978765820e+01
2.225029524627365252e+00 1.150383187756645498e+01
2.136521305973319684e+00 1.163980723612585422e+01
2.185003150026301189e+00 1.137864394203117335e+01
2.186067482052247879e+00 1.179047892491780658e+01
2.171385784032213717e+00 1.133632999123322271e+01
2.143902356284098865e+00 1.100352332713928583e+01
8.191398087908657866e-01 1.042323484085657448e+01
2.130443466070510716e+00 1.145233866052933536e+01
2.357368361034066773e+00 1.175799089913551221e+01
1.904733709102141681e+00 1.174283632010791933e+01
2.037355196553828129e+00 1.181383338530670457e+01
2.183883818411880284e+00 1.172600446254552153e+01
2.555889634839732416e+00 1.193411456436184714e+01
1.852509939230164937e+00 1.239849377822906185e+01
1.788989372045434845e+00 1.187546868674762024e+01
7.349301329959326834e-01 1.087398318402367714e+01
2.115774310286096416e+00 1.194834161745883527e+01
1.653595845488254668e+00 1.206190251817612946e+01
1.399484925007212777e+00 1.144024028176353092e+01
1.202720942361081624e+00 1.082697677564531169e+01
2.083941756615624641e+00 1.143800603302089236e+01
2.240033676671454810e+00 1.154957871694358573e+01
2.306927363913940709e+00 1.177337140392537762e+01
2.422110622241661737e+00 1.168973120778677277e+01
2.030974898706758847e+00 1.136587851669194471e+01
1.703253964864428260e+00 1.170180062650451269e+01
2.159198411145343499e+00 1.160274216200689068e+01
2.144532268020983956e+00 1.208356410237140999e+01
1.980381583267013523e+00 1.188535053307185230e+01
2.074676289935383444e+00 1.185660204975445531e+01
2.229324326736206618e+00 1.210204118068786805e+01
2.169086482545618200e+00 1.207897526201195326e+01
1.917854805947967867e+00 1.192972505768439007e+01
1.426094366360761478e+00 1.161060961466960428e+01
2.087846393910738563e+00 1.203375761798547394e+01
7.878955002699751242e-01 1.052398890799322473e+01
2.219880724339941658e+00 1.153675157346026303e+01
1.040961228492502721e+00 1.143348082350827788e+01
1.862625025456029704e+00 1.215383275592357926e+01
1.905416362258021135e+00 1.193200441535400458e+01
2.512722370548149176e+00 1.208409453481344009e+01
2.372304778310832418e+00 1.154567533652412159e+01
1.782128644964080522e+00 1.192914765889413609e+01
2.347475951721639920e+00 1.182656602488259701e+01
2.493300292552894870e+00 1.274590736556977077e+01
2.248744280841623588e+00 1.132005261750868286e+01
2.311441110815783517e+00 1.183245172327087502e+01
2.212054844634507411e+00 1.164885393222897747e+01
1.976501263129585073e+00 1.160423269384340372e+01
2.207288689869718379e+00 1.130563402241894266e+01
2.203110689361165608e+00 1.165138630274347697e+01
1.903067207027226315e+00 1.202833916233363354e+01
2.206098614994864704e+00 1.176851018163319473e+01
2.140389026979590437e+00 1.222319097918828490e+01
2.623980839776002938e+00 1.285548967762804295e+01
2.287877136923163857e+00 1.223152287405938310e+01
8.059186160560604106e-01 1.051662742349312829e+01
2.149321916191522686e+00 1.192331325613927540e+01
2.195576284926833655e+00 1.227538376354018190e+01
2.281871189496010199e+00 1.193306713967654886e+01
2.283339067366185748e+00 1.257650878889297452e+01
2.185287807801022719e+00 1.221304770056951128e+01
1.491810959232882539e+00 1.183110342837264994e+01
1.978476052072319247e+00 1.192583431411757999e+01
1.846353807405297642e+00 1.220975099309542600e+01
2.216753639947559140e+00 1.176477302469110064e+01
2.199455898869393522e+00 1.185617608745533680e+01
2.024290238111717155e+00 1.182042556504778119e+01
2.199835512887424294e+00 1.205682760589589542e+01
2.378184359113752144e+00 1.251880215993403489e+01
2.214397319746588266e+00 1.116543553614614126e+01
1.949916176712802596e+00 1.146824272638666642e+01
2.139575242745327621e+00 1.154156999228480984e+01
2.439279403091760390e+00 1.199638682723853300e+01
2.403819475241830261e+00 1.201293021280793916e+01
1.665025766053207512e+00 1.123276611435109196e+01
2.301714521744147035e+00 1.119076591563579370e+01
2.314499831625240311e+00 1.214318072250113545e+01
2.376063734512221970e+00 1.202847547048094512e+01
2.141330135129209999e+00 1.185077536202375015e+01
2.024687418104104353e+00 1.245762107955643394e+01
2.330538411014845490e+00 1.175804854891806883e+01
2.124507068642991214e+00 1.134122732931101218e+01
2.091818071986862648e+00 1.116825574132971433e+01
2.101517459044006664e+00 1.236614003527303751e+01
2.184080918093686652e+00 1.133485791496108064e+01
2.342113803900274682e+00 1.140959433897063136e+01
2.081242905742970883e+00 1.103787779176810524e+01
2.433758383426270377e+00 1.249515522779597276e+01
2.472976693127528769e+00 1.180646062359910609e+01
2.456877770747452505e+00 1.176890076054877987e+01
2.208946409560115676e+00 1.113709515578146991e+01
2.202365081100964517e+00 1.171384864465757047e+01
1.389832893263137414e+00 1.099898609477002331e+01
2.291488816473591150e+00 1.173947333705914176e+01
1.293859901078628027e+00 1.139877631956779602e+01
1.980718963987579517e+00 1.165976776546599858e+01
1.496828689340857332e+00 1.178390429737838474e+01
7.231582312093051135e-01 9.957011795518887709e+00
2.423417097662889930e+00 1.169716333954479559e+01
2.202576018325486995e+00 1.228874554137154007e+01
2.251338800846105048e+00 1.157368751586690081e+01
5.329497612754682256e-01 9.531561788401674562e+00
2.580992989569896423e+00 1.285226787999232378e+01
6.048341130278206412e-01 1.012621835000926929e+01
2.155767633796871419e+00 1.184707929523894876e+01
2.145651253098789457e+00 1.208925278597581432e+01
2.069100129277058109e+00 1.145578189272368341e+01
1.968551824871292322e+00 1.185018398117074057e+01
2.071880766352978576e+00 1.142676440710940788e+01
2.174133078087360893e+00 1.137740801389665890e+01
1.367349185607198203e+00 1.116817015028217597e+01
1.941576702949282085e+00 1.178509212504117087e+01
1.089023390777899669e+00 1.101382276235889890e+01
1.391691240068616997e+00 1.160864343329281390e+01
1.574664141712101229e+00 1.127742619642092237e+01
2.334652994663222625e+00 1.194382146869917705e+01
1.603675996900629785e+00 1.158804289650982966e+01
2.229528123498264680e+00 1.179553744463828835e+01
2.316160338936430918e+00 1.196175925074942015e+01
2.537854670056775230e+00 1.244864124799897809e+01
1.482474867789872031e+00 1.184000232394297925e+01
2.062264303262375975e+00 1.116642693364534011e+01
2.439913476596946129e+00 1.238739899622484586e+01
1.920548823348230183e+00 1.165109725447049627e+01
1.677261952921267119e+00 1.191382406883212042e+01
2.206413943364604613e+00 1.187126205068543250e+01
2.043182797179272647e+00 1.147912380795411380e+01
2.306837266953382315e+00 1.203735222934684934e+01
1.513177649407164260e+00 1.168762163720386305e+01
2.181985625920797922e+00 1.169643881935392749e+01
1.801630310069948226e+00 1.194976738250592696e+01
2.217564669206180561e+00 1.179040291871110036e+01
2.260785016110117951e+00 1.223739656860561986e+01
2.187482928724918896e+00 1.135787005218065993e+01
2.025192029345196154e+00 1.185836535003834591e+01
2.357322242649244615e+00 1.165073168518873103e+01
2.511639094418093077e+00 1.294573406497942258e+01
1.067177492220081181e+00 1.149332112510114001e+01
1.584547832759639840e+00 1.132665629556315245e+01
2.212038636013937243e+00 1.198300928188484704e+01
2.516570903646182966e+00 1.271838201364433196e+01
1.795003306635957419e+00 1.174150042634972557e+01
2.456734053544672225e+00 1.200344208896241582e+01
1.482682789913319032e+00 1.158824441339531042e+01
2.407315594819954274e+00 1.179776445014441144e+01
1.426590486538629854e+00 1.144290320829320784e+01
2.323797455687392155e+00 1.242426144494646856e+01
2.260073437297560162e+00 1.190961159862887087e+01
1.946239926641794682e+00 1.187098681144905044e+01
2.094089769641944709e+00 1.231813089260737470e+01
2.427002841197439142e+00 1.168128297295366202e+01
2.220982636922538500e+00 1.134261384970394460e+01
2.271057222048976421e+00 1.138170424518169455e+01
1.977320259935436475e+00 1.182073700451354803e+01
2.299812482527739732e+00 1.191984216998706181e+01
1.566333751289552101e+00 1.177157466435088118e+01
1.788353671498806197e+00 1.177321544175441836e+01
2.041343960280039393e+00 1.236626354579578191e+01
2.331256466409493466e+00 1.154369437788752073e+01
2.259392377753331793e+00 1.234902839506828442e+01
2.018420893672680627e+00 1.162025159311102307e+01
2.316540422486972339e+00 1.167029699945668852e+01
2.217033598807470973e+00 1.166209395217422617e+01
2.250852630971450274e+00 1.187732416152748094e+01
1.477194518187580075e+00 1.144721764884174497e+01
2.409835952082813648e+00 1.201798562824544447e+01
1.308945113685015871e+00 1.140907501029574611e+01
1.983174459430450787e+00 1.223711878859532121e+01
2.352911272213560334e+00 1.208891273395811616e+01
2.173111947376905828e+00 1.162586154192422505e+01
1.918975028869731370e+00 1.185514580276804963e+01
2.198893846549700104e+00 1.195548921486551208e+01
2.437496850167941709e+00 1.194398123145248469e+01
2.086488780515075359e+00 1.174886646555136949e+01
1.987096601529587225e+00 1.229705630615746514e+01
2.026587327617905387e+00 1.217219212014462748e+01
1.849045360385025871e+00 1.165765473958013310e+01
2.321096475149147853e+00 1.176578693353656746e+01
2.359828111033322351e+00 1.211562524895795079e+01
2.298252958406362900e+00 1.221624944893424569e+01
2.035169723534717257e+00 1.205839042332176270e+01
1.881565399575287678e+00 1.190758981440220410e+01
1.501163158497609285e+00 1.180809593902149501e+01
7.839463202717708024e-01 1.116227834794886675e+01
1.505239546683197149e+00 1.143597449843730374e+01
2.493864549427867061e+00 1.177832769001221536e+01
2.004273736389008409e+00 1.153281547711151234e+01
2.011018726355266129e+00 1.182380788047937870e+01
2.425974683174800806e+00 1.174753896783803597e+01
1.382093655012101463e+00 1.143052592799250888e+01
2.075283890905279982e+00 1.144787221349762341e+01
1.928629730197725767e+00 1.211110981512628726e+01
2.412245245369772029e+00 1.225075788064565430e+01
2.132079187218397287e+00 1.103000030444314028e+01
1.569564097987027118e+00 1.170126790245577020e+01
2.325438100713359990e+00 1.247753108628705654e+01
2.091274819376109928e+00 1.142146234664508420e+01
2.373021054592700629e+00 1.168949026694979310e+01
1.500643233304674862e+00 1.203344452188894920e+01
1.666046542389583829e+00 1.158913399177517434e+01
1.979181067474201416e+00 1.246336533850979755e+01
2.269146650564873191e+00 1.173571551491014020e+01
2.066456547906951879e+00 1.165685564536122065e+01
2.154674998823926657e+00 1.190121488338485101e+01
2.091893817904364461e+00 1.166542542932326043e+01
2.232056522579365154e+00 1.129978925954394775e+01
2.154274857323088987e+00 1.139991174746453950e+01
1.995733341220186086e+00 1.131397800335922277e+01
2.206989523195252101e+00 1.244226024385901930e+01
2.074330890761741486e+00 1.191207281774685001e+01
2.370769084082823053e+00 1.213851172746687901e+01
2.161532788804451322e+00 1.125757959935019947e+01
2.065778592997989715e+00 1.207100694267797536e+01
2.027011265466188039e+00 1.200390949598940082e+01
2.031909241660742715e+00 1.159575764795435049e+01
2.267304359335091224e+00 1.198258502452533314e+01
2.195489103394719255e+00 1.163845870074793609e+01
2.107109886325819748e+00 1.109725673415572089e+01
2.440695999981143949e+00 1.223560376773780689e+01
2.025320441814173922e+00 1.115515248070063237e+01
2.115745093241745867e+00 1.212231394137029383e+01
2.446893318200809464e+00 1.263908402638008788e+01
2.330599860048041538e+00 1.196878112875319822e+01
1.263140744987332420e+00 1.171272293143057652e+01
2.052931839219371835e+00 1.111085115668396206e+01
2.498111905874436989e+00 1.210879241568132159e+01
1.916914868388249094e+00 1.210554150664232864e+01
1.896472328465033330e+00 1.189173149528163087e+01
1.903917984889127446e+00 1.153306556570104746e+01
2.425142819883626455e+00 1.195922591856560224e+01
2.276063536045793256e+00 1.250694880631160899e+01
1.997330843077399498e+00 1.190888898316140221e+01
2.228623410982412345e+00 1.126805847813157335e+01
2.462409683434114704e+00 1.176636007780624560e+01
2.543042112914297270e+00 1.213447449797585165e+01
1.860852875874612344e+00 1.141546313485576825e+01
2.523321117036092964e+00 1.232537359185254822e+01
2.195738351309951764e+00 1.204851689103606205e+01
2.074229076942242678e+00 1.264404037175550854e+01
1.365764234557395707e+00 1.153955159996973201e+01
2.094747422386241453e+00 1.099159549599781016e+01
1.928003895514840638e+00 1.256240014516482617e+01
1.942541530730396815e+00 1.160175049547481585e+01
2.067165628449108006e+00 1.144646052746485410e+01
2.059095056695879222e+00 1.124750826758554290e+01
8.977841560960247991e-01 1.026781569047108533e+01
2.148921508293601512e+00 1.154176538369303096e+01
2.230381747917258295e+00 1.144123780221923248e+01
2.257422469613637350e+00 1.191061041993590486e+01
2.137284575387724761e+00 1.159755762477002072e+01
1.865198169940604167e+00 1.155339083478303408e+01
2.204905877993655228e+00 1.113131063722437908e+01
2.189573580443251899e+00 1.138393930355243455e+01
2.287361295939917660e+00 1.171307306317794605e+01
2.242206739775193025e+00 1.164402566211583867e+01
2.170674768564625712e+00 1.114034420221632260e+01
2.233532212784454352e+00 1.141719129696981661e+01
1.714964275468996657e+00 1.141855996802357787e+01
2.206464993875060898e+00 1.141097195982195878e+01
2.018710519554607785e+00 1.227136882726994394e+01
2.533749625875100886e+00 1.219502497074277869e+01
2.194820800872992361e+00 1.162643385238556881e+01
1.950092685391029201e+00 1.212502936977516832e+01
2.173010650571989721e+00 1.153978580495474127e+01
1.401618542305156367e+00 1.120494312997156783e+01
1.987073016661071279e+00 1.172686097850354692e+01
2.057189463094423854e+00 1.183260819270637754e+01
2.328687099725543330e+00 1.206466829683998654e+01
1.853558820205504665e+00 1.167690658776082557e+01
5.051369198359770829e-01 1.014899189731030482e+01
1.236441685009962654e+00 1.112275547090528782e+01
1.307545043855379285e+00 1.132325990857848730e+01
1.186330023079526175e+00 1.148040954489103349e+01
2.116478741381434325e+00 1.196597422516114761e+01
2.230481247760115693e+00 1.183110932700900975e+01
2.158480182591214547e+00 1.185292353618446803e+01
2.235383873659561260e+00 1.124151272658650136e+01
2.133718009806812699e+00 1.151332820556497261e+01
4.003865918466134044e-01 9.934465182160732155e+00
2.089889058839981217e+00 1.133678286494556176e+01
1.784166606870465133e+00 1.205964864323379082e+01
2.219793002799379078e+00 1.159298983589206067e+01
2.286480586711026941e+00 1.203532208811560444e+01
2.179939369679994687e+00 1.120238784544777388e+01
1.958551677405669933e+00 1.185035429838065468e+01
2.275470360458278662e+00 1.248163190395822575e+01
2.225431372169149213e+00 1.161280353250938191e+01
2.188609270508881988e+00 1.121307202293399286e+01
2.422415127073580976e+00 1.212139735330251966e+01
1.777956675628512340e+00 1.181944012800781785e+01
1.244894463277280261e+00 1.171675536736873369e+01
2.317109225340320044e+00 1.201359257310548401e+01
2.043522378825387342e+00 1.181670406940542328e+01
2.311037524638322793e+00 1.138523582252693522e+01
1.799801192632562108e+00 1.191558834496057528e+01
2.383547633610943794e+00 1.156749937081314350e+01
2.532860033626327390e+00 1.265374323257642075e+01
2.237108161149637731e+00 1.128717895362985502e+01
2.063041319731541368e+00 1.115011893859029080e+01
2.364189387790743169e+00 1.143837761456628321e+01
2.427912277871854041e+00 1.248852352565958590e+01
2.067536611305997418e+00 1.250707293238361828e+01
2.315452797744399938e+00 1.136782944881163360e+01
2.189434444965804527e+00 1.134281085766986408e+01
2.467599413555586985e+00 1.191953001154516301e+01
2.150085300270315081e+00 1.146949095209848757e+01
4.206872398756033027e-01 9.813724972496082444e+00
7.666916270975092651e-01 1.133920410874292983e+01
2.106672072286873476e+00 1.172766165440565622e+01
2.295955602780245020e+00 1.142547106505984722e+01
2.841184085086144173e-01 9.085459655642578625e+00
2.345052128882021414e+00 1.179597467476377304e+01
2.052603677077786681e+00 1.145547693845204762e+01
2.002508802910445418e+00 1.232015386372322752e+01
2.099089190911532565e+00 1.184001552939534463e+01
2.023465229758310890e+00 1.122869385141800613e+01
9.925919639439459985e-01 1.153546091274898444e+01
2.064707176476687334e+00 1.088526867350774552e+01
2.492237167280127785e+00 1.212231485643739504e+01
1.374172145107825260e+00 1.104104872734648879e+01
2.311763440033531403e+00 1.235111502711169607e+01
1.641141091302258603e+00 1.151016700953351091e+01
1.643677854145017658e+00 1.180505719957411337e+01
9.385442898423280722e-01 1.131691263041192741e+01
2.475011447575973023e+00 1.223993100491518859e+01
2.234956831897639162e+00 1.158511597700361939e+01
2.205612834019480495e+00 1.143154316935359027e+01
2.037823425225228302e+00 1.158140055008546376e+01
2.009618361777428142e+00 1.165089675623041110e+01
1.695274347932911985e+00 1.193647332354587576e+01
1.884567670868288136e+00 1.189353273951883594e+01
2.466537103344620174e+00 1.199112127874836098e+01
2.045330689389427192e+00 1.143824745833212297e+01
2.250549144748457575e+00 1.152366246040039144e+01
2.153766539217975229e+00 1.215579206239735477e+01
1.712499033697321815e+00 1.194138228796760082e+01
2.353058794456223346e+00 1.180441980248671108e+01
2.542208217155405237e+00 1.249684382907585167e+01
1.823429257934674919e+00 1.195203306188483516e+01
1.998923488588736141e+00 1.179449817706224657e+01
2.189058881952328228e+00 1.127753448510049061e+01
2.005088966322141619e+00 1.180746438277277122e+01
2.624415740275739761e+00 1.271338497929637334e+01
2.232436596839908916e+00 1.179182524795333364e+01
2.429453715442776218e+00 1.189644970084318132e+01
2.220757206473031875e+00 1.159084781794761554e+01
2.362806645064093214e+00 1.172200092217868672e+01
2.408590626980334104e+00 1.198599634687270310e+01
1.872876551032974568e+00 1.179932457735240625e+01
1.769822145733650931e+00 1.192384726839903486e+01
1.988043953355477012e+00 1.231342187157349599e+01
2.413906624707598869e+00 1.213059847457225970e+01
1.648860309175206762e+00 1.172454482272860510e+01
2.118703687604063912e+00 1.101573337610861714e+01
2.034154187735374819e+00 1.176984197172923530e+01
1.852707822955180994e+00 1.206551852414185255e+01
2.407612525097076794e+00 1.173714387448384677e+01
2.080304749237194883e+00 1.165222189648361883e+01
2.267816023097688927e+00 1.108254615121654396e+01
2.231770880640453036e+00 1.146808837941064496e+01
2.133054482534239238e+00 1.187808356683248334e+01
2.098940669317295615e+00 1.150178200991730293e+01
1.951234504153344540e+00 1.215220253364292979e+01
2.519134641869876123e+00 1.219187591728007014e+01
2.135716793077405473e+00 1.195891692030507159e+01
2.188061429009341641e+00 1.143768371437522902e+01
2.280035286437429587e+00 1.167012356525715866e+01
9.548965313205936001e-01 1.169393842214175550e+01
1.941433537946437804e+00 1.178403383212807753e+01
8.907711298554540358e-01 1.131430521943708101e+01
1.979109825366385467e+00 1.177659527177021914e+01
2.275135891043557290e+00 1.171880241375125031e+01
1.986727490734350621e+00 1.193830296883516162e+01
2.359879033374074453e+00 1.249341990624520626e+01
2.387775740856552087e+00 1.179948263072511949e+01
2.027702734189869460e+00 1.228096509778294632e+01
8.829421486212148951e-01 1.029605998435657099e+01
1.813377518720399761e+00 1.225544531733574161e+01
2.354337689740728656e+00 1.148505208043442138e+01
2.468650950948773737e+00 1.213530076744835817e+01
1.950833070640525246e+00 1.231453712157727409e+01
2.188546346884364002e+00 1.173761121276715791e+01
2.382898994182210295e+00 1.175260647012330750e+01
2.168162145513985450e+00 1.208838006068401327e+01
2.675223745196731784e+00 1.272509651660062779e+01
2.002738268348541517e+00 1.222941807483951848e+01
2.051984037732762278e+00 1.209530407692244225e+01
2.461164509349081708e+00 1.233272393509933096e+01
1.941416666422995263e+00 1.195944231782388201e+01
2.465080982219352013e+00 1.268726877891999472e+01
1.644422771015661366e+00 1.166731944111467101e+01
2.351529261547619765e+00 1.243440282001817998e+01
1.123419021924817240e+00 1.193497407624071194e+01
2.190019757002541922e+00 1.233522117947685715e+01
2.239872351093408653e+00 1.245630956401101130e+01
2.370578584740675954e+00 1.157253008437896113e+01
2.208053685633374563e+00 1.173157728153390345e+01
2.403318130450211143e+00 1.228358104003288531e+01
2.026317646145637141e+00 1.212067378225376757e+01
2.164184933004714484e+00 1.116687102969702572e+01
1.817940054206016454e+00 1.214722421968636290e+01
1.306591384085564966e+00 1.138519262488551753e+01
2.055408471399664982e+00 1.161216920062501679e+01
2.355786940594220447e+00 1.200231674536332171e+01
2.259910818289374568e+00 1.203364330891581879e+01
2.106210777509035736e+00 1.175390919897198394e+01
2.091958658630832968e+00 1.167932446591663798e+01
2.060545555115914862e+00 1.220694475112735589e+01
1.532278821603240582e+00 1.188833017579708518e+01
1.398130144359917226e+00 1.139681810520801619e+01
1.630861022256306470e+00 1.184983593411234182e+01
2.200094089238884720e+00 1.208690682877943168e+01
1.104053093440835909e+00 1.105373917683304796e+01
1.100300466905173469e+00 1.185600470998118894e+01
2.386247409347868498e+00 1.198782842944328131e+01
2.106767168732694095e+00 1.187054013049945489e+01
1.976413794025728699e+00 1.182977663086068354e+01
1.349216364428273973e+00 1.181599347522519494e+01
2.495680955097474119e+00 1.185902564092239331e+01
6.882680369717005808e-01 1.114369467628179855e+01
1.958999018260431102e+00 1.165361634865412022e+01
1.369542494672619126e+00 1.142649733374006082e+01
2.120784888560240500e+00 1.191621808790110570e+01
2.314956999762541656e+00 1.193896446588871996e+01
1.859615456182421189e+00 1.195390966862484028e+01
2.274899460464457235e+00 1.133263884281649680e+01
2.529740594710831125e+00 1.213826239326153456e+01
2.044788366612961372e+00 1.161235495586807076e+01
2.000354726278557926e+00 1.177306132918860548e+01
2.118015465363324967e+00 1.223357918492610352e+01
2.356036286409389113e+00 1.272848627364366081e+01
1.768862025515342440e+00 1.187916941216623634e+01
2.243940036633291335e+00 1.243557091934522774e+01
2.266566583017703085e+00 1.224394612499343538e+01
2.287807443361922211e+00 1.214147737983976327e+01
2.247036767008825375e+00 1.227506138369456856e+01
1.890648545806222769e+00 1.235682781741725478e+01
2.209711980048508995e+00 1.134286251397823619e+01
2.351510425866018661e+00 1.134554313945340454e+01
2.121469747905860181e+00 1.130373271736803886e+01
4.002458051178945930e-01 8.683467817806501898e+00
1.664506477908975768e+00 1.189307129010355979e+01
2.151034183517149589e+00 1.257072513370276212e+01
2.345397762182323653e+00 1.180601920059976884e+01
2.449738683316066812e+00 1.190441937726179766e+01
2.035937787516520103e+00 1.123745851407080920e+01
1.994028615096574253e+00 1.133407168449995517e+01
2.316561215449167044e+00 1.145742418737590995e+01
2.336860094825515155e+00 1.115801227302086929e+01
2.258758381376035462e+00 1.093416156205966594e+01
2.491862233052598352e+00 1.254723376961086601e+01
7.436556058919777668e-01 1.111743213661354979e+01
2.560799668175254062e+00 1.223167255341769888e+01
2.126668620505538954e+00 1.157544309260092419e+01
1.725111062545371832e+00 1.186421651812878508e+01
2.854553682919963031e-01 1.008400169737532437e+01
9.699077881543302082e-01 1.047094450121773335e+01
2.222912144936683099e+00 1.224657092777533762e+01
2.213997078423764808e+00 1.240568413247939716e+01
1.795245075916099831e+00 1.164700951822661956e+01
1.846013843191490755e+00 1.150508704870799725e+01
1.969839789187359802e+00 1.152598326351723657e+01
2.423364658365200874e+00 1.167261665737384035e+01
2.232385937567898271e+00 1.117112313921742306e+01
1.841066200468002734e+00 1.206402782637721138e+01
2.120773294090068539e+00 1.205109676905463267e+01
1.969187571161400196e+00 1.217096381604195088e+01
1.688165997821698738e+00 1.146748539092962815e+01
2.192254138761371429e+00 1.217399438374045850e+01
2.180657324895622029e+00 1.091347394371502411e+01
2.335904460024366358e+00 1.144053602355427302e+01
2.333748382462816018e+00 1.216251528932741799e+01
2.229304442680890563e+00 1.105054857215757025e+01
2.444490800842420875e+00 1.254814578619722987e+01
2.195009476020548078e+00 1.213279439101525092e+01
2.289138232105735860e+00 1.136646361099315783e+01
2.209854238000839022e+00 1.195089247703704238e+01
1.809031984200922372e+00 1.181849933447307954e+01
1.313761579048378314e+00 1.122202395197658298e+01
2.450764729843537104e+00 1.185781397837944162e+01
1.997929745302146731e+00 1.230910177835863983e+01
1.910259940741103613e+00 1.241483147395175202e+01
2.261432509346342545e+00 1.136210371557173282e+01
2.364623931752113162e+00 1.155163433761828173e+01
2.108886355418883252e+00 1.214698239810003244e+01
1.962413365817585964e+00 1.212425270042349545e+01
2.047788755024805951e+00 1.150880352487883052e+01
2.250987727718103404e+00 1.228377708971751403e+01
2.152586093724837557e+00 1.173699227111279519e+01
2.377535488481339776e+00 1.167611181311401758e+01
2.134614508754835605e+00 1.136240748267084832e+01
2.352186208067462925e+00 1.132755128813651346e+01
2.528775853259881856e+00 1.247325450694222404e+01
2.399801541360083501e+00 1.219941698244861605e+01
1.802776258710996782e+00 1.218629307763651859e+01
2.285787926041578100e+00 1.136799791317967667e+01
2.436434408065856871e+00 1.211904451038624586e+01
1.899041389637273536e+00 1.240997636004673055e+01
2.307760049800110735e+00 1.200476130599276203e+01
1.040616310226482266e+00 1.106982902310155481e+01
2.175102303225955769e+00 1.109121081762240735e+01
2.419539070270612768e+00 1.222365130468966399e+01
2.224298723136132416e+00 1.111056477637606399e+01
2.375155195881247128e+00 1.189693394275404437e+01
2.442616366694179142e+00 1.208402806245871375e+01
1.615914909265568022e+00 1.152092967596002460e+01
1.829683964935703955e+00 1.221218468546341818e+01
2.228750286077033849e+00 1.142980652294246546e+01
2.107264936628507890e+00 1.221917848657495576e+01
2.353285738853645448e+00 1.180275164316446990e+01
2.304983903713041737e+00 1.261703495981730327e+01
2.119335020924804081e+00 1.223550349299110707e+01
2.528683274656724933e+00 1.247700527790097702e+01
2.105188455170675876e+00 1.150348814104910922e+01
1.674444526278147327e+00 1.170358802507939089e+01
2.471023690978920495e+00 1.170578297783991140e+01
2.276873604908825843e+00 1.191761054694426036e+01
2.278714119677751171e+00 1.193660296615464311e+01
1.591300761552230547e+00 1.189404004770343626e+01
2.036186592995612443e+00 1.159500041254536740e+01
1.695527584792416276e+00 1.185656251891612278e+01
2.557617494650574308e+00 1.286177389371752966e+01
2.132127297574956781e+00 1.130017211405384892e+01
1.929359561180108651e+00 1.195005004656783498e+01
1.273065607918730802e+00 1.126305146492833487e+01
2.283020897394859805e+00 1.190260183637889391e+01
2.106849992192893151e+00 1.202632897551750979e+01
2.400034866624754848e+00 1.137349352887380682e+01
1.907622323338854509e+00 1.154531349927569295e+01
2.066729987086483256e+00 1.139015313414566855e+01
7.108812766634577951e-01 1.003216904605245752e+01
2.049266461312551524e+00 1.132831227296469478e+01
1.898943338625931121e+00 1.178982855833361931e+01
1.984417645541273645e+00 1.148087368406169340e+01
2.065097065302429868e+00 1.244044262653909350e+01
2.608110355679011949e+00 1.280868041455004303e+01
2.183925677657421627e+00 1.173847659241711661e+01
2.316121795563564678e+00 1.234255313819792121e+01
2.500976594941231035e+00 1.202429485103502671e+01
2.464762214627740367e+00 1.197373671105825998e+01
1.940801190167322998e+00 1.177592280215085907e+01
2.463179698067959222e+00 1.173428629908887189e+01
2.653627155374378432e+00 1.262872117267041538e+01
2.123404591810631903e+00 1.161712541950159228e+01
1.982263329857708811e+00 1.189356710864231026e+01
2.274301825000180077e+00 1.118857761304524878e+01
2.446708450841434512e+00 1.204851853007533968e+01
2.045145375023463608e+00 1.223034044712369095e+01
1.929709832193134300e+00 1.221474618733358319e+01
2.449446278583734760e+00 1.207404922076045217e+01
1.910613189393630007e+00 1.192607774774014651e+01
2.343181126053282437e+00 1.195828533854997211e+01
1.476973989381802799e+00 1.202085501897035158e+01
2.022990767994265138e+00 1.122079357048106374e+01
1.905174953823782102e+00 1.183807398326671212e+01
2.029557840498409593e+00 1.213363468046667748e+01
2.251708623795935615e+00 1.201408650917714738e+01
2.169358904431720525e+00 1.133645736516708702e+01
2.185358170339734674e+00 1.141786073814501989e+01
1.949039079975215527e+00 1.158696578282537182e+01
6.221511740962195613e-01 1.153440137510073527e+01
1.275469644161626448e+00 1.168999536668249029e+01
2.341511321513797483e+00 1.145100563764557755e+01
2.161754973276563518e+00 1.163627679574134000e+01
1.279259093244006884e+00 1.129282866862907753e+01
2.404164192268185118e+00 1.148656228143599733e+01
2.482245038120177938e+00 1.213317497026883984e+01
2.405968410541290847e+00 1.162513467989495730e+01
2.100173705633893384e+00 1.155483214487692045e+01
2.183166954593525944e+00 1.145300158143361635e+01
2.298923258934429281e+00 1.145740686562932353e+01
1.363215987660655992e+00 1.149586267395994810e+01
2.122301184319730805e+00 1.130871341796707874e+01
1.677034038815440331e+00 1.185945417566405879e+01
1.065817789157628370e+00 1.122295014985113859e+01
2.036673017805148866e+00 1.163612201034809956e+01
2.134342056100126506e+00 1.261801324481809061e+01
2.446506277979967336e+00 1.224685199811539782e+01
2.317653339184885475e+00 1.144957074007938935e+01
2.185211031350309252e+00 1.166633518618338528e+01
1.365502639401515061e+00 1.188636805360693494e+01
2.530124509576830327e+00 1.234393428778011170e+01
2.071470538594952338e+00 1.172482924303634100e+01
2.258716177389603175e+00 1.171172645224657849e+01
2.075325550010112430e+00 1.102596515368644603e+01
2.059624498364461598e+00 1.178729401129831977e+01
2.166882138879052011e+00 1.162888201937522581e+01
2.190334896562360356e+00 1.155102109607944882e+01
2.247258531110976509e+00 1.187055139636125567e+01
2.185627652858952885e+00 1.189624839200273776e+01
2.458720016905000527e+00 1.200727766417453779e+01
1.535222015544301044e+00 1.136033940673720721e+01
2.121056127269998814e+00 1.125455992694472407e+01
2.155964455259811174e+00 1.158176214423812311e+01
2.544926078560922456e+00 1.195714920199984910e+01
1.343571894813677003e+00 1.161744987504177651e+01
2.348020010802022384e+00 1.185284100655699824e+01
2.338687025205475667e+00 1.135439655907733147e+01
2.282363686941563330e+00 1.168088058108284066e+01
2.482870637022260407e+00 1.205530609004062903e+01
2.259137410449183925e+00 1.195565613570178698e+01
2.330307991403469003e+00 1.172900305032380430e+01
1.185737143742813249e+00 1.131818443189017032e+01
2.186681881160130736e+00 1.203249193700506048e+01
2.286426358966981986e+00 1.197961924755097662e+01
1.876765852837693149e+00 1.237157778857948465e+01
2.175555487642259589e+00 1.205202047391460596e+01
1.780316035182905487e+00 1.156012661863196023e+01
2.534666267242698279e+00 1.224650150294593232e+01
2.095601236333834549e+00 1.128794061697352191e+01
2.260641535585791395e+00 1.115217990157991501e+01
2.226299157131072626e+00 1.153739162282541386e+01
2.216459803144533947e+00 1.141315064970862103e+01
3.462793158039471075e-01 9.763920938543423134e+00
2.245620855523871917e+00 1.151068146070450382e+01
2.434208701907230932e+00 1.163747043028008576e+01
1.488336797250165988e+00 1.147753818634611989e+01
2.313821244613801564e+00 1.152660369266361862e+01
8.714786773868785641e-01 1.042027706111798402e+01
1.997079250092043123e+00 1.204839396794472606e+01
2.022563357009161678e+00 1.164982391034312137e+01
2.264754286212538936e+00 1.211491976605047505e+01
1.058193120925126074e+00 1.120318458182426546e+01
1.841728599279826684e+00 1.172391995032617373e+01
2.093561475642173875e+00 1.124371840626812258e+01
1.778890106406370686e+00 1.176155467800919929e+01
2.098122287605968861e+00 1.090100542743174117e+01
2.388118118797602385e+00 1.188568743530206540e+01
2.101219498590977786e+00 1.183586822084256163e+01
2.149885812953638897e+00 1.194212541364683844e+01
2.234074738283951422e+00 1.223386132256781167e+01
2.184749465900098109e+00 1.207114539908376116e+01
2.327054210306456206e+00 1.201634191511802108e+01
2.532331219944452094e+00 1.203051859055805473e+01
2.417978515310003296e+00 1.230275199478622916e+01
2.169217661435507427e+00 1.158296866012431181e+01
2.024592091277166883e+00 1.146962050024365531e+01
1.996774692793317652e+00 1.198344949224300926e+01
2.174199476782767260e+00 1.159543997660780157e+01
2.398683780284800449e+00 1.184349956939126614e+01
2.193255911660784818e+00 1.136108148920180305e+01
2.206739068941184989e+00 1.165197665833217044e+01
2.211874697796208267e+00 1.180161655182507552e+01
1.886018859589061902e+00 1.133931138357477408e+01
2.002726089419251565e+00 1.230136088982275488e+01
3.907985677013228187e-01 9.394840744117818332e+00
2.269793593239970875e+00 1.152512881545541568e+01
2.480127873514274661e+00 1.263843072588002237e+01
2.296049147825472758e+00 1.232171980794336719e+01
2.001084169597244777e+00 1.131999560262915949e+01
2.244015947306967185e+00 1.227374712383009303e+01
2.251019230259736048e+00 1.120400784716174947e+01
2.254161622610758364e+00 1.280769996869541494e+01
2.668748276321780466e+00 1.234528646693672904e+01
2.326341244217118742e+00 1.203336687769546209e+01
2.312506929475004913e+00 1.173287736742603293e+01
1.841017449493125735e+00 1.186564736169735745e+01
2.291246416405845032e+00 1.247879022675081195e+01
2.541911373074983604e+00 1.226705096921617866e+01
2.294210334149290542e+00 1.144272309941915999e+01
2.136261805387466239e+00 1.182411877343553996e+01
2.132837572667487080e+00 1.178537820371144740e+01
2.395098219544143259e+00 1.250730061783289138e+01
2.237604554785600275e+00 1.263469970869257608e+01
2.571091963274758641e+00 1.236823754486189664e+01
2.085063149739726285e+00 1.148312370725590270e+01
2.387045962953167511e+00 1.202940540136091130e+01
2.028285449930126827e+00 1.190405218275483179e+01
2.253830674800374023e+00 1.206046217171940249e+01
1.683837872304413619e+00 1.129055627047732990e+01
2.167834966083283188e+00 1.232177402721563197e+01
2.365969446815467059e+00 1.260776934277067696e+01
2.387530799519249403e+00 1.283643122466519060e+01
2.646046517237737650e+00 1.249563931445731590e+01
2.116084854540282389e+00 1.154559814295594755e+01
1.286562144401036001e+00 1.158692397932148310e+01
1.944655990595069550e+00 1.239745721416366564e+01
2.075000935193991314e+00 1.145232926627140024e+01
2.365407801029739243e+00 1.169540579679526537e+01
1.923818550771235980e+00 1.161634859455313773e+01
2.035054107049494299e+00 1.143294452925153237e+01
2.430142982962325338e+00 1.237256606621618538e+01
2.199435186532847197e+00 1.183642689513542479e+01
1.957688909865260563e+00 1.164957013887610771e+01
2.304950927642607894e+00 1.222671926073684290e+01
7.870678136209841025e-01 1.014574496586585006e+01
1.991920532090305951e+00 1.175115368745961675e+01
2.291919490813830507e+00 1.111528762601759013e+01
2.118918188034846217e+00 1.162867845895840802e+01
2.432557053803822367e+00 1.206963540245340027e+01
2.228638708685546810e+00 1.124234957092876108e+01
2.376178651127899499e+00 1.227565428370275846e+01
1.535333927611447935e+00 1.166382796893670459e+01
2.048570056782987425e+00 1.157800534477883225e+01
2.418258712058646953e+00 1.194394923554747834e+01
2.130621980451807396e+00 1.138744362236207586e+01
2.311771066536936203e+00 1.163925645055833513e+01
2.603911668973878601e+00 1.235563025567812190e+01
2.107758581502589212e+00 1.178479393498744088e+01
2.347552893611350111e+00 1.199790044871902950e+01
2.210003971899366704e+00 1.166943042299034516e+01
1.771433430213680049e+00 1.218750024337503568e+01
2.014153993315547897e+00 1.222246456083498956e+01
2.217529583440548180e+00 1.130710028310285331e+01
2.233749393595468202e+00 1.191367070957902285e+01
1.814182780154601549e+00 1.206168546905025352e+01
2.216147153982312101e+00 1.200222485027086883e+01
2.201633386679406890e+00 1.123665303827897866e+01
1.456893546875696055e+00 1.150294104561198338e+01
2.506073609841466876e+00 1.261716060182027555e+01
2.037802039559421186e+00 1.141892109775594655e+01
2.222932776427894108e+00 1.158147917975823482e+01
2.038772530562678043e+00 1.243902569161163463e+01
2.401543596507039524e+00 1.220834940732277296e+01
2.039369209255073034e+00 1.195637330811645427e+01
1.678662545406005346e+00 1.178630413953186284e+01
2.145465114411170937e+00 1.162190310483778610e+01
2.471585081921101157e+00 1.246992619115761691e+01
2.263219664582005297e+00 1.197570711267007759e+01
1.349681817592392807e+00 1.124073412333453348e+01
2.171284573746932622e+00 1.202309006065231678e+01
2.218952598145489841e+00 1.242634602601669336e+01
2.296631541053769432e+00 1.249924832817143283e+01
2.144323513534331926e+00 1.211961079272985664e+01
2.015209875983381860e+00 1.221316098528840399e+01
2.355583563918690171e+00 1.243934026588865116e+01
2.155247960487252534e+00 1.124532002318306745e+01
2.195193406807298686e+00 1.124734992749831797e+01
2.151228230021683174e+00 1.259839138347980025e+01
2.328850370959275828e+00 1.235915573857657535e+01
2.223193344969851548e+00 1.189297026418055125e+01
2.330378714838634568e+00 1.150498019655127280e+01
2.344747325165867036e+00 1.191829894545994861e+01
2.320687034718763364e+00 1.178022139468897400e+01
2.289195004198871342e+00 1.165509191938148881e+01
1.540104821568891502e+00 1.121658233946000394e+01
1.985341630820658176e+00 1.179694620142591255e+01
1.823402678702757074e+00 1.180200716937626559e+01
2.037793533004931490e+00 1.158729331498932780e+01
2.252843266643042686e+00 1.182146131093266028e+01
2.089537334027012694e+00 1.138306519656068261e+01
2.172236642749882485e+00 1.143538757506592951e+01
2.286426613357998683e+00 1.151910866711475201e+01
9.394666345870468227e-01 1.121235799941360334e+01
2.170386357219767692e+00 1.218354503993967164e+01
1.691681479128847698e+00 1.190447805604095066e+01
2.099013691492054523e+00 1.158567264664499064e+01
2.260559615007123213e+00 1.166309814497258479e+01
2.292284597414973479e+00 1.181898871361385162e+01
2.570802748449644515e+00 1.252392794537881393e+01
2.443072919760669759e+00 1.189746964140503671e+01
2.230690071894832816e+00 1.136940756317171797e+01
2.429748918830836324e+00 1.151266819120900209e+01
1.908758206678350833e+00 1.185652499279729533e+01
6.488190341235411385e-01 1.118172538280779982e+01
1.874472898490701311e+00 1.181376799408880096e+01
3.745641893037806036e-01 8.797280356267464185e+00
2.530321357017030426e+00 1.194273905086914134e+01
2.273921880709156351e+00 1.160135741979643775e+01
2.055559877855940076e+00 1.173057947520586808e+01
2.037701435034718234e+00 1.227210738435792514e+01
1.636194635090763017e+00 1.189650261581176593e+01
2.334080266895716793e+00 1.224989982022341550e+01
2.635213173171128354e+00 1.233425215404323261e+01
2.189486024555532762e+00 1.158593867613879880e+01
2.186407788889616288e+00 1.082275668549952030e+01
1.946129242759250033e+00 1.167516073791905917e+01
2.264418923693422681e+00 1.184609514251127216e+01
2.335309858973005692e+00 1.171082185052373603e+01
2.355977989238084103e+00 1.249930990948824139e+01
2.308686831985718335e+00 1.235097307216905449e+01
1.028166648018043805e+00 1.108377891090331779e+01
2.587643062548696804e+00 1.222424848040322765e+01
2.340477863484186294e+00 1.219944563059241815e+01
1.542486128534753531e+00 1.164128763460024274e+01
1.521502725391269184e+00 1.193175950935407847e+01
2.303207013762477828e+00 1.157665914498842952e+01
2.400866836317025133e+00 1.228130423632427792e+01
2.274768121018470257e+00 1.184566829471571126e+01
2.045679943090722208e+00 1.206750720650902764e+01
2.108213085098225026e+00 1.148309251470364600e+01
1.833128298582771487e+00 1.229914669888865930e+01
2.155599835282747900e+00 1.176001865492446541e+01
2.440464949749895585e+00 1.157761924746540139e+01
2.125694181929170590e+00 1.194614324320631304e+01
2.330898284642951346e+00 1.185391239685523246e+01
2.211688133779098564e+00 1.206514240008230487e+01
2.172468933425966142e+00 1.154918207658638174e+01
1.528300098034325094e+00 1.151478433722446049e+01
2.499989696380262583e+00 1.266660997577230674e+01
2.144317325088711979e+00 1.146292247989575230e+01
1.062025234937075346e+00 1.075691048732167054e+01
1.696473834710061412e+00 1.142213744963737909e+01
2.376758267568897853e+00 1.221953193054667253e+01
2.133023398364854994e+00 1.152595237399439831e+01
9.434531445744622769e-01 1.076467157951910991e+01
2.019267258606526561e+00 1.190049044162405956e+01
2.324523314449758349e+00 1.148603657388379418e+01
2.504638633756022248e+00 1.206812252863380763e+01
8.613115329873097803e-01 1.134436532797740504e+01
2.394743065408612814e+00 1.183626518638818048e+01
1.951661850218982641e+00 1.250364454692990535e+01
2.159812311267607310e+00 1.147877408554904832e+01
2.430316150041100354e+00 1.236602296644701937e+01
2.226627273568253518e+00 1.160663366082557069e+01
1.201254774541578252e+00 1.190054154966628097e+01
1.873032671779984559e+00 1.154119344532906588e+01
1.321413288379485573e+00 1.115274055665843100e+01
1.743354369530484727e+00 1.215307594857624807e+01
2.077575928868290678e+00 1.132854782079913569e+01
2.452214591683147482e+00 1.186002717923103766e+01
2.274042049495431428e+00 1.112702507358900306e+01
2.426677339457683491e+00 1.173690107180103226e+01
1.386261230928721444e+00 1.120610950549352758e+01
2.278274842460638272e+00 1.144008769500451805e+01
1.865904804076687906e+00 1.182310658731287845e+01
2.240829357228598440e+00 1.180067726394273109e+01
2.018343558934060589e+00 1.195093070396880996e+01
1.836693046270457597e+00 1.155604358491511263e+01
1.693236894097840617e+00 1.173023504504089054e+01
1.213636811302841956e+00 1.076092409266347794e+01
1.051733692341559001e+00 1.098872215740008329e+01
2.285079669568890637e+00 1.221425419260291889e+01
1.814928510212294732e+00 1.202709220435548865e+01
2.482097775588234967e+00 1.252134658742436990e+01
2.289433321845140146e+00 1.167185202886545881e+01
2.013415007268501977e+00 1.199276814737287644e+01
2.194486588442753572e+00 1.112161433392929588e+01
2.188191003068043372e+00 1.153581570040628534e+01
2.363286475267060371e+00 1.208913562447648182e+01
2.195337542038720002e+00 1.089180320421029791e+01
1.645085275222184729e+00 1.149789933554565025e+01
2.660509978029972356e+00 1.250352887954137771e+01
2.036311845851158875e+00 1.107804780262161337e+01
2.302918948030352020e+00 1.215840273327915710e+01
2.432715917372642256e+00 1.209351371880936732e+01
1.897971019148777749e+00 1.234159467663061172e+01
2.139355225907650926e+00 1.204002122771634298e+01
2.014404839484976950e+00 1.211049397729385824e+01
2.097187641568420080e+00 1.176939576433207080e+01
2.441899502414738965e+00 1.221143825976556130e+01
2.387625203631073667e+00 1.224153205364088137e+01
2.108354317702066716e+00 1.162210979878325467e+01
2.309634948650559849e+00 1.201334431888993670e+01
2.167135888051063830e+00 1.177791203362267147e+01
2.598144328263617631e+00 1.227794410641926959e+01
2.594602972207145086e+00 1.263202548253229374e+01
2.321170240079222680e+00 1.155895868496632239e+01
2.640393741240574244e+00 1.262009582870170554e+01
1.520470921168870948e+00 1.185970058285235851e+01
2.141472597290203339e+00 1.186207818265256719e+01
6.872504662673013520e-01 9.741826141478899359e+00
1.527011411328696999e+00 1.196285108469420777e+01
2.212259284722768449e+00 1.161562278008090132e+01
2.109445460857684473e+00 1.172925807209186644e+01
2.138302302605624483e+00 1.219324930999819578e+01
2.095038015128520392e+00 1.181835765662579618e+01
1.096237913584231061e+00 1.088796449494265772e+01
2.197935341843565205e+00 1.212399277249759599e+01
5.987204876245574292e-01 1.028831719174838355e+01
1.651110663844588489e+00 1.214745240173813023e+01
2.105230834696573350e+00 1.149511138196978166e+01
2.261793175563703961e+00 1.187190275031146314e+01
2.261774515099201910e+00 1.131626300375480199e+01
7.426855075387520655e-01 1.001022061861271872e+01
2.095671368101500232e+00 1.114452919095902850e+01
1.887696217452839553e+00 1.185172988154588936e+01
2.404873285045994180e+00 1.189369182584580464e+01
6.470442321747713610e-01 1.103981371993589455e+01
1.677710680173524427e+00 1.159649425341764228e+01
1.709935167667170575e+00 1.228810568404738568e+01
1.076264707859319048e+00 1.137772192116602987e+01
2.085263938382046156e+00 1.131665874372481184e+01
2.173588886584087998e+00 1.176271058493948729e+01
2.151660214523960946e+00 1.136785971775181636e+01
1.723367658617615872e+00 1.192977589849184206e+01
2.227182053402282591e+00 1.173906534232664534e+01
2.353204700671487792e+00 1.173736699582937248e+01
2.009718404448459506e+00 1.142922830140922130e+01
1.991076654382308408e+00 1.212816041757573160e+01
1.592535172669394372e+00 1.181595678474850430e+01
2.371561815627069691e+00 1.197659775062770748e+01
1.014639984612147217e+00 1.106681260500728570e+01
2.130191697821215868e+00 1.120740798105170732e+01
1.693227375105671451e+00 1.192261084620138689e+01
2.227483304507948514e+00 1.222343425700221253e+01
2.444916203455393955e+00 1.228876440694750372e+01
2.049261737393273997e+00 1.194821264532685134e+01
2.198309889399013617e+00 1.169879887342062119e+01
2.296609739439928521e+00 1.123590958241457116e+01
2.307855826375401431e+00 1.238362358966507415e+01
2.319934865075632846e+00 1.178974877954338218e+01
1.871772281709920716e+00 1.170823240000332888e+01
2.195929832316645847e+00 1.145783720599940736e+01
2.148653468483598061e+00 1.245571931198451132e+01
2.267534215712943002e+00 1.190361421878621506e+01
2.164297775821045100e+00 1.139686203199406833e+01
2.340828935681279255e+00 1.210514886621958652e+01
1.593738606572486338e+00 1.180095521834043737e+01
2.193511936414036967e+00 1.143265156927773241e+01
2.406386095499804867e+00 1.223537618967259455e+01
2.160435614332596455e+00 1.205752465260405160e+01
2.116914023135567646e+00 1.138286066821073206e+01
8.761340136182075300e-01 1.047679741900518202e+01
1.737292918620331861e+00 1.201493376452396156e+01
2.538446926241293866e+00 1.253652438705882766e+01
1.985655999629852397e+00 1.184476786001145854e+01
1.933845968718195474e+00 1.171448252682434621e+01
2.154377731614874225e+00 1.233015618265942592e+01
2.106153278451303734e+00 1.131343828281802821e+01
1.353764888733231420e+00 1.091228046903190219e+01
2.006627215599209535e+00 1.191625517379809196e+01
2.082617384928757254e+00 1.178396031779193365e+01
2.245429308279983438e+00 1.229787110421866103e+01
2.087214151051402400e+00 1.168771362643254719e+01
2.332902285083370941e+00 1.198005774214179731e+01
2.290714476851351655e+00 1.231785613334685259e+01
2.064432786898833694e+00 1.142066078153183462e+01
2.141048558869244278e+00 1.157307153003242561e+01
1.880650990550213342e+00 1.178851985512221745e+01
2.193508026238677466e+00 1.125490967268851072e+01
1.055644524929677308e+00 1.126469512314521992e+01
2.294338723329676366e+00 1.161156622173283104e+01
2.445512674490774696e+00 1.259313884547912465e+01
2.074330984059405747e+00 1.163563922413813501e+01
8.831590513450585656e-01 1.083760860338762200e+01
2.134163438564947057e+00 1.172146722860929025e+01
2.544668121131372640e+00 1.236547872145665572e+01
2.354803601518314249e+00 1.177614758445050747e+01
2.092748304686606442e+00 1.214706348528605950e+01
1.601178422671727608e+00 1.180568694893988813e+01
2.561023093180027299e+00 1.256389090871982361e+01
2.076705264407195273e+00 1.206421725842515258e+01
2.214044300350968886e+00 1.181274498841311349e+01
2.152806687521794160e+00 1.144959405334734193e+01
1.900936754055334577e+00 1.172045836025432841e+01
2.033742585227074517e+00 1.212364141880124535e+01
2.486068516801685835e+00 1.224711568645669857e+01
9.852784284457475339e-01 1.119079769744847042e+01
2.279580009118079786e+00 1.208566884383356665e+01
1.766005987362165408e+00 1.196442271090477050e+01
2.099612753098061280e+00 1.176988309287970580e+01
2.156971429253195183e+00 1.116239656351517873e+01
2.389263773580682759e+00 1.180099854866583797e+01
2.152245706188325780e+00 1.132871238146488579e+01
2.230478709838561890e+00 1.163072098303521784e+01
2.103176294219589959e+00 1.147706241384956094e+01
2.286638516699924573e+00 1.207009752731030972e+01
2.253012768224435192e+00 1.192248591819539705e+01
2.029960097611971825e+00 1.212263449684638950e+01
2.247416204222205671e+00 1.170097935296593938e+01
1.719787433855795022e+00 1.195697900998740160e+01
2.225998799799592920e+00 1.086500325808977863e+01
2.071032100618117155e+00 1.151176223600180748e+01
2.295488319812449163e+00 1.218906298579285874e+01
2.180565085550445481e+00 1.105462937575064331e+01
2.273407232401094991e+00 1.231178174758729504e+01
1.904500690086002201e+00 1.146039641054773206e+01
1.577321347739630841e+00 1.186908087092201924e+01
1.571554579158459530e+00 1.195958311394712936e+01
2.372944975468481932e+00 1.195315133483523518e+01
1.988737533275910074e+00 1.207901412092966886e+01
2.180115469528219663e+00 1.157874003293470722e+01
2.416272331173410670e+00 1.158540616482251373e+01
1.093007229890281540e+00 1.065913913282623326e+01
9.129393644228545046e-01 1.084288651419012517e+01
2.300293542169056238e+00 1.208368672871517013e+01
2.429579617392080504e+00 1.234169766587567985e+01
1.746156490097058978e+00 1.198860670818825902e+01
2.272016927088102989e+00 1.233871227097150225e+01
1.707665599594271777e+00 1.144004683904247166e+01
2.349646771991430683e+00 1.144418828289927426e+01
2.228489891145370994e+00 1.136835153560907763e+01
2.099894400601892031e+00 1.184213388916124288e+01
2.068063273719662920e+00 1.149728205120745272e+01
1.741436303796452201e+00 1.202105356637658318e+01
2.191217832999551973e+00 1.141192888232747826e+01
2.487409404907664268e+00 1.218307185787130820e+01
2.257328522239908875e+00 1.131560858283532767e+01
2.151515771546335554e+00 1.186330349633347403e+01
1.860682451181955743e+00 1.160859357891035337e+01
2.129467908858645675e+00 1.162652496115609146e+01
6.872784764327918294e-01 1.002744596841430891e+01
1.851579218043579278e+00 1.176267553355283368e+01
2.552377949478308317e+00 1.223884322021616455e+01
1.955459957660032666e+00 1.212523422354797376e+01
2.294969970662303016e+00 1.098812383545045890e+01
2.219278108151375495e+00 1.217604711365891923e+01
2.206252494068584813e+00 1.152695120005378016e+01
2.095876888983713382e+00 1.187783845425079754e+01
2.547375517894991503e+00 1.185365952457366667e+01
2.537607874356045290e+00 1.222655342917003907e+01
2.130331888158418785e+00 1.147070246314984665e+01
2.616385003468634896e+00 1.215310295865180379e+01
2.148907046978143054e+00 1.174424961949078572e+01
2.299720239613414208e+00 1.177287727709975940e+01
2.236325008646012691e+00 1.240090652880830646e+01
2.485697799015369913e+00 1.189113929417061399e+01
2.566467533556856306e+00 1.209328582442277167e+01
2.156148174663851336e+00 1.132749694817900732e+01
2.163573912602285709e+00 1.208754935354606985e+01
2.291946784486985411e+00 1.125462791054267697e+01
2.464645293375085089e+00 1.240838622177090045e+01
1.910487300568319391e+00 1.231903503066591909e+01
2.282907520680124147e+00 1.194608465937734643e+01
1.116761500857879508e+00 1.094052172218331798e+01
1.945671125708291260e+00 1.162765609772459818e+01
1.418044985340473296e+00 1.168879606943294824e+01
5.469475092875081268e-01 1.099721052016956513e+01
7.422525255921137433e-01 1.093766952771646217e+01
2.412401766477882070e+00 1.194403394009957076e+01
2.355863475175198563e+00 1.203930938866895772e+01
2.273915307545439912e+00 1.168189558678704820e+01
2.106943984455729169e+00 1.188291786005507689e+01
2.107297918373301826e+00 1.100817449624729782e+01
2.346123107322034773e+00 1.149377835186637675e+01
2.206617975573994084e+00 1.182555725955042725e+01
2.040707577502867576e+00 1.198861613263535020e+01
2.285916839841744430e+00 1.180673324328654417e+01
2.348607286681421602e+00 1.173215999987071001e+01
1.728327416336683964e+00 1.163878461484046234e+01
2.269255396821133530e+00 1.202479051537567045e+01
2.131079711914808161e+00 1.200314944906318715e+01
2.214845834537154445e+00 1.163837674074043704e+01
2.552689422756018622e+00 1.240685997811187136e+01
2.236731335459936076e+00 1.149508552092488323e+01
2.446369379184530235e+00 1.178849627630455643e+01
2.245443802223118013e+00 1.179610835376430344e+01
1.736703065046923511e+00 1.159046166178730530e+01
2.303588741877091284e+00 1.142950416268046432e+01
2.265713203127137643e+00 1.160201942028666799e+01
2.156886959195653652e+00 1.154176987971464818e+01
2.563613742835529230e+00 1.207014138851190133e+01
2.422867902665652107e+00 1.164614018706043908e+01
2.545810342007339688e+00 1.235361475256710762e+01
2.339556407106268221e+00 1.210412379678068717e+01
2.535433808644608433e+00 1.253093530980052606e+01
1.042089970882845940e+00 1.183610086519806259e+01
2.260078285810255494e+00 1.209260306323256629e+01
2.396735276351647403e+00 1.247762395992653417e+01
1.960668184888497700e+00 1.200466445295320561e+01
2.414927350236048653e+00 1.181894622398333361e+01
1.207182136833354846e+00 1.142022200898593098e+01
2.168471972300950235e+00 1.155744929150951705e+01
2.322839495626484396e+00 1.197515383504208408e+01
2.159557549320286540e+00 1.226809495615338186e+01
2.306683078934214759e+00 1.121756815641158944e+01
2.155434113296257781e+00 1.178918678413572430e+01
1.431204230787890497e+00 1.124454750245408441e+01
2.285948522609663858e+00 1.224895569545164697e+01
1.081270907618368415e+00 1.107417139342698498e+01
2.044834974089031920e+00 1.232049109959169009e+01
5.989467627785394210e-01 1.036424641705779592e+01
1.909168589361982304e+00 1.186261618360244263e+01
2.304859312711501573e+00 1.149205320783944728e+01
1.772442517220573110e+00 1.208590147234337486e+01
2.183336747182342830e+00 1.161805412822553230e+01
2.127488001858034661e+00 1.127045009820836974e+01
1.676917881146542832e+00 1.208255076132027916e+01
1.377206656029079435e+00 1.151004487384336805e+01
2.343352983302899872e+00 1.280127442514803704e+01
2.359416461266225618e+00 1.155859416199150225e+01
2.440279715707732500e+00 1.213919836163013066e+01
1.055880349838064225e+00 1.071887172839136326e+01
2.390130416772098698e+00 1.148632071400905019e+01
2.455178257134809972e+00 1.164768848821552005e+01
2.236101722688043303e+00 1.094972612247310551e+01
2.133023887522015993e+00 1.176233545035754346e+01
2.174888508352057936e+00 1.157204664497668922e+01
2.362839226332198894e+00 1.262257718044089572e+01
1.129408808147177146e+00 1.143882910199791603e+01
2.220317774819080991e+00 1.235253468944433131e+01
2.614694544026399115e+00 1.214376206372973677e+01
2.412810521255648322e+00 1.202532481092352334e+01
7.206691989019790023e-01 9.982477082232728449e+00
2.090533788155814143e+00 1.172711213879505365e+01
2.178173556759932517e+00 1.199839385747986142e+01
1.986212329757181427e+00 1.211103291323614606e+01
2.077880712996319712e+00 1.129334830603996309e+01
2.093194530207285187e+00 1.192630506318248429e+01
2.156420905247532271e+00 1.139093736110905120e+01
1.622841100760589628e+00 1.161033841040766745e+01
2.426464434714395768e+00 1.223457880965978184e+01
1.548557089525885333e+00 1.131816079053832524e+01
2.267515314367524404e+00 1.177562422043707535e+01
2.111893350765935651e+00 1.174722170281896183e+01
2.012332868401099262e+00 1.195203657114607232e+01
2.493284551754875622e+00 1.206169023527297490e+01
2.065189114176325447e+00 1.180641923996160081e+01
2.055599179468093229e+00 1.154200496707816548e+01
2.144758983732485191e+00 1.174619697773764848e+01
2.139156729827697223e+00 1.165645370501253453e+01
2.237345554812275150e+00 1.211835255262043098e+01
1.848968532246774155e+00 1.151656823651969219e+01
2.122712351175424228e+00 1.255236145072409037e+01
1.876330739053007068e+00 1.137755089763232519e+01
2.355496619870839581e+00 1.209487800093700649e+01
2.186257638389186297e+00 1.243030984417979212e+01
2.033741218433254616e+00 1.161293436523699896e+01
1.800071005746307851e+00 1.198919834617130498e+01
2.330195645751846456e+00 1.207913271932214272e+01
2.348589383967626176e+00 1.197111744080654105e+01
2.358481647156099648e+00 1.207754442522918836e+01
2.429409734937705512e+00 1.161385248797859759e+01
2.298195735861132238e+00 1.144376054623517369e+01
1.992463828731203535e+00 1.178371409825525262e+01
2.530447075033442239e+00 1.255155450248013693e+01
1.867951795481262556e+00 1.194677917615202567e+01
2.459759847378768072e+00 1.201818092519116199e+01
1.785886716805738850e+00 1.192865791246207507e+01
2.172395991227612733e+00 1.186479644505043929e+01
2.353522704589833037e+00 1.169952477777303024e+01
2.115053793072671606e+00 1.225917781342715962e+01
2.086146579216852981e+00 1.237257049155722122e+01
2.224281136190551234e+00 1.241705033586041296e+01
2.092025723308008622e+00 1.181210628142132713e+01
9.569241521317205512e-01 1.068250180985398146e+01
2.401718934997687516e+00 1.199103432909650735e+01
2.260675857141003942e+00 1.172223176704819103e+01
1.854302667805304505e+00 1.164970075315476095e+01
2.095197636863023405e+00 1.096044820455918334e+01
2.272421391809190450e+00 1.210055595210393165e+01
1.958734811509603935e+00 1.146200361056369665e+01
1.642492198160221406e+00 1.181963128574959221e+01
2.331051538453218885e+00 1.165534386223018437e+01
2.197572040277231409e+00 1.161163754780223201e+01
2.115680613474070881e+00 1.204557513311077166e+01
2.532624881582240306e+00 1.218137344504715180e+01
2.561249777977556707e+00 1.255632212902639999e+01
1.979064682185182056e+00 1.138839117705365567e+01
1.599110051853679382e+00 1.195686858852020862e+01
2.307626405931364921e+00 1.275770571518424035e+01
1.756535801149670561e+00 1.134422650918106967e+01
2.099361724624009717e+00 1.178021303227514416e+01
2.130474444500291664e+00 1.131816169209460199e+01
3.978957018142630919e-01 9.506233715004432483e+00
1.727337531487066924e+00 1.165404010972240556e+01
2.155949857643194800e+00 1.174143376829866625e+01
6.239385519120933532e-01 1.092733321775089550e+01
2.394504170098036067e+00 1.149787361615670633e+01
6.869520961636731426e-01 9.910595140687599169e+00
2.113488128049984205e+00 1.160746989286469955e+01
1.752792486434227026e+00 1.194600543785158564e+01
2.525898596122875261e+00 1.230072218656062688e+01
1.678503057786842056e+00 1.153563438042725409e+01
2.396894105720599910e+00 1.271556829826142376e+01
2.194447578887104289e+00 1.158836890700849942e+01
1.772453483211713809e+00 1.188044964515242441e+01
2.352424565051627336e+00 1.205778600226995856e+01
2.045598742882484000e+00 1.189452694357066243e+01
2.120079698239780708e+00 1.169722914378944623e+01
2.271506949810265130e+00 1.184975521619614014e+01
1.831177252380649767e+00 1.173529113796834800e+01
2.564032856057794962e+00 1.224458139527667377e+01
2.192540602215960810e+00 1.182784101602592308e+01
2.129123467087320254e+00 1.164313368713940022e+01
1.513826223699325402e+00 1.188888258067730419e+01
2.573788695592627018e+00 1.225352681200602767e+01
2.110742125888809717e+00 1.202177917763263260e+01
2.299440513401993957e+00 1.117006356776959031e+01
6.669639844095693881e-01 1.101622673654493489e+01
1.019832254006727501e+00 1.121933671913823538e+01
2.304257770360417013e+00 1.243223047937088133e+01
2.102737437282441224e+00 1.135183706979489493e+01
2.289577048581278085e+00 1.148140353852237538e+01
2.188276768091895974e+00 1.131110290304384414e+01
2.133140992694920079e+00 1.148097322531136655e+01
6.701909918452576553e-01 1.114678035867029848e+01
1.932598460629728176e+00 1.191410771533288759e+01
2.629041639804988506e+00 1.254873840133040730e+01
2.176577642456257067e+00 1.200403980171489060e+01
1.930765818249851273e+00 1.215063497180166685e+01
4.970465377580702282e-01 1.004428426037671507e+01
2.382485156415208305e+00 1.200608639977786751e+01
2.231417745429529642e+00 1.172828238440242643e+01
2.040103779455561206e+00 1.215949979844285878e+01
2.298240274208512623e+00 1.220422321410612909e+01
2.168231843361505984e+00 1.214716762200444755e+01
1.796857756758651670e+00 1.145583757080007281e+01
8.974219752850257636e-01 1.137462617943134013e+01
2.188728764511765235e+00 1.160452349584590870e+01
2.032686715120500587e+00 1.200882115952210505e+01
2.336759353609973999e+00 1.187892901600354989e+01
2.246080809266042255e+00 1.200891902208297068e+01
2.120852612419277250e+00 1.181544708343459682e+01
1.960427099146272889e+00 1.156721971109675273e+01
2.335854809659581921e+00 1.182769926976992458e+01
1.606999779242435755e+00 1.177255044384743066e+01
2.169575066714807932e+00 1.137113417332927767e+01
1.769156790603727769e+00 1.197383727423794042e+01
2.290235328171372320e+00 1.173036031793000156e+01
1.865287873079867653e+00 1.150005751054112757e+01
2.122413837853876828e+00 1.204513844184885230e+01
1.962333979839785414e+00 1.208414811877219996e+01
2.134863749801031219e+00 1.159978566890364071e+01
2.356872478520952274e+00 1.205277266208060638e+01
2.255769506572142813e+00 1.235319290381281121e+01
2.346387369461660821e+00 1.229866683829868457e+01
3.036071988366469965e-01 9.032659509758371286e+00
2.309380593377367674e+00 1.182630626830898279e+01
2.497157065162715739e+00 1.272666790055647112e+01
1.392932341185695755e+00 1.173007663640495579e+01
2.402687255236220842e+00 1.219719556466850463e+01
2.339525116901208346e+00 1.209778274558323119e+01
1.480639672160613429e+00 1.139218035865997258e+01
1.999481518163271909e+00 1.162275314656388403e+01
1.286999831612904988e+00 1.132618906192842623e+01
2.222517295046439134e+00 1.208038997711616069e+01
2.159411882584223452e+00 1.132291733650382604e+01
2.089290450367896845e+00 1.115398336516112821e+01
2.340843700968659569e+00 1.202524029935164229e+01
1.142239722754382791e+00 1.122538276375122557e+01
2.455830770437759991e+00 1.209830783046226976e+01
2.234202670735588647e+00 1.182147566768420788e+01
2.060012240817799878e+00 1.141660332158120283e+01
6.560543183775650045e-01 1.094030689448913130e+01
2.085490118358881428e+00 1.157148187716267529e+01
1.969771569637704278e+00 1.188945028481155219e+01
2.258823190899672539e+00 1.094506068989200465e+01
2.596071442217657399e+00 1.251179412608186681e+01
2.183881058172709722e+00 1.214265564300403000e+01
2.218627322930950552e+00 1.142091699971047269e+01
2.255802990535524355e+00 1.273514277593120525e+01
1.996611533479097256e+00 1.172003630321830947e+01
2.482971588681750941e+00 1.168418755952399479e+01
2.255273246993865666e+00 1.144553323326396743e+01
2.179858601665297879e+00 1.108687344611267633e+01
2.358667571553204390e+00 1.267294083431615270e+01
1.537758297748241354e+00 1.122172308240780225e+01
2.143777676031204837e+00 1.121525777222985454e+01
2.484777947196333159e+00 1.215465077278328643e+01
2.171279299143631825e+00 1.114678417291259827e+01
2.402244398520785751e+00 1.188472701954172273e+01
2.319476173465968127e+00 1.149489076121354891e+01
1.862027787373859988e+00 1.196765319091920254e+01
2.048106872795809164e+00 1.222247913290515342e+01
2.022729182651707536e+00 1.234025607115256129e+01
1.805745292479970177e+00 1.203444717948983644e+01
1.315347277114973013e+00 1.107931705047626281e+01
2.141791418542136505e+00 1.146167815500920106e+01
2.216658327366621162e+00 1.188756730055293787e+01
4.838374157135824083e-01 9.895828546408610649e+00
2.127640777598055255e+00 1.166217748488137751e+01
2.335948478794742655e+00 1.156967449738313469e+01
2.457531725931597411e+00 1.206640829827529338e+01
2.108783949292599935e+00 1.170009502669255674e+01
2.326621787729973523e+00 1.191337892103410745e+01
2.315306802539664588e+00 1.184566641068177084e+01
2.256280452814731774e+00 1.240208797424177156e+01
2.207529609022935269e+00 1.214795293494793604e+01
1.751736741567812894e+00 1.162916212218875778e+01
2.126933521028596008e+00 1.188569242151924144e+01
2.122149185839253160e+00 1.204150946268350530e+01
2.514231267399259284e+00 1.222022822080901427e+01
5.007034373244223513e-01 9.708123427696392582e+00
2.173923502230395766e+00 1.215703770499237635e+01
2.029406774826040927e+00 1.204449376861726151e+01
2.209284053911553691e+00 1.179100198343063965e+01
1.538852690447720439e+00 1.131000341548079646e+01
8.020161354673351894e-01 1.026172747292899601e+01
2.254056163582363492e+00 1.169596996372007780e+01
1.981574362968496317e+00 1.183766731157097496e+01
2.177427903829660671e+00 1.225285688056350253e+01
2.243258949089217857e+00 1.204209603186829902e+01
2.401893327579383897e+00 1.202204837619559541e+01
2.064819137556471951e+00 1.209083181586698430e+01
7.762815219033082359e-01 1.043309656235316218e+01
1.968166931685587651e+00 1.207871006352753795e+01
2.187740649296568307e+00 1.169816939118559063e+01
2.255985059048952301e+00 1.200873867038196963e+01
1.004353433815275309e+00 1.094421910148205512e+01
2.289916305839979405e+00 1.220924775847434596e+01
6.808828067369929737e-01 9.997894182952254738e+00
2.157633963145518585e+00 1.168690766980320994e+01
1.586513236133816118e+00 1.199542920528918089e+01
2.287038276056191144e+00 1.202582195740187387e+01
2.201559116988129450e+00 1.179719655104339182e+01
1.928582470895302103e+00 1.183499112158492395e+01
2.062640549603565798e+00 1.180921805703049365e+01
2.125476939805757137e+00 1.139687745209350034e+01
1.780706994031384438e+00 1.160050830095839025e+01
6.446139538301814964e-01 1.019129946638728335e+01
2.217681585344604578e+00 1.208317945195098453e+01
2.441558211041338744e+00 1.176220774192077378e+01
2.389484147824233240e+00 1.266419195477718063e+01
2.169022192902176904e+00 1.153989843632298040e+01
2.487983296627369612e+00 1.202573721241905780e+01
2.182350265873385542e+00 1.117552407827722760e+01
9.664071732404934112e-01 1.064927135299135941e+01
2.217692339671187618e+00 1.189679977589117676e+01
2.078757861100018367e+00 1.175979563880442669e+01
2.169572471067084063e+00 1.134528131600302103e+01
1.139958370311422664e+00 1.082570976531791551e+01
2.390169598924084315e+00 1.196717436466069273e+01
1.946798908521054194e+00 1.194800732935497223e+01
1.794382757922172722e+00 1.202709077441306995e+01
1.924040354912516460e+00 1.202018297359029120e+01
9.635178926650006526e-01 1.045489479466369076e+01
2.229451899802601833e+00 1.166135895156622126e+01
2.027861014533834272e+00 1.155727863714974823e+01
1.952027594841839298e+00 1.179035975491522592e+01
2.210752029145874875e+00 1.212054191352131305e+01
2.228665435733752975e+00 1.223415320706065046e+01
2.023577739239013962e+00 1.220595025483818752e+01
2.419462666454097910e+00 1.239303908967681878e+01
1.895994687743684404e+00 1.222427507305633121e+01
2.235218012522699027e+00 1.165885065142872712e+01
1.859051019700406648e+00 1.189489350622407571e+01
2.278765877161364806e+00 1.189191048040374810e+01
2.313163356378100666e+00 1.205171335840039681e+01
1.552642317858027754e+00 1.157107184920916154e+01
2.445436843794596360e+00 1.173615719475591312e+01
2.179951565985341233e+00 1.188211237914953777e+01
2.117925184174662689e+00 1.193167498045586328e+01
2.333370211786873760e+00 1.167296431230348119e+01
2.181146368794735668e+00 1.179960533366617526e+01
1.815906828902749348e+00 1.157474704312329195e+01
2.100344267807824128e+00 1.193064889988106891e+01
2.299017157233570252e+00 1.173479610714657007e+01
4.466548830498754952e-01 9.777465288864892301e+00
2.160268181127677156e+00 1.135655757668829047e+01
2.158172140242260006e+00 1.153079128890573735e+01
2.308712801915350887e+00 1.156108324102181406e+01
2.229868168999827649e+00 1.174190705594885209e+01
2.101009406308250060e+00 1.155480127638965193e+01
2.305461579092575874e+00 1.218957878477512402e+01
2.071953472637528382e+00 1.163187793074704501e+01
1.054648859055079546e+00 1.094458529291362936e+01
4.837240968138543651e-01 9.686753039209111904e+00
2.382891223041197382e+00 1.227060965048619146e+01
2.413364853172034863e+00 1.176519064392429748e+01
2.399588213616162147e+00 1.188850412745451557e+01
2.461323343132009178e+00 1.172837570097770943e+01
5.446115976093286459e-01 1.022741518406195027e+01
2.315116259941198518e+00 1.143054125114509390e+01
2.394980212213767334e+00 1.199039595489654708e+01
2.504476162269056783e+00 1.221595041525491965e+01
2.163181380151737443e+00 1.224607607918509267e+01
2.171030939290782946e+00 1.201263149976516154e+01
2.166581373524976595e+00 1.201078360877149898e+01
1.660025999546367093e+00 1.162649726343851597e+01
2.539337238133411834e+00 1.232679909674774166e+01
2.376879167455505648e+00 1.158451232069118220e+01
2.437624354851136488e+00 1.191262975123985157e+01
2.496985126111203712e+00 1.208345616207300033e+01
2.298399217259080807e+00 1.228478149952486831e+01
2.366152905646070614e+00 1.160727837140356833e+01
2.061273571482888922e+00 1.119184116514868066e+01
1.443787348219216282e+00 1.163705167283377762e+01
1.181418526849778106e+00 1.112719890857137450e+01
2.361351862708862992e+00 1.180727397724216843e+01
2.280062902635022759e+00 1.211958735457684355e+01
1.820857173972681764e+00 1.182465759330849231e+01
2.154995162102526063e+00 1.156785354840372904e+01
2.244187900724532003e+00 1.159190331359651793e+01
2.167316622073624188e+00 1.212151011032630521e+01
2.232860345360565990e+00 1.123561736483015849e+01
2.281401127646449201e+00 1.162909618944081203e+01
1.800487156109746412e+00 1.182128681411094107e+01
1.125542929260050062e+00 1.143349005711997179e+01
2.364557666184097684e+00 1.131227283529078065e+01
2.235422962833238714e+00 1.160008717307426451e+01
7.085501419957780378e-01 1.106177110739321989e+01
1.841175727994448064e+00 1.162408212872787416e+01
1.458753375566717025e+00 1.171857747205194933e+01
1.941724419590291628e+00 1.196359925202371599e+01
1.679219282106947153e+00 1.144614705143902533e+01
2.169256389574063526e+00 1.137538359488936202e+01
2.433562078631719583e+00 1.164651780912284096e+01
2.040303751438782065e+00 1.147775219989453355e+01
2.164638604169911940e+00 1.125018992310727306e+01
2.226470399217343576e+00 1.104776123661562615e+01
2.281876935996301370e+00 1.161143605403717416e+01
2.144865369010888756e+00 1.173668419072241242e+01
2.267258440386429985e+00 1.115656515369792956e+01
2.342099376146252077e+00 1.119471475644544256e+01
1.722090513393388145e+00 1.201154043576184627e+01
1.801106676721158983e+00 1.155383269367952082e+01
1.352317128729859652e+00 1.153728085749148313e+01
2.322050683157824480e+00 1.134272624078890246e+01
6.312667483436688043e-01 1.111743889135669505e+01
2.286138924722111110e+00 1.129036019718333783e+01
2.255151278467805387e+00 1.160628183160265614e+01
2.392795517283162088e+00 1.167278104923478566e+01
1.797049893331287951e+00 1.147392431785301703e+01
2.397817235412971204e+00 1.141970389051513557e+01
1.883027574719271513e+00 1.191844001233842221e+01
2.056061301009366460e+00 1.182951096195948537e+01
2.409713823987151837e+00 1.226771457128987919e+01
1.732416717811556595e+00 1.188229373702808900e+01
2.179593883807784405e+00 1.198525399348519471e+01
2.329916658373508032e+00 1.119041493980911817e+01
2.403878983914276013e+00 1.198178093909938546e+01
2.371647023133979459e+00 1.252310817207508720e+01
2.108583426361490876e+00 1.190628969413967120e+01
2.108788961976689080e+00 1.151599556647117772e+01
2.219162979434038618e+00 1.125211457734240028e+01
1.910995910119443808e+00 1.166356170898664324e+01
2.476487491419855136e+00 1.192992192363968584e+01
2.338123789935685259e+00 1.226807699430354148e+01
2.414486473031328018e+00 1.203582452341707665e+01
2.279236590820741259e+00 1.167211447600113061e+01
1.921506031790713998e+00 1.178097197015389064e+01
2.184571181879290336e+00 1.179610657865718082e+01
2.321269089876540903e+00 1.160138834535399610e+01
1.962466057057068891e+00 1.231505907886972828e+01
2.333533002587061311e+00 1.197467341603907265e+01
2.082143313144116714e+00 1.187502950516826239e+01
1.984879953637912919e+00 1.161807439384478613e+01
2.310059725100583439e+00 1.118620748234910955e+01
1.919436557235664642e+00 1.166958592062934841e+01
2.179142109519920378e+00 1.204316578063009580e+01
1.592871697447721280e+00 1.167275508720909727e+01
2.056524672395452669e+00 1.163377191652779885e+01
2.189115673783391003e+00 1.147450866326962071e+01
2.067623871404349778e+00 1.167661092838247150e+01
1.925447581366916516e+00 1.178408396072020281e+01
2.368945370202412803e+00 1.199688633399608761e+01
2.584537288349716633e+00 1.234686643470864453e+01
2.231239500301199552e+00 1.138026730133416109e+01
2.094624794388531885e+00 1.132559310766242433e+01
1.639222704004960507e+00 1.168120338142453640e+01
1.786106201299273000e+00 1.191664536549166264e+01
2.248833943358354848e+00 1.150358650909102742e+01
2.328854530363813957e+00 1.194826497156168088e+01
3.482296565398732557e-01 1.052865936261158453e+01
2.149950862654119277e+00 1.197249459917588155e+01
2.437054292264213551e+00 1.220643903540493902e+01
6.407579094026585320e-01 1.112754652920753884e+01
2.098019154598421476e+00 1.190299358740637103e+01
1.657026471634014175e+00 1.168272298862181202e+01
2.384315386921811886e+00 1.202489149922605982e+01
1.611904617316519017e+00 1.160603692037645196e+01
2.110942274504509886e+00 1.191072259027089864e+01
2.281775909969670835e+00 1.210061128610195880e+01
2.213052265650110595e+00 1.172445237373953830e+01
1.388887023056880832e+00 1.169688487180599878e+01
2.532825712361272963e+00 1.195030999842645869e+01
8.344124494528364355e-01 1.051272396315119018e+01
2.192040953085018007e+00 1.146175274527923449e+01
2.312294611565404168e+00 1.178543785594992954e+01
2.430413312016062477e+00 1.243160453174501967e+01
7.080507864255083383e-01 1.006043661199851869e+01
2.220017165907965495e+00 1.208832608318262558e+01
2.274713868436637476e+00 1.238959718457473969e+01
2.093017839155281834e+00 1.235286142595254510e+01
2.144482809072300711e+00 1.208876101325524566e+01
1.257050343738460363e+00 1.097953584483621015e+01
2.390868046432870209e+00 1.244402698940848317e+01
2.246048404702730927e+00 1.188441442840343854e+01
5.054882446804924712e-01 9.816793186064819210e+00
8.173662765743365810e-01 1.048326212853336514e+01
2.163207639410969829e+00 1.223873787071086383e+01
2.384114482244160449e+00 1.182384019850246659e+01
2.394883610976482391e+00 1.214505153901482970e+01
2.436839563711975298e+00 1.208018826457341710e+01
1.923306458740602798e+00 1.222318992145036631e+01
2.130255484850641867e+00 1.182999319572654784e+01
2.381674656246968613e+00 1.172479011545834560e+01
2.542112619916788496e+00 1.208026942878286647e+01
2.498461366639701975e+00 1.211161120018614668e+01
1.508521681194562314e+00 1.140709806997474729e+01
7.239632068326029568e-01 1.003773292453290722e+01
2.407783513165338896e+00 1.259003403050852654e+01
2.202512102254439608e+00 1.198227944326305483e+01
1.265042612917334441e+00 1.120002686546654047e+01
2.475040936690150684e+00 1.198761537077251838e+01
2.528249343632491986e+00 1.190811581312377676e+01
2.421229125361286982e+00 1.188630716137699395e+01
2.275342571835686112e+00 1.201463655706976574e+01
2.243027130794056578e+00 1.185384786361155562e+01
2.539608075926782949e+00 1.212149115549363465e+01
2.260765643926523794e+00 1.155909118685580772e+01
2.173968978134227736e+00 1.221248386686230347e+01
1.979453089100436713e+00 1.177759301081253263e+01
2.309095157691085642e+00 1.198291872162138816e+01
2.323549391017543098e+00 1.183505248985375502e+01
1.835515536366282952e+00 1.230627022182011920e+01
2.173673204698403971e+00 1.168772688262754578e+01
2.193455923328178514e+00 1.154032346518405028e+01
2.443801560812623119e+00 1.204938949767969092e+01
2.380934901839130813e+00 1.192091588618379028e+01
2.021026068842012968e+00 1.177251892977772485e+01
1.993077559022037981e+00 1.188735442835723433e+01
1.849703108994387168e+00 1.175670638764076870e+01
2.066999587868987298e+00 1.205528853824070623e+01
2.111809928658592739e+00 1.150098709608806935e+01
1.518754079785444855e+00 1.191865240762306399e+01
1.580979815297749669e+00 1.142842042744549858e+01
2.275579468134233618e+00 1.207844717281619751e+01
2.192782038563566349e+00 1.225579646394283984e+01
2.077432439803516662e+00 1.168348014565925652e+01
1.533775493484875296e+00 1.159442904856958378e+01
1.908389298954973334e+00 1.193859109427801357e+01
2.133999503861811586e+00 1.175945552785007742e+01
2.073319254965134473e+00 1.171581689158574235e+01
2.368095690931601549e+00 1.190859361407565231e+01
1.935500416532400569e+00 1.154867768062722000e+01
2.255406891172651029e+00 1.197211217096626257e+01
2.410804935762655088e+00 1.205816439288281217e+01
2.153888192180182237e+00 1.224726845190537183e+01
2.366896296620609519e+00 1.220209187177693977e+01
2.347947455475051459e+00 1.212763400679371273e+01
2.148537823796851765e+00 1.226472730355234830e+01
2.315761234173536298e+00 1.239077915848876899e+01
1.107079508863396233e+00 1.136513347814727659e+01
5.354924513422354426e-01 1.084465671414942278e+01
1.144030463096814110e+00 1.119287790471070032e+01
2.131420653247965813e+00 1.202227810776701489e+01
2.049746956639011408e+00 1.165493850569118806e+01
1.742593338869296238e+00 1.168080497060526923e+01
2.221252962526012009e+00 1.170829602254273105e+01
2.551331487961427946e+00 1.234086648792659346e+01
8.466043873176463119e-01 1.059031755199386282e+01
2.197957214656506952e+00 1.241609771827830677e+01
2.331150043965337648e+00 1.253525249180988155e+01
2.336306715897604303e+00 1.214265840717351530e+01
2.054091750530629756e+00 1.141473630233607039e+01
1.358568231868391596e+00 1.138458962600932622e+01
2.348694959858750320e+00 1.155032797607215755e+01
2.114021599009612729e+00 1.226847483322330667e+01
2.321906569844065071e+00 1.183208878318759538e+01
2.395451206284274548e+00 1.197247876256731658e+01
1.520185109760341602e+00 1.147750849886097946e+01
2.465072359803433866e+00 1.197241122344271957e+01
2.054045582553219784e+00 1.187424145313753954e+01
2.305065672759099460e+00 1.197115461519196877e+01
2.278593081747635196e+00 1.172783933145803204e+01
2.113109398717104792e+00 1.244014525036144292e+01
6.567090895563985065e-01 9.961290799928539386e+00
1.208812222065097641e+00 1.081378829786901363e+01
2.519041440538056786e+00 1.232983174045370944e+01
1.511609599866582387e+00 1.153555425453475713e+01
2.253090858360953685e+00 1.200760754336059755e+01
2.404119983443903763e+00 1.186316554441617654e+01
2.405523806420874600e+00 1.208225187775276055e+01
2.430160724891632817e+00 1.225074149546192004e+01
2.360635579873097800e+00 1.197215507111692645e+01
2.334035888059949215e+00 1.188262978264018699e+01
2.359191128789617231e+00 1.198283232424535782e+01
1.922805860386166854e+00 1.177872032997548857e+01
2.591360345262914144e+00 1.226398901165731559e+01
2.545564750624860206e+00 1.197413136615080020e+01
2.552541179146714079e+00 1.262761001950105921e+01
6.590416887099318499e-01 1.062425827985286908e+01
2.313659386827664477e+00 1.147286028984433770e+01
1.846513493069021905e+00 1.189758914934326661e+01
7.028133052404581527e-01 9.604937510663111411e+00
2.384655203533416756e+00 1.200646506458013718e+01
2.441559477398827394e+00 1.224481457794978922e+01
2.249412770403189654e+00 1.167284107980269248e+01
1.003894569543487325e+00 1.056353506431646672e+01
2.541930234193439553e+00 1.191539209280163369e+01
2.410850236109775668e+00 1.196486491489787163e+01
2.534122787479570427e+00 1.263718394443091420e+01
2.440614555210067760e+00 1.245454181062646981e+01
2.659843279792033055e+00 1.232184617049289166e+01
2.536308161292144536e+00 1.277549381321582089e+01
2.441387429862306835e+00 1.222422942988907302e+01
2.472934463108324099e+00 1.227446426060958373e+01
1.665932144644697077e+00 1.166465170226352477e+01
1.920684140494826275e+00 1.209158171213867838e+01
2.401861652984321527e+00 1.250172856106077468e+01
2.326687922482260529e+00 1.146261269966512764e+01
2.367714193635025222e+00 1.164515054562635754e+01
2.472195197227625929e+00 1.184388429929912512e+01
2.246849681505151963e+00 1.209758449448593254e+01
2.345065201410365674e+00 1.194610919856558340e+01
1.270423180681183206e+00 1.143465862877608963e+01
2.207413918434784073e+00 1.172852662502121390e+01
2.357996734440044762e+00 1.136534452864163747e+01
2.166975522713499025e+00 1.126750982818788849e+01
1.846053475055333681e+00 1.183304213444786335e+01
2.230459580191105129e+00 1.129849220500637053e+01
2.187412576000668629e+00 1.146931043063704081e+01
2.037752870201711364e+00 1.204085005211667792e+01
1.689599868601597610e+00 1.179775492053954800e+01
2.364430633534858828e+00 1.182237130084763521e+01
2.203325466064918192e+00 1.144608295145060239e+01
2.106357559738049279e+00 1.111307210426712366e+01
9.706209720178350375e-01 1.148559336809396214e+01
2.189915440816432746e+00 1.206369095338823527e+01
2.343637004191188034e+00 1.175704876992771908e+01
2.181032668118019213e+00 1.148260023197894597e+01
1.945695004219464286e+00 1.162823703376315265e+01
1.978813425355916866e+00 1.217749335275463807e+01
1.973901278073730836e+00 1.150808804979373434e+01
2.091274927867894373e+00 1.202592156194099893e+01
2.239874048026491149e+00 1.163736000768331280e+01
2.210536322541945875e+00 1.126919784491366272e+01
1.267658413073186496e+00 1.144334309109864734e+01
1.474825653704981088e+00 1.167508292698957106e+01
2.272454271561757277e+00 1.141239054466880809e+01
2.262264790748701682e+00 1.189493446689466083e+01
2.215783062205278764e+00 1.122696526628885216e+01
2.147732966431718182e+00 1.135342104416710285e+01
2.205631390076197906e+00 1.186394735994575989e+01
2.155589827940297187e+00 1.181564343597246136e+01
9.106143302571856335e-01 1.104453051584115464e+01
2.276281459379736027e+00 1.107101038742541377e+01
1.983888879649204684e+00 1.165059776354553556e+01
2.072645879564059879e+00 1.169240110343249128e+01
2.132217613236763398e+00 1.157964211848626235e+01
2.191724170014280215e+00 1.149474712091448936e+01
1.577218428783888404e+00 1.124457265087269775e+01
1.947209679897827117e+00 1.136148389892742294e+01
2.375535337337214337e+00 1.135829600432023234e+01
2.215025781334864607e+00 1.191585431448648968e+01
2.002965626038921698e+00 1.143593143681779445e+01
2.050140400831681475e+00 1.179789995988656237e+01
2.053544564408234852e+00 1.187441597409280547e+01
2.394535848313859461e+00 1.217478140800988129e+01
1.988168122300999929e+00 1.162525153637169240e+01
2.262158624351087166e+00 1.166394479814675655e+01
2.061342997570777325e+00 1.179708599029254223e+01
1.909130997126718077e+00 1.185811847016640996e+01
1.792679313370966865e+00 1.171025314712231946e+01
2.384747717036239223e+00 1.192816293632598779e+01
2.221703278083722921e+00 1.182033590095358200e+01
9.828016941767545589e-01 1.151497855386469915e+01
1.717362366144119745e+00 1.180130244224889502e+01
2.221461378054037095e+00 1.181720721363512183e+01
1.852630653185622256e+00 1.161372887399706677e+01
2.131224572103300741e+00 1.131253142167265580e+01
2.348959488685042007e+00 1.177278939726263118e+01
2.340358023890937833e+00 1.175380227859135474e+01
1.886262785644704953e+00 1.207387952568194578e+01
2.340008584333471475e+00 1.152070545486399489e+01
2.105492792770825794e+00 1.108009984045348872e+01
2.143692494545732519e+00 1.193265397682923812e+01
2.075194531989718261e+00 1.222924996624279359e+01
2.362029965461599712e+00 1.194243045899427713e+01
2.198963618861642821e+00 1.179035632848552950e+01
1.402693645551744472e+00 1.127003637941734837e+01
2.281317860978666179e+00 1.190889332636561626e+01
4.583999084892459441e-01 1.056480381568544047e+01
2.044133991028127983e+00 1.177328477718640087e+01
2.469016465332014132e+00 1.242252571093433922e+01
1.814239939227141774e+00 1.194842455236083545e+01
2.183161240617956356e+00 1.165925745026178184e+01
7.208534107240129885e-01 1.021867085034779343e+01
2.434941554032153732e+00 1.201959836545499982e+01
2.230975158114051560e+00 1.188130206174276360e+01
2.229010397714698666e+00 1.137668022838523463e+01
1.668332504518260428e+00 1.192315128619818054e+01
1.979279537964556912e+00 1.213224597392133397e+01
2.158307915405385913e+00 1.207941193436297311e+01
1.100959005783559874e+00 1.110426415090068630e+01
2.127798754738833065e+00 1.160600446668690999e+01
1.777113629595060251e+00 1.175797032110911644e+01
2.069456119485282741e+00 1.130640418951057136e+01
2.127089539221689751e+00 1.148916287181042151e+01
1.888494599008719632e+00 1.215382374937346377e+01
2.022501707625318446e+00 1.206175967971922880e+01
2.381622543854531315e+00 1.175794806579340523e+01
1.858330994343861953e+00 1.224509777918630071e+01
2.314717757317378055e+00 1.195654911666199105e+01
1.632411999846624440e+00 1.183952301116510597e+01
1.979018819218198111e+00 1.197948146044545759e+01
2.545411575940073501e+00 1.240531543756877930e+01
2.286254576677720252e+00 1.196935101973542181e+01
2.292749674265476489e+00 1.208604537854756700e+01
2.219081789006590810e+00 1.186837646133369795e+01
2.155480701095897178e+00 1.145902258995487877e+01
1.888182040742766077e+00 1.229180633020998847e+01
2.234770745732219677e+00 1.209986447344982530e+01
2.118778935011341513e+00 1.142752687591489824e+01
2.005400603539239324e+00 1.174152082320178003e+01
2.109465472063226432e+00 1.146579443992001934e+01
2.192741734269178178e+00 1.189724850188076211e+01
2.297561702867065403e+00 1.233988276227357517e+01
1.445576193863979064e+00 1.144303272497648294e+01
2.305819912768408919e+00 1.180064163537862676e+01
1.879760545135469307e+00 1.181468287801747685e+01
2.262667046430256068e+00 1.195746715273665117e+01
5.544713602102452343e-01 9.444535567001388188e+00
1.920911042695719662e+00 1.216279868114402518e+01
2.235646540671194504e+00 1.240023330694233294e+01
2.135292484811502245e+00 1.215055817566928908e+01
1.431387162467647078e+00 1.140953984221959772e+01
2.241122609400126198e+00 1.182281260915751098e+01
2.251182282426525738e+00 1.185510443126280755e+01
2.153041410646394649e+00 1.188351066778062837e+01
2.103537913125026915e+00 1.162219388578481727e+01
2.357752708286371846e+00 1.257112773870101741e+01
2.262529052978187405e+00 1.152725269801625352e+01
2.263689580877180418e+00 1.181118805239587033e+01
2.129221960734954067e+00 1.132252968520793068e+01
2.273522270685174984e+00 1.253825700034163582e+01
2.264633240623850075e+00 1.159362062355987710e+01
2.095289306309963795e+00 1.152142709336316528e+01
2.298496361762769169e+00 1.199062310630223926e+01
2.365233783201696305e+00 1.237447950067118718e+01
2.602937774978622443e+00 1.254567082699380975e+01
2.120872307819240632e+00 1.167034846905004386e+01
2.364527361553742768e+00 1.139755458764501661e+01
2.303850919663311014e+00 1.152888939807233903e+01
1.619830936886127448e+00 1.164786993005612459e+01
2.106353070850462750e+00 1.163944160847909792e+01
1.836187024532295542e+00 1.172700791980106771e+01
2.219555466173438241e+00 1.218174983699467262e+01
2.214765545807556357e+00 1.243418112776649842e+01
5.704321296771271976e-01 1.000304191073099780e+01
1.976271868179833024e+00 1.210561369310209301e+01
2.005249370491199112e+00 1.196939563726013311e+01
2.298163199997573791e+00 1.147225883145612180e+01
1.966640080725777340e+00 1.203607288050719326e+01
5.158997675442413833e-01 9.508153134509621296e+00
1.584015380579813836e+00 1.138404962111463092e+01
2.041998936796163733e+00 1.190985488858392038e+01
6.581174441204483694e-01 1.016458878140853450e+01
2.248594485123976305e+00 1.251276209736590062e+01
2.085839381536306991e+00 1.182575132141258578e+01
1.219077561234336304e+00 1.129117843002590327e+01
2.300691816127210299e+00 1.211934178847680421e+01
2.140444264443949862e+00 1.149813266154289693e+01
1.611078597450676719e+00 1.159712862871162997e+01
1.867880720174941889e+00 1.215258475975714703e+01
2.014993979270547353e+00 1.201224023881758285e+01
2.132192793693830080e+00 1.156856376695858479e+01
1.956437607153349578e+00 1.176822252050842188e+01
1.998743473887610200e+00 1.178629959641421365e+01
8.439573454878120939e-01 1.079900208436754738e+01
2.138143232718086484e+00 1.234705645572057975e+01
2.092608592969562142e+00 1.150686312548925017e+01
2.088708620658448201e+00 1.147016853989013718e+01
2.043170188506582274e+00 1.163898734520557099e+01
2.084105399593043639e+00 1.164218855653845708e+01
1.662149854930414117e+00 1.171700689038655874e+01
2.129333866015443721e+00 1.170598219245187188e+01
2.067120368666511609e+00 1.193101535733727125e+01
2.170542058053977819e+00 1.156304052277130623e+01
2.073959711875575262e+00 1.156370094896344725e+01
1.348683103495190494e+00 1.135552548732912470e+01
2.182190027437850510e+00 1.233737183064412335e+01
2.036855438064574919e+00 1.171138715441775346e+01
1.732805699752328232e+00 1.185904304380587249e+01
2.094580306556664162e+00 1.133991088258549773e+01
1.966081514261841079e+00 1.193816852917234606e+01
4.452488979193918173e-01 9.261749952871733527e+00
2.214112745002416283e+00 1.174541472928928698e+01
2.156771125707443559e+00 1.123558140247951975e+01
2.277038952091302360e+00 1.200375054590786839e+01
1.487614755241784437e+00 1.158924896619621414e+01
2.458435635921317086e+00 1.209103819446067796e+01
2.178860240151693883e+00 1.194151776728611125e+01
2.427146690797537865e+00 1.144740298146400548e+01
2.455671059424624936e+00 1.204074277588795105e+01
1.307569875399823500e+00 1.118148129977786986e+01
1.865923199247973230e+00 1.163307001504220750e+01
2.520989255330943646e+00 1.226804901802223569e+01
1.654116697624576027e+00 1.164755180528074696e+01
1.959695985847275557e+00 1.184262951876944392e+01
2.509928804351083453e+00 1.233339169828381365e+01
2.278267720491515824e+00 1.161388938108632374e+01
2.234356186462620020e+00 1.239966243493768161e+01
2.372315473246174644e+00 1.161945357319383199e+01
1.436575985720786486e+00 1.127210255956837237e+01
2.427701306484141508e+00 1.227582042648538696e+01
2.139650493129768627e+00 1.179330313615318104e+01
1.197192758285657854e+00 1.112153037054575577e+01
2.427796796197491336e+00 1.192456178185379123e+01
1.509843666071575274e+00 1.149782867147840726e+01
1.212697226137232187e+00 1.088892239876656376e+01
2.097656452955210415e+00 1.196578313013306172e+01
2.203109419586246176e+00 1.162332802541993360e+01
2.269900323220347182e+00 1.150417311355923289e+01
2.183904313150808907e+00 1.153956536989974246e+01
1.503790873592164790e+00 1.185455576890737461e+01
2.218249915662550809e+00 1.245623692563639473e+01
2.042956509139028931e+00 1.186958048679270838e+01
2.076502935302018571e+00 1.207294458991387920e+01
1.114273564232039826e+00 1.084942367994581147e+01
2.244122115930564210e+00 1.218582480638408505e+01
2.219423027895022660e+00 1.177588323535630543e+01
2.120394518707090281e+00 1.174239235630821732e+01
2.175701063990700845e+00 1.174809980522778652e+01
1.036666996797499962e+00 1.062083584158706628e+01
2.366254135605944775e+00 1.190688376445716301e+01
2.095732747076965996e+00 1.236622312692587933e+01
2.419799123583154632e+00 1.224896733437778629e+01
2.299307480247012148e+00 1.154581798993591946e+01
2.141685650065558111e+00 1.176113375481420675e+01
1.766590647177823881e+00 1.206329501827475603e+01
2.089115584799394298e+00 1.198167554193835471e+01
2.184577233505654803e+00 1.245106001918096794e+01
2.287633074174409309e+00 1.197386936569667704e+01
2.006146162566558644e+00 1.174235054935424749e+01
1.770571075380412029e+00 1.160997631051043477e+01
2.286931046521903710e+00 1.164869606124507051e+01
2.469760083746867618e+00 1.201747172044436240e+01
2.203965663431466382e+00 1.149503514973121909e+01
2.520295515898029137e+00 1.180871672614007295e+01
2.066944122151534557e+00 1.147301347748987865e+01
2.426760581744603407e+00 1.188055831694291165e+01
2.599516320157773119e+00 1.244324463071708387e+01
2.259570381675121364e+00 1.162707478362901092e+01
2.257287149665408776e+00 1.161609318720297424e+01
1.776232300475320658e+00 1.198064493317415469e+01
2.405586069522834158e+00 1.207478019193662533e+01
1.728020848183044578e+00 1.182858046465744195e+01
1.933432873629691073e+00 1.162827092548494612e+01
2.143342995283417096e+00 1.119007140203278894e+01
2.475522571697321261e+00 1.258170662916805149e+01
2.006665940555674155e+00 1.222175303109310818e+01
1.552678153117829085e+00 1.175236966241696912e+01
2.470093604660351883e+00 1.218727167330271755e+01
2.314181390481219402e+00 1.171683608167218793e+01
2.284771998212871580e+00 1.148110348917703405e+01
2.430375147194701047e+00 1.204823481525452067e+01
2.381414659035441250e+00 1.206953862864186000e+01
2.122382260083968575e+00 1.166214151876124383e+01
2.324418223678744067e+00 1.158714833952208600e+01
2.039188496739402279e+00 1.131882197253283806e+01
1.403644271005535904e+00 1.147406431298820451e+01
2.461762274021439101e+00 1.240690353511225830e+01
2.085148075827099490e+00 1.202859136906191040e+01
2.393673884946439845e+00 1.173125620701241623e+01
1.759743815208297812e+00 1.144503871029630915e+01
1.644232301742240443e+00 1.157233848728532166e+01
1.874016256938386471e+00 1.186835537130172646e+01
2.230055734043320914e+00 1.202602056013418341e+01
1.912148651453378978e+00 1.228637717202765955e+01
1.934359408052679363e+00 1.203528975796930922e+01
2.463815998262302465e+00 1.201741662153391488e+01
2.072719315958853059e+00 1.182800338046309463e+01
2.361641076362277936e+00 1.236794430144916568e+01
2.470379273847299828e+00 1.196123454835500510e+01
2.306943174830107246e+00 1.196161740595940515e+01
2.173067241177119246e+00 1.151376932986796575e+01
2.416578683829625263e+00 1.193469674248158086e+01
1.597238126297484406e+00 1.168030751038891246e+01
2.098788816331820239e+00 1.179864535728717634e+01
2.112497668105773219e+00 1.141549678195222128e+01
1.387851219829068006e+00 1.144005019434101023e+01
2.129379297643887003e+00 1.141717600333406324e+01
1.915092810733999507e+00 1.203109197949454234e+01
2.019000674949920526e+00 1.154935932779805263e+01
1.651704527219788332e+00 1.165446734391792383e+01
1.522956120600696517e+00 1.161820868035734122e+01
6.007196802303713667e-01 1.012405425000263648e+01
2.341807234530342896e+00 1.227363579287933248e+01
2.310054807344369188e+00 1.139620129374791446e+01
2.369685725526030851e+00 1.198236276861695160e+01
2.111366518872567877e+00 1.212170377738123328e+01
2.248195249783898397e+00 1.165792449982575363e+01
2.415529744962864989e+00 1.214545098113374166e+01
2.305274894605267910e+00 1.236603636634203340e+01
4.501409950306204388e-01 1.090634870272406687e+01
2.174199490515938749e+00 1.114580821954781875e+01
1.682246559229973792e+00 1.158904025078788891e+01
2.194025204959249908e+00 1.177442882551917869e+01
2.459801675537519383e+00 1.174027481590136013e+01
2.109814477613044748e+00 1.150281707452933944e+01
2.309195240549318129e+00 1.196218510103049937e+01
8.318337117728523689e-01 1.073081174878641519e+01
1.399105486005882470e+00 1.140665663566203314e+01
1.752600699036104714e+00 1.171586745738559365e+01
1.863080328254731688e+00 1.180411138059544207e+01
1.690931054367380781e+00 1.198076550121075634e+01
2.097087231709619637e+00 1.158020165705281102e+01
1.634825299835968249e+00 1.148544455685453336e+01
2.059862742749959175e+00 1.202991432013281781e+01
2.407817487132188905e+00 1.213102904906373958e+01
2.441477590161979627e+00 1.206394209094145076e+01
2.529874879296776236e+00 1.223673584767273859e+01
2.065115412182592536e+00 1.224573020992201222e+01
2.353564136572441789e+00 1.192507648047853941e+01
1.988322284056444733e+00 1.187249029131417899e+01
2.334518841386385546e+00 1.249215445899166710e+01
2.431028578911436089e+00 1.194346508745770485e+01
2.243456752962518230e+00 1.183200794625966168e+01
2.440077569719029782e+00 1.202567562393443268e+01
2.188375551074270398e+00 1.212231852801815535e+01
2.338970267359920641e+00 1.172181047178253266e+01
2.363005231739031320e+00 1.158540829892861268e+01
2.266708795557154765e+00 1.217491088578641190e+01
2.407381515335247357e+00 1.192287443396479141e+01
2.291799934136797390e+00 1.139544700924056109e+01
2.221599859049477654e+00 1.142293887013291709e+01
2.176662340532687256e+00 1.164978581725446283e+01
2.138888214170501456e+00 1.123104277792530326e+01
1.073920841564116824e+00 1.108957157343863464e+01
2.192544482160322161e+00 1.220620349038028074e+01
2.275873042074097352e+00 1.180908986243576209e+01
2.128851543371743205e+00 1.165829674079937561e+01
2.320707192748692638e+00 1.164932625056983362e+01
2.029481795529219035e+00 1.175787265113140201e+01
2.174981835653751805e+00 1.176087972904751133e+01
1.880364148686022974e+00 1.211361220792215931e+01
2.068263659305709545e+00 1.162875691673526291e+01
2.342236739468303242e+00 1.258256872587413788e+01
1.798252099497586354e+00 1.176801500750570106e+01
1.562475381799629970e+00 1.172179656426414418e+01
2.216080294424904729e+00 1.180800556116813738e+01
2.121638480796164128e+00 1.158783412601944995e+01
2.092361298544113790e+00 1.165476699169022190e+01
2.236059621228808858e+00 1.139344960986105448e+01
2.233691396761557257e+00 1.186990020845198224e+01
2.196969890573637674e+00 1.228314673146251401e+01
2.180673628684042242e+00 1.156262956529563546e+01
6.892035589644173177e-01 1.042054827165865838e+01
1.824465909082827020e+00 1.189381659842626249e+01
2.463458079855702199e+00 1.201022012666514804e+01
2.414629321468759304e+00 1.170732936943271696e+01
2.186068562228802747e+00 1.213608920962851911e+01
2.117698079482499995e+00 1.201250278701631835e+01
2.091269300034743317e+00 1.185099561979744998e+01
1.068040900028847995e+00 1.082993674916068549e+01
2.380925496585588608e+00 1.195312226941377887e+01
1.924836874890251126e+00 1.227399955208205640e+01
1.465647218643378658e+00 1.138466516136592332e+01
2.339206823473506613e+00 1.251410705442435400e+01
1.751051663878001596e+00 1.172768084599781169e+01
2.544453603570512534e+00 1.218710904041933851e+01
2.190110939300851989e+00 1.130456293173595128e+01
2.332818037438057601e+00 1.135965748210350590e+01
6.227592220842578241e-01 9.923749117951516041e+00
2.386370349294011373e+00 1.200244847339964060e+01
1.968866870250147283e+00 1.182943059350499482e+01
1.453218835903890449e+00 1.142803092531457310e+01
2.387143815425586180e+00 1.166114484800262296e+01
2.226686569792455384e+00 1.191908114279154773e+01
2.109405433633559479e+00 1.221427753772054814e+01
3.589204483641576515e-01 9.868065721963317216e+00
2.416433182437743632e+00 1.230913242624754744e+01
2.241663385724806279e+00 1.206143608624788932e+01
1.812636767878535560e+00 1.195219280930143135e+01
2.331406170909958053e+00 1.217655744420637198e+01
2.318770340588359069e+00 1.218789114892205028e+01
2.224828389082248226e+00 1.155508598945145238e+01
2.284731654402315293e+00 1.177521998214056786e+01
2.342652144641596657e+00 1.209226082994367957e+01
1.136994387144051766e+00 1.093297839592098697e+01
2.364268392738056335e+00 1.244079836794483285e+01
1.433292158271446182e+00 1.111958075210244168e+01
2.148104303140889737e+00 1.251893416448372953e+01
2.345516766358135552e+00 1.199810222026454021e+01
2.140744283593763786e+00 1.182420094976871283e+01
2.500221432036719094e+00 1.204861115961370110e+01
2.498450865763162110e+00 1.188568648304514674e+01
2.361553070052677672e+00 1.180867742638462303e+01
2.303043579774539662e+00 1.169757790903442363e+01
2.477906037438862619e+00 1.179172548993482472e+01
2.042004761889700593e+00 1.161067664908734365e+01
2.081706687206676509e+00 1.155729851665009100e+01
1.590256077042209393e+00 1.155982692186399419e+01
1.632213340894868470e+00 1.179257199033379244e+01
2.050192905098725316e+00 1.183116342718557767e+01
2.273318644974272384e+00 1.174509300641373422e+01
1.284523839373031606e+00 1.162074974845535991e+01
1.812879037567651341e+00 1.199390723776855339e+01
2.169363990376818485e+00 1.161766525825204788e+01
1.489670997496534977e+00 1.122484815240268574e+01
1.661995457020364331e+00 1.174210804323277912e+01
2.187117942856284802e+00 1.194220308692035104e+01
2.226843429649451256e+00 1.168389747923128752e+01
4.927389130944451190e-01 9.383833081891106431e+00
2.046630234580214758e+00 1.147103920652220665e+01
1.448663692883349619e+00 1.160741376707218819e+01
1.640052425259187485e+00 1.216848821601004182e+01
2.169048317351426558e+00 1.177266947376106820e+01
2.065581360352704010e+00 1.164512105762297267e+01
1.389997085972500379e+00 1.171408872136435519e+01
1.677529840036058095e+00 1.144185921868401401e+01
8.194075939540848008e-01 1.063452957628357431e+01
1.457221703814481684e+00 1.144524074852903439e+01
1.861858081791549546e+00 1.196697400831233971e+01
2.284717585975304832e+00 1.133155248874870402e+01
2.227830766000264084e+00 1.118208184472494260e+01
2.150697718820224313e+00 1.154887313899071266e+01
1.044680106037829903e+00 1.095489482659642277e+01
1.853210914022287659e+00 1.196771718477774904e+01
2.065992781237237175e+00 1.141578125583044034e+01
2.168462245255117438e+00 1.216858679355689787e+01
2.098504986590077781e+00 1.174523544982378986e+01
1.530568384332192222e+00 1.177401267887081282e+01
1.791472756716177894e+00 1.169299591389550308e+01
2.226538500133753651e+00 1.165388349729363071e+01
2.331669499081258312e+00 1.118642955280483697e+01
2.151070989171357528e+00 1.140955044602130464e+01
2.013405181566878976e+00 1.205053521120516891e+01
2.242774307939195300e+00 1.199107000753664209e+01
2.169336868612780300e+00 1.139769154774269744e+01
2.457487214848998569e+00 1.264736578100450792e+01
2.507710736923067341e+00 1.227189240929357972e+01
2.018188374632559956e+00 1.236594546750765922e+01
2.120926465870529132e+00 1.224628998333941254e+01
2.475515041046866482e+00 1.224902313161672751e+01
2.272766148728109226e+00 1.208328272159698713e+01
2.303232052447568012e+00 1.190919551253434783e+01
1.996017261733140868e+00 1.187290422205572504e+01
2.044852093476007937e+00 1.169347574714318583e+01
1.975247601149938026e+00 1.162695543975543266e+01
2.259905948906859141e+00 1.155785948898118143e+01
2.355677950208142857e+00 1.154779975836805939e+01
2.233762018801110472e+00 1.154566402137915127e+01
2.294719092102187830e+00 1.200661586211715104e+01
9.862137019097546586e-01 1.104382738693601240e+01
1.527575746312407112e+00 1.157283723072620774e+01
2.359703025881138672e+00 1.159324661880597063e+01
1.583059651074223195e+00 1.176426844300894281e+01
1.963421894537410006e+00 1.197632812062904506e+01
2.328188108342300833e+00 1.200251153012830763e+01
1.395043462628672959e+00 1.138953150517366986e+01
2.109996901317638063e+00 1.140840307984029423e+01
2.304706264332805343e+00 1.233653610123313271e+01
2.024772034725172976e+00 1.185068369354137374e+01
1.811596133927403152e+00 1.184073914401774097e+01
1.595579996330785510e+00 1.144712044458044709e+01
2.410037258994402798e+00 1.158447512270590352e+01
1.611377930517744916e+00 1.187959353733520196e+01
2.510932056202837881e+00 1.219894811995141737e+01
2.235439362133997410e+00 1.216937573478586110e+01
2.344808643547934057e+00 1.168345914531778007e+01
2.582545399474906578e+00 1.242194128709337164e+01
2.320206487270915829e+00 1.182144345236435790e+01
2.433959957711871347e+00 1.254679738211025963e+01
2.367784660673740937e+00 1.176710902954432925e+01
2.367508687199205930e+00 1.227893064737301465e+01
2.592570565622104084e+00 1.215147175551017789e+01
2.420950698903092668e+00 1.189479122151473334e+01
1.491234628381090221e+00 1.144156321901368933e+01
2.180377473287897772e+00 1.113757958308711693e+01
2.222683860067075301e+00 1.159986110901061274e+01
2.382848908434935353e+00 1.153128767045271097e+01
2.049487961081341236e+00 1.179833342808355034e+01
2.078791336541827572e+00 1.156586491427922070e+01
2.159543872771767958e+00 1.233963793997795833e+01
2.403049700051731463e+00 1.189601471846537351e+01
1.426976654353988128e+00 1.119055642526208416e+01
2.297945987427568060e+00 1.209998754254246123e+01
2.068109511481332152e+00 1.179578131186669410e+01
2.219202265016150477e+00 1.178420481414135956e+01
7.834285051081625317e-01 1.112190164537092585e+01
2.323236097871761885e+00 1.143616602780697811e+01
2.199987144574422793e+00 1.145944753596738686e+01
2.371089295782618400e+00 1.243982877445685453e+01
8.450138510156501859e-01 1.028887153385582565e+01
2.508412623164899991e+00 1.171313499344323716e+01
2.548220898981598648e+00 1.221362471410252937e+01
1.345244144199655878e+00 1.126921843602695894e+01
2.156071521620496423e+00 1.200801270974611867e+01
2.477089196298159379e+00 1.182975082856515670e+01
2.451033537637751003e+00 1.179372251426486606e+01
2.081657763765028424e+00 1.191135517784276310e+01
1.823217428412422292e+00 1.189407418855840426e+01
2.325441882099823498e+00 1.225208735437399632e+01
2.427182521951326333e+00 1.162102114871623293e+01
1.310518868830450101e+00 1.092466031954195849e+01
2.128303797089674099e+00 1.217541621221320902e+01
2.513264795071642688e+00 1.206439074957383539e+01
1.464906387234752083e+00 1.161334321018862248e+01
1.991904278945910045e+00 1.184301083403969912e+01
2.304734226723215595e+00 1.156737970676121563e+01
2.333646524230942987e+00 1.130384868623680639e+01
2.378965255871926754e+00 1.156841934025642082e+01
1.036320757910006884e+00 1.168081298891002362e+01
1.603325879607724325e+00 1.185529969752189494e+01
1.844995526146534282e+00 1.198564697077365082e+01
2.500617704979202660e+00 1.230568826710332964e+01
2.195361006441129970e+00 1.238683961615721429e+01
2.272948587988960600e+00 1.198087351560591962e+01
2.089938063200299734e+00 1.217822278903694766e+01
2.442687541647004412e+00 1.256703253437141043e+01
2.288169241885222860e+00 1.189577938225983900e+01
1.462924813412460168e+00 1.151560184994247038e+01
2.509504405489975110e+00 1.248355938632921358e+01
2.046854992743665669e+00 1.152700078128203565e+01
2.362445763390498943e+00 1.184201331304850591e+01
1.927834526521003733e+00 1.183215763740880000e+01
2.097701879139868719e+00 1.164732210403237467e+01
2.032437467332004033e+00 1.169778134400757530e+01
2.307593158062598349e+00 1.139004149611373684e+01
2.336680265276934954e+00 1.136577087217238713e+01
1.617053905110625411e+00 1.147025708817442613e+01
5.197270048850868296e-01 1.068305871265211593e+01
2.207140082705218109e+00 1.153450296046956502e+01
2.268732415729970864e+00 1.219573600852041295e+01
2.153450283692326384e+00 1.129116390536418812e+01
2.343862377330799607e+00 1.162310007550093083e+01
2.363845725286737309e+00 1.163488348371049419e+01
2.204745670338191132e+00 1.152809982428279056e+01
2.305108015769651963e+00 1.182980261110978226e+01
2.253813179629583274e+00 1.208493178141670832e+01
1.978404332268577148e+00 1.159659256006613859e+01
1.205388937927322823e+00 1.131108016828363816e+01
2.072748641214559928e+00 1.157737490539424741e+01
2.144865865522072923e+00 1.153617322927282274e+01
2.346381362428674233e+00 1.141874515857299066e+01
2.082381423120588160e+00 1.145383760474793533e+01
1.732611910232989771e+00 1.158218800419077077e+01
2.175953837234597898e+00 1.188492611210169692e+01
2.319905562958888723e+00 1.134624835706272705e+01
2.068952003326809397e+00 1.189295187730872705e+01
2.367862825942587346e+00 1.163039401679594853e+01
1.562135316737278901e+00 1.183847244319306391e+01
2.238623029776323214e+00 1.108911713942415567e+01
9.897936613524024319e-01 1.111340687472683797e+01
2.230795174121413371e+00 1.142468108405467753e+01
1.957311314577922845e+00 1.182498225074379761e+01
2.265221883852729157e+00 1.156433135442068760e+01
2.430625091185714126e+00 1.182305926456701073e+01
2.484564457769799617e+00 1.167324255917416664e+01
1.926426443673410871e+00 1.202433346852216012e+01
1.764423512048997056e+00 1.154941283571565513e+01
2.205227867950463327e+00 1.263322695422709252e+01
4.020351934638918823e-01 9.507591343960939412e+00
2.464403041324672916e+00 1.165708886261584709e+01
2.387606306217178176e+00 1.169730431390617653e+01
2.446334890534775930e+00 1.179813501975764822e+01
2.428549228863917442e+00 1.184966343424396840e+01
2.449561693000750218e+00 1.191570960341875463e+01
2.533282412645479376e+00 1.196063678167485911e+01
2.265983747604641607e+00 1.177175585894590171e+01
2.370898630716265831e+00 1.142755709379206230e+01
2.466450735240377057e+00 1.173273376989893890e+01
2.465702085656804599e+00 1.174011120729225688e+01
2.550206864082559033e+00 1.253924709993771458e+01
2.349935976198557430e+00 1.150810022172537117e+01
8.004049175934438987e-01 1.016560186441491354e+01
2.388256887731846856e+00 1.235926144052875841e+01
1.894542271294803237e+00 1.183452909475044379e+01
1.885017728896729805e+00 1.179384810839565922e+01
2.067812482037281629e+00 1.232520393560665006e+01
2.486945947198822005e+00 1.173358438952352323e+01
1.939104610422794472e+00 1.191863296254033244e+01
2.349833070521157641e+00 1.184046900697536309e+01
1.664689622054154494e+00 1.181662909408803408e+01
2.147847438877287018e+00 1.251703772620230204e+01
2.222910329311500899e+00 1.227497537397192851e+01
2.454254809507855573e+00 1.186207063226418867e+01
2.412872216108748358e+00 1.213472831836098287e+01
1.352896773216873738e+00 1.159362096743807413e+01
1.615848045889565432e+00 1.137543010030384494e+01
2.330524170504089110e+00 1.137021885578931091e+01
2.160479043433048751e+00 1.116117027464817113e+01
2.403314274355149660e+00 1.232767735806424625e+01
2.615200146881778931e+00 1.241564049489980981e+01
1.879783413353878219e+00 1.195661223109203419e+01
1.984067531199578127e+00 1.204691989496914850e+01
1.928004926492353777e+00 1.173988507343300647e+01
2.208860816281276396e+00 1.177625051239551546e+01
2.022102085840204122e+00 1.203181584992217168e+01
2.249207400304379156e+00 1.120543519232911756e+01
2.311757799193759233e+00 1.157826071289049708e+01
2.235551134518683813e+00 1.239699763047950754e+01
2.233102414657414769e+00 1.190944283020544603e+01
2.246827155650128027e+00 1.119596832554484322e+01
2.272675261869156582e+00 1.123964836399546741e+01
2.318026439931958116e+00 1.122865155580434049e+01
1.382595834044802796e+00 1.136126184562177421e+01
2.263661345803843705e+00 1.156377115194080396e+01
2.317301512305866229e+00 1.159682991501276206e+01
2.509200299830920855e+00 1.178628497927453189e+01
2.449862233394846545e+00 1.189853038325285262e+01
1.402592100823051968e+00 1.124758501584839721e+01
2.389500661699403228e+00 1.206396785115236625e+01
1.773189929831706424e+00 1.198508281064134096e+01
2.337083852845241339e+00 1.173126875286202164e+01
2.273295776261935686e+00 1.154075681426135525e+01
2.421283303634613748e+00 1.197107196999622047e+01
2.185253343332021814e+00 1.277610698850178217e+01
1.901120467067439090e+00 1.198537698869457913e+01
2.578557948035550940e+00 1.212760211684631173e+01
2.374205373991337797e+00 1.184290002344419968e+01
2.102731411444003662e+00 1.165072666008014046e+01
2.478020672734027041e+00 1.225368068736119831e+01
1.672550233088180072e+00 1.178240478820559112e+01
2.192390000557514984e+00 1.187257119575954789e+01
2.253936810135322766e+00 1.209996467662396924e+01
2.218406811867108086e+00 1.202884489492904585e+01
2.114671557934850288e+00 1.151628605127348060e+01
1.854673326165618974e+00 1.162554043577151575e+01
2.183005656714481546e+00 1.144412506288785991e+01
2.307442473350676870e+00 1.160901639903276639e+01
1.489469031642925323e+00 1.157547809297868824e+01
2.280636005627345586e+00 1.165587329879779155e+01
1.639504138908525421e+00 1.191631607792881375e+01
2.267873961853890563e+00 1.170449175425152077e+01
2.262638657902560357e+00 1.170659443924549414e+01
2.211172849121911366e+00 1.144515866672673177e+01
1.796032982694646174e+00 1.158222213703128922e+01
2.414051377496910789e+00 1.207817453035086430e+01
2.206507961897703041e+00 1.150206169170849435e+01
2.276466656410600642e+00 1.191892325502597316e+01
2.059328491195078659e+00 1.185264618825797278e+01
2.419327111653515772e+00 1.169770168371287866e+01
5.192636599152218313e-01 1.065019228592825407e+01
2.087021169422922817e+00 1.165207324583268012e+01
2.241704941776108129e+00 1.172550029767078783e+01
1.620983645373819781e+00 1.173697760293929626e+01
8.890479512789560834e-01 1.170915608229017124e+01
1.248980106018923841e+00 1.161835809576979806e+01
2.452593201557923042e+00 1.186271125165344031e+01
1.963562167880719578e+00 1.188097525375308017e+01
2.174592241948453353e+00 1.134185734862962747e+01
8.391367627226667958e-01 1.123992052529604457e+01
2.104138041794171077e+00 1.135931313936148257e+01
2.166247537449666360e+00 1.193780300667754801e+01
1.663366312714241513e+00 1.193449449280033292e+01
2.137473823054753641e+00 1.154161993599146818e+01
2.153849739338226321e+00 1.110767697676591759e+01
1.574948624463190949e+00 1.158353822889740492e+01
2.235553788116074525e+00 1.110907413266976818e+01
2.238336039532370147e+00 1.165801929716909946e+01
2.332079617896232193e+00 1.117598234724835926e+01
2.187228988759541526e+00 1.168937956039129844e+01
2.256226925279961826e+00 1.159638606279538209e+01
1.660487138387781059e+00 1.151292461808591661e+01
2.116691906114419819e+00 1.157350877374388709e+01
2.274853639925909388e+00 1.113463083072672433e+01
1.981083248637605987e+00 1.157250684888816750e+01
2.083175998792574646e+00 1.176468365178543607e+01
2.135693807005821121e+00 1.123183726309410524e+01
2.187570851843392727e+00 1.134583072201412257e+01
2.257274092275403099e+00 1.116300241685790695e+01
1.660876975876133255e+00 1.200266030708055176e+01
2.336778321261622882e+00 1.138416316659205663e+01
2.036077279881810753e+00 1.164193789593153561e+01
2.197469989186855877e+00 1.112010715357533641e+01
2.390088573561712337e+00 1.189453018465388290e+01
1.469161469763464289e+00 1.143527017431795834e+01
2.132228300768056251e+00 1.164957563128518636e+01
2.380450553014741732e+00 1.211749628104935361e+01
2.313094054113038478e+00 1.183895888433598209e+01
2.010825797306269536e+00 1.193144109652116036e+01
1.920396470196347627e+00 1.193514450516315151e+01
1.434357500259310969e+00 1.175841880650898297e+01
2.199197431315856655e+00 1.195706726761675398e+01
2.181818311579274638e+00 1.144271243586709907e+01
2.386305151805052205e+00 1.140337125826644638e+01
2.274274050627486776e+00 1.195169543630386322e+01
7.358995895415824107e-01 1.152958779752776231e+01
2.035660215796859962e+00 1.155532404342800668e+01
1.046760291702775181e+00 1.145623590955790405e+01
2.346041305093499840e+00 1.196283145577338125e+01
2.107451147738849784e+00 1.095680969753664513e+01
1.348101642988426940e+00 1.103605250175339414e+01
1.650148680196273476e+00 1.179581770089860804e+01
2.306646828383040582e+00 1.137896374289457846e+01
2.345249198587899819e+00 1.119632371868446441e+01
2.477508024774157658e+00 1.244077699308006402e+01
2.276321545940639179e+00 1.221537144606849701e+01
2.554936699465457206e+00 1.231817185614563037e+01
2.555606320636696349e+00 1.214050483121020996e+01
1.700212310729356524e+00 1.172525370590742178e+01
2.429476779196273029e+00 1.207805552880715894e+01
2.478325278814069055e+00 1.172807638812639830e+01
1.106641962143106506e+00 1.118146891049657299e+01
2.178301693920375648e+00 1.178828029471297434e+01
2.250727290822220450e+00 1.220997323397851098e+01
1.477349262187123369e+00 1.110231411412378932e+01
2.528073638514320542e+00 1.248149612713668688e+01
2.458457493076988687e+00 1.219282787344484831e+01
2.441669832925508654e+00 1.183028371407252521e+01
2.483766778690410959e+00 1.211420348201893482e+01
2.042898723610429013e+00 1.196064386065108920e+01
2.452146715478367600e+00 1.263937347100172026e+01
2.444473044961806618e+00 1.225760765076076453e+01
1.482878656421847241e+00 1.124011233753626549e+01
1.291068000330026999e+00 1.136247067893818041e+01
2.289266884687227499e+00 1.216169484257260081e+01
2.300502232148778692e+00 1.195610712355587246e+01
2.397048029412503389e+00 1.245135713919355602e+01
2.467217375623529829e+00 1.188437122615819419e+01
2.406444417180041206e+00 1.161985774696553797e+01
1.429969662497049043e+00 1.150906929718321692e+01
2.022230605950909421e+00 1.162173400217083064e+01
2.393663079064829446e+00 1.155931102431421920e+01
2.307100204703816715e+00 1.149379815667204952e+01
2.444569985469240425e+00 1.198345778413084339e+01
2.223233715641276032e+00 1.203880779327334771e+01
2.134502038530534218e+00 1.176938914287724103e+01
2.175835276607468227e+00 1.185466128567711941e+01
2.151632775635476058e+00 1.134547602008288258e+01
2.419852604994868539e+00 1.229605099743875662e+01
2.592705820796503247e+00 1.231212711781476798e+01
2.290758071764871673e+00 1.159131241454650230e+01
7.273899376910190062e-01 1.018414184105921017e+01
2.086029782116731290e+00 1.228886945448750190e+01
1.934215313386516977e+00 1.175408601987216706e+01
1.996451020549143696e+00 1.166750535525349264e+01
2.260767135836306618e+00 1.165884691745995561e+01
4.593636679370568521e-01 1.011717733863790691e+01
1.824703886208984827e+00 1.163837802335088867e+01
2.150678019111120332e+00 1.128363306579138126e+01
2.208940317648365959e+00 1.189039585835418933e+01
2.107035187920996755e+00 1.131172994789496755e+01
2.353720913021993155e+00 1.206840197607300169e+01
1.714187245155624151e+00 1.160504009626468580e+01
2.374714163425278191e+00 1.215292859792744018e+01
2.468269064484823527e+00 1.207075870953874208e+01
2.592442085926303985e+00 1.248076915359690098e+01
2.100478667637285302e+00 1.196468733856763045e+01
1.578291571848099872e+00 1.168319673700623618e+01
2.345249914957124204e+00 1.171689128030046412e+01
2.323123460741876922e+00 1.202146500091576975e+01
2.399775304773555717e+00 1.177278711406487233e+01
2.196832715215326637e+00 1.206687885158182283e+01
7.411865674383988356e-01 1.037572513291191889e+01
2.306891466120802647e+00 1.189263590216512334e+01
2.151660211498211517e+00 1.162020653375698309e+01
1.927028333497101897e+00 1.192454215436154463e+01
2.169700942095039942e+00 1.221940891012943808e+01
2.132347958995337578e+00 1.128105278258582800e+01
2.461460504898182133e+00 1.251481052297779151e+01
2.051459317960780737e+00 1.150588750342354238e+01
2.147127006403144023e+00 1.171023519012571334e+01
2.301946888430951965e+00 1.173946385266564008e+01
1.214905445921738103e+00 1.095054094004446199e+01
2.119354954052413476e+00 1.214821886839299303e+01
2.058497663514329279e+00 1.185514401063453427e+01
2.137948548170670815e+00 1.208424815094835836e+01
2.132434998775283752e+00 1.162818684291876359e+01
2.505715820984896869e+00 1.168617139780150005e+01
2.393548531542886160e+00 1.197891874844194682e+01
2.240750872686477990e+00 1.199579382604141919e+01
2.137064947118568980e+00 1.157191959230763167e+01
2.389888930450798643e+00 1.190493958755448922e+01
2.290249552730541982e+00 1.222608517732523659e+01
1.339121458300145173e+00 1.123990866029860669e+01
2.004648060549595545e+00 1.194160178231380698e+01
2.439070911465138103e+00 1.183053673440720210e+01
1.844474624962854081e+00 1.170563543270016993e+01
2.592725900487996338e+00 1.218745196190992353e+01
2.391183141549565239e+00 1.154494291606465772e+01
2.281141385673787436e+00 1.223246212663484656e+01
1.150754051968037484e+00 1.137009552641763577e+01
1.997221127769576166e+00 1.194975987903629111e+01
1.882310630019328190e+00 1.235425628482112970e+01
2.258306721077728341e+00 1.196472649592540627e+01
2.302509769750643809e+00 1.151472666893147867e+01
2.277260762899047997e+00 1.197484781909121132e+01
1.942023269037018940e+00 1.198333180576218915e+01
2.138898751161710798e+00 1.160937884684111410e+01
2.183223668166988762e+00 1.127310093299336025e+01
2.346101334068955158e+00 1.182492132062118273e+01
2.249978773964003143e+00 1.200269432093565136e+01
2.220454891261045116e+00 1.171986438340187853e+01
2.348435805567056889e+00 1.217338662098408975e+01
2.289753376751829883e+00 1.158382373506497309e+01
1.885978984365465516e+00 1.194764426479028963e+01
2.162996646196885919e+00 1.128347281367583754e+01
1.664614650594143042e+00 1.181434109724787263e+01
2.314194951071199657e+00 1.134645209180180281e+01
2.153246228454327227e+00 1.207636969808891259e+01
2.174783773236164564e+00 1.167253512476464472e+01
2.135223821706798475e+00 1.177582726724267026e+01
2.121488437999131893e+00 1.181148536759279644e+01
2.164723757834827289e+00 1.186436702385708308e+01
2.188475820549748541e+00 1.159937268813276390e+01
1.040728398575648583e+00 1.088453680900851417e+01
2.058870494920415073e+00 1.157170883481861523e+01
2.214523151955114511e+00 1.145529874781429314e+01
2.066502381399396793e+00 1.107801389071224207e+01
2.099399145944588430e+00 1.204328299787182388e+01
2.402003427020679815e+00 1.220834050242234881e+01
2.332065814722433572e+00 1.163601687879184965e+01
2.400679705918077111e+00 1.173516278976329197e+01
6.415980197358426285e-01 1.008901927632115481e+01
2.351803400577707315e+00 1.184810935430743761e+01
2.140434271663242072e+00 1.161966133585510086e+01
2.308032030620823960e+00 1.192858784641855152e+01
2.203534801452773362e+00 1.225290014937012195e+01
2.392167823475462640e+00 1.176631684113152154e+01
2.456346609549067139e+00 1.182020259767738857e+01
2.464048539518449488e+00 1.264249873204587438e+01
1.211083864551412814e+00 1.086245036665382990e+01
2.198033593884413328e+00 1.221904911424109486e+01
1.986400852415875828e+00 1.211207457255327924e+01
2.243850410191742029e+00 1.133665149099106273e+01
1.595981855079711798e+00 1.146022220786182366e+01
2.169942797998719364e+00 1.199983961596479709e+01
2.329957133458036456e+00 1.142682047397870093e+01
2.259570577875001263e+00 1.163885322154934343e+01
2.433419563759260829e+00 1.148924591520243510e+01
2.341588028727136006e+00 1.181244163539553149e+01
1.436620535728403425e+00 1.121551994129226770e+01
1.437981986090352882e+00 1.118527354927797290e+01
1.834887856695053721e+00 1.181393805858845880e+01
2.452114139179375929e+00 1.177805970688145187e+01
2.508526882054524787e+00 1.171618318924380908e+01
2.167553163764206481e+00 1.170781289469794650e+01
2.360359106324803058e+00 1.173121881314976811e+01
2.363067645390686700e+00 1.207264921492142662e+01
2.431892082583111847e+00 1.169061624709614478e+01
2.309392074200063316e+00 1.151180243492370892e+01
2.257742083770998054e+00 1.107566359744996021e+01
2.079309490254025672e+00 1.180536767154051248e+01
2.161170128882577313e+00 1.163482659375036121e+01
2.356122313238971255e+00 1.188492428950151591e+01
2.355529407145501963e+00 1.199742625723004963e+01
2.124358131782691395e+00 1.159746407677996061e+01
2.153496925608592072e+00 1.192009734139620392e+01
2.079878963858345031e+00 1.223019725673152536e+01
2.437482766539663448e+00 1.218721460599316231e+01
8.712637930498215999e-01 1.051712208410109817e+01
2.137558408162819834e+00 1.224519194021186053e+01
2.558177139301832437e+00 1.210660136015055244e+01
2.346339711982819765e+00 1.154732338634789635e+01
2.411711580899178919e+00 1.161894705924486715e+01
2.081456285143888252e+00 1.174614040333022835e+01
2.475690204726952448e+00 1.202778114933379427e+01
2.537662240646702649e+00 1.219754709869076059e+01
1.606411934234593497e+00 1.168314846207903912e+01
2.495660900558828832e+00 1.191458800451309585e+01
2.378381028385446960e+00 1.249621723288984576e+01
2.221771800316977519e+00 1.223238456939379759e+01
2.563202018538892180e+00 1.221908855614059064e+01
2.296163013615571291e+00 1.172520480538874210e+01
2.427703884622529173e+00 1.172948440716440999e+01
2.195923109839969634e+00 1.227509847707452906e+01
2.249737161945793318e+00 1.194579342328053251e+01
1.998409820750167487e+00 1.201317054416816887e+01
1.690275017441209560e+00 1.199635691961771400e+01
1.216133859614333401e+00 1.110408383372937635e+01
2.398026535858303721e+00 1.179641112203310094e+01
2.179939431803574745e+00 1.161318285903399961e+01
2.178253081648497957e+00 1.196944305547206255e+01
2.224606222940212152e+00 1.223490755511630645e+01
1.774786867113785194e+00 1.182470026108861738e+01
2.075211767572997967e+00 1.136128407858758393e+01
2.079095422735277143e+00 1.139469333065505907e+01
2.200666466815826450e+00 1.126090216673679834e+01
2.086349362599237534e+00 1.194665378246892296e+01
1.939385624369053263e+00 1.198189272886047085e+01
2.067425304774771710e+00 1.198179162667768338e+01
2.477528939543192976e+00 1.230863247910438751e+01
2.491825875489346309e+00 1.242363749358983505e+01
2.369630782310430561e+00 1.172283209676744953e+01
2.467334259328388235e+00 1.210358211737716871e+01
2.232531908594225456e+00 1.155187097470349933e+01
8.440832677513789850e-01 1.035460564358355740e+01
