6.272103597476104131e-01 1.224371106530852238e+01
1.791339890709424232e+00 1.279197447630265039e+01
6.378473107482263149e-01 1.191115577877449994e+01
9.522067271402947508e-01 1.239692289637299893e+01
1.772724143404632802e+00 1.338196074135590052e+01
1.833720628683922049e+00 1.325142929761223520e+01
3.996535777263608424e-01 1.320532796842907608e+01
7.830074977178089757e-01 1.223129427582779449e+01
6.481487911164305338e-01 1.202337848605751525e+01
6.440615436828588392e-01 1.267220257464850874e+01
3.623287082700095141e-01 1.262417696085940833e+01
1.822242733893274957e+00 1.225583822030937853e+01
1.177115221423750802e+00 1.183129949371440581e+01
3.166878911951822584e-01 1.361521345439738973e+01
1.500877982499458474e+00 1.182671594544556015e+01
2.019969754967425146e+00 1.236950323035988220e+01
7.747874498817037825e-01 1.155643558661278369e+01
1.977893184376783076e+00 1.276621075763214819e+01
1.063592611339834182e+00 1.225113310147861867e+01
3.281950114857946077e-01 1.335172260182655712e+01
6.210662318708007890e-01 1.190489796153828550e+01
1.335164393387003434e+00 1.279215589299639255e+01
9.567609040335166570e-01 1.241288934908259201e+01
1.426023873804780351e+00 1.232449217396928987e+01
8.747918192449997132e-01 1.245011955168680018e+01
6.018746599851791945e-01 1.196377237908593294e+01
1.767116361810151082e+00 1.239340048258579152e+01
4.648462446154292271e-01 1.240557769054778881e+01
1.645760255479769230e+00 1.270644593699911340e+01
1.050933201769431280e+00 1.172695148997297032e+01
3.723690670622777366e-01 1.319581922524075779e+01
2.358455833803441593e+00 1.176489295475916741e+01
4.004488292432109020e-01 1.208817813077030756e+01
4.026481469046161443e-01 1.283139753124178384e+01
2.263759856979448593e+00 1.288879269227895463e+01
6.889585580962690470e-01 1.186015887602851926e+01
1.810288634722891921e+00 1.296755785894045587e+01
7.075059321598894391e-01 1.213238294281662277e+01
1.948437665152386922e+00 1.309243496477476043e+01
1.018369082506607848e+00 1.216672885985084740e+01
9.223765486014300352e-01 1.249245433827083396e+01
4.010357100007033160e-01 1.276636573117839824e+01
1.445801804890377351e+00 1.280444490701344762e+01
3.149498335964365792e-01 1.308653986484751641e+01
6.199715577298776648e-01 1.233456396720199422e+01
1.697822736755050466e+00 1.203017522213922419e+01
5.406634199656997763e-01 1.179928427085034492e+01
4.979262925049715571e-01 1.202663260968490100e+01
1.629471244340318759e+00 1.311251118697149920e+01
1.143755479115343476e+00 1.277435761656191637e+01
1.953013222637043134e+00 1.226393471070910302e+01
1.605108342178925618e+00 1.290688078064198052e+01
7.357691673297021007e-01 1.252278031092907362e+01
1.825842383964968896e+00 1.223723134214793795e+01
5.108853884553120617e-01 1.276768729417868364e+01
1.928366645248884126e+00 1.082411679895639622e+01
2.011563690388963099e+00 1.271717654281449938e+01
1.736488020125423359e+00 1.075662636981245335e+01
5.244440685106971367e-01 1.299966461658040906e+01
4.221782792554902852e-01 1.306550870232323192e+01
3.918303023849581956e-01 1.308287025727877406e+01
1.809449314461900604e+00 1.342772225088324589e+01
7.502538248446970481e-01 1.276878270701700124e+01
1.185162011682469929e+00 1.235222724374534131e+01
4.256213933532058680e-01 1.296469022612016353e+01
9.821531321684930926e-01 1.190554405630301638e+01
1.630080353277824301e+00 1.271390271721275766e+01
5.421236816622517773e-01 1.262958925879030403e+01
1.779572095430089318e+00 1.224504196987644988e+01
5.869769080989747367e-01 1.250409125352773110e+01
1.921679804012719872e+00 1.107316988181053929e+01
1.845868050630120605e+00 1.123635909758399265e+01
1.183162374784888948e+00 1.203440523981740640e+01
1.023046277171937968e+00 1.184902451250955302e+01
1.484222265811979913e+00 1.273719384752688022e+01
3.480772251127834394e-01 1.337234650298536565e+01
2.050791289251482130e+00 1.186720576467599031e+01
2.086542717723947504e+00 1.257946932438210652e+01
6.390699567558187910e-01 1.213739024220205209e+01
1.814317557913034173e+00 1.109205168368943006e+01
1.222473762240177120e+00 1.240195306498158345e+01
4.762146641692701077e-01 1.268087556567859053e+01
4.135694801178106395e-01 1.247145720446681594e+01
7.794844723303895329e-01 1.142513919840761538e+01
4.433544335373400536e-01 1.294650690558006012e+01
6.762754103192790689e-01 1.246185624380361823e+01
2.048020748194956830e+00 1.277496322763009218e+01
8.742972218351342528e-01 1.194748897598740633e+01
1.728970018663741781e+00 1.289163138563469779e+01
1.676974252732003512e+00 1.207176158865861559e+01
2.111970241651322855e+00 1.242116687432650401e+01
2.055789946867079721e+00 1.303813875231710995e+01
3.571870754497773470e-01 1.295605850384248470e+01
2.164685852322995263e+00 1.265018133613586926e+01
1.892164660170170265e+00 1.270863883200954447e+01
8.244768037748175793e-01 1.248501385138285258e+01
1.966243480231418594e+00 1.302043925291487447e+01
1.411415725498466944e+00 1.165798792521399463e+01
5.236549934307943577e-01 1.220187090620836656e+01
1.033717495974389111e+00 1.229366820130509552e+01
4.123935475827026353e-01 1.280349205543871349e+01
9.303623025106615430e-01 1.208008210393580306e+01
1.403723049749344476e+00 1.212332171722097307e+01
8.913981010515966696e-01 1.240407512726662631e+01
3.875930856901848576e-01 1.291712201246321889e+01
9.574108584812771605e-01 1.243727246432560030e+01
4.246237730132201849e-01 1.295779154135294498e+01
1.181612737477708563e+00 1.228646727290975882e+01
1.876664844599867710e+00 1.318796055433089798e+01
1.815534280153538793e+00 1.092417668487155069e+01
3.734379133043738697e-01 1.322302224396081094e+01
1.239721199054747869e+00 1.230804665771524675e+01
5.247797327334211559e-01 1.239705990354895349e+01
1.371511738310755124e+00 1.267883273109960207e+01
4.291501976552505870e-01 1.252939030981264601e+01
7.933837942836448054e-01 1.268652380665028900e+01
2.185634498421782368e+00 1.288667275501300757e+01
8.666448431809105069e-01 1.234039055690537978e+01
1.338426363847960987e+00 1.272051260889023361e+01
8.003688170278638880e-01 1.233528572184185101e+01
1.440450328690882076e+00 1.289637765715595563e+01
1.704607704610089369e+00 1.229907773604502985e+01
1.112231999103796332e+00 1.289221237721399582e+01
1.696686761693868561e+00 1.225934082063795216e+01
1.826356833558671955e+00 1.207193480438183464e+01
5.507832529968335056e-01 1.176909425619443184e+01
1.514319680016446901e+00 1.258008425366267780e+01
6.146061139103541349e-01 1.233847354995099188e+01
4.559279903323773531e-01 1.269910554354568255e+01
1.692597408998564923e+00 1.304581614851147187e+01
1.492339048581491578e+00 1.276677044705868447e+01
4.986233222499042994e-01 1.243957808752266381e+01
6.627228096887886055e-01 1.146445509803496066e+01
4.837081658271991103e-01 1.236790130325825388e+01
7.466110943682146006e-01 1.235920943469181488e+01
4.289132537555331859e-01 1.223222352007236857e+01
1.612364522187303972e+00 1.213610616796740871e+01
9.149841720639128040e-01 1.202529297508845119e+01
8.925745541340222022e-01 1.228380095607872136e+01
4.928376009358084175e-01 1.299450395389947310e+01
1.620819149743994991e+00 1.285961493443310744e+01
1.645044441791367884e+00 1.260693652958215694e+01
1.136155828064372875e+00 1.273116896328133585e+01
1.520052085319113511e+00 1.318833150353271577e+01
4.328731023760334362e-01 1.229448770750582476e+01
1.879996112644353845e+00 1.335257866899718593e+01
1.581733859321234448e+00 1.262283737079360435e+01
3.956521581331475246e-01 1.317754366453251258e+01
1.589177433104215442e+00 1.171918147621082085e+01
1.081233835110080532e+00 1.219339898973858638e+01
3.259046343473643859e-01 1.286532159046848811e+01
2.014978113705882645e+00 1.246842389184180711e+01
1.513222178537406926e+00 1.197069249321415541e+01
9.231741991162889516e-01 1.193857458600105659e+01
1.158374669933464718e+00 1.216183545488949136e+01
4.614194129135928413e-01 1.242159726489966332e+01
1.971645831269538629e+00 1.258887504329952556e+01
1.137577795187859397e+00 1.233172095218817077e+01
1.291504756110499974e+00 1.227474605907591787e+01
1.367794609359400226e+00 1.236153453052851603e+01
2.134123588101739522e+00 1.181195717662537170e+01
1.618973813010600837e+00 1.261837635553190573e+01
9.289816974381451820e-01 1.232082324567480036e+01
1.693232371312775264e+00 1.306464540522763507e+01
1.630557114534374019e+00 1.253965455411768914e+01
1.199584359139370227e+00 1.243793641729928723e+01
9.652018961477223380e-01 1.255666004396155699e+01
1.864655031174302424e+00 1.258102375698661390e+01
1.153023175496788788e+00 1.205212762880493571e+01
1.293132142433217835e+00 1.138748529262940856e+01
1.013579716568033806e+00 1.276198635413303073e+01
2.194363298486550651e+00 1.216886875356507680e+01
1.322454988040104640e+00 1.270957937519923853e+01
9.617228039063923095e-01 1.256366451020622854e+01
1.454096062072685047e+00 1.208009920954097538e+01
7.255646397081491061e-01 1.214635184728133410e+01
1.732426855728443238e+00 1.269697287126675000e+01
4.134729155501475906e-01 1.260766858060074469e+01
1.837092509583196032e+00 1.290237606148512128e+01
1.757260010415774731e+00 1.229286708544571916e+01
1.802685927747745165e+00 1.163282557986093835e+01
4.123640103693650416e-01 1.247112449969038650e+01
2.245463153425211633e+00 1.219516061306202559e+01
6.399809056131301466e-01 1.234934211906681334e+01
1.744370412559847816e+00 1.190609832966890025e+01
1.310136104501314902e+00 1.274670455251877144e+01
1.767156667306129192e+00 1.316450581491100991e+01
2.080974955904334234e+00 1.100528522724018821e+01
1.028750878485605647e+00 1.261108767214960658e+01
1.658453834677565242e+00 1.269056742430338147e+01
9.426845820724173430e-01 1.186109978996684511e+01
8.780930581932152590e-01 1.231668829775139073e+01
5.480525088464331951e-01 1.234899438313961184e+01
6.412992647450955763e-01 1.267981864270352332e+01
1.870226152368256178e+00 1.040289148896102844e+01
4.466491590921926602e-01 1.280278294737955136e+01
5.223307337885529922e-01 1.246960508894016506e+01
1.299330147868165364e+00 1.225963676821295678e+01
1.844311716819452052e+00 1.254865641825711187e+01
2.064932754634459133e+00 1.299470241404029380e+01
1.857231907316465813e+00 1.196273192678104635e+01
6.238487943237793765e-01 1.239535680294215503e+01
8.874517428572499256e-01 1.230783324032214665e+01
1.850781641264438449e+00 1.271275292310524918e+01
1.748568447393448633e+00 1.257991616197529972e+01
1.647893282981756746e+00 1.241903688717489196e+01
3.637857252493268967e-01 1.271370737534538442e+01
1.684825536240050159e+00 1.267517366599718542e+01
7.119652014323727407e-01 1.271066968288713639e+01
3.924855236059297536e-01 1.298406294635080727e+01
5.269283449664190488e-01 1.243361851139469465e+01
4.916025558628063230e-01 1.245015304404863166e+01
4.019534051828173582e-01 1.259250250184905795e+01
9.087791201475763359e-01 1.252318816124278200e+01
5.339499368579553318e-01 1.267279040333128926e+01
7.217506785182478124e-01 1.225687623351498523e+01
2.031197450756735190e+00 1.215195409290039485e+01
1.742825323478623956e+00 1.297255592418342651e+01
1.399371992623053895e+00 1.272445399788631093e+01
4.179700381790291686e-01 1.278407407209243907e+01
4.981989088197645299e-01 1.267279200632854064e+01
1.312019929490050751e+00 1.201026251264833178e+01
1.610624824007844458e+00 1.153728627622952985e+01
1.108151326778030299e+00 1.196851415057054169e+01
4.258836867703673090e-01 1.208487801741255829e+01
7.260650464040659946e-01 1.194453633889141564e+01
1.055485311594350106e+00 1.213579310056200633e+01
9.954601290493416688e-01 1.242672919054111169e+01
7.448774382621411450e-01 1.221206020739659515e+01
1.908486262791113219e+00 1.272920916306257944e+01
4.346204770830726649e-01 1.305463620199114061e+01
6.634660770992799605e-01 1.248534920449293750e+01
8.364941060451962507e-01 1.170786868190418062e+01
7.181061352852518009e-01 1.180484931571021257e+01
4.798788968098121610e-01 1.179122220701620272e+01
1.072759069265336151e+00 1.257287722915932981e+01
4.286063956585559054e-01 1.297390746199819311e+01
2.869038683062019590e-01 1.362242860580331438e+01
1.569583676539124450e+00 1.241295651423499535e+01
5.481625113616920286e-01 1.270906994142695545e+01
5.727315428803875230e-01 1.230336601145333653e+01
1.196010825530388288e+00 1.245815137954248364e+01
5.361652245188240906e-01 1.277636534208751051e+01
2.179343074758990806e+00 1.167705408214120233e+01
2.288623178431378857e+00 1.181000511132962139e+01
1.876685095146927829e+00 1.174982311623279507e+01
9.970245477045248661e-01 1.236975894507865448e+01
8.598234041475169009e-01 1.215509718232422109e+01
8.314495394786521887e-01 1.223707280402421205e+01
2.002898423415293561e+00 1.326162202403368617e+01
1.013573610621547827e+00 1.174319482133211423e+01
4.292845867343999533e-01 1.303175926094425563e+01
2.066527740648710587e+00 1.102841031178882147e+01
5.938429616055208582e-01 1.277464900609873766e+01
1.307331095121544440e+00 1.198953485882931069e+01
7.747968903337957292e-01 1.164510548788040012e+01
4.528000068129032774e-01 1.283837717852002314e+01
7.566007727103387648e-01 1.170222932183500397e+01
1.308227510963986484e+00 1.301743173159084677e+01
2.692795392589654169e-01 1.367794149575292550e+01
1.956568204001727374e+00 1.319186160747662839e+01
7.965263379382360176e-01 1.232079767616529331e+01
1.475851451674474069e+00 1.278718272065608375e+01
1.248646100500196310e+00 1.238724954519993204e+01
1.740897579478328350e+00 1.219601968504858291e+01
4.666585734176302847e-01 1.272408478856317515e+01
4.960391703466769941e-01 1.215749566287595762e+01
1.383351161903922710e+00 1.280105574739513763e+01
1.272396132137696645e+00 1.280249952494574295e+01
6.993513801643408412e-01 1.235062639683350305e+01
1.559827828815705919e+00 1.267261566320713762e+01
6.455575658458627686e-01 1.270022625178545894e+01
6.922755681038449405e-01 1.225257579230869176e+01
1.200354775229715676e+00 1.260940175955908416e+01
2.081183168888656621e+00 1.125589496066382367e+01
2.020916936406899289e+00 1.274732087135690684e+01
1.099111280655519662e+00 1.229989513238488996e+01
6.891868242128179611e-01 1.251616533009628363e+01
9.507466810437825711e-01 1.217841204800787303e+01
1.954430771594727778e+00 1.277330153133872415e+01
1.929217385938463369e+00 1.296846633953527395e+01
5.391773284593864846e-01 1.219011647501006479e+01
1.231507769581694056e+00 1.285932964963043368e+01
4.016091644053637055e-01 1.314837950428721314e+01
8.551627356942945735e-01 1.237626274117195990e+01
1.543032638704694204e+00 1.120581233713784641e+01
2.046284635186562451e+00 1.187740364091529344e+01
4.672055502129205395e-01 1.292048118173142868e+01
2.166446277109415952e+00 1.270240374535259242e+01
3.271309258419170529e-01 1.346819837978136647e+01
1.396406657894868619e+00 1.261874400141779873e+01
5.889181436591823804e-01 1.162584185769905964e+01
6.011049301526384392e-01 1.208312852432969642e+01
1.693840243085467989e+00 1.215857561347853810e+01
3.847372811512107527e-01 1.277433566455733249e+01
7.842523415413268362e-01 1.248142118247211130e+01
1.464389947470267517e+00 1.254150748108829561e+01
1.898459582956554259e+00 1.260580042351135077e+01
1.079295695211512918e+00 1.250147385792488919e+01
6.024328240348950647e-01 1.231870958027487362e+01
1.617204193128658929e+00 1.291135327056596971e+01
1.360840323965338605e+00 1.215140505515672587e+01
1.874740946915569140e+00 1.074923551761100526e+01
3.392671277770912819e-01 1.383508583805127756e+01
2.065041318523022973e+00 1.137054055171317657e+01
1.170040629150290057e+00 1.245604125248647520e+01
2.249120618810884320e+00 1.164173391876841812e+01
1.627609659321993751e+00 1.209454223358862102e+01
1.526721843350117069e+00 1.217759400357773281e+01
1.899694199909458536e+00 1.224533818146284680e+01
5.605148758882450011e-01 1.219836282668328842e+01
2.109392447222717681e+00 1.193457204441969566e+01
1.824950993726534021e+00 1.315520168514818877e+01
9.072636740579212988e-01 1.246305278739770195e+01
1.940521463103642041e+00 1.258230019285687717e+01
9.854448826686105223e-01 1.221938716639082934e+01
5.009117110463707778e-01 1.182990129615660457e+01
4.446586866027623652e-01 1.272270240777167949e+01
8.113901564599940164e-01 1.166131798908997474e+01
2.068463796804778543e+00 1.145718704800752619e+01
4.283083624617596841e-01 1.251380259903796954e+01
5.343245395633230421e-01 1.221050550375124466e+01
1.329077410849062835e+00 1.289614261146321006e+01
1.457916553888904732e+00 1.242576779001097265e+01
3.442734329944848737e-01 1.293433640499749870e+01
2.031931151856625206e+00 1.244227679649213059e+01
1.286223767550772390e+00 1.130366668862726343e+01
1.311452571863454653e+00 1.218053954566720343e+01
1.779940434496832147e+00 1.240963085714004777e+01
2.330740964958564643e+00 1.172191971511613140e+01
1.539340912924665572e+00 1.198059686198388185e+01
1.770475204872640207e+00 1.290116616316728759e+01
1.046903075093072788e+00 1.192294758452385217e+01
1.364392344079483177e+00 1.178072411948080855e+01
4.814039344768565876e-01 1.295565614023971790e+01
6.177610818937093740e-01 1.259949586598338733e+01
9.821779431880363065e-01 1.169425377440754410e+01
1.846365556822004095e+00 1.308008234573073381e+01
1.258426688749193278e+00 1.270702338471483905e+01
4.337950535876636815e-01 1.228371151087233315e+01
1.194909517806035382e+00 1.247873009414570866e+01
5.316874793135277777e-01 1.181032002585375196e+01
1.555013501405196008e+00 1.242015386650799158e+01
1.140742637073234089e+00 1.199650959157659358e+01
4.906406394541972249e-01 1.260606432281717204e+01
5.695314027779124766e-01 1.201248974181704376e+01
4.129519375848884621e-01 1.219874269815057666e+01
1.118472079897797400e+00 1.231993419850444482e+01
6.493297651527722980e-01 1.255183196076604801e+01
5.759879045126060637e-01 1.267751864775322090e+01
4.625952942519845346e-01 1.248541285703833736e+01
1.036659359159681992e+00 1.156840286956301433e+01
9.686093618788353954e-01 1.244507009302096456e+01
1.367599720588957846e+00 1.273904690495797354e+01
1.469492406787817673e+00 1.261940297827973545e+01
8.789174935969447100e-01 1.273483422946888410e+01
1.712472165108068101e+00 1.209386446391842362e+01
3.244171647024527427e-01 1.317377375278916141e+01
1.117342342715225589e+00 1.236432956333801236e+01
1.731002040154012045e+00 1.258245018133065862e+01
1.461608773064671629e+00 1.283785868660909379e+01
1.211465337367017892e+00 1.250886966156868674e+01
5.036728079670450553e-01 1.241155034925146339e+01
4.134686767129764906e-01 1.292610050665945920e+01
1.506737749409010174e+00 1.272888711177679433e+01
7.625893657942341974e-01 1.231187186582647186e+01
1.820843734224036004e+00 1.184826122154228223e+01
1.178618287133143427e+00 1.233327588984569090e+01
4.112339662492444092e-01 1.279881526516972556e+01
1.536538931174905587e+00 1.287443558619604289e+01
1.267494593948793824e+00 1.225667415074518019e+01
1.022436338109850906e+00 1.234740768759365714e+01
2.000588186608531771e+00 1.159529914942204876e+01
3.331299043675173266e-01 1.334493452124656621e+01
5.492356487846957735e-01 1.240697938808058609e+01
4.630936305319403590e-01 1.244347531293920994e+01
1.295646258218043911e+00 1.237806031522291406e+01
1.485120427742003368e+00 1.234885779097425917e+01
1.558062080678083383e+00 1.238834760586498085e+01
4.836699701335448465e-01 1.253343612340770363e+01
9.026177225937299653e-01 1.233895579690480204e+01
1.940661291136649869e+00 1.279614822385286033e+01
1.680888723867791867e+00 1.174569243755726333e+01
1.338939325730187146e+00 1.247537722758303147e+01
1.012239816346798937e+00 1.266409035707749808e+01
1.784188787042970459e+00 1.221263720732826563e+01
4.187687189581247860e-01 1.248137996998543109e+01
4.986378833983612924e-01 1.254810674924134695e+01
1.450147647234792725e+00 1.226381002297203793e+01
7.827790667830615279e-01 1.204131088735327637e+01
1.125698924325809758e+00 1.243346294956136333e+01
2.892145679349876763e-01 1.366079160760249422e+01
3.606004171877036923e-01 1.301573647380834409e+01
4.474681814925051127e-01 1.318965854031355533e+01
1.260699870757494123e+00 1.266726872669146609e+01
1.052233366673609227e+00 1.214204790224268571e+01
2.113859442161828639e+00 1.114644949016342323e+01
2.014491796515402111e+00 1.127353653835920788e+01
6.199923444617896351e-01 1.269508979449496877e+01
1.986323063540195610e+00 1.337626877947857373e+01
1.582971420327299761e+00 1.193674308678386531e+01
1.834410171865508143e+00 1.243756804183828812e+01
1.637512615426393259e+00 1.224021933476107016e+01
4.794155569383866666e-01 1.214369421363774926e+01
1.424457622820007652e+00 1.134975213151587425e+01
4.683561164798735188e-01 1.293859420326234222e+01
5.306692046911843930e-01 1.278625329741239369e+01
1.903029018168037156e+00 1.309437710645207353e+01
9.363786074769201440e-01 1.210263115841597070e+01
6.015417871258539328e-01 1.274374669926590009e+01
8.065603426469695192e-01 1.175648253720789604e+01
3.171870742286391209e-01 1.337049353569429755e+01
1.722975072841945066e+00 1.305237421255563390e+01
1.207240511791925375e+00 1.218833379074960988e+01
1.281247665989200035e+00 1.236219736071648967e+01
9.022192647311305658e-01 1.247051106279007904e+01
6.792019632721357780e-01 1.266655269931744954e+01
2.545799290954123273e-01 1.410250851445401565e+01
1.672450508485647358e+00 1.181152924492389644e+01
1.724904977555230756e+00 1.161315920617772335e+01
4.873965372128055140e-01 1.231907205910222558e+01
1.086455352582645029e+00 1.210942097282935670e+01
1.833859136709944382e+00 1.302809629942314196e+01
4.463700679960833639e-01 1.217586488201028416e+01
1.981962078399424287e+00 1.265982932243554693e+01
2.197139435376397554e+00 1.133522308322885053e+01
5.491691556721868261e-01 1.250030903324525333e+01
4.461805117197384374e-01 1.262584868711672925e+01
1.540532303367618372e+00 1.148937009815386645e+01
1.929051493304150044e+00 1.115691350780152291e+01
3.046681009663351758e-01 1.290428946384762376e+01
5.238620469017307713e-01 1.270153536567408281e+01
1.668891414929222883e+00 1.251565450656947220e+01
4.259007415761461579e-01 1.306300384458656261e+01
1.573127551706945848e+00 1.219374435973626269e+01
1.041723595797994228e+00 1.272897933007452131e+01
6.769983249533055858e-01 1.256474849180944986e+01
2.181233346828752584e+00 1.168866966554627140e+01
6.010473165722816091e-01 1.231421601158522705e+01
1.296206085230739991e+00 1.194027472157522141e+01
6.820017563592215559e-01 1.195612542659420363e+01
3.220265302953728703e-01 1.360531007003972093e+01
1.407412101418866746e+00 1.300196734975658508e+01
1.562628273398273260e+00 1.302567271253431258e+01
6.130541177909308859e-01 1.224378527493569457e+01
7.230927179645393332e-01 1.212644922106614409e+01
1.694227691147978332e+00 1.258338456359761537e+01
4.867139923863060269e-01 1.204020925485540694e+01
3.719114076453142737e-01 1.363958285084711797e+01
1.095034377168701445e+00 1.174423381381481413e+01
2.095249672667188534e+00 1.093054493508931913e+01
1.596266531900304431e+00 1.233304858120384395e+01
5.232207698385106243e-01 1.192088438735127731e+01
1.126221998763298870e+00 1.178336165632980403e+01
2.021951472761901236e+00 1.222205358156748112e+01
1.580394374918065337e+00 1.163791362063810197e+01
9.930465209245812330e-01 1.233029349456009172e+01
1.174783544551709635e+00 1.155466773289199622e+01
1.916549692437841124e+00 1.193207841752149712e+01
1.342792727346218351e+00 1.180434915536537943e+01
6.168131703806125632e-01 1.218021156260245697e+01
1.608063061876586763e+00 1.199322482129672274e+01
2.728643421566237515e-01 1.396237280129798464e+01
1.357108126256880931e+00 1.193236349837788346e+01
1.851772532289757134e+00 1.108642537924791860e+01
1.619775544861234096e+00 1.300658806503651377e+01
2.324039850501121052e+00 1.281632286683358934e+01
7.778841121156313543e-01 1.220423078359815250e+01
1.047427607974551256e+00 1.203451056327974733e+01
5.538872758751517411e-01 1.276123553472522687e+01
9.022439954484208213e-01 1.244748705881094608e+01
1.132882086594737769e+00 1.180155125169424402e+01
7.477545230843257729e-01 1.260986781378984389e+01
1.335462186964494924e+00 1.220517653035999039e+01
2.039927995966107854e+00 1.162098068909090642e+01
9.741117135301644581e-01 1.202736309051449126e+01
1.916392851308309275e+00 1.230977796676242875e+01
1.800061526570172044e+00 1.310769534409197590e+01
2.433152083303860458e+00 1.224167804057217701e+01
1.220687803272087368e+00 1.224349434204039611e+01
8.183371039385420875e-01 1.244309527611493138e+01
8.227033298079352575e-01 1.251089176294927086e+01
1.347453837482000871e+00 1.206682375867571899e+01
1.218599010485500900e+00 1.248632672278152711e+01
1.153536628680333243e+00 1.248654919310964928e+01
6.838824080256696858e-01 1.197664504855439382e+01
1.938749841665655005e+00 1.303934116048193559e+01
1.324401462559694043e+00 1.231520705459002940e+01
1.012222415092988825e+00 1.251031743653257600e+01
5.106718840295856321e-01 1.258694390762464899e+01
1.868964368530770859e+00 1.234536146431352499e+01
1.466377162121190958e+00 1.240774705359171115e+01
2.030788679505020067e+00 1.336869092444734619e+01
1.577265934904760192e+00 1.255991909894831693e+01
1.628375524534265040e+00 1.245288513712831246e+01
4.798528153662465767e-01 1.223351832570983966e+01
1.030551764473854881e+00 1.222513792502627439e+01
1.179612719244810704e+00 1.221028671639044383e+01
6.732549319982196190e-01 1.223038729780614986e+01
5.989062533483009432e-01 1.242089645861064362e+01
8.486390390850956367e-01 1.206851800851165812e+01
1.550502474910646411e+00 1.197256514877002509e+01
9.313654873837984294e-01 1.267459110552069745e+01
4.300509536698545743e-01 1.277162251049827013e+01
1.267799945244202586e+00 1.237638343488450410e+01
1.236281546690004340e+00 1.225377515670770023e+01
1.735875160142623219e+00 1.312428530352815059e+01
6.852596443962042372e-01 1.214289978537653170e+01
1.789513515697641388e+00 1.285872694784800530e+01
1.770061095607948998e+00 1.216977547361265799e+01
5.745973117348932568e-01 1.250189691191873287e+01
1.708541938668320714e+00 1.267208369726825445e+01
1.062516248155779719e+00 1.187603473287169109e+01
6.945736473234308539e-01 1.202920002050031734e+01
1.123062286830538214e+00 1.202530397468455625e+01
7.895118618920986542e-01 1.218064216210129480e+01
1.588255598196375518e+00 1.208579980924119646e+01
9.971393620101688393e-01 1.211192582525307948e+01
6.548517551234691592e-01 1.254666889143735631e+01
1.951636203158235716e+00 1.065612980135623289e+01
2.139897276166711215e+00 1.253054421152448761e+01
1.794893226315715795e+00 1.307898654904789915e+01
1.973453800679533909e+00 1.157239211717701366e+01
4.018996415702758007e-01 1.251619243599899356e+01
9.438920718120120679e-01 1.183792990924704824e+01
1.398495385567495974e+00 1.178436331201858778e+01
1.900257604352107776e+00 1.210071825595598227e+01
8.558047290059731527e-01 1.244960488230905504e+01
8.169386082466129073e-01 1.205935840666934844e+01
1.764668949321995584e+00 1.233290260221333234e+01
1.883687905461028045e+00 1.231628022424463609e+01
1.459282874940304175e+00 1.231001169884799928e+01
1.270651514946928629e+00 1.250860169890617790e+01
1.720432699041239522e+00 1.292573595990903002e+01
1.802842821631723824e+00 1.233014794902651623e+01
7.809900793033258681e-01 1.210148737555291021e+01
1.552345811674587406e+00 1.208508472549836910e+01
6.097676916291944194e-01 1.287511480374598172e+01
8.432914558128334903e-01 1.239887676496856095e+01
8.577835266511472101e-01 1.240489298686172148e+01
1.599036758422362148e+00 1.121153576331516533e+01
1.464365284697181968e+00 1.226503759277160022e+01
4.450975454656239116e-01 1.302381521086056892e+01
3.161280604180811138e-01 1.333510563923096726e+01
4.768787684323803067e-01 1.257312944286760370e+01
1.256921600908913916e+00 1.182901717396483221e+01
6.597466170294635779e-01 1.213767068048917963e+01
1.558353770322638221e+00 1.254843885845652274e+01
1.349893125989423348e+00 1.183437685420119934e+01
4.437707641527374181e-01 1.293460439707613396e+01
8.498492194209525952e-01 1.201537596891263782e+01
4.799695801820046404e-01 1.221162481620410745e+01
2.096444118787976763e+00 1.298128633574795643e+01
5.437167185299863759e-01 1.194976245566229878e+01
8.605604796656702860e-01 1.221350630984514218e+01
7.020999087999892918e-01 1.196876043087376473e+01
1.557198931171013045e+00 1.271606613179300638e+01
4.149123715710445470e-01 1.287640978288480476e+01
2.057555991406715634e+00 1.298298863610774667e+01
9.069006119769893459e-01 1.247580706677890383e+01
1.462014993897088777e+00 1.278474219644523657e+01
8.864626212759718626e-01 1.203178208010385752e+01
1.268732253928037235e+00 1.236439740845922231e+01
2.117304853427773192e+00 1.164732886962294423e+01
1.986022572140876630e+00 1.315472818721067405e+01
1.857358273169310570e+00 1.214805594436055003e+01
6.541398408501513106e-01 1.252922977972787599e+01
6.815038918863286499e-01 1.212644219899515896e+01
3.452136890362760835e-01 1.290975312282484744e+01
3.355413635929435645e-01 1.296705030333054864e+01
1.255164607515564246e+00 1.219894639924811663e+01
1.945513814910702743e+00 1.187084956615112574e+01
1.340001639631870356e+00 1.246389506008630299e+01
7.821774495130000560e-01 1.153026062765487936e+01
2.357479325870095010e+00 1.245608440306675568e+01
2.060504992297261140e+00 1.172938644825151400e+01
1.914429584623965841e+00 1.320406764155641888e+01
4.834169517290575757e-01 1.224974035406542860e+01
3.600998046242976924e-01 1.286315056570186677e+01
9.918326786441823417e-01 1.266329814186235581e+01
1.006370074533143866e+00 1.210520867298316183e+01
1.135712223799366649e+00 1.200494935044118883e+01
1.485442397437412243e+00 1.262297764300155301e+01
7.442339292294761766e-01 1.245303845324159120e+01
9.221881887105276565e-01 1.213066899355720984e+01
9.680276407530619132e-01 1.237661456282845940e+01
3.478767688561549831e-01 1.258000214804999928e+01
9.144440305089563958e-01 1.266533917734545156e+01
8.389196946540016242e-01 1.242419809509967266e+01
1.702375303088408343e+00 1.268507416732782112e+01
1.145393812534620359e+00 1.288853975141322472e+01
4.571243733649548169e-01 1.287490010269274165e+01
1.017161325599474475e+00 1.179328760976945922e+01
6.906328992398078626e-01 1.246469417935074731e+01
1.938006492929283286e+00 1.320599876346647505e+01
7.935105821461084785e-01 1.229643352854347249e+01
8.280671001881855231e-01 1.241806594543536946e+01
4.035645230376381787e-01 1.293898806498254928e+01
2.102900265838412608e+00 1.274251200854750898e+01
8.541171004229111130e-01 1.217975664816952985e+01
1.983451479500310644e+00 1.283176110843304940e+01
1.586937736642154428e+00 1.234539233867676522e+01
4.060370151689854379e-01 1.291649015368875197e+01
7.513146554083928175e-01 1.196618613741538084e+01
6.533995623240625994e-01 1.265021958872647900e+01
9.335753050928251584e-01 1.253529594214335319e+01
6.151153049450335253e-01 1.219178392379778941e+01
1.753561687618875320e+00 1.257938275714641208e+01
1.022547557304022581e+00 1.256764891696247943e+01
9.796743628285740080e-01 1.244269141490051034e+01
8.353189231437165851e-01 1.254481108135198397e+01
3.227533106660201434e-01 1.356340147608951163e+01
6.231511638964460920e-01 1.228872798718507120e+01
1.717833653627414137e+00 1.239957375224750002e+01
1.968444666958435008e+00 1.207081965301925308e+01
2.046548785953904215e+00 1.214501233292508253e+01
1.497473288235269262e+00 1.187098174800588524e+01
2.047346122688734837e+00 1.107066064084035872e+01
2.006786468110186128e+00 1.140099644900451814e+01
7.170447375038316862e-01 1.263273569910723459e+01
1.439586919583658808e+00 1.286331714311129204e+01
1.919382956537948104e+00 1.214688723127353676e+01
1.752262270174406167e+00 1.214246911639884630e+01
6.275672777448905171e-01 1.242070465255361533e+01
3.898669774753626971e-01 1.317678086937710447e+01
1.021182896931204009e+00 1.251456171188185174e+01
1.976110371850175795e+00 1.248058372475404809e+01
5.531443492694309016e-01 1.258775105222894375e+01
6.947828072747180839e-01 1.190212669821516833e+01
1.115444547637425288e+00 1.245361448619249423e+01
5.414969390764633461e-01 1.255649108353398979e+01
5.635047259681066345e-01 1.238479602741521290e+01
1.101989831222842220e+00 1.216192552781335046e+01
6.361525393983891163e-01 1.246244418305613877e+01
1.575852825600993157e+00 1.232741667058742152e+01
1.664165647336162124e+00 1.213437467190020946e+01
7.476530799315385112e-01 1.191802020490184155e+01
1.332242488855990281e+00 1.258177337071921364e+01
6.732105857192645093e-01 1.209406601209267684e+01
1.653158429720709144e+00 1.276188882868386720e+01
1.585087198787159535e+00 1.179153448453385344e+01
1.814645638777921066e+00 1.295824697879061560e+01
5.277426408668441926e-01 1.196464920140995858e+01
6.952984892667141148e-01 1.200378973581772968e+01
5.994459608384697935e-01 1.253052394682699777e+01
1.655659029169068042e+00 1.316972899974523514e+01
9.602416091926836428e-01 1.217499995177220384e+01
4.213435447853641214e-01 1.228441154085736997e+01
1.735429499098187334e+00 1.286328440802856576e+01
1.805147973157392505e+00 1.274160325218708678e+01
3.847992057176073954e-01 1.255971399183103365e+01
4.868696401594108103e-01 1.205483328349028405e+01
1.110198887255414268e+00 1.231179855588383099e+01
1.257954219711967969e+00 1.237535464634794025e+01
1.543068451282816334e+00 1.276337111478347985e+01
2.205675632724744872e+00 1.088086152717257171e+01
1.854459831274458459e+00 1.206736133422819002e+01
1.139378386826188638e+00 1.254803688915892756e+01
9.304219654446725940e-01 1.255383135895767310e+01
1.424879785732834581e+00 1.263000404977994684e+01
1.888911465915737997e+00 1.232935770277619447e+01
5.221588316115369777e-01 1.272570126268129798e+01
8.366865507502911914e-01 1.196431091388640056e+01
8.473403852150476201e-01 1.195004521037252232e+01
8.739951839349885399e-01 1.230802060311502011e+01
2.088352566850882663e+00 1.237312041644571536e+01
1.165470510725022946e+00 1.265908592523405574e+01
6.208069193158491927e-01 1.155740293664148588e+01
1.729445714498869302e+00 1.148195505807251671e+01
9.755153538359662146e-01 1.207523963807428302e+01
1.342362866925262077e+00 1.267530731715734582e+01
2.054707394030102829e+00 1.162350048557300575e+01
2.246036373615862836e+00 1.263919231159243672e+01
1.610263546092528086e+00 1.178942386384823671e+01
4.428126811875276458e-01 1.315806717117390789e+01
1.851012274989654260e+00 1.294983685478384317e+01
5.893385869924450127e-01 1.172928627375753763e+01
1.607571068512346324e+00 1.249694510542339465e+01
1.734688584591829841e+00 1.243043502290404234e+01
1.155371256515587586e+00 1.288324880700130493e+01
5.131792636952310360e-01 1.233058581152418576e+01
2.090898494092149562e+00 1.277391626519726664e+01
7.822480585578883705e-01 1.237451950119976019e+01
1.010083372675235847e+00 1.255088590335702925e+01
2.057578023609992091e+00 1.196060248529621006e+01
1.511944003438501660e+00 1.194505957041054423e+01
1.696028921035539261e+00 1.155123316380782050e+01
2.212349775674207208e+00 1.176234347651646495e+01
1.001604225698494721e+00 1.232332585446960316e+01
5.369394952467582138e-01 1.279196438186267848e+01
5.006932498419597311e-01 1.207143213909239421e+01
4.847003824224950241e-01 1.206305856818421063e+01
2.094447915823939965e+00 1.187347898476768826e+01
1.377503431192826477e+00 1.248186611199748164e+01
1.809693574560565343e+00 1.162890965695671319e+01
2.096944147634440370e+00 1.131674150751804042e+01
1.094347048583235171e+00 1.163585867369523896e+01
4.751508884458857107e-01 1.301177681129187746e+01
1.132182869308451245e+00 1.242579674048161920e+01
1.299823645820323836e+00 1.220684583103099285e+01
1.990394926038606904e+00 1.125373495665318835e+01
2.127197482399018735e+00 1.141608204865356413e+01
2.087743933781986527e+00 1.154922795542145231e+01
1.362053524444554853e+00 1.252634750793235163e+01
4.481412358895779380e-01 1.300722655463665234e+01
5.752348645577207709e-01 1.214281995756729771e+01
9.710261849841786974e-01 1.243657710711584485e+01
1.322223756686928597e+00 1.227790913516330740e+01
8.620264078695789589e-01 1.259889279122993599e+01
1.919120344605107498e+00 1.189158934322929717e+01
1.568042050173475976e+00 1.213012150249207188e+01
8.530777156995998922e-01 1.210022870017860797e+01
1.207617689645691161e+00 1.143575705711994495e+01
1.399150956767176490e+00 1.294596104107560564e+01
1.823501010225727414e+00 1.084117723906811115e+01
1.731268646505141895e+00 1.271335198306133485e+01
1.756355288488853583e+00 1.180491279911314884e+01
4.226745582591242556e-01 1.253330253965432561e+01
4.279820143308353808e-01 1.240252472162852548e+01
1.686361915679360779e+00 1.192285761259790355e+01
1.602970708208760753e+00 1.224821419125803779e+01
6.265799247173704511e-01 1.265451615588179557e+01
1.835145382756030230e+00 1.189367560017348247e+01
1.011983675552427853e+00 1.222842498023843305e+01
1.008846708682349158e+00 1.228899103057869091e+01
1.192540340755238848e+00 1.299107460848668794e+01
1.744467903579696388e+00 1.261642080769124519e+01
8.453464792475363643e-01 1.258768808344487056e+01
1.113088459312043366e+00 1.239947223926276187e+01
2.153838113485404104e+00 1.265064600019171870e+01
3.803181757267386498e-01 1.308182072453864464e+01
1.981104424637836203e+00 1.266076305090997778e+01
1.515952310671933256e+00 1.260179436870585690e+01
8.040475702043332618e-01 1.246610139036727105e+01
7.900259489396160850e-01 1.271431771726565252e+01
2.059169277475203508e+00 1.048715285977170097e+01
1.772904968903252332e+00 1.197095075318824797e+01
4.386111774150079357e-01 1.273232243750313586e+01
1.113596857164428799e+00 1.179706722189520463e+01
6.346910413581088317e-01 1.204893186937927574e+01
1.850749823322841880e+00 1.148746767923060830e+01
1.043090068399303405e+00 1.251867944445058001e+01
4.527912692425595242e-01 1.311485325688038905e+01
1.211727773189140045e+00 1.270237139934685722e+01
6.304542236168586555e-01 1.266220789816802217e+01
1.189020174588982348e+00 1.239591672609954287e+01
1.659540391316589814e+00 1.244349659536193187e+01
9.045175902646975796e-01 1.251445959887450599e+01
5.189736348654064857e-01 1.283442434459877823e+01
1.576702641106185743e+00 1.215105945855527914e+01
5.748368788665179085e-01 1.249806080237694594e+01
1.142683927986486436e+00 1.228826447156252399e+01
1.162221750920926944e+00 1.248110533161454683e+01
3.234236971582984399e-01 1.333776677603482952e+01
8.433528181592332418e-01 1.219253919435217526e+01
3.487988661766154852e-01 1.281382695405489258e+01
1.101971424048775239e+00 1.272467108018988569e+01
1.539495038765409607e+00 1.171588733421514661e+01
1.425210401949751349e+00 1.215738691521760728e+01
1.715513861676253748e+00 1.330299557416241996e+01
1.287251087352682788e+00 1.148968866304491598e+01
1.199650010382843357e+00 1.271663481589587619e+01
1.811691689822596762e+00 1.173622850470517776e+01
9.581823228646072499e-01 1.238197277493704540e+01
2.880324323518151375e-01 1.355921890100179716e+01
4.943048997823831225e-01 1.238879756233539986e+01
2.103973307598906217e+00 1.132009651636933256e+01
3.383502536900224733e-01 1.309282204678597594e+01
2.056524788241151924e+00 1.309817799513231051e+01
1.124732689806222208e+00 1.237500219157626624e+01
6.126025584802546886e-01 1.228344551276748753e+01
4.557092492163487552e-01 1.306968760969469834e+01
1.547775863483503489e+00 1.211225966988749292e+01
6.092588614768446043e-01 1.203606446352195469e+01
2.016839726401048694e+00 1.263143397182495953e+01
1.580488616048210337e+00 1.195191049860047627e+01
2.261818399230199006e+00 1.247784325709535658e+01
2.066177003193500727e+00 1.074522978362018222e+01
2.060747377952909964e+00 1.292745317657635162e+01
1.059627095025226673e+00 1.175154158625007383e+01
1.000708142579431303e+00 1.206551047036222712e+01
6.079656194893136023e-01 1.195387256756667504e+01
3.089165151572030310e-01 1.340684137636515771e+01
1.941458315542604396e+00 1.268818494699740107e+01
1.225818661953533395e+00 1.275723430741079234e+01
1.861781715878885635e+00 1.204910111186658916e+01
1.101562494048659246e+00 1.268457203631972874e+01
1.127733029778890339e+00 1.286336638538425348e+01
7.553922991886051763e-01 1.194583187322818496e+01
1.085441090793684449e+00 1.256819380934713593e+01
5.324207076818247009e-01 1.268282037761549397e+01
1.755633776832415949e+00 1.306717630144465758e+01
1.039161224372595171e+00 1.242607281073941472e+01
5.359825962604606309e-01 1.256013650826509753e+01
1.100718449909473318e+00 1.123487229337755444e+01
4.891929952579788798e-01 1.237679514361146538e+01
1.875988455450102954e+00 1.290675334265672625e+01
1.959680631691636643e+00 1.139499806383766156e+01
6.433685828416413344e-01 1.272885021397488359e+01
1.262696219454639834e+00 1.162709952148061987e+01
1.003764391620772356e+00 1.216009788725068397e+01
1.814738826115074088e+00 1.251836897119999215e+01
1.309799265500507293e+00 1.228215293871238600e+01
1.981861462108970962e+00 1.316803217312190988e+01
5.101422115880381858e-01 1.231589216542261589e+01
1.034978303590280424e+00 1.209355071391082781e+01
2.022279571415549260e+00 1.270937089726922764e+01
1.949158561042273696e+00 1.246934554473112300e+01
8.205272256395336195e-01 1.246773730504514432e+01
1.870529667158497000e+00 1.169803615207864667e+01
1.268932068048801209e+00 1.225394559432574226e+01
1.288079799037896711e+00 1.246539715870454756e+01
1.804236319775239794e+00 1.268425470989921777e+01
9.112389573329801040e-01 1.179326564214355244e+01
1.293932913667495077e+00 1.249245075855490228e+01
1.961085348888918167e+00 1.272735275089000595e+01
1.103531078027796264e+00 1.224920647517893002e+01
9.932348077665262842e-01 1.257200134691154503e+01
1.582199234531885823e+00 1.273635955093693717e+01
2.013339354386781022e+00 1.248262842974635056e+01
1.299629339156609831e+00 1.271427517285035513e+01
1.097372972985302564e+00 1.256455752816570204e+01
1.114519969492888007e+00 1.218305789182734955e+01
1.941959189129234487e+00 1.272829205052157953e+01
8.450514645763451682e-01 1.196323721256477057e+01
1.621600539499935323e+00 1.232284882666242254e+01
5.568213794885126244e-01 1.272211212476018183e+01
4.486372879704351724e-01 1.272369109312259283e+01
1.578717716068752885e+00 1.256551339728310879e+01
3.965615555975519624e-01 1.311046162017547800e+01
2.019083517450110499e+00 1.244974152798979716e+01
2.119977103668600815e+00 1.183497329522499619e+01
8.370765959172423720e-01 1.180037701803225936e+01
1.330171942860732814e+00 1.205840746390912521e+01
1.046577814479776602e+00 1.159679018780847137e+01
5.909940592780079660e-01 1.262896239900353379e+01
1.883067846301152759e+00 1.192874500713425867e+01
4.487743381182926483e-01 1.307436900000009850e+01
5.261660582425262689e-01 1.276500476136127737e+01
1.207531901370211269e+00 1.213094566394767249e+01
3.903188787978065233e-01 1.246801367100313485e+01
7.254419597304311296e-01 1.245434094966030436e+01
1.818333833030912228e+00 1.212406968456232370e+01
1.572057518448701563e+00 1.276677593318968462e+01
1.314686229501297543e+00 1.247833165760818908e+01
1.684591475402575478e+00 1.198475539224014064e+01
5.536715202651698586e-01 1.252609390892908969e+01
1.446363183160229493e+00 1.284224709917203455e+01
6.045456832820628179e-01 1.217945095104435005e+01
2.083758338855494330e+00 1.352675584419762167e+01
1.350013256778195281e+00 1.215963916902700959e+01
5.445801705625222811e-01 1.211355204243663941e+01
8.684325455846212405e-01 1.173851049591143791e+01
3.828111487750757713e-01 1.272190276872679604e+01
4.267549991715319235e-01 1.309700683446283165e+01
8.814368785959676433e-01 1.271950652490680334e+01
1.687255162380593365e+00 1.242035550300081681e+01
5.106287392156556582e-01 1.269957928755040300e+01
1.446895773567435262e+00 1.254754600530836584e+01
7.480619735400813042e-01 1.278349787033726948e+01
1.569383623825298502e+00 1.204175615784621556e+01
4.955158838998052762e-01 1.282994956915825391e+01
1.984082182805592343e+00 1.252692321813875331e+01
1.640278932393182121e+00 1.230357404484951367e+01
1.828785515780588566e+00 1.261736686216542935e+01
1.281205988443722799e+00 1.239061655366096559e+01
3.774304674448984431e-01 1.337134436339000665e+01
1.726737075352765327e+00 1.242506848756912419e+01
9.715173866174175998e-01 1.201931914107033350e+01
1.310029269559443543e+00 1.256083038408465491e+01
6.084611953611045454e-01 1.279945474697801799e+01
4.364478212591620387e-01 1.291183924321583909e+01
1.582121990033135139e+00 1.265986900011012395e+01
4.036627870823233932e-01 1.284489596126051225e+01
7.131208072933862274e-01 1.251141698608038766e+01
4.488844510859759662e-01 1.216815221390350743e+01
1.478090763801165330e+00 1.243098154053897986e+01
1.912874772825751135e+00 1.301152667065756141e+01
1.011034043282873718e+00 1.215031857335719501e+01
1.705025187968583822e+00 1.198115684804065850e+01
6.799618019184322515e-01 1.260395935060730643e+01
9.565809625692579532e-01 1.245951665982522272e+01
3.406465284444435415e-01 1.310906798288470299e+01
1.911344806663671125e+00 1.216256040044534714e+01
1.020517259964392354e+00 1.180294590646437669e+01
1.729376312692484596e+00 1.273046628416140180e+01
6.830339769054187826e-01 1.257787379205678135e+01
2.717375104420341470e-01 1.390369045254975333e+01
1.396973351357502668e+00 1.242049363567039677e+01
1.487989590448155486e+00 1.273801112266448854e+01
6.998157535995993550e-01 1.243771770891908623e+01
2.081951677521080235e+00 1.164884378701424161e+01
2.257231631741960509e+00 1.273578170063011861e+01
6.917748743710342429e-01 1.218273323113576190e+01
1.598862563609765086e+00 1.193578654771315684e+01
1.997977087072641655e+00 1.192353077672351880e+01
8.269089934164493005e-01 1.215014005509821615e+01
1.477980742903374001e+00 1.228819680671711012e+01
1.857810148496333413e+00 1.128293672569578909e+01
1.167601809207022612e+00 1.188034022857531191e+01
1.706231381644448097e+00 1.283974281453993349e+01
1.289467468980779463e+00 1.301646969691596922e+01
1.811008230438843958e+00 1.284685763434087669e+01
3.513804061492541986e-01 1.328248799610006792e+01
6.446957018535139916e-01 1.194512776406327070e+01
9.261402929671380679e-01 1.222885281133162394e+01
4.949224601682903901e-01 1.203914474261206990e+01
5.156835400353250165e-01 1.272214792764171420e+01
1.372594021536728048e+00 1.203426348639672838e+01
4.167046279236696904e-01 1.274513164835473233e+01
1.261370513090412038e+00 1.233330359915716379e+01
2.819404107898563216e-01 1.333036292990613880e+01
5.481959139010683657e-01 1.207644106693472530e+01
3.529006375198398548e-01 1.279696584721620489e+01
1.305368104553604969e+00 1.223180498815636597e+01
1.034744211425123961e+00 1.220964468617742860e+01
4.176686636325389057e-01 1.285967601547018546e+01
8.532467916833385013e-01 1.231250300225277172e+01
1.573164432477292207e+00 1.202217270086889123e+01
1.587967837096024848e+00 1.314718524097109764e+01
3.718924277067908735e-01 1.268123011221198659e+01
1.164857345506657760e+00 1.201592040410686835e+01
8.743682575586331218e-01 1.246202831855982396e+01
9.276877196818186233e-01 1.153995377781699183e+01
9.735190891465622665e-01 1.199502420949317560e+01
1.421155217747483546e+00 1.244287431650844233e+01
2.135413674222555347e+00 1.216417220373495489e+01
6.134009579755662633e-01 1.224590487721141585e+01
5.078118110745492020e-01 1.301221380630422431e+01
1.028722389412779048e+00 1.247005676566799792e+01
3.395395504771792083e-01 1.298431105084452319e+01
2.109682647894866037e+00 1.279351618176132455e+01
7.623218243098803804e-01 1.185526671897762263e+01
5.635543021178071044e-01 1.204340723393220713e+01
5.586098102158422174e-01 1.246613933952048114e+01
6.709147034781088870e-01 1.186746002547772605e+01
1.972663490649588347e+00 1.173201374670572505e+01
2.656982681607613639e-01 1.358451799419279205e+01
5.226268398229666490e-01 1.225699927386023624e+01
1.441386975888801159e+00 1.254072372502738553e+01
1.794477050467458978e+00 1.186413659869900528e+01
1.968384024926451925e+00 1.248376238164168583e+01
1.658561835581292110e+00 1.200923488254211691e+01
9.939868621100824697e-01 1.196929038586545957e+01
1.175413716935004738e+00 1.214560034542610900e+01
1.931132143002909141e+00 1.299311922425434140e+01
1.000384739214842833e+00 1.268749863228721075e+01
1.705143702677344608e+00 1.242193449330152255e+01
1.905907902640806784e+00 1.282892430449246213e+01
1.782714716586068615e+00 1.214860621577918920e+01
1.774138104004516103e+00 1.301251972021400682e+01
5.630622855292997109e-01 1.249225727094632532e+01
4.119482784687459320e-01 1.298718655905056707e+01
6.468906474220895708e-01 1.203077614483656532e+01
9.864335892249174176e-01 1.196201029593193610e+01
6.340164052880913337e-01 1.181010822195787036e+01
1.553045383399206836e+00 1.284042661210154002e+01
1.985555142972317944e+00 1.120027070112956480e+01
1.691175116913941956e+00 1.250375078424525199e+01
1.450373585696654422e+00 1.178239971455714930e+01
2.068903589649062624e+00 1.280159880580268350e+01
1.991858048809423742e+00 1.243329585054018516e+01
1.541638324932547599e+00 1.296520238083992638e+01
8.320581818342011049e-01 1.191381718933370948e+01
3.155576925916156461e-01 1.320922354036233415e+01
1.950409346929225629e+00 1.315328966834262658e+01
1.382330681214475332e+00 1.263797279070479718e+01
4.061499258482634822e-01 1.264001117779355177e+01
1.401688389730806783e+00 1.222742231112623301e+01
3.499114202889965219e-01 1.328262117142146259e+01
1.582944457961279028e+00 1.247554018209312154e+01
1.865039634677925884e+00 1.236215302549793194e+01
1.457976590559539432e+00 1.220523660383636866e+01
4.763245948641486316e-01 1.256209100260216793e+01
1.646855376143318006e+00 1.299415758597086601e+01
7.933423625111368782e-01 1.227462718567963229e+01
4.285696949457979410e-01 1.291879521558052168e+01
1.379370260249055402e+00 1.244074868191079730e+01
3.431770072079079470e-01 1.332172115878561236e+01
1.678004265308934206e+00 1.248477803344959902e+01
6.812893372800988834e-01 1.232039036979567115e+01
5.130762099392890407e-01 1.209958624200090327e+01
7.007199684332974243e-01 1.213650698131850980e+01
8.764366023213392420e-01 1.235084078242375050e+01
5.635402314441213534e-01 1.223818269824114857e+01
9.258508734465514811e-01 1.213655208176760070e+01
1.429502365858852819e+00 1.237790541655820853e+01
6.290562820884215700e-01 1.168910328644098762e+01
1.639901586959746860e+00 1.257136443627909017e+01
9.694362338840599724e-01 1.267562560120112103e+01
1.924948069773310122e+00 1.200337006493222880e+01
9.149625309213927915e-01 1.182463154485972368e+01
8.412801769685362974e-01 1.217008938890138481e+01
1.702365687294481233e+00 1.250054599117247456e+01
5.775568724263082654e-01 1.217880642315034478e+01
9.632955191217891233e-01 1.244427550166711427e+01
1.830714262741656828e+00 1.160659589644484413e+01
1.041432908152885695e+00 1.210203078393727161e+01
4.741079018663311162e-01 1.300860224823853528e+01
7.214687374017871857e-01 1.253500801908990425e+01
1.662664988774881225e+00 1.173471740257943985e+01
4.762078361502255497e-01 1.264130791229574946e+01
1.757566011156682872e+00 1.162713253765578614e+01
1.139065398578907207e+00 1.240781740594711380e+01
4.991065997163505186e-01 1.259091614166428741e+01
8.123222091499658903e-01 1.273360707900485345e+01
1.489833413089256764e+00 1.206259550393766666e+01
3.923845447908712591e-01 1.273770194403250500e+01
6.725128389421498598e-01 1.250901622804831881e+01
1.396870981332048123e+00 1.294923300597120530e+01
7.327374579545726796e-01 1.228176544032679551e+01
5.103709936481527487e-01 1.231310988043908239e+01
1.611439735621648106e+00 1.222828815775747913e+01
4.153581913018674632e-01 1.238616083513910482e+01
4.705628938148816998e-01 1.297051058901345044e+01
1.941143715343603748e+00 1.237865544015686226e+01
2.947922145460620813e-01 1.347283842430868894e+01
6.346695193623268505e-01 1.248356097302715817e+01
1.962588187663951711e+00 1.245397359579231100e+01
1.577221289025726447e+00 1.246949567229330924e+01
8.992067079419263642e-01 1.271080563736102853e+01
4.193541949290866544e-01 1.286618983248839676e+01
1.203509669615962618e+00 1.244496805545826490e+01
6.854236580363383124e-01 1.232740959030047456e+01
1.624516667094922262e+00 1.260407292265144186e+01
1.387117494895239833e+00 1.265808242958363827e+01
8.739264220741868039e-01 1.211123379646273257e+01
1.556528688418510997e+00 1.248661761322173369e+01
1.060540649069956265e+00 1.196300748165242211e+01
1.544511308902073665e+00 1.226403356633889707e+01
5.990842215122583747e-01 1.284217699289331982e+01
1.446837505780747657e+00 1.241796636919523777e+01
1.897886178114323696e+00 1.198027349284110521e+01
1.446005370469866547e+00 1.195282802716563708e+01
5.045024124567454304e-01 1.240062030631593615e+01
8.350203897666078623e-01 1.223246979155475955e+01
2.942130504824777004e-01 1.350772982484470042e+01
1.254260606392832544e+00 1.262841809633678025e+01
2.027553145743587137e+00 1.251140788331893816e+01
3.737652309663949679e-01 1.301125727989785830e+01
6.931631616304076982e-01 1.174171737249592340e+01
9.333231992453739911e-01 1.231027143870754692e+01
2.109560720917538212e+00 1.269529643987594092e+01
1.683662289122313860e+00 1.136605382927247554e+01
1.864238285430167341e+00 1.199459351300559895e+01
1.340935092057488065e+00 1.215803221598597084e+01
7.526060105804091016e-01 1.184809904500721522e+01
4.097815263903404337e-01 1.312360940561951139e+01
3.714163196532498934e-01 1.277762283963703283e+01
1.249768348294584053e+00 1.255370494421613081e+01
3.750218819319972030e-01 1.301417238399177378e+01
1.770144503255353996e+00 1.183783641727585767e+01
1.170068600896995603e+00 1.177811388928472525e+01
2.021282712165836326e+00 1.211164955721678282e+01
1.282488939560876728e+00 1.217059603825004288e+01
9.620880876708126639e-01 1.216743167318297836e+01
7.549269699984814119e-01 1.179359749987917638e+01
1.120510223787654969e+00 1.259895852898438839e+01
1.275130773325137357e+00 1.219890132521321924e+01
1.892700728649474584e+00 1.094877593956247175e+01
1.458394827176991315e+00 1.247607697796944315e+01
5.120684617481716661e-01 1.276403815153559584e+01
4.780203133622712430e-01 1.246489891627938285e+01
6.098604618562348811e-01 1.285073335769984482e+01
3.719620530574888617e-01 1.329879243639485153e+01
1.134869384596136621e+00 1.159594123204039384e+01
1.892680825716897441e+00 1.188981989652935845e+01
9.518211494780579596e-01 1.233109739642599401e+01
5.695716927062411949e-01 1.203116675626923637e+01
9.189579613751577281e-01 1.257074265375685229e+01
4.760980607517959484e-01 1.264386934088883230e+01
1.432647546153320572e+00 1.209787148891287245e+01
1.642299115224103989e+00 1.229195381553546440e+01
2.087181603410058539e+00 1.207942709158728789e+01
1.642267521906829009e+00 1.236012127496420021e+01
7.153790250023729369e-01 1.191507899204873411e+01
7.598749891050444738e-01 1.169375086503005789e+01
1.858067161657377842e+00 1.291482991832186933e+01
7.896824295414529571e-01 1.193570592765721727e+01
7.227147720627811189e-01 1.247820660050534869e+01
8.020150591982951882e-01 1.218316869328106478e+01
1.875724377161926304e+00 1.243338482710815285e+01
1.806915629054482109e+00 1.253355521834240349e+01
7.998431805148993323e-01 1.230481015174336079e+01
1.167530897267993417e+00 1.260684453719373543e+01
1.342420042736316432e+00 1.236928016466198521e+01
7.982972975278771477e-01 1.162119129767248893e+01
1.951338063361365061e+00 1.252016317819782287e+01
1.975468739162852039e+00 1.239115311145906162e+01
2.143321432612196986e+00 1.256989911131303828e+01
4.106012343115088559e-01 1.305590041165200788e+01
1.549641893613298960e+00 1.319638165418654197e+01
7.843025402095430421e-01 1.240974631873654843e+01
1.108349336592532319e+00 1.246764919583701037e+01
1.945722118525806899e+00 1.138757817360777125e+01
1.042459152695762281e+00 1.261815977718449133e+01
5.101893235149633776e-01 1.298773959343589190e+01
1.583555578261744312e+00 1.253100968621239453e+01
1.172542814449569315e+00 1.254594184758192554e+01
1.970507796010454671e+00 1.298693173788523580e+01
3.516845444604402848e-01 1.308808379566901436e+01
5.193443010364776624e-01 1.203599309083707425e+01
1.245897654819304368e+00 1.229514377737481645e+01
1.679564083794977236e+00 1.299397539140881186e+01
1.792153710129704702e+00 1.280768000855037059e+01
4.506198807842639042e-01 1.298098684710416784e+01
7.296766604329343320e-01 1.243850968479811492e+01
7.845834987317601428e-01 1.228768932298546801e+01
7.583453207340840052e-01 1.190984880804933610e+01
1.457365328836105034e+00 1.281720930632310029e+01
7.535937943696283670e-01 1.230592243067441593e+01
1.160436374265417792e+00 1.163731864183557896e+01
4.699516031119261306e-01 1.267422139909889722e+01
2.152880882494841330e+00 1.269216783729784481e+01
4.965831056731070392e-01 1.187779379746016062e+01
7.097261281101343577e-01 1.243964560486829107e+01
3.128564421407522556e-01 1.329386164115661373e+01
1.957379572015742530e+00 1.120251928544899833e+01
1.242279695205649181e+00 1.230226899946559271e+01
1.082367867450704235e+00 1.224673139492545104e+01
1.724418756913000061e+00 1.213786241830077550e+01
1.307428110366631424e+00 1.280571240181819981e+01
3.637047119965436393e-01 1.275180282021879208e+01
1.270152753208070306e+00 1.262930347485306726e+01
1.885532808384652315e+00 1.315971209524423635e+01
1.680664880312448428e+00 1.270143269984911605e+01
3.388801064649379358e-01 1.357389139931363964e+01
1.165693446144349332e+00 1.259370235496053425e+01
3.036042464226711979e-01 1.345107332247944143e+01
1.484668677120675850e+00 1.255725727126039537e+01
1.765922744785234366e+00 1.277264380194618809e+01
6.345348634277606648e-01 1.193691959149008852e+01
6.407490473698577160e-01 1.262736061953288669e+01
2.095456103452796537e+00 1.216592045874012662e+01
1.075919833086793176e+00 1.243544715081807617e+01
8.953018759792675807e-01 1.259403037875612341e+01
7.036151153534767611e-01 1.200953835730892294e+01
4.653265130215393786e-01 1.312437217497151565e+01
1.972273132386389793e+00 1.297206619124049354e+01
1.652468468261828249e+00 1.234334650329899574e+01
1.167357673519775485e+00 1.211792491925002047e+01
5.722281964614422956e-01 1.278267557015748856e+01
3.491683436401618601e-01 1.277367236176686838e+01
1.048100549344508803e+00 1.267003728929758388e+01
1.720686924766456016e+00 1.247265202204643586e+01
2.164238844855304489e+00 1.222651233179576380e+01
4.351055122533293851e-01 1.291382593934880774e+01
1.813038326337272910e+00 1.121837926542483466e+01
6.999901809281655618e-01 1.211685754052840380e+01
1.253136629907921185e+00 1.231642218061493921e+01
2.046387863924544970e+00 1.256800185003454295e+01
4.302057692723047500e-01 1.216849306904758343e+01
9.142536544489262562e-01 1.240819201454358556e+01
1.587329979877186048e+00 1.280813890265712729e+01
3.245857706006276544e-01 1.366253779414190994e+01
1.035747196203974152e+00 1.148614593633249115e+01
1.855259556701539969e+00 1.255254706003608689e+01
4.028228867056730111e-01 1.306330061591505753e+01
1.310714776822974548e+00 1.238814166820243656e+01
7.693679404754176776e-01 1.251507633124661822e+01
1.554762880313596884e+00 1.280935011996585260e+01
2.024087837911896504e+00 1.212161149207587840e+01
1.687109274006655335e+00 1.276164070005460616e+01
2.055839638146970572e+00 1.126024784035013226e+01
9.721499081188155200e-01 1.192814280646975611e+01
1.884653513713184791e+00 1.251874304184416609e+01
8.159363764349110149e-01 1.235785359228011693e+01
2.045497034043582740e+00 1.152675717740467931e+01
5.455447728338761459e-01 1.252734815010375513e+01
1.687071144711049575e+00 1.180612349970504660e+01
2.048754733806664063e+00 1.035509722449049974e+01
1.788686643974500834e+00 1.213571512369667360e+01
8.259186655399591848e-01 1.224470163467000461e+01
1.494621068514660145e+00 1.295090724355854306e+01
7.927438312397567799e-01 1.184284708776103301e+01
2.104571568310542151e+00 1.246884637595101530e+01
1.795326283924383759e+00 1.269262783747097245e+01
2.114161815915909681e+00 1.212978302894170923e+01
9.646201247491559272e-01 1.264446408333418859e+01
1.801923543983188436e+00 1.293067023085916389e+01
1.442633334887221119e+00 1.242229603271236194e+01
9.724045382317829667e-01 1.230009390523331980e+01
2.229211340041848732e+00 1.255095873910269155e+01
1.396151274171091528e+00 1.246728341742649704e+01
1.145475817771133276e+00 1.211681183188923150e+01
2.136978698308614533e+00 1.256349815494778888e+01
5.485782240752392624e-01 1.202053912755883225e+01
1.194167382267351973e+00 1.236065490838135084e+01
3.908333391581561567e-01 1.292977300406517038e+01
1.243595747526918371e+00 1.227940625819922005e+01
1.013192794659582674e+00 1.202879169388724456e+01
1.034626002977019343e+00 1.250970975001727048e+01
8.634599209254620877e-01 1.202105845943466989e+01
7.707434903323069353e-01 1.227546992983423557e+01
1.405807435600770594e+00 1.200270438314110777e+01
1.609676124289452614e+00 1.154513749925472688e+01
1.415944362145813207e+00 1.267895783387569963e+01
4.431000307177094810e-01 1.285738643373096046e+01
2.098719449653250191e+00 1.239312089284650931e+01
1.695566687828041097e+00 1.167266140594552759e+01
3.794652163927239030e-01 1.309008098277980991e+01
3.513066931488871836e-01 1.312138798626471470e+01
1.555677129587694996e+00 1.216370781691412617e+01
4.946853343303103112e-01 1.295551724964372653e+01
1.532779243378906697e+00 1.230499327798408160e+01
1.912831300894086484e+00 1.272332567310085594e+01
1.478716067782243071e+00 1.220241361950255765e+01
1.304441643983696997e+00 1.300660472457367511e+01
4.050034672279699266e-01 1.236957501158451045e+01
4.482919042336019899e-01 1.276961545181489122e+01
1.755847843745930392e+00 1.290514708482419159e+01
1.739494891995237547e+00 1.154609581782384353e+01
6.546607251203165889e-01 1.232848656391723274e+01
1.056988694128134565e+00 1.255910234595579134e+01
2.075038786364695298e+00 1.089038889406748822e+01
1.944362083358101234e+00 1.295356825916852728e+01
6.220511401330558465e-01 1.193188070510590038e+01
1.969804705840501269e+00 1.226354238090984339e+01
1.897610697557066572e+00 1.037072912736029018e+01
2.172297275851859499e+00 1.130856651760214682e+01
6.726482469277789145e-01 1.268923273637935090e+01
1.146290184633015130e+00 1.187550041535744860e+01
7.735913381811214684e-01 1.214200092890070692e+01
1.199659766671756111e+00 1.220485570667226405e+01
1.931072281024313053e+00 1.277406886728287638e+01
5.796735884306929432e-01 1.194824640122444137e+01
1.633781552578488006e+00 1.260182427685112216e+01
1.214454502781891598e+00 1.257807318943723018e+01
1.519335247063533734e+00 1.275446315929866614e+01
4.240399228830902811e-01 1.304023936325655697e+01
2.116391007796410761e+00 1.130404300765576764e+01
1.042063690630493644e+00 1.216648629660777914e+01
1.770657203637963306e+00 1.227456840868380183e+01
5.808818434638174377e-01 1.240813641576956705e+01
4.832509133887029629e-01 1.282437048281430059e+01
9.442744755778119670e-01 1.233649595736099336e+01
4.984208601081778767e-01 1.306790802757295467e+01
1.146836417578375178e+00 1.258203112171212723e+01
4.012187354794607974e-01 1.309799370977677668e+01
2.102861045451957178e+00 1.235134005609558727e+01
1.060896885349942531e+00 1.286204907087049598e+01
7.601919474124354537e-01 1.214828096683924485e+01
4.712872137680381157e-01 1.301484013490624214e+01
1.054740592998730797e+00 1.219921718276004796e+01
4.208251285339827952e-01 1.310576343478289907e+01
8.838371227131289753e-01 1.205110680227699049e+01
2.040242159333082839e+00 1.283146797458674548e+01
1.036610988326451155e+00 1.146897644918682957e+01
6.769580039150390194e-01 1.163345921166778751e+01
1.586192194030357605e+00 1.265470779244257571e+01
3.437129396359671629e-01 1.272733873250462366e+01
6.899614326100282913e-01 1.218197459739499422e+01
1.769416418405573399e+00 1.223741847498408220e+01
2.195047881325992822e+00 1.149045541264381320e+01
5.474002353426776768e-01 1.246344213898642472e+01
5.716476500000784444e-01 1.271677143854048175e+01
8.086587673235798857e-01 1.247174686596028437e+01
1.792519140659138754e+00 1.196319936351241964e+01
4.773917175351465314e-01 1.283981364285898863e+01
1.498128532747987407e+00 1.238467211895675213e+01
8.544557869173057263e-01 1.170375335143083184e+01
1.169186455775199862e+00 1.289097348744148874e+01
2.120476696832839014e+00 1.156049811006121075e+01
9.626335614870112911e-01 1.256978195707228529e+01
2.103865551973819414e+00 1.251550848851855591e+01
1.507773963355263591e+00 1.278170710860472958e+01
1.927935982280148286e+00 1.313571831320799710e+01
6.952216716040475752e-01 1.206789972091197072e+01
1.424663218649764751e+00 1.188647429692310453e+01
1.926385264227627570e+00 1.334213497312726737e+01
1.549871381235499834e+00 1.142900936433675696e+01
1.954154553715503617e+00 1.164557907350161514e+01
7.990255975001354649e-01 1.175064509188072570e+01
1.156443591414392680e+00 1.280933845602606880e+01
4.238712054083651481e-01 1.248562011802976635e+01
1.574199540849697376e+00 1.271104670299425443e+01
9.491782546801271758e-01 1.251709932686073756e+01
4.034640523313311467e-01 1.300754352407964376e+01
4.142623728509914893e-01 1.259400027067311356e+01
1.454777799313979658e+00 1.183676183257411552e+01
1.949469020507381467e+00 1.238497810698462231e+01
1.602609967360559162e+00 1.239033685051444245e+01
5.148376672099267415e-01 1.224797066836936388e+01
1.879868074081144647e+00 1.254653893034699408e+01
1.511823760160733165e+00 1.294835402736437935e+01
1.768796564401104110e+00 1.222229179775307450e+01
6.926661249648987662e-01 1.193915772470256087e+01
1.046657396748788216e+00 1.218198754499541892e+01
4.515779389408475231e-01 1.240075392307007895e+01
6.390450879869055134e-01 1.235651866422650613e+01
1.429950077498646444e+00 1.251291603668319041e+01
1.879409824534711948e+00 1.200414655839982636e+01
1.232818556913816810e+00 1.259816528242531852e+01
1.865079198573206254e+00 1.131679886943375735e+01
1.019326605096707139e+00 1.263479569619619980e+01
5.245459742642821777e-01 1.288704917829859475e+01
7.688844364080790195e-01 1.248246816636795131e+01
1.583265851834284588e+00 1.211327070395405592e+01
7.923932789482333039e-01 1.232896771844861128e+01
1.693097219215017102e+00 1.258668107354396071e+01
1.044811647559311663e+00 1.229538500212229124e+01
1.777359590832887415e+00 1.232215070170237858e+01
2.011587718006432990e+00 1.104514549527525880e+01
5.486216002656829627e-01 1.279122853432218143e+01
4.826485111756564916e-01 1.286459794932232192e+01
1.479857264953908569e+00 1.250213884837544676e+01
1.696769537820905116e+00 1.291139884278677563e+01
3.817597731401132788e-01 1.320759584051786995e+01
8.215975980760782393e-01 1.206297049852307346e+01
1.771215694076737623e+00 1.281745098175850650e+01
3.742469270568249406e-01 1.317368140618259531e+01
1.898340839475773922e+00 1.273539787267159618e+01
1.941838814484982523e+00 1.319694618700253841e+01
1.833641183974855426e+00 1.311644840117558175e+01
6.106964506454920505e-01 1.246145445802875606e+01
2.252414819040742255e+00 1.221927889102498455e+01
4.936165933987853860e-01 1.208144497198919964e+01
1.758879072559301093e+00 1.171029624714296524e+01
1.323928089488916937e+00 1.281353129464355689e+01
8.243711255215868672e-01 1.169389801181334576e+01
3.699567083565848957e-01 1.322103149459277738e+01
2.056760552984652435e+00 1.291079779961167340e+01
6.922989771011729410e-01 1.227337147030352682e+01
1.955570174063397060e+00 1.239173433773330402e+01
6.397525012227344154e-01 1.220210057664988312e+01
6.261416133051490585e-01 1.236230410866810026e+01
1.532100180203278317e+00 1.307721247237397399e+01
4.320167077315293924e-01 1.218231999319886505e+01
1.769848601027009805e+00 1.320410695985873062e+01
1.960457376559284981e+00 1.256798644079998439e+01
9.944298573841341415e-01 1.159737443250074485e+01
9.652595723334985722e-01 1.238807143045717218e+01
6.357206471051743968e-01 1.194227593200028892e+01
6.779537359924906470e-01 1.255457666287558105e+01
7.640624990364025537e-01 1.186239140824045002e+01
1.269657457748342155e+00 1.268086753001820988e+01
7.480490079360160305e-01 1.257072218012082310e+01
7.147242744628792277e-01 1.243523929186154220e+01
1.259646211005126748e+00 1.202938694834624478e+01
1.381879886529602697e+00 1.160065311208130012e+01
1.454624106912780768e+00 1.260364756154411303e+01
1.004702673696316273e+00 1.175507466128640033e+01
2.143546286521864186e+00 1.236249834181021257e+01
1.117165147675193149e+00 1.264333574078759703e+01
1.731151005074221594e+00 1.305055780404142141e+01
5.179236020973166932e-01 1.255370836623522202e+01
7.488887681058320478e-01 1.223431475074873731e+01
1.377200987538091725e+00 1.265369082951481516e+01
1.912686781535827274e+00 1.272978321460340112e+01
1.828983519652881640e+00 1.256335645493327569e+01
1.710344418643619413e+00 1.217272662382144865e+01
1.162281495277365240e+00 1.226334890189157356e+01
1.411686147498034227e+00 1.163662607018738271e+01
3.391122116222517469e-01 1.249595193505818536e+01
1.171338887009656160e+00 1.275698918376051161e+01
4.461993302158553387e-01 1.281330089594761112e+01
1.634450775112054721e+00 1.235515484310837309e+01
1.676265240552843538e+00 1.205183798118176597e+01
4.211156830542852614e-01 1.260432373085539481e+01
1.765401873500360264e+00 1.264030607978390996e+01
1.983548097323546200e+00 1.214808933407275049e+01
4.725710973049068730e-01 1.312670885810891619e+01
1.257093008841505988e+00 1.227204477732867716e+01
1.049898017371840853e+00 1.223867750694032352e+01
8.547482596685607170e-01 1.208330539318603414e+01
1.799212634665198207e+00 1.265636651630782517e+01
6.231609236205571944e-01 1.196273269078092127e+01
4.943032588526893867e-01 1.275465361463787772e+01
1.263996789439723711e+00 1.235720097897429248e+01
4.637075835896866116e-01 1.225168958047587964e+01
9.084736173768470646e-01 1.250714485643690921e+01
1.025429768843799438e+00 1.262142540240727051e+01
1.890642793571243541e+00 1.244020931912408123e+01
7.510399566629105683e-01 1.199251088230603202e+01
1.837052241639634209e+00 1.212797299894508818e+01
1.672359652305682731e+00 1.234372010172457124e+01
3.222734106122329134e-01 1.303491992825276924e+01
1.872877433693159732e+00 1.215688940483261860e+01
3.407950496122450490e-01 1.330307179104343973e+01
1.036406575081661563e+00 1.231073003349811579e+01
4.163924032477645532e-01 1.280996031527285162e+01
5.337938641448817245e-01 1.200955668728410508e+01
9.831541499828772013e-01 1.234631555383275270e+01
2.078794055604703761e+00 1.140122664956401977e+01
1.923466562185422557e+00 1.211614328652978401e+01
2.042568842163128728e+00 1.261447498526288591e+01
1.908269353681807834e+00 1.107199862169602689e+01
1.135166346387970426e+00 1.214493944603899500e+01
1.492516320873087832e+00 1.292679847817314709e+01
6.733872920745089807e-01 1.248182860753628276e+01
8.943631738973564227e-01 1.230728498399916759e+01
1.940461855578276884e+00 1.245274503165624758e+01
1.136943386715840942e+00 1.222125719972056856e+01
5.659763434859319542e-01 1.283846531297009363e+01
7.755772789801491651e-01 1.239382026375526635e+01
1.758095221349741166e+00 1.234662677076030235e+01
7.808625763375819373e-01 1.228475886763403224e+01
2.090623576572534503e+00 1.178454248292172046e+01
1.895816238498588380e+00 1.195064435668555269e+01
1.651114330664059437e+00 1.199727073897993890e+01
1.736419406531419130e+00 1.283408164505448923e+01
5.194306642731087997e-01 1.279565371471761459e+01
1.637122271398338436e+00 1.263077551800167164e+01
1.978373601112716429e+00 1.242559115736205122e+01
5.187960272457008415e-01 1.221523369839635187e+01
6.404512756776790106e-01 1.175648972360417766e+01
1.723979684448459393e+00 1.208952966690142361e+01
5.870008899765731814e-01 1.196207375812899087e+01
3.573362845013780542e-01 1.289123972676442875e+01
8.964647431091249397e-01 1.243322612239512992e+01
1.021514836106557800e+00 1.209387545918794871e+01
1.532572140105519676e+00 1.247001566687650431e+01
5.729262391748759509e-01 1.259867879071681251e+01
7.541532870928835397e-01 1.200799517983404385e+01
1.932607935511662545e+00 1.112190068699635503e+01
6.254597346909346323e-01 1.213288460129813906e+01
1.390390844938907966e+00 1.211355996592656226e+01
7.251143961642138036e-01 1.242721304852692121e+01
1.230298855560291171e+00 1.273347078910641450e+01
2.087949728520544834e+00 1.318013311618391015e+01
5.503642527692838016e-01 1.234291518373715846e+01
9.929080640708337624e-01 1.261412810696435649e+01
1.332322770722073058e+00 1.234691803876494021e+01
1.721786245218581257e+00 1.268662465238943682e+01
8.192638902274612667e-01 1.257549721734621606e+01
4.641175435942630489e-01 1.259995710475779340e+01
1.316726889898885089e+00 1.205590835673849881e+01
1.890402640700128867e+00 1.270284925453954905e+01
1.003789768370174862e+00 1.215386128901612039e+01
6.917604885930506153e-01 1.259088932283418671e+01
5.559853541473378513e-01 1.239714102247252114e+01
4.986360744524545030e-01 1.261556214924617692e+01
6.302461732837156827e-01 1.237034965211379856e+01
9.392234024345381682e-01 1.230816872918392058e+01
1.548044775054876698e+00 1.227665442763735015e+01
1.093803975624389802e+00 1.274280913452817288e+01
4.223945278013604421e-01 1.199394888611763044e+01
6.317084231162838348e-01 1.234518232338215249e+01
9.899403153782541098e-01 1.198915076162853133e+01
7.048199039187458270e-01 1.213309779841420877e+01
1.698251233810238903e+00 1.267835529767427438e+01
8.918862277116027526e-01 1.274820216960218566e+01
2.012302201683263903e+00 1.345298372741958559e+01
2.181127777303761395e+00 1.279497113994111324e+01
7.079669886568623616e-01 1.229904955747164941e+01
4.034923770055091063e-01 1.310103937568260513e+01
1.450709501496388887e+00 1.258094188808620473e+01
1.202293336633502907e+00 1.270136545761820557e+01
1.266076425434782937e+00 1.226921107220908880e+01
5.166154173989192522e-01 1.256409791863363523e+01
8.067281056776033354e-01 1.231029595126400622e+01
1.962955765218247217e+00 1.327571164216390187e+01
7.726519545723046223e-01 1.188645654809275953e+01
9.257449716654710947e-01 1.180885822722666489e+01
1.687150575750786974e+00 1.282658480317063443e+01
6.177288189152246867e-01 1.241506079489095349e+01
2.004043867726009953e+00 1.171392546556686121e+01
9.594134653686230418e-01 1.209718760239058000e+01
2.059822135010651589e+00 1.234659401195852624e+01
1.190670524236072891e+00 1.207204368165034047e+01
3.563437468439189515e-01 1.292425771676933799e+01
4.171760974323500126e-01 1.279393847363203740e+01
2.044690578143816939e+00 1.141162845201709253e+01
9.486918293196716645e-01 1.261686072803175307e+01
4.655884664581809718e-01 1.236894069500190696e+01
1.674984273252062339e+00 1.293904946749174556e+01
2.049006735131122525e+00 1.215772297167468530e+01
1.888785549926283780e+00 1.310024280482777570e+01
1.868111980362246127e+00 1.226250274961124376e+01
5.704860062498837703e-01 1.246235212687067850e+01
7.301431477997575303e-01 1.224162562872708548e+01
1.065799333549363181e+00 1.254015039979189439e+01
1.564479040631277851e+00 1.269444996562849326e+01
4.688951753747592210e-01 1.241778695880208616e+01
1.498558965039628266e+00 1.269456993630430119e+01
1.034839336914233465e+00 1.251389115655000595e+01
3.633661399981317208e-01 1.314127582367824232e+01
5.683804918136886597e-01 1.262383232021897150e+01
1.949730451797333952e+00 1.259614297635894786e+01
1.815320581747938755e+00 1.321082354091296907e+01
1.711818184681205501e+00 1.295202729971766686e+01
2.082925349545008853e+00 1.168847542829075792e+01
1.416174651297861020e+00 1.212487835003338787e+01
1.728270648616674343e+00 1.196213744147767599e+01
1.267837319112145922e+00 1.187397278215314422e+01
1.412030942850978965e+00 1.244208745487648038e+01
1.537601980399866175e+00 1.268792094320714448e+01
3.915738895336743908e-01 1.290287253017450908e+01
5.593866360456658526e-01 1.218921507028827733e+01
1.204021840443346703e+00 1.225376247390996021e+01
5.282696396335636591e-01 1.246504937179758166e+01
1.808195035804327722e+00 1.122046234264873021e+01
5.471403999416805108e-01 1.275893768275039086e+01
2.026995268423070318e+00 1.295928973669407824e+01
1.179798909795808592e+00 1.223634060091362485e+01
5.800746820909675749e-01 1.258092829690375858e+01
2.258799078528419546e+00 1.362910520830324934e+01
1.756256397560695515e+00 1.257978458015905510e+01
8.654524966622488824e-01 1.205706447264163472e+01
1.590834181938328040e+00 1.227316170608975732e+01
8.276076594530029640e-01 1.208652817841972649e+01
8.350496186856058989e-01 1.254425313742185288e+01
2.046007124343424799e+00 1.206850945572824507e+01
7.693276883483275430e-01 1.226310663885806207e+01
2.013214101884815310e+00 1.245624470525023142e+01
1.264788383642992287e+00 1.200390193040201225e+01
6.823663998136930697e-01 1.213469135246011810e+01
2.067219610116287409e+00 1.097499289543740453e+01
3.390789721422531877e-01 1.305627361373310258e+01
1.455586691736745708e+00 1.187026070882155260e+01
6.528468062781377368e-01 1.238960500970822132e+01
4.986745151804479748e-01 1.203204432626256271e+01
4.203004139076922385e-01 1.293360110710630906e+01
1.708574155040913922e+00 1.207903679605488811e+01
7.118882591190315301e-01 1.246177426410193867e+01
1.004275430507323152e+00 1.218512226076863669e+01
1.588451784350815910e+00 1.277983544589715237e+01
3.914252920295302474e-01 1.281864249783093967e+01
8.696977069571855123e-01 1.215543676517528304e+01
1.738996851391546139e+00 1.269422308117861320e+01
8.779635206228034727e-01 1.224856207022377674e+01
1.774257592466735867e+00 1.206103927000167708e+01
1.963257549105849487e+00 1.252027144323736429e+01
1.757277657230987611e+00 1.210590933716217776e+01
1.246545385660184913e+00 1.246860117216004582e+01
1.107861571802783773e+00 1.248069184267561837e+01
9.927277512634381518e-01 1.137478308218592460e+01
5.660666218115545378e-01 1.189868846354538334e+01
1.706752444245084988e+00 1.257674332842648646e+01
1.477263962612457515e+00 1.250696428624226009e+01
2.128610450647280050e+00 1.110060465277904918e+01
1.548117700646266526e+00 1.143738148593187809e+01
1.507554208929052342e+00 1.149882028083056973e+01
1.890628000946146248e+00 1.078661939902117162e+01
9.742903506255795598e-01 1.186190272270453150e+01
8.317794921723289381e-01 1.197950876952833710e+01
4.804791831200139196e-01 1.188127674117563970e+01
1.628121863698336114e+00 1.190526084001223772e+01
7.188266515768126919e-01 1.180058388409422498e+01
1.077569756785011101e+00 1.220769960757824890e+01
8.608546439186350874e-01 1.225699128311221919e+01
1.332084859028129120e+00 1.152639404139387835e+01
1.809124899142228626e+00 1.140385684439561054e+01
1.194520038838338349e+00 1.252414939030072105e+01
8.395337489927426899e-01 1.229657101284899312e+01
2.352818812854578390e+00 1.278550583499404425e+01
2.348713721299775958e+00 1.235491455485684753e+01
1.981378413219393897e+00 1.259427849850115066e+01
1.949658036200417000e+00 1.206788101815506664e+01
1.761801070344996001e+00 1.247586649453824847e+01
3.604473267071917064e-01 1.278502747017499352e+01
1.805001453071368500e+00 1.204286181704293313e+01
1.476137546827079872e+00 1.235773107319230846e+01
7.604001165844256338e-01 1.209944382523164208e+01
1.293409281748398199e+00 1.234311999001657867e+01
7.926243430213273378e-01 1.255376761272027153e+01
1.495792965785666784e+00 1.121522957684761224e+01
1.944379429090421496e+00 1.245324742002940255e+01
1.298040445199924786e+00 1.217050914883017931e+01
4.843069171862666722e-01 1.261034125067551770e+01
3.817253516996070850e-01 1.272322565273950623e+01
1.142358712574411461e+00 1.288744171721088172e+01
1.544832329450899211e+00 1.235366220486156408e+01
1.913682180338995842e+00 1.261754040191719461e+01
2.082907063319037189e+00 1.190714246143081390e+01
1.658361661351637206e+00 1.200534914349227833e+01
1.731475764473347390e+00 1.241067454391851044e+01
1.057960953377087510e+00 1.261522575473430052e+01
1.113744159227072705e+00 1.223902154668965103e+01
9.188716231439919557e-01 1.226311546523516505e+01
2.095349018529810259e+00 1.106816459297780497e+01
1.298815805446508209e+00 1.258816108543681977e+01
1.096946989881756318e+00 1.287524706831478660e+01
8.425007062937546198e-01 1.261311434200626813e+01
3.906647908413162229e-01 1.320769249809262291e+01
2.102260429294505517e+00 1.335465381790934103e+01
6.795396623283234128e-01 1.198429496481571199e+01
5.809426663787180534e-01 1.233927054544885493e+01
2.112960632546774242e+00 1.234660808049797787e+01
3.724391944469256921e-01 1.225572666087587415e+01
4.812933997464763913e-01 1.238042823213942434e+01
4.676688862725181250e-01 1.268810627999270757e+01
3.241382311868309385e-01 1.328903069453966879e+01
3.708565231134104967e-01 1.259652143535690527e+01
9.844319952126308060e-01 1.261825316133773711e+01
3.338355251646120125e-01 1.268484481874535597e+01
1.288132536134443562e+00 1.160472672790428383e+01
1.199713118596574368e+00 1.263347176669186744e+01
1.071105694168033029e+00 1.213698690358693000e+01
4.232175527767091383e-01 1.236471440654864828e+01
1.557169614816385383e+00 1.181640310464582200e+01
9.091665132902339019e-01 1.255146850735277653e+01
9.755786720549824986e-01 1.246675878427875261e+01
4.795097986328600292e-01 1.280917751294713725e+01
5.891844703883560852e-01 1.282241282717592057e+01
2.174760926746838852e+00 1.237255449158728382e+01
8.033125316131244364e-01 1.183603334553805020e+01
5.887174366177191365e-01 1.190933088783981120e+01
1.379695843589911819e+00 1.192014543388948944e+01
2.144031806220569880e+00 1.127977971631555754e+01
8.079023375064887658e-01 1.240740704673674166e+01
4.165514185329141084e-01 1.264511609518915947e+01
1.433020982354223705e+00 1.314133986009947996e+01
5.817951338033933162e-01 1.259310456775315146e+01
1.135281537297418986e+00 1.283952688338087889e+01
1.914952411339205129e+00 1.180497950319035638e+01
1.360321225453426486e+00 1.172793001957328762e+01
1.902498431580057492e+00 1.215451232752505462e+01
2.038553524534771899e+00 1.143401382476298522e+01
6.917883737903579577e-01 1.242544905278565892e+01
1.196674737999447791e+00 1.248789723432038201e+01
5.373331610980923712e-01 1.222272782248706768e+01
1.373125972043143461e+00 1.275825389915937080e+01
9.061113813900660841e-01 1.239324028531546951e+01
8.048458601046051264e-01 1.223044725669630495e+01
1.017651045136382049e+00 1.268333607375320504e+01
2.102044329692237756e+00 1.247100182526077816e+01
8.284208593881156046e-01 1.242197003458871585e+01
4.926748903116260903e-01 1.294943249032527888e+01
1.172483841246787284e+00 1.226494628782830176e+01
9.406212496536610068e-01 1.246961919572699173e+01
1.256861860076408988e+00 1.177237456587334208e+01
4.227988165341959870e-01 1.249471368016243034e+01
8.643601682116707208e-01 1.209399905784305673e+01
1.257627290637091999e+00 1.211334460705165839e+01
6.701828107153768865e-01 1.253470566281672838e+01
2.074852690371511432e+00 1.259906023508229822e+01
1.016992178788949319e+00 1.150073870762564177e+01
1.759295564169006898e+00 1.212292924196845689e+01
3.334078145349349542e-01 1.307323549271292507e+01
6.750986729176772227e-01 1.227166613767267656e+01
1.480304145699641971e+00 1.138300193785175907e+01
4.445298047067669511e-01 1.297586685064939616e+01
1.662640479923899850e+00 1.288568867202912216e+01
5.786314777685405142e-01 1.281193885302536373e+01
5.443232161403297464e-01 1.215840621277147449e+01
3.689007493606285548e-01 1.324700876279494643e+01
1.512265187762741325e+00 1.288402894805735421e+01
1.085069140775139385e+00 1.092209653374955991e+01
4.895155461608168279e-01 1.277856775268337763e+01
1.542183633839254719e+00 1.280640617042370089e+01
2.099204943105133392e+00 1.298837051256701614e+01
1.116598686528831097e+00 1.179940746468888335e+01
1.742382315432970730e+00 1.240248254115435245e+01
1.984507734153992287e+00 1.298602499223418683e+01
7.536360112449800308e-01 1.171398337729719152e+01
3.692337926043567364e-01 1.243070547583592145e+01
1.194564283655344950e+00 1.208151856532047752e+01
6.539558968126881755e-01 1.247194718538445102e+01
1.601438577519137096e+00 1.155837924887049795e+01
1.998515184378193865e+00 1.173975039352516170e+01
5.855956632438911180e-01 1.227041835847135332e+01
1.565225244478425370e+00 1.244686206077257928e+01
1.411048535260079007e+00 1.277141857266909675e+01
1.857267801446190081e+00 1.282484950188121609e+01
1.973106651750324403e+00 1.101503500693859827e+01
8.999029334522031798e-01 1.266767951988466834e+01
8.175048440322316701e-01 1.152150103559099215e+01
1.673337610100501305e+00 1.252860079998218268e+01
9.527024579771419255e-01 1.260434388816279316e+01
6.118260380427252842e-01 1.279935573888437972e+01
1.835089020694971484e+00 1.173202867717261455e+01
1.725245721490686890e+00 1.183865921255350173e+01
1.055571610154493856e+00 1.255292171687411873e+01
4.671077051079317033e-01 1.260897451851884377e+01
2.124456513862933438e+00 1.289049629078073878e+01
8.464031703400999307e-01 1.153975764423005934e+01
1.832361551889722273e+00 1.167088023775112582e+01
1.551447725623347429e+00 1.299436532475050576e+01
1.415140012941370040e+00 1.239847714405189549e+01
1.417908280742989691e+00 1.191577482420700385e+01
1.768882366594818567e+00 1.249657543686032923e+01
1.044934247730665788e+00 1.220672166457766217e+01
1.237801979832445998e+00 1.244690166190448011e+01
6.196233055906501530e-01 1.267387038699423130e+01
1.032817676925398720e+00 1.201454502150998671e+01
1.778853830735530384e+00 1.264164349902548423e+01
1.901097535613749390e+00 1.226328948000526964e+01
1.408077082893656184e+00 1.224790839149724064e+01
1.335456756405172030e+00 1.267621590583180513e+01
1.542564911120775983e+00 1.248280845585802545e+01
1.665884469395958689e+00 1.212335225233333347e+01
1.431939360382837867e+00 1.250369502307542824e+01
4.942028665963268952e-01 1.281844794042035929e+01
4.025578833717800564e-01 1.252242955652291201e+01
2.032168316364436844e+00 1.208000206634200957e+01
9.390408735905920734e-01 1.201173258862592697e+01
5.199297098045579935e-01 1.274089279731392921e+01
9.914070463179128767e-01 1.265545358717412050e+01
1.923443913747364897e+00 1.258125605208195275e+01
5.014073471009515837e-01 1.244395397290779925e+01
1.966335970912508113e+00 1.229092835292886754e+01
1.848212851724531536e+00 1.218715504428483598e+01
2.181569801502079464e+00 1.265645373108671734e+01
1.460682631540408005e+00 1.224000960964158224e+01
1.142446773331185161e+00 1.170637137676520112e+01
2.007384183718956105e+00 1.246116636844363512e+01
1.129151345095365855e+00 1.188052295331141828e+01
1.904682622104347578e+00 1.272107860344270946e+01
1.857166039072440045e+00 1.201281256463702007e+01
1.155854296702756523e+00 1.214203609574067322e+01
3.635267915175825482e-01 1.301915460706341499e+01
1.184424917596269999e+00 1.199940711984802100e+01
1.496995490223830272e+00 1.274839017379462192e+01
3.526914878425684297e-01 1.295763805317349338e+01
2.448591736483722858e+00 1.235267982502722184e+01
8.754068616193487751e-01 1.272619816807241477e+01
9.231874142203531086e-01 1.234449274906921623e+01
6.603021143876748322e-01 1.200127114048133414e+01
5.264905603384731902e-01 1.229025739318926114e+01
9.868048917866582004e-01 1.239590936199987503e+01
1.645566670643409335e+00 1.200494952543131966e+01
1.835073805906231703e+00 1.211460955890094660e+01
1.003108263314698378e+00 1.259490601357999573e+01
1.767306830117081562e+00 1.235988018129032540e+01
2.056080199900654826e+00 1.255340494346873648e+01
1.012379967998634278e+00 1.173314029565671390e+01
8.824558032536994334e-01 1.189141940132503095e+01
2.018169208332205589e+00 1.293649364470425844e+01
6.009333867159096787e-01 1.177226497393230709e+01
1.713717279068786237e+00 1.296029076659522872e+01
1.398285362583695735e+00 1.233741027565472059e+01
1.901592759453601955e+00 1.183214272082452112e+01
9.863578783981739040e-01 1.257350202027567931e+01
3.596549801041009631e-01 1.312826727470615396e+01
2.126741379456362768e+00 1.243461992181630293e+01
2.068990400415041453e+00 1.242120887071879842e+01
7.236644940318037733e-01 1.207591143366356690e+01
1.396800871016880663e+00 1.216646466986956021e+01
9.251016695649526556e-01 1.242958842915138185e+01
3.564636428915957111e-01 1.288795744087546602e+01
1.096393040670143204e+00 1.221263180927274128e+01
1.217984682651861883e+00 1.215825980874342882e+01
9.657859802383398362e-01 1.263609439398719658e+01
1.830740670380955226e+00 1.279870190773297800e+01
7.253769414527512227e-01 1.202161328589436096e+01
1.353868987517547806e+00 1.235628614661495384e+01
9.367986126164937755e-01 1.242084193790167745e+01
3.681743706812397599e-01 1.284016027325652054e+01
1.974222932720806067e+00 1.220438092013861464e+01
5.332907436544608304e-01 1.207566985033895079e+01
1.594370591359663303e+00 1.186943846208967024e+01
8.633323114266691078e-01 1.209941198658591865e+01
5.268873295623512920e-01 1.260081443571714743e+01
2.053274728376887737e+00 1.076555907007702650e+01
5.430321240830868756e-01 1.217754826676957158e+01
1.391384097605155246e+00 1.212290289322302606e+01
7.504103754153766959e-01 1.220885043351349886e+01
4.928298874216980874e-01 1.307712732813865664e+01
1.849222706404566985e+00 1.107754777478483810e+01
1.287177501511628464e+00 1.234657959437668318e+01
1.998442836872619921e+00 1.303235274973140179e+01
2.037504254437442430e+00 1.219053534878434419e+01
3.345418583484390251e-01 1.335941352389160741e+01
8.200077971870227689e-01 1.262578352840009543e+01
1.159604328546283369e+00 1.275611960506573261e+01
5.422804591275610653e-01 1.279361163326385942e+01
3.872470090880056337e-01 1.287049026927187612e+01
1.725612826676857336e+00 1.252960267356671231e+01
1.205713333213565885e+00 1.280096966832688388e+01
1.890251582307143075e+00 1.099623343120433816e+01
1.295454498989993875e+00 1.256994028676475317e+01
1.620174771276853054e+00 1.192044133241420667e+01
7.683394234670184453e-01 1.225070150783495038e+01
1.814650506240799377e+00 1.293417004414321170e+01
7.631998555238039827e-01 1.250513669843673981e+01
1.395714777990567201e+00 1.261806030712912019e+01
1.547101550651153623e+00 1.225975463877521499e+01
2.007499595064464071e+00 1.257339840095343853e+01
1.670219800688972578e+00 1.258160941935698496e+01
6.085192715339172720e-01 1.210307131866063735e+01
9.501341653596929726e-01 1.240545815703701038e+01
8.790273349780953760e-01 1.161056593101544365e+01
1.779985790726429595e+00 1.245836003192292551e+01
3.089935753347969327e-01 1.331154475059292253e+01
7.216810456462047219e-01 1.175673965487937167e+01
6.400641197395757764e-01 1.271695810685117323e+01
5.206900448521110114e-01 1.266681781759327663e+01
1.272256551761264509e+00 1.198608513267721776e+01
2.214295281530205717e+00 1.225019018025072270e+01
6.393962981808677393e-01 1.178802103160943915e+01
1.402062984957220371e+00 1.274264995739159190e+01
1.091343003261485478e+00 1.255481409360967504e+01
1.584454404029954633e+00 1.255503182186507338e+01
3.860248123172730361e-01 1.286209143888754269e+01
1.429786208560178906e+00 1.286324316883183805e+01
3.676925579968867708e-01 1.253398120662384052e+01
4.565934835944833181e-01 1.284894153745705303e+01
1.392182813724753609e+00 1.224144902107799915e+01
1.537985321064671895e+00 1.232031315235293789e+01
4.498132074913102629e-01 1.262707508481034324e+01
1.972307845900104217e+00 1.207240623452762307e+01
1.982370061354171709e+00 1.248405722674141138e+01
1.425949449191464380e+00 1.189950910245292803e+01
1.920771452403838842e+00 1.192149102877164246e+01
1.353829076373518125e+00 1.256557935065548115e+01
5.346397446306748735e-01 1.215837250482774756e+01
1.972588986594893568e+00 1.263635703386875875e+01
6.175983877794771759e-01 1.204315101915235786e+01
1.589557415838442234e+00 1.162915252391721666e+01
1.889571275532802686e+00 1.212737989139494488e+01
1.927993986752100763e+00 1.209137358695246967e+01
1.546006265720056394e+00 1.203135411692736945e+01
2.092181419612764603e+00 1.237778938603327639e+01
9.603599094642122358e-01 1.239715362091119211e+01
1.190568617427566700e+00 1.207791158496741524e+01
5.428202853389977323e-01 1.247104768031156397e+01
1.321003711318433194e+00 1.220705906239517091e+01
1.808049296368013259e+00 1.281614272867115467e+01
6.145495630705455348e-01 1.211918048307061468e+01
4.111160939281964799e-01 1.275484119670422345e+01
9.340143975618762084e-01 1.251267826843832154e+01
1.687692226869535128e+00 1.227630405401854397e+01
5.824313714343365422e-01 1.235064574335122778e+01
6.247031962112616910e-01 1.187904701108946881e+01
1.089228395650431613e+00 1.244461559671300854e+01
1.396484079504648035e+00 1.158632972472612366e+01
4.029525870479702121e-01 1.248410997860319505e+01
1.052036282181739946e+00 1.236785941789151799e+01
1.121886486005878369e+00 1.207770936093128711e+01
1.501588111259909875e+00 1.179103228923797353e+01
1.503541878474361937e+00 1.182569123828584523e+01
4.606578172912751956e-01 1.281607695208608355e+01
5.125376638534573370e-01 1.279931507817160785e+01
1.310109067414657602e+00 1.183995411772861317e+01
1.207442889686125120e+00 1.241219110588543550e+01
4.377343324713738881e-01 1.314597066583542606e+01
1.575855126556801489e+00 1.213322066892958517e+01
6.105844644841859070e-01 1.183154934718138485e+01
1.812107843351792758e+00 1.190891887259974879e+01
4.471770861220755178e-01 1.273838595915492000e+01
2.197590240817473450e+00 1.282778486093281245e+01
1.633784851983035580e+00 1.216423546444516646e+01
4.902172435674937434e-01 1.282964523674868573e+01
9.437800883021256748e-01 1.216374632333815597e+01
5.405175863544017245e-01 1.270259804744959808e+01
7.950588992918907749e-01 1.231206568629499465e+01
1.024747606728949822e+00 1.206034285480938095e+01
1.344919991885130450e+00 1.235105400818405741e+01
1.651673871975716912e+00 1.187208137417337461e+01
9.992475498964779046e-01 1.237674516419545512e+01
1.839702028645983978e+00 1.127225917960219981e+01
1.627255903124283032e+00 1.209087917657510758e+01
5.791019550059751664e-01 1.242880004050534382e+01
1.503608605785959229e+00 1.278881485067233825e+01
6.436589941950799920e-01 1.266458665553057550e+01
1.402426654686102836e+00 1.278301967113501014e+01
1.958112207136740501e+00 1.252566135123706026e+01
1.761649439661973959e+00 1.236109583514527266e+01
4.232063550798653706e-01 1.285970712641960390e+01
1.677552402876876458e+00 1.266337292988828622e+01
9.310829601757847351e-01 1.198579609526325918e+01
1.568082674974428548e+00 1.240444188576961082e+01
1.683274756259608429e+00 1.272974329600118182e+01
6.404568644820649581e-01 1.261125340812986195e+01
1.857773532550664353e+00 1.070906844423848447e+01
1.033178813288257336e+00 1.253613555380596800e+01
4.811297695171268263e-01 1.200938882166611066e+01
1.823245427597785628e+00 1.256102247667573657e+01
2.197509770285809960e+00 1.296498953091802697e+01
1.600076014357762366e+00 1.200707783377215954e+01
1.062526850191530148e+00 1.175365374586274925e+01
1.423536327416754732e+00 1.219772760312541138e+01
1.514163497038245820e+00 1.220913843630318141e+01
5.332154857570934325e-01 1.228210989145103582e+01
4.006883926678940222e-01 1.237784340346392753e+01
9.555402995658983656e-01 1.238538486794008087e+01
1.106737393627049926e+00 1.224046668855154962e+01
1.371537613465803496e+00 1.242205239136872663e+01
9.385092439650318807e-01 1.231641495091361627e+01
1.775556470411331356e+00 1.258706974179578175e+01
1.935143442111476153e+00 1.212098907275703219e+01
1.119724057174066534e+00 1.229535485117424365e+01
5.140140202668891378e-01 1.277676676287472723e+01
2.164262973651901234e+00 1.288649084145133195e+01
7.934229999932851385e-01 1.191528490911789540e+01
2.862786655213974130e-01 1.355064925309200952e+01
1.294627218889680798e+00 1.204571910643830357e+01
1.244003337361339501e+00 1.230176193595766243e+01
2.082943991735998424e+00 1.319151392566142178e+01
2.768924884463532798e-01 1.360223914703381709e+01
1.752509938389672284e+00 1.207506303066520914e+01
2.142872811056518056e+00 1.117446772978187042e+01
1.807792662254758431e+00 1.293516251633902314e+01
9.526267147719864603e-01 1.232164430697824109e+01
1.364330019283140460e+00 1.140480986559073884e+01
4.970739110679322503e-01 1.290730749159719082e+01
1.274130853661971763e+00 1.270365515308865056e+01
1.760198479609658806e+00 1.244903543065909446e+01
7.228654315684961418e-01 1.205304824416832332e+01
1.578016780168837174e+00 1.295265521365172923e+01
1.357086088422505776e+00 1.276191788394346283e+01
1.806062838219406830e+00 1.233572865351870718e+01
3.994602134978828545e-01 1.291260890719294352e+01
1.001089655407565449e+00 1.204307983458304854e+01
4.644109488601323998e-01 1.247935643794743577e+01
4.107986616619125897e-01 1.283498452439286908e+01
9.922772226538919549e-01 1.257302351024644160e+01
1.037411395058308150e+00 1.269006628734415543e+01
7.652773594828775616e-01 1.229713224260116711e+01
2.037383600691373697e+00 1.152555758040002587e+01
1.116205031180152130e+00 1.193435526762921128e+01
2.124452220292925908e+00 1.196959961188562005e+01
1.990316284730909491e+00 1.130627052414663147e+01
4.804487662875304155e-01 1.222055788041615543e+01
8.344976074950050116e-01 1.203313161201977444e+01
1.950936510206375152e+00 1.208232969898542208e+01
7.941448284364037713e-01 1.177686715206885992e+01
7.091741575965291311e-01 1.247786265066671696e+01
7.481782619031629444e-01 1.245057729911711775e+01
5.634857660549564828e-01 1.263121631154626989e+01
6.575894834473596795e-01 1.266654496256390772e+01
1.304805579038417873e+00 1.240420385430758188e+01
4.005892123055332932e-01 1.293830704162165901e+01
1.859075247555539434e+00 1.299610117938797416e+01
1.305614859072680156e+00 1.235201462046063803e+01
1.996922338801992991e+00 1.218718258731716020e+01
1.640069006167985677e+00 1.219282534978798616e+01
1.806807340531721318e+00 1.284843707169054028e+01
1.939877138687932545e+00 1.254691318562325542e+01
1.424098940528828239e+00 1.235485461447826872e+01
1.671837085239323617e+00 1.180464790688855814e+01
1.818588023598898706e+00 1.307891808936937927e+01
2.007153247697194054e+00 1.158640861362128582e+01
1.667239720457852403e+00 1.269205663663307604e+01
7.872709213483491952e-01 1.229807346592451900e+01
1.531996705518615665e+00 1.239545229912673996e+01
1.437907859510181074e+00 1.242499747911383245e+01
4.036079406802901004e-01 1.215947755917552797e+01
1.677750897608240255e+00 1.241918237944658543e+01
2.080221118075321840e+00 1.197979107773470275e+01
1.646842077131818405e+00 1.196787636353207773e+01
2.172596573748787563e+00 1.228287161518084858e+01
4.612097329120907752e-01 1.263793514225472414e+01
1.049087070114790521e+00 1.193506859092804895e+01
6.050519434656076445e-01 1.262731919456530605e+01
7.951553279600159785e-01 1.207939086726483424e+01
1.610060732243833170e+00 1.275140952742708222e+01
1.888853461512796983e+00 1.107134471916198315e+01
1.689012041470919989e+00 1.226006133369471662e+01
4.866807179895604740e-01 1.193498774791346229e+01
1.285456366372371262e+00 1.144749835979989783e+01
7.884507656288073374e-01 1.254062727198985172e+01
8.159069309916366919e-01 1.176046821321709146e+01
1.190240291823199570e+00 1.195164769918941161e+01
1.739381958423210639e+00 1.201163234115465706e+01
1.009712769477157934e+00 1.264100495896595788e+01
1.176901526264129139e+00 1.248407718341456452e+01
1.294500578787583844e+00 1.203941179070255529e+01
1.653375293575752192e+00 1.269889716816593861e+01
1.684395925436982466e+00 1.287166702517948380e+01
1.497476326082608278e+00 1.281540772311641341e+01
1.970933891877449717e+00 1.280842729733232588e+01
8.216232223063218987e-01 1.235056707177203883e+01
8.906092734722683701e-01 1.250374885150065829e+01
1.135581539121010008e+00 1.204105864916467539e+01
4.894778952758327417e-01 1.268671010962784251e+01
1.858246158169170270e+00 1.112509195163100095e+01
7.282910708171886904e-01 1.273978491180002948e+01
8.582772129948273987e-01 1.229608885460264567e+01
1.808338956222214744e+00 1.129705508590091867e+01
1.357880504761734608e+00 1.252012757882405580e+01
1.404247420597694473e+00 1.215813843579443798e+01
1.120529318743916480e+00 1.228573908801946502e+01
7.100083670563802629e-01 1.274193523922550497e+01
5.418787221781513619e-01 1.245152844868342790e+01
1.039723700084204117e+00 1.234626542042287056e+01
1.818297872377065083e+00 1.234854372848185200e+01
1.586392500754115309e+00 1.252161787693659356e+01
7.986411220146319989e-01 1.270866535945160081e+01
9.340999771428460940e-01 1.267024286874594097e+01
1.332668178192285335e+00 1.270708948724136000e+01
6.287010555833112413e-01 1.246984951837745115e+01
1.740498173206745713e+00 1.299704873210472300e+01
1.952004200846268134e+00 1.152213578833329777e+01
4.730980101997450116e-01 1.309614934942889697e+01
4.700583568768473275e-01 1.306704043119659886e+01
7.125266405047233631e-01 1.245415968444765120e+01
7.194177543002535646e-01 1.249010680679546503e+01
2.126876304746549096e+00 1.157749913956910426e+01
2.022085586108030242e+00 1.240239506949196802e+01
8.729183187881446315e-01 1.247535881316619388e+01
2.655612873057215939e-01 1.384337705023975573e+01
7.950231955380376858e-01 1.211086471058690961e+01
4.590269421398971428e-01 1.256528865601820932e+01
4.174187759425065924e-01 1.269775679104179922e+01
7.656747943603918749e-01 1.194531850168542242e+01
2.259857223720711961e+00 1.201102536196517256e+01
5.228253407882653692e-01 1.208720924368715899e+01
1.546536112894377091e+00 1.169239720762068835e+01
1.984454471567426159e+00 1.282938106066912454e+01
1.784295334802371125e+00 1.260176019063592356e+01
1.101653176224846931e+00 1.250308460597501181e+01
1.110604057606089823e+00 1.225559306945446103e+01
3.885206504380341874e-01 1.297151954528017015e+01
3.119148330177526351e-01 1.330443327958079536e+01
1.910327680800686823e+00 1.193223209859630707e+01
1.992455772201589648e+00 1.295699858352730693e+01
2.174695623238194653e+00 1.293723434053197785e+01
8.611414396784543568e-01 1.227766356351513011e+01
8.315999111370726560e-01 1.150933719339553996e+01
1.925434858521377190e+00 1.227601547209140875e+01
1.710910694471944549e+00 1.248492738500845078e+01
1.209961096535854042e+00 1.258438345182612927e+01
5.920321833206314555e-01 1.213017875657593336e+01
1.688080840023995943e+00 1.282798329161155415e+01
1.679557878208309818e+00 1.209809836495421287e+01
1.903002762106383638e+00 1.163270292256769700e+01
1.185517340989703072e+00 1.173732976593868749e+01
4.689148999536613127e-01 1.197591251853585526e+01
1.986225408967504658e+00 1.070408543596828821e+01
6.667498692420640305e-01 1.214519340709852280e+01
4.071571046220827106e-01 1.257662291191371473e+01
1.888406597172561208e+00 1.204448558870032038e+01
8.080153633382022305e-01 1.198241562640040847e+01
9.503637357265314334e-01 1.206568215079549056e+01
1.104719510428103124e+00 1.229460706331803266e+01
1.880262418467167240e+00 1.224489824161544149e+01
1.547332672028655987e+00 1.233785335819087514e+01
1.983178644325641393e+00 1.133641425358525723e+01
7.455343623579153700e-01 1.229993366869427085e+01
1.165684346216942835e+00 1.199376741655761691e+01
6.687531856057181701e-01 1.248492630205891807e+01
1.009210544154294897e+00 1.222041639616426778e+01
1.676689367764666816e+00 1.198660183010444236e+01
5.359812204338986197e-01 1.189429274160750438e+01
2.097654472813421656e+00 1.179643956749728595e+01
8.805556872826640902e-01 1.221693294034367483e+01
1.414946285161757356e+00 1.201726050910949972e+01
2.404690660120476053e+00 1.270606144323721054e+01
1.056295076125135068e+00 1.187175368441985768e+01
1.799040970596239353e+00 1.272952228028529476e+01
2.001226180366505680e+00 1.290509612461123190e+01
1.480489950120090992e+00 1.237304204553982423e+01
4.087079394367658103e-01 1.214513934445118792e+01
1.439035553500757514e+00 1.208241631621654655e+01
1.004403369202658602e+00 1.177694610702931577e+01
5.952401749515313645e-01 1.246681093104645832e+01
5.553174379658332160e-01 1.210310975537363376e+01
1.582013109559477382e+00 1.230226081830920215e+01
1.801306288954239276e+00 1.183407846516741024e+01
1.430964846392676737e+00 1.183685923963614961e+01
5.757062187366620565e-01 1.214085885758017369e+01
2.025416545929309642e+00 1.244687170079163252e+01
1.075736258046197547e+00 1.253174214393800057e+01
4.117669306301521837e-01 1.227015360695421542e+01
1.663450026491556599e+00 1.176879420419858313e+01
2.098680296696949110e+00 1.113732841419471420e+01
1.759102765873109986e+00 1.208762921697574022e+01
1.187335427503120489e+00 1.153324849250759776e+01
1.528675938632960030e+00 1.274983191584079378e+01
6.444514436487795983e-01 1.194588997288386878e+01
2.123327833256836161e+00 1.251736110616435127e+01
1.677656836047255684e+00 1.261715757579114516e+01
2.184798530878558687e+00 1.163673179544772651e+01
4.103827608573359931e-01 1.286832859915476313e+01
5.253085216547980218e-01 1.180135179615334096e+01
5.769407169559038762e-01 1.225652625502351611e+01
1.580195264783333498e+00 1.275266343555883886e+01
1.983313053086806388e+00 1.309526588468524544e+01
5.375558189139888476e-01 1.234284201852048213e+01
1.004710605944910684e+00 1.178571348578027767e+01
3.949745514931001789e-01 1.285106784630588272e+01
5.395793560797054189e-01 1.253741685441922193e+01
1.487495271335047331e+00 1.179801231080938173e+01
1.719904371321656411e+00 1.209552252780017234e+01
1.059838735457339309e+00 1.276066653993804501e+01
3.809183532608123590e-01 1.263310120897983424e+01
1.917240197638516053e+00 1.248029069338596742e+01
5.194190654114599903e-01 1.197645998283241120e+01
9.484817793919610995e-01 1.236435424542490402e+01
3.500574208543171251e-01 1.266352396029431127e+01
6.617510825989904033e-01 1.228270182502986252e+01
2.219040161260669386e+00 1.103266023954821051e+01
4.832633843969063592e-01 1.268505086920529301e+01
8.080597162872734662e-01 1.214231505555520485e+01
1.808910046793155146e+00 1.252864567856449085e+01
4.822078798394917043e-01 1.296861344410801919e+01
2.038308624430067884e+00 1.250435222021566162e+01
2.160010739846597527e+00 1.227471657332468347e+01
2.016508654500985820e+00 1.136602122200923226e+01
2.041873327976658103e+00 1.165891154003612229e+01
1.653532534217602601e+00 1.214177972704237085e+01
4.268081006230479146e-01 1.274702446976469794e+01
1.118084963122515596e+00 1.236769525545868831e+01
6.988383244674440942e-01 1.215027604326595068e+01
7.101173737446239143e-01 1.186244734857998395e+01
1.111156112162730469e+00 1.209838330214437185e+01
1.418668383636091379e+00 1.216748384058002408e+01
4.057454782600798393e-01 1.276774247017526598e+01
1.217685365035026113e+00 1.244346141491775093e+01
1.910038538607269132e+00 1.101837941210326655e+01
4.154434752766014705e-01 1.298462251456467520e+01
1.604355382757292059e+00 1.201401023330736528e+01
3.669831930341226345e-01 1.304079900098185085e+01
1.433935532197123885e+00 1.246634894426368412e+01
1.461428272141186646e+00 1.196898384420068950e+01
2.240436884864247968e+00 1.263307595626132773e+01
1.028885083291012137e+00 1.242659608355216250e+01
6.165413483352962798e-01 1.223534180166630492e+01
1.839733418916579266e+00 1.120428612473274654e+01
4.325580833725484742e-01 1.278964678211147898e+01
4.951480539233974465e-01 1.229224020277888307e+01
1.805820167342298666e+00 1.162363544174454688e+01
1.741751100270479302e+00 1.284265203332882344e+01
4.062113290014828793e-01 1.315234116905568484e+01
2.014556944062555033e+00 1.182026423216941247e+01
5.626790953469490431e-01 1.292176846937116963e+01
6.181812086861103728e-01 1.167511001537645399e+01
2.260755852173947922e+00 1.268910276402284687e+01
1.237837659127070111e+00 1.213243189877040429e+01
1.429258722679383808e+00 1.229257421516250837e+01
1.639333335922301238e+00 1.286086510513855607e+01
1.036686661158510603e+00 1.251174401338439957e+01
4.897706307748252996e-01 1.204476130067238415e+01
1.446297954546176934e+00 1.236404400075884702e+01
5.047333626553529573e-01 1.301716157264416118e+01
1.317282278366668224e+00 1.206623469610716626e+01
1.210965524942304139e+00 1.193726244306150797e+01
9.181163483242300583e-01 1.192709479761004232e+01
2.090277649580664310e+00 1.145949310882381411e+01
1.671035098959749998e+00 1.191450939116463559e+01
5.213763848023565961e-01 1.280348908367628979e+01
2.221085120830402548e+00 1.204795855963561912e+01
3.312146492662903507e-01 1.311278486208170868e+01
1.044387470305332188e+00 1.178647334559809856e+01
1.977643431412765551e+00 1.168227136955903767e+01
1.757132184875693781e+00 1.194817604790506671e+01
1.848912707282963419e+00 1.148452383955674172e+01
4.018216477676221920e-01 1.305834557975095933e+01
7.272388347554709087e-01 1.245716869467265830e+01
1.927870269552745430e+00 1.164137775402385522e+01
1.457930275788650976e+00 1.269249704483800834e+01
1.344550874094792459e+00 1.180177283088237061e+01
1.682487093673008527e+00 1.126377517680336027e+01
4.218282116149684180e-01 1.281970927631895485e+01
6.011573764402049491e-01 1.188905244748608503e+01
1.183428135941488435e+00 1.269132429179248689e+01
1.779489639856642436e+00 1.225874113102329410e+01
1.763935533393691246e+00 1.178251216210380825e+01
5.322761367163243440e-01 1.268769543646269682e+01
1.317729658491442191e+00 1.236202106413698587e+01
1.271184171818652731e+00 1.252558814788346098e+01
9.543850590736298045e-01 1.179791755388969143e+01
6.326552857256064755e-01 1.271285908497911699e+01
1.211686408135311588e+00 1.213823657876839235e+01
2.554473518444739244e-01 1.367321047682021273e+01
1.822611667759059362e+00 1.232410900540768672e+01
1.318300841207893370e+00 1.227300380660230950e+01
1.393021501599238210e+00 1.201409706658016141e+01
1.648189085867923342e+00 1.230648949959859983e+01
1.342409174052409560e+00 1.179610191214153758e+01
1.973608299698717872e+00 1.264418624982364925e+01
1.459082725360587363e+00 1.231570310338808838e+01
9.158493469586572733e-01 1.193111022304112367e+01
6.553379111591329798e-01 1.174520121988924437e+01
5.434242572047732756e-01 1.287034071322807804e+01
1.908604722555915734e+00 1.172208287150979977e+01
7.423473849642469036e-01 1.193562962954275797e+01
1.930229825669910193e+00 1.268317353206257181e+01
6.488838465840569558e-01 1.197743386090678186e+01
1.739513524894233942e+00 1.272131981950795598e+01
6.372548794391719174e-01 1.245076507097110330e+01
1.935656945646279770e+00 1.284117367883323269e+01
5.209896671662305190e-01 1.279932445239770544e+01
1.198861420781762277e+00 1.206879031641461708e+01
6.256929177936839670e-01 1.251563510715577898e+01
7.616778651122017019e-01 1.235747467737171057e+01
1.063918891139093548e+00 1.215446682408333245e+01
5.621085985635890792e-01 1.184574428787603928e+01
4.741744236300117765e-01 1.275735481073382083e+01
1.539440919873240610e+00 1.266202339459598925e+01
5.237603773131328522e-01 1.220894734566030593e+01
1.314595420110371782e+00 1.251312944406351058e+01
2.168020091838429142e+00 1.219687156513561099e+01
1.245532670341276571e+00 1.189954859355172800e+01
9.654357065207128663e-01 1.204102916026780612e+01
1.048769196636355483e+00 1.175843832792809707e+01
6.795654053639126335e-01 1.238830003576965133e+01
9.718938629195247314e-01 1.187073521642545693e+01
9.736986250918207020e-01 1.281362972498166286e+01
1.920007678414243690e+00 1.206616007324416628e+01
1.589614097448011742e+00 1.265876547773292238e+01
4.124754856181328533e-01 1.252641681248902117e+01
4.357064420809361738e-01 1.232914236789518192e+01
1.689482339427227586e+00 1.243640163443712510e+01
1.145202240728775411e+00 1.223520697258260981e+01
4.880301791132248268e-01 1.287315540392211943e+01
1.329172268964088355e+00 1.252354885575673293e+01
8.941010472920961627e-01 1.169849078299768763e+01
6.870023054615215230e-01 1.210423246452763024e+01
7.356646115273408615e-01 1.236533703258455930e+01
1.154693687708203242e+00 1.231288655240167351e+01
5.950946486991728346e-01 1.232240291777245034e+01
6.169540435262046429e-01 1.190020699620485978e+01
7.371884589288882905e-01 1.260084482900738401e+01
2.113349302656335027e+00 1.105606713866874280e+01
1.287619443555505949e+00 1.245711436511454195e+01
2.059798458628046003e+00 1.292120252105851819e+01
1.370975933072696940e+00 1.200275405876611323e+01
3.939720288254700553e-01 1.310171882355057349e+01
6.479020020581449657e-01 1.221364770825483070e+01
4.112772006126787505e-01 1.310595070200534096e+01
1.960773152183602042e+00 1.123124592436473357e+01
1.100060842647504478e+00 1.264565581876864719e+01
2.083426364807602571e+00 1.148930659865901305e+01
1.499945956075690034e+00 1.228651552838363692e+01
2.103100714460033327e+00 1.201516252996310818e+01
1.720950911449133036e+00 1.268233572849310953e+01
1.751107191739846858e+00 1.122454317097752430e+01
1.352037677358364665e+00 1.232134050852148555e+01
6.813846850968939828e-01 1.242087953768683306e+01
1.901280137325917607e+00 1.274771361803272285e+01
1.181218337729587287e+00 1.243577150212100513e+01
9.976883986017299755e-01 1.237093995458986839e+01
5.726894055395507221e-01 1.189719476112921548e+01
2.013360434685005806e+00 1.150409473131739979e+01
1.130490359657855270e+00 1.211308403195156203e+01
2.012636635938078289e+00 1.119734348883612007e+01
6.161840591147603741e-01 1.271153238844494560e+01
2.079162771656661857e+00 1.148661865297061624e+01
1.759736830336790625e+00 1.277462011573991241e+01
1.940299311138706573e+00 1.237834663115101819e+01
9.036022382525314978e-01 1.250774149943462987e+01
3.602146806835663240e-01 1.306322307082212042e+01
1.351416285630056446e+00 1.251415989677202489e+01
1.530151582371392260e+00 1.185066379870933950e+01
1.000636758771030310e+00 1.192854287220905718e+01
2.118994470793104323e+00 1.267117790083993079e+01
6.212098108803080221e-01 1.222519080520643087e+01
1.752052283100786756e+00 1.211559859275538287e+01
1.539650813070801760e+00 1.215058009530684835e+01
4.558076039306806493e-01 1.289983521288912804e+01
5.892796043208891055e-01 1.249751973107921188e+01
8.752418830765876789e-01 1.259916034045122579e+01
2.087334137400589817e+00 1.292687016785443355e+01
4.882748146470857198e-01 1.305433294893078511e+01
8.333153100364617538e-01 1.209407390860605602e+01
1.084084434229032778e+00 1.163646202519701944e+01
1.758050200939330177e+00 1.232831133837578541e+01
3.420878591136357061e-01 1.264959984581007646e+01
1.254395305228547031e+00 1.184594458345035406e+01
1.898256368527914795e+00 1.318816817001109953e+01
2.015106772781357858e+00 1.241173862282548335e+01
2.039150248636003138e+00 1.275920115157287249e+01
8.013217876930710526e-01 1.183403567375332344e+01
4.861412082742429530e-01 1.275590332753031220e+01
3.917089325740236716e-01 1.316233987819956219e+01
9.186906040219483538e-01 1.229364417930367814e+01
9.681102401905343768e-01 1.266503005382247693e+01
1.302427617847953911e+00 1.233746864320137782e+01
1.205093366966229596e+00 1.155733099616882420e+01
5.048848135222159250e-01 1.294489438257932434e+01
1.402409664501806930e+00 1.212373109776619984e+01
1.888133803462634264e+00 1.255794055344975568e+01
1.880380453740881697e+00 1.289755696200496260e+01
8.185728933445205469e-01 1.189674141522198170e+01
1.679469670367378376e+00 1.276896687565591826e+01
4.890326632587841948e-01 1.219713124553004135e+01
7.384575966360805710e-01 1.190863371588789477e+01
1.681469984732432588e+00 1.257465666513866331e+01
1.162936781200732517e+00 1.228463768596774131e+01
4.392788556613108630e-01 1.206144062183247812e+01
1.639573666823951337e+00 1.307756286944481516e+01
1.069260281355901343e+00 1.272589161584233253e+01
4.754644858990292322e-01 1.282561375087593625e+01
5.388388823984961995e-01 1.228973848367507493e+01
1.198210581052309154e+00 1.199287862392052162e+01
1.905326125409985805e+00 1.268893183156443705e+01
6.580438178992584763e-01 1.212488495372687503e+01
6.853998551507815007e-01 1.153980910520838599e+01
1.494111762385577080e+00 1.240630536632798808e+01
1.255606035235301565e+00 1.264828723668052390e+01
5.222923011311552122e-01 1.191516551689738002e+01
1.569011980123440120e+00 1.224545487713156788e+01
2.247309741764147439e+00 1.301772677671487521e+01
6.092884860011096304e-01 1.249210003775706568e+01
1.659340035485319609e+00 1.225053393008247227e+01
4.731119061226080613e-01 1.286396575466091718e+01
9.167957622791472749e-01 1.255959711477775187e+01
1.850643799531118683e+00 1.257895957056928005e+01
6.146420187091985454e-01 1.249334272917579547e+01
3.561993802758008920e-01 1.276167066373114700e+01
5.306063372106034626e-01 1.261216462851990450e+01
1.910411476111349538e+00 1.150983268343501464e+01
2.104232704145505561e+00 1.262341815920355437e+01
6.309775499596803616e-01 1.176026820409581219e+01
1.685541286116290838e+00 1.237307357943326913e+01
1.292383419440767955e+00 1.259471420968155364e+01
2.722312316163454371e-01 1.395751703568060620e+01
4.927999328865164674e-01 1.268346633004889767e+01
6.005551698695970053e-01 1.186476500800054801e+01
1.432102552941075579e+00 1.185316891641405235e+01
8.592941296829397224e-01 1.163699556835835835e+01
4.012414846603746255e-01 1.268025718198832585e+01
9.292901752840320162e-01 1.219256573922089260e+01
3.298836930073619222e-01 1.269169478866505152e+01
1.300978784315613312e+00 1.280087155699226109e+01
1.382905572337296718e+00 1.233890307591208213e+01
1.936797486473997854e+00 1.238841689319725603e+01
4.815341885203865413e-01 1.274239176284159569e+01
1.675432084380162667e+00 1.270529662148206107e+01
4.992247954243968500e-01 1.211131509681888652e+01
3.595642322234407495e-01 1.284407533220927178e+01
1.577021406409947257e+00 1.242627639347797341e+01
1.892348829095819251e+00 1.141872919447737367e+01
4.286265048457336135e-01 1.261099008947909184e+01
1.374914150860400808e+00 1.180765396509272946e+01
2.080428681793077050e+00 1.332020970987814756e+01
5.776946066053622042e-01 1.246998652490827197e+01
2.076666254214329044e+00 1.244444034246290798e+01
1.314025121471904534e+00 1.189002150509615241e+01
4.523647345167603473e-01 1.259297083706180764e+01
2.081796652043749862e+00 1.152357027298075387e+01
9.445369116300249557e-01 1.246753535785181910e+01
4.917365992729145763e-01 1.217867142180162965e+01
1.054620123262422382e+00 1.174223740697857998e+01
1.901541164885844903e+00 1.149470428796811916e+01
6.558327977699552891e-01 1.182203186801657502e+01
1.958957785589585665e+00 1.053951683896257485e+01
2.050798987542493457e+00 1.267221095433814249e+01
8.593470504909791474e-01 1.225532341200426423e+01
6.883202850010846641e-01 1.222319289112631147e+01
1.560415298235419135e+00 1.282839351476718015e+01
2.103964661188325813e+00 1.290870072904327870e+01
1.800554393427668431e+00 1.257347048415385871e+01
1.328196600994299592e+00 1.256150634940424204e+01
1.101021315021709412e+00 1.217339996820776449e+01
1.524193773288668563e+00 1.184455883395470011e+01
1.575510558917314841e+00 1.268378516099052078e+01
1.293985361706355475e+00 1.264207007728711751e+01
7.256775820983588643e-01 1.252345292273960808e+01
1.838287067675085984e+00 1.221329290252331212e+01
1.640649496210395908e+00 1.209364066931289194e+01
1.525001089520217068e+00 1.242206985208280301e+01
5.556468560681586677e-01 1.223083205677618501e+01
1.555285286694724434e+00 1.260721972195528906e+01
5.461297015687087697e-01 1.232950124290998239e+01
3.134870422764847731e-01 1.329941086107233517e+01
8.155949532708929306e-01 1.235958058081451405e+01
1.750481819806859018e+00 1.275794504062249324e+01
1.803662245135904785e+00 1.245080861256400162e+01
3.059713568532371197e-01 1.322480155041115424e+01
5.516523757225932911e-01 1.184335157115336656e+01
9.274372424448843466e-01 1.274619967757605288e+01
8.409487658195594628e-01 1.220224148171488032e+01
4.578415684021473475e-01 1.293763719244325294e+01
1.685593427033086567e+00 1.289738590505511517e+01
1.186833848100802280e+00 1.296108530305657602e+01
5.760044398169658075e-01 1.252985402767772172e+01
3.258095462620517191e-01 1.339231215182524792e+01
1.260817091866427875e+00 1.220813299360196957e+01
3.684038659076018241e-01 1.270587716011068835e+01
1.652041810071989136e+00 1.228683144860134391e+01
9.834713504042716936e-01 1.189343765066427139e+01
6.159391408457444150e-01 1.220092908766731554e+01
4.308548874302031151e-01 1.305497909363347375e+01
3.794321724555772546e-01 1.310951769610380069e+01
2.013205469384408808e+00 1.150123467353699880e+01
9.067198634249544753e-01 1.267131019323806562e+01
1.804910517484546340e+00 1.118143517530615405e+01
7.292428381123340353e-01 1.233803936082338915e+01
9.043216795371599170e-01 1.162890692897425460e+01
1.213101139988266519e+00 1.252586352145391047e+01
1.367927021000649335e+00 1.231136992457533985e+01
1.348401467150357469e+00 1.189399252551630326e+01
4.133806422001926051e-01 1.301810873134669322e+01
9.196842930070582289e-01 1.240161267811013879e+01
1.455893644860292380e+00 1.265083957559138028e+01
1.920738936740749470e+00 1.279124760533931848e+01
1.370033667501206809e+00 1.191853389278300313e+01
1.521199979928813839e+00 1.198391330063913962e+01
1.135980761034532271e+00 1.269653762207585324e+01
6.955011146264437061e-01 1.252479698117758566e+01
1.862605514902223813e+00 1.143314541558003938e+01
1.368809562469945895e+00 1.230119915386309870e+01
8.724119189727174151e-01 1.172148029780523082e+01
2.055595579569834630e+00 1.227597857213613608e+01
2.122742549907885579e+00 1.223776130621719460e+01
2.000751637708155339e+00 1.071036636524506136e+01
1.231910703170951527e+00 1.220003446589996621e+01
1.428015695905651583e+00 1.204821245881587721e+01
9.273960273528514264e-01 1.225177426227368649e+01
1.494068858112280740e+00 1.258202082256162768e+01
1.114969373764161498e+00 1.206658420447480928e+01
2.015788369588953355e+00 1.172817348239613899e+01
1.658051336115356378e+00 1.192383192500281908e+01
2.100573922367108270e+00 1.229644276889619370e+01
4.343031317799063706e-01 1.266226249762042144e+01
3.636058794419511075e-01 1.311043673954086586e+01
1.384010670695508649e+00 1.239834168530073200e+01
5.724836812086335769e-01 1.276405949218329994e+01
8.310121444560858439e-01 1.242516429806833322e+01
4.425472019524173684e-01 1.256679256402608935e+01
1.107089982480907286e+00 1.238440459190836229e+01
2.153169016163817950e+00 1.241960419839373841e+01
2.094994752021863693e+00 1.332461065499673047e+01
1.751391510075912761e+00 1.243683771889130796e+01
9.224230747747632631e-01 1.237993780222058682e+01
7.525564142240721566e-01 1.180540153536584214e+01
1.247664728989095417e+00 1.266972099937907181e+01
2.119118499629100150e+00 1.247898773371868941e+01
1.179512600426364521e+00 1.247886188506807237e+01
9.052045224097756693e-01 1.184521584757204238e+01
9.101546369569435413e-01 1.190847035444519797e+01
1.937785629844206214e+00 1.242414117238876692e+01
1.853476294761369880e+00 1.079764240664113828e+01
6.177551429693129981e-01 1.211251095081388662e+01
1.882917864219505244e+00 1.213686503228981728e+01
1.942906016463315622e+00 1.213221920222643746e+01
1.548613997411591336e+00 1.225208968667345388e+01
1.842877695904274971e+00 1.331980999906622287e+01
1.810433576872634953e+00 1.234843537093128774e+01
1.999293275491848432e+00 1.228184713578677112e+01
2.148404769244288470e+00 1.142143843815936854e+01
6.957199966630756016e-01 1.254239354146904795e+01
8.867156279370458360e-01 1.246129913591767036e+01
9.817987002556578524e-01 1.196220891359081229e+01
2.526750328007723034e-01 1.460407255114526315e+01
1.536780438212757005e+00 1.194796436256951644e+01
7.591785058039668410e-01 1.210208353593289132e+01
2.027495236455426397e+00 1.215371021488460279e+01
5.525203718292831523e-01 1.216132402235893117e+01
2.079150437154168252e+00 1.161729829174206508e+01
2.367785932849169939e+00 1.198392230125479863e+01
7.829664790672703489e-01 1.197322771268664354e+01
1.690130557191839467e+00 1.320116855640431197e+01
4.395515643360891622e-01 1.232614628482229691e+01
5.061730091551761568e-01 1.277868780814549332e+01
1.644260519177421997e+00 1.255244636898388322e+01
1.190014207181139927e+00 1.213446021284183196e+01
1.317638904374591302e+00 1.220811218330403847e+01
1.417257017484642168e+00 1.138385002302543114e+01
8.952258250385451976e-01 1.157564213914488427e+01
5.845378293675878023e-01 1.175609765928213513e+01
1.665257667323791990e+00 1.263505704876946112e+01
1.977403892002880026e+00 1.316131417742497511e+01
1.577423442278440113e+00 1.227745992788478446e+01
1.977438563922180759e+00 1.259205335035186302e+01
1.913057559519668605e+00 1.159760056938785588e+01
9.272524677413649385e-01 1.235504785930672611e+01
1.147341417566452249e+00 1.197247430123259093e+01
7.990927835032398674e-01 1.226056332833125673e+01
8.225204679451668666e-01 1.201951871803674798e+01
5.062726644781445628e-01 1.286304950733976860e+01
1.765503540789137515e+00 1.269875588249970910e+01
7.886461688144621451e-01 1.235555282109897668e+01
1.391781629154502431e+00 1.179774996530918685e+01
1.246366655676476309e+00 1.196983551893219833e+01
1.334925605662995007e+00 1.218034791123255545e+01
5.454171840254465886e-01 1.246371691049643715e+01
1.491204729937361639e+00 1.267245160585629726e+01
8.099277852121138377e-01 1.193959542294601839e+01
1.357151739404894419e+00 1.187991707940708785e+01
1.563920408480013569e+00 1.258262347589830021e+01
1.124711919078821065e+00 1.202949410600121105e+01
1.688787981728542276e+00 1.285970247498838148e+01
1.237338914638038467e+00 1.249304577167640140e+01
3.583419715072404532e-01 1.285686137209803803e+01
7.321549545871927078e-01 1.189176257623479671e+01
2.007236423137940928e+00 1.136973801387991934e+01
1.935324499210373084e+00 1.214923126764507799e+01
1.247671749226493487e+00 1.165975409813699848e+01
1.530688655458612768e+00 1.263295120604492539e+01
7.586291432534012502e-01 1.250691381419858139e+01
1.591882466453850453e+00 1.296146944584553573e+01
4.992639027199996526e-01 1.197585874301175757e+01
2.093245556178478406e+00 1.249815971934262393e+01
8.385152638559701943e-01 1.221168982497179734e+01
2.161597852752341176e+00 1.264534269577937664e+01
2.153329435786312640e+00 1.335591627618027566e+01
1.977775979571390952e+00 1.243753411727089642e+01
9.659989106209704302e-01 1.172829216039811939e+01
1.309953783768532665e+00 1.184105803161570591e+01
8.088902266161283050e-01 1.237243605587498507e+01
2.050148019753319506e+00 1.220470366151800867e+01
2.034515265195915301e+00 1.197276337266853474e+01
8.210691580054999550e-01 1.262023592792284177e+01
1.638548978746287244e+00 1.303830864529658662e+01
1.421931281859333041e+00 1.279368533762694149e+01
1.331440032131711027e+00 1.276736010214451511e+01
1.563045445100455177e+00 1.292255888978387190e+01
1.975875105509822705e+00 1.192978238084181264e+01
4.928829396394365236e-01 1.249374225353705725e+01
4.087682321151389631e-01 1.260522505482674127e+01
5.103540318359814920e-01 1.219833677354116652e+01
8.122236360186724236e-01 1.201784815820772145e+01
3.735761704458281374e-01 1.338642704478850831e+01
1.415881893561595994e+00 1.225592659404927431e+01
2.087735677450377025e+00 1.188160980759529473e+01
5.841974186944729475e-01 1.225550846174833985e+01
1.769328646131798743e+00 1.268908059295353752e+01
1.910370430387598351e+00 1.230691239814827043e+01
2.062289571650631093e+00 1.253374225320843571e+01
7.101626236940389303e-01 1.211300018265834133e+01
9.022626405520066672e-01 1.216994541704771571e+01
1.436742999054435144e+00 1.235538892383510756e+01
6.763536165724229887e-01 1.228722484944717941e+01
1.959042890707023421e+00 1.304694952298471300e+01
8.265004470560781691e-01 1.269371760676397010e+01
2.179735320738640070e+00 1.285159441260546487e+01
1.191446926896039926e+00 1.199671723833263570e+01
5.702733550740441970e-01 1.248938485078932636e+01
1.211960090727905559e+00 1.182219199567632906e+01
5.591960796846477955e-01 1.294604496128936511e+01
1.430955617778590705e+00 1.266291372479775390e+01
8.425156552835013635e-01 1.251494019180109518e+01
1.384991686755441709e+00 1.279652687073375716e+01
4.738396676247310091e-01 1.230914265687890641e+01
9.857811959809613667e-01 1.230474058073459354e+01
6.419920977607990187e-01 1.228941130680540894e+01
9.169347767222464363e-01 1.205719450788356539e+01
1.391306010486696998e+00 1.214981647402781029e+01
3.283239112773130852e-01 1.325378458346856725e+01
9.836612453188988692e-01 1.209840916681751999e+01
8.436989611866148042e-01 1.232930623453979457e+01
4.293241989812418558e-01 1.285691820272596608e+01
7.780802011471009694e-01 1.234761078200202356e+01
1.406153068500003878e+00 1.258103129432521072e+01
3.511648725490309486e-01 1.293041161162207331e+01
1.664258707081756494e+00 1.258471932432902207e+01
3.810963459135859321e-01 1.319048235454019391e+01
1.614509298416703320e+00 1.217815343722135601e+01
1.506516023087032030e+00 1.256045197599825514e+01
8.350408784579306243e-01 1.147333844137927983e+01
3.598827647259388862e-01 1.301952191157681149e+01
3.343472290119939849e-01 1.304726832486572619e+01
8.757106079819932942e-01 1.196563627343238956e+01
5.735543280243161623e-01 1.262547844584503665e+01
1.150639617374426438e+00 1.227667766509659053e+01
1.501018137785350204e+00 1.199416402896581246e+01
1.221705827005431511e+00 1.196277022395328160e+01
3.572824890013278076e-01 1.286148067477915369e+01
5.218908760749314535e-01 1.195827230281912890e+01
1.942435995368188673e+00 1.239231931411190502e+01
6.727804935286926247e-01 1.193706687075188633e+01
5.009405705045641977e-01 1.287136490775610831e+01
1.584221413772018971e+00 1.259432417014747330e+01
7.095729303688942391e-01 1.264764975684768977e+01
1.388938134460287577e+00 1.279031010023232540e+01
1.313546713645284969e+00 1.235096271624995090e+01
1.511851622969938580e+00 1.277589155304461954e+01
5.710980397285186916e-01 1.184649742845319764e+01
1.559732945808756321e+00 1.176686952674184994e+01
1.037593370634810830e+00 1.251220263355533824e+01
1.175674448676447437e+00 1.240720784705760238e+01
1.864144239585260765e+00 1.129043086560601417e+01
1.095906358941785896e+00 1.146310209257823587e+01
1.802531796836731592e+00 1.121674566681863539e+01
4.634490112383087279e-01 1.229346524573045940e+01
7.691244433335000519e-01 1.224554467540871805e+01
1.758127795132380156e+00 1.169644950172926023e+01
3.601190830974625445e-01 1.291369153062094455e+01
1.714777797732854436e+00 1.242311294231207874e+01
1.646638697138795626e+00 1.128427737228539307e+01
6.646813483171789549e-01 1.204828642185022325e+01
9.614914090298591898e-01 1.201310869658940916e+01
8.507048765273400592e-01 1.256807708429945691e+01
4.695620532918989842e-01 1.279381909197816114e+01
1.939358354779916027e+00 1.242737651962995926e+01
5.530895664721705574e-01 1.187204276222825960e+01
3.983030095057107922e-01 1.257677167669334395e+01
4.941581016290243489e-01 1.222428745636704583e+01
1.268357845217832125e+00 1.249141893754691424e+01
3.829964519760811759e-01 1.301732709078907568e+01
5.158159918098460528e-01 1.284515079544833860e+01
7.533183998098816891e-01 1.216090282120816823e+01
1.611230473442665012e+00 1.189896005719025851e+01
4.508337884678493834e-01 1.307553190211164384e+01
8.427998164269009385e-01 1.235324562591332409e+01
5.114959298850236813e-01 1.227797670316428480e+01
2.014832973945384076e+00 1.261957218116733870e+01
1.876174496356943777e+00 1.251439123623566552e+01
4.882742702192052198e-01 1.252065360658083293e+01
6.456364683870809973e-01 1.221400486137756403e+01
3.429183496792966301e-01 1.289087194019964677e+01
1.508473508407017771e+00 1.203716146049238667e+01
1.040639274406975012e+00 1.179125187095259797e+01
1.849978171853380093e+00 1.211124680889234817e+01
1.160593626163202385e+00 1.153190005009554575e+01
5.219306995540354821e-01 1.256569927332825998e+01
4.005913896246678374e-01 1.310438168381332957e+01
1.058245337714522671e+00 1.179524235451688519e+01
4.824098860733795902e-01 1.276453829757015512e+01
1.847584915118825499e+00 1.177224570285447491e+01
3.798478685728247095e-01 1.282545611268146502e+01
1.691458027943316456e+00 1.241660772740844010e+01
1.202670665606534683e+00 1.177565612886936464e+01
8.524279001209628115e-01 1.168457397826388799e+01
1.929749155721765641e+00 1.146253220262360273e+01
5.271459465306370662e-01 1.254892331217387280e+01
4.805709993082121212e-01 1.307487365291567549e+01
2.043026198869392740e+00 1.257249534363833732e+01
1.185818465416737855e+00 1.208677233032934595e+01
1.515731570952643992e+00 1.202498704823960551e+01
6.755505118831243161e-01 1.200536999642698710e+01
1.844048644247578084e+00 1.270309300936983021e+01
4.419311287113383280e-01 1.304462724924422368e+01
1.685903730530892819e+00 1.272831141171620750e+01
1.463902076090214832e+00 1.239500218157930789e+01
2.290344474293325661e+00 1.302855746320236641e+01
1.076358824882492904e+00 1.210570794654017313e+01
9.489749205988722291e-01 1.245262707111296763e+01
1.573194779356631212e+00 1.197600596961662411e+01
2.135603837159844254e+00 1.316763985831289929e+01
1.809570735169228728e+00 1.308954428204164167e+01
9.303584808216628366e-01 1.254756975979895017e+01
5.114826961594225452e-01 1.270722062321742918e+01
1.578275364250709689e+00 1.220644090710250040e+01
1.474091872791357893e+00 1.217916463347768463e+01
1.091482757159891959e+00 1.210545211996130099e+01
5.495802964471476759e-01 1.202041864006146987e+01
6.729914181438392262e-01 1.234138851056228781e+01
1.811312544951884096e+00 1.262900366016400966e+01
8.761023184669789465e-01 1.215857118034825035e+01
1.788048910407766590e+00 1.149850561818428574e+01
6.908059474383212439e-01 1.170108679626353521e+01
3.294689455383632004e-01 1.285745393365621325e+01
6.011446598028673538e-01 1.220329857940655494e+01
1.888301315501660582e+00 1.240454491298100415e+01
8.380927359940171240e-01 1.231845076282249707e+01
7.310342875116084826e-01 1.176725973884904342e+01
1.004045899129965003e+00 1.263737195053822759e+01
1.285043674801424451e+00 1.255352071131717828e+01
6.684541730861851550e-01 1.252413929697943829e+01
2.156333089393682734e+00 1.285646644338247135e+01
2.102532336033489102e+00 1.291894457170007726e+01
7.316001450325750888e-01 1.265847016055510821e+01
6.264723100499652864e-01 1.282529633021549031e+01
1.241817028217670593e+00 1.240212416499677062e+01
5.516015698215847030e-01 1.223123442529548832e+01
2.253969756759157672e+00 1.133550657368895287e+01
1.924189536649531851e+00 1.263602556393989573e+01
7.470866457971477859e-01 1.213896099881137935e+01
1.908578684412258974e+00 1.169766356159264475e+01
2.006662253029310783e+00 1.194822965761036215e+01
1.845167462183151974e+00 1.203528388492229340e+01
1.097707249120247530e+00 1.239727506941845903e+01
1.581578508304853470e+00 1.276723121600169542e+01
1.938340955656580933e+00 1.229016675886227361e+01
6.201998867837681395e-01 1.242572646957969340e+01
1.878621000828143206e+00 1.254848916662807135e+01
1.416190558231451790e+00 1.238750316440801846e+01
2.245825399941357325e+00 1.217226315909964818e+01
1.803534059617595942e+00 1.242609282925299574e+01
9.844302659608403783e-01 1.213408698445319622e+01
1.726651235991079503e+00 1.226585102002807126e+01
4.802760072276087144e-01 1.258714657340796350e+01
1.966730646309730046e+00 1.194418976820890066e+01
5.477953172247226332e-01 1.174900726279575913e+01
2.209186780190725230e+00 1.284117648668280509e+01
1.472469145736481355e+00 1.263479908863669721e+01
1.623342904275068443e+00 1.265061643845876027e+01
6.355679021303951570e-01 1.228773854237769037e+01
1.393024182041884718e+00 1.246922670822026014e+01
4.667799122270464007e-01 1.241498575223392997e+01
1.322105685178950996e+00 1.254909742557389052e+01
1.835961140956638094e+00 1.252723454996601937e+01
1.109501389424169426e+00 1.225978514701139588e+01
1.311961913473166375e+00 1.229331269555533801e+01
4.333930196554822700e-01 1.275276548008940836e+01
3.574537613564957028e-01 1.324301952748189670e+01
1.619890813498578330e+00 1.210186164624914085e+01
1.199647946171204849e+00 1.241524417199215691e+01
1.912959626313810890e+00 1.205308853142163272e+01
1.495230505570983581e+00 1.205547105144649578e+01
5.419259600829335888e-01 1.243169852151664756e+01
9.142157710655604008e-01 1.231763302868951548e+01
3.784568203388066765e-01 1.287562246283269474e+01
1.852671034314510301e+00 1.161501300510528090e+01
1.612464460667677679e+00 1.205193651067889604e+01
2.041935933289246830e+00 1.192492204521288812e+01
4.313887849927049989e-01 1.248434694548683055e+01
1.589337798458861029e+00 1.205011969793254245e+01
2.124758527839171851e+00 1.266448803308226623e+01
1.822863588058627915e+00 1.227948117420438834e+01
5.379901207849689948e-01 1.289032530065967386e+01
7.516569157994630324e-01 1.239249486128125355e+01
1.971165646379029246e+00 1.240284509977328398e+01
7.830604738232856965e-01 1.216696729068417859e+01
1.278966308362168292e+00 1.271092675661521199e+01
2.011171791926106511e+00 1.175790201166737781e+01
4.648412329933183096e-01 1.288596276190183865e+01
1.894798134029830328e+00 1.237873981773981136e+01
1.842869681114182479e+00 1.277248403204483296e+01
4.566334258885705322e-01 1.218406575909358658e+01
2.159489015938224732e+00 1.259342849289179256e+01
1.087114847268950912e+00 1.177524689214563303e+01
1.513859202261949033e+00 1.202817174141294565e+01
1.624534286279665229e+00 1.215323563429532783e+01
4.742802267914274506e-01 1.277712291426770186e+01
4.459129947435523378e-01 1.233881158188232163e+01
4.317149994177922889e-01 1.239822857205894557e+01
6.466949574185789640e-01 1.270624304640102054e+01
6.803541726097561693e-01 1.179099406163589769e+01
1.201352335620563316e+00 1.229415571840662480e+01
9.519875722216074587e-01 1.212205209776484693e+01
6.322049113772957307e-01 1.234518422034705232e+01
2.055815717247037711e+00 1.231336678909829807e+01
1.866616845160806060e+00 1.272160858072919609e+01
1.994583750074435002e+00 1.163771507809192940e+01
1.363405255601940702e+00 1.148983834186860520e+01
1.959810899991426103e+00 1.178998999172871720e+01
2.737246644631313175e-01 1.372932923220669643e+01
8.380609708347854792e-01 1.192364337698682064e+01
1.796113000889965061e+00 1.256814435680974107e+01
1.079394102398964606e+00 1.254048745928925612e+01
7.667054489274119922e-01 1.200904637132223307e+01
1.497395971319321673e+00 1.196186878544041932e+01
2.030114199819224030e+00 1.186974044003756568e+01
1.101627938495160386e+00 1.245340462631825140e+01
4.482868822440247425e-01 1.231146269933240767e+01
1.164423988091436879e+00 1.195936329232028861e+01
9.302213803243943868e-01 1.231745473633606380e+01
6.111468861596806024e-01 1.239090829218681655e+01
1.578311192232144888e+00 1.285885539867862093e+01
6.452165271291205872e-01 1.194152824805517987e+01
2.050666561926713261e+00 1.199992929358073290e+01
1.608047769967503537e+00 1.285642823660670331e+01
1.378140493550546575e+00 1.268129663253451689e+01
1.874312865742196355e+00 1.261958765661506909e+01
1.913611828524504066e+00 1.242413926648650069e+01
1.990437077311903780e+00 1.281393094873800642e+01
3.938598916849989084e-01 1.306695999049239809e+01
6.536880141853957937e-01 1.204374389334694406e+01
1.663186154880087919e+00 1.101053046378332390e+01
9.919535676326519669e-01 1.260852547440681626e+01
1.694880281933025312e+00 1.189161854076723124e+01
8.436816461296714476e-01 1.233402533272680301e+01
2.104581123746195548e+00 1.246186884386110805e+01
1.769564564561265874e+00 1.196001150973749638e+01
6.846395095178843260e-01 1.219651886223244297e+01
1.412559550614561621e+00 1.290369847433309047e+01
1.694816435437194180e+00 1.180084800182720706e+01
6.348692570224335752e-01 1.227905560497533344e+01
1.276080762427681314e+00 1.193551687923998550e+01
1.863458602546701703e+00 1.183313563728773943e+01
1.147726255773760196e+00 1.230165513193134252e+01
4.780130699062728472e-01 1.226370739812619348e+01
4.288459895035119374e-01 1.234079677074727854e+01
3.579929927038807969e-01 1.321849606719356274e+01
1.511331727626971322e+00 1.276430173308631488e+01
7.421380793219096716e-01 1.213841277628002047e+01
7.281645318871567962e-01 1.222561424345011893e+01
3.785881876947331803e-01 1.291239883740482597e+01
1.367338483306824948e+00 1.289396475950536036e+01
7.807889143044874913e-01 1.223994869505741434e+01
6.297416402377535860e-01 1.188078732675437799e+01
1.897450506467976084e+00 1.318546355047714158e+01
1.335280305728026029e+00 1.249479580265078482e+01
1.616305894514404651e+00 1.207081495258191595e+01
5.377084725745039373e-01 1.278577117922640483e+01
1.337849960236242364e+00 1.278733666157256366e+01
9.586919930038688697e-01 1.245505197548361664e+01
1.596945961764974831e+00 1.279105710384920513e+01
5.379778838105137018e-01 1.237052855252055394e+01
1.046306025518852767e+00 1.188296115285868026e+01
9.515318039285006746e-01 1.188098999409296574e+01
3.974529269123801001e-01 1.257258951574425510e+01
9.861763698718453153e-01 1.245016543980929313e+01
2.016066625312613603e+00 1.172258078183757135e+01
1.175667846313448228e+00 1.257452058676012108e+01
1.708201100627286362e+00 1.267548542022697333e+01
2.114086426809803854e+00 1.280079928050732185e+01
3.323762427215158355e-01 1.330844714340635271e+01
3.242960198102770586e-01 1.301048380594251874e+01
1.123249369595129110e+00 1.185300391375282736e+01
1.687361429435104254e+00 1.198083276817462384e+01
2.266375016202226256e+00 1.249994657759124372e+01
1.326535356004143740e+00 1.145243765308657480e+01
4.622258163855560431e-01 1.251989593997444494e+01
2.153708422229026809e+00 1.238720687780682717e+01
1.930906654245646781e+00 1.158439971354811604e+01
1.325145208090318771e+00 1.285609157103995948e+01
2.105451971943596234e+00 1.190461206575873021e+01
1.295839817039141639e+00 1.260307546071679141e+01
3.260656580175985142e-01 1.328118609294456398e+01
1.566375817085480682e+00 1.260535031923106253e+01
6.124744777241607485e-01 1.281115236364542476e+01
7.696970725813077063e-01 1.190782125177608819e+01
8.788866094064448076e-01 1.165985193433970224e+01
5.313866384372667451e-01 1.292123981904158825e+01
1.585880726786536243e+00 1.153273912026398840e+01
2.144405626782259766e+00 1.195361794583780224e+01
1.078215859452477998e+00 1.230395286797848087e+01
1.372299518734278356e+00 1.245779234722276385e+01
1.532740894507220286e+00 1.231237231814608002e+01
1.603262071614645512e+00 1.173648057140617240e+01
1.772123063056744607e+00 1.139236393081619880e+01
9.544324424679760943e-01 1.203696561095128814e+01
1.682330923693622360e+00 1.157612264508606437e+01
1.269657473039997431e+00 1.303253954656048030e+01
1.550912559325404727e+00 1.275051104444264638e+01
1.185946275874809608e+00 1.264839227880197292e+01
5.330812353037286400e-01 1.249798804845061539e+01
1.617307033383656556e+00 1.246441471248964383e+01
4.436610903107427450e-01 1.235958477331569227e+01
9.695604969772300130e-01 1.204123922644568623e+01
7.255888593279220533e-01 1.229560734838109681e+01
3.785614063170262278e-01 1.310463155235383681e+01
1.159082729909282961e+00 1.195629541575613963e+01
2.018990219153403931e+00 1.303366554376537501e+01
4.942629145371428279e-01 1.214062122136076916e+01
7.293576344687133783e-01 1.235823399068361894e+01
1.285779640108337452e+00 1.210662506852026787e+01
7.474687674210733768e-01 1.221171189557926340e+01
8.958489577477248833e-01 1.166491453651859622e+01
2.083636810457888178e+00 1.173052687473430211e+01
4.439072333073156851e-01 1.208874815514713674e+01
1.994476700382572520e+00 1.244655535055299289e+01
2.250918714087801753e+00 1.222169366802926938e+01
1.510457040560067465e+00 1.284098289792857095e+01
6.586368324070462910e-01 1.204379601745885964e+01
4.623456735457106004e-01 1.299832316299284329e+01
9.898608345369658279e-01 1.252489351410005902e+01
1.943895461468595931e+00 1.151003633794126557e+01
1.990024731418170933e+00 1.345480350179203555e+01
9.292242952234162079e-01 1.208118591961638622e+01
3.632759412185967984e-01 1.301193480999785912e+01
6.167225110356723272e-01 1.245373227465812427e+01
1.040571824263542444e+00 1.209651404028663180e+01
2.138219308999086632e+00 1.199976139631201733e+01
1.231391356492424594e+00 1.276218500450164584e+01
1.204162844869508753e+00 1.265604983426920782e+01
1.937957082387139929e+00 1.284994133531507821e+01
1.307455659308731866e+00 1.242405704601871541e+01
1.479628323633741305e+00 1.248938240596241478e+01
5.549687144177879450e-01 1.233060666748369627e+01
5.203256752080057668e-01 1.301985837008352398e+01
7.313176453781073949e-01 1.166225479735126669e+01
3.969833337700758302e-01 1.309651602937432280e+01
4.820457115770175327e-01 1.303753839639609602e+01
1.204180395437791873e+00 1.273410965787146765e+01
6.734065830647996131e-01 1.252334310705701981e+01
1.027930374944697300e+00 1.229271777629448259e+01
1.814659567926603101e+00 1.189659939668747768e+01
1.773176629418881323e+00 1.232608726752575201e+01
3.628816406666380279e-01 1.279890414003861920e+01
1.268353915872551196e+00 1.237924803377157090e+01
1.512678728456374522e+00 1.263029833482627318e+01
1.923801015980511009e+00 1.164796315475432920e+01
1.697639250700149871e+00 1.291011506090658401e+01
2.094374955910644154e+00 1.216284320253897455e+01
1.522062533201092194e+00 1.250596055464444056e+01
9.370700522886458161e-01 1.213291600415728766e+01
1.678270280808659143e+00 1.293333605233371486e+01
7.149147639236502760e-01 1.261332638901535397e+01
3.408123654662652546e-01 1.320871220399215673e+01
1.857983425412614409e+00 1.263949138387120996e+01
2.219511301874111719e+00 1.176511870370718249e+01
1.800730180659062318e+00 1.168953699536528035e+01
3.161954543045109034e-01 1.324072419983024496e+01
5.056867665816809909e-01 1.228298697879572110e+01
3.734093736006743880e-01 1.315502648750196002e+01
5.377987012727670768e-01 1.298549214213281822e+01
3.835710553890572250e-01 1.303090079041609073e+01
1.472086743430004008e+00 1.251609693080098573e+01
2.075544228520155521e+00 1.220911691379585307e+01
1.986840540274411593e+00 1.252677440548141519e+01
5.573593495131929920e-01 1.257368634364960691e+01
1.993691640017642097e+00 1.235170511900607515e+01
1.699763227372086183e+00 1.185372728778442131e+01
1.572808586731471836e+00 1.198886305371911654e+01
1.694425811412527016e+00 1.270496999982203867e+01
7.419247795804454482e-01 1.256390144097257888e+01
4.619721121189247492e-01 1.257207086022844322e+01
6.432096307284504988e-01 1.214753918921876519e+01
1.646495928922980356e+00 1.200545536147936510e+01
1.470936357829824015e+00 1.210739630891236018e+01
8.039971787725668229e-01 1.225215008652872228e+01
9.854047083454336997e-01 1.205993751340098363e+01
2.049796653094532406e+00 1.180838902706844884e+01
1.365608077786762964e+00 1.285568593224244260e+01
1.364631587108734001e+00 1.221009312123839585e+01
5.599805752735890207e-01 1.261963110963811019e+01
9.121878668974670035e-01 1.197230236219753330e+01
5.453036235902439799e-01 1.241494224298117288e+01
8.045915848627822609e-01 1.208223473222335720e+01
1.960811921344786324e+00 1.253449938771891681e+01
4.606911004471337945e-01 1.308231977048298411e+01
1.695907423838151962e+00 1.317755635320746421e+01
1.423031420454170748e+00 1.226478908067402607e+01
1.820655755726674041e+00 1.078854909425192332e+01
5.565907421576481440e-01 1.282875148033275003e+01
2.006072294123026900e+00 1.219032637527027596e+01
1.550276414988603246e+00 1.240822574643953935e+01
2.047943655959865605e+00 1.166086059261073160e+01
1.225639110256004694e+00 1.176587158948414213e+01
5.338635495487116245e-01 1.264134568305194861e+01
2.155755983469419323e+00 1.259925438288971300e+01
1.226561587180735824e+00 1.203169785310291395e+01
1.565482804263780059e+00 1.202870571298115365e+01
1.182724117971885480e+00 1.200478978296353993e+01
1.263718370622796128e+00 1.204064110417899158e+01
1.901721524279096354e+00 1.181328539105045294e+01
1.034665292136415449e+00 1.197059728528302180e+01
6.008494752003359363e-01 1.243532602867393599e+01
1.763577253363392661e+00 1.234375416231480216e+01
3.052964736980915417e-01 1.304779503166257904e+01
9.098669131521182063e-01 1.179164424130081734e+01
2.177051061659795117e+00 1.296237525799751822e+01
1.153480762840098706e+00 1.190468784828415849e+01
2.038760383206592142e+00 1.225850957318026424e+01
1.103545656529560937e+00 1.169102505921271451e+01
1.285208436092090123e+00 1.276420326812771577e+01
4.455129106341749190e-01 1.222024840004107382e+01
5.667162873818818447e-01 1.207741702199663969e+01
3.650818907590344664e-01 1.322389114668193066e+01
5.597782130053350347e-01 1.279100205791890588e+01
1.915068850976048065e+00 1.262939765171021200e+01
1.639413125491828715e+00 1.168454022017744087e+01
1.680011753778873240e+00 1.166021529054799366e+01
1.156512962925620780e+00 1.231923467266350336e+01
4.954514916935535696e-01 1.242746187521111878e+01
4.980192303791112773e-01 1.264782122220497307e+01
1.290567894258088488e+00 1.260035759325987748e+01
1.678716498324218875e+00 1.200632471533523216e+01
1.248816015086956943e+00 1.226754071466409890e+01
4.979692566443720270e-01 1.219483713537209191e+01
1.770488849158928346e+00 1.258048637896869870e+01
1.871083624269877399e+00 1.309163750084872824e+01
1.237460445839937861e+00 1.269902289774243265e+01
1.875070302927005050e+00 1.157833542755551015e+01
6.078714913246127116e-01 1.271186671705693705e+01
1.659136389831969538e+00 1.211357699959176770e+01
1.990711507930941426e+00 1.187562994605023370e+01
4.238822008172003497e-01 1.305899609164827346e+01
4.642270621339185110e-01 1.270807287226387317e+01
1.772545580022752976e+00 1.266295492566306891e+01
7.802205302475533344e-01 1.194491870487980023e+01
1.745716844477973595e+00 1.254966722455366934e+01
1.878664601009591317e+00 1.193490211816043534e+01
2.029014432062278495e+00 1.234266777030262574e+01
1.786221241391801051e+00 1.310722382030786015e+01
2.025045551029766688e+00 1.222374933316533507e+01
3.569726544234858578e-01 1.259395115288142541e+01
1.765933469232280784e+00 1.188416734122210450e+01
7.686922839021174125e-01 1.225075732869263767e+01
4.931275640947117012e-01 1.255335286701257758e+01
1.995797801930254911e+00 1.214969122039379279e+01
1.215370481352136878e+00 1.279230268788484359e+01
5.543470538466713782e-01 1.286661847745784826e+01
1.456828549821892027e+00 1.288145199985687839e+01
1.078784141387671980e+00 1.225451816978530495e+01
7.977435136206175725e-01 1.258601659887717972e+01
1.631518121239586616e+00 1.268385363632048701e+01
4.607980329228710814e-01 1.276855422255822958e+01
1.014831759914033293e+00 1.222490105129503668e+01
1.350623234742773571e+00 1.250723056905212260e+01
1.713764116435300133e+00 1.158036370762559386e+01
4.938378382665595812e-01 1.248083274941181919e+01
2.193972182380398817e+00 1.198476712238616315e+01
3.838077173333914183e-01 1.316894254246841101e+01
1.100337165166251907e+00 1.265836983483221445e+01
1.669985036002665124e+00 1.262480936707139456e+01
1.861641450403324516e+00 1.144872301249392521e+01
1.297134479097046711e+00 1.199785709400281064e+01
2.135382413088294573e+00 1.180890736329428670e+01
1.738821643636689229e+00 1.190635168314129366e+01
8.026765356629198545e-01 1.266222304253721376e+01
1.304452771723436877e+00 1.277959857364145968e+01
1.577751148401232095e+00 1.200073629375597051e+01
1.578455950543713460e+00 1.187006414525591325e+01
1.753612249512601196e+00 1.173943002764742083e+01
8.506633511059349395e-01 1.216469636265585130e+01
4.128007675808568200e-01 1.284648003513641967e+01
1.467477025003560920e+00 1.237328484440897114e+01
1.066693651631551054e+00 1.210607793927420950e+01
1.648899826766867971e+00 1.275167489041331947e+01
4.375419324140253363e-01 1.273640757598579221e+01
1.904336945573677831e+00 1.182861112148203020e+01
1.951124451772305868e+00 1.252630112450206923e+01
5.757174396927132731e-01 1.231886208706053587e+01
4.662537089758491682e-01 1.277371038992044561e+01
7.646927910663164907e-01 1.233121790590419131e+01
2.046623262872674598e+00 1.177641065065168391e+01
6.428285278954185555e-01 1.255972365396389456e+01
4.455164556018564870e-01 1.303844204298631482e+01
1.755274865668631001e+00 1.240465514812633430e+01
8.152101668174729365e-01 1.235878806329480106e+01
1.972728997781451721e+00 1.194211503051342049e+01
5.403156692291307683e-01 1.289592368891099383e+01
1.096940985890134224e+00 1.171798107421502166e+01
7.742549387128185856e-01 1.256209820911772823e+01
7.685620563950222861e-01 1.272496758124071725e+01
1.037474881098776835e+00 1.201956266333924184e+01
2.285773608685359726e+00 1.201755994892381807e+01
1.758210468251278691e+00 1.251743944883882520e+01
1.907272777048682366e+00 1.120771377281913317e+01
1.754318437383670659e+00 1.133214104399696254e+01
1.427499782023112562e+00 1.225536834531417796e+01
1.311013986641687445e+00 1.179919248902734097e+01
1.707012398564710542e+00 1.250266567902131953e+01
5.479142210937557600e-01 1.274599813292485884e+01
2.055762027904379341e+00 1.182914670744611385e+01
8.360224145341715873e-01 1.253204032764681131e+01
5.089519278813124936e-01 1.256767984885655842e+01
1.892496638444139734e+00 1.094884703862577879e+01
1.620647149362512973e+00 1.250720787551695246e+01
6.568890869077608219e-01 1.232486799868323857e+01
2.094197015110760063e+00 1.217762121506489059e+01
8.686486084934496033e-01 1.192106937394440713e+01
1.749947435522165584e+00 1.243442308292855714e+01
1.772248782411382395e+00 1.244523271692658106e+01
1.757917616961516050e+00 1.217595689767996348e+01
6.391065435155293128e-01 1.254419745595518521e+01
1.470035748876890924e+00 1.251508685695647038e+01
1.640174087515228862e+00 1.264559438851077111e+01
2.072984794454258761e+00 1.055760697054396857e+01
1.069054956097581499e+00 1.177898340394718524e+01
4.174737853458501124e-01 1.288226507323804704e+01
5.282052200998802460e-01 1.247432801708336925e+01
1.914790636133497870e+00 1.236373361270469573e+01
1.219070984604344821e+00 1.238351639571682128e+01
7.037000726033043607e-01 1.242814627490369617e+01
1.410050269717862292e+00 1.233272446118046695e+01
1.919916838670347570e+00 1.149396216778308677e+01
5.249741988337472964e-01 1.259794770513901341e+01
6.807030025134113149e-01 1.233453372475293719e+01
1.628709987961878713e+00 1.318839880073013759e+01
4.385801099597719244e-01 1.324750115258738603e+01
1.693078174642230316e+00 1.227632809480725840e+01
1.649975880109842086e+00 1.235880968738675101e+01
2.074577163107228284e+00 1.087353565760612106e+01
3.081939533043227541e-01 1.330024926378540506e+01
2.123864009476811532e+00 1.173290270607158092e+01
4.739280137237674717e-01 1.221119079930961426e+01
1.281381819599847427e+00 1.225931983666717784e+01
2.063778057976924707e+00 1.225081945866661215e+01
1.156341294133374609e+00 1.275858637981434995e+01
1.643624980476658948e+00 1.246173751217146375e+01
1.378961011219047572e+00 1.185885907127707561e+01
2.066817487932081310e+00 1.155775858871360739e+01
2.136875200810118169e+00 1.176380489256650996e+01
2.129924873746609659e+00 1.177689183841488862e+01
1.403936698852757958e+00 1.225424923704527558e+01
2.000815531346566978e+00 1.298864457979534315e+01
7.258331271812248353e-01 1.210151130639950701e+01
8.734365049566552575e-01 1.211165699857553157e+01
2.005901996977962121e+00 1.225620869799655210e+01
8.480877442100043240e-01 1.213761948266743040e+01
1.037046333773975038e+00 1.257990502739353822e+01
1.605543552814875152e+00 1.225336436439064336e+01
1.501865124601724055e+00 1.294221331894647342e+01
5.254930638082386807e-01 1.227040016276735379e+01
2.106651102198895398e+00 1.188271398939754064e+01
6.929393198807665133e-01 1.255692602403603431e+01
8.811635103430291993e-01 1.229113941328038706e+01
8.449557351810979000e-01 1.225609939633485901e+01
4.959452127638007135e-01 1.261332108914913697e+01
4.431132607930944878e-01 1.292859672153211470e+01
2.130178966719696199e+00 1.204781648330915189e+01
1.913498000009535183e+00 1.314627385250441804e+01
1.366876689485240215e+00 1.266368819496633691e+01
5.540268148883358279e-01 1.252498463713703281e+01
6.712875700506485410e-01 1.254608252412583624e+01
1.566957374973450889e+00 1.265310593451418164e+01
5.627678220134235687e-01 1.200741404894204756e+01
9.326330053131600684e-01 1.183555106002347301e+01
3.683057661057344556e-01 1.301809470894021992e+01
2.160478914176588994e+00 1.180785822492005366e+01
1.878275047494131433e+00 1.208019353121951056e+01
3.690903457072248206e-01 1.301107469833325325e+01
1.693961712867403158e+00 1.269238749434526348e+01
1.114638026658569148e+00 1.236396128352708601e+01
1.553405276055166651e+00 1.226161723929956970e+01
1.619205413046272746e+00 1.290979695754612067e+01
2.039245884630025873e+00 1.300248718228117184e+01
1.849610468635147553e+00 1.177117613092976178e+01
1.399422786937688956e+00 1.278874739036303687e+01
6.139940040931298748e-01 1.174207592034218806e+01
1.560140642334558958e+00 1.134030007738728330e+01
7.664921566188118707e-01 1.235756834418442374e+01
9.078394959220296156e-01 1.238375588315511600e+01
1.722844991704181927e+00 1.182087366797699879e+01
7.442626151398022971e-01 1.177009187647687760e+01
1.623688226615613628e+00 1.157375255703128403e+01
1.061540126649392013e+00 1.224980198863157277e+01
1.718630657392439032e+00 1.222612947783303738e+01
3.738805141342258498e-01 1.324041551524372018e+01
5.655676361409851527e-01 1.250428520372965124e+01
1.236966836021121896e+00 1.202071633663998718e+01
3.342358156232012045e-01 1.333570530198943160e+01
2.164953157579634357e+00 1.276939345228797329e+01
1.748005085201703723e+00 1.152478785141074091e+01
2.116292660889886434e+00 1.125567598487071663e+01
5.604310492970632218e-01 1.262354497859302427e+01
1.889956752360320014e+00 1.197335756208793711e+01
1.604960268746660867e+00 1.202922178630741534e+01
1.477972452526564284e+00 1.276451526516102319e+01
6.643133162716176043e-01 1.211695448584425350e+01
1.968427828008067371e+00 1.262470204280037933e+01
6.799021056314873412e-01 1.187416498883252203e+01
3.425278467961340167e-01 1.287306049901457428e+01
2.034580670763410204e+00 1.239183631612499070e+01
1.917398058875223521e+00 1.102695363967300324e+01
7.122535254216300071e-01 1.256345835521719145e+01
2.048225056102433772e+00 1.111357548871444045e+01
2.096293186270958842e+00 1.307269678074643160e+01
1.707218344918900677e+00 1.229087481614761757e+01
1.432481602658255193e+00 1.225908122604339212e+01
1.156317311423095573e+00 1.223592445543293117e+01
5.051512226744960810e-01 1.282930514445156334e+01
8.709057340793142643e-01 1.151300871495295475e+01
1.406951868989638088e+00 1.223434520688665117e+01
2.147369962876743976e+00 1.212083753571177169e+01
1.241731794154308233e+00 1.282259290726769407e+01
2.010554663236785444e+00 1.287763093700633910e+01
1.577781425798098214e+00 1.271773195494451336e+01
4.099238878456922808e-01 1.241474034144302152e+01
1.785607139748793593e+00 1.331389375717981416e+01
1.434590154387763272e+00 1.267409326571699424e+01
4.574204865946734366e-01 1.214142391905528662e+01
4.782869137795728309e-01 1.248000048848377475e+01
1.081068181563208830e+00 1.211957722153144168e+01
1.610268676206549898e+00 1.192254626914783344e+01
6.054597872785411061e-01 1.186215563555988695e+01
5.560887213497539561e-01 1.245793389023505604e+01
1.961232188250927821e+00 1.176595219835886219e+01
2.087002903960469169e+00 1.177566922751048573e+01
8.867120031167874394e-01 1.194830108631795440e+01
1.210619414193893739e+00 1.158952706482257078e+01
1.820384098838055520e+00 1.156322919342857247e+01
8.174715879553913211e-01 1.212315362951241049e+01
2.025864325364247431e+00 1.060309132696500001e+01
1.616537082965035177e+00 1.317769849880901134e+01
1.128051677814862819e+00 1.259073253061732700e+01
5.819569295564912537e-01 1.237088543281233832e+01
7.535671907588972207e-01 1.233616538651088312e+01
2.310615365099124130e+00 1.278792943959490813e+01
1.240964670702198624e+00 1.247009147821466257e+01
2.079767384773904659e+00 1.188708974012651254e+01
1.787180158525631946e+00 1.206652444622159415e+01
1.147618361657180008e+00 1.249140128613630374e+01
1.835491173021182032e+00 1.214646330226219639e+01
3.439747343242096633e-01 1.313327099891092331e+01
7.107590260855924935e-01 1.201343422531555127e+01
1.613909677531520703e+00 1.243163000388948980e+01
9.037235232925006079e-01 1.235083223749126802e+01
6.108808269924745904e-01 1.203802723491338611e+01
1.256319653082040633e+00 1.216763686260195065e+01
4.928790285148414996e-01 1.298776428239828640e+01
1.401225173964986137e+00 1.188851916209842230e+01
1.821153252003546275e+00 1.234581483637530042e+01
9.730746785553732181e-01 1.215777839470153232e+01
2.108599234880155660e+00 1.130952715642245643e+01
2.000722227015652166e+00 1.155814680885560364e+01
9.537686131776553777e-01 1.195248982443482610e+01
1.193029492649796186e+00 1.237211482479442637e+01
9.741039937407802718e-01 1.187114668470907652e+01
1.957260237254470514e+00 1.296506405520050009e+01
1.298361383215508980e+00 1.205992188346764493e+01
2.099820813438177503e+00 1.126162198732614783e+01
1.410438049131499394e+00 1.187368021496818571e+01
1.263935717509153456e+00 1.191408869263831249e+01
1.883199615976069552e+00 1.166066731382761823e+01
1.343523055034222535e+00 1.259154539465142619e+01
2.038929829187656306e+00 1.275051283130179414e+01
8.149138457307135708e-01 1.222803166790908236e+01
9.270815574108596246e-01 1.221116219795039903e+01
1.262225904791306252e+00 1.227231317232502583e+01
9.514186030388287474e-01 1.144023785975085516e+01
1.573173561942891041e+00 1.260380289123725639e+01
6.474848208243634273e-01 1.234375391095392871e+01
1.976184472294531647e+00 1.282139467664171306e+01
4.878324517022548656e-01 1.271566167423225657e+01
1.016522981324474273e+00 1.172781450082020349e+01
8.004555037597956835e-01 1.157759205435891836e+01
9.892748960161791283e-01 1.228898465043122101e+01
4.465002302909993337e-01 1.272459304127847091e+01
9.534385044863514791e-01 1.248445674861719112e+01
1.410295477671714481e+00 1.247365590679528502e+01
6.724651957797167512e-01 1.210338323708132080e+01
5.651536145590783100e-01 1.174840574280774419e+01
1.578058679076875581e+00 1.228773020764644563e+01
6.778306816450518912e-01 1.261407571826454266e+01
1.253664254091946928e+00 1.266469679071512111e+01
1.393493384925120981e+00 1.279054819860484216e+01
1.242170838157921287e+00 1.236187507819551712e+01
7.641845643900359031e-01 1.253454865288294862e+01
1.982346144536721866e+00 1.268294587884554936e+01
1.362587481313175752e+00 1.231049612210067856e+01
1.646677395748067152e+00 1.205906941747283945e+01
1.436524456895257318e+00 1.246528183992794503e+01
1.894060878131238024e+00 1.262097169309125810e+01
7.471623228304039577e-01 1.199905579132764188e+01
2.002842188516193112e+00 1.234448232975058879e+01
1.229810589646369579e+00 1.278416365885940564e+01
5.204423142676540825e-01 1.248703924788401309e+01
1.849069519965626629e+00 1.225113633235878474e+01
5.410982911873167822e-01 1.197506260092705688e+01
3.421543519302050473e-01 1.315070130264459003e+01
5.031390970144085095e-01 1.268202873789612184e+01
1.079044169021800448e+00 1.217316248587435723e+01
4.841187437640160351e-01 1.244986399804118982e+01
8.116141157701044495e-01 1.208180959040763369e+01
1.197935286362450835e+00 1.235605995530463375e+01
1.483254739642196895e+00 1.255072584787786028e+01
2.095568337285846461e+00 1.274404680112434995e+01
1.099984876155238211e+00 1.220543363588672570e+01
3.755686088514594845e-01 1.348243338233672084e+01
1.566946507443319092e+00 1.245706064210073016e+01
7.483556546706893187e-01 1.235824522545519777e+01
1.453754858066542477e+00 1.293108544713781249e+01
2.146355641406741288e+00 1.303863305499353764e+01
1.445046272313493585e+00 1.202409837808536608e+01
1.628765123253613778e+00 1.200234225709663782e+01
1.868633914419398412e+00 1.270786280117412836e+01
1.006308779146979804e+00 1.212279463514648370e+01
5.004104187971774031e-01 1.248630745136674669e+01
5.378328141651269600e-01 1.250205474514213400e+01
1.433038319624603485e+00 1.219961915952050546e+01
1.083627776113605723e+00 1.232079150896137776e+01
2.135314503822916432e+00 1.170722087885215856e+01
2.136483391497084217e+00 1.170494024433000924e+01
3.954170022668593298e-01 1.296779939635621304e+01
1.196220383320305558e+00 1.196745619812334382e+01
5.059825560041851800e-01 1.259454774322977322e+01
8.004113493211721941e-01 1.235475868173849356e+01
2.020617711059420785e+00 1.112321438014622821e+01
1.642400849465632362e+00 1.241010431719306872e+01
2.059027116107993383e+00 1.201198913358695286e+01
2.087760629286496972e+00 1.197795067297801985e+01
6.959357281463696143e-01 1.253107755038850080e+01
1.495290476172549621e+00 1.216287034331601191e+01
1.326513976501515701e+00 1.163615201504952346e+01
7.296711569722690305e-01 1.225026475758116895e+01
8.317474371346497142e-01 1.172065186009536220e+01
1.947867491161499265e+00 1.205185627188807196e+01
5.386993173177879735e-01 1.302802561181722218e+01
8.150324754265234617e-01 1.213447631043318964e+01
8.769332741893719474e-01 1.174627975654649248e+01
9.416623145143362406e-01 1.210896586907914774e+01
1.658051275538564795e+00 1.193485823638803112e+01
7.185843394010266172e-01 1.168648798371352981e+01
9.600491027883247819e-01 1.167618770740252288e+01
4.986059215716478477e-01 1.253444399542641818e+01
2.033366203749704670e+00 1.272747466948171535e+01
1.193430533997097420e+00 1.223978810997675204e+01
6.089674705740473204e-01 1.272275552800518028e+01
6.652148502948472819e-01 1.206972108086772266e+01
7.309003237197172487e-01 1.237731545508240316e+01
5.025593805807647696e-01 1.267106743823937443e+01
4.817683206422158637e-01 1.224488437099269511e+01
2.105226558965129335e+00 1.241839941900349942e+01
6.218456485852825733e-01 1.239591195259113832e+01
1.886922523198384161e+00 1.134775578655399997e+01
3.599813126577565692e-01 1.320059400215717993e+01
1.012928920269538402e+00 1.203736113966047760e+01
4.616425892939916009e-01 1.214548424333128196e+01
5.317344013237675915e-01 1.198040876981313829e+01
1.805809388724818332e+00 1.266873262988479176e+01
1.975649787196290808e+00 1.247294992877079878e+01
8.909056161930153372e-01 1.225778447240456970e+01
7.007310989391352107e-01 1.204443159456607937e+01
1.658813006767682285e+00 1.247583931336619578e+01
9.997610749148070353e-01 1.235139100388882127e+01
1.599018121970606332e+00 1.243003338601488572e+01
1.484320597257444252e+00 1.203260393966318809e+01
2.286364690970689839e+00 1.249773901409676213e+01
1.991169246641216528e+00 1.207059092919609533e+01
5.079160487194541718e-01 1.201607365137541272e+01
1.063931166469698653e+00 1.246537213449697212e+01
2.086804551818415732e+00 1.174902296845720073e+01
1.155798681710608733e+00 1.247843270705822860e+01
1.584125194541174286e+00 1.203612523340149032e+01
6.108929835652037177e-01 1.226445546617751958e+01
3.762971916397019334e-01 1.283949788602990516e+01
4.160861966009086754e-01 1.292732394840452592e+01
1.714468298931141055e+00 1.270878261037452361e+01
4.076102189193528402e-01 1.317726388953867911e+01
1.247977899132963087e+00 1.224571296268989329e+01
1.601489961154355823e+00 1.179343707811056419e+01
6.351121649020331494e-01 1.215273740423670112e+01
7.894436057900173775e-01 1.210145660144724467e+01
6.407559259110356953e-01 1.267032591233337335e+01
7.618106936665597351e-01 1.184193755470478848e+01
1.620277959626163389e+00 1.217265911318291138e+01
9.286562414663779297e-01 1.212440255977464432e+01
2.031069056109272797e+00 1.237648025272591923e+01
2.064053835904040124e+00 1.302342248234781863e+01
2.166560190552547116e+00 1.293785925500285749e+01
6.013078173789390135e-01 1.233522888989025468e+01
1.536379222917090059e+00 1.296822456485696584e+01
7.744133295817341445e-01 1.235881221319896639e+01
7.477082791878075785e-01 1.234230198768459097e+01
1.838771955714553652e+00 1.297447474934330458e+01
1.732727555288787524e+00 1.296153903213403424e+01
1.300942436305612349e+00 1.245454283499163139e+01
3.404539321719515232e-01 1.297713407936786467e+01
5.657342325917009696e-01 1.180483346884945384e+01
1.413486626943477154e+00 1.170307712723721671e+01
5.147676887346145369e-01 1.264130891913724852e+01
1.022676738475825964e+00 1.225445735872288466e+01
4.690157719269028025e-01 1.264925988974432691e+01
1.121269563735188823e+00 1.183515996084796029e+01
1.177134398769826173e+00 1.212472468040873075e+01
3.983310844056572320e-01 1.319842537750535705e+01
3.872186389467389134e-01 1.242205031026797180e+01
2.208357540327045232e+00 1.297820496523075562e+01
1.040802599179856403e+00 1.171178231812659831e+01
1.823221847511088400e+00 1.190406897213184223e+01
8.106176555136896944e-01 1.187053077963981096e+01
1.811025578403768099e+00 1.191549662908426477e+01
9.781512921937537408e-01 1.221240853084109546e+01
1.058086222975822110e+00 1.223458743993051989e+01
1.885143451349813093e+00 1.164456078050172394e+01
1.396146886602902981e+00 1.187121286293634448e+01
9.052092266145357335e-01 1.174299248980118016e+01
1.941523030277962691e+00 1.260113664073510797e+01
1.523879428027036909e+00 1.155570068017794583e+01
1.432819627918936911e+00 1.212154845817634907e+01
2.010534518630688883e+00 1.215534767909154823e+01
2.059101071325812882e+00 1.300593221689465473e+01
4.245238241734657358e-01 1.288224804882131203e+01
1.853386226616961174e+00 1.244316607231439065e+01
1.852004129991628112e+00 1.212266410827828977e+01
8.129233603959274967e-01 1.201764622783255732e+01
1.386423830345633990e+00 1.205964970183611307e+01
8.808808042664828530e-01 1.179881801929705709e+01
1.723788723028622405e+00 1.154318071629247378e+01
7.185340932567259031e-01 1.192031355266582437e+01
5.952628969530107117e-01 1.197734214109398465e+01
1.807378565622571376e+00 1.187404745943069706e+01
7.768535451725502305e-01 1.239697267150770799e+01
4.553158880256401586e-01 1.210962295630995733e+01
2.062089377825634617e+00 1.261011229770636888e+01
3.476503418875913076e-01 1.324252283322986656e+01
5.763164269254706928e-01 1.226025298836082378e+01
1.963273461091842087e+00 1.226087851789953476e+01
1.008465063537781203e+00 1.231509270382114885e+01
6.393956735762812427e-01 1.178363700093787436e+01
5.855454902774710479e-01 1.249773092720693235e+01
1.858738673023117238e+00 1.200556580346730939e+01
1.877253741635959594e+00 1.259517777591188725e+01
1.496983134989319009e+00 1.226657061608136345e+01
1.376666656160574709e+00 1.234419601105656028e+01
1.530707065096357677e+00 1.274667052725567018e+01
1.345084894478031812e+00 1.262911437711513152e+01
6.371493083113630718e-01 1.182790524490019557e+01
3.199977725935487238e-01 1.307493226468583813e+01
1.622273539059663428e+00 1.216924611559543123e+01
1.523643903973762148e+00 1.248951812815773010e+01
6.512636368269623111e-01 1.237895192951514822e+01
4.519066614368572599e-01 1.282466705012688912e+01
1.981497292921784670e+00 1.174558924896923173e+01
1.198507135199150087e+00 1.197031833289130276e+01
1.359026168581513261e+00 1.253876414372581927e+01
6.208870166537185931e-01 1.273333325652454207e+01
7.721234025176489935e-01 1.265570064942250994e+01
8.159069422456304288e-01 1.209178432659273206e+01
7.876840993599958374e-01 1.239492136289783453e+01
2.110080814536850369e+00 1.183694523882737393e+01
2.050862870350362410e+00 1.229880802168571918e+01
6.618572316516190268e-01 1.179292238330584297e+01
8.883940250208834932e-01 1.173739102642830190e+01
1.793050349525301845e+00 1.268619944760539120e+01
1.993496150452961135e+00 1.267606231523850546e+01
1.473738174929474676e+00 1.227239646105812199e+01
1.151897713333960072e+00 1.220877860353891720e+01
2.092803569698104216e+00 1.291446764965417415e+01
2.115519800278347518e+00 1.291104923994136122e+01
1.997752651387800560e+00 1.086853531759605751e+01
1.943352172689837287e+00 1.188591783794690926e+01
5.141366127137834141e-01 1.242807569104080478e+01
7.052492866266661942e-01 1.200044555453876960e+01
5.935089098677214237e-01 1.184617616153400199e+01
1.121348017406312625e+00 1.204545442665564359e+01
1.382740094167602463e+00 1.219221891404333036e+01
7.277924961008593874e-01 1.250083346855139332e+01
4.475190239938353631e-01 1.229208301437622097e+01
5.310083392717089845e-01 1.275885490329265082e+01
1.912402224247019333e+00 1.304896858935773629e+01
3.547413222508258857e-01 1.320327478082904626e+01
1.501488736551940706e+00 1.262408785633763841e+01
7.602697402349360978e-01 1.239472487161086711e+01
6.836969675296279414e-01 1.245357586309653719e+01
7.065292370457142423e-01 1.247330441176950089e+01
1.802884175465538696e+00 1.086330310254837350e+01
1.530845702257927154e+00 1.195647668010391840e+01
3.715906157907055696e-01 1.244497907299089867e+01
1.826572535614552351e+00 1.192643921963037457e+01
2.037778757116900596e+00 1.156230250876136623e+01
4.641878350982086565e-01 1.248880283123717838e+01
9.879423119908603557e-01 1.241774768256669148e+01
7.356975447391840284e-01 1.239427116151131436e+01
1.798566366112634540e+00 1.164566991185693468e+01
2.114051149683731090e+00 1.292856923744604281e+01
1.933078139877880686e+00 1.298567327468620647e+01
1.807648850269080176e+00 1.274469224912102128e+01
1.246188159528285766e+00 1.222835741893167061e+01
2.105395105878431483e+00 1.161414593716762411e+01
2.061803230051971081e+00 1.171834779334164267e+01
1.999264965659935500e+00 1.109224268554128479e+01
7.546230047012605358e-01 1.260093144724839576e+01
4.589102569712221746e-01 1.312053131431001773e+01
1.996803487056161286e+00 1.192702330880010564e+01
4.780255917182275049e-01 1.281165345123273802e+01
7.994261064472519829e-01 1.158361971184170969e+01
1.329373126511207870e+00 1.170514265894672334e+01
1.035409412048221123e+00 1.263225308157202598e+01
7.243871973030865385e-01 1.258140080706187547e+01
2.047960289637788645e+00 1.333611894760631955e+01
1.918297044318297395e+00 1.219587997386201117e+01
9.822258287268736954e-01 1.254278042966567241e+01
1.494625608704205799e+00 1.243834823733013906e+01
1.159925122087618776e+00 1.217394390856355635e+01
8.527167222695239968e-01 1.208079874308868717e+01
4.455037815381132082e-01 1.256629294546678643e+01
1.180613785206433564e+00 1.181471081747062968e+01
1.050531228635714021e+00 1.177848927647420219e+01
8.728946927412913892e-01 1.159349493532123887e+01
1.310194294044009444e+00 1.166847816612508382e+01
1.882547843800183918e+00 1.279918598232954707e+01
1.963948463935331512e+00 1.202536500396579555e+01
1.251903228501870524e+00 1.200680701847181631e+01
9.582259238012976743e-01 1.200334982102065773e+01
1.200373597489402311e+00 1.228056818839469244e+01
1.949716259488899706e+00 1.135734327116549025e+01
2.033662259508449033e+00 1.120737070460689644e+01
7.620104790541170070e-01 1.237805923807294128e+01
2.092380636796959514e+00 1.087239772414455707e+01
8.107529174317129605e-01 1.257219724054951193e+01
1.838951786529650745e+00 1.180375978613282584e+01
8.566379630955240909e-01 1.201960928146594654e+01
1.142849357318741932e+00 1.238667881661982939e+01
2.116881332767448942e+00 1.179014435368238267e+01
1.363418031818213194e+00 1.203708150266685450e+01
1.422868353695204258e+00 1.199007320040261071e+01
8.402712055474248487e-01 1.226544798489266697e+01
4.910363953758737909e-01 1.268676298822330573e+01
5.671245953021398778e-01 1.272254468129648153e+01
1.621942084869311351e+00 1.257675416055690931e+01
1.681021758247578601e+00 1.142353857889327884e+01
1.426481632938235711e+00 1.154745389152278889e+01
7.570162081493282402e-01 1.195996240377114894e+01
9.217395694375238868e-01 1.169143982681537786e+01
5.030019069801047182e-01 1.191739066107214740e+01
1.211540429974975464e+00 1.268807025363917163e+01
1.644444838743853277e+00 1.246190030369009527e+01
1.874942842512586250e+00 1.247837421108331490e+01
1.242044364931429001e+00 1.245470400539207567e+01
1.227443158875789031e+00 1.244811229520348839e+01
4.126990298021674386e-01 1.298967030113094800e+01
9.937961502488744658e-01 1.208401175598127786e+01
2.011625082308186041e+00 1.247734575746249952e+01
7.123513372926312259e-01 1.221600955559522816e+01
1.888395916627546800e+00 1.120726739239187175e+01
3.288548262606161843e-01 1.294121265985713798e+01
8.145025526193687693e-01 1.222409338818328273e+01
1.611898945016837059e+00 1.210549458551885138e+01
1.258073200318971185e+00 1.236464055377855686e+01
5.709856280548115670e-01 1.215890034432234934e+01
8.518422229262361256e-01 1.243505842075868983e+01
1.654090245721578700e+00 1.201511796633121776e+01
1.273384814301450785e+00 1.214500981463464235e+01
1.647620463987995221e+00 1.265650555321231430e+01
4.616705758839791396e-01 1.231360767589660377e+01
3.923944050933175776e-01 1.244373397516442026e+01
9.534966003682243674e-01 1.188536799097477648e+01
6.055469071913844870e-01 1.199835124298686573e+01
4.958451645909102701e-01 1.216769206958427318e+01
1.441824915810467012e+00 1.250135355860193442e+01
1.889015645154887624e+00 1.326429294477681431e+01
6.094831990389821819e-01 1.243625537761990962e+01
3.778655179894200300e-01 1.289453065665979636e+01
3.306380460216871708e-01 1.309354537963094245e+01
1.543178747194975164e+00 1.171347724001050850e+01
1.475962464293386400e+00 1.267230081079850912e+01
2.176766956308338496e+00 1.185101727973070496e+01
1.806439028013168357e+00 1.280294492797112049e+01
1.110540573299690248e+00 1.225420577538625544e+01
1.674222901879892422e+00 1.249528694482543045e+01
8.256727977888935754e-01 1.230879061686090914e+01
1.361722571761707412e+00 1.247568567280959861e+01
1.947583636613181790e+00 1.327146543961944225e+01
1.465755991465794716e+00 1.273183550105908957e+01
3.891569436448688024e-01 1.283767452024435407e+01
6.877468776586223020e-01 1.222359714694994537e+01
6.557610819318551165e-01 1.204474295551649732e+01
1.062157597629046046e+00 1.181326850138935747e+01
1.537797484556411076e+00 1.195849589874004160e+01
8.110712272104161347e-01 1.267434362212623000e+01
2.132544469310206470e+00 1.205477979382139431e+01
1.993698953402920582e+00 1.189723655047822248e+01
1.991319613286350876e+00 1.189871888012127066e+01
1.814694493988374013e+00 1.161599615521649120e+01
5.789977762951085127e-01 1.214223785189312643e+01
9.559879364657738465e-01 1.220122533019942423e+01
2.120965437927910813e+00 1.198410621658995012e+01
2.256572641095540011e+00 1.140481073585521621e+01
1.986416765409195540e+00 1.191279390011242079e+01
8.580788794941208719e-01 1.162193873698976354e+01
1.857018142770215263e+00 1.285630925373136080e+01
8.252290190582624030e-01 1.258020262546647139e+01
8.766848078830654645e-01 1.258364724764742704e+01
3.351878135910563161e-01 1.328459569206788515e+01
1.078154631498048577e+00 1.240695772188603918e+01
1.357624824550686560e+00 1.236559231127402469e+01
1.459183842400144426e+00 1.230319197798561248e+01
3.185105692498331198e-01 1.349372450628775866e+01
6.344773049459941916e-01 1.245066435921436820e+01
1.048619726734511870e+00 1.228844835574764360e+01
1.363829410639957773e+00 1.236439779401788641e+01
9.594907288372948040e-01 1.219395607902787937e+01
8.079476069386409831e-01 1.252983346403374298e+01
4.435505057183783961e-01 1.303256187514212172e+01
1.731088535130557382e+00 1.204482143231183500e+01
4.928232275843998922e-01 1.188088818173918249e+01
1.907682061655604722e+00 1.180313606053436359e+01
1.814229003068299706e+00 1.183130994124782021e+01
8.851881594811693565e-01 1.243485118720597171e+01
2.222337659267106247e+00 1.238400768766429927e+01
4.627709532016530125e-01 1.307963521659328343e+01
1.651395462273455461e+00 1.247964270757114136e+01
8.065691919471286164e-01 1.225402481124925025e+01
2.689289717621672904e-01 1.348089062327044729e+01
8.737805387417204583e-01 1.242835355683458509e+01
1.502052340639342454e+00 1.262312260387814611e+01
1.510834401462463505e+00 1.287362363428394829e+01
2.288670452929931098e+00 1.301468937196264797e+01
1.970426614197692938e+00 1.238222585711007007e+01
1.347079108811920056e+00 1.251182618401552027e+01
4.592767598603157975e-01 1.284214066844665680e+01
9.728602692817375219e-01 1.247320956835957162e+01
7.590673370727450964e-01 1.198824356640775513e+01
1.996075130121674146e+00 1.261536819999080450e+01
8.061573931228653844e-01 1.203283830985922798e+01
1.343083636802596459e+00 1.193435962802910666e+01
9.588355785186392088e-01 1.258795869142531032e+01
3.636570975548745199e-01 1.287388466266646248e+01
8.491700017060287431e-01 1.265684397657439852e+01
3.418148652386577835e-01 1.296212421982260032e+01
1.708027633106018017e+00 1.108693294413312103e+01
1.271877243454352602e+00 1.146898558107145050e+01
1.293561257204834503e+00 1.158747470803593771e+01
1.243666367946964613e+00 1.218143695963226492e+01
1.166895069290632136e+00 1.251039755640497653e+01
1.558941162062375207e+00 1.242138891568009917e+01
4.917261399121308219e-01 1.256184227960788569e+01
2.138858136432524759e+00 1.248728133367114879e+01
2.201107736380642610e+00 1.245584739314331735e+01
9.998988832396330517e-01 1.225729790905864292e+01
1.886054471148628897e+00 1.281169258782873932e+01
1.074646330953600959e+00 1.225328697417724655e+01
1.898516668123847673e+00 1.101008739843134343e+01
1.963409313025045400e+00 1.084041146648064924e+01
9.323776091091884322e-01 1.196637590147243735e+01
2.081408010632365357e+00 1.174892783029996579e+01
1.932588754491364469e+00 1.242627850872266571e+01
1.072548653401813157e+00 1.200151538682500885e+01
1.400981451554746737e+00 1.175820099852603207e+01
2.038062311856652542e+00 1.314288339483022483e+01
1.626436641824246410e+00 1.300955210338307388e+01
7.922015104251755035e-01 1.239137516273614281e+01
2.034904477321718197e+00 1.304455844735703884e+01
4.228167375060915556e-01 1.315883693109852004e+01
3.977640260055039789e-01 1.244475687404978537e+01
1.050564919909967365e+00 1.233783188545572074e+01
1.270477737145732977e+00 1.236104810471847415e+01
1.311655929584361058e+00 1.236059364262928284e+01
1.809315936928284074e+00 1.227599884878222447e+01
3.000666890604823944e-01 1.343830393868907969e+01
1.494973982196409645e+00 1.282913871590141675e+01
6.023244443432202999e-01 1.263861506051191519e+01
2.055864547967126033e+00 1.082614656752176607e+01
9.217873194266076320e-01 1.230687598274846728e+01
1.548488746124056625e+00 1.215158857248543711e+01
1.215017129782704819e+00 1.250326315837864755e+01
1.564994010890882414e+00 1.144090689058513810e+01
1.281581459534491874e+00 1.188173276591576411e+01
1.173248655545455543e+00 1.155586696574680339e+01
1.846217107782940570e+00 1.233273528200044922e+01
1.624938954929641799e+00 1.241175889433145230e+01
2.052368568288471806e+00 1.302639089355264268e+01
1.115297555875329083e+00 1.259062837692541059e+01
5.054864995812786699e-01 1.241717834514243712e+01
1.018573328444630333e+00 1.230474422301170456e+01
1.152630891577452132e+00 1.209980145698691700e+01
6.961308502086094308e-01 1.187272696423126384e+01
1.952717395122064659e+00 1.136214886253707768e+01
7.542035696771050013e-01 1.206161301428645416e+01
4.680403336517957591e-01 1.293402572298903230e+01
1.573378666439751328e+00 1.225289660237496570e+01
5.731883079437306572e-01 1.220905279685804423e+01
2.183144769817052744e+00 1.229202412430226055e+01
1.970595809123070419e+00 1.211031822543336745e+01
1.967414780887596804e+00 1.211108014228178220e+01
1.249135422833269171e+00 1.223484218752153474e+01
4.815039227259217403e-01 1.233626172533279686e+01
1.777856573121176398e+00 1.192731394137768319e+01
1.031084318346551010e+00 1.217300266858663171e+01
3.174342079371766934e-01 1.326002202594202295e+01
6.558063729588180513e-01 1.213719990817074112e+01
1.180055827001847302e+00 1.254616735950256867e+01
4.963438457664658410e-01 1.236329213077531897e+01
1.245293167288276326e+00 1.253282822963713627e+01
2.028619251121282829e+00 1.227820522560696759e+01
1.470302440550835144e+00 1.283686736131737938e+01
1.902555823264408641e+00 1.275272832793810807e+01
1.660901567783609645e+00 1.303123519330875801e+01
8.006981144053781918e-01 1.201268343841260489e+01
2.284393435561395069e+00 1.258488135598977564e+01
1.567387596921463455e+00 1.256221652866025273e+01
5.627524279609288360e-01 1.260340898007393839e+01
8.039801745468404537e-01 1.202471721232052815e+01
1.214204112538329827e+00 1.231345477083969442e+01
1.968478567864567319e+00 1.223917536956972896e+01
1.088410678783861441e+00 1.219895013365947456e+01
2.830490844122722782e-01 1.343541722957775875e+01
1.698264419536074765e+00 1.228767899037132771e+01
4.013531477283212578e-01 1.238140970804780494e+01
6.779081929939914097e-01 1.204513285976660164e+01
1.750813995680700508e+00 1.245711150382628851e+01
8.430594257371761824e-01 1.214330411572830748e+01
1.701228304986851736e+00 1.152384250610175975e+01
1.671624150861517055e+00 1.145472148442199511e+01
1.057370176460091571e+00 1.210137514095139544e+01
1.112678339913022674e+00 1.192888340695279936e+01
4.976678624544838558e-01 1.294802345898910900e+01
1.756386436548299068e+00 1.261261170179774282e+01
3.725503378674226429e-01 1.316716146765463513e+01
1.154421528436365918e+00 1.220241205360160208e+01
1.370788970586341637e+00 1.230061926682791018e+01
8.442276767467714604e-01 1.241142357310164179e+01
6.193993799085973917e-01 1.256161255355062956e+01
1.508116862805644276e+00 1.212217577426473802e+01
5.423851797889557291e-01 1.198801383416540745e+01
8.235455635153756671e-01 1.176663267439857208e+01
1.329410292817284178e+00 1.162233941778943702e+01
7.181251874042478001e-01 1.213587622585836279e+01
1.854172733411613372e+00 1.181047266181342259e+01
1.880151272436034082e+00 1.178104392428085667e+01
1.947016807133727045e+00 1.156171564082311676e+01
1.387450184794008612e+00 1.238022237762576161e+01
1.301963893201874889e+00 1.268820241490151979e+01
7.058697724352508418e-01 1.276653984579438372e+01
1.869209687315319446e+00 1.196907242389584347e+01
1.769069332987657894e+00 1.163320146566220714e+01
1.783046335013489525e+00 1.230842701389690852e+01
1.571844534456948272e+00 1.225624779873373171e+01
8.490630811444851433e-01 1.218073191177684578e+01
5.844653491030340486e-01 1.223207116840911368e+01
9.590199113393911290e-01 1.257567468138813993e+01
1.118489898633213242e+00 1.200467546025947030e+01
1.865082869235445751e+00 1.130815498370738226e+01
1.714518511202585582e+00 1.226137040326479344e+01
1.438361234856388782e+00 1.216669040417786896e+01
1.399621507499662965e+00 1.179536092374637057e+01
7.802600362227800623e-01 1.186677388987291337e+01
2.622502486548400347e-01 1.390919042158746244e+01
3.504156382308527551e-01 1.296789973681951125e+01
1.476010882759618115e+00 1.247137234338298661e+01
7.960757231263790867e-01 1.247272196949280598e+01
1.911894134701284331e+00 1.067349039933789001e+01
6.723660288628234838e-01 1.216690480635874927e+01
1.039278635184605060e+00 1.239524582568569855e+01
8.387978537129698875e-01 1.175995455541865908e+01
1.337353104633674628e+00 1.223935116483251306e+01
8.027789945845253960e-01 1.262231104357372580e+01
2.068461727097657743e+00 1.148263815436894042e+01
1.343427879196628316e+00 1.169609670946976188e+01
1.565564966750576659e+00 1.192192689231783831e+01
1.637206080436615974e+00 1.216888759871097747e+01
1.935581226700516577e+00 1.232863364137594608e+01
9.539687582890213902e-01 1.236595393457462499e+01
1.895949943699055673e+00 1.232144674354517200e+01
4.586319755454593694e-01 1.265889046845429888e+01
1.901356843367052685e+00 1.216572069297991376e+01
2.000538462663174144e+00 1.213165377933137989e+01
7.342487373814777785e-01 1.236506182134401577e+01
8.041484698975440715e-01 1.246043752274386129e+01
1.655467226526736502e+00 1.215405239474922361e+01
2.086964210315926493e+00 1.181562628326651598e+01
7.242531411023387378e-01 1.181002738567604737e+01
2.039918817999403000e+00 1.143350413081521211e+01
3.943144482990528776e-01 1.317176274814164749e+01
1.209236338453273829e+00 1.233260200417642061e+01
2.167865911211693142e+00 1.225521120621800009e+01
1.615481225176674585e+00 1.295580092159442565e+01
5.811509334702135154e-01 1.247281062837095256e+01
5.161790228916910417e-01 1.243915877267116699e+01
4.537430002341227842e-01 1.263633458325882941e+01
6.611925465827979131e-01 1.233839799999022446e+01
7.580224506513810745e-01 1.200609777253942312e+01
1.424748428854321514e+00 1.141886194687863565e+01
4.670513487431222077e-01 1.239754775293412870e+01
1.148047726721930895e+00 1.170331276831884004e+01
8.927675343056609147e-01 1.213797515389795656e+01
2.001713601756664573e+00 1.284632699247603149e+01
8.125557785048923565e-01 1.229430062628852660e+01
2.025093344835400266e+00 1.243930462085217847e+01
1.064391405787011857e+00 1.234495790929829084e+01
4.447746061861623801e-01 1.239005675201318013e+01
1.663290203489473651e+00 1.206455696918362541e+01
4.388728689336020006e-01 1.221686909320525416e+01
4.803143976696019890e-01 1.263060338205425559e+01
4.156342243483471255e-01 1.290995579520341252e+01
1.987025378579460044e+00 1.276152523729373556e+01
1.817706283835854864e+00 1.310139288494149490e+01
1.913848489012629717e+00 1.229338585411922580e+01
2.173783216650884142e+00 1.162870551562331656e+01
2.096833053102687749e+00 1.167269746943815356e+01
1.422535140704256795e+00 1.222796860935869567e+01
1.772149947086100408e+00 1.221281406356303556e+01
1.963545686254480449e+00 1.262464466947417741e+01
1.273182697555984566e+00 1.248748858232100112e+01
1.677013786161142717e+00 1.196886217817369591e+01
1.563430652484107730e+00 1.197751447025124705e+01
1.866408948750292618e+00 1.216002462236969883e+01
1.652387226302492795e+00 1.220138784098316975e+01
9.029181515710298367e-01 1.232134719870612294e+01
1.295893033857110188e+00 1.241597909748100648e+01
1.926889878220669816e+00 1.194640016660265402e+01
1.503317899102600164e+00 1.196103660991222561e+01
1.130174233836926057e+00 1.221060246102703317e+01
2.110828750030276701e+00 1.267977524470129502e+01
1.225449383608204990e+00 1.246946336590781534e+01
6.504448632034514066e-01 1.248493149588250084e+01
2.072282564265385929e+00 1.249048145550753297e+01
1.754669056548844530e+00 1.243872061762437475e+01
3.770986096292440193e-01 1.324724458868854171e+01
3.698408742172419328e-01 1.292849599748012679e+01
8.576326702733381158e-01 1.210861413137542009e+01
4.078534484923438952e-01 1.263948465764975637e+01
1.084977342700191638e+00 1.233140307396602786e+01
1.069251722809820837e+00 1.174456007602226393e+01
1.486133843504785057e+00 1.257412281125642295e+01
5.223548118570069398e-01 1.246876759868148099e+01
1.472339294851213509e+00 1.245288977658193375e+01
1.454128657593565688e+00 1.140541021991017523e+01
8.213507221113566237e-01 1.244490814669727641e+01
1.710680781369313452e+00 1.256664408402336441e+01
8.958449257633149809e-01 1.240612680714387750e+01
1.841569619015122283e+00 1.193567170256399024e+01
1.269939719688787605e+00 1.232764724043047266e+01
4.676217827215827239e-01 1.246943059185286451e+01
1.997269013499134216e+00 1.206151295685232938e+01
5.619400299771910579e-01 1.173961342549925213e+01
7.659167501680589352e-01 1.274487352936523976e+01
1.961187682385207021e+00 1.269092278297893195e+01
4.006686770278635179e-01 1.278031531049823144e+01
5.031037267068210195e-01 1.213211146347039460e+01
1.633850446395577638e+00 1.218348744534792161e+01
1.165868307778926916e+00 1.261294204091989180e+01
4.099986843721691865e-01 1.310758704860478474e+01
1.215950085231139122e+00 1.273303869900936292e+01
2.250226331432980231e+00 1.232958930119646901e+01
5.376646067687448349e-01 1.228763000813150263e+01
1.609024117506396623e+00 1.235850407942852236e+01
1.546534446732106272e+00 1.233600614649753346e+01
1.180023326595024624e+00 1.223275748398938667e+01
4.618771500062290869e-01 1.236376349621212967e+01
6.791504342338363642e-01 1.248182271903437979e+01
1.278367381077887499e+00 1.236771101097986758e+01
1.130762253892457769e+00 1.237394331339466547e+01
8.172552382522778602e-01 1.236441702023804190e+01
1.067884243259846544e+00 1.242050102234127174e+01
6.704622284163107571e-01 1.220086104937738192e+01
1.136999307633242529e+00 1.224668929268178275e+01
1.604924101478975684e+00 1.255339412906551821e+01
2.061441759269615037e+00 1.209743380794477652e+01
6.686588895519534059e-01 1.168099169188806741e+01
6.595176005233583938e-01 1.168600153404529607e+01
7.043165624397358382e-01 1.260934050490562086e+01
1.972339585958785779e+00 1.303369919491666629e+01
4.533572592816962898e-01 1.298855425191829838e+01
7.878705204210204593e-01 1.173342483507960310e+01
9.006223659453584940e-01 1.209036700018059030e+01
5.380586955714308228e-01 1.289724705444524488e+01
1.768532814880130033e+00 1.212009704068846005e+01
9.928654602540497587e-01 1.190766918138072405e+01
8.424562421175200155e-01 1.260511203889534748e+01
6.338551490550888845e-01 1.224682227541989654e+01
7.581220747677367422e-01 1.212719807314863907e+01
6.857445254072005447e-01 1.162876905657358151e+01
3.376710657690924489e-01 1.328030909851169383e+01
2.222197805192989151e+00 1.175666670891615340e+01
1.441425018145434001e+00 1.300103947093787760e+01
1.833671802957064001e+00 1.319114953238839583e+01
9.627677497996239842e-01 1.228354124114073542e+01
7.801098239262145295e-01 1.276457593247325839e+01
1.275407391948479852e+00 1.215430372680838644e+01
5.078800605513541511e-01 1.252774587292820385e+01
1.112204974451004524e+00 1.270091587542594880e+01
1.270741850444575549e+00 1.195496387580659459e+01
1.156932933111492146e+00 1.249065155011965622e+01
1.783466888843988407e+00 1.188792109829086741e+01
1.516628741112368228e+00 1.255500479399184144e+01
2.090853338418154461e+00 1.253678782261905944e+01
1.906478805793972109e+00 1.295507147853806451e+01
1.408464708367934470e+00 1.279549479788970601e+01
6.487262933145754307e-01 1.197757396188479539e+01
1.530548127785877233e+00 1.192277664172926244e+01
1.633855554898168583e+00 1.299725101093452473e+01
1.993571643645529523e+00 1.313236448150077429e+01
1.322059696122913186e+00 1.174634798907100652e+01
4.446379134296901681e-01 1.261308605597289301e+01
1.269197654188567670e+00 1.231283709679913940e+01
1.659675245304237157e+00 1.263356472392459473e+01
2.115937802384666000e+00 1.274995142802012182e+01
3.437208811936030006e-01 1.319242272089498869e+01
1.906252147673267894e+00 1.240183252836392747e+01
4.192551749041278364e-01 1.288052365446525904e+01
1.432128203936361865e+00 1.254400832577955960e+01
4.544861662497443056e-01 1.286878281557047288e+01
8.888749818485635057e-01 1.270652016843582999e+01
1.926757383130176526e+00 1.300269660115444559e+01
1.144757058088848867e+00 1.283125014195363889e+01
4.727959226362534184e-01 1.307952620219203865e+01
3.449306937823528041e-01 1.329564333193337333e+01
3.530799927137360794e-01 1.321642783728774084e+01
1.985584884212443058e+00 1.165745861261061123e+01
9.135768383877297394e-01 1.228328240901563007e+01
1.710482459331002181e+00 1.262293476741508513e+01
2.282553906339233496e+00 1.239135344269976002e+01
1.604365645830239107e+00 1.272780103097364801e+01
8.865610183777410391e-01 1.213227662631932446e+01
1.321780652468118378e+00 1.189374055225101223e+01
1.953613414775267287e+00 1.164261104468701369e+01
5.726757065070011699e-01 1.250297917156369465e+01
5.785563287323326476e-01 1.235362758585791809e+01
1.014164208303869774e+00 1.229024522118670859e+01
3.868894566838896876e-01 1.302203209407425888e+01
7.183829922213793573e-01 1.178169284872424605e+01
9.767401648625881894e-01 1.179473155809253448e+01
6.630725026644906928e-01 1.232323382096812381e+01
7.479448375882047362e-01 1.186315380798184727e+01
1.485895352375944167e+00 1.281978360994721555e+01
2.078378135411925065e+00 1.145887753238620022e+01
1.155961518177250458e+00 1.172423491481705859e+01
1.833564126794754445e+00 1.192212459648419021e+01
1.571676495143876418e+00 1.126433501729656506e+01
2.018607500222586726e+00 1.164337473613309015e+01
1.981815121796888013e+00 1.298305411732097348e+01
9.594457402881567676e-01 1.257756699198412953e+01
1.012024161848581683e+00 1.259402857687075361e+01
1.790575995247586150e+00 1.254781612291097659e+01
1.283976406321335029e+00 1.249002938940651930e+01
1.865303647515347274e+00 1.239894974168222852e+01
1.804313317364300229e+00 1.245732065116819243e+01
1.808041310973629967e+00 1.217704788305997354e+01
1.812048675183050239e+00 1.284962447623460768e+01
6.067698995166957987e-01 1.260487584363282387e+01
2.002459337600711375e+00 1.147825889707323910e+01
3.528200768955352951e-01 1.312865414549697896e+01
2.183146714688858125e+00 1.131134633278557367e+01
1.257249515006267915e+00 1.210331872379069829e+01
8.552447062209342921e-01 1.238828508040976217e+01
5.588268779651086593e-01 1.199889359815197309e+01
1.953223577801561861e+00 1.305585160222255325e+01
6.985352631110571808e-01 1.248371896864027519e+01
1.173334542276747605e+00 1.226728895062669622e+01
1.492011647414351661e+00 1.232027578241446975e+01
1.020081873068644951e+00 1.217708149374892557e+01
1.824670262361851591e+00 1.249444558123519933e+01
1.392396138417747231e+00 1.247350297218924631e+01
3.372231394926146764e-01 1.266703572936421018e+01
6.750041806065614214e-01 1.236848624395025631e+01
1.743796977506532953e+00 1.280268514527802992e+01
1.952049918613170121e+00 1.283737979974734600e+01
6.812114190953434401e-01 1.227933606856514892e+01
6.501713040708367863e-01 1.227284353701825026e+01
1.194609699582245943e+00 1.178347476211683365e+01
1.625417408904957339e+00 1.225197486626456644e+01
4.392068362085640443e-01 1.279871083265665277e+01
7.684373090083314040e-01 1.195171005367626016e+01
1.942654708263409358e+00 1.293973368449369943e+01
3.060363685892021346e-01 1.386793326826003359e+01
2.172777318078103370e+00 1.208319829748269569e+01
1.067804149663118984e+00 1.226218163847741494e+01
1.317253270081216732e+00 1.214581621717285387e+01
1.290998368843353061e+00 1.264178115745957243e+01
1.284104405716671282e+00 1.283053027566607263e+01
6.317168044912998548e-01 1.221848644715555920e+01
1.050577429095843396e+00 1.193372767025685199e+01
1.384987964911483793e+00 1.283007949679575077e+01
1.994135269896972540e+00 1.273867937159088370e+01
1.422562975555347498e+00 1.262582960291117118e+01
7.335078992797240405e-01 1.212729135393069591e+01
4.181572269865579949e-01 1.264678966524985348e+01
3.783751697444837081e-01 1.247259316359626879e+01
6.803534962823799548e-01 1.215642779136567064e+01
1.412869397448347275e+00 1.244533160892951784e+01
1.350524197782821290e+00 1.229276012038446986e+01
1.781775148031399025e+00 1.175828680894817957e+01
9.633070264188328125e-01 1.219821942160949746e+01
5.631828289902965912e-01 1.204109891347793848e+01
6.087869287481838532e-01 1.244375621481121463e+01
5.345758701719161010e-01 1.248232228366654617e+01
1.740807286700957413e+00 1.239236000898303480e+01
4.541497066903770197e-01 1.258992993810663918e+01
8.919009768389679627e-01 1.209805458541806722e+01
4.196076030654447564e-01 1.266559114340320491e+01
9.919510577878095647e-01 1.191530487912609537e+01
8.515872114917099056e-01 1.237409423254872642e+01
6.823533612863125208e-01 1.234912814888116017e+01
4.827043601176134735e-01 1.206427634567100782e+01
1.341650005658757694e+00 1.204137707976267180e+01
1.799030704966176231e+00 1.176246025284167551e+01
1.251281374530078150e+00 1.223953050080321425e+01
1.879918191350679946e+00 1.119030458192989741e+01
1.076549026087125327e+00 1.171578060410450384e+01
1.357336592325291136e+00 1.264294732997758075e+01
1.726560381758301066e+00 1.289292977744323387e+01
1.880042549920796002e+00 1.297029671096793457e+01
1.436546632838082038e+00 1.203003598290746723e+01
6.160787222612602587e-01 1.220492000735118054e+01
1.452607781519967389e+00 1.211414416283369455e+01
6.965847972301921764e-01 1.241485102248869765e+01
6.334377230728620578e-01 1.181218579997809393e+01
4.844996688278408459e-01 1.192101164633036170e+01
1.489967976469840805e+00 1.182659001578824665e+01
1.315875452540694601e+00 1.277047723880975205e+01
6.854244177362379675e-01 1.260569827107289420e+01
7.056260249438812693e-01 1.216568687274753735e+01
2.211798015044224464e+00 1.252577403962722258e+01
1.614730077308919043e+00 1.255607792487550967e+01
1.222093863591380059e+00 1.202251264387113672e+01
5.116558470080581067e-01 1.203222818428908525e+01
4.922594508291130433e-01 1.229893118266405772e+01
5.172417599922725095e-01 1.223847885368053134e+01
1.021938000388629364e+00 1.219107480226819185e+01
1.860541297710528674e+00 1.202178749094740517e+01
6.450215691972908116e-01 1.244786509973143751e+01
9.069838726685472974e-01 1.133713319381179474e+01
9.162733322853956475e-01 1.210682713995345594e+01
4.810661730675681591e-01 1.293634489684859545e+01
4.708785702809447637e-01 1.241255793889339287e+01
8.595408464165058549e-01 1.189705548531529189e+01
6.194122562948450872e-01 1.242015865861102775e+01
8.579801320018355382e-01 1.189786580622990897e+01
3.733069602893449024e-01 1.287243082703573371e+01
1.415485090238511434e+00 1.223132342940082928e+01
1.819258710459682904e+00 1.241082747613255854e+01
1.207442927492739626e+00 1.237615263531606402e+01
2.056249863353271756e+00 1.272389331604227003e+01
1.735560870314253101e+00 1.276448797145112479e+01
5.977392072893418229e-01 1.242150510038968569e+01
3.880743634429281719e-01 1.309202350060467879e+01
7.037713036055441851e-01 1.205306048141996556e+01
6.866058333070172992e-01 1.206348508729747948e+01
5.315569356253997402e-01 1.270436459162615073e+01
4.009483777739890065e-01 1.267345250310079585e+01
6.675214412393277730e-01 1.202597009129042682e+01
2.139526058025193134e+00 1.265755423461914830e+01
3.499159765171733216e-01 1.265408405819601079e+01
1.161882115870907617e+00 1.164234516475587888e+01
2.085908562086202789e+00 1.185820078741896033e+01
1.933124941400822916e+00 1.222988443717009766e+01
2.114963446298173899e+00 1.198989841027418812e+01
6.307926702615189729e-01 1.216279195127742341e+01
1.609457378704894914e+00 1.234424360620046457e+01
1.690067599798864117e+00 1.266709275809983559e+01
1.539333865100482202e+00 1.263004227053127337e+01
5.821988598789122893e-01 1.260152213824210499e+01
1.001094782069352096e+00 1.197346079026526056e+01
1.883503392102702234e+00 1.183571442853164690e+01
1.650843728372139108e+00 1.202448071808980856e+01
1.148502604292981788e+00 1.213165826262158831e+01
8.045422326716386019e-01 1.233238410424054443e+01
1.156068169628235998e+00 1.239598257484965238e+01
1.812250363212892568e+00 1.121165805965098983e+01
4.626449510146252164e-01 1.207023847371263514e+01
5.741430952380180974e-01 1.216121657861538630e+01
1.844396871816946115e+00 1.196555878334010892e+01
1.866199778376278484e+00 1.241896807932195479e+01
1.727631696595570920e+00 1.286582642854637193e+01
2.136846686041602883e+00 1.207648561424426958e+01
7.250716093835579690e-01 1.274376652954987499e+01
6.579452108983470104e-01 1.212158428386488040e+01
1.040891393227850070e+00 1.221806623059922892e+01
3.373711891896307158e-01 1.285060695081598858e+01
5.115250936486351874e-01 1.180055396448716465e+01
5.194304062907704189e-01 1.269161418064485147e+01
1.410554345470127702e+00 1.195505742964846974e+01
3.772261547889405042e-01 1.309755877759824116e+01
1.805773210020867214e+00 1.223598389908613449e+01
1.126953608648991079e+00 1.206110917717897557e+01
1.056161806103613321e+00 1.204526041901662659e+01
3.798710984902066157e-01 1.299681515790473263e+01
2.080402972103561510e+00 1.192424085792354482e+01
2.084588089893367080e+00 1.191792059551595884e+01
1.538452278317292254e+00 1.235752384431161666e+01
1.338429458548852979e+00 1.232369584766765058e+01
2.111360558704835189e+00 1.111964111636420860e+01
1.990171510020191104e+00 1.081587462485020268e+01
1.447871547552250560e+00 1.227730374499403787e+01
7.864831610349120039e-01 1.215559008305081790e+01
1.997121301962969886e+00 1.094215305127807625e+01
1.598376112077953159e+00 1.237379329655070315e+01
1.071605472454108865e+00 1.209537781008663870e+01
5.281078575571771516e-01 1.179610035974316595e+01
1.329054512405284827e+00 1.184884865332301196e+01
1.935480534967996435e+00 1.058530508150774274e+01
2.012399366964822800e+00 1.169184792281502006e+01
5.744992519352281057e-01 1.261254304617923694e+01
7.360576570606904845e-01 1.246245416695631825e+01
1.957215052534046595e+00 1.082230866805809733e+01
1.357044477298065210e+00 1.152141892492507758e+01
1.669123018540089598e+00 1.204625869822895901e+01
6.285150471242043624e-01 1.265091568628897001e+01
5.444017594846272123e-01 1.277711551140989421e+01
7.484634638527730699e-01 1.226915211374202208e+01
4.457477824315378978e-01 1.244529142136560118e+01
1.496740029458093924e+00 1.220193631921222277e+01
7.817803731459302963e-01 1.186058757265983132e+01
1.390179943133710294e+00 1.231344000561105112e+01
7.860834588934655365e-01 1.207613043054592517e+01
3.416144135754334843e-01 1.332465163658240748e+01
8.399555651440682169e-01 1.183867953685676255e+01
3.622370742735596671e-01 1.268361546945014950e+01
1.354309317577183425e+00 1.203246226905328164e+01
1.491998412906676563e+00 1.233855785173311048e+01
6.489705393127719324e-01 1.240153788930720857e+01
6.566046063257018339e-01 1.221950279910722692e+01
1.222143272351758236e+00 1.230861706649892184e+01
1.401279372815591007e+00 1.252800878715671651e+01
1.056112469176526458e+00 1.192499970757590688e+01
1.635901044729215714e+00 1.287613176801100856e+01
6.317825127891065762e-01 1.273215673108362367e+01
5.598643365379764036e-01 1.246681404331298282e+01
1.004467608607811924e+00 1.174631796912598425e+01
1.412485896133669483e+00 1.189877947961433513e+01
2.120547727770108359e+00 1.303756980786651631e+01
1.114862523018980589e+00 1.270467739605777346e+01
4.816851338401811899e-01 1.227697850795417622e+01
1.829520277992898736e+00 1.245283322778288770e+01
1.324088278125521878e+00 1.237656611671139295e+01
5.828373583588858375e-01 1.201162658187441501e+01
1.785749656567103605e+00 1.286545305259173588e+01
2.122136381876931654e+00 1.237240806757785805e+01
3.130166185623546871e-01 1.337003613806883173e+01
2.029552519544070233e+00 1.299840753184959219e+01
2.129908587988689650e+00 1.288303838832898229e+01
2.135541029838193161e+00 1.261321732492541159e+01
1.685502199232158826e+00 1.269703209453564341e+01
1.976949228002854886e+00 1.269154947384076593e+01
1.678707721198884562e+00 1.246726510985380720e+01
4.946482026439594226e-01 1.253004820161945965e+01
1.176005082124816692e+00 1.187261873253959443e+01
4.377661297273905960e-01 1.247219872724749123e+01
4.778303287422325796e-01 1.293225150379225852e+01
1.777603632377673604e+00 1.196056939854340584e+01
8.332701839920232390e-01 1.245782840254699408e+01
1.412246431724142548e+00 1.257211241986991901e+01
4.888682949452861637e-01 1.252617038797909110e+01
2.946844697054462614e-01 1.345583602025604364e+01
4.859659062885869352e-01 1.202070303113199934e+01
8.443944935784782890e-01 1.166603507629062442e+01
1.177370799229106924e+00 1.220619927756555612e+01
6.916972658153142106e-01 1.230588008524290977e+01
3.660749479513758509e-01 1.280884703134701752e+01
1.942440248069885467e+00 1.117268133234345839e+01
1.476866341782623326e+00 1.113142754529243561e+01
3.932902507101345146e-01 1.294686311098596931e+01
1.896160222522591088e+00 1.295877876432252407e+01
1.153249124051727748e+00 1.240670763308860991e+01
1.475588055300404600e+00 1.248588241238896046e+01
4.960893751819028252e-01 1.293855561941771448e+01
1.381729211410482661e+00 1.218923117179746995e+01
2.059911661313551967e+00 1.226452298714303168e+01
6.347177910033360293e-01 1.166594170970927635e+01
3.619434785114431508e-01 1.240646881414065206e+01
1.446177076066873735e+00 1.229101093792794686e+01
1.744670120528450274e+00 1.225841525907692464e+01
1.912298716810965526e+00 1.198436753645909292e+01
1.614401808699648333e+00 1.190449668772633451e+01
3.437173843177536714e-01 1.335231901908262131e+01
6.548234996446056222e-01 1.255904732206534824e+01
1.493751600605294882e+00 1.246933255110242378e+01
2.111133439633874342e+00 1.153140885385231407e+01
1.401829275050102908e+00 1.204139658398601398e+01
1.903443136278196501e+00 1.152919392452390390e+01
8.356385789217249949e-01 1.244034228958701860e+01
2.748234728134308358e-01 1.385987035306923154e+01
1.589629337331624370e+00 1.178822756456379395e+01
1.273224467781659541e+00 1.236794027897377291e+01
1.377681319002431959e+00 1.241845575430386894e+01
1.792998222247974338e+00 1.129800818754439717e+01
4.837918857224150493e-01 1.249940075457515221e+01
4.808542085687333434e-01 1.295918161754984865e+01
5.887158959603460140e-01 1.271594653246964413e+01
1.996469618741801400e+00 1.146183577314201330e+01
5.992536390884455333e-01 1.243118684652818295e+01
1.522957661212063663e+00 1.183431722482453274e+01
1.995236390648812641e+00 1.140459089348313881e+01
4.570265395287558263e-01 1.265990318566289119e+01
1.575818276316825806e+00 1.249273604234290325e+01
1.998774839185937680e+00 1.241869026229424655e+01
7.426196139269307661e-01 1.255980959676676889e+01
6.008375047507925615e-01 1.270734293476381538e+01
1.887916865842051539e+00 1.292881543633840025e+01
1.128341291579084249e+00 1.247889571274302156e+01
3.979217338590952946e-01 1.306845045224176971e+01
1.449537424948227349e+00 1.272440950978367802e+01
1.315827581068588215e+00 1.186546302896854677e+01
9.685454547207417164e-01 1.232256771160390407e+01
2.061595730723685183e+00 1.096740236645475441e+01
9.173309374742522060e-01 1.226206729582266952e+01
1.404634125308024339e+00 1.274736743447232534e+01
1.742126974196804179e+00 1.234816569231940520e+01
1.333570404663551257e+00 1.194628492208568460e+01
8.844707805823058822e-01 1.234793280679899219e+01
2.119654161093149192e+00 1.223058250223268750e+01
1.512404384253016820e+00 1.256467958732317136e+01
4.429325154310773671e-01 1.305509490936703543e+01
1.227840606237027732e+00 1.239768852610185057e+01
1.874917627178655399e+00 1.218848897755765570e+01
1.963494365489551807e+00 1.246415866920568583e+01
9.576720313135507201e-01 1.228067936986275654e+01
5.410751672048665917e-01 1.218614427711902337e+01
1.966062320884900183e+00 1.193778885694713843e+01
1.487458154819867318e+00 1.117497747216937398e+01
1.324971045279748294e+00 1.128737364102289042e+01
2.171942825213628581e+00 1.231473360099534808e+01
3.821150975795007954e-01 1.313225662560021334e+01
2.067154200176506862e+00 1.224939882155874038e+01
6.929740641869223117e-01 1.263682231379344678e+01
8.255830830683864585e-01 1.206059684397393283e+01
4.230596528229769171e-01 1.313523234848458365e+01
4.086919798747232213e-01 1.301133219574516886e+01
8.465038199818127884e-01 1.223742685703849453e+01
1.874887826482046327e+00 1.283567795421083169e+01
9.565737585818452349e-01 1.256602687780378602e+01
4.643778492537550817e-01 1.310647861370498113e+01
1.791150248255430899e+00 1.221814178516965654e+01
1.118215119601786878e+00 1.173944101747141389e+01
1.059402327184860715e+00 1.256751001578599869e+01
1.274444480412064484e+00 1.205259397330667781e+01
1.591197301745012282e+00 1.211901752837439794e+01
6.778834902471020385e-01 1.235161849970983283e+01
1.129275231724420347e+00 1.200007202372617598e+01
4.968686992558984383e-01 1.267448411694544852e+01
5.273766485389532743e-01 1.284373421843285179e+01
1.264670728736589256e+00 1.210656989726865440e+01
3.549794308963256095e-01 1.256358161557242248e+01
5.903705274769692757e-01 1.238152372544339208e+01
6.755337309302099635e-01 1.218465284525250070e+01
1.224089041163477720e+00 1.188531761797935715e+01
1.934988046063057743e+00 1.248938658889684739e+01
1.544186185395711952e+00 1.253846086410208649e+01
8.340387877047651388e-01 1.197915697985192374e+01
8.957793686432612423e-01 1.213860574680869497e+01
1.920315700761870081e+00 1.247758128610304240e+01
6.080968509118654941e-01 1.209091389569481656e+01
1.554480118178105830e+00 1.190475003428861100e+01
1.876697593512890228e+00 1.116141920320338343e+01
9.456152298326824246e-01 1.219287928811542443e+01
2.118251557205912405e+00 1.122901639404304497e+01
1.431571537465733179e+00 1.247404900833284103e+01
1.425996678564359854e+00 1.241860635170552030e+01
1.218069023474991575e+00 1.231568777604159592e+01
1.486551032208961232e+00 1.182644625946593742e+01
4.073192861496290895e-01 1.275172294145892771e+01
5.297660935727767084e-01 1.212519470525211851e+01
3.876221619772887150e-01 1.303149236016921009e+01
3.702598577042626737e-01 1.312027092210216139e+01
8.871035547575605307e-01 1.231317896870372053e+01
1.950546374275655914e+00 1.098477776085590918e+01
6.485729080389388557e-01 1.188550213699980240e+01
5.748539573597791774e-01 1.211040313685443515e+01
1.751340000221178084e+00 1.213152082710146118e+01
1.994308845469717983e+00 1.164552688342946851e+01
1.632701724526607112e+00 1.247186705067857915e+01
5.408330178887837958e-01 1.247904063068012981e+01
3.756412684774660948e-01 1.315393735427828581e+01
4.179278166338287748e-01 1.254122517595900987e+01
1.830199068589398959e+00 1.232763384579056343e+01
4.525237514990687049e-01 1.286899768512759401e+01
1.048961351608067361e+00 1.214644539566054426e+01
1.664654451238827937e+00 1.188642308827296645e+01
1.354680292901202954e+00 1.192520372573817156e+01
1.672202433754013562e+00 1.295090055694224063e+01
1.781450578505894500e+00 1.232616120615208821e+01
1.263205647827847944e+00 1.221067468584298688e+01
1.729709158153279969e+00 1.167444301376455407e+01
6.288420625463406743e-01 1.182848795409087295e+01
7.752166175136397941e-01 1.225317396310189011e+01
1.978940510451537849e+00 1.199749967592866540e+01
5.601974662831725738e-01 1.264180253083328687e+01
1.220866217749822402e+00 1.241092811896164605e+01
5.547952512286320470e-01 1.206348265223714122e+01
6.337391265176184341e-01 1.202991127532711069e+01
2.931931081935141292e-01 1.329128971283358496e+01
1.410925525543178516e+00 1.198099495609310239e+01
1.864808422699417934e+00 1.189055585930958081e+01
1.846286640310782268e+00 1.189995092091800721e+01
1.362566158239129743e+00 1.263525674873856630e+01
1.552479558470708954e+00 1.269204730548720050e+01
8.990363866240930202e-01 1.253293514300539080e+01
2.181083590003805472e+00 1.177814085245107023e+01
9.660461500044383865e-01 1.246866991154565163e+01
1.591186428280811915e+00 1.285451478276564785e+01
1.501549411533530165e+00 1.288910205901840733e+01
4.932897594595237467e-01 1.287432988660540190e+01
4.548429592309311542e-01 1.231218470448989599e+01
1.135651229308607846e+00 1.209032764142316374e+01
2.095075411417483213e+00 1.277736178930838840e+01
1.865766973843562937e+00 1.190301525911557867e+01
7.672505204470125850e-01 1.180038396724857819e+01
1.653034556751577622e+00 1.158169360356321498e+01
1.436423728641512687e+00 1.170480164033387638e+01
3.335895103767894110e-01 1.325118574937354232e+01
1.143674951879629864e+00 1.194520588487394619e+01
1.138305556406558949e+00 1.228730597357424514e+01
3.441287447874869510e-01 1.314031870354238940e+01
1.967434843078020634e+00 1.236046986831481576e+01
1.258740441608410032e+00 1.251755617336076298e+01
7.429429999053047684e-01 1.244644319403032995e+01
1.081448743636155951e+00 1.254914172802926586e+01
1.888077893335018187e+00 1.280207926672193430e+01
6.050126179040533625e-01 1.203971515562591321e+01
2.022404188436575989e+00 1.205740144187963381e+01
6.915755182727655326e-01 1.193655003706494178e+01
1.551665286962897294e+00 1.160043556774564699e+01
1.951521697576130698e+00 1.162886965526738514e+01
8.381251778455501844e-01 1.196102010392188753e+01
1.472001307846610318e+00 1.185626701842541841e+01
1.971645788946735145e+00 1.157577130513911534e+01
1.838052502968628765e+00 1.280272858620334020e+01
4.560869447869998483e-01 1.254875914529419667e+01
2.068257189263894347e+00 1.156541052820555926e+01
7.929114384006282767e-01 1.218312951945121547e+01
1.500058721341008372e+00 1.182383200029262049e+01
1.493625217509248815e+00 1.283238158568198095e+01
1.806033502497352394e+00 1.235216607737477013e+01
1.148017719384265556e+00 1.229269143993526647e+01
1.725820680138642427e+00 1.182646543970541053e+01
1.468268300130863846e+00 1.201995535758200795e+01
9.084186552069866138e-01 1.201126276444328056e+01
7.781762078034598629e-01 1.201937911015938987e+01
2.039650441846769358e+00 1.283560542750380051e+01
1.993953778551037948e+00 1.086382501378874110e+01
3.838000867750169798e-01 1.233260182394582394e+01
1.042597670347273908e+00 1.255824349567432918e+01
1.907276747500447955e+00 1.252814146068140921e+01
1.501287771642550561e+00 1.269631817758933678e+01
1.779354920952820107e+00 1.227741767360450886e+01
1.954164984320954312e+00 1.190952644755816081e+01
8.024180206999060871e-01 1.227630431946296419e+01
4.286407936943693597e-01 1.275065243078994648e+01
3.858234928937891994e-01 1.283191379264502707e+01
1.522103665048258669e+00 1.218413928089438869e+01
3.730492513402626220e-01 1.336849566185696503e+01
6.694713084710983697e-01 1.226575768624275042e+01
6.234521206841938668e-01 1.231484051584834738e+01
1.368550145885431002e+00 1.283946724842030562e+01
4.860239753032952192e-01 1.311156379403787930e+01
1.692528755024175657e+00 1.282134332852372438e+01
1.948091825394801191e+00 1.235138460945478833e+01
2.108072223235300413e+00 1.110394893827517215e+01
1.772353069258280733e+00 1.253297838362958672e+01
9.867643403505577115e-01 1.239547159636028262e+01
1.247838468756693908e+00 1.274930239490325334e+01
1.100177909952068989e+00 1.212769934941641026e+01
1.159082370325597910e+00 1.239265820256820838e+01
7.572138854924627127e-01 1.265250977642025099e+01
8.572874825129545018e-01 1.207231080734570128e+01
6.578985108592076969e-01 1.214670909145648992e+01
1.424209859430274117e+00 1.174950237535762909e+01
1.930671375040907023e+00 1.127505961255635825e+01
1.233031307989797876e+00 1.199548641823522743e+01
5.375561509797085469e-01 1.272272952438111204e+01
1.531088421440404135e+00 1.190370356828431753e+01
1.731049889703020428e+00 1.186148846752657704e+01
3.563439657522738391e-01 1.307896058284787699e+01
1.869645561691551272e+00 1.221331654921524645e+01
5.844338130464459269e-01 1.258929997234028697e+01
2.078008542793163382e+00 1.255173061279797864e+01
1.175828005402575371e+00 1.167325076172686416e+01
1.220027103422908876e+00 1.189665137448926835e+01
1.344208030474633775e+00 1.219685507023352677e+01
1.273405941969547150e+00 1.207152327017498195e+01
1.583622412723378003e+00 1.205271265954672089e+01
5.351894436010610212e-01 1.197139553770762177e+01
1.177678898711585154e+00 1.202289535744796112e+01
6.874308368805427394e-01 1.214708081697517805e+01
1.578056191984960499e+00 1.215689181036455935e+01
9.552633055254604599e-01 1.222644689260461348e+01
1.857058357835422724e+00 1.261596204656338571e+01
1.768074942826217022e+00 1.214884788206120270e+01
6.161629831719043215e-01 1.258463787315056237e+01
2.047172427803296557e+00 1.180773084059679867e+01
4.837053155381442204e-01 1.270803671779365907e+01
3.864707894761363338e-01 1.268028372224804201e+01
3.439610599770094868e-01 1.312324168837582228e+01
9.839627322050454872e-01 1.235305388218374212e+01
1.757713115020036465e+00 1.245377747814113079e+01
8.724991895414501153e-01 1.232288154336466057e+01
1.003918003450188667e+00 1.227413812734480736e+01
4.705897329215654179e-01 1.252591584610513564e+01
1.843186527309725875e+00 1.266251877551927052e+01
1.521219108404075593e+00 1.201497358500520285e+01
1.268889232318585414e+00 1.284206005986450094e+01
1.014704837635242329e+00 1.230863063861641571e+01
8.937369868471778389e-01 1.243127647666666569e+01
4.341957542932444736e-01 1.230982650419597313e+01
1.915624301301526167e+00 1.296873120505333965e+01
4.532000091827569355e-01 1.218049036421411913e+01
7.133445908214358644e-01 1.229758649600196208e+01
1.055232068648189969e+00 1.227022995381894255e+01
1.662010354837190729e+00 1.262010966825647706e+01
2.047753127913112259e+00 1.261371473044567004e+01
1.597983434605521502e+00 1.199967172795255621e+01
1.355190731590103503e+00 1.184704436512112125e+01
1.368393028503984699e+00 1.185231740945334522e+01
1.732344271747667808e+00 1.167225322300110690e+01
7.751285326657000319e-01 1.218240252867213869e+01
3.481349435967850958e-01 1.298615388557983330e+01
8.574495177206091778e-01 1.200831920421618904e+01
1.535399200768361228e+00 1.219768834807953795e+01
2.096807273664187843e+00 1.150945407405702348e+01
4.428848978284580795e-01 1.279110886777846190e+01
4.012580703791882031e-01 1.276920017192273882e+01
5.587083810766252379e-01 1.214642221174707437e+01
9.919070013774488048e-01 1.186096266854357673e+01
1.769900039476499876e+00 1.275474101139626271e+01
7.778340729317154700e-01 1.219979801834175781e+01
1.248061529246520918e+00 1.257093478654102903e+01
1.619703297255947971e+00 1.218695677551905554e+01
1.840687187709203032e+00 1.220856638348533529e+01
7.768698701404616047e-01 1.242910967648959009e+01
1.794040462623058607e+00 1.218799212154466360e+01
1.313746231066754699e+00 1.206212033949389628e+01
1.831062819983293899e+00 1.129357544004998459e+01
1.651178271617232296e+00 1.209114697001543526e+01
4.382001054378280025e-01 1.287272968250761451e+01
1.384597855695678836e+00 1.280360197506956332e+01
5.953719588325057099e-01 1.254032675890530868e+01
9.706403092349726869e-01 1.230959284890809080e+01
1.296041560849862329e+00 1.175824278489576891e+01
9.235882192335341800e-01 1.220256479832180574e+01
2.107704768311629895e+00 1.257329265461605594e+01
4.497248280884392213e-01 1.233845555922065174e+01
1.949180644772776194e+00 1.190528344437099229e+01
1.907301244316370381e+00 1.287615326076094746e+01
9.169450471001009406e-01 1.170390807713729053e+01
6.312322484803426503e-01 1.182616948826807324e+01
1.293310061357294982e+00 1.212785916209267434e+01
1.683470098776683521e+00 1.197702746386299211e+01
2.010714167281088649e+00 1.149929318108355858e+01
1.149025141703939656e+00 1.173799755744092366e+01
1.217361683608180867e+00 1.187540997303140777e+01
1.418999521116145912e+00 1.202245329812485330e+01
1.523483677712668127e+00 1.227934995860307943e+01
9.775867486943132789e-01 1.227113386181701138e+01
2.085489908158092653e+00 1.169509923000435059e+01
1.276425943506592331e+00 1.257724199768829010e+01
7.273273766988859190e-01 1.229347180312429799e+01
1.124813840273876320e+00 1.168396537013343917e+01
1.108316751573781955e+00 1.168601507379451121e+01
4.000518126906060790e-01 1.307457765379458436e+01
1.395398304108044440e+00 1.205533465173036767e+01
8.555069005111317626e-01 1.263705741732835008e+01
1.033986495281142615e+00 1.224646118874316869e+01
1.671489693855658265e+00 1.242980150121086247e+01
7.402169164350046460e-01 1.213626367028357755e+01
1.090913526629586405e+00 1.236649020448586000e+01
1.434747630054028722e+00 1.161968333011247267e+01
1.292586525489553440e+00 1.171461554635167523e+01
1.900010202367717005e+00 1.264581512198068225e+01
1.388441609610600036e+00 1.217665337083682431e+01
6.384642241036243560e-01 1.243397415719455879e+01
4.777867280165338237e-01 1.271872687974367366e+01
1.081822950774670389e+00 1.191826033693263831e+01
1.376915343358041666e+00 1.197448466293080749e+01
9.900722339237169045e-01 1.207479576071350635e+01
1.555439661112127947e+00 1.239765929600262773e+01
9.274706856199012028e-01 1.188034724980396462e+01
5.764378829131062698e-01 1.191625021615558744e+01
1.034499643125584400e+00 1.267571292337880706e+01
2.027398187708052468e+00 1.256457193972134334e+01
1.016188019943553789e+00 1.214943926123433471e+01
3.635969153072463045e-01 1.280351644901381114e+01
1.575966605388653852e+00 1.237163493280478832e+01
2.179124529989485914e+00 1.274048740591006101e+01
1.520923952653753686e+00 1.299259717195146280e+01
1.181188697125703291e+00 1.278707146906769587e+01
1.049268325932002588e+00 1.213126135153720320e+01
1.972511028620758333e+00 1.037069413932104744e+01
1.943110530061056052e+00 1.052939956133562305e+01
1.953733404193859213e+00 1.219298137755420086e+01
1.884688767273013488e+00 1.225000036795055536e+01
4.478919949807543821e-01 1.295328306934023566e+01
8.445503712474796698e-01 1.183880370425749362e+01
1.154040797681781250e+00 1.194586475396659253e+01
7.927425114569706111e-01 1.222681825939811340e+01
2.052271431206943220e+00 1.201000452144641706e+01
6.458400220887119403e-01 1.191583010265698839e+01
1.124960521472528452e+00 1.201754402688553469e+01
5.150340082144921894e-01 1.279638474809950921e+01
1.496728085375082840e+00 1.270490891512192810e+01
1.701677605354156908e+00 1.279172590041676294e+01
5.042414288515661980e-01 1.214545869773708198e+01
4.029109719769056741e-01 1.306417044641865211e+01
1.209799404417117641e+00 1.249897353173417436e+01
1.721018227740052753e+00 1.276183989743822700e+01
8.741487631398746627e-01 1.241054165885155847e+01
1.310453076530851746e+00 1.263783254525534616e+01
1.787462435206044642e+00 1.243789589312591204e+01
1.645520540902668305e+00 1.259274384277282266e+01
2.067896223807570433e+00 1.231587315051965170e+01
1.482931349388127096e+00 1.234530792086287221e+01
4.739844002170383042e-01 1.242772294772030506e+01
3.368295023467151594e-01 1.312798909591840868e+01
9.020904816619120803e-01 1.222742456586518145e+01
4.953358826226683109e-01 1.266341533668509456e+01
1.603742191039632337e+00 1.248942533466489202e+01
6.462389260630989618e-01 1.187842479542240248e+01
1.060123167608681305e+00 1.156286613449637102e+01
3.484456719548768566e-01 1.281517995621778994e+01
1.146230280032882298e+00 1.178119282842719961e+01
1.980123847118611558e+00 1.195134262016738802e+01
1.748285202194702626e+00 1.295493506587989074e+01
2.341230836600303178e+00 1.319447407661321314e+01
1.290523441777513325e+00 1.283365595105387236e+01
1.183443215546112537e+00 1.270133991163434928e+01
1.516494713069896916e+00 1.277556122322098986e+01
7.963152169962950389e-01 1.174014055865299255e+01
1.774339841253771866e+00 1.185126411264089796e+01
8.886156001466686272e-01 1.200164478678992275e+01
1.259639130061335655e+00 1.209157589643944952e+01
3.693417658772638057e-01 1.260934359713107966e+01
7.011985530363075148e-01 1.232645929695045339e+01
1.722743520728396760e+00 1.179015621133959613e+01
7.416240417295505427e-01 1.214796438693783465e+01
1.640559825642684544e+00 1.263249210841558323e+01
1.010541671744916936e+00 1.189148851140180874e+01
1.580692220097130285e+00 1.149657155808454689e+01
1.872497164744914899e+00 1.189076001000204208e+01
1.856629263133564800e+00 1.189545447713117277e+01
7.977111309050313182e-01 1.244771135005690788e+01
1.769158266209001740e+00 1.228051274961746486e+01
1.944077586705309946e+00 1.224379321716908109e+01
1.928984132519596661e+00 1.255671998787378030e+01
1.699769000798814655e+00 1.195089295282811648e+01
6.626723988334677351e-01 1.242780121048654962e+01
1.022532972845964672e+00 1.172470584565013674e+01
8.269696800647249324e-01 1.178850924655024635e+01
1.936433627954876169e+00 1.087429404550539402e+01
1.134523771487132127e+00 1.262180787933532855e+01
1.862798969741583877e+00 1.310336925576592293e+01
8.029748124886358918e-01 1.176043655068565918e+01
1.848180915420957193e+00 1.209033044419142655e+01
8.528010608297345030e-01 1.178674290288304149e+01
9.537704677329887915e-01 1.158956157842621160e+01
7.123351263647367260e-01 1.199688553744415032e+01
1.917626775169491316e+00 1.201170885891606055e+01
4.367719362660381077e-01 1.265613777918912675e+01
8.629101302187971445e-01 1.234045527187648084e+01
1.891605835896958299e+00 1.223064258669792892e+01
1.416022981394969182e+00 1.203115160523719140e+01
2.783816333686305877e-01 1.361737362851249600e+01
6.123914107978163379e-01 1.181946020272055087e+01
1.765490284949806865e+00 1.167399901896127012e+01
7.178978186261240069e-01 1.140865194749784273e+01
1.644331611089254297e+00 1.193988674221942503e+01
1.981932942971418754e+00 1.159837525656747914e+01
1.495883535565628142e+00 1.226043873404648110e+01
1.892810881605895057e+00 1.231841368657748603e+01
1.028103799149661768e+00 1.264606981708366362e+01
1.239210183894222661e+00 1.255300173458758728e+01
3.604514444895502989e-01 1.249384897976128705e+01
9.530896330311984244e-01 1.219893005214298398e+01
4.839991878848027285e-01 1.203492553885443073e+01
1.505651609157714566e+00 1.137730307120316198e+01
5.674344891563694038e-01 1.229778197259190087e+01
7.167928891871185870e-01 1.220826639688242210e+01
1.922643705633453770e+00 1.266336561905337277e+01
1.269184416592972653e+00 1.246363052229943769e+01
8.185932009919485441e-01 1.155137844788014689e+01
8.196881028780352851e-01 1.210245607093945530e+01
1.429490711918842916e+00 1.241188218802874665e+01
1.682479607601601757e+00 1.201706509580103521e+01
1.316324198752135688e+00 1.264941365894892300e+01
3.922288945992943310e-01 1.316580314025030063e+01
2.008931192436475666e+00 1.077907560799126330e+01
1.888284623638277759e+00 1.209899044646544652e+01
4.230565192868344648e-01 1.317285187257489731e+01
4.670610083768633736e-01 1.262356036610426635e+01
4.281243612606347448e-01 1.296348648998061748e+01
4.249593975501566590e-01 1.226506985262606264e+01
1.414610849842105278e+00 1.211951302955612597e+01
7.345677828786396635e-01 1.191756912836112114e+01
5.356761683996559276e-01 1.279794029057079463e+01
1.172504109449477916e+00 1.198192097939237755e+01
1.693349658972294947e+00 1.225584555297712264e+01
1.017044052929020559e+00 1.238574050949807948e+01
1.789335363186819627e+00 1.192699824617403159e+01
5.460630481833649297e-01 1.207950591763284010e+01
1.944521390281302775e+00 1.135950704502178077e+01
1.260695146327048377e+00 1.211057784382877145e+01
1.723823327705722663e+00 1.220743246323361220e+01
1.424190100355565258e+00 1.190882801407194869e+01
1.921170378089784192e+00 1.239569119279880383e+01
9.099123557704283938e-01 1.217340890919841279e+01
1.638617902439150953e+00 1.248936470535447363e+01
3.307954392513912656e-01 1.327871727095999077e+01
1.498334815491423777e+00 1.176090582171980969e+01
4.187790151508827829e-01 1.255622313819804781e+01
1.191521199930684505e+00 1.205050926171155723e+01
1.117820672786914660e+00 1.187623629932457092e+01
5.008870387216290965e-01 1.233884519340789687e+01
1.844126223822837307e+00 1.247945668409741238e+01
1.658436665780499419e+00 1.246073523781539194e+01
7.622156918322093855e-01 1.177785397462637462e+01
4.384268840493089625e-01 1.211075959180906381e+01
5.497015218165431927e-01 1.214807621902068924e+01
8.257962751074245933e-01 1.196653191079958845e+01
5.359796053431562513e-01 1.233563280505401316e+01
5.437534966798969194e-01 1.215032878737723721e+01
2.019222944813693577e+00 1.182197387253747145e+01
1.047741914279786579e+00 1.220745006580684766e+01
7.888748230962511210e-01 1.216876039844101776e+01
1.827070344995813667e+00 1.226802794159904408e+01
1.205381234787113343e+00 1.187978558260081741e+01
6.788150253116527200e-01 1.181778143890246113e+01
6.803419681872658886e-01 1.181684066402599420e+01
9.554825811592697615e-01 1.222926905592816205e+01
1.771472480945810668e+00 1.182214654533350995e+01
1.854818730781681690e+00 1.179257309654743402e+01
1.998489686021210909e+00 1.166716980374955348e+01
3.618299140248030787e-01 1.288407227931835664e+01
7.871504039521501905e-01 1.195609821340690360e+01
2.009807932982527134e+00 1.244367582515797288e+01
2.095660904284697423e+00 1.148054754030773239e+01
1.187599159175240393e+00 1.208305499351751600e+01
1.415917011401411019e+00 1.187183389090582786e+01
1.573529302889772996e+00 1.211247043816647917e+01
2.004721719573366201e+00 1.173282170977276806e+01
4.924281075202075475e-01 1.210106453108518387e+01
1.470898291847408279e+00 1.267452120857457842e+01
1.948564248470015414e+00 1.282067561603673234e+01
2.243180721352465934e+00 1.204016417013654561e+01
4.752008896074894628e-01 1.278150854881663179e+01
1.954746669882504895e+00 1.180260812617080823e+01
9.245787835134774424e-01 1.222157549521623565e+01
1.949061419597873268e+00 1.172164377972415394e+01
1.691133302033643648e+00 1.197920988376436213e+01
7.701533448698406614e-01 1.194137503899663599e+01
1.405544531504121064e+00 1.190356784453446259e+01
1.766685089146518228e+00 1.196631080339081166e+01
4.963632200152335860e-01 1.246134439068426580e+01
1.838168955583677988e+00 1.222169505946434853e+01
1.778426125279233494e+00 1.193055198248561943e+01
1.727207336719177810e+00 1.310673599323603611e+01
2.075573823862227663e+00 1.323878171679378646e+01
3.106386363584879295e-01 1.307009450982365983e+01
1.790907553693855458e+00 1.155543512233973935e+01
1.010219552938050214e+00 1.195045859727027171e+01
1.470695767277092836e+00 1.257140497472089535e+01
1.378207376679337237e+00 1.257003221199663123e+01
1.828442633246641247e+00 1.212221373633555821e+01
7.324922041728194610e-01 1.232563121939867656e+01
4.517683063087635231e-01 1.237176598288154672e+01
1.731985778777815677e+00 1.160888983523212659e+01
1.972539982840848083e+00 1.105668661057152491e+01
8.494764388622949580e-01 1.234378063727387165e+01
1.568342297831562426e+00 1.223051193337866493e+01
1.771321903338549886e+00 1.209264030029877546e+01
3.227624173315748468e-01 1.324696239530658737e+01
1.432505767793576412e+00 1.164672647479128820e+01
6.107510058442978673e-01 1.171877004875656425e+01
1.059944437844459131e+00 1.167476509214803748e+01
1.120114351321555235e+00 1.255742850985836867e+01
2.099471650674378242e+00 1.065544512740003924e+01
8.332871570773541237e-01 1.204475140880916229e+01
2.944414070792937266e-01 1.347819466371638697e+01
4.707306576356164451e-01 1.203463126985869991e+01
4.122492932456248149e-01 1.226307830553518130e+01
1.059654482673561660e+00 1.228509166654314200e+01
9.311907665904481934e-01 1.221229029242508624e+01
7.602183564609613642e-01 1.185195808053479105e+01
1.715671752949044615e+00 1.159722899868125801e+01
5.065779120032929406e-01 1.266542293165388777e+01
7.927423980451625551e-01 1.192248181379333616e+01
5.254284825569467410e-01 1.207428829790409708e+01
1.095419430789757786e+00 1.202460465234093867e+01
1.030815315851038028e+00 1.228407755259697964e+01
2.144446749282906239e+00 1.266529563251253698e+01
1.175868311651423470e+00 1.226280643648648905e+01
7.674778582230480373e-01 1.253122467756663738e+01
2.061232516681039684e+00 1.253003698786437248e+01
1.047109910591937032e+00 1.167203224519461813e+01
8.478356464807040860e-01 1.213194856612590122e+01
6.319664786176191207e-01 1.215427671098826679e+01
4.310562686171124369e-01 1.213466616420516964e+01
5.785594356841976538e-01 1.181094457645611051e+01
1.769132163421429649e+00 1.200233877476666322e+01
1.970025776084159741e+00 1.072047095805004702e+01
1.142231887042854055e+00 1.165556301496728331e+01
7.500860585477763243e-01 1.156232495282871398e+01
5.864619644724100578e-01 1.185899955494680391e+01
1.915745310904572341e+00 1.081363092721245422e+01
1.159772810028592671e+00 1.165571617427976570e+01
9.328273862758533763e-01 1.240886789424109438e+01
1.097412738050614900e+00 1.248330569886436869e+01
9.432056245619271362e-01 1.173221235594580669e+01
6.801409043327588666e-01 1.168021804571547761e+01
1.078878376619109680e+00 1.207550766320336066e+01
1.472387913427234407e+00 1.276168980248788642e+01
1.346902361902898360e+00 1.196285973810866210e+01
1.587016552615350351e+00 1.202010895802480661e+01
5.919784476437244258e-01 1.201634296271419444e+01
1.413591892833988117e+00 1.249206486163728336e+01
1.067749878183153811e+00 1.147916388620321726e+01
5.569149093315340915e-01 1.267146502601565494e+01
2.087561394533468562e+00 1.257116249062737268e+01
1.327659624306140040e+00 1.266682939810851138e+01
1.721559542526496012e+00 1.284835242532610700e+01
1.454851482335289159e+00 1.209054731349116274e+01
6.634284285653181401e-01 1.241195389238106372e+01
6.376502391803952063e-01 1.224303266901252485e+01
1.780273523355742959e+00 1.245653708867170906e+01
4.648287242493632787e-01 1.290726433659861883e+01
1.565424133816361918e+00 1.240929892095807396e+01
6.694698427519142347e-01 1.184551640935809402e+01
5.547787567873025960e-01 1.214514993830395717e+01
1.675093665652143349e+00 1.156308233326794621e+01
7.038950294437823496e-01 1.201754056103727386e+01
7.835368227677663722e-01 1.191189935383055776e+01
1.688553228561960440e+00 1.218172154742735280e+01
1.665940369774428165e+00 1.228003441402485585e+01
6.336845033700702068e-01 1.238999850579123496e+01
1.600080206086672563e+00 1.197566392641519251e+01
1.999746785142130889e+00 1.254920367270321790e+01
1.027085957269805006e+00 1.242947939962792425e+01
1.719966227636166467e+00 1.215699261088633065e+01
5.775842490746176949e-01 1.221698741521320741e+01
8.424244020345322825e-01 1.160403435184138132e+01
7.633638195684714356e-01 1.163801299818369372e+01
1.706696364665733823e+00 1.236762113448448019e+01
9.915868386174793159e-01 1.237764150188142409e+01
4.570521825787709491e-01 1.281035805797431770e+01
4.533098435236176948e-01 1.282599145525254514e+01
2.118229845765435826e+00 1.165444867663492445e+01
1.358539626699457825e+00 1.204065538121164103e+01
1.718387432753900379e+00 1.184600057952973451e+01
2.176939638160829027e+00 1.125395972161973646e+01
1.250789403243683484e+00 1.239845093123739872e+01
1.364103659887853759e+00 1.235535814875117566e+01
1.557179604666585337e+00 1.245458951764523370e+01
2.042254037224419783e+00 1.087395716616596530e+01
1.921618653391776288e+00 1.250462071618109405e+01
4.527406886625506277e-01 1.226153261638109981e+01
3.549485872477853854e-01 1.308916856671155671e+01
1.893228161988505631e+00 1.122534642383924997e+01
1.732797939129084197e+00 1.287603482025239821e+01
6.946480767407237078e-01 1.268049722361438292e+01
1.334905727984319945e+00 1.267107122987318135e+01
6.758000302604323384e-01 1.221137464714593790e+01
3.750929950107909083e-01 1.304872486186010150e+01
1.422923541929106861e+00 1.179395865270407917e+01
1.679914554004936944e+00 1.222092719779514702e+01
9.596299611210029612e-01 1.239194781671944767e+01
1.268623748396823236e+00 1.255947547317807533e+01
3.862603475688741184e-01 1.332942988764759384e+01
1.457595935769127049e+00 1.151215439765978665e+01
2.016236998272267211e+00 1.072631429594135000e+01
5.028184529104171574e-01 1.165824575495176774e+01
2.233919524109213572e+00 1.228773194729678586e+01
1.151396687949950648e+00 1.240569419386378769e+01
3.973767480333855739e-01 1.302886269837763145e+01
1.602677448594076237e+00 1.229633437953249242e+01
5.290994008234662926e-01 1.252639267917432164e+01
3.204715664041979939e-01 1.365817101762203478e+01
1.460066644754370202e+00 1.220418959626405098e+01
2.038945740033098808e+00 1.182204583036657652e+01
2.112021533237487869e+00 1.172497302766256233e+01
1.967282372897916964e+00 1.246392253131412176e+01
1.574559244517420575e+00 1.241801544481490716e+01
8.230298513329110666e-01 1.226042068014981012e+01
8.982746416703588643e-01 1.226096945931158899e+01
3.321441412966094076e-01 1.266155895504141426e+01
1.925075930819284631e+00 1.131443325807506994e+01
1.386510516128595549e+00 1.231553305435036982e+01
1.505881856409007513e+00 1.160956143176404254e+01
6.675412282038203360e-01 1.212199653077669836e+01
1.050886380200496184e+00 1.250546692539076155e+01
4.762482768853248394e-01 1.273003189923341871e+01
3.766429428072614605e-01 1.248575921744625106e+01
2.038118160208634677e+00 1.209390595885306219e+01
3.360222446319633405e-01 1.255807001468672013e+01
1.819800549235269349e+00 1.207525288987333134e+01
1.353799007202617810e+00 1.216228192687618126e+01
5.101458843409513166e-01 1.267534238795798807e+01
7.111779793882873069e-01 1.157890529948709535e+01
1.222187113768844924e+00 1.258762873522540637e+01
6.194906438667797666e-01 1.199377842202372335e+01
6.459280347761073848e-01 1.196455617584200048e+01
7.361704867872409519e-01 1.242057530958739342e+01
1.750948700832472671e+00 1.269519234886244163e+01
1.974659939241057094e+00 1.271995359074683130e+01
1.445381831504723547e+00 1.258987752469249344e+01
7.056140228086859034e-01 1.252563387279086271e+01
5.384218238672326962e-01 1.211018356502132676e+01
1.725551307167176418e+00 1.189780780805916471e+01
7.549487247352388852e-01 1.193364616155054669e+01
9.035826273577372003e-01 1.236097298157498692e+01
1.958862725693155893e+00 1.179846603828870855e+01
7.435079668541006992e-01 1.267062683301818993e+01
8.116780879066938237e-01 1.266437532390308185e+01
6.451990804877381080e-01 1.159721035238924358e+01
1.018042520874067769e+00 1.227080618340365881e+01
2.031066306738786409e+00 1.213898233268379379e+01
4.518706256122493325e-01 1.288353666450465873e+01
2.046963731089420868e+00 1.316230187220757664e+01
5.609204701840679874e-01 1.291323688409051940e+01
4.302857435995519619e-01 1.269305524907917082e+01
6.118757443428342047e-01 1.227191310566531079e+01
2.086319546781527645e+00 1.190955207047358222e+01
1.634785659880662934e+00 1.212182701425644105e+01
7.592783866447894159e-01 1.243460514664828764e+01
7.306086833268395919e-01 1.186459007578017122e+01
1.111405017203538570e+00 1.182872027294248518e+01
1.907605143560276550e+00 1.216386257959921302e+01
1.586477242472947857e+00 1.241223517941416787e+01
7.109303375210358489e-01 1.216257941424365008e+01
2.115470735076699249e+00 1.208614623927758025e+01
1.194384149754609048e+00 1.241263368947110557e+01
1.290838462322908775e+00 1.258194171481182977e+01
3.681667584625761824e-01 1.313225033551957743e+01
1.517668802557712748e+00 1.209283393972947707e+01
2.018256825494427975e+00 1.196437696667002015e+01
1.172986334334833014e+00 1.220351765879568440e+01
1.458867786072771233e+00 1.226193233502998048e+01
1.623102222474878564e+00 1.249304354651153126e+01
3.736077645608552600e-01 1.305174158422051534e+01
1.099583088275414289e+00 1.209571710368823538e+01
5.943360071790927401e-01 1.221845586861787325e+01
2.091905592241595446e+00 1.272809233543112839e+01
5.390874728001817662e-01 1.258388301102392859e+01
1.629055429991094206e+00 1.238088683716151905e+01
7.275935759951410731e-01 1.216176499169579550e+01
1.314015477019228051e+00 1.235731908962280556e+01
2.152475201303813535e+00 1.081428651128797824e+01
1.050244713610261948e+00 1.189677121377417990e+01
1.183103376925091821e+00 1.191811900244403688e+01
1.377878564750795398e+00 1.227044381463946721e+01
1.815925690236724011e+00 1.226296891520242482e+01
3.878019374409784059e-01 1.299084248648265927e+01
7.993469343832484419e-01 1.229199072251536151e+01
1.969742415385680179e+00 1.176008134457937437e+01
1.385018938322958526e+00 1.211669867148553337e+01
6.090808538995228227e-01 1.215047693410754981e+01
5.507348374370032440e-01 1.222820164810672594e+01
1.463187006015516545e+00 1.186021502765416713e+01
4.296341712054806972e-01 1.251023785991651849e+01
2.059935753846716455e+00 1.131654196364584308e+01
8.545490787172209668e-01 1.243521198687597007e+01
1.777857272920311038e+00 1.188264930866169067e+01
2.080626920015797410e+00 1.134641803723978803e+01
1.196932419861916452e+00 1.229973970968021924e+01
5.714357606096416298e-01 1.223691325988913725e+01
4.605746079818816563e-01 1.279584897355050721e+01
2.065741787237064031e+00 1.143568816324424198e+01
1.744629673565594841e+00 1.308459765779056205e+01
9.353899469134139277e-01 1.261061697921474156e+01
8.205365954780526883e-01 1.217759289759026764e+01
6.084656399199813714e-01 1.199983530925559627e+01
1.794663962902200538e+00 1.258172952289452695e+01
9.657067670571340967e-01 1.218194138914379465e+01
5.329881897133816882e-01 1.234911542278400631e+01
2.113792305815379358e+00 1.293504565672086315e+01
2.011339628514432043e+00 1.262388249288318498e+01
1.300781226153501446e+00 1.207431345515618482e+01
1.910016789862153175e+00 1.218436058829665214e+01
2.043837692661263361e+00 1.283885379455931286e+01
5.394482722562198296e-01 1.247792897845676663e+01
9.255404560753387466e-01 1.172996654192731469e+01
1.391773208646768234e+00 1.182032482995248657e+01
1.049784101751157106e+00 1.214209802129073523e+01
3.960864310760601192e-01 1.280159779163508382e+01
1.334460244060367673e+00 1.252248939609394718e+01
7.077164457674728348e-01 1.265311983454528466e+01
1.107125393211536135e+00 1.270940704789612852e+01
1.401055334169891475e+00 1.192922604072282589e+01
4.398391232470228451e-01 1.260217514807457562e+01
7.710481441567833549e-01 1.218394280777604699e+01
5.215437716521396094e-01 1.188304247968460814e+01
9.066770964562695934e-01 1.190462862177451875e+01
3.570867094041554335e-01 1.290512390282737876e+01
1.050748141995671681e+00 1.261697553879866440e+01
5.497218375373684740e-01 1.270542199949205653e+01
2.305450367834890546e+00 1.187754864698339041e+01
1.161944668113944257e+00 1.235086345435641242e+01
1.694377052561200081e+00 1.189382370295679436e+01
1.370426600792706173e+00 1.204048816925783427e+01
1.784378133715553316e+00 1.285464674377046457e+01
1.007902055783784112e+00 1.245298891023964671e+01
1.507081593598324609e+00 1.261380469220154943e+01
1.528466273458872315e+00 1.260721927651500707e+01
1.862008561665750905e+00 1.240674556022197095e+01
1.640127317619469283e+00 1.195307504359821138e+01
3.804963934433857609e-01 1.258963370990409913e+01
6.216882637514167254e-01 1.242637913165215657e+01
8.634832754081724904e-01 1.232234573481549589e+01
9.075481084736503057e-01 1.188061343939913428e+01
3.781750858743678778e-01 1.280878928231540570e+01
1.769203393413679715e+00 1.308362903596310112e+01
9.024714800871893594e-01 1.237868350186711908e+01
1.971718648583198341e+00 1.239058038024140274e+01
3.587036309656715938e-01 1.339739462330210706e+01
1.784014979861191286e+00 1.290494568460880487e+01
1.549806719277147415e+00 1.282363236637196202e+01
2.006899660080339931e+00 1.159320649405423787e+01
8.672327828123645999e-01 1.190541070149779124e+01
5.986322426666166319e-01 1.265229339283022014e+01
6.351675324624211916e-01 1.261223489113460339e+01
1.668996254539268254e+00 1.250927455555544654e+01
1.749274292705088829e+00 1.253109287628386426e+01
4.333771671591448160e-01 1.293491727330145480e+01
8.177364265279861710e-01 1.188220939172030377e+01
6.581777611232705327e-01 1.200858955022163777e+01
2.008321560454812360e+00 1.143188982465991899e+01
1.000312034242846204e+00 1.252975263032885067e+01
1.591082329431483311e+00 1.291091110745190562e+01
3.948748024191243156e-01 1.318529095028277887e+01
1.818227297489793504e+00 1.251639748252525308e+01
1.756729903860468456e+00 1.259552014679618459e+01
5.151104054774495733e-01 1.284927012740177332e+01
1.143566671216913688e+00 1.213118969763113952e+01
3.549977297435666368e-01 1.315716132769708224e+01
1.546809289323739289e+00 1.216045478326240037e+01
4.244224127334021990e-01 1.230401934572754641e+01
3.336194147715707548e-01 1.336560190262165904e+01
1.749563793223652741e+00 1.200641497739593255e+01
1.859160217784533220e+00 1.192478390401762134e+01
8.682133736549262348e-01 1.243992347138899568e+01
6.881451828308524643e-01 1.237269786075834865e+01
1.713400334923644852e+00 1.194323953245898728e+01
5.052934168984769547e-01 1.237682873860978816e+01
2.002655486739952639e+00 1.198846260076523329e+01
4.020449496448151860e-01 1.285207861561492848e+01
1.719070252024658574e+00 1.189967304113394775e+01
1.949513786715600050e+00 1.257409793695359568e+01
5.291740402742081129e-01 1.255479834544767392e+01
2.165015856115557469e+00 1.255712519598221633e+01
1.024074628835557554e+00 1.246191428376739374e+01
1.941070616690290462e+00 1.164689672945201337e+01
1.726440109379432597e+00 1.253540882027554026e+01
5.311812917278843083e-01 1.201461751401880917e+01
3.670563260764697633e-01 1.278551739942287568e+01
7.348023550984669194e-01 1.257337331480426990e+01
1.262481482842589653e+00 1.269253253915232804e+01
5.138084703373559936e-01 1.246074757102579866e+01
9.620576219192503720e-01 1.221556561730109358e+01
3.372484121675235480e-01 1.327277790255453915e+01
1.650642168385810127e+00 1.267264827608617495e+01
4.975436731454833672e-01 1.306205634863587406e+01
3.901170301492803971e-01 1.309646980087225820e+01
6.729787337149111259e-01 1.237712392978194487e+01
7.403655506775012052e-01 1.212456158475920986e+01
3.753648692681383903e-01 1.300201975939795140e+01
2.017351404102971202e+00 1.151414088180757567e+01
1.035107012673269322e+00 1.183544732865983917e+01
3.438184674747380432e-01 1.318378076054830750e+01
1.945954262532026746e+00 1.253091071642836596e+01
1.487331624307732358e+00 1.205307147257244971e+01
1.481611796714171758e+00 1.239784943117220450e+01
1.056156701497981798e+00 1.229727602530421215e+01
2.073488624350487086e+00 1.136095212262731202e+01
1.496025631730244054e+00 1.286126894154899247e+01
2.044919275405398196e+00 1.307136689001424301e+01
3.117074695268531870e-01 1.367797356390980923e+01
1.381929350145588709e+00 1.242320477753986907e+01
1.565834573782605377e+00 1.264429485797795039e+01
4.675735245006994445e-01 1.303626810667466884e+01
1.581066786467578256e+00 1.259642839794254243e+01
1.828970022919898630e+00 1.278836753404218207e+01
1.411063794722902331e+00 1.259551384565899212e+01
8.874790394540400529e-01 1.215085093552663764e+01
3.931997437635856851e-01 1.327700735456427950e+01
9.412157526679876263e-01 1.252416401328510176e+01
6.650772255409587164e-01 1.246309494120289862e+01
1.965053363980451717e+00 1.205594555398973888e+01
1.080437379353331506e+00 1.247172743701392150e+01
6.513376755631115067e-01 1.216669430582043532e+01
1.405296325087217246e+00 1.228294396188802828e+01
3.317489330675325587e-01 1.320596666328047419e+01
1.078884811860985948e+00 1.216598995933220273e+01
1.707148176687252716e+00 1.272696331962890426e+01
1.142219878143603706e+00 1.265324504805246519e+01
1.029605520386489337e+00 1.170169616452260186e+01
1.964880525469324013e+00 1.132440057546970635e+01
1.952060733007128013e+00 1.134464385238323558e+01
1.411294473696746987e+00 1.260820909733542017e+01
5.996357036012914810e-01 1.206096415173669278e+01
1.251230282896735435e+00 1.205017003805183329e+01
1.535915661956117839e+00 1.263838481601484887e+01
1.971223051470490706e+00 1.285303723760149630e+01
7.720502956244985615e-01 1.193362019044198874e+01
1.811764402770186022e+00 1.199188132027931708e+01
8.767614860646336661e-01 1.216645116933031900e+01
1.533699408142729537e+00 1.238823156204288445e+01
1.595417631721534946e+00 1.284824195139997727e+01
5.796107066529037066e-01 1.198094656672886771e+01
1.762540005656872522e+00 1.204585398189884593e+01
1.982440380581284689e+00 1.180226852084264877e+01
7.735080343523608182e-01 1.240623394942705815e+01
1.027013974648482320e+00 1.241781756315081076e+01
6.951218991926849666e-01 1.221962323414587637e+01
9.638640310048550708e-01 1.223977490830951353e+01
1.731007110797654569e+00 1.294034764586338149e+01
5.744191247002431444e-01 1.271581662607822594e+01
4.394757727517189516e-01 1.271943637057307797e+01
1.097303850670410474e+00 1.221646969579689213e+01
1.461730247724809306e+00 1.228695957742148082e+01
9.999974607923169945e-01 1.212217713112014295e+01
1.137043612345491450e+00 1.190055251457773444e+01
2.158911106702147809e+00 1.233140436633590298e+01
1.873188517810263853e+00 1.109743314877458609e+01
1.773626266241744354e+00 1.233448357305772447e+01
1.431662531281485240e+00 1.231848677694863881e+01
8.474131565121365561e-01 1.209981513073090298e+01
1.914651393708916016e+00 1.145466931158737900e+01
1.286055605378291000e+00 1.219516304505988025e+01
2.019949667956614903e+00 1.286633068233127197e+01
4.087646137682935943e-01 1.278376438545374505e+01
2.134006492975897729e+00 1.126603899226029704e+01
3.376067218428813188e-01 1.316201845221386968e+01
1.518977637314465667e+00 1.191943613233755883e+01
1.622363711383703944e+00 1.156094560284404160e+01
1.302517020974369277e+00 1.220451761270473945e+01
7.683902101723787403e-01 1.211665312789639870e+01
1.733745909370873139e+00 1.242260306620161536e+01
1.444108662669631116e+00 1.233412387853004688e+01
1.206689955620015020e+00 1.189568674115576030e+01
4.181600641724856904e-01 1.218603632826274286e+01
1.901773799846189883e+00 1.081061459501573196e+01
6.740504204890406248e-01 1.259157836148487952e+01
9.421887461411050380e-01 1.219374988487670741e+01
6.074709336147023908e-01 1.226232982184785847e+01
9.552459161036150892e-01 1.212707905832198918e+01
9.336959825720142492e-01 1.247338488519888067e+01
2.108354368198760653e+00 1.246693861318436447e+01
1.411019024281510381e+00 1.137261206380231471e+01
4.995668566700049995e-01 1.186851296136888934e+01
1.832159757110855658e+00 1.216450776068990791e+01
6.431029340990846999e-01 1.235090188189107607e+01
2.191395813928964653e+00 1.142417007270826268e+01
1.333329755749759649e+00 1.227068679477356561e+01
1.463856314256617441e+00 1.249877074900003393e+01
9.227142669774724970e-01 1.205295926618186009e+01
9.583289534227258377e-01 1.254181781335031154e+01
2.025136338630616262e+00 1.292066216142667656e+01
3.680423831350640440e-01 1.302683892710690827e+01
6.688605309377173569e-01 1.260800287869918712e+01
6.023481281390707931e-01 1.273952478123952403e+01
9.185441465937429495e-01 1.250387200458873238e+01
1.350398492825912955e+00 1.186015320142023555e+01
4.963326666764216188e-01 1.238379141533319761e+01
8.395854394473100113e-01 1.230965349111790452e+01
1.439321220473265495e+00 1.227147560336205956e+01
2.042175769566346499e+00 1.295052293804615751e+01
4.901139019904051097e-01 1.264267773644617243e+01
4.467020564896776458e-01 1.297542242813708313e+01
1.253454256515519782e+00 1.192244670975407139e+01
6.087788962742877175e-01 1.266229754170883126e+01
5.921115957634947025e-01 1.213145360228706693e+01
1.996083441193165831e+00 1.264104075159542795e+01
2.061858990456940877e+00 1.262439476873656119e+01
2.143988698372809587e+00 1.260303828196096632e+01
9.962391141512955128e-01 1.227375164728947965e+01
1.223341784224525108e+00 1.234737476513473808e+01
1.207485204856900474e+00 1.257237242878983885e+01
4.363432447323102314e-01 1.265994648737156503e+01
1.957383911492017292e+00 1.157928652151591997e+01
1.867857136462357071e+00 1.185799591388419039e+01
1.116167104218146688e+00 1.232407095674676789e+01
1.026934071132048487e+00 1.232944817686598427e+01
1.285778614422991462e+00 1.184532634667876572e+01
1.913671412056836996e+00 1.110241603874351846e+01
6.292953628986429626e-01 1.199266621764732044e+01
9.132288854518185728e-01 1.211909193908489613e+01
9.756351161421145113e-01 1.213731540051268354e+01
6.699082272636677216e-01 1.228268397468335671e+01
1.963901532544807926e+00 1.196765793747182016e+01
1.790829527171901914e+00 1.207385529490454878e+01
1.512300820986818728e+00 1.261044090790320737e+01
7.947646375380653661e-01 1.231173454052437144e+01
1.646352691623433451e+00 1.214780708008641774e+01
5.971059966800709162e-01 1.210510781787152723e+01
2.678900763073936431e-01 1.412814673781143249e+01
2.132030796068058009e+00 1.209911025649654270e+01
1.944159776385023131e+00 1.222545357846814440e+01
1.433689764961697977e+00 1.172975642743532987e+01
1.917025530428522195e+00 1.093717911822568212e+01
1.886839864549960000e+00 1.234094254394826784e+01
5.388662082896701344e-01 1.238329083337185388e+01
2.047657814094089535e+00 1.223428336672661665e+01
1.901233467842222691e+00 1.258909737666943052e+01
5.157149648056573721e-01 1.271562460070308376e+01
1.914494811753072012e+00 1.167387501484945211e+01
1.441799029366380935e+00 1.185671583903755710e+01
1.885460894264032961e+00 1.159369456644474461e+01
4.425894040734936752e-01 1.264033282962837212e+01
1.619402866260170271e+00 1.262522765637738154e+01
1.251340326022726046e+00 1.248418463214122731e+01
1.956337951456041724e+00 1.072522662530158222e+01
6.577358700545077319e-01 1.235825548343850322e+01
3.757559507624018136e-01 1.319629711976512354e+01
1.049149045377973710e+00 1.163596652235707296e+01
1.162928275728021266e+00 1.187739622758361335e+01
3.121568736733589811e-01 1.318383126011055495e+01
5.727549892655308117e-01 1.233336934204557167e+01
7.180488525780968079e-01 1.206121750149494787e+01
3.479066115324100927e-01 1.304008035387545661e+01
4.195420451090882685e-01 1.260120257967348856e+01
1.721786526543772844e+00 1.224117062694989144e+01
2.204687604967555004e+00 1.228932251823655797e+01
5.641849379729434455e-01 1.269634057289209039e+01
4.736909394371993653e-01 1.276531867155243383e+01
1.195915000878613466e+00 1.211332243959140342e+01
1.927792916828047431e+00 1.250799169640760411e+01
1.785021969332832859e+00 1.257736897684917565e+01
3.784415567222788046e-01 1.324568807248306257e+01
1.112605509520077529e+00 1.245109316093358842e+01
4.225764956336998113e-01 1.242895388879122720e+01
1.743641992632581239e+00 1.234144371010239638e+01
1.044523324682754106e+00 1.263400107764553759e+01
1.088594086406781791e+00 1.264782829636690842e+01
9.915895484322518882e-01 1.203650847562265902e+01
6.070628342445022474e-01 1.263239645466548389e+01
1.590540640167256825e+00 1.249132793315367529e+01
1.964074508688198994e+00 1.095967278193124983e+01
1.999903071668275079e+00 1.192602743787158559e+01
1.453431457825412165e+00 1.191343365092939699e+01
1.165360963025405150e+00 1.213978833898991105e+01
1.053156596055753180e+00 1.189045613957753922e+01
1.340068640665052602e+00 1.188638265979175834e+01
6.432776621541803630e-01 1.211958603825950753e+01
1.109973427800142076e+00 1.188992921949846959e+01
1.440318254581400836e+00 1.200946621406580128e+01
1.862218192984747223e+00 1.150620346616230982e+01
1.020208073840847218e+00 1.187627585835043753e+01
2.933442718618054501e-01 1.348724340305212266e+01
1.952351146593788611e+00 1.202413703924825406e+01
1.659517232809887055e+00 1.205960089698452897e+01
1.173581042806269181e+00 1.258004318892250950e+01
1.732848568619005825e+00 1.187207922906426916e+01
7.650169303563131296e-01 1.233775605394541586e+01
1.608452718287971539e+00 1.256423462747684461e+01
7.570926904600100427e-01 1.237475987484130968e+01
7.003936584750583005e-01 1.252902263021092466e+01
8.061737985701479259e-01 1.247963333151931131e+01
1.713958037168950899e+00 1.180313714186908669e+01
1.867681867769901194e+00 1.173494641869160660e+01
2.102220254920224907e+00 1.171883682665561999e+01
1.370238590140446577e+00 1.245597523744407198e+01
9.560313340663310067e-01 1.242892704139928561e+01
1.997191837919664703e+00 1.278943411276458342e+01
9.386810772690559190e-01 1.245853482522467459e+01
4.334492238886940574e-01 1.293537957468631205e+01
1.862979222621466979e+00 1.177864753407932774e+01
1.752393478920758918e+00 1.190597998999506935e+01
1.020217546960406674e+00 1.259304290638387691e+01
1.020077195533557912e+00 1.259298436751435268e+01
7.968223223961267143e-01 1.233957737798982279e+01
1.119769885820546707e+00 1.247459835369542169e+01
1.784548331572621160e+00 1.293019149387624189e+01
3.315716258662855798e-01 1.300719125610749671e+01
2.154574757816264619e+00 1.227967270396933586e+01
9.060158261366396681e-01 1.264425964302539640e+01
5.351078519004659473e-01 1.176956424880233598e+01
7.385482136350456361e-01 1.183281501463248908e+01
1.542531646702091752e+00 1.219264519934241342e+01
7.529458870240095525e-01 1.252475531458898494e+01
6.248049565344684364e-01 1.272403254896199343e+01
6.673621496849357904e-01 1.203803927307536981e+01
4.340355837132264250e-01 1.280393892676242906e+01
6.439441311542589697e-01 1.225961404394041665e+01
8.375518644146970892e-01 1.212857881818240102e+01
4.293064312339588406e-01 1.255461755347933206e+01
1.727139344821675193e+00 1.187300268641208234e+01
1.643651917601272938e+00 1.196520184875631010e+01
1.543723952648142994e+00 1.247994828780869980e+01
1.779540954252347928e+00 1.255018465015417384e+01
1.559626208352814070e+00 1.259518070017472091e+01
5.516273097520445479e-01 1.255189989789311333e+01
1.283299171510480008e+00 1.222264827005835741e+01
2.051427784336329996e+00 1.237782383229456329e+01
6.264261236802141086e-01 1.201872138943769031e+01
3.092100500853094402e-01 1.301822546974602091e+01
3.692121346186406639e-01 1.275474326399439029e+01
4.937264053817473353e-01 1.217854705167491858e+01
1.670979247204179119e+00 1.296917946536235000e+01
1.692378434881935956e+00 1.190253022633840629e+01
1.600478734968784345e+00 1.238534236496838048e+01
4.115599964488342866e-01 1.305984152894816397e+01
1.895753598030758047e+00 1.148813681621728477e+01
6.148751309231691442e-01 1.206900076038561131e+01
1.357981237287759324e+00 1.246673844943287790e+01
6.664866946430871852e-01 1.206095412630051200e+01
1.977546039163412761e+00 1.212813442192280178e+01
1.356910901159591232e+00 1.208849153791438091e+01
7.721735322525089540e-01 1.191466536923062591e+01
3.430679030788333916e-01 1.330526663778003815e+01
1.071968494342098177e+00 1.254713371609804007e+01
1.974042003215853658e+00 1.212413097410840379e+01
1.672090482697426994e+00 1.166680189829064851e+01
8.453992219325041635e-01 1.246152233431159040e+01
1.997343049396381964e+00 1.305857019136357877e+01
4.155671225353638754e-01 1.274898266176342254e+01
8.041194121420808250e-01 1.183455145535424968e+01
1.039552312128890987e+00 1.171026026913120610e+01
4.484676196977452900e-01 1.278445371228860417e+01
4.248657039423591186e-01 1.289027984341699451e+01
1.326790772124726736e+00 1.247254331517608072e+01
9.023369765827122801e-01 1.238773900792121907e+01
3.039947239125159184e-01 1.366516403121488921e+01
1.713771644602078537e+00 1.213198001961004024e+01
4.292581570044873840e-01 1.232651214716183041e+01
2.099569073896698779e+00 1.158209495254114429e+01
1.624112660189462654e+00 1.179350925329670297e+01
4.906150881444559797e-01 1.252675665789776893e+01
2.039609422889409718e+00 1.265285305825489104e+01
9.388665575590310342e-01 1.243512098120884524e+01
6.094055594533877018e-01 1.204978648154566834e+01
1.483722344508024982e+00 1.225568996279269918e+01
8.665804245639313619e-01 1.196252692302851273e+01
4.385254806261336125e-01 1.290607425840815381e+01
7.234555254825886239e-01 1.235135865812625688e+01
1.205338091359500430e+00 1.233273453891174221e+01
1.662511919623001821e+00 1.294347928089001520e+01
7.152803675469122657e-01 1.187224903663958386e+01
2.036982725621130363e+00 1.242634331418680205e+01
1.902169540809149684e+00 1.165169164997754869e+01
4.449098778875090754e-01 1.226310500026256278e+01
1.655399075533851017e+00 1.273434020701747116e+01
1.248966095897083184e+00 1.176180134732701887e+01
4.885572071687016571e-01 1.292699412456510188e+01
6.724504261556601969e-01 1.263023916002241620e+01
4.805896708882502200e-01 1.286303143794888548e+01
1.017174568119746825e+00 1.254525901762622020e+01
1.166189117921652807e+00 1.202024238186752036e+01
7.679978263911881875e-01 1.186398498196898998e+01
1.369112562748132644e+00 1.253871605524441080e+01
2.030557745227797639e+00 1.269278218763322741e+01
1.002183091118313385e+00 1.178938683108866847e+01
1.613842962053226859e+00 1.179972152554323195e+01
1.082467929362900039e+00 1.257444191086544905e+01
9.151559352643787726e-01 1.201447465664884007e+01
2.201531314355279711e+00 1.186847366404421678e+01
1.802288635314591936e+00 1.216077522992108229e+01
2.027041676449578667e+00 1.287717620073103397e+01
1.458300438073903305e+00 1.276927881665235809e+01
8.821635194276491454e-01 1.196689939329916363e+01
6.330763147359474985e-01 1.210594001612857440e+01
1.443971054208394333e+00 1.193113672092776056e+01
1.981033962489424871e+00 1.233882167999300350e+01
2.112925990925857533e+00 1.114964487243137015e+01
2.058833272337620812e+00 1.245232493700532217e+01
1.372163141032966438e+00 1.254335117713191572e+01
1.374044134046711108e+00 1.241978576461525563e+01
1.239102307138002290e+00 1.248773504028363845e+01
1.750590418458966457e+00 1.282841887398633851e+01
1.183425329925588354e+00 1.214144330989082121e+01
6.440514066619754674e-01 1.234188407944058241e+01
2.034363761610707755e+00 1.296417137481383541e+01
1.586842070094145907e+00 1.274456420792177802e+01
1.247506133794409555e+00 1.232881462881188916e+01
1.795677944840364804e+00 1.170873034035597904e+01
4.186896300654522340e-01 1.236933941402897652e+01
1.236750282031321202e+00 1.184329258601727908e+01
5.355213078922191894e-01 1.296342920857890491e+01
1.026647185248918959e+00 1.203350486413053311e+01
7.881912234813666096e-01 1.209117162861601713e+01
4.651484131555812529e-01 1.243938784986476342e+01
1.947679579576949482e+00 1.128095342501654841e+01
8.195697563408375075e-01 1.194996597948010475e+01
1.548379040358245806e+00 1.251665438983711631e+01
7.751914869570647459e-01 1.226627995267448767e+01
2.201288971552332274e+00 1.286190001621811696e+01
8.563818556740406818e-01 1.226593173910376855e+01
3.168823784017966161e-01 1.317194388216497991e+01
1.987645092746137099e+00 1.187699100479419556e+01
3.675507142911658698e-01 1.305438163079103298e+01
1.455640942647437264e+00 1.205195398356448777e+01
4.336072344632314612e-01 1.259430232117651194e+01
1.490913565563905641e+00 1.229650861923237315e+01
1.914729582444012479e+00 1.231648807411626834e+01
3.877083571321670030e-01 1.289593783471060284e+01
1.533326061038501331e+00 1.151480497849351892e+01
4.947810989350767130e-01 1.257304237477565145e+01
1.298116376039726738e+00 1.243886032659699659e+01
1.408629855085192339e+00 1.224441676426398651e+01
2.013127817804896580e+00 1.145298489816058130e+01
1.927073494645332730e+00 1.190781211041123910e+01
4.657211936463872548e-01 1.212047890443565024e+01
1.913702496253389285e+00 1.156298123429476554e+01
2.109473332622434416e+00 1.207373565694891404e+01
1.161660151752052395e+00 1.246551125707661889e+01
1.879321869434434245e+00 1.169460321467054342e+01
5.165890190435871165e-01 1.206691375459346460e+01
8.696075983623113848e-01 1.258614126406045841e+01
1.969144628364425165e+00 1.278821769674623887e+01
6.849823508857589838e-01 1.223356796425557924e+01
1.195103128074397114e+00 1.190883654700265915e+01
3.447490532558943888e-01 1.309155229820292377e+01
6.678840284177507414e-01 1.202395652533492054e+01
8.973632623917134898e-01 1.262466675276130701e+01
5.287353592259829149e-01 1.303375729917741666e+01
5.046919861888573555e-01 1.254116101340614442e+01
4.000435686040345606e-01 1.315791235546928917e+01
8.094192979710052027e-01 1.237140301244406260e+01
1.752369880671385882e+00 1.279517234179217411e+01
1.833063549506710466e+00 1.281702110204172307e+01
1.732894793044596815e+00 1.172012064103636142e+01
1.187094528063735499e+00 1.185930114637051247e+01
4.588595783686792995e-01 1.306662371139288403e+01
1.716201236383211537e+00 1.126453420343524137e+01
4.205967228516762635e-01 1.295903284054199389e+01
1.472200665925822660e+00 1.231117747496766057e+01
3.932602358091607520e-01 1.281338145311657861e+01
3.666932276530260326e-01 1.295270611211976686e+01
4.056162508693668123e-01 1.267141100693367939e+01
4.241306556996475297e-01 1.314908360565589795e+01
9.454142014922929382e-01 1.221511222741387037e+01
5.987700630353274267e-01 1.240336049070590718e+01
1.551037277358464639e+00 1.264856556678609678e+01
1.493609545097110525e+00 1.272914063918929095e+01
9.448588875922828700e-01 1.249551162019477246e+01
1.480865755080739588e+00 1.269109824081974836e+01
1.417957595067907084e+00 1.157546844506094530e+01
1.592176436472205303e+00 1.248301388885331065e+01
2.036644968421795099e+00 1.236837239697530855e+01
2.289351395012078072e+00 1.132814149083463917e+01
4.368004668163350535e-01 1.308980964693163962e+01
9.606993443041281777e-01 1.225984909244104593e+01
1.479448075435756182e+00 1.196389685979407780e+01
1.125306022232743564e+00 1.207136138242231915e+01
7.755576309811084146e-01 1.197854572121702610e+01
1.981802109321419758e+00 1.116454871278350502e+01
9.128964208964932547e-01 1.199025644991996309e+01
1.768811321415475923e+00 1.181476204849396794e+01
1.741684800735098237e+00 1.266510073770196421e+01
1.218890956567365347e+00 1.259109269217191951e+01
6.762139839519297757e-01 1.235582266655644013e+01
1.401584919254259542e+00 1.250193609745473822e+01
8.343950967580767708e-01 1.212250575306230616e+01
1.974047270466943171e+00 1.291149715870932901e+01
1.763630868850689426e+00 1.292851988241815775e+01
1.805243286900492405e+00 1.293724919060804623e+01
8.857060731041310753e-01 1.234740452834435942e+01
6.540099470770694978e-01 1.246802230382395393e+01
1.279147896212067481e+00 1.276058576433446490e+01
1.703175066004811944e+00 1.191018227162202514e+01
6.393246022070082635e-01 1.193503347815309823e+01
8.119671256325927677e-01 1.231037612746480647e+01
5.475241839659198417e-01 1.232384204890158408e+01
1.604935282451676493e+00 1.235432467473707696e+01
9.215771149748237523e-01 1.252432426407564137e+01
7.624050817063198204e-01 1.250354500962957260e+01
1.467546384628536149e+00 1.202603770042644804e+01
3.406834372243590092e-01 1.315152496209669231e+01
4.803845699728052088e-01 1.243932586125985473e+01
6.356588647013148297e-01 1.215394037274258920e+01
2.141324585673795688e+00 1.261125992197266044e+01
1.945453432239879765e+00 1.312859425690516169e+01
1.894493860461806234e+00 1.311158336045980910e+01
5.618862496988311639e-01 1.185457859251989277e+01
6.490763517871777077e-01 1.178288641041728901e+01
4.820458365484787677e-01 1.280083032534059306e+01
7.723413314997978896e-01 1.207658229136573702e+01
6.132211008055103996e-01 1.226037433980433988e+01
6.837533528350961953e-01 1.203670421685618130e+01
3.695015286898071238e-01 1.300288106008556355e+01
7.936324236023535317e-01 1.244169817289430036e+01
4.833845564638985515e-01 1.282026332343036046e+01
3.833561644128991031e-01 1.244280899879399449e+01
8.437914624479976311e-01 1.176494340348742718e+01
1.515724775856960971e+00 1.222613117079247935e+01
1.022427877069483904e+00 1.193025483060079672e+01
1.581198655415202214e+00 1.184705387656446618e+01
2.062500007675442504e+00 1.133577846458636884e+01
1.842820548864016583e+00 1.225222052909452053e+01
1.916417763930015283e+00 1.221798869156672929e+01
8.433155842045816364e-01 1.243772368803186623e+01
2.057943196117151263e+00 1.241262089557731940e+01
6.746197878115511859e-01 1.251974082682296086e+01
1.948218930029516960e+00 1.184221298530624011e+01
8.043792112216562318e-01 1.198471992477502468e+01
8.545786540432041001e-01 1.248015600048602280e+01
9.492913423348882107e-01 1.258892188400208489e+01
8.839440909592777285e-01 1.215208120171946327e+01
4.417811019755273350e-01 1.276873762743860929e+01
1.779681247248851017e+00 1.131314696050688440e+01
1.910533604350515002e+00 1.089306256586725397e+01
5.259778088286631847e-01 1.267925416879789502e+01
1.106410058227730531e+00 1.233228426433082170e+01
1.084080212490927231e+00 1.232658110495649062e+01
9.024846042257594902e-01 1.208591226609952685e+01
8.020032313866692908e-01 1.247193722941542759e+01
6.626918716385761243e-01 1.255022424822241334e+01
1.190963291109343292e+00 1.260775307410646029e+01
1.905098185377838371e+00 1.146525890596297259e+01
1.975028469734886993e+00 1.120718006915190301e+01
3.440051486320461760e-01 1.274077016418228325e+01
1.687296423263613621e+00 1.161160585742102747e+01
9.212246426153648526e-01 1.233704546779837408e+01
1.919034296709584142e+00 1.234740847641474737e+01
3.185845308197033376e-01 1.304024089281822363e+01
4.482350171049701570e-01 1.269635686944514497e+01
2.088985739417549947e+00 1.209441456568026219e+01
4.440120859651685015e-01 1.250864227161863873e+01
6.792530538159563536e-01 1.240412908066343078e+01
4.045383938938160173e-01 1.304123030845734910e+01
1.571703460946050512e+00 1.226472919248368854e+01
1.085152377023895554e+00 1.244299160128740311e+01
2.007384146363681232e+00 1.285258190736414186e+01
1.897761396004453704e+00 1.218564109255722983e+01
1.981061127035079306e+00 1.208198318128665427e+01
1.771143840859372265e+00 1.282784598948198607e+01
6.596389694579551932e-01 1.241234087530365215e+01
3.901286270187952487e-01 1.255452023967952613e+01
4.121214429117949773e-01 1.309510113118163055e+01
1.489326071714968114e+00 1.174912786148208355e+01
1.985646205669970632e+00 1.289708785833719240e+01
1.182411234682346990e+00 1.256944401172383685e+01
1.847641876727628363e+00 1.173824600578859645e+01
1.460806701727504597e+00 1.178312677890900062e+01
1.461531992212363296e+00 1.194957589781381202e+01
1.697470929882688440e+00 1.263355316313017340e+01
6.931291379087618498e-01 1.205267613863630771e+01
6.359835184950642928e-01 1.226483140710256592e+01
8.492886238943898602e-01 1.211272027530015905e+01
7.036724223139466661e-01 1.161944180142813643e+01
7.473268255640022062e-01 1.161720165715480846e+01
2.007086012449865287e+00 1.217534250043431499e+01
6.006279361093058711e-01 1.232129106806340602e+01
1.497902368203480883e+00 1.260649556480261246e+01
4.140358273955862534e-01 1.241158183847351459e+01
9.327484099113211302e-01 1.203467545841686714e+01
3.948040108853674290e-01 1.294650001805711348e+01
1.686809556257110154e+00 1.266607843593656035e+01
1.855676542484643754e+00 1.248750400220403378e+01
6.824876961934287500e-01 1.247507236597422597e+01
1.282469053265006265e+00 1.218492173757564778e+01
1.036842279950279888e+00 1.204539900080395221e+01
1.318691663664825153e+00 1.214297068125541834e+01
1.664039513367459477e+00 1.220137564383331608e+01
1.924177316919175373e+00 1.213591277647764421e+01
1.840338569335650432e+00 1.223216110672009904e+01
5.416416809808143329e-01 1.215502408714878335e+01
8.662147435214730962e-01 1.242808125674426734e+01
1.468798470430972225e+00 1.216667450599346090e+01
5.472961550666585184e-01 1.258121542413055849e+01
4.706035414097230474e-01 1.280880299937141409e+01
5.647901676504671897e-01 1.251631644028488743e+01
1.953971864419269844e+00 1.082613154664838184e+01
4.538552782603443303e-01 1.297578743727584083e+01
1.682678300686097250e+00 1.249928879978025797e+01
2.047389805821171915e+00 1.211155988681561979e+01
4.146487116105851412e-01 1.270552656382447765e+01
1.136032534149761242e+00 1.212739569952827701e+01
1.312166741930596903e+00 1.224865860346188384e+01
2.080013263853110583e+00 1.203221567916389034e+01
1.875484131568667223e+00 1.230209994738638812e+01
1.760334741107604239e+00 1.255656518185725723e+01
8.768425304886235949e-01 1.235871679252975142e+01
1.603073121757451203e+00 1.252452099641521777e+01
1.972055182704683274e+00 1.251791236549223107e+01
3.200778213870903999e-01 1.309001427428096598e+01
3.613594099351076228e-01 1.274480078877910039e+01
4.691126050796918801e-01 1.219416253124107818e+01
1.859646644779311631e+00 1.216701153692615911e+01
1.959478051724055092e+00 1.229451283248018179e+01
1.112930412469997021e+00 1.196835095033501695e+01
2.008872701740594735e+00 1.184652772107496688e+01
5.622915633705625194e-01 1.274853338834652483e+01
1.228218232753249595e+00 1.275026614879832110e+01
3.503035343133230617e-01 1.289681378498118391e+01
2.975835160328714202e-01 1.353945971482978017e+01
4.875960008276221114e-01 1.278587281166628387e+01
1.704212284460435489e+00 1.157881055066931353e+01
1.781623159262732514e+00 1.260273334876271889e+01
2.465818404137265496e+00 1.337426012412928245e+01
9.893776356040001607e-01 1.229236564707510126e+01
1.237291805539685097e+00 1.262485899056112792e+01
4.116804572266375972e-01 1.296985093365363362e+01
1.900182666216751581e+00 1.263469528233335559e+01
1.520157311690422564e+00 1.244391591073413394e+01
1.161387524977749441e+00 1.240344934493688100e+01
1.340502415813077164e+00 1.243705356109553328e+01
1.806670564549511582e+00 1.259416325587541152e+01
8.106151566366430750e-01 1.256819356181650704e+01
1.879510506293509797e+00 1.268322606280913156e+01
2.164339418634767753e+00 1.259940451804047257e+01
1.667242069424803352e+00 1.228889591539401849e+01
2.086249437530868889e+00 1.218551285465964895e+01
4.045923079050960380e-01 1.242415856350713099e+01
4.393216570256684439e-01 1.278068387471989809e+01
5.125071304821051665e-01 1.263271517333267191e+01
2.143083368728971649e+00 1.219797555115635213e+01
2.070721035541723598e+00 1.291489395427418607e+01
1.495423834221503379e+00 1.279985930856993370e+01
1.651125530521877716e+00 1.229023288052206198e+01
6.778589066217318715e-01 1.180980786234362334e+01
7.816759115453573159e-01 1.242146560012967527e+01
1.776729099856275029e+00 1.272818157618727319e+01
4.342269182626669055e-01 1.277712605557584169e+01
1.734466314117375729e+00 1.226860597901844585e+01
1.631537859196864337e+00 1.223631560482560232e+01
1.700544859357132399e+00 1.190939399157281997e+01
6.915757309588795865e-01 1.173247474837349102e+01
1.686880807463833065e+00 1.192506382732212344e+01
9.603378953369622328e-01 1.204367531941640479e+01
1.230257889648683989e+00 1.240180743284171250e+01
1.990737823446236954e+00 1.241871785618330115e+01
1.400762120119754206e+00 1.275656952336913719e+01
1.821374663646749159e+00 1.262526538325333725e+01
3.286083927527383430e-01 1.330242928672185343e+01
2.202444687774805843e+00 1.198181152265004989e+01
4.703714755083101551e-01 1.225348776093795422e+01
1.808343315376452543e+00 1.243764493634052570e+01
1.421860648153747464e+00 1.207017969406359370e+01
1.027415945186606061e+00 1.202332164164259076e+01
1.485896963910217972e+00 1.260852487195439409e+01
3.474779854404537183e-01 1.311909564387714333e+01
1.793479465446834675e+00 1.218161223451762076e+01
4.383425854454695014e-01 1.246013075401138970e+01
1.735429415937018938e+00 1.245441057397178142e+01
7.649579318528427763e-01 1.230472928782281983e+01
5.004818027794435409e-01 1.264717130775810183e+01
4.686651300750684923e-01 1.299718659359419703e+01
7.971337570886692925e-01 1.255995118050794801e+01
1.544247790781321239e+00 1.260702310599090836e+01
8.293483260458588413e-01 1.189555763011968637e+01
9.922573162489518594e-01 1.217606068730402313e+01
1.212316731032645922e+00 1.224207070414865584e+01
1.866352747484563368e+00 1.167504084035030765e+01
1.468642014646919458e+00 1.228464453803995404e+01
1.283302197284032387e+00 1.229831816347767059e+01
9.623416174936408884e-01 1.237302676867651741e+01
5.159804502609482979e-01 1.251233845970517500e+01
5.849092666653304962e-01 1.198740153256838248e+01
4.235460931944957097e-01 1.233746480210056440e+01
1.938422256486899586e+00 1.064862030724390429e+01
1.232056432854581995e+00 1.214752021422921402e+01
1.956676490449191119e+00 1.164795539604896391e+01
9.434880623482134743e-01 1.155516766390084094e+01
1.273945929370738028e+00 1.192344266648927409e+01
6.422614036179848940e-01 1.187001085668478773e+01
1.965800284334405346e+00 1.211792247230969188e+01
1.430587239244426545e+00 1.187193877255559826e+01
1.478087353257751202e+00 1.188740836405808565e+01
1.527038941863883448e+00 1.138743658543184090e+01
2.945432149531601596e-01 1.369114347229250228e+01
8.242951240354898790e-01 1.190532595211289824e+01
5.160280462054265271e-01 1.192294711451609324e+01
1.777797698940420945e+00 1.251844106323473227e+01
7.366609824221466152e-01 1.158759054356805507e+01
2.112757200222096898e+00 1.061111879595191176e+01
1.837085588038862571e+00 1.142506392257412884e+01
1.003839721973598831e+00 1.189801076166475724e+01
7.426501131258678168e-01 1.185341261733212725e+01
2.552694400922256857e-01 1.398676477970668053e+01
1.937310159341824711e+00 1.186282110681251112e+01
5.120738689231852936e-01 1.267917241280751561e+01
1.905619955556689726e+00 1.164922075497826270e+01
9.269884501420397882e-01 1.218310773680707193e+01
2.016882032727417506e+00 1.109528784743490348e+01
6.341755406165179298e-01 1.267012600216186158e+01
1.648119431331116269e+00 1.289809822430819075e+01
1.007771799192740403e+00 1.262733695666287836e+01
3.820188096472357242e-01 1.322499342495378194e+01
1.549306348225984120e+00 1.278339836316194322e+01
7.114601645361439131e-01 1.206209359364961031e+01
3.831496659069721367e-01 1.240286581009805644e+01
1.973573001072896016e+00 1.271526490665049991e+01
1.674434756462670926e+00 1.213442191391572145e+01
1.565266311410837607e+00 1.212486087727111972e+01
1.975305782406978850e+00 1.159123444868947850e+01
4.987821523249794109e-01 1.212525458585376370e+01
1.145380476264892700e+00 1.226768573894625369e+01
4.493530131282187923e-01 1.247094675600161118e+01
1.548656967618015523e+00 1.153278034547794917e+01
2.013661991562550657e+00 1.115118017847646747e+01
1.166218863568627917e+00 1.176345837257796489e+01
3.206654986694028042e-01 1.286488797765383651e+01
5.187054388428392615e-01 1.273837042742673731e+01
2.032973367969935996e+00 1.185182234987290428e+01
2.754432589603260095e-01 1.362160297200334469e+01
1.708975049000090340e+00 1.228003027778768441e+01
2.062728903317179174e+00 1.213129626435136821e+01
1.959036647279987609e+00 1.183220979658356953e+01
1.370715506995671795e+00 1.233531646585902841e+01
5.255385771403053852e-01 1.226452162403447055e+01
1.526206666031930226e+00 1.247068900248566869e+01
1.909736696082082963e+00 1.284077273555694632e+01
1.735484770151151324e+00 1.185578363418443359e+01
1.709464605407934101e+00 1.189471173363132550e+01
1.525542284560567952e+00 1.224002046922198694e+01
3.772088788610933330e-01 1.264652477717570456e+01
6.507047431952459604e-01 1.181294407890141684e+01
1.899871133188482997e+00 1.181827300285478444e+01
1.725865986902350047e+00 1.223921771744080900e+01
1.013467772449927917e+00 1.206663901359771351e+01
4.440281823575386588e-01 1.232838051216236153e+01
4.318298717347314186e-01 1.275535380274753727e+01
1.403968460464725787e+00 1.243218107132258865e+01
1.310506217316310229e+00 1.196070257229882472e+01
2.050067689129720705e+00 1.181430067675696982e+01
1.929654245744604868e+00 1.314213917390673814e+01
1.332710174997806529e+00 1.209038496081813463e+01
1.746665618588721491e+00 1.211837573245405508e+01
2.141531375988537711e+00 1.170756677133013035e+01
1.061504653453174019e+00 1.150316497946420924e+01
1.404180794129630261e+00 1.241032994977375203e+01
1.059542020458519307e+00 1.236820031367946626e+01
1.067674167899399285e+00 1.265242745740892794e+01
2.079216904547791067e+00 1.185786603262480376e+01
1.151966119534768795e+00 1.253967873102236474e+01
2.097091201213453715e+00 1.319310200045012671e+01
1.942135394298855289e+00 1.115947333839270961e+01
2.038291490505891090e+00 1.100212466358214236e+01
1.914930792807754134e+00 1.172610103695874173e+01
1.377692835901133783e+00 1.208287552049544011e+01
2.158415157167680398e+00 1.138446403926706374e+01
1.083818303857580823e+00 1.223796467238728347e+01
1.149879114791432677e+00 1.196208931496962435e+01
6.026780517088639044e-01 1.202676308779669867e+01
2.110231756971278738e+00 1.198063681922179669e+01
1.320972219003539783e+00 1.239135679415839775e+01
7.655607004086315559e-01 1.182395798811260867e+01
3.168995217238281259e-01 1.326144331703717860e+01
1.767123502332671237e+00 1.261340368457780059e+01
1.428182014164535385e+00 1.269111709444458214e+01
1.258689694705986906e+00 1.200739248612494414e+01
1.101610753559774780e+00 1.165924142519389051e+01
4.153917728378392349e-01 1.238740351533354200e+01
6.128079861910971093e-01 1.272416587480479677e+01
5.582576906751842705e-01 1.280721495909501151e+01
1.133975124579192473e+00 1.191540072092314517e+01
1.308756546938205423e+00 1.195418005570652653e+01
3.502762674377178920e-01 1.297819423539353245e+01
2.085892258639535868e+00 1.112069592093868664e+01
1.850310174424493637e+00 1.281115445013112186e+01
1.508479472768215590e+00 1.280473708099412100e+01
1.004202504906537285e+00 1.221489115651555579e+01
5.964393817233983874e-01 1.244526392485160926e+01
1.348015451131503450e+00 1.237400043224514690e+01
1.201585666859362966e+00 1.231583807709995604e+01
1.912871617384336309e+00 1.244605814713779068e+01
2.152359228392215496e+00 1.248175386339076276e+01
8.915993894782252571e-01 1.238477496702368441e+01
1.803695777407586576e+00 1.187804771633216561e+01
7.642545376517011491e-01 1.198662381617318751e+01
1.823024642496761105e+00 1.131983693377813793e+01
3.939800507846958899e-01 1.246252451313965537e+01
6.487791777699054574e-01 1.186351108655445685e+01
7.905716267663205343e-01 1.178622038754257417e+01
1.347643080964978646e+00 1.204428833329819604e+01
3.546677423584206346e-01 1.269386545191395754e+01
1.934807300517547679e+00 1.179914977742015836e+01
1.533131887121661707e+00 1.268946694070304915e+01
5.556448658815643649e-01 1.257532397829648296e+01
1.865920221305728210e+00 1.187098699190000950e+01
1.382629889681530999e+00 1.184274380842894558e+01
6.945594901409268829e-01 1.272039379690620109e+01
1.389792975957470533e+00 1.272330624207018168e+01
1.986306302652539824e+00 1.301657224144130076e+01
8.915657697241081703e-01 1.209358862554734415e+01
1.496639515033196366e+00 1.242673556068744567e+01
5.422044151469963547e-01 1.199122532411927189e+01
1.780577133799025713e+00 1.210341036262881254e+01
1.106088089318646661e+00 1.225406331876802035e+01
1.873623234319024444e+00 1.153761365824518670e+01
3.891393662819272459e-01 1.254562707995399862e+01
1.550613426306482356e+00 1.260089824944144965e+01
4.642371822917018553e-01 1.277043519281212447e+01
4.622349011229153759e-01 1.216515200303615529e+01
4.687514613375706185e-01 1.214486336838881542e+01
9.812897163622782415e-01 1.249486947951433891e+01
6.064797989465133821e-01 1.189223752666513612e+01
1.897983239474279271e+00 1.285612345913015808e+01
8.510769977542624876e-01 1.209759975728531600e+01
2.053258490117559454e+00 1.151307459399086142e+01
1.083930180887833883e+00 1.194488634502138424e+01
3.634718641327036037e-01 1.334521610325830920e+01
1.992112205325567098e+00 1.216258378240316418e+01
1.304178812218504069e+00 1.244119379515941759e+01
1.553709697994375860e+00 1.209026400783731070e+01
1.795204310718533369e+00 1.250519938122649499e+01
1.694511620278200681e+00 1.227589186859495740e+01
4.661822414181701069e-01 1.267905429088422409e+01
1.269275335616792511e+00 1.187729188461334040e+01
4.332015782237519375e-01 1.223754976166956787e+01
1.526195016411895145e+00 1.244878407285841959e+01
3.686012955729074392e-01 1.267409142668870814e+01
1.424950877889137768e+00 1.205236204645410858e+01
1.206833264519998172e+00 1.203191375158809429e+01
1.038245081849499041e+00 1.268152062849184780e+01
1.101482512819558668e+00 1.268618232335971818e+01
1.748923049002193197e+00 1.243898128847382800e+01
1.070225650026279451e+00 1.220683636004682349e+01
3.719501763404525208e-01 1.320272425125348548e+01
1.389611117927044059e+00 1.251652232528223685e+01
1.199117991694345520e+00 1.241881362470634897e+01
6.515163436646457251e-01 1.206019804055597255e+01
9.763742888696244071e-01 1.206713484930592273e+01
6.046736578500334636e-01 1.229048316846751199e+01
5.459568238031226040e-01 1.239311796022760603e+01
1.525785537921144686e+00 1.275356872796714924e+01
9.469128023949185957e-01 1.161157640443356875e+01
7.668025502503806878e-01 1.208404431856717487e+01
1.086987002568215344e+00 1.205998175515397364e+01
4.106394953948926396e-01 1.303806750047698415e+01
1.114509717835852065e+00 1.230201742612885063e+01
4.394936834496186440e-01 1.272390726924506232e+01
7.746567768485183025e-01 1.226010059987112655e+01
2.122081672276527886e+00 1.222614320513119601e+01
2.830986157510662071e-01 1.333878893953302125e+01
4.344361823544482526e-01 1.202589305103312434e+01
5.546229745255714105e-01 1.202648498149704359e+01
2.040214383821505884e+00 1.265274507619247935e+01
1.941253440751062431e+00 1.239857277788362921e+01
1.026490162486683566e+00 1.240360772953465585e+01
5.098871661762170993e-01 1.251423816066405337e+01
7.767658630540316134e-01 1.218039945608838970e+01
1.484037611940349111e+00 1.235826549624030157e+01
5.552409596886286325e-01 1.193406400442861681e+01
1.106031888512661210e+00 1.188420374501999000e+01
1.727326516291425751e+00 1.178080458421958632e+01
7.722326257096384650e-01 1.181519247501903713e+01
1.237363095550158221e+00 1.186379544419477305e+01
5.727649021238230276e-01 1.282937866783070646e+01
9.793727775484811771e-01 1.239661385012896666e+01
1.441360336858724889e+00 1.244867129951872542e+01
6.004304483741110809e-01 1.218371491453090272e+01
1.277959962588701481e+00 1.186674774905451635e+01
7.048415128513195738e-01 1.214384553877077977e+01
4.313737640819165775e-01 1.210925651608875775e+01
2.956915857714397800e-01 1.323523358413446438e+01
7.873736645689948244e-01 1.228789760581200952e+01
7.804111691830857289e-01 1.210868341603478271e+01
2.237160773888335452e+00 1.222850298402737401e+01
1.128570140551940160e+00 1.246627451802789288e+01
7.916620141687142898e-01 1.225339934257013930e+01
1.251402626956432673e+00 1.203966931319832412e+01
1.427835766467156597e+00 1.191895047987416767e+01
5.126049948173665438e-01 1.228766897636047872e+01
1.222516974955698776e+00 1.187049314894261087e+01
3.971974128045708263e-01 1.237317507705024511e+01
2.809831825182921294e-01 1.357162082867063901e+01
2.169010955369905513e+00 1.217883204779296591e+01
2.023832652982901159e+00 1.287130167497627831e+01
8.983960638792234388e-01 1.221373263446619539e+01
6.223807368852836142e-01 1.175074900123301624e+01
1.588097772130883323e+00 1.144070072252099379e+01
3.255254024633132404e-01 1.330194623704996815e+01
1.942346792362399377e+00 1.187432361019702221e+01
2.004709593486895702e+00 1.235328380787759528e+01
2.034428071113218994e+00 1.279992687226305215e+01
1.798694014772081129e+00 1.273825663409285269e+01
1.105736896297934591e+00 1.253508988332610841e+01
1.332965366125398177e+00 1.260511014697648058e+01
8.050329858077902578e-01 1.235851947334101375e+01
1.215755727030521260e+00 1.217112528218629741e+01
1.876196187314141950e+00 1.195974929235602957e+01
3.214625537593506777e-01 1.303775424916967829e+01
1.078940131364578781e+00 1.189183882064254050e+01
1.280131559494624316e+00 1.176633832705570448e+01
4.963785269059650673e-01 1.191743184264987931e+01
2.067683375205014773e+00 1.176006225307241770e+01
2.058855125300875777e+00 1.176793858991512742e+01
1.849550324591107353e+00 1.288369427791764110e+01
6.906518905137635223e-01 1.252661634048143213e+01
6.210333238107481613e-01 1.257971412971143188e+01
2.115845684909745117e+00 1.168007106994715016e+01
3.975959378909548758e-01 1.262841138734913748e+01
6.049073712980442830e-01 1.197137197416684096e+01
1.244046738162356336e+00 1.200492576325275884e+01
7.999073917982103543e-01 1.215657642671506089e+01
1.353980910232217338e+00 1.260131432634455351e+01
1.820631122395617751e+00 1.196094280469095494e+01
3.907085505786002111e-01 1.270394366401288977e+01
3.275102626072381451e-01 1.308559168924738714e+01
1.896581426176344509e+00 1.166602801108504472e+01
6.074955301354976189e-01 1.240238862837659362e+01
1.698300021505722457e+00 1.123348108957411640e+01
1.429830654826210301e+00 1.156295795763923273e+01
6.666265531051902560e-01 1.217297385541234611e+01
1.498174077497648637e+00 1.246718961188124730e+01
1.833167824923550349e+00 1.220202455022201349e+01
4.930551283730298939e-01 1.195987328061788268e+01
8.940982994578534626e-01 1.217168155633578941e+01
2.031642547304105761e+00 1.243365957230923158e+01
2.181927347036958231e+00 1.138227869090388999e+01
5.061698502262511612e-01 1.268882723585770478e+01
2.722596476749151173e-01 1.385974503102732669e+01
1.401657287931346696e+00 1.209093928532437445e+01
1.612470234609550523e+00 1.229473220257218280e+01
1.948313025537623311e+00 1.163916623339697942e+01
8.584949516677778947e-01 1.219535528477022268e+01
4.049405570749976535e-01 1.295105020432041698e+01
2.044169717789629637e+00 1.265952219767745568e+01
1.820924054251278124e+00 1.252569322216747594e+01
5.762560473395330618e-01 1.186897532467771121e+01
9.116746295003770317e-01 1.184566994664122852e+01
2.865081771020447365e-01 1.331874917894142740e+01
3.243418345556562943e-01 1.278520411995565986e+01
9.049704619892154911e-01 1.230939239712905220e+01
1.529334568840533759e+00 1.211804542784795835e+01
1.726714568697986563e+00 1.269051205465205001e+01
2.419423953167197716e+00 1.219851441959260718e+01
9.221367821213315441e-01 1.219967643121623269e+01
1.008712433193974078e+00 1.162501805006808908e+01
4.351650370549697278e-01 1.283076967439222926e+01
6.085439341722660433e-01 1.222123349910531687e+01
1.168996463707473232e+00 1.196400241295694400e+01
1.149355127594690495e+00 1.274753354940397010e+01
8.765437187200489921e-01 1.266285132154851745e+01
2.799485739217176805e-01 1.361146817475819937e+01
1.478544951684080733e+00 1.135354633566044491e+01
2.126091283853243752e+00 1.235588931043677086e+01
8.936732805477936026e-01 1.247128269214666751e+01
1.466330749155444479e+00 1.201385566296320029e+01
3.673035268345784532e-01 1.275723586558477507e+01
2.039065166417175057e+00 1.284074287167432082e+01
2.093145545668145591e+00 1.283423708356836102e+01
3.943922445874163962e-01 1.226653102373109938e+01
1.314459798250190881e+00 1.197848377222390859e+01
5.531201360498927411e-01 1.225550294864235390e+01
4.723878547568690633e-01 1.257758530486949233e+01
6.323184577349638680e-01 1.230426507773275802e+01
1.542161260071515327e+00 1.231249733599912055e+01
4.987440754833536993e-01 1.251006946071547432e+01
7.353896794250295299e-01 1.270208835121485791e+01
1.994516526539106716e+00 1.294550949693734765e+01
1.763592097021065896e+00 1.267967395663941588e+01
2.036584682698948434e+00 1.269497103560542151e+01
5.918747731958190483e-01 1.261633183362449984e+01
1.465578550638479749e+00 1.254343871410590516e+01
8.922530159326111932e-01 1.242215020922209057e+01
1.526010232200478267e+00 1.250045801328687389e+01
1.596853843489983049e+00 1.284772568503803036e+01
1.560420384206628874e+00 1.205815960883257709e+01
8.413615909502254464e-01 1.178620116014764818e+01
8.885232534643747737e-01 1.242993439590843430e+01
1.073882004484272290e+00 1.241664605884945871e+01
1.411470604370698156e+00 1.207380710040573923e+01
1.765599245217835733e+00 1.218803916992942327e+01
4.058426090377555973e-01 1.268449993244666452e+01
4.066601813092788342e-01 1.326399214833726248e+01
1.600067241933435858e+00 1.286639380563464741e+01
5.185104650795009373e-01 1.303309393662885007e+01
1.356040690246126834e+00 1.258628595885348744e+01
9.139319802186387509e-01 1.273186187241711664e+01
1.340397726091717256e+00 1.255559077575715321e+01
4.808156463782577439e-01 1.299119374656665649e+01
8.850473255954565133e-01 1.241134440089881608e+01
1.482725604656380147e+00 1.247250714783762859e+01
1.638026580617661487e+00 1.184660656200557227e+01
5.799651160956522666e-01 1.212165136676159172e+01
2.094142421973704149e+00 1.231625274845531948e+01
1.278224684352699869e+00 1.214605688791334082e+01
5.947953710586857401e-01 1.264118059396643723e+01
1.979503456044153786e+00 1.265397534280669589e+01
1.482925828866936024e+00 1.259021419472351688e+01
5.067155886870148285e-01 1.268548038150327706e+01
8.710123613632335671e-01 1.236015474363685840e+01
1.449489685478509982e+00 1.234468977085129815e+01
1.489608424106032780e+00 1.165783759877740167e+01
5.236242308316679805e-01 1.203342920444654318e+01
2.888074144845447222e-01 1.342910045560952526e+01
1.900168028778860041e+00 1.179596907869928124e+01
1.982510236272057691e+00 1.245885674749858474e+01
5.020348242282697271e-01 1.226870757742367424e+01
1.040612266989483725e+00 1.223931549977942090e+01
1.080801558438644783e+00 1.250370247773260424e+01
1.375313992946911146e+00 1.259307728304379559e+01
6.186012192453951286e-01 1.174298082509853103e+01
1.350049583499340455e+00 1.223023341860966973e+01
1.582203385860440292e+00 1.179315408327652648e+01
4.441133295722767271e-01 1.326332760053671223e+01
2.123747003424061752e+00 1.292902377644637646e+01
1.983769589884296636e+00 1.201993934145841258e+01
1.998739905291465169e+00 1.200582050968954562e+01
1.233943593952908646e+00 1.207349306105595765e+01
1.743491687305479765e+00 1.215156950978528627e+01
8.136074153833691147e-01 1.210114085195839806e+01
1.040702206390127005e+00 1.224256047207739151e+01
2.027518519925147977e+00 1.309239081802324911e+01
7.146007071995983395e-01 1.257727595183083480e+01
7.935313249253523882e-01 1.211492009421792027e+01
3.045260644960737784e-01 1.322680795197759451e+01
1.659248735228152416e+00 1.253119383025064515e+01
1.146268732074620988e+00 1.249616961012546845e+01
1.912590900413356110e+00 1.092866899169855444e+01
8.387866535326574668e-01 1.194071427943937636e+01
2.163639393938131317e+00 1.230714264326478613e+01
1.748694691727225914e+00 1.248161930915119555e+01
9.509718243994842446e-01 1.165156294260921932e+01
3.500120329606898339e-01 1.301622094161744947e+01
5.548957114923578349e-01 1.216518261835226866e+01
1.042285470120914992e+00 1.152073912286733659e+01
5.864943623901279768e-01 1.180774698882167684e+01
6.378685292120669370e-01 1.263751573775050652e+01
1.548524932394164999e+00 1.265075279211962744e+01
1.753034813750226961e+00 1.209233711405413203e+01
2.030504456287586468e+00 1.211458803262751971e+01
3.829279908846518476e-01 1.302661298626133402e+01
1.463231004066978924e+00 1.212052009420710164e+01
4.134316757159716138e-01 1.270455894372836170e+01
1.888150710725171155e+00 1.176262532267794469e+01
4.958961709951671404e-01 1.293974554903882002e+01
1.812410676613826377e+00 1.210355949237563600e+01
1.641081274539239354e+00 1.210034867512640133e+01
1.396974525300552328e+00 1.222156508747355375e+01
7.213188076521679371e-01 1.177938450114563729e+01
9.540873973203854996e-01 1.178943177972151268e+01
7.321254138283148638e-01 1.255775599423317956e+01
8.952239789597304931e-01 1.190098817767638550e+01
3.864116862250613349e-01 1.319096636510054843e+01
1.724538341583626844e+00 1.208834055614368452e+01
6.850713876510486910e-01 1.227084894856607100e+01
1.857601697599328583e+00 1.183528140640858339e+01
5.710408361793486431e-01 1.192130268259267112e+01
5.151858397504721632e-01 1.269485746445019103e+01
2.044364664894637862e+00 1.135801125648858267e+01
1.742357958924913186e+00 1.240025937994366956e+01
7.959228967908645869e-01 1.203364489372970958e+01
1.082325882514148851e+00 1.268508911996408628e+01
1.674963241891211263e+00 1.203753250924766149e+01
1.878842921148263123e+00 1.278769861930845941e+01
1.740751188211040912e+00 1.274019667048746562e+01
1.821658131342107634e+00 1.162200547870316925e+01
1.323516665782590307e+00 1.234090029174617520e+01
1.077582401985943905e+00 1.233251882939703847e+01
1.070395472910919965e+00 1.171753124742217445e+01
5.553455091136841881e-01 1.223363769019892722e+01
3.640256993060068114e-01 1.300736307255367485e+01
1.175333065864097248e+00 1.169492909099889388e+01
2.903835156615552915e-01 1.355239237027056198e+01
1.510666920020584669e+00 1.129442807216621425e+01
1.997087352757125789e+00 1.210687110709740466e+01
3.878323617566879489e-01 1.249858358228087418e+01
7.182745350469963430e-01 1.204486727593122275e+01
8.588559374353128550e-01 1.234215442010633623e+01
1.880085302571140593e+00 1.303491267874054316e+01
1.563557613744185337e+00 1.286309227784581921e+01
4.795111235258212035e-01 1.228716703246602471e+01
1.645923425977131149e+00 1.229349233295703847e+01
1.616303712628734734e+00 1.194715003844170376e+01
1.822988920891054132e+00 1.176801653659962632e+01
6.893701876628106628e-01 1.236476906446087121e+01
1.099869018294141521e+00 1.242394678783910145e+01
1.135419342693249734e+00 1.249789257946641818e+01
2.116112207196745754e+00 1.215992047201986104e+01
8.369510801558499580e-01 1.199260054280689403e+01
8.537742897945203024e-01 1.229610623883796094e+01
1.682271160115499820e+00 1.232739559799391316e+01
1.514442045861831510e+00 1.115316531491571261e+01
1.956925016296182429e+00 1.068517227837214634e+01
1.288792521724809070e+00 1.161490031374718512e+01
2.031283422852169895e+00 1.134513474118844911e+01
5.760388542782567400e-01 1.230608656564910142e+01
6.769812224969835590e-01 1.219266834207591188e+01
1.785036953143138927e+00 1.275719395910693876e+01
1.852039886203266095e+00 1.261661575251845946e+01
8.383927224839854420e-01 1.227595480185143018e+01
1.466273137904935853e+00 1.194637038790493300e+01
1.226907260307036784e+00 1.213711026527753134e+01
8.608219333742415103e-01 1.215964090366027861e+01
2.037087637486908687e+00 1.267333370307740559e+01
2.088984898380355837e+00 1.230883212356573253e+01
1.960180493163371951e+00 1.277359586806053748e+01
2.263004175815885866e+00 1.265864559644681009e+01
4.989277612188056654e-01 1.206228115003132650e+01
1.880997837746804624e+00 1.236637234833492016e+01
1.352800993054874112e+00 1.241550919610775949e+01
5.928517853743849875e-01 1.217943962364216759e+01
4.712209147608305004e-01 1.216316262698202344e+01
1.365813226982451889e+00 1.207287837451347556e+01
4.631083473930119321e-01 1.223265581674184688e+01
1.074754838993806860e+00 1.169313585093103569e+01
7.630704468662937723e-01 1.232354444882322042e+01
1.935578749242171659e+00 1.283312644830722782e+01
1.108818603906180256e+00 1.188351136067874059e+01
9.419223574883222039e-01 1.184796211497484997e+01
1.020473896072998654e+00 1.200763596059386806e+01
1.165288936597410396e+00 1.203371092294893607e+01
1.993206391262505095e+00 1.255395160642803631e+01
5.348515126724755486e-01 1.266266771719939221e+01
1.485162892397134726e+00 1.184377996508200681e+01
1.748951035000879006e+00 1.178044138715438294e+01
1.912929674669319846e+00 1.180336280101149526e+01
1.989295671119594155e+00 1.168499311831617327e+01
1.897379081178671267e+00 1.230438684810512484e+01
1.630370176730731924e+00 1.189626620953475999e+01
1.298317152821739873e+00 1.193866522883897652e+01
4.790921431992543056e-01 1.190376101739654935e+01
1.420250355795587671e+00 1.201587776748884195e+01
1.237105644187249887e+00 1.196271960701732695e+01
1.964904872538115965e+00 1.138041899552151648e+01
1.004387502205331018e+00 1.169877012283702200e+01
2.207772378586375872e+00 1.231723425203934141e+01
2.142699430154976881e+00 1.191413491208689024e+01
1.528529486977423080e+00 1.227279155541379474e+01
1.461516198707892400e+00 1.184704419130198616e+01
5.206270917564618239e-01 1.216245378680665468e+01
1.053491640396790885e+00 1.202853188961941555e+01
1.765424834535332055e+00 1.209380878359672096e+01
6.550064563360010750e-01 1.257409908822760514e+01
1.999265444504760181e+00 1.134616972219573761e+01
1.005103301990860842e+00 1.257403860570231302e+01
1.329941878757447293e+00 1.217710009778104485e+01
1.744322776698502553e+00 1.202218099836813003e+01
1.588123597042256030e+00 1.203216433164716470e+01
1.194950444792133970e+00 1.222872860716712395e+01
4.999318953802537879e-01 1.232118668903503256e+01
3.892882254020796351e-01 1.279939852578555737e+01
4.411069891229600359e-01 1.201871314043866867e+01
7.125119175707461672e-01 1.166557941044475122e+01
5.604188891086228086e-01 1.239831041713547144e+01
6.015610776934197101e-01 1.232910446696942230e+01
1.576057970742926972e+00 1.120695646898130349e+01
2.103031794830217294e+00 1.304518700997945224e+01
1.718362319441536279e+00 1.250359473080635730e+01
1.268243057556823761e+00 1.215750403918914735e+01
6.275287267296526528e-01 1.229803735249550378e+01
3.479488499361020892e-01 1.288980363734014389e+01
4.499098857650530303e-01 1.223559492870264620e+01
1.761684708194550808e+00 1.229026027821960376e+01
3.598734143164200039e-01 1.276839681109183999e+01
8.085575762034610259e-01 1.213108575230060637e+01
1.425404771955651517e+00 1.247871962578326155e+01
6.058350763735937949e-01 1.221870382772297070e+01
3.894733187764324311e-01 1.287916235842108925e+01
5.937636773296995907e-01 1.248035594139373927e+01
1.371353348269353400e+00 1.275542265096228789e+01
1.869365190326801596e+00 1.155290498236303520e+01
2.001798097264249510e+00 1.136184991237975694e+01
3.113771028478940495e-01 1.313734108322507943e+01
5.117352088397768561e-01 1.194912101062070597e+01
1.487734071022677851e+00 1.248818052008950374e+01
4.592575692015126720e-01 1.229004252043915280e+01
1.476453269730760409e+00 1.207487320890403737e+01
4.896494507040122235e-01 1.283953896490672442e+01
1.830247843067991598e+00 1.290272875191593727e+01
6.834547344892049070e-01 1.272556791827771150e+01
1.826367766069521670e+00 1.217095458843821199e+01
3.282397070722611887e-01 1.340319210945265205e+01
1.794364258641296006e+00 1.233220730820337252e+01
9.553058681204794622e-01 1.221213672151824170e+01
5.127808234692424749e-01 1.295655460861662789e+01
9.872636258821235744e-01 1.258628971306928968e+01
1.936569254037764143e+00 1.193919313322266618e+01
2.581968970709420108e-01 1.405000468539645730e+01
1.616080703920033113e+00 1.193234849100456607e+01
1.835678482520264554e+00 1.189718051478581273e+01
1.587511790446767490e+00 1.282229998606363708e+01
4.772085762529729158e-01 1.271310251089192533e+01
7.180960386516166416e-01 1.241346165292705095e+01
6.517518075567064750e-01 1.194106954427627443e+01
1.576295383735937694e+00 1.224779539934306705e+01
1.120379637269615536e+00 1.196215461017067305e+01
1.150745910588852228e+00 1.248928926518796167e+01
1.587906421039026128e+00 1.149417672855849659e+01
1.941863690307037649e+00 1.089168237170539300e+01
8.191599300981334819e-01 1.185487863346267545e+01
5.456618041951172282e-01 1.288737086768460038e+01
1.560078770068969334e+00 1.260538529691924303e+01
2.206141042224712745e+00 1.227455500573536185e+01
2.259316608734110776e+00 1.257722812821805292e+01
7.537804384218498299e-01 1.257502653309161822e+01
1.973594808514471888e+00 1.199875534855046588e+01
1.986330075842056342e+00 1.214790042695791961e+01
2.087756749748999496e+00 1.208729693247852133e+01
3.722640446074731435e-01 1.316872907723586472e+01
1.470311328939978956e+00 1.197327690363545649e+01
1.103596045844694284e+00 1.221897049750231012e+01
1.881041748657110269e+00 1.209819760686041334e+01
2.114671148198858042e+00 1.200892981657567127e+01
1.550903822009871647e+00 1.222418362674051373e+01
8.123513797656344293e-01 1.182115460959733433e+01
9.727632900815321726e-01 1.224266668570821714e+01
4.296242517537293693e-01 1.210463227468448011e+01
1.952909610191218004e+00 1.103542700625107464e+01
1.333276715418730607e+00 1.234800942931395262e+01
1.280444484146181727e+00 1.232681534115085142e+01
4.934596465609162874e-01 1.292016754895997188e+01
5.969787265285346756e-01 1.266651959052437881e+01
8.075640788773262857e-01 1.233547303049047095e+01
1.831507017174758056e+00 1.268669708997235013e+01
1.423832152721820066e+00 1.226459438827759563e+01
2.040713087353463795e+00 1.228515280524538511e+01
1.142263218020745708e+00 1.190530407000832724e+01
8.194601468840655434e-01 1.181312312867114578e+01
1.823955032812701660e+00 1.191667418481040563e+01
1.723308170772321679e+00 1.192071353482390350e+01
1.562229903012534393e+00 1.167044958867770177e+01
2.861759254855033574e-01 1.328580289673675807e+01
4.712724222480145220e-01 1.207220597413715168e+01
3.320342879464934782e-01 1.291966634169813055e+01
1.390364225907334550e+00 1.235915132519756732e+01
7.360377146393977110e-01 1.204977045323317952e+01
1.346736985193327518e+00 1.210353289214259220e+01
1.742285510059462972e+00 1.196842550261080262e+01
8.810691775832141248e-01 1.202876943071256832e+01
1.580194064316500002e+00 1.171765958705165822e+01
8.061962612665446448e-01 1.203957734876089702e+01
1.496518030025117074e+00 1.171748325041115457e+01
1.628788151278368179e+00 1.168221779591330289e+01
1.221641090203040125e+00 1.201016191701599922e+01
8.555635434946814444e-01 1.194147967046734493e+01
7.037851431017095871e-01 1.236069734913029272e+01
1.268001155674210345e+00 1.217566472616860196e+01
1.611580393720650539e+00 1.223358794738431143e+01
2.161619858144350648e+00 1.229429730555068900e+01
1.975414212197602160e+00 1.183814101814999553e+01
5.098852294681215369e-01 1.269944677034849789e+01
1.414436925078120355e+00 1.265168821062576221e+01
1.654585965044560902e+00 1.232468835683271458e+01
1.406355024257899933e+00 1.242831892801006965e+01
9.860569759029184089e-01 1.225994838532277420e+01
8.483648493073201458e-01 1.219447065794390639e+01
7.258967559544059478e-01 1.198552718821271768e+01
7.529905315696224788e-01 1.194207694508132711e+01
1.449230444853598421e+00 1.230304283428481860e+01
1.416477481466157595e+00 1.230206964600308872e+01
1.132485349058889756e+00 1.222213316943616768e+01
1.053637111114819502e+00 1.226013008636815194e+01
2.011900561089230433e+00 1.185085721984388307e+01
9.749589132104088396e-01 1.189024915970421148e+01
5.675785025010167129e-01 1.244556327773648086e+01
2.210629243172403058e+00 1.135470490940886634e+01
1.790228279897292385e+00 1.228824370030127255e+01
3.659844311191687294e-01 1.275193215412799574e+01
1.867670911142203405e+00 1.252586749761762164e+01
1.971895703026369739e+00 1.131335573966786434e+01
1.393583143811209846e+00 1.173883107502099676e+01
4.985435867252599462e-01 1.274664317505685140e+01
1.183800777658226444e+00 1.258769754768041871e+01
2.151218781277641323e+00 1.146698048182411611e+01
6.824013837562349361e-01 1.241929673221580011e+01
9.272171961473880675e-01 1.232241818387464782e+01
3.706296219123638713e-01 1.317573555211555281e+01
1.768610747701029107e+00 1.258171774685859390e+01
1.641953853715223843e+00 1.145426173764811573e+01
1.183221681490205235e+00 1.175338921857147234e+01
7.136681322424787144e-01 1.196453102246677247e+01
3.064553475788719950e-01 1.348238208810911765e+01
1.667067382047477286e+00 1.139216874077648356e+01
2.144949761158071677e+00 1.243245268307966356e+01
5.643077576156139141e-01 1.258116685024305781e+01
6.058135346416664291e-01 1.205605868066305497e+01
1.850759829876201135e+00 1.251200216738313742e+01
1.970692931831864003e+00 1.213937013711406543e+01
2.063757717219037335e+00 1.133464928121116877e+01
8.701639736436598271e-01 1.221318735016789603e+01
5.859376290657115627e-01 1.262210249459517186e+01
8.045606793711758131e-01 1.246604519198985273e+01
1.692668749927513483e+00 1.229058188829941756e+01
6.872055214520707001e-01 1.216004006435548135e+01
1.970360075134575339e+00 1.221875324049470635e+01
9.484589989914684605e-01 1.239322160539207296e+01
1.023672687154779659e+00 1.242208847686493733e+01
1.597865738103882771e+00 1.176916643725352607e+01
1.877575826610406562e+00 1.195984485131919328e+01
1.373609029646392310e+00 1.212596232941287333e+01
6.154809299268165779e-01 1.184935973618136096e+01
9.063965575036646571e-01 1.185284443764338747e+01
5.369524079352699930e-01 1.212030335754036869e+01
5.674700960101835001e-01 1.195053345537596456e+01
1.450124732002656014e+00 1.207794396530419512e+01
1.788686899991510870e+00 1.184696796186071133e+01
3.406411569671841111e-01 1.248178039009756013e+01
8.826383555853646312e-01 1.220730239547657980e+01
1.545805674130799057e+00 1.236681407791793497e+01
2.117518803121585691e+00 1.261769518203315954e+01
1.832531474369401225e+00 1.273890021070555711e+01
8.473234917830461121e-01 1.150726351428062699e+01
3.841933378879497929e-01 1.226588773717166880e+01
2.026811224880892937e+00 1.186876080257424348e+01
1.962577065068261684e+00 1.209132797029149309e+01
1.002005542026129348e+00 1.191748566262686460e+01
8.034553012294681773e-01 1.187780005180681897e+01
5.158831189661440275e-01 1.205364527575718903e+01
1.537919187491625150e+00 1.259461545464744958e+01
4.357605184181019276e-01 1.273701167216766450e+01
8.624797844554489279e-01 1.204391620138845376e+01
1.811822437534373220e+00 1.148936974863882554e+01
1.832256546753902704e+00 1.217507747330898127e+01
7.004097051797545381e-01 1.246292068505757022e+01
5.685205345166118862e-01 1.268922471171998367e+01
1.465783840621490253e+00 1.194756423801413270e+01
3.262844883512867056e-01 1.312991751189515988e+01
1.268042864409178794e+00 1.223601497874252786e+01
4.922675237804708392e-01 1.229906150383626162e+01
1.949412397245691375e+00 1.235879131462844782e+01
2.142120353611256078e+00 1.221419330669236381e+01
2.853688907477216485e-01 1.346445947916319064e+01
1.054696653757209335e+00 1.179479703310397198e+01
1.520349556712108141e+00 1.210118068416915804e+01
2.097361448872793410e+00 1.280434760490829404e+01
7.811420561101762861e-01 1.237701503595453012e+01
1.158489710656821714e+00 1.236645255861635384e+01
1.974696192831329133e+00 1.176085150051844508e+01
4.255032995781282690e-01 1.303306585537751872e+01
1.911886863638331491e+00 1.291625210886594211e+01
1.931772488151288103e+00 1.254464553423764350e+01
1.938038506151111617e+00 1.191099523666977333e+01
1.267626898213088493e+00 1.194651101052757092e+01
1.381554317661140674e+00 1.246726932191555548e+01
1.899706255208954087e+00 1.235997653293166820e+01
1.960674053081224777e+00 1.170230129863783652e+01
8.383167750292059850e-01 1.253040371465070457e+01
9.330030151474353328e-01 1.251941137235663426e+01
3.654676391393792412e-01 1.309506868381416744e+01
3.862636927133942244e-01 1.306015406882390550e+01
1.180876498450921464e+00 1.251528959095142746e+01
1.522433260800491572e+00 1.137643447135098818e+01
1.892204365648292086e+00 1.092199749057424718e+01
3.883989350492955683e-01 1.308539176347576749e+01
7.019526818264431034e-01 1.232869132649008215e+01
1.482934567895848543e+00 1.231213512068871019e+01
1.995405559756459501e+00 1.249867439158438032e+01
1.979068860933164586e+00 1.081558406214102952e+01
9.353119397002379598e-01 1.162181372123082568e+01
3.525536691126172628e-01 1.325460800888364510e+01
1.906690568531775209e+00 1.270650180461575474e+01
9.494252534869270788e-01 1.229092445536464773e+01
9.296549867995560490e-01 1.228589249646703685e+01
1.036884436681454913e+00 1.266859741529192362e+01
5.795826274038294867e-01 1.190809610636997284e+01
1.659359525765730314e+00 1.179207477850663643e+01
1.875145169014170721e+00 1.275623559330997203e+01
8.341980275802292066e-01 1.173601514555071468e+01
1.705170158575039840e+00 1.161742379070794939e+01
5.260222118195128083e-01 1.273921123962866098e+01
1.879646501089992094e+00 1.286429695643958837e+01
2.000819678358247700e+00 1.289475660402293755e+01
2.126245768682347048e+00 1.177590372871465974e+01
9.472581653846287031e-01 1.252794686927058088e+01
1.777313041200320187e+00 1.262966055063953696e+01
7.352754019881624359e-01 1.203663494208172580e+01
2.027091847583614825e+00 1.219374697129406293e+01
2.130855758373433773e+00 1.216529666281708799e+01
1.836810575471714557e+00 1.225848376353018487e+01
2.171920988991706380e+00 1.257002541222619563e+01
5.657070997015386515e-01 1.221681769976877696e+01
3.347055035773834342e-01 1.337463064080685449e+01
9.649180075562795444e-01 1.228421985231286584e+01
1.872526725029717065e+00 1.245206697979903865e+01
1.905008121548237954e+00 1.251490816675315898e+01
6.485898118696681314e-01 1.224675002991473072e+01
2.049521872953803836e+00 1.239231917974538177e+01
1.424220164147945944e+00 1.248705787731455885e+01
1.582953998792786310e+00 1.250495783306633335e+01
6.233325612160601770e-01 1.181724369617637294e+01
6.612919102727714549e-01 1.177575306612586559e+01
2.098547393668074967e+00 1.275932417016147724e+01
6.828144456792710759e-01 1.260420220012099435e+01
1.946402624554850691e+00 1.146143927139201679e+01
1.355504001736288266e+00 1.208936571270079163e+01
1.147937000041283850e+00 1.207240242938160435e+01
2.566382890868945110e-01 1.405395856503727359e+01
4.672324600060756561e-01 1.272335875740356492e+01
6.849647005421549695e-01 1.238441609856946890e+01
1.982046862430937750e+00 1.153067898417793202e+01
2.027299357711517480e+00 1.133304518197445709e+01
1.120487923387003981e+00 1.232258166377057762e+01
1.833168843783319790e+00 1.251094614511251990e+01
1.562483049835586835e+00 1.262908181641891048e+01
1.317551863230273845e+00 1.250320375128468520e+01
5.420817115385150320e-01 1.226369220177945607e+01
1.310756831540127010e+00 1.190826394990106962e+01
1.025791050624986545e+00 1.240534566975494180e+01
4.612614790598388304e-01 1.272597242073026536e+01
5.963844799477605596e-01 1.220075295086296663e+01
1.609628068113203359e+00 1.253100064882409725e+01
2.085493061050417651e+00 1.270409816323852858e+01
8.814960820007236020e-01 1.221025689377719381e+01
3.291538673945743620e-01 1.315178112639539698e+01
3.431640334685249760e-01 1.290363188958913376e+01
1.532159451794990801e+00 1.166594210891476280e+01
2.114884358351004412e+00 1.262995537247282307e+01
1.880514058865437210e+00 1.270435269590701921e+01
1.921573960517557911e+00 1.186075228888545929e+01
1.091665719326859518e+00 1.161967753798169767e+01
1.389746427672902129e+00 1.153641943994631269e+01
1.344054103595724969e+00 1.177956677517089012e+01
9.608265163124672936e-01 1.216172791209604576e+01
6.803558258915337609e-01 1.220951823403972902e+01
1.412054611297559381e+00 1.230816347979292935e+01
1.256045921289888900e+00 1.270028584602964550e+01
5.163749217135764624e-01 1.187085230518250434e+01
9.820959192125370274e-01 1.207951704260802828e+01
3.462989686866003725e-01 1.365654551663492278e+01
1.007493098155787914e+00 1.250805159931878130e+01
1.447566689078390034e+00 1.225616063862769423e+01
8.142387893781573016e-01 1.223569829648645779e+01
1.444776329728729269e+00 1.240201038364566699e+01
1.759403369881811896e+00 1.233522217471321269e+01
1.992490404354108291e+00 1.227768014814972730e+01
1.485222239792652443e+00 1.206834865334531770e+01
1.970611397438754242e+00 1.183810381794087618e+01
4.744127323563682164e-01 1.232372420029847504e+01
5.938348712207911495e-01 1.208166865150249869e+01
1.297017419403920568e+00 1.235810653611175702e+01
5.330629169883238649e-01 1.269422502752636994e+01
1.896640448330076278e+00 1.219656228445762025e+01
1.322184508477124876e+00 1.180881150210358932e+01
1.859442659292512845e+00 1.181875375110235282e+01
1.215752093667604283e+00 1.277923083544653693e+01
1.671208147399318111e+00 1.181719917537047593e+01
1.217308621933789858e+00 1.181400493335170410e+01
1.766719858423074552e+00 1.128827009493064182e+01
6.180709995639692700e-01 1.236673535526851175e+01
4.394824863027365636e-01 1.280214207957379280e+01
1.555939179628930580e+00 1.243736716411375198e+01
6.838147149611750741e-01 1.227156989740738879e+01
7.975053699807177487e-01 1.266586453503219012e+01
1.678416455575625799e+00 1.231150609891878744e+01
1.129760382499929605e+00 1.170127502870533931e+01
3.700483496516537851e-01 1.262259993824075011e+01
1.836848473649487223e+00 1.215200643438949335e+01
7.283569336048989484e-01 1.188239407822927518e+01
8.904082191987642281e-01 1.265848465148729929e+01
1.208722406104543845e+00 1.248199995789534178e+01
1.745326566340618557e+00 1.242138767147482525e+01
7.688951403405027696e-01 1.146032096042722692e+01
1.796949820209499338e+00 1.125973550506303766e+01
4.241607867853638414e-01 1.268737499362629606e+01
9.651163738753086863e-01 1.226225719658010149e+01
1.555413887544123019e+00 1.258660852949398645e+01
5.022081753547822380e-01 1.227553595953492760e+01
3.669304437475801040e-01 1.243148508976493538e+01
3.809680822747025242e-01 1.251647224346749709e+01
1.747769145144602021e+00 1.200453612681216065e+01
7.598921431176297592e-01 1.243606362623680539e+01
9.660558601289079839e-01 1.249828464791785976e+01
1.585938967020510848e+00 1.205152799329933444e+01
1.142370957650003849e+00 1.244899199272228252e+01
7.872466520408807344e-01 1.246722392244098643e+01
1.391977554996821409e+00 1.211946991981832689e+01
1.162258132787037379e+00 1.216372031971135215e+01
2.086202558618112768e+00 1.145857907172091927e+01
8.788673303822814864e-01 1.252619054207277216e+01
6.524792609536657073e-01 1.199348838873630108e+01
1.359439407117618792e+00 1.180731072922214331e+01
8.125345437348352462e-01 1.224245446957153760e+01
1.511682529722928603e+00 1.213643137465816757e+01
6.359072715586275848e-01 1.218246961236311066e+01
4.052047495658645526e-01 1.313059026009013941e+01
4.501304174670557878e-01 1.289841168415945027e+01
5.625099264089061801e-01 1.226130705460033177e+01
6.000283748042356535e-01 1.220512060963103806e+01
1.063839555460563524e+00 1.203774699703694395e+01
1.940675501523280166e+00 1.095193312128860086e+01
1.363813535148460598e+00 1.246825054796517307e+01
1.889932060169974060e+00 1.225776005984065975e+01
1.697900685909770502e+00 1.154584212495491080e+01
1.038313915939193643e+00 1.153861481702659830e+01
1.645695146564631894e+00 1.288347122385641974e+01
1.990350577152650180e+00 1.079986076008234086e+01
2.142917892664558899e+00 1.240141072328023775e+01
1.450053748054041636e+00 1.254669459188162151e+01
4.205144705960969786e-01 1.272588568730539471e+01
5.906122229520077704e-01 1.178673700836150218e+01
1.535439890951650010e+00 1.257344447598206827e+01
9.841410306200304436e-01 1.227690320706234139e+01
1.374244082115751331e+00 1.237705958327299705e+01
4.578971279486841461e-01 1.212532116885523692e+01
3.966034380029690443e-01 1.244268983357207681e+01
8.208484745867170584e-01 1.242070878581398397e+01
5.344789660420653510e-01 1.249155351594986563e+01
2.030042934957267509e+00 1.089931652718254895e+01
1.299673405314829111e+00 1.219500120945448707e+01
1.793276500461840284e+00 1.199079820188987355e+01
6.470413862887520740e-01 1.167997770463028040e+01
7.078007237929569984e-01 1.166256695613127192e+01
5.033169060097804071e-01 1.256658714896535756e+01
2.117737858294364006e+00 1.199541657183848997e+01
5.866636866509720161e-01 1.203692095108411309e+01
7.559816010008217901e-01 1.199825728614983866e+01
1.977370648456589608e+00 1.179575078330147164e+01
1.371269023829972511e+00 1.201387440623433989e+01
5.114529965006957557e-01 1.294317248190910519e+01
6.455252009387507650e-01 1.271120355495983745e+01
9.239209630218132574e-01 1.158902188362121066e+01
4.033513594789871481e-01 1.221098844799257854e+01
2.050414848045108762e+00 1.098156799550287133e+01
1.063781980999268573e+00 1.237171429054636995e+01
7.218617321513653984e-01 1.173862740107025537e+01
5.527591567218810287e-01 1.270442490131346069e+01
9.271836018141048630e-01 1.245376033819709427e+01
1.657596038141228911e+00 1.221758846475249349e+01
3.895177286538438755e-01 1.289152881492412384e+01
2.433665172650770536e+00 1.275495512452864233e+01
2.310919994935685118e+00 1.280166565501221143e+01
1.381820888667012248e+00 1.238241733072512396e+01
1.787455526301578335e+00 1.228532633922024431e+01
1.388321236497935152e+00 1.231025933586166232e+01
6.325941924874909361e-01 1.231839798781861539e+01
1.494985390326102115e+00 1.253818159003103005e+01
9.289511435757630275e-01 1.201960706154306813e+01
8.584246380132773968e-01 1.201587245888143762e+01
6.367705579830019724e-01 1.216336280052791174e+01
1.125042085963635863e+00 1.254022041223741901e+01
1.691967921709277345e+00 1.261732262527284831e+01
5.039890205214582197e-01 1.219378960233242992e+01
4.795291786178247917e-01 1.227140318124881446e+01
4.059289221313802098e-01 1.259274099643597822e+01
4.238709408179359150e-01 1.254925399634272765e+01
8.555298035447728155e-01 1.211434388783126614e+01
1.024787489805898177e+00 1.207513502966126140e+01
1.861703656742640822e+00 1.206650926241576904e+01
8.549711825260216669e-01 1.250654677161287687e+01
2.936654957106636932e-01 1.355539189053542160e+01
1.415349969910961736e+00 1.176815389327792971e+01
1.722911298422661996e+00 1.275362120499336882e+01
4.113870490749494957e-01 1.289599115402603502e+01
1.664688284393894158e+00 1.263573098549611018e+01
1.303798517868691720e+00 1.264446619399362781e+01
9.757200754331443182e-01 1.240475423582969405e+01
2.079716847397880208e+00 1.255183991188820514e+01
4.341456064369337287e-01 1.252379200097602308e+01
5.467207977625820892e-01 1.220028004953370271e+01
5.172365378476422304e-01 1.238799441441504001e+01
1.135320070666538284e+00 1.222597520482620403e+01
2.247579044007735227e+00 1.201763354745104273e+01
5.252249113408595793e-01 1.240140710959411940e+01
1.720957512824320634e+00 1.262350652318142430e+01
3.953540433765200812e-01 1.282567823092613146e+01
1.479273779298611924e+00 1.210917039334636947e+01
1.911635246790147624e+00 1.203876601191490359e+01
2.010283877708975542e+00 1.304901387232383314e+01
1.183767492943347488e+00 1.266954372037902488e+01
1.917413702528804054e+00 1.223218335304451010e+01
1.514334321309938947e+00 1.222585866622116590e+01
1.394135063469353231e+00 1.218087627688234242e+01
1.035359101758443368e+00 1.136928494314062021e+01
1.869189576191888191e+00 1.185733332638042903e+01
1.501610471650001832e+00 1.256346431478421266e+01
4.246260520836859231e-01 1.296840291462446082e+01
4.132055055545637012e-01 1.302827740203619911e+01
1.521157563182729211e+00 1.247780723966134175e+01
1.212127662620186230e+00 1.235707639066467500e+01
6.744425499242023836e-01 1.250635045846805937e+01
1.832171752131263709e+00 1.300067406949244919e+01
1.473390434651089764e+00 1.249648767590136345e+01
1.228022763355345548e+00 1.275118853607749259e+01
4.001291868077815894e-01 1.233918593541610775e+01
2.023096527802191957e+00 1.178303407475996600e+01
9.847183503456664599e-01 1.171970328385527260e+01
4.195988403920464238e-01 1.262225611231954048e+01
4.958320020091379621e-01 1.232426479867568858e+01
4.571415412040520376e-01 1.251765510978627205e+01
1.070574587827332502e+00 1.212228879133258097e+01
1.217741936600140518e+00 1.233442875897683422e+01
1.588865354079883163e+00 1.181917369509609905e+01
8.830723647026388345e-01 1.203192940863486449e+01
6.978973215887603887e-01 1.205171267545683733e+01
1.563703324579360121e+00 1.200062154958185090e+01
1.767501442719647375e+00 1.201069908451191637e+01
2.046761190446908962e+00 1.228425446737351123e+01
1.762685349897644027e+00 1.242702132614270383e+01
6.378032118143320828e-01 1.212324536851400225e+01
3.932586901597662221e-01 1.303829992185852404e+01
7.221865626486880796e-01 1.223557831241695482e+01
3.653698328005182683e-01 1.227747202700904516e+01
1.743964784653302402e+00 1.173889912612882291e+01
6.719355897022856183e-01 1.224267828418697057e+01
3.868806761543059913e-01 1.325176489085865761e+01
1.675354280178626531e+00 1.266248434452926297e+01
2.048657268000232623e+00 1.129328372879958486e+01
8.745885591001026915e-01 1.195262287888367148e+01
1.991631402342409762e+00 1.227816204334796879e+01
2.082523409512917478e+00 1.222802160024471085e+01
9.880031402558562270e-01 1.251996444297289024e+01
7.703801886231275153e-01 1.248475014932522775e+01
1.277202175653548322e+00 1.213835222938670988e+01
1.585390588245838339e+00 1.202912964353482472e+01
1.814537565046154155e+00 1.178928293137304983e+01
1.559553085137565187e+00 1.249630843490493248e+01
1.477536308495483786e+00 1.247905111048003590e+01
2.090040841259072746e+00 1.229485346444057292e+01
1.117507843751901708e+00 1.233019443910899859e+01
4.908201496027025934e-01 1.221088881631235523e+01
1.038190010724709067e+00 1.194768345687412037e+01
1.389407256368760279e+00 1.207853890189926815e+01
1.645277848386842656e+00 1.188483324922382423e+01
9.182651346711412366e-01 1.219780839397858330e+01
1.137706029797455276e+00 1.233319294744142525e+01
9.308935431107157044e-01 1.232563202629157395e+01
2.035927187556661799e+00 1.187372256264502113e+01
1.957482594984965907e+00 1.248226284464364610e+01
2.003426974305933417e+00 1.248573465286909823e+01
3.435063397771327964e-01 1.326782448346855503e+01
5.117386785907547253e-01 1.233599293930454266e+01
5.724778603369646834e-01 1.208220048942063229e+01
2.160654155218009631e+00 1.198667599936495698e+01
2.164586759664041793e+00 1.197709413346643359e+01
5.762060215938574759e-01 1.216482019823468796e+01
1.208474626897311444e+00 1.234155568028742422e+01
1.970098037585923834e+00 1.146925071072405622e+01
5.935100543856774991e-01 1.251959872420236941e+01
1.271068712816894486e+00 1.204689735390981120e+01
1.892627500713361499e+00 1.200159032510289769e+01
6.283642661487893744e-01 1.207405527500789333e+01
6.242871074688403077e-01 1.207871281314215395e+01
1.836326284778652562e+00 1.182411354966599681e+01
1.290684943919505168e+00 1.228817141555150805e+01
2.147588645449576283e+00 1.231561967810523406e+01
1.350477146851223997e+00 1.198350930473601927e+01
2.054992037760043022e+00 1.282892384429249155e+01
9.580998352516578720e-01 1.258852422648687153e+01
8.269038265735807469e-01 1.168860713362453652e+01
1.516797502521768148e+00 1.143301199598602302e+01
5.130958731500279146e-01 1.224539242642201309e+01
1.173513532610776400e+00 1.228128892882577894e+01
8.428026715234914201e-01 1.214378854431985033e+01
1.165629279357506043e+00 1.227268220787039077e+01
5.685868665775992703e-01 1.258859657500733142e+01
4.582297575015616964e-01 1.289503076375938662e+01
8.781867360418843527e-01 1.200802386754412154e+01
1.016499636617784752e+00 1.211088430936589866e+01
1.569211503247710970e+00 1.272453939894452546e+01
9.457723896236426286e-01 1.249592623755990672e+01
7.350666080992335205e-01 1.199384508793781023e+01
1.388234387941769787e+00 1.166831807358272144e+01
3.657768167274063065e-01 1.319648885825772133e+01
2.045729853416413224e+00 1.127177746148880289e+01
3.703398299994251630e-01 1.297955686682341891e+01
1.577018852899454870e+00 1.247264513786836737e+01
1.458671933002052556e+00 1.238304119218576460e+01
1.018986900449045274e+00 1.208535992778659285e+01
9.756081432796808173e-01 1.174317197836197835e+01
8.911002102203693376e-01 1.174277611419001666e+01
4.260199716380455026e-01 1.233650792413754793e+01
1.882799634358352625e+00 1.239991229551475982e+01
2.103185772199419379e+00 1.227905359542270425e+01
5.619033156878701085e-01 1.223086738664183848e+01
6.548413790301088611e-01 1.215250125997620145e+01
1.746517634169999500e+00 1.280483055595163755e+01
4.117828494118786486e-01 1.296559641464561707e+01
1.941467648721259653e+00 1.296743617648711400e+01
2.107437268782053508e+00 1.297028327837221795e+01
1.666570695145321857e+00 1.267511129066243214e+01
8.579047640647050610e-01 1.204740026661716179e+01
2.009975584851376063e+00 1.178176222523025274e+01
9.919756994389253846e-01 1.227135277684012671e+01
1.960470873527623281e+00 1.087661127301395858e+01
1.136216600012160960e+00 1.209919705155256509e+01
1.837251098969016949e+00 1.218984768868357627e+01
1.091477630685574463e+00 1.255128170465465587e+01
1.248863079968038914e+00 1.264504412816966195e+01
1.047947291488443122e+00 1.246004053844371740e+01
1.765537594913068054e+00 1.269095278319734810e+01
1.505715067768847337e+00 1.246624172668984087e+01
1.220477982078398860e+00 1.256956194516952863e+01
1.797990088295196687e+00 1.251832941600068239e+01
1.199993473742366090e+00 1.272143801769861682e+01
5.646827859607627120e-01 1.225543077936405290e+01
1.786262957421031361e+00 1.250336352176972632e+01
1.511192099309431436e+00 1.208505436085751938e+01
9.485287738252656808e-01 1.217440497071049599e+01
1.933567201670602920e+00 1.240305716513353573e+01
1.494499539559708490e+00 1.251277256368967983e+01
4.644495293741205399e-01 1.262138303157129826e+01
1.940805959533268954e+00 1.207531400765874707e+01
9.352411989592944730e-01 1.219421687418396871e+01
2.169709877041965385e+00 1.208411314401237213e+01
6.079412032817668177e-01 1.254539544239137783e+01
1.894247560576937106e+00 1.261774518771329667e+01
1.909155703883542943e+00 1.235648898531599471e+01
3.197054248900419449e-01 1.363473332602178978e+01
1.680546752131659272e+00 1.240511177159122269e+01
9.998941425560471385e-01 1.241450737564291629e+01
6.314719523880247820e-01 1.214475094570137514e+01
1.227721530117857895e+00 1.278239844251294599e+01
1.670602777573664266e+00 1.291477980108520995e+01
6.682403494880850836e-01 1.206204020993755677e+01
3.250126323808506523e-01 1.281375061048879260e+01
9.606273133921597873e-01 1.206080307883787128e+01
7.014549225775701391e-01 1.214252445664972591e+01
2.094235224303141241e+00 1.197743990857940410e+01
1.160609770385024442e+00 1.237119424598797046e+01
1.676485138590136259e+00 1.202788680081559569e+01
1.446412721025367887e+00 1.206434634255295357e+01
1.787171889549254544e+00 1.251960871193047353e+01
8.499571679271545888e-01 1.259303398502992266e+01
8.609484388944503852e-01 1.200746642826289623e+01
1.813866984334414179e+00 1.189656742755514607e+01
1.800805882845913253e+00 1.225499170365962698e+01
1.318513401529383122e+00 1.209975245608040773e+01
1.167290673546535373e+00 1.247003212581830844e+01
2.123704748937802478e+00 1.159444964991130611e+01
2.067829513777964312e+00 1.168393593371972905e+01
8.469042279008478502e-01 1.193791856160956044e+01
7.206074239096835754e-01 1.204909873148753618e+01
5.601605885744680435e-01 1.216618638619218018e+01
1.955298695541364262e+00 1.302974890839250754e+01
1.818663656010637730e+00 1.290749154220686457e+01
8.605590311608667387e-01 1.256962756297811623e+01
1.637941885763460448e+00 1.231401301387733938e+01
8.274680838400809701e-01 1.219215819388767663e+01
4.137287394001903928e-01 1.220727131180151837e+01
8.721971785531135168e-01 1.172725198679398773e+01
2.088246978545013732e+00 1.193946288957461022e+01
1.657502505614669719e+00 1.224193973950680103e+01
2.220311558826753906e+00 1.121032252466593881e+01
1.995010425178081137e+00 1.260533817210631291e+01
4.120718384397533129e-01 1.277417711565397695e+01
1.344156884357761816e+00 1.247180962625811596e+01
7.698097765110480939e-01 1.212232065612199428e+01
3.180797138221602149e-01 1.309940875112686953e+01
9.301342022312707458e-01 1.215368876740341619e+01
1.873534454899996371e+00 1.233804484497687071e+01
2.163601272904835504e+00 1.208869777492993691e+01
6.882515871527934426e-01 1.244524691418516760e+01
4.073883468339974390e-01 1.308383122803632936e+01
1.777695598274230848e+00 1.254601464574982117e+01
1.294374082249268421e+00 1.254657048845462342e+01
7.064812998664864452e-01 1.209018264258248010e+01
1.491556191855598623e+00 1.170615587314275707e+01
6.662787807348269364e-01 1.225366313145123875e+01
7.992989409586495064e-01 1.202048042248052262e+01
1.923610810858450870e+00 1.213080868630715337e+01
1.852964505412931784e+00 1.263694565466920672e+01
2.054343238535875749e+00 1.264418904688385581e+01
1.278029255181440282e+00 1.238282719224267225e+01
1.766392318517725268e+00 1.251285109210283686e+01
2.169270601494479589e+00 1.254755679518188849e+01
6.540222877026100612e-01 1.261191510519120840e+01
8.447245959924098990e-01 1.207967961288653136e+01
4.605869395131616528e-01 1.233091456520750384e+01
1.857646258710786036e+00 1.232115852261420130e+01
2.113199073749025381e+00 1.223406874821132995e+01
1.598454775723075816e+00 1.272402892180596545e+01
1.013298906884129380e+00 1.221850293471230131e+01
7.050755427813626408e-01 1.225254803532162029e+01
1.588023481876248644e+00 1.237050431176973753e+01
5.096954834211629981e-01 1.262567185590840957e+01
1.267834168023509234e+00 1.172605863204708498e+01
6.506737151246523299e-01 1.197510542858937477e+01
6.596242571069788063e-01 1.196914308810630878e+01
2.032735039371481811e+00 1.172226945846263035e+01
3.779365505482635834e-01 1.291748372886388019e+01
6.096697414895072553e-01 1.220525886665633664e+01
4.163626619110587512e-01 1.263307948260205293e+01
4.715121896857414341e-01 1.282125101152044877e+01
2.135534081592533884e+00 1.261280628103109969e+01
1.491081492596424418e+00 1.149339316286813961e+01
5.654996579888635910e-01 1.259610124804142828e+01
1.896036822979510816e+00 1.228792462843168565e+01
5.769347398790374282e-01 1.186469460991543556e+01
4.325919108872577357e-01 1.221363364678480146e+01
1.499174187921040291e+00 1.262912938618815062e+01
3.465065503387613766e-01 1.329465395306105080e+01
6.054041258760476385e-01 1.210266244216274423e+01
1.180788631463772331e+00 1.264884449017271351e+01
1.493438809135004153e+00 1.264830582090667477e+01
1.449843868289800053e+00 1.273200895937277544e+01
2.201087472388752353e+00 1.221625441623864639e+01
8.153337673701012145e-01 1.218583169349911621e+01
5.737761169206864187e-01 1.253961686168406153e+01
1.062623012051816085e+00 1.162312039796069563e+01
3.741886001449309940e-01 1.264367764145157302e+01
1.108615774346006777e+00 1.254326030394736158e+01
1.651571384690320388e+00 1.270526288134755966e+01
4.806991823336800862e-01 1.216439852428751678e+01
3.393838678709076295e-01 1.306247702399769395e+01
3.415876963267816535e-01 1.303908771426971391e+01
2.142149023830376198e+00 1.264952619409082857e+01
2.044562941950583301e+00 1.153606673070945732e+01
8.154294542924512834e-01 1.183779217569672326e+01
2.107894200802964413e+00 1.197204613831633324e+01
1.283846318954684262e+00 1.257918255956118969e+01
1.184841346161592757e+00 1.254114649800509262e+01
1.163600682377400330e+00 1.239890642059128290e+01
3.855409959054511004e-01 1.308883045385748112e+01
8.698328745867143219e-01 1.256908545218860063e+01
1.858989474019919763e+00 1.298591455178569021e+01
1.677390131707836352e+00 1.216417247669699364e+01
4.242500874502427854e-01 1.214583522396504023e+01
8.883766623030493470e-01 1.169758781602503106e+01
1.045120476526656628e+00 1.205454735185057658e+01
9.730490742865189890e-01 1.205949031293383555e+01
1.398659220595618757e+00 1.222147161022804873e+01
1.565776680132542342e+00 1.228406177105659935e+01
1.674118164071098258e+00 1.254158604669658672e+01
3.346748865433079589e-01 1.328041384119706692e+01
1.844109237449188754e+00 1.247755199119528058e+01
1.834383460615883310e+00 1.226282747646813220e+01
2.108955229903850093e+00 1.215589386683710593e+01
1.242845209508074866e+00 1.191780468294999373e+01
1.879977054983697160e+00 1.193310615058843993e+01
1.104131067813928668e+00 1.250015870584983801e+01
5.987605575957742898e-01 1.251051811162190042e+01
7.519046233784867361e-01 1.242969526760057342e+01
1.930747795911444520e+00 1.209458295105629588e+01
6.938295325604973973e-01 1.194834132931783621e+01
7.163989511619087702e-01 1.238458919086144938e+01
2.104755665588297742e+00 1.152871388343126746e+01
1.963262661999928049e+00 1.289437433056221316e+01
1.468294891002808189e+00 1.274971085956139660e+01
3.100773121451659287e-01 1.333794616824223134e+01
3.704736035778094516e-01 1.269924716266088360e+01
1.188242438607626461e+00 1.177094341372071540e+01
3.574080233138944296e-01 1.265880053816300155e+01
1.834128260950866673e+00 1.276185868085597441e+01
4.720190150273878005e-01 1.271717990454223290e+01
6.299440543110154112e-01 1.257574920287409270e+01
4.223007271182512845e-01 1.306002756733280457e+01
1.558277880081011535e+00 1.237745166593552959e+01
1.612791737285091509e+00 1.236059098743020357e+01
1.128112223144962289e+00 1.213415309287099220e+01
1.286517115030652025e+00 1.260144146995234316e+01
5.183216104462937679e-01 1.265574232175803360e+01
8.170290330843988924e-01 1.241046543854207940e+01
1.988647257071458840e+00 1.235455933999725175e+01
1.394112178720467998e+00 1.199397801133824792e+01
1.249472414713246105e+00 1.199335717129921619e+01
3.556958130613219748e-01 1.343801809969067129e+01
4.218730758659987590e-01 1.240419594410896309e+01
3.846106205426210178e-01 1.284694643800027514e+01
2.244820546669234584e+00 1.230663377952930304e+01
1.230494724206710577e+00 1.220999339575637599e+01
7.563842759691915552e-01 1.211722411370412189e+01
1.524164376501204066e+00 1.253903151950009232e+01
9.321767039811779121e-01 1.222521611338143721e+01
1.214261574306156888e+00 1.226106920432326852e+01
1.648247448243385316e+00 1.207733838991185138e+01
1.490454195216028843e+00 1.207505315202272911e+01
1.683592597098485300e+00 1.241442050791208018e+01
1.229592574806587235e+00 1.259152807463843793e+01
1.448855792955358046e+00 1.271677448958970658e+01
5.362031312814615758e-01 1.265907316692381102e+01
1.233366114008463965e+00 1.236078365037104554e+01
1.612097299198145928e+00 1.251459780183982140e+01
2.352575618761349574e+00 1.201994250832604649e+01
5.039882260114065815e-01 1.260611731706767991e+01
7.292085407172815836e-01 1.234854144026005685e+01
1.134538223039891491e+00 1.256180947247299784e+01
1.813560196397916435e+00 1.278498008387747475e+01
8.692953054027521276e-01 1.257741060276563516e+01
6.114671401457613120e-01 1.230158195921393549e+01
3.838387050730929784e-01 1.304446701270502373e+01
1.628524702693179504e+00 1.239414959273787531e+01
8.625142214808949603e-01 1.229455785106126520e+01
1.470527848179850272e+00 1.204082062539441011e+01
2.053925046978515301e+00 1.162862243232548209e+01
9.183052074953242938e-01 1.173924196853380941e+01
5.707492078678693126e-01 1.272950306159450484e+01
2.925313639513354436e-01 1.346149473661500195e+01
4.615727349158446624e-01 1.205114342563073926e+01
8.197499098035407883e-01 1.221115005821386390e+01
1.391786742159685675e+00 1.251124318216116649e+01
1.059790507666183323e+00 1.184769702674015868e+01
6.118094844979501401e-01 1.223972212366768630e+01
4.315331527478197815e-01 1.265793836790387772e+01
1.188373736238760747e+00 1.199902762455648819e+01
7.598260836553134556e-01 1.218897752520484801e+01
3.624637052317939423e-01 1.263476221981570369e+01
9.995621480342786747e-01 1.242611846510127194e+01
1.818189702015227560e+00 1.260620000495320348e+01
1.622317785573442528e+00 1.287549691535723007e+01
1.407987285725684767e+00 1.276217604714982023e+01
3.811255105803183496e-01 1.239610459558597988e+01
1.125774221461050217e+00 1.183484117801804381e+01
3.383703003266457232e-01 1.330072308803887537e+01
2.214187525457805172e+00 1.179319130277909977e+01
1.078122623704150351e+00 1.255335250264224989e+01
3.750572816374849738e-01 1.322103264100359254e+01
1.611819125968901423e+00 1.242401832867077083e+01
1.370100193869385752e+00 1.227424036894143811e+01
7.760867896241315789e-01 1.242159272812637738e+01
4.099031828188505200e-01 1.308303216520044288e+01
1.029001434768138434e+00 1.240116710509050435e+01
1.680667992568631863e+00 1.269248798657032218e+01
1.502630875511042685e+00 1.252052109095877519e+01
3.550416354623627813e-01 1.319052573502097303e+01
2.256780672697202395e+00 1.261930405072491368e+01
2.071580002163093237e+00 1.272182978244321028e+01
1.700250792648812181e+00 1.222367459550347846e+01
2.020495659846570646e+00 1.219020352914875893e+01
1.420513081755886198e+00 1.258453330475282073e+01
1.926484958945095860e+00 1.282051870380972503e+01
1.384526826278995149e+00 1.267852826091945140e+01
1.854403688918462301e+00 1.289081747940146094e+01
7.192182689322268452e-01 1.206700652356251879e+01
7.107723797345142369e-01 1.206864667804904734e+01
9.943046917750153479e-01 1.193093334369819303e+01
9.309945644557742206e-01 1.191766819139236411e+01
1.244653734089023356e+00 1.222523345951095486e+01
4.835976060408821442e-01 1.236804103578919012e+01
1.727253089321635349e+00 1.209288735285931793e+01
1.948862856698933665e+00 1.203575122094885153e+01
1.276991759639620971e+00 1.183569706974013869e+01
1.203439748368584583e+00 1.220993378404821783e+01
3.684119476537229265e-01 1.306210679610565961e+01
1.420284163011826140e+00 1.275482939676175143e+01
7.446253683704137094e-01 1.257749204916971486e+01
1.329281480053231990e+00 1.267634647458109320e+01
1.454951209852162197e+00 1.273386012857734428e+01
9.794483545390552104e-01 1.215584233709950190e+01
1.173669916324111773e+00 1.224307900849766106e+01
6.016708419104228600e-01 1.252884338319540092e+01
1.210795052671847394e+00 1.242286410966053189e+01
8.216282377180660346e-01 1.237320455851718748e+01
1.842047703284793947e+00 1.243927887353104467e+01
5.618381315996078262e-01 1.253802092371641841e+01
7.783289053697232118e-01 1.240936984500670270e+01
4.577227475040234750e-01 1.216320440742158304e+01
1.819695482974243106e+00 1.211971528176301938e+01
1.808450627836821978e+00 1.235367592916996493e+01
8.946575124016938885e-01 1.203252583234285389e+01
4.042271112836075542e-01 1.278864087736274335e+01
1.868082048658620931e+00 1.196500589445868989e+01
4.894603265732113684e-01 1.285582692270956962e+01
8.135825954665608650e-01 1.176823368815048099e+01
2.167768408001701008e+00 1.108661126847202816e+01
7.929206218861361011e-01 1.188313807825718271e+01
2.094523907042999511e+00 1.265463711716648731e+01
5.985292704580744694e-01 1.278721433354322556e+01
1.983128494228128202e+00 1.163892682464655515e+01
1.099961563638252482e+00 1.234750680278765422e+01
4.027472653002562297e-01 1.299981017418050122e+01
1.631470214029189902e+00 1.226137109267105529e+01
3.955584213925357195e-01 1.301003482111573639e+01
1.588885535306318930e+00 1.225922648676898774e+01
1.958621715087903947e+00 1.279627261544828798e+01
1.093602825101571474e+00 1.242546467556322298e+01
1.390520234656539289e+00 1.192610276520569279e+01
1.314768109007949937e+00 1.195169886073627730e+01
1.399597742598422512e+00 1.228696088775222250e+01
2.068478560594583904e+00 1.211420899875126089e+01
8.745767691005311706e-01 1.248642428529714188e+01
4.607733718890149044e-01 1.277117896272032560e+01
8.713116450876254859e-01 1.211533958480200113e+01
1.852667706975128503e+00 1.221258144574549931e+01
1.738973197994005959e+00 1.273512517102932051e+01
8.240459805643914892e-01 1.231299344467640111e+01
1.883324080918851617e+00 1.209168299974541405e+01
6.812419737534712860e-01 1.252889078923551303e+01
4.791778850082674679e-01 1.285771335446203878e+01
1.693461212645333003e+00 1.267582797365963465e+01
1.515775314289628639e+00 1.260023703089572500e+01
7.698832196036630160e-01 1.192054928429960015e+01
2.039784170716726575e+00 1.207818514019504264e+01
1.099853538158941380e+00 1.232610649944380476e+01
2.773223675978555014e-01 1.437052540485928986e+01
1.241453998215902743e+00 1.270367413536214940e+01
8.947218803600832659e-01 1.244830770763393701e+01
1.843360552538439334e+00 1.170737140848400060e+01
1.169428973070383959e+00 1.221401709072076081e+01
2.030227769637360069e+00 1.264182514249829659e+01
1.925681360063623337e+00 1.134240169032586998e+01
1.549676005505651100e+00 1.166344433101574118e+01
1.629705858895311943e+00 1.159728731303383675e+01
1.938696409793900122e+00 1.154554771573376115e+01
1.199351305634883458e+00 1.201661441949441489e+01
2.078355181345060476e+00 1.155828269978983514e+01
8.452882453313173006e-01 1.226720537505753406e+01
1.623034084198921922e+00 1.219221635973157625e+01
1.974092286479946834e+00 1.242627463512772223e+01
2.085802065654620119e+00 1.208609604097965651e+01
1.694423975430472185e+00 1.221730795881099318e+01
6.410555713539303202e-01 1.243503685856483898e+01
5.359503330005571664e-01 1.258169853307509989e+01
8.779532209461663461e-01 1.230653159412240072e+01
1.764477569277640434e+00 1.234054562054425652e+01
1.945872923129041920e+00 1.246309281846288641e+01
6.692763011719041755e-01 1.213086545933078320e+01
8.225019659845178577e-01 1.259918970171616870e+01
2.177998568961390990e+00 1.185068816520414359e+01
1.350377210007964957e+00 1.232228767160940741e+01
5.713964588539245382e-01 1.260735278820286354e+01
1.801419693166410818e+00 1.270228395064556892e+01
8.222843002248131361e-01 1.248161147860346887e+01
1.257775221782928332e+00 1.211162442159598740e+01
5.463706439361070144e-01 1.294975822293411660e+01
3.886903353806702155e-01 1.291956441432484226e+01
1.626839348019257558e+00 1.218437896758167227e+01
3.030782948067076710e-01 1.329695430331225481e+01
4.026439612837929283e-01 1.234616654846210793e+01
3.328545473568235713e-01 1.311254168035534207e+01
5.596102408405206896e-01 1.204547382562165581e+01
1.712079218276890913e+00 1.290256797564256885e+01
2.132541222374571888e+00 1.146596659458346146e+01
1.791401462776151199e+00 1.293996483810712839e+01
1.637830251876689402e+00 1.271092226910258383e+01
6.969620560702568524e-01 1.188781041002484251e+01
1.347420908106932602e+00 1.218435312974778739e+01
1.861100925045624521e+00 1.305864772091638137e+01
1.392891986768653112e+00 1.276477900779970476e+01
6.271590925669932037e-01 1.168744828129874946e+01
1.370112192678877960e+00 1.155642544421320039e+01
1.150853906825990647e+00 1.229797029438136313e+01
1.513189407075143045e+00 1.160210531783380006e+01
1.532856975405730626e+00 1.276867433859053236e+01
1.544746206938483635e+00 1.251735159287738064e+01
9.037110345079423235e-01 1.231150772989338016e+01
6.960984461086570096e-01 1.183020582656483910e+01
4.384486874922206012e-01 1.226384085601391227e+01
4.333014050609809154e-01 1.225714408683935197e+01
1.155946488269231409e+00 1.202970856242907516e+01
1.030447968283343174e+00 1.255681194226350428e+01
6.631191606500078661e-01 1.263473335790497032e+01
3.837787514173200965e-01 1.315407652967524754e+01
1.644102362126216299e+00 1.286591103284180093e+01
8.681956195828886003e-01 1.220814977536864809e+01
1.825131872668647182e+00 1.205816690762198284e+01
5.172024492476715585e-01 1.258054005489815097e+01
1.033460514784542372e+00 1.227802638175229255e+01
1.663550273330196561e+00 1.241498709277179024e+01
5.198275621607003627e-01 1.269321588887603269e+01
1.533028870568887481e+00 1.269362318613124252e+01
1.037590350003607220e+00 1.190219519331990305e+01
1.907022159148395124e+00 1.179270433447568145e+01
1.073744219418943713e+00 1.215269032432009233e+01
1.854128773166960009e+00 1.267050071535850009e+01
1.117656791772775327e+00 1.233739252785996321e+01
7.648040472007864299e-01 1.201413210550846777e+01
2.056960150731894199e+00 1.225668038020678630e+01
2.053106267753563863e+00 1.176534671531222287e+01
9.203390259364752080e-01 1.179060416716705362e+01
8.511746099103201235e-01 1.211210158048158902e+01
1.586500498249889368e+00 1.193701854770833570e+01
1.921619817128609853e+00 1.260342774791428333e+01
1.251815208005868874e+00 1.244013742719487503e+01
3.863505592261176624e-01 1.272204407727787512e+01
4.332069688387114592e-01 1.246433571890372605e+01
1.902287483020489667e+00 1.215329178753706785e+01
1.222974919528445170e+00 1.148638485989038749e+01
6.489915789799035606e-01 1.183712665212505222e+01
6.752408284628940160e-01 1.231707146620629878e+01
4.518478061255660205e-01 1.279007664675781086e+01
8.217460564929303102e-01 1.208935170614207699e+01
1.520560530066304317e+00 1.261123276083335121e+01
4.851313835988574907e-01 1.294179239125902825e+01
1.965009580508793041e+00 1.174975987563743196e+01
3.896030010108219588e-01 1.274141985708576108e+01
3.221990438044540772e-01 1.337628899776105840e+01
8.785911316622886380e-01 1.206848589642268621e+01
1.657485395594086697e+00 1.271235457496312193e+01
8.274600692116111933e-01 1.179848288034159509e+01
3.746289675700008592e-01 1.260479969355033880e+01
8.946536060229458576e-01 1.209488170620809377e+01
6.579059937157433202e-01 1.213972553461109705e+01
1.531091917311744766e+00 1.148236378682367587e+01
5.637790238012314603e-01 1.167426826124344963e+01
1.961310112656760474e+00 1.282022038297491839e+01
9.915374921840842681e-01 1.236337196600006472e+01
1.868328052762536773e+00 1.188035603691120379e+01
9.341673249769166798e-01 1.180287382436975996e+01
1.904156913460065326e+00 1.264063616393912781e+01
2.047896687338075505e+00 1.192888688690541343e+01
4.319992056410755232e-01 1.252506999824902501e+01
2.857794779866627555e-01 1.342872459154613551e+01
1.768035052595049006e+00 1.164395605252287602e+01
1.457540772136322937e+00 1.218859868295788296e+01
1.934192195163066730e+00 1.206652567979687518e+01
5.442031132661615533e-01 1.232387855374933672e+01
8.235365632414984871e-01 1.194972309457130422e+01
8.657336132831853215e-01 1.196246929904229717e+01
1.573385936657732076e+00 1.131664113201676791e+01
5.195568482131807109e-01 1.267416997776685506e+01
6.386016117941742953e-01 1.249362074962880698e+01
1.246878239525321730e+00 1.201469579709737268e+01
8.045497230889986362e-01 1.194050184561619155e+01
8.903275012640796682e-01 1.225985895539632509e+01
1.795506176570791146e+00 1.286264462420066046e+01
1.174301324948884062e+00 1.263852326541107551e+01
4.700894523166855299e-01 1.289896057017341313e+01
9.776104890494764499e-01 1.252782900335048311e+01
9.037846931387620852e-01 1.171460604179547005e+01
1.005978647822728833e+00 1.210653558328013801e+01
4.927265268319390712e-01 1.246369925903030484e+01
1.327133057881720424e+00 1.193324965402925564e+01
9.649032379722174424e-01 1.182525511028246967e+01
3.108505573680632739e-01 1.340128803360482657e+01
1.425251572175236126e+00 1.219858835746175174e+01
1.058882641916665701e+00 1.222178701901483322e+01
9.885961386861797928e-01 1.202720671660417651e+01
9.957424795407529006e-01 1.202797550433408702e+01
1.858767964384663740e+00 1.179663786797230784e+01
5.589177613390392541e-01 1.201007246217618629e+01
5.805049293461038706e-01 1.198386626349785544e+01
1.805156750497279861e+00 1.157737161610730681e+01
1.206312779878767838e+00 1.163918888736463231e+01
4.116420947567322464e-01 1.237976629960020603e+01
4.356819486460567492e-01 1.226251967604197546e+01
7.107935304700716550e-01 1.204345255271602255e+01
1.198269280824783678e+00 1.229942841526356112e+01
1.225291315549968063e+00 1.227914405705115009e+01
1.502823984501750143e+00 1.201234521066110084e+01
8.688357899923393468e-01 1.220392004123390706e+01
1.550613204075780516e+00 1.219180972617772163e+01
6.725619527983776047e-01 1.194182774983907436e+01
1.685329569167001607e+00 1.209004994690684676e+01
9.769652329928047996e-01 1.271972446294879333e+01
2.148152471270716291e+00 1.270388423690079982e+01
1.183959783000211985e+00 1.236086484029834409e+01
1.292526401510597056e+00 1.222338139792372225e+01
6.007805086275552764e-01 1.201630107431617489e+01
1.965471629870224390e+00 1.270677866499542752e+01
5.677348408087233844e-01 1.268059575640279490e+01
1.500620607658606387e+00 1.238068482260453784e+01
2.138699191294272772e+00 1.239734110230380892e+01
2.974909642539964039e-01 1.341569636347495020e+01
1.850094751919670655e+00 1.239028132892623724e+01
1.658903788080304365e+00 1.146090754668925271e+01
7.705896166659536028e-01 1.174261119597692549e+01
1.723288176918092329e+00 1.274911426861254959e+01
4.522494842608956178e-01 1.239814387234362059e+01
4.776032299471881792e-01 1.231352083346334503e+01
1.663156763417188877e+00 1.201699070696879623e+01
3.384720456516344123e-01 1.288962362928065453e+01
1.566770892896600431e+00 1.197477915442203411e+01
1.745319106896718653e+00 1.200083223463651727e+01
2.129120434490088254e+00 1.247969484139578178e+01
1.216642323328819053e+00 1.179503960536573359e+01
2.046425928441009123e+00 1.109654079601268961e+01
2.140310145092622296e+00 1.299088722451604738e+01
9.091973332381325656e-01 1.256935053793344714e+01
1.747266041926861746e+00 1.166334447032272159e+01
1.474629100619614386e+00 1.182162276841296844e+01
6.434802356392472777e-01 1.182696452216048044e+01
3.870067781395299944e-01 1.257620148511127489e+01
3.742574943771481144e-01 1.307165051171322290e+01
7.202776461025759414e-01 1.218581758745224697e+01
5.722452035952726446e-01 1.258611901076724671e+01
1.696206320201031348e+00 1.244184224338386002e+01
2.025128213047572512e+00 1.111372843746907968e+01
2.020893564636630835e+00 1.110752988483967307e+01
4.116474852687926345e-01 1.238369920691477688e+01
7.113163812888966264e-01 1.227856250560756735e+01
1.484310290443366043e+00 1.224493745576057613e+01
2.016891393977312763e+00 1.252632692094436528e+01
2.025652591450470830e+00 1.189902575251462480e+01
7.712731548335143295e-01 1.198772866780718971e+01
1.616800247116970679e+00 1.242539170963774176e+01
3.419351101532315806e-01 1.288924281123705740e+01
1.274839587063475443e+00 1.217972296036504432e+01
1.834167236720036342e+00 1.170390272816527322e+01
6.791411261822795087e-01 1.186971914599009637e+01
1.254961660736603646e+00 1.213298655783367863e+01
1.646253174692745791e+00 1.160513647351920596e+01
1.491843225432608167e+00 1.171379440796546945e+01
6.703135500405137392e-01 1.230203320469731842e+01
8.717568133420480203e-01 1.231563325805748832e+01
1.899773915296546267e+00 1.182214872834062014e+01
1.048281492399531389e+00 1.184522948092125993e+01
1.028511846694507348e+00 1.206672954292162814e+01
1.683526759886008639e+00 1.150046077925270360e+01
2.047696939549713768e+00 1.234328393227131571e+01
2.130941266644136967e+00 1.198521137793124858e+01
1.282144588687982534e+00 1.258947331219753529e+01
4.177136896237071406e-01 1.312552643116804241e+01
7.166893309554467351e-01 1.245150219362452404e+01
8.157219653444253149e-01 1.203261910612802055e+01
1.714389884981414092e+00 1.260507410472411927e+01
1.575728833865131628e+00 1.252291331494619442e+01
2.017317951435159351e+00 1.131112078512231811e+01
1.668249981634724932e+00 1.182424738459194735e+01
5.346814365102451339e-01 1.221058989025619823e+01
6.599347275083224940e-01 1.175925604755316201e+01
4.512910808577350608e-01 1.194644110413987192e+01
1.840293975453427988e+00 1.260058980495917602e+01
1.849410070497278680e+00 1.260053530935502586e+01
2.083901868271738511e+00 1.200084770821819546e+01
1.930438461778522408e+00 1.231458356858699510e+01
8.141222374204793999e-01 1.216147711883649762e+01
1.630963702311632346e+00 1.282588244668913724e+01
1.930994715863851630e+00 1.147157806522122847e+01
1.130375160541629453e+00 1.246384170599315766e+01
1.239314250483246838e+00 1.249221530124984625e+01
1.537913350578210325e+00 1.174411057772191036e+01
5.037893929399739346e-01 1.289932994147723555e+01
2.043871299272729036e+00 1.245120023661641184e+01
2.590079280237671533e-01 1.398842287152669073e+01
1.431060495460233728e+00 1.201491736997218496e+01
5.997335219054975575e-01 1.230650798037798133e+01
1.147170257489050771e+00 1.245605691085047617e+01
1.255478054314524083e+00 1.253622279387291272e+01
2.057228362473338290e+00 1.087819628658702520e+01
5.827943932123478277e-01 1.196407071369785591e+01
1.865630519966209988e+00 1.132114403765209332e+01
9.749702142748811751e-01 1.219288046564521188e+01
1.000784771345337054e+00 1.215497784349953569e+01
5.319780687143490505e-01 1.242217144470249757e+01
2.116461972293133265e+00 1.171379032547510946e+01
5.612305786163203081e-01 1.214959422269393841e+01
7.660908251046398831e-01 1.203700233420516064e+01
7.828165343114443786e-01 1.197050410691575806e+01
1.792721308502421840e+00 1.242350864298065893e+01
4.818387994123480289e-01 1.266310927156283839e+01
9.305356630642040994e-01 1.208723523182556114e+01
2.041163893890447945e+00 1.279895239166835630e+01
8.043832086729780784e-01 1.220496849694854546e+01
2.022589647919619260e+00 1.111757742562265605e+01
9.574418347508442118e-01 1.213549371870965032e+01
1.197333516453032543e+00 1.228347206108807832e+01
5.949360845025607469e-01 1.239096542070457474e+01
1.962973362312891989e+00 1.287696786204372756e+01
6.987489894886081965e-01 1.233766763516842069e+01
1.198145342971400629e+00 1.176720756267494572e+01
7.433222768147040860e-01 1.177648365815174003e+01
1.276379433753262349e+00 1.222513795582414353e+01
1.130713816581225384e+00 1.212244659986524375e+01
4.369615182538260090e-01 1.238934140838589748e+01
1.468460827857833051e+00 1.136143064276401482e+01
6.856060456547362625e-01 1.224020330577214999e+01
7.691507647662988445e-01 1.201254639288674575e+01
1.963574615023920833e+00 1.085549900143758606e+01
1.104687208606623505e+00 1.255662466547611444e+01
2.078195743387016847e+00 1.275462081693588701e+01
3.106463540921109989e-01 1.336790302825647103e+01
2.029402290213632831e+00 1.259211315160438183e+01
4.780586863034859690e-01 1.269035447706063557e+01
3.318812173039824009e-01 1.294777130089295980e+01
1.367557865334557254e+00 1.207238939830146052e+01
6.784881913538591824e-01 1.238091423365566257e+01
4.720503727984206588e-01 1.273462075322770914e+01
1.372829386837423282e+00 1.214021341026556833e+01
3.550502357364487271e-01 1.313068197908929768e+01
7.825457514369118517e-01 1.204974912698238221e+01
8.588874222090052690e-01 1.199669459207684064e+01
4.191294809469349736e-01 1.260380866872977634e+01
6.214878659280025364e-01 1.243344244642833907e+01
4.442596554269013231e-01 1.220359415383030743e+01
1.656515281955528440e+00 1.224622519489217964e+01
4.989854407226860245e-01 1.229517526282321249e+01
3.603089620466419229e-01 1.334744532862033850e+01
4.633906846016863090e-01 1.215952675420103546e+01
1.398096459179085871e+00 1.258701271327346838e+01
1.314302413169869954e+00 1.220683964338477701e+01
1.224987384180306282e+00 1.176388638555740407e+01
1.846583521048219101e+00 1.169471545637054177e+01
1.716535220033747366e+00 1.243101654272163437e+01
4.893996055383664223e-01 1.262416163742448028e+01
1.923658737312360589e+00 1.112492738310621831e+01
7.848372818169662146e-01 1.180379385712906704e+01
1.377204503937571323e+00 1.192817511987081680e+01
5.300020464418779831e-01 1.243593762459513741e+01
8.505566658028228533e-01 1.228361702485858942e+01
1.196279423291696675e+00 1.189319277461478030e+01
1.404743465966870719e+00 1.246961452659752290e+01
1.649841901204991856e+00 1.185970192309416049e+01
1.174995415927604814e+00 1.188950985665330684e+01
2.899567364352678700e-01 1.367530169383735128e+01
8.958980630209067986e-01 1.189369297115877089e+01
2.045782655391285232e+00 1.166447512949754461e+01
3.910988438736060502e-01 1.259908741596005477e+01
4.186303515805402387e-01 1.244840373583078197e+01
1.902532849011014493e+00 1.270158296971449552e+01
3.319628164045371754e-01 1.308685474101834423e+01
1.867162648672659575e+00 1.238777991534247569e+01
3.552248224172546709e-01 1.301643967128632973e+01
1.733379574412287738e+00 1.232069751624830012e+01
3.565285452355504980e-01 1.291391581621873463e+01
1.123945696074134526e+00 1.169548176694828356e+01
3.899896181165418141e-01 1.232044308934786514e+01
5.101958365816706698e-01 1.278020759266663653e+01
7.696305398266494180e-01 1.247213537751803436e+01
1.114771247185022185e+00 1.234739820010489275e+01
1.111655100896266291e+00 1.234655915431346429e+01
6.477153779460561589e-01 1.267366047010854757e+01
1.975246084275753544e+00 1.241083779357271766e+01
3.343737827385799277e-01 1.324148373929503109e+01
8.552916466491307101e-01 1.207152715230168027e+01
1.694083365995975532e+00 1.287243139022270633e+01
5.666185869771634964e-01 1.191867891663639867e+01
7.245106323578358598e-01 1.176221947369928778e+01
1.641024187480200069e+00 1.180715075909703238e+01
5.993269581204401231e-01 1.182015811829984919e+01
1.067815141490057185e+00 1.203878827131867446e+01
1.883849576900729517e+00 1.168786527263913477e+01
1.046144895316950096e+00 1.233777930024660918e+01
8.320970141702531686e-01 1.245871102617367399e+01
1.233167164824463313e+00 1.195515336953246255e+01
2.200800915483024145e+00 1.153173813969602612e+01
3.281723754870890519e-01 1.301180654811711079e+01
1.467167613917123692e+00 1.199061504124902910e+01
1.555051588714613020e+00 1.252137218113090178e+01
2.005303192224705544e+00 1.027056683676334004e+01
4.956467470781367735e-01 1.243019087223097152e+01
7.783077907996961420e-01 1.224411271842265769e+01
5.697147388299240722e-01 1.235229205508923656e+01
3.369382665243204622e-01 1.326985435622164466e+01
2.022805344205748757e+00 1.228726279721105996e+01
1.045032877312721542e+00 1.243692723318696913e+01
1.967661642171748992e+00 1.129901737236402504e+01
1.073448899727909023e+00 1.202007013923017986e+01
8.215947302832431465e-01 1.219566534610762432e+01
4.592056443689450651e-01 1.231775821625438461e+01
4.825552098156631331e-01 1.224218783918874287e+01
5.383817100177537007e-01 1.275983284206964719e+01
7.867121657999663897e-01 1.244304711157370669e+01
1.255577235024941229e+00 1.251903216407051289e+01
1.268356961151789086e+00 1.235318028789895806e+01
4.928550108119030826e-01 1.264937439051067436e+01
1.249669532963055607e+00 1.215495145446647207e+01
1.412299655207437832e+00 1.255529352332034776e+01
6.574041798441276896e-01 1.249791527918946166e+01
1.846576942232017071e+00 1.264989813316451439e+01
9.198461030223449297e-01 1.213390933591855436e+01
1.032748512121743012e+00 1.234275232023194135e+01
1.515227136915235029e+00 1.246992103071059077e+01
1.877398939593897476e+00 1.281796024141837620e+01
4.190237251752417236e-01 1.232178192427095809e+01
1.934482412113835981e+00 1.111537717093212763e+01
9.865806001971574313e-01 1.231075738431163202e+01
4.981331309810725916e-01 1.263411041540343227e+01
1.502497369682668893e+00 1.159709621791916945e+01
7.858294868560481428e-01 1.251332833323416693e+01
1.032155009415468117e+00 1.246934758556477263e+01
1.086561983534802378e+00 1.176471896410730622e+01
2.035653587820090316e+00 1.184510394818359558e+01
1.829249684663358133e+00 1.229491877797618216e+01
1.721234327822185772e+00 1.145256149054255346e+01
1.927701671108910109e+00 1.130963723159208278e+01
5.537008856209346686e-01 1.211724661481490095e+01
2.036736773353632124e+00 1.190859982056391608e+01
1.109301271563067237e+00 1.240408159265312804e+01
1.689192459049791317e+00 1.286147227518091007e+01
1.743040272530720802e+00 1.288586913294617098e+01
1.627606651265696147e+00 1.262679257438272273e+01
1.977730647433521005e+00 1.278727211140887299e+01
3.143731049966123625e-01 1.329139792330767023e+01
1.428432779269843911e+00 1.209755766965158230e+01
4.457269293962385914e-01 1.273863097331588179e+01
5.138546740917238065e-01 1.187193594666960905e+01
1.067091344206285264e+00 1.168317222762265040e+01
8.840817488133690949e-01 1.223784589103768639e+01
1.496078214406422191e+00 1.260936132856736513e+01
9.549899915765113212e-01 1.196961833707390355e+01
1.472709018517744495e+00 1.234278861069772937e+01
5.227298100531028169e-01 1.203208810793847050e+01
2.050727013868046011e+00 1.252613665453939262e+01
8.537928933921817842e-01 1.187399167549285117e+01
2.658633460018111627e-01 1.404880745470901005e+01
7.141618434354796152e-01 1.194582218525740025e+01
1.562836321834565556e+00 1.214938614336735867e+01
2.124017911215486887e+00 1.174999248012124120e+01
6.395093506673686923e-01 1.256279132417479083e+01
8.806832248160112453e-01 1.244638915134440182e+01
1.008500599478251658e+00 1.239469789507421638e+01
1.817834868712393748e+00 1.164617683015489646e+01
1.856854321564241017e+00 1.258374006019911739e+01
6.000498439551943397e-01 1.249980828894452500e+01
4.939963371937049486e-01 1.271341451291562485e+01
1.316645649790883166e+00 1.248832386569293895e+01
4.858330394171173627e-01 1.297036188185077243e+01
7.291972075833798028e-01 1.198903831658494390e+01
1.135907331616441418e+00 1.194064007451332188e+01
1.988511953361006723e+00 1.160923472286231117e+01
1.049379983306883091e+00 1.210660550257142098e+01
4.385031532334185966e-01 1.284693919634269932e+01
1.178401609046011655e+00 1.128851718663802828e+01
2.180596388328772228e+00 1.139974435567556732e+01
7.384817486288614008e-01 1.252560588482044146e+01
3.742286368462197643e-01 1.310634193915113421e+01
2.040046924252161276e+00 1.144856115047606160e+01
6.273792011433814153e-01 1.210571283392364350e+01
9.781011921395783570e-01 1.203477715559945693e+01
5.493502898968748438e-01 1.221368114267415450e+01
4.448400608844652604e-01 1.284978420440461022e+01
9.987119451219504951e-01 1.206538476781001989e+01
9.934791463767672637e-01 1.158517687780719641e+01
2.846684697775828110e-01 1.361582488266290092e+01
1.023679392900447294e+00 1.209070017298555655e+01
5.144322817500938116e-01 1.223575662297092137e+01
1.418628736791972322e+00 1.268976786517269595e+01
1.570702863259531012e+00 1.246886600781603072e+01
1.753370759300123316e+00 1.248001392869768011e+01
6.415259650108801059e-01 1.199749105387058989e+01
8.864110841223198367e-01 1.194268248307567504e+01
3.579764831718122431e-01 1.322028073544068683e+01
5.548702337359499026e-01 1.262595158020054242e+01
1.044729750941972402e+00 1.242693015932370137e+01
1.126825320029500865e+00 1.223445437886220155e+01
1.322851294731338445e+00 1.274439566978400151e+01
2.024490316983184712e+00 1.307130990724069264e+01
5.324496784972455599e-01 1.242537295446378920e+01
5.945350476939347262e-01 1.233048440786595457e+01
1.684141403062420883e+00 1.244977623361476304e+01
1.425195446540040267e+00 1.246810693626295041e+01
1.144092357670973392e+00 1.253312155167871822e+01
4.232692425255961122e-01 1.288301837463207811e+01
5.211881121219662516e-01 1.246795552684769426e+01
8.242225613405842477e-01 1.227607273886182426e+01
1.509507656375238094e+00 1.245767300262548183e+01
1.561489779112525733e+00 1.247607750022173612e+01
4.221401417491546515e-01 1.244631760185014713e+01
3.765464997664608182e-01 1.271662385476510515e+01
1.925866783707681940e+00 1.210179038151094666e+01
5.232119550221341342e-01 1.263546156422227540e+01
3.508095668496590824e-01 1.260059316214194070e+01
1.507392066922388585e+00 1.259164707034634034e+01
2.188297039057858662e+00 1.260485560138106109e+01
3.123978023012691785e-01 1.316701916261339278e+01
2.115774234654097530e+00 1.228439009353860278e+01
1.198194549800732700e+00 1.258228061381060670e+01
9.938776540648741609e-01 1.200361062121967315e+01
1.983872216057896321e+00 1.218150663801866784e+01
1.228726135496347460e+00 1.203200066906160970e+01
4.434749492478232691e-01 1.225159765775982912e+01
1.187195891740483900e+00 1.203116526460736146e+01
3.305389759818833095e-01 1.286515663569713297e+01
1.190314330540962695e+00 1.213523153294244494e+01
3.732921417798308328e-01 1.290176732470600918e+01
2.024187351592378281e+00 1.173883162982971129e+01
1.572551104594660520e+00 1.202901591251532309e+01
1.678720403510553183e+00 1.229006258914204608e+01
1.153917981073309784e+00 1.202710561013808466e+01
2.033002585776600313e+00 1.079657762259600773e+01
4.424995336098762611e-01 1.259058137166504920e+01
1.531969406156168390e+00 1.162649555881918140e+01
1.212152966957850131e+00 1.198868510227618422e+01
4.396255461659621666e-01 1.288919556559070223e+01
6.107792147225976631e-01 1.245864658730639185e+01
8.099769051160650157e-01 1.211030109725909121e+01
3.257276150486211885e-01 1.340127890144044720e+01
1.069419734998905192e+00 1.232856517648130001e+01
1.150887845894017492e+00 1.231998992763324452e+01
1.992248628494109219e+00 1.225319965364260888e+01
1.257974981221604116e+00 1.237421338889836164e+01
1.023369755261366087e+00 1.185240457538575320e+01
1.513714050453714544e+00 1.180389863377222959e+01
9.269165491276940561e-01 1.203032808604499060e+01
1.581824206287808066e+00 1.231082869875388397e+01
1.045080893223341079e+00 1.180154689850072103e+01
1.325965252894326873e+00 1.180365426565309583e+01
8.294797201524015673e-01 1.228848414479931961e+01
6.591415181952796631e-01 1.187510638188303069e+01
3.591255646980007210e-01 1.287961667890124318e+01
1.574086604047056470e+00 1.217704710552504288e+01
1.843620321444081833e+00 1.211279615788774855e+01
1.694170653957836059e+00 1.224354799362876989e+01
1.756287224521984269e+00 1.220500514382920443e+01
4.082376091281642583e-01 1.310925529977349058e+01
7.938382051121005700e-01 1.221398435515245851e+01
1.110577153995879307e+00 1.233733463569303268e+01
2.010961244895729028e+00 1.091933600523989334e+01
5.535707551085321532e-01 1.160406700801580726e+01
1.242004210701471489e+00 1.240700061655016384e+01
7.625991559614694326e-01 1.223634705830684588e+01
5.968068053368019710e-01 1.239608026291472065e+01
3.188785428667736399e-01 1.307841728785616198e+01
1.316664726011562259e+00 1.205069484522794454e+01
1.550768165937792542e+00 1.231361028380492861e+01
1.417277767006050349e+00 1.227961509253839090e+01
4.258154492953971637e-01 1.300833563624528466e+01
1.324716987825228509e+00 1.235366757284681505e+01
4.925003954214106083e-01 1.269488820584139610e+01
1.067911979893167773e+00 1.243757368395158736e+01
1.751226901454417506e+00 1.274758429968276729e+01
1.091108819620353776e+00 1.185051972094794337e+01
1.183421753982463631e+00 1.187643302900312747e+01
1.033018716841002993e+00 1.228008347684957968e+01
1.087719368795454722e+00 1.202773459188809113e+01
2.120818275650936613e+00 1.111297779006570785e+01
4.358000237785290554e-01 1.256330317644634675e+01
5.002733245440245113e-01 1.234346595656324652e+01
1.737936980738984616e+00 1.274062544881803660e+01
1.536301689628394529e+00 1.267287549249330070e+01
1.762507842835140393e+00 1.246339985112524396e+01
3.199746639266550785e-01 1.342237128047509387e+01
3.662649168252396503e-01 1.294504581307950808e+01
1.208276270180169476e+00 1.208082740131079191e+01
5.863999519846602171e-01 1.201799327381527505e+01
1.866034576115873422e+00 1.236236657032126374e+01
7.047164910016114892e-01 1.264641248627765968e+01
4.996399911824176976e-01 1.296593031559574882e+01
1.231223264513322091e+00 1.226759336068134765e+01
8.786234923842172195e-01 1.212695496882822077e+01
6.599807436403435368e-01 1.228621599706497314e+01
8.707882811692481129e-01 1.188536279998645107e+01
9.902293421063980139e-01 1.190668909214299198e+01
1.163611540948723988e+00 1.201464587652792204e+01
1.819339725721216494e+00 1.187241584101461633e+01
1.409350762211480035e+00 1.200141131724601351e+01
6.818587604158590221e-01 1.194351333929249570e+01
1.621666897862508838e+00 1.278331887521102495e+01
5.550040392784891807e-01 1.252714952483264277e+01
1.637270092847750380e+00 1.199872858260884456e+01
7.862467310002746457e-01 1.236370410427105071e+01
4.758223550388215872e-01 1.273047800634614468e+01
2.089117302459056358e+00 1.298841004544245337e+01
7.029047443991597310e-01 1.260409788562122557e+01
3.671896710478427250e-01 1.317427132910942511e+01
1.693207283601776192e+00 1.274928027746883252e+01
1.069632173387920826e+00 1.245584903659506182e+01
8.832949606817641630e-01 1.238321880308527412e+01
3.360172995205502056e-01 1.331556421596413742e+01
1.282317831481138093e+00 1.227744347419936410e+01
8.676332152412871146e-01 1.226497928540058702e+01
1.538763000173730466e+00 1.197051777418310436e+01
5.685064950249252291e-01 1.193902410541743109e+01
1.643199207556375940e+00 1.231037713134256606e+01
1.008648268073549570e+00 1.181093672704424158e+01
1.518753625112702066e+00 1.244696233074730429e+01
7.327429570311918550e-01 1.222502443022054130e+01
1.407709659449163375e+00 1.239969066202319148e+01
8.954711838399246338e-01 1.215166602786644567e+01
1.429916913146241475e+00 1.248044643340379878e+01
1.638569774127450085e+00 1.251648263021230179e+01
3.637701496168394000e-01 1.248834612067575378e+01
8.890255279685751466e-01 1.164515459010693199e+01
1.807751646362992348e+00 1.188858124555502016e+01
1.039096058138254008e+00 1.204751129254711728e+01
8.216179385269857249e-01 1.185574404030987239e+01
9.188624365492574775e-01 1.190018471038446535e+01
4.415644208598819564e-01 1.283879872837589886e+01
1.189547717560008877e+00 1.250608917639215534e+01
1.996836076463995857e+00 1.230503742612410356e+01
1.368908439905360819e+00 1.251309922554530907e+01
1.323212759943746430e+00 1.214780222073218852e+01
1.633779305455735464e+00 1.200150599711444421e+01
1.891285452378759224e+00 1.232983502689417143e+01
2.009327536276356518e+00 1.228864277528196958e+01
3.087033046827223348e-01 1.320128200699038068e+01
8.193040686343003864e-01 1.177542159463669158e+01
4.172581372379604026e-01 1.293034861978710381e+01
1.759698097956073015e+00 1.234372680422551660e+01
4.066563356652564964e-01 1.233972917388478585e+01
5.578948088737782918e-01 1.242792160665270629e+01
7.184865751466614769e-01 1.186737743051367033e+01
4.900581780514204899e-01 1.209368176512736781e+01
3.348116371038828976e-01 1.318540723357867428e+01
4.836904414769560012e-01 1.232889648132333527e+01
4.586244461740142664e-01 1.240901271703289410e+01
1.828461125904305984e+00 1.223701748065368022e+01
1.342844336006473460e+00 1.248250545458214766e+01
5.538663134445697134e-01 1.252296215690269143e+01
9.578328620833634899e-01 1.230397692857298964e+01
1.234100735302398277e+00 1.182738880040082918e+01
1.692151569560756297e+00 1.169613275195718671e+01
8.670157515026318817e-01 1.209807199270844258e+01
3.546285357446476438e-01 1.284769270470545344e+01
6.951734977835333229e-01 1.215189250541337529e+01
1.032352081684332790e+00 1.201564196080587976e+01
3.172911291016283220e-01 1.337517796681003368e+01
1.008812420516297381e+00 1.198630460569290967e+01
1.008014141179865319e+00 1.153638113692069744e+01
1.473179382786867109e+00 1.163289372304159386e+01
7.187233871816208763e-01 1.167578255655361019e+01
3.782260474033898312e-01 1.258452421598413018e+01
2.172791945676449288e+00 1.186572973717116319e+01
1.997855396272358197e+00 1.160538193222637915e+01
1.887420610888486783e+00 1.180494332777620592e+01
2.113737609457807753e+00 1.264629856144899911e+01
1.990545352936567092e+00 1.265552515217265039e+01
1.826268476405825902e+00 1.111929196133370112e+01
1.101962406440271547e+00 1.152319679182003220e+01
1.005577081925272731e+00 1.188683792163594788e+01
1.487865579212810374e+00 1.189488243357713593e+01
2.033046286476481779e+00 1.121130700413098857e+01
4.366462834029065099e-01 1.294789448470334747e+01
1.719320735167518599e+00 1.182648034066074594e+01
2.119191449891269396e+00 1.111569608333858739e+01
1.594289111244315382e+00 1.147885033285521494e+01
1.340489715169489005e+00 1.189933062566063349e+01
1.641424231922091748e+00 1.232541215288217096e+01
9.025698283291401225e-01 1.226849812717078869e+01
1.415492637029674539e+00 1.194729616930608351e+01
1.488580929594820468e+00 1.189364174629912974e+01
1.080990829149094612e+00 1.238824619454716647e+01
5.743591210864634755e-01 1.259709546669642499e+01
1.944050812640275350e+00 1.268132887806065590e+01
2.224319486600741858e+00 1.242612599551680752e+01
1.046945491052718280e+00 1.241603454392614125e+01
8.575855625813153527e-01 1.237463174478998340e+01
4.404005801815342180e-01 1.269632142886972304e+01
7.278096018776943898e-01 1.205095006537803215e+01
1.857878048867853682e+00 1.121803341432450019e+01
6.016290536485310314e-01 1.202879347997963855e+01
8.027100321986191389e-01 1.234428081291889967e+01
9.676416129764414675e-01 1.191175892453690288e+01
1.130985853960207566e+00 1.198890171150188877e+01
1.048930478416908452e+00 1.175228605325477638e+01
1.401450345051005186e+00 1.188060487838467516e+01
8.584990810512546089e-01 1.187722648554153082e+01
4.697154080378463936e-01 1.230963881138728944e+01
4.049096416616769223e-01 1.281578031457686961e+01
1.828930386805177610e+00 1.210083997524396793e+01
1.448393519416941722e+00 1.228325672404685776e+01
1.963699074285044865e+00 1.245165431159928460e+01
4.855328329239030904e-01 1.226733014487881945e+01
8.075059463739430177e-01 1.225880015233371445e+01
1.783056250584206914e+00 1.264931386863920615e+01
1.215263013654668711e+00 1.220033560754638202e+01
3.181488015623184507e-01 1.354830980794604400e+01
1.052996522587505535e+00 1.187267083519418520e+01
2.039773672958012263e+00 1.160566684171617347e+01
9.636316090618207708e-01 1.218970205294018427e+01
3.817550996038924227e-01 1.297544939750298809e+01
1.600684562957783275e+00 1.150553198588657899e+01
1.038164439349041901e+00 1.165473684795183296e+01
1.073302781760629321e+00 1.228597278278068572e+01
8.613735357300129625e-01 1.248093275387253875e+01
2.199117521433640920e+00 1.264947786617464587e+01
9.304769346089450943e-01 1.192438607276988449e+01
6.066900702622647357e-01 1.220455020830647008e+01
5.148640406200395425e-01 1.233939074457729390e+01
7.410998189128191749e-01 1.257720491626291981e+01
5.938082519297949169e-01 1.275741719654133455e+01
1.720122551590681281e+00 1.238039440763376220e+01
9.081397353120267413e-01 1.222013442463616784e+01
2.025561306041317344e+00 1.198309816939061712e+01
2.883201167571509127e-01 1.337085194151160827e+01
1.028592365251889795e+00 1.187389464268912320e+01
1.952393375715603563e+00 1.115087553433112255e+01
1.658776411463579681e+00 1.216851060085850733e+01
2.007955411182327676e+00 1.105301652077302066e+01
7.058094354244441870e-01 1.192037350148128638e+01
1.549571167694806739e+00 1.197755574902886799e+01
4.350881027811959179e-01 1.244082267351257798e+01
1.135641978363214788e+00 1.258891905987800719e+01
4.584076112964222682e-01 1.242128074761562750e+01
1.794884248251801928e+00 1.187641684568318823e+01
1.827027136198791091e+00 1.143306739551512052e+01
7.197054301564247414e-01 1.169040698624982078e+01
9.165530723734889307e-01 1.229964679491902935e+01
9.846312307075671955e-01 1.231086283516564883e+01
3.851957419057912557e-01 1.262262350718756032e+01
1.520988657190874616e+00 1.231302357426931415e+01
1.107683722287931438e+00 1.208818875172775265e+01
2.155469531902405311e+00 1.224809356066943167e+01
1.641884611962986851e+00 1.257763742805850704e+01
1.000102492015165545e+00 1.265994826125895401e+01
1.474068680679738064e+00 1.151275075744404930e+01
3.319526288036646622e-01 1.301530935684038859e+01
1.311762085560139957e+00 1.250988670882298770e+01
2.079572166002185529e+00 1.229398013902952869e+01
1.427124796630573789e+00 1.212233008174264270e+01
2.042332557406057791e+00 1.281155683226115372e+01
1.389255048185602304e+00 1.208607216163014719e+01
1.175274415183536147e+00 1.223028512632938813e+01
1.282573464553991238e+00 1.225724778068466492e+01
1.054147307693475977e+00 1.227382776876083348e+01
1.374119125779077466e+00 1.234804054537125317e+01
2.112337294955866973e+00 1.181925636938038515e+01
3.645649207875201192e-01 1.287344904404070611e+01
1.200942195582824557e+00 1.180908524840392637e+01
1.962304463858259407e+00 1.174637067957750780e+01
5.495310963094838241e-01 1.187315612459413749e+01
1.720850574981644954e+00 1.187939649264142439e+01
7.046684867981075628e-01 1.227048873408768159e+01
2.092043750426595849e+00 1.243808523086895867e+01
5.604300315040074976e-01 1.212383724087534631e+01
3.840180992943374449e-01 1.282089552534709043e+01
1.122565101232562146e+00 1.248588829372353004e+01
3.140231622251838384e-01 1.293764591983941870e+01
1.881274233919334238e+00 1.250621231160733871e+01
8.523671465279502035e-01 1.197582018111616620e+01
4.969715123995056549e-01 1.272186435059377452e+01
1.608852813871230580e+00 1.217261579172363284e+01
2.014017237612977240e+00 1.224223513563086030e+01
1.944096575215661815e+00 1.223899053262788961e+01
7.199209837189267658e-01 1.211698310552358215e+01
1.365477994430360997e+00 1.254522837089890785e+01
3.993327505210364503e-01 1.325253939998162522e+01
7.601710702114302665e-01 1.152753905940541301e+01
1.910444903260108962e+00 1.134679615788949469e+01
5.835208011107260173e-01 1.260271112689058981e+01
4.213895500753709333e-01 1.308197374038583582e+01
9.553994740158182619e-01 1.243033570905110174e+01
5.090473304950268174e-01 1.240343147067986607e+01
1.755669349077337626e+00 1.223117933328648022e+01
3.237985522375062541e-01 1.330551631435232629e+01
9.219449640875703178e-01 1.175805430183494416e+01
1.220812355125544757e+00 1.200163710646117821e+01
1.066784451042420034e+00 1.246047910220185351e+01
2.005148240419933892e+00 1.289987978428002258e+01
1.950737978120290261e+00 1.236802340052959082e+01
1.350880460884841261e+00 1.240317424150005010e+01
2.016263902205235325e+00 1.241952544105713230e+01
8.118750268161176731e-01 1.177482746742058595e+01
1.678707635527461939e+00 1.144513748669388065e+01
1.900148219240483716e+00 1.196913119846857576e+01
1.034237915395669338e+00 1.235150123908660369e+01
1.706216542841444417e+00 1.156972833154292246e+01
1.379059813075760976e+00 1.171446132991785127e+01
1.029945968280338686e+00 1.157268280509468639e+01
1.110957716568113707e+00 1.158452393350345488e+01
5.052013209679333539e-01 1.267701081070965685e+01
1.107306389433498239e+00 1.209826585557292411e+01
1.969971926640376125e+00 1.187769123526638637e+01
1.717188582885528447e+00 1.198889459600672325e+01
1.327591021316621323e+00 1.212180877469578810e+01
1.932051726745359854e+00 1.154398889212149015e+01
1.696271836559997803e+00 1.150237616075653868e+01
1.314989251305358264e+00 1.198153690987106934e+01
2.179980386664446712e+00 1.268589447976636642e+01
1.087068690050985165e+00 1.260345878215323445e+01
1.100857583887399738e+00 1.260755685515166213e+01
1.727636141795427349e+00 1.226863581287807570e+01
1.885699360869780294e+00 1.223660103807704047e+01
8.251639316137469038e-01 1.217989572167220125e+01
1.293925313131848887e+00 1.222063504180276716e+01
4.312081594082995406e-01 1.286904835267586655e+01
1.560754357292820860e+00 1.223816189811899768e+01
7.708436019399091954e-01 1.212590107302413500e+01
1.909608768460693495e+00 1.126925275532275883e+01
7.016300194136845247e-01 1.216182900800968270e+01
1.438259517106580399e+00 1.269601187210545135e+01
1.365823459187018196e+00 1.264984948401250620e+01
1.919277855085014917e+00 1.222438989028496614e+01
1.960569027309395640e+00 1.219030158870087455e+01
1.328117621846530927e+00 1.268850362724402459e+01
4.272108906938785200e-01 1.318893035128290592e+01
5.328216189756506127e-01 1.272209524328942898e+01
1.579241264973243908e+00 1.264046471439855246e+01
1.532231577453656124e+00 1.231600991342470053e+01
1.478285760532301873e+00 1.271896556233647679e+01
4.723605930202386949e-01 1.264184208420127931e+01
2.052198064024691515e+00 1.177801897638678774e+01
5.061704715390564768e-01 1.247101056045806189e+01
1.199029831089015730e+00 1.195554211995026961e+01
1.256659942182010159e+00 1.170330340970506633e+01
1.826875219289977093e+00 1.107633559893395692e+01
3.878567707127618114e-01 1.265990836150197119e+01
8.459906957479186307e-01 1.246768428430845255e+01
2.111860158837484569e+00 1.194976510317115093e+01
1.996052717908663343e+00 1.208650396863075471e+01
3.275352050796176973e-01 1.300473868926489551e+01
5.310927245854581980e-01 1.237057472353851040e+01
4.460470253597516033e-01 1.264283704821331256e+01
4.302355322983925645e-01 1.275563694560906569e+01
2.317160586821026325e+00 1.231227970394546389e+01
2.223124332214456711e+00 1.265368360491392963e+01
1.110815098854113669e+00 1.183729997333774087e+01
1.950333809165963661e+00 1.166775998593740660e+01
5.127004054790371690e-01 1.268264769088051303e+01
7.582698723304300836e-01 1.204964834084003478e+01
6.443754999269314387e-01 1.213638134958307901e+01
1.834157677091115213e+00 1.216810633509026296e+01
6.497026642743037872e-01 1.268442338564853245e+01
2.075872584177433477e+00 1.191387442044228528e+01
7.072579377023210379e-01 1.233667642041125845e+01
1.532148925777284232e+00 1.243350567675135387e+01
7.608091476565717048e-01 1.246824921924433838e+01
1.924035029756904436e+00 1.162534355060758351e+01
1.539109198721431149e+00 1.241086733230104677e+01
7.710161895433699231e-01 1.245192030666597027e+01
2.020862942349973324e+00 1.081712263665065876e+01
1.689352222799832548e+00 1.140281593133249771e+01
3.882347089086568004e-01 1.300973217381579161e+01
1.129020265040006521e+00 1.225677969214610208e+01
1.898647299080294504e+00 1.257113697802050822e+01
1.481916062771242659e+00 1.260192527330832135e+01
1.480024190276992835e+00 1.217445707684106715e+01
2.090043192571604980e+00 1.222859738903726523e+01
1.884368452235706481e+00 1.190676682710448908e+01
2.035060840589414166e+00 1.175870989475564876e+01
1.549970713842658609e+00 1.253605066990134276e+01
3.402113342643993676e-01 1.316543772349072938e+01
1.431130468747046969e+00 1.180931059204352707e+01
1.909159751295773200e+00 1.278124979908338688e+01
1.745936719004096416e+00 1.273374572881421685e+01
3.762170437184164107e-01 1.301128170337522150e+01
1.132880356020475654e+00 1.224718703895809746e+01
1.675239483132771268e+00 1.234236061328390655e+01
4.875689218103604894e-01 1.218447975421514506e+01
1.121692011383236931e+00 1.180809661049953263e+01
1.376809008736726625e+00 1.191418182732370390e+01
2.013397148553772276e+00 1.121013298765262078e+01
6.133844422522979345e-01 1.213407240718001034e+01
1.300014963142996915e+00 1.220038184401638581e+01
1.363929438839732944e+00 1.180988755558740166e+01
1.498295039634552905e+00 1.224229805185085240e+01
2.098018194605147713e+00 1.192029183908723944e+01
1.174700284864109934e+00 1.196300283587035906e+01
1.448506383803506603e+00 1.204517198036956671e+01
1.991542837236255803e+00 1.285281315111611988e+01
3.644161985658190828e-01 1.324242508991761369e+01
1.870862278538791612e+00 1.208541951347176990e+01
9.668106437599119918e-01 1.182576805232331552e+01
1.846725096878389927e+00 1.213202831853600472e+01
1.932088921904665302e+00 1.208457258431289993e+01
3.594808272620279577e-01 1.302720123431400623e+01
3.686026908845466687e-01 1.295242964452044809e+01
1.431546988940000320e+00 1.257153084417331712e+01
1.717014433556787401e+00 1.259734773993319124e+01
6.836567987479643671e-01 1.173282847964754616e+01
1.875501740876615475e+00 1.203279248279154068e+01
1.913577960014299251e+00 1.231671709397653203e+01
3.355327062576177743e-01 1.305735088180448855e+01
1.739617545466940474e+00 1.157279299950683971e+01
6.959638050730891923e-01 1.240630989505122450e+01
6.649467142248918217e-01 1.243026092336347155e+01
1.880352839063007764e+00 1.134313763762738603e+01
1.730406731154990885e+00 1.146776198653099321e+01
8.691349385603285294e-01 1.161104867050634226e+01
9.859584715316983550e-01 1.159682017503989115e+01
1.685593160341625651e+00 1.246755260715837110e+01
1.025300075031207570e+00 1.214999434565498682e+01
1.310198909815047275e+00 1.231697367502601281e+01
1.063410454596187549e+00 1.252138235124212962e+01
4.728005245944408297e-01 1.266645061994916688e+01
1.574341902404938764e+00 1.226924502894770797e+01
4.927978574729754979e-01 1.297021043529298368e+01
2.040972906536604903e+00 1.267463508985494336e+01
2.054822277630108385e+00 1.267846725358237769e+01
1.675641751118034595e+00 1.261187958329537651e+01
2.109532672522238972e+00 1.231657588691978766e+01
1.650221356392290950e+00 1.235059669077361022e+01
4.542069373921020503e-01 1.270098226983189882e+01
1.923474952558296591e+00 1.197745363284701980e+01
1.920882211089609770e+00 1.184715013539612549e+01
1.455678386051227458e+00 1.188091498480211783e+01
7.368593272194855492e-01 1.217489681642742561e+01
1.565911048806734041e+00 1.228434413133493130e+01
1.285394535531804605e+00 1.191010315232697359e+01
1.063154245108021589e+00 1.184130641172015075e+01
2.210777514776924413e+00 1.282168232878582614e+01
2.210334052456059073e+00 1.282197657006460290e+01
1.808739424800180462e+00 1.257921045874412691e+01
2.115057520548673686e+00 1.203045371085002380e+01
5.813949171295595963e-01 1.263747793915810824e+01
3.478572512318253707e-01 1.356395152430300755e+01
4.439666077460196481e-01 1.294313556921262531e+01
1.573915708953529835e+00 1.278461612144571546e+01
7.458882065345323609e-01 1.245172753397914178e+01
1.223570808229385243e+00 1.205993161806887315e+01
1.484921725190665009e+00 1.216532044731320816e+01
2.069612283903705663e+00 1.287045273074043195e+01
4.867872221235060581e-01 1.286047383104795649e+01
1.685986588802409702e+00 1.266048786329849207e+01
5.356820566163851272e-01 1.249408937017107313e+01
7.668029091967170086e-01 1.208691509764476280e+01
8.916289415148050956e-01 1.220689263106836187e+01
1.924087590333088738e+00 1.267458144593441460e+01
1.569627366185987416e+00 1.259293678284235618e+01
6.609679314544809614e-01 1.261415964449364679e+01
4.070217543641709845e-01 1.307826959965755620e+01
1.175830649104012027e+00 1.258719421946672945e+01
1.794614324181186271e+00 1.270356138300856408e+01
1.428871047719369791e+00 1.268793279668818741e+01
7.665186522890740095e-01 1.243990876581204041e+01
1.057884562245097415e+00 1.166673770804508337e+01
9.939408072139903627e-01 1.165511152442597798e+01
6.484558986296373728e-01 1.215393800228718746e+01
4.912667004622384703e-01 1.246295848357154590e+01
9.340038311471072774e-01 1.184084117850107454e+01
4.389836842772405490e-01 1.254590992386782133e+01
9.349943694153814988e-01 1.230812752648233221e+01
7.328370082439018551e-01 1.224870020640325308e+01
7.799883995661078817e-01 1.223205567555927153e+01
1.717326558549819415e+00 1.266083835465639673e+01
3.551282717535207412e-01 1.253347487512812997e+01
1.010542072246557010e+00 1.216916986689143165e+01
8.491647914825248833e-01 1.235417256857934198e+01
1.328554590039641381e+00 1.238874361582166728e+01
1.489990511641436255e+00 1.233088408344398523e+01
1.775298458023418791e+00 1.241835628211409492e+01
9.272940613873073001e-01 1.182543163251230034e+01
3.620596385838268372e-01 1.259721579340448194e+01
6.421022836819723079e-01 1.228330482707420046e+01
1.142607611652007860e+00 1.221172515287027238e+01
1.538586146482296968e+00 1.188881523639435223e+01
5.200203276929318275e-01 1.259720521365918167e+01
4.666667246681214243e-01 1.196401299476252156e+01
1.538830253973417772e+00 1.178262939392906894e+01
1.200984779712479300e+00 1.200977812020101432e+01
1.716552660920198203e+00 1.225582775359643861e+01
8.870191999964708307e-01 1.146511432189515745e+01
1.336634934985666767e+00 1.144296060826330041e+01
1.106856081405758863e+00 1.172051346433939401e+01
3.049755271502598286e-01 1.311742886324796764e+01
1.468519152022349950e+00 1.229432657511108573e+01
9.651303056221374188e-01 1.226517859230105145e+01
8.996458237234370436e-01 1.206982623195553472e+01
3.762495249933873742e-01 1.287897052078945137e+01
1.083447725140850304e+00 1.222450456421405462e+01
1.918716741843781826e+00 1.268328201049631154e+01
1.271014698699235224e+00 1.245940368199967274e+01
3.825175009933030612e-01 1.303438310261706512e+01
1.899271937985268943e+00 1.167628910263183073e+01
1.746853562750153577e+00 1.178662332028254234e+01
5.902045049414533784e-01 1.262233468064479958e+01
7.290171451259702673e-01 1.248706563558906524e+01
1.404202345871125912e+00 1.180189269079438219e+01
5.373833139863409825e-01 1.217997233580174132e+01
1.578888361329839007e+00 1.236464611601408059e+01
1.639147431304115221e+00 1.236007824112515507e+01
5.118095581999255739e-01 1.223912913011808179e+01
1.732569439332434680e+00 1.237343763652130946e+01
1.209024873983793436e+00 1.198222717860953956e+01
6.253702157726910293e-01 1.182818789365775913e+01
4.736995163403250331e-01 1.219063710153542957e+01
1.634142760734826449e+00 1.220337052135947431e+01
1.477396100962418579e+00 1.209478830428403384e+01
1.715453739194029659e+00 1.190993850867345216e+01
1.997956684461490662e+00 1.157033078271423676e+01
7.506405523468913099e-01 1.256541806909616987e+01
1.703709326128640456e+00 1.255185082653423301e+01
4.627268347601791176e-01 1.206954372596905500e+01
4.483724976080322722e-01 1.212263516160481380e+01
1.139631157586786125e+00 1.204468417846783446e+01
1.399199209926601739e+00 1.213180483468776316e+01
1.415458951924387421e+00 1.241603100205766808e+01
2.149124747082141074e+00 1.253048859024270278e+01
6.851728443279363479e-01 1.244825139448177076e+01
5.887989473133347085e-01 1.254188223934870017e+01
1.847746040976524062e+00 1.126146307280789749e+01
5.039151023319107248e-01 1.242513607757435246e+01
1.441424252317314636e+00 1.223971254098480976e+01
1.550816518855692605e+00 1.185856772404718029e+01
9.011015471970083013e-01 1.210704262891142236e+01
1.000594302050289652e+00 1.206856949645233179e+01
1.630658365797413856e+00 1.203194461899597201e+01
2.156787205974010746e+00 1.190087515763193515e+01
1.879395458884307590e+00 1.158984249751119577e+01
1.871940022886555255e+00 1.243954467503190919e+01
1.265415127607718571e+00 1.205301314463917350e+01
3.804737404512802401e-01 1.275894611648071475e+01
1.196335615994982948e+00 1.194874410592349534e+01
9.202979624130694924e-01 1.224990817540407129e+01
1.854257763906188794e+00 1.097723874863816107e+01
2.028991103186561507e+00 1.218745272179069516e+01
7.015613434351022359e-01 1.178994913486652507e+01
3.517347931339111500e-01 1.275234654820325098e+01
1.541639136154853817e+00 1.191057281926221023e+01
1.236434401354947976e+00 1.205255173282455239e+01
1.237749982751328526e+00 1.205300666773105966e+01
1.665590998152812974e+00 1.160822360894492178e+01
1.233503718973577135e+00 1.163195839853914748e+01
1.265926522762092388e+00 1.225912451392441938e+01
7.420374569075922633e-01 1.190040259191116334e+01
1.796682378295698213e+00 1.149521178849926706e+01
8.366173718833519457e-01 1.165033038259091036e+01
1.333767003855750755e+00 1.179330184361350753e+01
9.444298281625301827e-01 1.183319759190418097e+01
3.253967878695171456e-01 1.292660439237948466e+01
9.125963481023193768e-01 1.215429684273981081e+01
1.041434847895575944e+00 1.256813854376526862e+01
1.879639851209271351e+00 1.271861968332158632e+01
5.300732741438489715e-01 1.215499337004386859e+01
1.795393488080415878e+00 1.241831995194306870e+01
1.644321536860245514e+00 1.177051892502565700e+01
1.169714655622585475e+00 1.200947667709095334e+01
1.382894831573204364e+00 1.203650855656199070e+01
7.977979082590407334e-01 1.177420878029055373e+01
7.629124630575759847e-01 1.178118202112274204e+01
1.639200911622235246e+00 1.226726358223498359e+01
2.007595712609318461e+00 1.186522291017105957e+01
1.213543364334674024e+00 1.200654605404667130e+01
1.960375230030116045e+00 1.210226903203100690e+01
2.073783559881540839e+00 1.206163136205750597e+01
1.632433120782065927e+00 1.213825443446079966e+01
1.904665882764376539e+00 1.190180679721987644e+01
1.331986518709549427e+00 1.201538373078944666e+01
4.281928063740205181e-01 1.288182194472081044e+01
1.667376738803754144e+00 1.239842318660160281e+01
6.717093313931294940e-01 1.270431532843243616e+01
4.925824323005123517e-01 1.250146749724960138e+01
1.336585883707202882e+00 1.226629069402912720e+01
1.232722654966557974e+00 1.231809876728315523e+01
1.346002227092950143e+00 1.185542142204469584e+01
2.095042650303639675e+00 1.196732397855917718e+01
1.978957535463664374e+00 1.210760383800408313e+01
9.755592702845200526e-01 1.218165504985329939e+01
1.114962199447846469e+00 1.204747631810360353e+01
8.747659519528144800e-01 1.176188862486378817e+01
7.535298560546023205e-01 1.176487443812287204e+01
1.929893120309070342e+00 1.217125965520915720e+01
9.649664305737907233e-01 1.195963653269818749e+01
4.686981704245334890e-01 1.244697778228942475e+01
7.628784639991075256e-01 1.214698619947853686e+01
1.301528087068116291e+00 1.211454256041426980e+01
1.675780544150677231e+00 1.205445882788029266e+01
1.750878692720408525e+00 1.192122136812871780e+01
3.464271925593492285e-01 1.296180555298474069e+01
1.845257609124829834e+00 1.295139879286096907e+01
1.220137798694678422e+00 1.262349309759594540e+01
1.294133027020071047e+00 1.217734538832578117e+01
1.666199260641578528e+00 1.261874636950805773e+01
1.961646653442810306e+00 1.255714166126308307e+01
1.825011140979417856e+00 1.231294472026473308e+01
1.246392134063509349e+00 1.220477478633164026e+01
1.747395557664185306e+00 1.212168722242222785e+01
1.537616893541318364e+00 1.220253411402953603e+01
8.358211853506968270e-01 1.193566598722432559e+01
1.620822163770093249e+00 1.259929549765295143e+01
5.551892448504173183e-01 1.241689379356232514e+01
2.093870403595615048e+00 1.207295197886768179e+01
1.994827372587653080e+00 1.196306795013938817e+01
1.380582239855677740e+00 1.228429236098817157e+01
1.461664504747273385e+00 1.232448027006984503e+01
1.971946644782855973e+00 1.243399989299616060e+01
2.192096624153724527e+00 1.268769383332081091e+01
7.905183172178892326e-01 1.169823103381893326e+01
6.733711620023935529e-01 1.211111575813971974e+01
1.291977723992787208e+00 1.194549588243142679e+01
1.572034697466909714e+00 1.234317842519266328e+01
1.659442513140730213e+00 1.235324973332843967e+01
4.115870019032452087e-01 1.267983261968555198e+01
3.491058871290722010e-01 1.315569749632462937e+01
1.834616911456816712e+00 1.182677186707236849e+01
1.632022864017504959e+00 1.199862568152921050e+01
2.014128468510391734e+00 1.120714629277371621e+01
1.947527121469989853e+00 1.140768237764044812e+01
7.925885747805725412e-01 1.252209341695463429e+01
1.790796992497696971e+00 1.148354025022918812e+01
7.122668070165084631e-01 1.200710947443586285e+01
1.786187960530273955e+00 1.162910488950861598e+01
9.930280537340387959e-01 1.189678692421387574e+01
1.685974623224692381e+00 1.208367343203683575e+01
5.417415935663583149e-01 1.209549535822896793e+01
1.250598693899404479e+00 1.241400764643928234e+01
1.397956529357162525e+00 1.219640354635573232e+01
5.802011175002075305e-01 1.226798216006036846e+01
1.787525775391225702e+00 1.241355665490002558e+01
4.246802462961732916e-01 1.282930476727082869e+01
8.670007867700705306e-01 1.206729924984005997e+01
7.429137475341658359e-01 1.210725320188477205e+01
1.790687938599488271e+00 1.133796963384690848e+01
3.877062884826815714e-01 1.328665054984787197e+01
8.105577175858562633e-01 1.246730340557274808e+01
1.024873452728202183e+00 1.210231572282391532e+01
1.118767953068350085e+00 1.216121046488497370e+01
1.906719334649710218e+00 1.099942006440024755e+01
2.040977574647882431e+00 1.063793517247542297e+01
8.342871617185049216e-01 1.199211815308008156e+01
1.564192611796473731e+00 1.154515739719047041e+01
9.940011790661397173e-01 1.221424924120891120e+01
1.804265215963806179e+00 1.250030021416476700e+01
9.830101497164697166e-01 1.221544462884736504e+01
9.508045442049757323e-01 1.194691268114166327e+01
5.665711792107861466e-01 1.240794213981743610e+01
2.006553767548624911e+00 1.282147358852846253e+01
1.056383114564326320e+00 1.179064481916004326e+01
3.604841197888682403e-01 1.324721939057418574e+01
8.731809446090578186e-01 1.218591428386210040e+01
3.351101653477742692e-01 1.318078806238864509e+01
1.716214566684905130e+00 1.179153034695266911e+01
1.160712806851989853e+00 1.158423648353943314e+01
5.962264024491488179e-01 1.180260604372950439e+01
1.292080075272459716e+00 1.184550104365135326e+01
2.197355868669031320e+00 1.179435454678327844e+01
3.688001979417992460e-01 1.290525988274430169e+01
1.083309544684541548e+00 1.227781203307596769e+01
1.492826375822852825e+00 1.221223347304587037e+01
1.120790184546154977e+00 1.209273225160139908e+01
1.146546850615405955e+00 1.193306686018143736e+01
6.657391192015154058e-01 1.228331705913116068e+01
1.954299361230644516e+00 1.259309925307414701e+01
1.914028691607757349e+00 1.223664497324167577e+01
1.639568480017686403e+00 1.217294472053806587e+01
5.176482391698085106e-01 1.209609336748339992e+01
1.008067787848264674e+00 1.182630990060516218e+01
1.853288628374755831e+00 1.169557518621673609e+01
2.118290400800777018e+00 1.075920670663965950e+01
5.442110629692400448e-01 1.273294016408170393e+01
1.661959753778035287e+00 1.266046269861882401e+01
9.687244794328894182e-01 1.232754770663774835e+01
2.055237733645355558e+00 1.260160066539709867e+01
7.826676609054274980e-01 1.192212988594911138e+01
1.482130148879119425e+00 1.204678173133204488e+01
4.025067870142960413e-01 1.295898977967511101e+01
5.277285738590097308e-01 1.246865504818160097e+01
1.414420849353285270e+00 1.256553242771110668e+01
2.176704934961422033e+00 1.230442916826658362e+01
7.965260825290965130e-01 1.216380660883499054e+01
1.849462142055323666e+00 1.246934513930759181e+01
1.883293940982510239e+00 1.178986284975892396e+01
5.830082698631999794e-01 1.265529130189888818e+01
1.847889735077498097e+00 1.235506320380940082e+01
1.213682437999878516e+00 1.245943666601518629e+01
3.630035177029468652e-01 1.322800625422034670e+01
4.686508616109872905e-01 1.265126288178922920e+01
1.528076388468784907e+00 1.228482312767902407e+01
3.947081055267740446e-01 1.299363610488145149e+01
1.641761216077082253e+00 1.260257440109734617e+01
5.347951483064274925e-01 1.272660600865707003e+01
6.513089512637372236e-01 1.255988271773603593e+01
5.936458944262388293e-01 1.264109931225212691e+01
1.644845811269757707e+00 1.271037226701415612e+01
1.738093841414033891e+00 1.174842886428035094e+01
8.991761189130492715e-01 1.195131511133202196e+01
3.631338606280501979e-01 1.314715053229995334e+01
1.653447120573973139e+00 1.258641452430758179e+01
8.261330477570918429e-01 1.245649499961497320e+01
1.898662285093837498e+00 1.216264529654561599e+01
1.993057540942709593e+00 1.206786974643990007e+01
5.253720392753937762e-01 1.206020513964553409e+01
2.036935190560829501e+00 1.182190399256452018e+01
1.875405472647008187e+00 1.192006095198032689e+01
3.346451216444240595e-01 1.324622040427312974e+01
6.402577193725975668e-01 1.203888751776481669e+01
8.139966539177856397e-01 1.201208537842540025e+01
1.462846059808568855e+00 1.236172276616013832e+01
2.026973641570908313e+00 1.111461204000861436e+01
1.743843696644336028e+00 1.164400788307683499e+01
8.556205094677682421e-01 1.206339665760039992e+01
3.721722479806456874e-01 1.322609837701088686e+01
8.508224524225983521e-01 1.215591401308026320e+01
1.554476386940773835e+00 1.236023429840744647e+01
3.628420960191399147e-01 1.300726235476841985e+01
9.440303131485515697e-01 1.205305033425976724e+01
1.176570683820757912e+00 1.137042589992592134e+01
1.420821112034416300e+00 1.237733643803407624e+01
1.748501362442142382e+00 1.252038862234230798e+01
5.445558854142419358e-01 1.213763898610076097e+01
7.307237351414780369e-01 1.197771960951841486e+01
1.806716767316911554e+00 1.178421366402446324e+01
1.878564226204097354e+00 1.135363448614488391e+01
1.751837007685246528e+00 1.147212876042151386e+01
6.491778682330735517e-01 1.196159414641226704e+01
7.040207425450893952e-01 1.252005438325995890e+01
9.486926638292053626e-01 1.251901965846271914e+01
3.742724431233042104e-01 1.309380307774516972e+01
1.806601100228748757e+00 1.189202318257230573e+01
3.840995402915972634e-01 1.311661367253446642e+01
2.029929479977757190e+00 1.266656809422192609e+01
1.180251339729919691e+00 1.219349967579358207e+01
8.072736166864438179e-01 1.227754222672585094e+01
3.797586625246099912e-01 1.302083191715049715e+01
8.750086587394163562e-01 1.191042102773581313e+01
1.898864615426707703e+00 1.174760513723091648e+01
9.002918031154889533e-01 1.231099482435187475e+01
1.084719375297430011e+00 1.234352443426756807e+01
1.006281625156386417e+00 1.237770695191240655e+01
2.101653037356347120e+00 1.173492518185000222e+01
4.798348753652116883e-01 1.197927808026434349e+01
9.988811704717606155e-01 1.162370690761619763e+01
1.145416962219650614e+00 1.217633410728840104e+01
1.071163737206011657e+00 1.154378653053445980e+01
3.050804344223002618e-01 1.312264132260867555e+01
5.596437258690839522e-01 1.221794419531227760e+01
4.741461553649667926e-01 1.242379025232040313e+01
1.174489934196482510e+00 1.229518631263261241e+01
1.746777828033468039e+00 1.185254756811760757e+01
1.057287568971632119e+00 1.200306448258933223e+01
5.417390156949863922e-01 1.240296090083110592e+01
5.994112712165252654e-01 1.158327245908023251e+01
3.618154398215712164e-01 1.240364944971764238e+01
7.788219284904448481e-01 1.225452670322401438e+01
1.903332054625316516e+00 1.155757340395534172e+01
1.791872903667091288e+00 1.206063444900259896e+01
1.782153030839026764e+00 1.207284471151666416e+01
2.027162141449776911e+00 1.230129524313777978e+01
5.179080840761162152e-01 1.284629726356023660e+01
1.850150468041106944e+00 1.183839318121627926e+01
1.377499674920400041e+00 1.223635288065504945e+01
1.072013139445682661e+00 1.213260927894873298e+01
1.807058371852308110e+00 1.200038010133559574e+01
1.626378051633150301e+00 1.198418722875805820e+01
1.294370533543953927e+00 1.202455672234173178e+01
1.385909385078394118e+00 1.252951804094106159e+01
1.576877804943167316e+00 1.239231022288090500e+01
1.480732072892461115e+00 1.233106436007302875e+01
4.768853695356248812e-01 1.203555623507660144e+01
2.155647259282477801e+00 1.234658310785733448e+01
2.163934499212794460e+00 1.234011363983541543e+01
1.126462961162026266e+00 1.243722871923261053e+01
7.489566050077820503e-01 1.238630836695301340e+01
7.056523654387358846e-01 1.164744675313658107e+01
1.020721658331299464e+00 1.177598653018537256e+01
2.046680139809614829e+00 1.145009404540736675e+01
5.039667776592392512e-01 1.194825796164295184e+01
6.190170161167662943e-01 1.242257630709672966e+01
1.301589120661057031e+00 1.163234335411330278e+01
1.774503111190763871e+00 1.228974402616917772e+01
1.954089180378959734e+00 1.226588043846627230e+01
1.685848128716984862e+00 1.216508887198340183e+01
3.649983502869541541e-01 1.311605229483631874e+01
1.289876162806372184e+00 1.218461684143027668e+01
4.446863175732713169e-01 1.223212815800419584e+01
9.178055108921007177e-01 1.192994815242678897e+01
1.846016619683942483e+00 1.183589431478120879e+01
1.685602707599771044e+00 1.224731806126096600e+01
1.147584443573649970e+00 1.213528234710284970e+01
1.934684863236798336e+00 1.248523574652471879e+01
7.870666078436786561e-01 1.251062030288147930e+01
1.645547572912118284e+00 1.251602338307071527e+01
7.458663153508137134e-01 1.200026149498065386e+01
1.108706024902525566e+00 1.204156355820028601e+01
1.694593805604069914e+00 1.205711317582323616e+01
1.733982483519655782e+00 1.163868976500232755e+01
1.990990818917797833e+00 1.253800494889096662e+01
5.442792460680154765e-01 1.233827760491987213e+01
9.552560748419097747e-01 1.205909827677558788e+01
5.231896453597770780e-01 1.242016040084461892e+01
1.001918390682675630e+00 1.202213286221783584e+01
3.691868587779048028e-01 1.286875787698415508e+01
1.914078077574571601e+00 1.162182571621202598e+01
6.634449656790760708e-01 1.193173860391292251e+01
3.121636098765717682e-01 1.303945912914900518e+01
3.906276965186801231e-01 1.233429773944592611e+01
4.028442830130725127e-01 1.271791753761244692e+01
8.029588288367892623e-01 1.209953222502054615e+01
1.410370791280773028e+00 1.185159825793538779e+01
1.780525555641746083e+00 1.178226199782601746e+01
8.802674290738821128e-01 1.231389153690959404e+01
1.246425784802072778e+00 1.211038143726377214e+01
8.078274233526355763e-01 1.187465738936227666e+01
3.577799394823676371e-01 1.315841002056215103e+01
2.265770816356720729e+00 1.175358728803851882e+01
1.852140216537479178e+00 1.205356748366222952e+01
6.677069617971702620e-01 1.269793595283237586e+01
5.297215744079368793e-01 1.240636212387882686e+01
4.893262173289891770e-01 1.251408156980604858e+01
1.978452524987411421e+00 1.148652402668879802e+01
9.176104922608623315e-01 1.178097803582055647e+01
1.917322338419529926e+00 1.176754095014279855e+01
1.995879414103532756e+00 1.162727450750124625e+01
3.807325281802842465e-01 1.234243153023459527e+01
1.418644361067411097e+00 1.172047306108969522e+01
1.535762367438906484e+00 1.245111097638201691e+01
8.685586314679929476e-01 1.193652600052087998e+01
1.399288582375651790e+00 1.223720985806965444e+01
4.022082221540339009e-01 1.259439379580068596e+01
8.887384824070279077e-01 1.240445456166742311e+01
5.715974170220864403e-01 1.261196879359389200e+01
9.378673014545476638e-01 1.243268654530969464e+01
5.247604196247113162e-01 1.214173831113235558e+01
2.023814506813391922e+00 1.169579784471184780e+01
4.793612617974691292e-01 1.303953950018211927e+01
7.739220300833781208e-01 1.258654341278139910e+01
2.160452640186340201e+00 1.257933189995175738e+01
1.029148634256687567e+00 1.169866833690280039e+01
1.111462908755074031e+00 1.173247653877574415e+01
1.875593702263551377e+00 1.273572473352286494e+01
8.907248879993807655e-01 1.194729036428755542e+01
1.827973656313374162e+00 1.240581532320627289e+01
1.917484640926563344e+00 1.188275701125395223e+01
1.012627364745051217e+00 1.190409683413006903e+01
2.024185857729875249e+00 1.200571390200140343e+01
3.598077322433338443e-01 1.287055931614465365e+01
3.434476617477345006e-01 1.301837265110082953e+01
6.384298222925397504e-01 1.241888849872581346e+01
7.767520665460478924e-01 1.187717445962382179e+01
4.349891747938767206e-01 1.282518516692285360e+01
9.808446937905406227e-01 1.222183953888453267e+01
5.388286033747344828e-01 1.251604768544662249e+01
2.098864935348236482e+00 1.117372441496067381e+01
1.267971313005561207e+00 1.224643881808335166e+01
5.426141462249206571e-01 1.233360050254828444e+01
9.675879485488889653e-01 1.164188299163019913e+01
4.182724047878269014e-01 1.221754749665766049e+01
1.473150821590906379e+00 1.192757200044624355e+01
1.547142915944744512e+00 1.194935175808119432e+01
1.123545460454891121e+00 1.181408667937138368e+01
2.031947520958420572e+00 1.142873795431960104e+01
1.758527479748638767e+00 1.245740106616335474e+01
1.325797949251877217e+00 1.250330601526905561e+01
7.760502808700533439e-01 1.192515650935344418e+01
1.364205854689698683e+00 1.268540796254504244e+01
9.893716266090658573e-01 1.187857039872486453e+01
1.912273618167813272e+00 1.189615879336468929e+01
1.720033077170151525e+00 1.220691387118680105e+01
1.279673990724238486e+00 1.231080283813202314e+01
1.745527916217971098e+00 1.213553434522120966e+01
1.886865014157667053e+00 1.206528374438890339e+01
3.220431082673476664e-01 1.333198547820311752e+01
1.557099787384756073e+00 1.218171831680488459e+01
1.225743084045609610e+00 1.221302268078083131e+01
1.955415581411547921e+00 1.132160604606098708e+01
8.682947008103770736e-01 1.191501347990480753e+01
2.072759327148137043e+00 1.172865975459242627e+01
3.297860968740948251e-01 1.294320272655552806e+01
1.863257838517406340e+00 1.229398527843564537e+01
4.116910354898917213e-01 1.277211893210816029e+01
4.105262713910648453e-01 1.277866935236466261e+01
5.866306115889168282e-01 1.241196587489692682e+01
4.764353014633348482e-01 1.218436706431802108e+01
1.186183297546831383e+00 1.235452975343964255e+01
1.284335373609468922e+00 1.241111079433281894e+01
9.383045440821785599e-01 1.207878232693166964e+01
9.462014929057049883e-01 1.207738122724357055e+01
5.064664502707382221e-01 1.203543749731531065e+01
1.716085382588798280e+00 1.173535335708606375e+01
2.022760877552778336e+00 1.154813092722567092e+01
5.232603042983998698e-01 1.252590067468534762e+01
1.475441215629025304e+00 1.255588409984219034e+01
4.490089569052267415e-01 1.192991019076259285e+01
1.724590435819292056e+00 1.174119463084667458e+01
1.897904229654223007e+00 1.165799785125691201e+01
1.969479776493926915e+00 1.258589676489930831e+01
1.878348723553038724e+00 1.222819868192492265e+01
1.483938444329945483e+00 1.227863173307059519e+01
9.237001094064020146e-01 1.192317255609416371e+01
1.252141370083274863e+00 1.204607832321449656e+01
1.020126890512230045e+00 1.181059753982275318e+01
6.651494145819566439e-01 1.204191651474671865e+01
1.159310306640237265e+00 1.190846150539425707e+01
3.443990382472273959e-01 1.294594616591895964e+01
1.309073188492340778e+00 1.183839006223691825e+01
1.953566138967258503e+00 1.226286580057072229e+01
1.895906117201495045e+00 1.228957926432031122e+01
1.170005456730973670e+00 1.194234056482771500e+01
1.456409923750847657e+00 1.235341214639870699e+01
1.609982340664944278e+00 1.251874708534711722e+01
6.193797140270694834e-01 1.252167274093124405e+01
1.766382871671850818e+00 1.176911805815076839e+01
1.100271130923190066e+00 1.177496447039058225e+01
1.575008739084700293e+00 1.240105611169856736e+01
1.361695713020201204e+00 1.237246887136910800e+01
2.131490135403727226e+00 1.163097666657651352e+01
7.434414837672949083e-01 1.226973479312611559e+01
1.088522253609496948e+00 1.211092672836021578e+01
6.500316917904095382e-01 1.255567058860696150e+01
5.956995185470649323e-01 1.261444891271958113e+01
1.682100245455333987e+00 1.212397839635299590e+01
1.248243507971271926e+00 1.229016464006754994e+01
1.112545934461114605e+00 1.226238456518562714e+01
1.262837095270016308e+00 1.253926869686114109e+01
2.094421618751455050e+00 1.298185711168306966e+01
1.770337606439334799e+00 1.278968392078745708e+01
2.078035411976759672e+00 1.285286407355853555e+01
4.060651396452414907e-01 1.236426979812617333e+01
3.214762149687842019e-01 1.307441982452553475e+01
5.921755132716005621e-01 1.263316265813936745e+01
7.495391743958884634e-01 1.250749822197772154e+01
5.644898424136473025e-01 1.228749406386028120e+01
6.309162818323926780e-01 1.219956655400134871e+01
1.155968564045009694e+00 1.200763657434854004e+01
9.063799120362473483e-01 1.230013050534192764e+01
1.818101192841619307e+00 1.259603271151037163e+01
8.256369628030929553e-01 1.247496424081727184e+01
1.389213073650891417e+00 1.171651726313945829e+01
9.108691797836065973e-01 1.200626724834679671e+01
1.697167974130989743e+00 1.162383526313470128e+01
7.207029284541283110e-01 1.159542895567189191e+01
9.144925056210387870e-01 1.243714240521025083e+01
5.273037800543100007e-01 1.239237441397622774e+01
1.589024924914552495e+00 1.203363769687620888e+01
1.181616994506384133e+00 1.211224845905483427e+01
3.538972870861665232e-01 1.298082903299285995e+01
7.785707601576435932e-01 1.200804357156507862e+01
5.733239530368522407e-01 1.211562261168502275e+01
5.990973936480417095e-01 1.208359457971815409e+01
5.672936259614089760e-01 1.202404050914599054e+01
4.021218292770107339e-01 1.254148911028870828e+01
9.527675941483076949e-01 1.244214691947434304e+01
1.810700230507321207e+00 1.244198775249867950e+01
1.613120634784210194e+00 1.221603649961679494e+01
9.058050274445091921e-01 1.215256938064845116e+01
6.171273496505933487e-01 1.214558786533250512e+01
1.401879080955447998e+00 1.175539350653004433e+01
1.047504376936905013e+00 1.198145085337769089e+01
5.758275533814941616e-01 1.197056220769186474e+01
1.981854006163402904e+00 1.231698846994964924e+01
1.220577387061286156e+00 1.213983229621016946e+01
1.934534070419872576e+00 1.183409397998225643e+01
8.901914057617362763e-01 1.196821705463096741e+01
1.997100785848119564e+00 1.254818639949582781e+01
1.648557487672270616e+00 1.251604046775973700e+01
6.446753420878262864e-01 1.208119718399147224e+01
1.441530133050984208e+00 1.200732123969516785e+01
7.353846812960703749e-01 1.232427284907746667e+01
1.324501231348177654e+00 1.198486713088287026e+01
8.856232890275709257e-01 1.206466058617273518e+01
3.319266185859468532e-01 1.329746723872178293e+01
1.732520995012598153e+00 1.273718999173597410e+01
1.997785228295401394e+00 1.280980812946332392e+01
5.862547324068089205e-01 1.249885260524157005e+01
1.696972704312506686e+00 1.252405360031892734e+01
1.934292675358561864e+00 1.262714917582657037e+01
5.880468193076572314e-01 1.250613850717391884e+01
1.002977793247429306e+00 1.187608742466875889e+01
1.628567939766137895e+00 1.197053464003378487e+01
4.654101300303429833e-01 1.284295089403555501e+01
2.035220671840267670e+00 1.242944420078438483e+01
2.005266598459771732e+00 1.221738954772775720e+01
5.888678273715969302e-01 1.240471969862423585e+01
1.350955764768901002e+00 1.230431168403681319e+01
5.517285397367861499e-01 1.280523593876542243e+01
5.931408225865077988e-01 1.217571565409265411e+01
1.751233542648609864e+00 1.244231019048632803e+01
5.824799919636398648e-01 1.270363351608679459e+01
1.470857822258464731e+00 1.209470129469940858e+01
1.985518786860568374e+00 1.203570268657640518e+01
1.363144387401246327e+00 1.209049052776440192e+01
1.099822278230139894e+00 1.196816313209986227e+01
6.176941808234264197e-01 1.234748726202671953e+01
7.663372308077313066e-01 1.180194027948581414e+01
7.615016485697256865e-01 1.180032900506579097e+01
1.713681861694766217e+00 1.273227455740934033e+01
1.718383697322646508e+00 1.273323908209367872e+01
7.176082172460073183e-01 1.241031866614086532e+01
2.181897689500892135e+00 1.172335157459061605e+01
1.793607377658546387e+00 1.225290597831718920e+01
9.845166616160034856e-01 1.218553177391785347e+01
7.518357260687867916e-01 1.213765562768229955e+01
1.290644087369554160e+00 1.228779041616462386e+01
9.936241399704887067e-01 1.174125312291847756e+01
5.562133031395097849e-01 1.185686737138665592e+01
3.659146130070669023e-01 1.278128536373141522e+01
2.110036894489201398e+00 1.216809634114860827e+01
1.185777824624647092e+00 1.231486067994487321e+01
1.723700303061673988e+00 1.234076670190617975e+01
9.342856140747921589e-01 1.188622836069919586e+01
5.481717488632922297e-01 1.213861346086014770e+01
9.774660467153235555e-01 1.182109991810458638e+01
3.647891305319046484e-01 1.271300024932634010e+01
4.431073812159653236e-01 1.229334251719305904e+01
1.413979629631927137e+00 1.183270798614997688e+01
4.004805617321880451e-01 1.239681098870880049e+01
2.099098205742729650e+00 1.253117821728462111e+01
6.327387275783483700e-01 1.274528167787367039e+01
1.195944226575742286e+00 1.177532597512563761e+01
1.715343332266613841e+00 1.195925970953514295e+01
2.134623148861230391e+00 1.216567383550124326e+01
1.438262079463227705e+00 1.221313622212179695e+01
1.778971562016901098e+00 1.135741017415402077e+01
1.437398993927172297e+00 1.164266072972422883e+01
1.273330379617390706e+00 1.196168157315396030e+01
1.249333328357655093e+00 1.196931246032323948e+01
4.158173722898053093e-01 1.296258566529452771e+01
1.867370821189566987e+00 1.219928455894176622e+01
1.597806536999767379e+00 1.268073759737124639e+01
1.595740821468856430e+00 1.267953090823199069e+01
1.351206917662268969e+00 1.190249907189973655e+01
1.814467727601759783e+00 1.177240895923065089e+01
2.040055108293906017e+00 1.212932132442542077e+01
4.128134119306259286e-01 1.283123397296293255e+01
1.942907477465972033e+00 1.220134806113472870e+01
6.975459604665590341e-01 1.190815699467055566e+01
1.133471869378080754e+00 1.220632768793160494e+01
9.047650296239116985e-01 1.190218518739208875e+01
1.793049061920542142e+00 1.146019555387748134e+01
7.700679932761003155e-01 1.196846395489058423e+01
3.686512190839149605e-01 1.290473690666636841e+01
1.162534798552276261e+00 1.151832940386687021e+01
1.995155484849260974e+00 1.235021434419794240e+01
1.067405517726935260e+00 1.219189789435201376e+01
5.234366190253445517e-01 1.212452874466705133e+01
7.414982186939104158e-01 1.197386723102046702e+01
4.375889743777013341e-01 1.231135177524145519e+01
6.478730192573772806e-01 1.187280951031507215e+01
9.838851999431716955e-01 1.206226713592793587e+01
1.790724660125530443e+00 1.228513248936087798e+01
4.333978047276875190e-01 1.253890455752435429e+01
9.121042568332439204e-01 1.184452590988857246e+01
1.978528723636342690e+00 1.230972859098937100e+01
7.704017750897319550e-01 1.216464784211785144e+01
1.500379754771542062e+00 1.224918214872589139e+01
1.606081503295130330e+00 1.265607531923164153e+01
1.924375144441383023e+00 1.268833517230653207e+01
1.690050977578597680e+00 1.197203266479452211e+01
6.780481489270000495e-01 1.170392218800894213e+01
6.887115552102760496e-01 1.252986483323596367e+01
3.904544049860559918e-01 1.263472586892901539e+01
1.048043450145804911e+00 1.195972697508709004e+01
1.109113727276441530e+00 1.194615999413392515e+01
1.813397351454521189e+00 1.213024771290853110e+01
8.358231416970673955e-01 1.164992848298853723e+01
6.827419934787649636e-01 1.228538420918141938e+01
8.199954186328924921e-01 1.227446511833509390e+01
5.279916305542667887e-01 1.225287402037549711e+01
3.676773179216979437e-01 1.296865681653645552e+01
4.973568666657753323e-01 1.206910064500534929e+01
1.964665422403133910e+00 1.265702252556217644e+01
1.118271749988226871e+00 1.228040335254469717e+01
3.432226048519468886e-01 1.302624664274306809e+01
1.149378755673348795e+00 1.214130834562482342e+01
7.824919503517328012e-01 1.237878956912394202e+01
3.157096243739671571e-01 1.334357736256081317e+01
1.641838029289500955e+00 1.151651501750800755e+01
3.354430948434773962e-01 1.314040190167746225e+01
2.179459884285730009e+00 1.142901953839744422e+01
1.733686337437143399e+00 1.273251809559118009e+01
1.882467632522598633e+00 1.240033240657201929e+01
5.034967283078720657e-01 1.264941810754970675e+01
9.851533909731124972e-01 1.153469245334650317e+01
8.922740297785971553e-01 1.155650228039280591e+01
2.099042274515189099e+00 1.178393692654850966e+01
2.102447264762044465e+00 1.177538534307087303e+01
7.657150987667163955e-01 1.261492027404883842e+01
9.301459267358062055e-01 1.254122145043421099e+01
8.278266504888275312e-01 1.223878304551126917e+01
1.348462777055719597e+00 1.253080572794655190e+01
7.211778807857904816e-01 1.184582473153986548e+01
1.902377171047705096e+00 1.288353582387485474e+01
1.222048963108937958e+00 1.257579312005989713e+01
1.658603676086703782e+00 1.248600932739471325e+01
9.834063182490877519e-01 1.229755324422077933e+01
2.120607475909821460e+00 1.146975598599649793e+01
5.042832715364734542e-01 1.237510385884701591e+01
1.983640287185775009e+00 1.247352943914390799e+01
1.238724819071731487e+00 1.159322555626913420e+01
1.972624370719293641e+00 1.087699622305909841e+01
1.367896982456013877e+00 1.153995735926114996e+01
1.542048390210009945e+00 1.260508252005030627e+01
1.789712996365218078e+00 1.260094024258345158e+01
6.256735068080492290e-01 1.238301274287236353e+01
4.704672017062709322e-01 1.254881570546199754e+01
1.244294675710778009e+00 1.252850934082895940e+01
3.985853027275151339e-01 1.253489802722456936e+01
3.022935364399161884e-01 1.350222096959970486e+01
1.065002049620491498e+00 1.163759939273603727e+01
1.748817962773509649e+00 1.148543724115798881e+01
1.364058494161403345e+00 1.224188059838277454e+01
1.877180655092193895e+00 1.204478131747858605e+01
1.985187648615766687e+00 1.240937584764524892e+01
3.212771464425908663e-01 1.328028720782361205e+01
5.700900755705292644e-01 1.206400653612268137e+01
6.613862210715707457e-01 1.199470183727262018e+01
5.881425639592997578e-01 1.250793533017315617e+01
8.015341508317084251e-01 1.241154056458463728e+01
8.593609507626503996e-01 1.241259277233340796e+01
8.360370019066946101e-01 1.241864354503458046e+01
1.998152094525120548e+00 1.264682613052216631e+01
1.198377972672732827e+00 1.236252035161092167e+01
1.957611555183638385e+00 1.158275270211111696e+01
6.403655969112526103e-01 1.249050244209456473e+01
1.217859765106240832e+00 1.241352880769379396e+01
4.071651625073836045e-01 1.270506457254891330e+01
7.657886248723076994e-01 1.210014632887342323e+01
9.028933928783982044e-01 1.170852387831205732e+01
5.267262897017106482e-01 1.175562345356502547e+01
1.827964803245734071e+00 1.170429640931284254e+01
4.654684756829994274e-01 1.232373914880647803e+01
7.680181026617212137e-01 1.167613309564788970e+01
1.486936728042014710e+00 1.179715165802420529e+01
1.596999640044887370e+00 1.191655632071940474e+01
3.702886026269507358e-01 1.239565476986008008e+01
6.764506017623288514e-01 1.200304582272731402e+01
2.079584535715817584e+00 1.134059022241428316e+01
1.763789279477249838e+00 1.174292568248440283e+01
1.909893522708165703e+00 1.239479975375400578e+01
7.703864801887686520e-01 1.255695900795586617e+01
2.048852960000822065e+00 1.255233373921396201e+01
4.826011243704576570e-01 1.232343283979387571e+01
4.642402926676223451e-01 1.283869431001279793e+01
5.995376557328722100e-01 1.251116213990794890e+01
2.048630224341456696e+00 1.147668603734542181e+01
1.891516137186303403e+00 1.164768724997054505e+01
3.935759139529571016e-01 1.309922442359552797e+01
1.996779903002114942e+00 1.267961578533569522e+01
9.043590233242814191e-01 1.227054624773302116e+01
1.695488117964603747e+00 1.176998422285233836e+01
1.704399068729709255e+00 1.176013583928790140e+01
1.833019420661476939e+00 1.169680357130599724e+01
2.001272840171893108e+00 1.234302101202900737e+01
1.201661644515871652e+00 1.171335354114886407e+01
7.678459166930128310e-01 1.172689338360039990e+01
3.296571621357838877e-01 1.320844716599101432e+01
1.742817390096727426e+00 1.249680450844849311e+01
7.595454529559511059e-01 1.200052560282527381e+01
1.073209263164396576e+00 1.189174967238917979e+01
1.113482105661843580e+00 1.191908279405038407e+01
1.925410654036153968e+00 1.162047617023841006e+01
1.176650055906131254e+00 1.222819786779473539e+01
1.804810755333529748e+00 1.152530247222717819e+01
2.040905056111383953e+00 1.067816390148192340e+01
5.416180833380367377e-01 1.171878853717938718e+01
7.348263726962259712e-01 1.155494273273345840e+01
1.089365290465249769e+00 1.198184180161704937e+01
9.084612728139667137e-01 1.194183853837151510e+01
7.167851258180873986e-01 1.250306339935031019e+01
9.200726798186786848e-01 1.168262660716885293e+01
1.868527336952290341e+00 1.202418308009161407e+01
1.268734439722918994e+00 1.209776294818090747e+01
1.636603220198441289e+00 1.235932177258791853e+01
1.650049469017031090e+00 1.236345688730845005e+01
6.379085812066521699e-01 1.239774257372001465e+01
1.887525948725714775e+00 1.249442108742123025e+01
1.704863415222975576e+00 1.263675892250032717e+01
6.175721232831559160e-01 1.252944340340204832e+01
7.877197298853585439e-01 1.172132234870340639e+01
7.758461068970048391e-01 1.210654673547328031e+01
1.771256703041489855e+00 1.222530887469194916e+01
1.849919254952852921e+00 1.099557688850118353e+01
4.987532283481877493e-01 1.227444323417498317e+01
7.267873592993271403e-01 1.237897641972585561e+01
1.438244113297196147e+00 1.246461687023443154e+01
1.353032590849814643e+00 1.231781734099076075e+01
1.656334393139428540e+00 1.237257140875792771e+01
1.819421128109424135e+00 1.161058073142457481e+01
4.816704540688008795e-01 1.225309634748950849e+01
1.144381062743361932e+00 1.246934926363277718e+01
1.972179145663423006e+00 1.240796300856170653e+01
1.647309616452492076e+00 1.243895417174629436e+01
1.968673382949161832e+00 1.155477558613451627e+01
2.044676395137270841e+00 1.123197199670671509e+01
7.194637842695718044e-01 1.242543736381528419e+01
1.747889609166699776e+00 1.241746360414696326e+01
1.291454144422259809e+00 1.175610320425725064e+01
1.429663696680567364e+00 1.245987616312968527e+01
5.278127534414326361e-01 1.267376550575444405e+01
5.596661786569123720e-01 1.262322046442767665e+01
1.024433365447708688e+00 1.249479897659815997e+01
8.449420073411338938e-01 1.241316147185924734e+01
1.306305404596431297e+00 1.248676355325340914e+01
1.111580186487787447e+00 1.224528576524174817e+01
4.052969093871462425e-01 1.212048058420542418e+01
3.487204377242839604e-01 1.251737727779216414e+01
5.269953017395526684e-01 1.269715014372008355e+01
1.961907278941103394e+00 1.188151207515379859e+01
1.653129304466326888e+00 1.203782515175610079e+01
7.754443516899682809e-01 1.171901569990547998e+01
6.557055429519970113e-01 1.176569930156423993e+01
1.969297216169320741e+00 1.225220563691251385e+01
1.280011504833458602e+00 1.242997872743229415e+01
1.235730717452163896e+00 1.207186560257624564e+01
1.474580151367123060e+00 1.278774802627043350e+01
1.785552448058933095e+00 1.280204463527121739e+01
1.889721673894821929e+00 1.196966423258224310e+01
1.423666237498457665e+00 1.237800551851155184e+01
8.152528699643482035e-01 1.163214946313241782e+01
8.406576594530423829e-01 1.264810005580087449e+01
7.992505921731993812e-01 1.266235692122483414e+01
1.822067922305388832e+00 1.249752754258233800e+01
1.427546442918422587e+00 1.242548621096882933e+01
1.215209652145257779e+00 1.256977589130710982e+01
6.254674517483451712e-01 1.261683098825958993e+01
6.716247932138633692e-01 1.237695228069913078e+01
1.559822452863184994e+00 1.265911887920614731e+01
1.995234649827256179e+00 1.196026139427926616e+01
1.926887036229841366e+00 1.202781021098425818e+01
8.776742806097640459e-01 1.198775364503757501e+01
6.013491217762686469e-01 1.213777780782421623e+01
1.437849537444066739e+00 1.234522217828932433e+01
2.048093841681205785e+00 1.207097778351423045e+01
1.641889425089958277e+00 1.214472611054943485e+01
1.415627590015007264e+00 1.223858897974581694e+01
6.682405262558434034e-01 1.212001462706970933e+01
1.115930693135515073e+00 1.208680153420712244e+01
1.786042911343189710e+00 1.269737134413272628e+01
1.707694409229322252e+00 1.266021580583753092e+01
1.803044206064788213e+00 1.146543557410072367e+01
1.015369064846125768e+00 1.189488511727029696e+01
1.965273304025197953e+00 1.203273885796613740e+01
6.610575536332138347e-01 1.216136863670134538e+01
1.844564456363523064e+00 1.223444015261615014e+01
2.183301757728681292e+00 1.279645855559771128e+01
5.415363250781767279e-01 1.269724606922745558e+01
1.334360538288952958e+00 1.243375749077966397e+01
8.029298019760484628e-01 1.236501925200120588e+01
1.237698002691413057e+00 1.190237923258653652e+01
1.792014094155570003e+00 1.209169284506967479e+01
1.276871072936143214e+00 1.247048497525319632e+01
1.117592156279548998e+00 1.192303580925655559e+01
1.975912743383872794e+00 1.207739140777886000e+01
1.507935879932722933e+00 1.221082021126482253e+01
7.378523798043005177e-01 1.252532484074872876e+01
6.070153938911668767e-01 1.265878372846741229e+01
1.541215775610137451e+00 1.208044338755840919e+01
5.117932876705638678e-01 1.222811511315741306e+01
2.040875926056915368e+00 1.240337150014334888e+01
7.131526476318978958e-01 1.188003453012404975e+01
5.473934171650587377e-01 1.198947623853854338e+01
2.022976831161261924e+00 1.242214699606613770e+01
1.457039590164809661e+00 1.185477702076422979e+01
4.757436166592399207e-01 1.245473075087367754e+01
2.054034022514595215e+00 1.251165120523206653e+01
1.704090874926934562e+00 1.246200636703559361e+01
1.161432377357458856e+00 1.178620622372385185e+01
5.338023385292801626e-01 1.261714341270784701e+01
4.068390616232341883e-01 1.294339885248954580e+01
8.080990998700743333e-01 1.228354384132532573e+01
1.921349985786492409e+00 1.175575344779467279e+01
1.490070290136721987e+00 1.181990022111019734e+01
1.058665203944115341e+00 1.248643851638390068e+01
1.943794086462455661e+00 1.257645982529907691e+01
1.509271906379209272e+00 1.234660499622171592e+01
1.794109663290376355e+00 1.223743212872275876e+01
1.763844083124263440e+00 1.174027381687543325e+01
9.105632360284023896e-01 1.211698167016021621e+01
8.640636477827218220e-01 1.214876121536016385e+01
1.920344203280451634e+00 1.180947262406440501e+01
1.937413810114734014e+00 1.177539871825601026e+01
1.748304920215462799e+00 1.244666129375667829e+01
4.902736754415817355e-01 1.205583691111300126e+01
9.789915518066040212e-01 1.224444218878786295e+01
3.891735515474118445e-01 1.256889808206587489e+01
1.822530660721903173e+00 1.164891019583845022e+01
9.237249838151422310e-01 1.207710683077722535e+01
4.267000511901573589e-01 1.278950355900562208e+01
4.333989124682989802e-01 1.275832316136776079e+01
4.743968867253332555e-01 1.255080605037977470e+01
4.380878202609519989e-01 1.311443862137733340e+01
8.365547347341837359e-01 1.228213020130744937e+01
1.833156450173427432e+00 1.144736693066720079e+01
3.900683913533035119e-01 1.277943710819714163e+01
1.805244314360108460e+00 1.263311765276920440e+01
2.037166442191503002e+00 1.154202072292191161e+01
1.601310627555980082e+00 1.229076027344889432e+01
3.892790160933911614e-01 1.297483368935986903e+01
1.194568951736046936e+00 1.173106794884066773e+01
2.162366497898889239e+00 1.126168692099318136e+01
1.573920663780504103e+00 1.148195909698430484e+01
9.222308997990573687e-01 1.145465688942016058e+01
1.591566361754328307e+00 1.239284889099691611e+01
6.775873141534999311e-01 1.238822459069353954e+01
1.003978442631182855e+00 1.215790949726440218e+01
2.053739869500029069e+00 1.242322420716700115e+01
1.753111287200822099e+00 1.221513656141669202e+01
1.903803129741426181e+00 1.220300425143905443e+01
2.041048074901485432e+00 1.246488375939417637e+01
1.784201343653597505e+00 1.245731136360486069e+01
1.566240453453941139e+00 1.265596458462489515e+01
6.246630345590306055e-01 1.251148210238882186e+01
1.866971054265158969e+00 1.254940868387884301e+01
1.941467338269782239e+00 1.255694866178374447e+01
9.295664858723102775e-01 1.193226945735465705e+01
5.816393166935313053e-01 1.202987453689208941e+01
2.019165951027056760e+00 1.187493157309137537e+01
2.045969785661578833e+00 1.225981709906847428e+01
5.446381737138916712e-01 1.279314703104849471e+01
1.516014372090740858e+00 1.268833629871044266e+01
7.045575674881390249e-01 1.242753984522282806e+01
3.994851115592021329e-01 1.289697451373788439e+01
1.881694591576539066e+00 1.243193008785555520e+01
1.971160804225303043e+00 1.206224199720033674e+01
2.054383838535673856e+00 1.204237717458535606e+01
1.217863792101223419e+00 1.160434556932572825e+01
1.439782064248589455e+00 1.177693953262613924e+01
8.064497110756606579e-01 1.164278250792986569e+01
1.462168032162806997e+00 1.260856198784090765e+01
1.932593991078918494e+00 1.096378841532197335e+01
1.896171021548356261e+00 1.107447596860791528e+01
9.911130500446411196e-01 1.193108323594402442e+01
3.167769052156781950e-01 1.329052558441140697e+01
7.623837239323737469e-01 1.233824010649192182e+01
2.130380538759876430e+00 1.209414523930616170e+01
1.759784757686085443e+00 1.232890293326233078e+01
2.025635732358071817e+00 1.248032970211697190e+01
1.915542186602319230e+00 1.254934383901146866e+01
8.069877478885977284e-01 1.244594457512184427e+01
1.718555518793271286e+00 1.254184253755314060e+01
9.040518627928412210e-01 1.259636663687960301e+01
1.492299211601697539e+00 1.208218665499735422e+01
1.641931532929745474e+00 1.212716526096264147e+01
3.867882450700393382e-01 1.233267177293362593e+01
1.590546817250819256e+00 1.170857683631189339e+01
1.343391732251519644e+00 1.219709783699116201e+01
7.032917036582326809e-01 1.201326185012208470e+01
1.311615858635215792e+00 1.231042536355624861e+01
5.295214059228672276e-01 1.232106815771665431e+01
1.029112958934032207e+00 1.177306358894701788e+01
5.808218809167767782e-01 1.232023789445974948e+01
2.056594192414255673e+00 1.225194641396642581e+01
1.376682777514564249e+00 1.212669196133138882e+01
1.283500188037367762e+00 1.214857050311662334e+01
6.754154783463078848e-01 1.230858326593967789e+01
6.936243777357670171e-01 1.229939534904502629e+01
2.145985490278801588e+00 1.179278691274815039e+01
1.914039702137102728e+00 1.201292146998393839e+01
1.306771511740141722e+00 1.215559528907977338e+01
1.701530591187551567e+00 1.190435363685829806e+01
1.850254215810479330e+00 1.176625788803122497e+01
1.544670449250942879e+00 1.218711401250132553e+01
1.689220517264262700e+00 1.220386078747658232e+01
8.590464381303514196e-01 1.173752571018321156e+01
6.465394425728206995e-01 1.233239848443025721e+01
1.127565161418488282e+00 1.239628938914295908e+01
1.365714601544895990e+00 1.237473720242112663e+01
8.568662870232309769e-01 1.234251117352066096e+01
5.178986414167608965e-01 1.222279920857901381e+01
1.990015666853202081e+00 1.211076866212197167e+01
5.863952832961707440e-01 1.242457763716118002e+01
3.952485855783436919e-01 1.240758302127818524e+01
3.978002194852802709e-01 1.283391029822247020e+01
2.168029105046298532e+00 1.197245847904200744e+01
6.639778806869079952e-01 1.204160825205413410e+01
4.201448424505365709e-01 1.263659486530987941e+01
4.605295874095460817e-01 1.253960648482109441e+01
1.061675400454675122e+00 1.221391274490225598e+01
2.031409982798481284e+00 1.216529376963601194e+01
1.888573361304154652e+00 1.129313042278610091e+01
8.375128328282149814e-01 1.186052268133243714e+01
1.954790567977767290e+00 1.176123517028857890e+01
1.693248147129475800e+00 1.205455660031852005e+01
3.751140138264389967e-01 1.311505976046411348e+01
1.268339698138562177e+00 1.252066284876184810e+01
1.236647077828566310e+00 1.229176120657501947e+01
1.330758464832366483e+00 1.234097948106482612e+01
9.658873146631221651e-01 1.240826621073570557e+01
4.999884890175964602e-01 1.269456290693421607e+01
1.996753379148775043e+00 1.092977427619950603e+01
3.842647374393491910e-01 1.316171124165084017e+01
7.410670809735302456e-01 1.180518692272661418e+01
1.786076227141810913e+00 1.133171988149960008e+01
4.243370059472115208e-01 1.238633506643816062e+01
3.786996760158322095e-01 1.288857767215315775e+01
9.299046275612912194e-01 1.186581222656480072e+01
5.786135533129106445e-01 1.250587620757015905e+01
1.306125755064726279e+00 1.238167235336912597e+01
1.096712776337442463e+00 1.226679600331558539e+01
2.093712921548831929e+00 1.204158847295832580e+01
8.092497990636676741e-01 1.223703613467959705e+01
5.332254591246364805e-01 1.262778489734214205e+01
2.037218464407281715e+00 1.180799654037391377e+01
1.184538913402583438e+00 1.178274239430350789e+01
5.489837181998378224e-01 1.195761865207694719e+01
1.063760284751278151e+00 1.189349256746734973e+01
1.202515118567914154e+00 1.206358386546816597e+01
1.612985633119850437e+00 1.223337915940502363e+01
1.845823874461521186e+00 1.194604268418664539e+01
8.521408071138529827e-01 1.182030280778620224e+01
1.395516037114735042e+00 1.202289488079050983e+01
3.106474958733652647e-01 1.340374905055919008e+01
3.100615301444906158e-01 1.324196795718998132e+01
1.295228895299028959e+00 1.165854045794215921e+01
1.468028018776728949e+00 1.255077151439680883e+01
1.986144638057686818e+00 1.209584678202115882e+01
1.600814137196736375e+00 1.213699260539733338e+01
3.830831169655511959e-01 1.262308051721106317e+01
1.286584119331089626e+00 1.132239870545566696e+01
9.290692683648236194e-01 1.224364602150780001e+01
1.716012270156021868e+00 1.257471703504597116e+01
1.529387820357284822e+00 1.264255664625853015e+01
4.569650159546698731e-01 1.288125208699070434e+01
1.229903789523714819e+00 1.236600253868532917e+01
1.485157658962314997e+00 1.241275800935493123e+01
7.061082301554250096e-01 1.229749616655320921e+01
9.526045127399762613e-01 1.225862255947853008e+01
1.327008118727588615e+00 1.209976150690944152e+01
1.655645596550072041e+00 1.214958292432118014e+01
7.324898510615732716e-01 1.235968405537198933e+01
1.177167338581920575e+00 1.231614235075793928e+01
1.044416973931018955e+00 1.230422508546191906e+01
7.921113488327186092e-01 1.223132430442747953e+01
3.710487153864395204e-01 1.289130285824626476e+01
4.637555163489767152e-01 1.268048607784965931e+01
4.076554277640129786e-01 1.291405809252494663e+01
1.855730045684281793e+00 1.195733634818261493e+01
8.598447834761763220e-01 1.199344400133236022e+01
1.528927303896429279e+00 1.249071126762945916e+01
1.959424800665550581e+00 1.266200839711700077e+01
1.080422555244864080e+00 1.226857491409855250e+01
3.751690807901198466e-01 1.314185620406609978e+01
1.900318179274442354e+00 1.237484317521658284e+01
1.978148948123787498e+00 1.231390608519940955e+01
8.671551127027591344e-01 1.162152250154333721e+01
8.666957066721361347e-01 1.162158304650339069e+01
4.453453023702947378e-01 1.236557111195968162e+01
1.507239134715047113e+00 1.241117832290801992e+01
4.814450540174321502e-01 1.242659113367083279e+01
1.004095768741057215e+00 1.223948027095435620e+01
2.065084822550600663e+00 1.212393973169662686e+01
1.086906453958278229e+00 1.211608616399965754e+01
1.979931080181846381e+00 1.164628746222418698e+01
1.465187663161610310e+00 1.229334404750315279e+01
1.747085933333851981e+00 1.253959834956438080e+01
1.933855788514350138e+00 1.256255108432426049e+01
1.656332551156654453e+00 1.260824202472881872e+01
4.811920383158060366e-01 1.284590780365978979e+01
7.346370122168700556e-01 1.198586451827431354e+01
7.853295457763678211e-01 1.198248966986708730e+01
9.406718534363528450e-01 1.250012842855805140e+01
1.451055215246408903e+00 1.231167660072361336e+01
1.872642639686186605e+00 1.240074885270383831e+01
3.394449960756728002e-01 1.262506182003001420e+01
2.098671115961553646e+00 1.149643951170483369e+01
5.006490180602060081e-01 1.274547773957930197e+01
7.264885078454182965e-01 1.224342109856110383e+01
1.435624685440967108e+00 1.197487529610230617e+01
1.643868281578308999e+00 1.197252314851053256e+01
2.225875872216012574e+00 1.207318987651057363e+01
4.854922020249670123e-01 1.221783739986875261e+01
4.863246621546416515e-01 1.221557731124992507e+01
3.678418053786372544e-01 1.303227234685874514e+01
3.249769788927697745e-01 1.343569804832201875e+01
1.087297117448094319e+00 1.193564107417962816e+01
1.229406650322287575e+00 1.187510697512517943e+01
8.205606176712360034e-01 1.194377333808549935e+01
6.468782590152502010e-01 1.203322574701250147e+01
9.443639694347810698e-01 1.229811206491517872e+01
3.459478526890389372e-01 1.253204419738115938e+01
7.457890033364936722e-01 1.152619505825874846e+01
3.522226502584568375e-01 1.288035700965231278e+01
9.041014149632639052e-01 1.183718402887568111e+01
5.192194749363213679e-01 1.250971798256984613e+01
1.857131559267016785e+00 1.239403516863774435e+01
1.911540491925917573e+00 1.187714526072847221e+01
7.038482421851319781e-01 1.216522382452335194e+01
1.963197886676579351e+00 1.186714128440975635e+01
5.684147101364669386e-01 1.282338881854005663e+01
6.001471681142448444e-01 1.277168139596220087e+01
1.792434812783433085e+00 1.228548497530382200e+01
2.033804518332845923e+00 1.246080625823589116e+01
1.915769873067811435e+00 1.294542810089580165e+01
1.107624507744325637e+00 1.254182224321676387e+01
1.881329186836350864e+00 1.212190317549229057e+01
8.182038435718779201e-01 1.250987596504165111e+01
1.997003939041654963e+00 1.253887616855655551e+01
5.984820341085774764e-01 1.239287671408795788e+01
1.389786406490147508e+00 1.248673070262221430e+01
8.860131444160954661e-01 1.209547600122636801e+01
1.020818158395663033e+00 1.245475091804988743e+01
5.752837256099704311e-01 1.280349320579276728e+01
6.328185738323404141e-01 1.271174772983754231e+01
3.288312094655316820e-01 1.314401818363270102e+01
7.872490629484564240e-01 1.252328512231217772e+01
4.782202657470862039e-01 1.242053073459662293e+01
1.643846575147258626e+00 1.168742527993140889e+01
1.983925176843540861e+00 1.224297226821869167e+01
8.934524193244217649e-01 1.236696398194332325e+01
2.068228519243569430e+00 1.208849438955468436e+01
2.182340629002393673e+00 1.189466723316348329e+01
2.066823995179856599e+00 1.235158130020959000e+01
5.989791941727045099e-01 1.284813672287457820e+01
2.014845190143599307e+00 1.193466542993371071e+01
1.905850500871659747e+00 1.196177146496345500e+01
9.660840708973437163e-01 1.246583353607878131e+01
1.296266446666288985e+00 1.254231927734334207e+01
1.880724246179751313e+00 1.239795599060139608e+01
1.707531421219168788e+00 1.205233128502616857e+01
3.833159675413357337e-01 1.296633459853913450e+01
7.667075801512375222e-01 1.186301333796911095e+01
1.354672838395348577e+00 1.210542056612243478e+01
3.148853807683968387e-01 1.320815942860652470e+01
1.632051358742212077e+00 1.231662759787223038e+01
4.301699889754435069e-01 1.246507231724311282e+01
1.170672825063931111e+00 1.212451261037875838e+01
3.909973943596664059e-01 1.306732482534962436e+01
1.406396960000061869e+00 1.235729380764007068e+01
9.539396004470180879e-01 1.216391699953840089e+01
1.830528527104980707e+00 1.246372740771830046e+01
1.944377281364242815e+00 1.245807949057120823e+01
2.132615479924099500e+00 1.150489715676023650e+01
2.071054197420823417e+00 1.179802379601606610e+01
1.421959647721113384e+00 1.242429585133897341e+01
1.935494466854592144e+00 1.189991837273765540e+01
8.322473141965691656e-01 1.230816625609437409e+01
1.339435487305947303e+00 1.184941256047547853e+01
4.841881603593711780e-01 1.256373012351376950e+01
1.006691212216201281e+00 1.222896470912453282e+01
2.050655447230746997e+00 1.230397198768156564e+01
1.436091341226787943e+00 1.245839620663296365e+01
2.127093688498864932e+00 1.276633451989240520e+01
1.655789464522424259e+00 1.274186394695443347e+01
6.398955434671629305e-01 1.178997102022607812e+01
2.024740294300103383e+00 1.154012815968760819e+01
1.679486409481124376e+00 1.229690701002537523e+01
1.836881063322633567e+00 1.266746174520078760e+01
1.378640594704809264e+00 1.238449299801332870e+01
1.853722644727605617e+00 1.209109041956023134e+01
1.586252862622211879e+00 1.231361158621368013e+01
1.947545154220197139e+00 1.197592754995794273e+01
3.555453202355228770e-01 1.326235717649640833e+01
7.562405635752594835e-01 1.206949772154185929e+01
1.088712367599836028e+00 1.207901875248077239e+01
4.931684245034090308e-01 1.231641235713270177e+01
1.749636128999262352e+00 1.216479810221548341e+01
3.787651798892456290e-01 1.276478722257142273e+01
5.419141148757768978e-01 1.217574212560017344e+01
3.572771924688889489e-01 1.298051557717161941e+01
7.865865216236097579e-01 1.188054025588699680e+01
8.417906402843766678e-01 1.258208429382133531e+01
2.073952547845416383e+00 1.120296900143987529e+01
1.576685156360401407e+00 1.219295851173520973e+01
4.034954829776623009e-01 1.246955743527289329e+01
4.704638823370646539e-01 1.218287356738850313e+01
1.782832055898390555e+00 1.141640390635616775e+01
1.409949749069736580e+00 1.236832795064038315e+01
9.529727229284360446e-01 1.187307410425675336e+01
1.314142876118062020e+00 1.247666599865421411e+01
4.197329375258419537e-01 1.268460632715638781e+01
1.487101502641929862e+00 1.173642371144283381e+01
6.615446088178977835e-01 1.188374826072620927e+01
8.855805528247734371e-01 1.233163020442941971e+01
1.915890825354600091e+00 1.173219603320573157e+01
5.849007047079598509e-01 1.235056792222218114e+01
1.429713303213876463e+00 1.237099354560654696e+01
1.144620497956305272e+00 1.239056887781358007e+01
1.574224657965913377e+00 1.196436095458915183e+01
4.846694765469772292e-01 1.229749263447096297e+01
6.334965946287185456e-01 1.251800555248228619e+01
4.060338052288473554e-01 1.318629910584585296e+01
1.427981701614484233e+00 1.187437378374066022e+01
1.978509534213144239e+00 1.165922127005642039e+01
1.688038658308297579e+00 1.169839669934600401e+01
3.905341856622991936e-01 1.265871089602156019e+01
4.496198715868927054e-01 1.238035780582873002e+01
4.223682373553525049e-01 1.250018320978487196e+01
4.008946549467215514e-01 1.251451033962729831e+01
9.987899711144434534e-01 1.188402904939143490e+01
2.158304250002033964e+00 1.225030049972381008e+01
5.005870065478439379e-01 1.259936856530902460e+01
4.534230784963574901e-01 1.274925130889349312e+01
1.402812690145711416e+00 1.266429659227484628e+01
5.078306836916834932e-01 1.237378118945589911e+01
6.729951481274533132e-01 1.205474900883628742e+01
1.869240661484938615e+00 1.115137979229489318e+01
1.450895080731689823e+00 1.154945202269495219e+01
4.584266026940199135e-01 1.202184219546504096e+01
9.397127816771772002e-01 1.232975250714877191e+01
2.140129619324954380e+00 1.195166512477492482e+01
2.073964527572736305e+00 1.141854990992617758e+01
4.667123489422329574e-01 1.198241971789953730e+01
8.577266143221469186e-01 1.194856462661458352e+01
3.570386895565932361e-01 1.283022189485370568e+01
2.141207706952660050e+00 1.260715722373881320e+01
2.215169696566055446e+00 1.251760921693862194e+01
1.834016203887254948e+00 1.253034566041977094e+01
1.658811232212515252e+00 1.251137963199813541e+01
7.012306273981511184e-01 1.191606638125924711e+01
6.242063675619963226e-01 1.195947941118874880e+01
1.845543376127682267e+00 1.224468992365117437e+01
1.920529267148845198e+00 1.159555648848210296e+01
1.219815773954343596e+00 1.217889276427567502e+01
9.778102326080276852e-01 1.217164929837498732e+01
2.049829103071651115e+00 1.237758746171321000e+01
5.297931063687146835e-01 1.219645096995847133e+01
5.500503844959656607e-01 1.215705113297526729e+01
1.284880796605498032e+00 1.184721593350280244e+01
1.616483986960622010e+00 1.250080409089740918e+01
9.040333974717845722e-01 1.166366936967175150e+01
5.803053611124402433e-01 1.214840555406044231e+01
2.090629578646729048e+00 1.127089245725930233e+01
1.656033721396079628e+00 1.193503823131830899e+01
1.683831591230565694e+00 1.192010189230791006e+01
1.469240470290718248e+00 1.235500792172675766e+01
1.863686480588668815e+00 1.219061240749720731e+01
9.433732984927818421e-01 1.199733916715538129e+01
4.769660122444749906e-01 1.266058198701451687e+01
1.448829818562114680e+00 1.256668114636615385e+01
9.335430707752242485e-01 1.261459145657515535e+01
8.514101136282752336e-01 1.262612770152055219e+01
1.958948244471218958e+00 1.256116284298221331e+01
1.958252170893368227e+00 1.154594185138538975e+01
7.106161579964757058e-01 1.192548285177795719e+01
1.667622789993762122e+00 1.202874528252258912e+01
4.659579621434769003e-01 1.240309476906690200e+01
1.663913035278595576e+00 1.214919587661221456e+01
1.922011010605903181e+00 1.259282787234948309e+01
9.659110790508048661e-01 1.252021965937114523e+01
5.302365654344438628e-01 1.248204551678905005e+01
1.311798191279359260e+00 1.240543140485553941e+01
5.078134888988686813e-01 1.178954617450667719e+01
1.358410684042113070e+00 1.212342398420612710e+01
1.560982422842537076e+00 1.246267189234023931e+01
8.048901399818783053e-01 1.161697775914536379e+01
4.404514164189361480e-01 1.215930305434337200e+01
1.123551522051359219e+00 1.184699524923855840e+01
1.417211159541583276e+00 1.193485674356458404e+01
8.329205418456896437e-01 1.257837758940044992e+01
1.854137386649854502e+00 1.209057850742021856e+01
1.769158129333229912e+00 1.173367351103637546e+01
6.176553554183067396e-01 1.196300293837010820e+01
2.035611476886468374e+00 1.131043892701772968e+01
1.981357365085131050e+00 1.138474231607224318e+01
5.557244854907200660e-01 1.202368921114121392e+01
1.891409212292198383e+00 1.200935990791446528e+01
1.159074736502360148e+00 1.201524210948169546e+01
1.153714560515170406e+00 1.206330861659007070e+01
9.078032580331024670e-01 1.202178538885730141e+01
1.981355184560437577e+00 1.220343445486286349e+01
4.835547696478965096e-01 1.253928845439526008e+01
1.782743943034226453e+00 1.255241782227219538e+01
1.330818069994170072e+00 1.244850591676574147e+01
5.333552171020963240e-01 1.233093912753552601e+01
1.415991782804138621e+00 1.155717364243751888e+01
8.879192505831671189e-01 1.172383002951787567e+01
7.313587557147519513e-01 1.147551364283933850e+01
1.956868658455506171e+00 1.119475168868837933e+01
6.240638942887202223e-01 1.225543387431929609e+01
1.180924931081857476e+00 1.222042046266391679e+01
1.634263208825213143e+00 1.169432977136959018e+01
5.574226992232244049e-01 1.230435938257699569e+01
5.762444616633387584e-01 1.259084718491532229e+01
1.430332949441691648e+00 1.222615612612117353e+01
2.053759273758302584e+00 1.212952849878787553e+01
4.315989177702199697e-01 1.317147212941324952e+01
1.842079361222225709e+00 1.223509893039149965e+01
1.096358981328210414e+00 1.224507730055809240e+01
1.969646678053508015e+00 1.263781506649467801e+01
2.062543026611896035e+00 1.258869931437759426e+01
1.177053523273531299e+00 1.221666469430315694e+01
7.503412438419992947e-01 1.205046784538061644e+01
1.174914258328264127e+00 1.198237673517999191e+01
7.208577378264994229e-01 1.191082856698026227e+01
1.959645498356239912e+00 1.278224719200234105e+01
1.287361651751222524e+00 1.259778405208232854e+01
7.746796651079732587e-01 1.232850899689345603e+01
1.950698155466765726e+00 1.219571990349811053e+01
3.782777485677861207e-01 1.236637942748845376e+01
3.070301470605188432e-01 1.306332935914748639e+01
1.183240579193987729e+00 1.240798558340767777e+01
1.451761072901828875e+00 1.237256534335038438e+01
9.337137245499416149e-01 1.170243530127787324e+01
7.350967014777409769e-01 1.225905125307214050e+01
2.021141016295625370e+00 1.260126589939538633e+01
8.628413618189815226e-01 1.210027536215923227e+01
1.988388015748217441e+00 1.113994528325638278e+01
1.978905131363079439e+00 1.119832661502581495e+01
3.969126999977217185e-01 1.270216353743039583e+01
1.912344667638218310e+00 1.133562281186354426e+01
7.764708386122078920e-01 1.235929827299841044e+01
1.728486092789633277e+00 1.249799162591559565e+01
4.629884974617964888e-01 1.232792691496014115e+01
1.957583038684594712e+00 1.143411969509929449e+01
4.700862083716350615e-01 1.240876525865825819e+01
4.548755874477148353e-01 1.303130944488399479e+01
2.189853203437359674e+00 1.157131098085221410e+01
4.842450730692635097e-01 1.266637931244051529e+01
6.773244128821805932e-01 1.183459423457774307e+01
2.822374147129518840e-01 1.374996581005127005e+01
1.087028132356505417e+00 1.198832167760576972e+01
9.992677596879341317e-01 1.198005183734265344e+01
1.867950970105264119e+00 1.161005642700102669e+01
1.710080068448172064e+00 1.216011900667908385e+01
5.012116104117404491e-01 1.221137731431086770e+01
9.995860902024463757e-01 1.225853870892787967e+01
1.693708296620711096e+00 1.208925587701614290e+01
8.707813654166640660e-01 1.217032383509785909e+01
1.297296679765916450e+00 1.189529076405681352e+01
1.401668458533210648e+00 1.189407029670651106e+01
1.057813767598959842e+00 1.199537685511938356e+01
1.649897331429645231e+00 1.147659355999016917e+01
8.498046508041652292e-01 1.207566397910940381e+01
8.142426799162360007e-01 1.241825825381034321e+01
1.019031220771646762e+00 1.243385627638954283e+01
1.289978956151688783e+00 1.243876000640786650e+01
1.594003413408471515e+00 1.231131249880450973e+01
1.814355049897995453e+00 1.168792686791705471e+01
5.808493707457846877e-01 1.190794227148075279e+01
8.548944075794792097e-01 1.179756595567434729e+01
1.063301912621979817e+00 1.184208462814354590e+01
1.330641957667333175e+00 1.228907255874298521e+01
1.446478779255162550e+00 1.186405002013852972e+01
4.341855052939559423e-01 1.284415412744847096e+01
6.367348360993069223e-01 1.227865131214503869e+01
1.360295728052683506e+00 1.232017045623538287e+01
1.869853855138153165e+00 1.150915908640513052e+01
4.519460128846096159e-01 1.219065996160157539e+01
2.103979038374573118e+00 1.210858252444493388e+01
4.793144820670623418e-01 1.212627408743926161e+01
5.232491442679096938e-01 1.202106002392926065e+01
6.625925400601949677e-01 1.234180366508487303e+01
4.141837361943514484e-01 1.324561420719492233e+01
1.356868235260936251e+00 1.254618187977113308e+01
4.486215654496754079e-01 1.225078568227332632e+01
5.353194463889613397e-01 1.237046552083107187e+01
6.779125990621093223e-01 1.221022150364317405e+01
5.179589491905340903e-01 1.219057127687430864e+01
6.563454711140174203e-01 1.202586162550925586e+01
1.744729446703424225e+00 1.209097339010535244e+01
7.106185114860178453e-01 1.207782540449390929e+01
1.810708105531780632e+00 1.240501580974053120e+01
1.947500728222340882e+00 1.098553205761599294e+01
1.867162228659699164e+00 1.128727173737694756e+01
6.639306857936082551e-01 1.190471366648998597e+01
1.115765210321866041e+00 1.186561314313675553e+01
6.692149473620051525e-01 1.204294020920791475e+01
3.571031484290408398e-01 1.310526963527906652e+01
1.190388898654718197e+00 1.209569655773446684e+01
6.342335488756721817e-01 1.212532531855159412e+01
1.035309297714243959e+00 1.219710117518420311e+01
1.515650281899384000e+00 1.202928466723232681e+01
6.894178017851502194e-01 1.248027932507001303e+01
1.399816967526193778e+00 1.245309106559973600e+01
9.473656625820794375e-01 1.188902253827967748e+01
1.394180695999258646e+00 1.200661106428206715e+01
5.544290900099921870e-01 1.256194646981520258e+01
2.008094820703023142e+00 1.204915509337132740e+01
1.001701289064822475e+00 1.204033411973038881e+01
3.865986213100316427e-01 1.296369682675510937e+01
4.055214854134862601e-01 1.261691991696321402e+01
1.991443782180768673e+00 1.201476905786207183e+01
1.104290385302653998e+00 1.244766069672632547e+01
1.289865517847984533e+00 1.255258086600702505e+01
1.993105833113614889e+00 1.164748044478746358e+01
1.481096430767900207e+00 1.215627161091226682e+01
1.775380661872119958e+00 1.231421582226277245e+01
8.538573678042101767e-01 1.245502083929215864e+01
1.766225963900761364e+00 1.250340488343683987e+01
1.832944285878189916e+00 1.243272102464222328e+01
1.103714582615317630e+00 1.241026976941771842e+01
8.550379652486498339e-01 1.229747218587271185e+01
4.486098515744219029e-01 1.282691352637221804e+01
2.043024368080770259e+00 1.269284091261752501e+01
1.380686004222400953e+00 1.234424310846081241e+01
2.186399881346935636e+00 1.223764694445686629e+01
1.519785878968666015e+00 1.232214171951119042e+01
7.856612598151436755e-01 1.151897844217856459e+01
1.850477993218651696e+00 1.115168451698035668e+01
1.545066571382685217e+00 1.139062228460525183e+01
4.537116469227510662e-01 1.221425651303607474e+01
7.665389432304896555e-01 1.235524382592730852e+01
1.696650772156455211e+00 1.280865119470244906e+01
5.496204956848820267e-01 1.197170320243732533e+01
4.191485685272637873e-01 1.276042804958762922e+01
1.544039561571816321e+00 1.182124405122021926e+01
2.037689709061857979e+00 1.156254571620013394e+01
1.683007265591486279e+00 1.278424112815919500e+01
6.344115879403969815e-01 1.259993684956290316e+01
1.165420331493901340e+00 1.203152555659389122e+01
2.036273009709900883e+00 1.210755070912234999e+01
7.403670271788759250e-01 1.233110739221965702e+01
1.661216393380235745e+00 1.164855008229236155e+01
1.471735497730576769e+00 1.171128080980881592e+01
4.419652722328114014e-01 1.220482290150100901e+01
3.812435390776979793e-01 1.251198361480705223e+01
5.105815923864114314e-01 1.226184309972212105e+01
5.368396592279184310e-01 1.220780175778988763e+01
6.750135574492461821e-01 1.206265372540514136e+01
1.616965267838200715e+00 1.144929392744496610e+01
3.772881895068638802e-01 1.271902874078387313e+01
3.388846389607149678e-01 1.305844196781651867e+01
8.734237232371435677e-01 1.184957395324707186e+01
5.499470907371604156e-01 1.260400416324595518e+01
2.167969911115286585e+00 1.281450687196804594e+01
9.881139470105592126e-01 1.233651037404070117e+01
1.787239308624542611e+00 1.228936779756820030e+01
5.819695397924679048e-01 1.203626244936681289e+01
1.575194375284918680e+00 1.250812125999234148e+01
2.074252995694716883e+00 1.209236589585242072e+01
4.769796286304449628e-01 1.263953475933558046e+01
1.587700847309412078e+00 1.240905907225242188e+01
1.544272375947740805e+00 1.210176208857532565e+01
3.584159708441502779e-01 1.291756887890216632e+01
1.057779198826426459e+00 1.190781014283315287e+01
1.756650969107660387e+00 1.215592156426710702e+01
1.792498924990041376e+00 1.178853746254843848e+01
1.934177036919140669e+00 1.167709879187292188e+01
5.190713175969552395e-01 1.244518884871961539e+01
2.040684535736107197e+00 1.127705769806538783e+01
1.110188931640069487e+00 1.232958353569561361e+01
1.104932146042998609e+00 1.183547390305502844e+01
2.010556550275203413e+00 1.201793485221131519e+01
8.598689480696043441e-01 1.204448167797869118e+01
4.243662490880232840e-01 1.275379737198879759e+01
1.558938621373010980e+00 1.250650230837741361e+01
1.195791198559640778e+00 1.211761125943295347e+01
2.047043392704988474e+00 1.201402624239105243e+01
1.489489245647890536e+00 1.194597828150407004e+01
1.330208386747344207e+00 1.197068294961147039e+01
3.415608181575267022e-01 1.304317060068066958e+01
1.970038308373017077e+00 1.129768749687529628e+01
2.105028570949556865e+00 1.080296110392670528e+01
1.917942117699054316e+00 1.240663002559675299e+01
1.612963419486150851e+00 1.259251990272285404e+01
7.057513219221480671e-01 1.206149613899003192e+01
1.621220004698709527e+00 1.138679769535445097e+01
5.060604640121482145e-01 1.193024229276262638e+01
1.019195932379540093e+00 1.199884284929763112e+01
6.486069048405486148e-01 1.235795771911352148e+01
5.032666295676899715e-01 1.255710071057087518e+01
4.123645256171215578e-01 1.256386296749394837e+01
8.837486222769779243e-01 1.243385000219220515e+01
1.845952793932036817e+00 1.180270056087680786e+01
2.094844823036771775e+00 1.142078120640480243e+01
4.968610061013994939e-01 1.218459550966728777e+01
9.047278644072727083e-01 1.196155751684383084e+01
1.845059038878071656e+00 1.121573363612576379e+01
1.614873539937978775e+00 1.178199696622554882e+01
7.353025578150155228e-01 1.208191965442277294e+01
5.022622278809383278e-01 1.231487752293381810e+01
1.345538507959998409e+00 1.241399590805325737e+01
3.729375508291718488e-01 1.260975165586004465e+01
5.152508127934055659e-01 1.204571228401286298e+01
9.036637917418498533e-01 1.183273863448721563e+01
6.874622405906655187e-01 1.223998886986191614e+01
4.729011197534276900e-01 1.251453912663372847e+01
1.909218571505018280e+00 1.148092561976632631e+01
5.572318191754536132e-01 1.194149412598154925e+01
1.841207676676436922e+00 1.214737978413604402e+01
2.113837610059639438e+00 1.261654238097934666e+01
1.876274901888542068e+00 1.262249039222920466e+01
6.207258327987127400e-01 1.198873767300399429e+01
1.355603668337984624e+00 1.220586627299494431e+01
6.932835496430082012e-01 1.179662003975426998e+01
1.057353846460497460e+00 1.240102975195774171e+01
1.202799651979234108e+00 1.216445813589715463e+01
1.107551614640740256e+00 1.212142762045373701e+01
1.135573233252385128e+00 1.223691452819521963e+01
1.822337559057598977e+00 1.261326552592719175e+01
3.154604656494893189e-01 1.321352049224873326e+01
4.177631707343570366e-01 1.285350043775564366e+01
1.953205479559939617e+00 1.190039629884028294e+01
4.323016311526265421e-01 1.302238862566550459e+01
1.952033137833888654e+00 1.259617307957887888e+01
1.461427455338328629e+00 1.231100687896140222e+01
1.968816648653492374e+00 1.195104126133166211e+01
1.284541926841935577e+00 1.246062062134388526e+01
3.726531633300184110e-01 1.226489216023892581e+01
1.767135831334593288e+00 1.178853541650785175e+01
1.343712037396228354e+00 1.222343996132087973e+01
6.967949369411045035e-01 1.194934597201394588e+01
3.727685489676998420e-01 1.287164354241389397e+01
1.963723897842037269e+00 1.277782510309539532e+01
8.060483506727867953e-01 1.239610159525319411e+01
1.771632853869204327e+00 1.247466221000083664e+01
7.181666696636210823e-01 1.239779865116942403e+01
2.082394039545868658e+00 1.106724692257273723e+01
1.004168737973026859e+00 1.209609446381481845e+01
1.731805213662451992e+00 1.213830041947596250e+01
1.246696790854570747e+00 1.197671215179375181e+01
4.343602797727916243e-01 1.296174006331889039e+01
8.425299580258622800e-01 1.236694629587879390e+01
1.680278892442456318e+00 1.222756297236030676e+01
4.239731382324837816e-01 1.280000655196033854e+01
1.304904403846805838e+00 1.186355828183135053e+01
1.246593527483926156e+00 1.192770868756850788e+01
1.185769132209592236e+00 1.239329848631741626e+01
5.741478181293691030e-01 1.235733034763486593e+01
8.903923939551774414e-01 1.200848338531922366e+01
1.221554349203463508e+00 1.211811110503354350e+01
1.305452090916911390e+00 1.235910869719741711e+01
2.071165715018439712e+00 1.234498156503639343e+01
1.390747400720399263e+00 1.226805101587303426e+01
1.294059859377542754e+00 1.231396443583407141e+01
1.588821666525971565e+00 1.187148695234065876e+01
2.105898355439391523e+00 1.269095907711365001e+01
6.684082531412804951e-01 1.250555139524309389e+01
8.824124744092204375e-01 1.248308889908298092e+01
2.042992033909795779e+00 1.196515791126430273e+01
3.167765119296934717e-01 1.328129571999015290e+01
1.106250054286929352e+00 1.208757325242847003e+01
1.849442917729750890e+00 1.220395442257866669e+01
1.636732248729961370e+00 1.220700603125555617e+01
2.038993799219741110e+00 1.177214539940649018e+01
3.827204282039660121e-01 1.317642031047074092e+01
1.774813251628897692e+00 1.228446285430042018e+01
8.031794742842763846e-01 1.230508259464382625e+01
6.810367325312856046e-01 1.169651905716649409e+01
2.219322658706587514e+00 1.208463222172522933e+01
2.127831151878600391e+00 1.217540977894720378e+01
7.070795608890327877e-01 1.214510354616428778e+01
3.460021177679750148e-01 1.326959091072046704e+01
1.230932260902904751e+00 1.238162739974460358e+01
3.610591581668780026e-01 1.305351371953379847e+01
3.527164005773609223e-01 1.305690759918233113e+01
1.725861357189465206e+00 1.246544311784245984e+01
9.338434485542902452e-01 1.259791089972207168e+01
6.090862606929132728e-01 1.210083294025958089e+01
1.771152531853521284e+00 1.194703331004360258e+01
3.119403372235701188e-01 1.334419956591613143e+01
2.073606957748131752e+00 1.167337323885828226e+01
2.069882640034853338e+00 1.196671661914220941e+01
1.359064925407605040e+00 1.205877952732341640e+01
1.338456034487897517e+00 1.209788710639863751e+01
7.189491756820297619e-01 1.194621770423438711e+01
2.068414284513973467e+00 1.208838733821175282e+01
1.886016157056097375e+00 1.216356930324961461e+01
1.864970265602527988e+00 1.186503355709232466e+01
4.317322342449247952e-01 1.208027541262863025e+01
1.052090243517446178e+00 1.172860116638309513e+01
2.071814674447984839e+00 1.137918248105169106e+01
2.085124818396161928e+00 1.133690543227641534e+01
7.098289127121421016e-01 1.258505842627861782e+01
1.721868043470842435e+00 1.205580108550400276e+01
6.410144929838982319e-01 1.184278736106255359e+01
4.784008329842681095e-01 1.222047761318905756e+01
7.000398207856246557e-01 1.194881991780880170e+01
5.135626514044940860e-01 1.214457837933719908e+01
3.807538189932246353e-01 1.268569762190554506e+01
1.536986184517671994e+00 1.157139004163649432e+01
2.079769230607777519e+00 1.145448156025826236e+01
1.245430247646593491e+00 1.202565091662290087e+01
1.824048926139041793e+00 1.266166799641639251e+01
1.244254214008369663e+00 1.249199923548163760e+01
1.502773348194065939e+00 1.239006826640995840e+01
5.307964659571944299e-01 1.241251113931422800e+01
5.823116705397383130e-01 1.230752849921636560e+01
7.442249163180679750e-01 1.185660076076321623e+01
1.495130770274495147e+00 1.200277433841556984e+01
1.550540043423121128e+00 1.199828490098559541e+01
1.577145233383653533e+00 1.192698532665630573e+01
1.444848243346092076e+00 1.245658084372591290e+01
9.117941782963815411e-01 1.214458141348313269e+01
1.978423967295626307e+00 1.127800343543046324e+01
3.883505981435883547e-01 1.253679062138376210e+01
7.564321027652126661e-01 1.225136080550047168e+01
2.004923695972911979e+00 1.274253410890899296e+01
6.783031411814028910e-01 1.241167023709820505e+01
9.047617278197929158e-01 1.188112974121453291e+01
1.770225119904301314e+00 1.165384913035837400e+01
1.084599097740817308e+00 1.185185402865783111e+01
1.487840702347318578e+00 1.211258347633249599e+01
3.129132685800648517e-01 1.352997345686154418e+01
1.044019963720328903e+00 1.204310605541552448e+01
6.408015040585182120e-01 1.198925704107407952e+01
6.938419290702836362e-01 1.226329015178567694e+01
6.799787731538525781e-01 1.234089725869578302e+01
1.407763873605812455e+00 1.233020377634005627e+01
8.462386554411598372e-01 1.176889043661807932e+01
1.740199974522322668e+00 1.171747798984196898e+01
2.041303909290747676e+00 1.275297902102061798e+01
1.036294139364279943e+00 1.238416483732552820e+01
1.310542248070719840e+00 1.274639002508525465e+01
8.158731485232526559e-01 1.183035941965734672e+01
1.996260163085075590e+00 1.111999404167422156e+01
1.879090324247862487e+00 1.222672421773810569e+01
2.087052014328750094e+00 1.172600924144911083e+01
1.129196301456768747e+00 1.215878888514639300e+01
2.008079278965189118e+00 1.083151901878425072e+01
1.803071497443237137e+00 1.253742580303295107e+01
5.668637340189672802e-01 1.266544402106466904e+01
1.461651580925061866e+00 1.226865600319528760e+01
4.032099984074315469e-01 1.255750255156037021e+01
1.141924225834919371e+00 1.217726307365237481e+01
1.496605815817793728e+00 1.170287975103917688e+01
3.242319399963692339e-01 1.351010209711567889e+01
1.307555614202289496e+00 1.250600956322484869e+01
9.641090560822138666e-01 1.240361571238751459e+01
1.709921488381011878e+00 1.224568360531856115e+01
1.895720241707630427e+00 1.183592100629343946e+01
1.231558139265825025e+00 1.247853833300559323e+01
4.847987269330946147e-01 1.272840195086111237e+01
9.886718561001565098e-01 1.225980757358781226e+01
7.904800137096796853e-01 1.225788410719395927e+01
1.354595956689712999e+00 1.248620491487929662e+01
7.838596835141578012e-01 1.206941758906702233e+01
1.432917904455529801e+00 1.239411926906916328e+01
1.417331341614607831e+00 1.250929717932623575e+01
1.728183350260673157e+00 1.251533526022904574e+01
1.905483761156753664e+00 1.260773937174915282e+01
1.142868330387895259e+00 1.233970388374868321e+01
8.724649235749556420e-01 1.186873363106904122e+01
1.865698001686868279e+00 1.235627386708997477e+01
7.038080401807189634e-01 1.185191180087605289e+01
5.112892411516919422e-01 1.205108686231058535e+01
1.815296950656280384e+00 1.194182108397621889e+01
1.394203360803249581e+00 1.216428099219858439e+01
1.268947597848575137e+00 1.191082747371943817e+01
1.471369255708310453e+00 1.194940503879008276e+01
7.276960371782237313e-01 1.243840572115394494e+01
2.163112556154018318e+00 1.224511892909354493e+01
4.482868837912283300e-01 1.186566790583607300e+01
1.205551586064764757e+00 1.166971326224517824e+01
5.609979870718780903e-01 1.230936731540207596e+01
1.888967288320715587e+00 1.188393061121757910e+01
3.041962008241891335e-01 1.326831187942425494e+01
2.088026643825060980e+00 1.269061614061654630e+01
7.873231298816758539e-01 1.245997938547198380e+01
1.048740039305826155e+00 1.240560779023602578e+01
2.035554696795325746e+00 1.212335150788126725e+01
3.918743289569930899e-01 1.251875961182920349e+01
2.047494528151952320e+00 1.273658211716081468e+01
1.332782092677860408e+00 1.265088430397345931e+01
1.272288592601312329e+00 1.241087529319719707e+01
5.272863185300322719e-01 1.260306273370043861e+01
2.044744749684165530e+00 1.208558969725571508e+01
3.563079797902385937e-01 1.290159421385988203e+01
1.868258815094874903e+00 1.169238917821198243e+01
2.097596199204512235e+00 1.128031948885913671e+01
4.941291816521159452e-01 1.226385015946484103e+01
5.189666930450850257e-01 1.220274620494806506e+01
3.118444173998426439e-01 1.322468236121533991e+01
5.935774297073345140e-01 1.226513043933083758e+01
1.202024961240672152e+00 1.214420296345882200e+01
1.114281031004031641e+00 1.210303727169184462e+01
2.047051212071265169e+00 1.219683050306928784e+01
1.018617452937152335e+00 1.219244335302628102e+01
2.080334572150645212e+00 1.243561169604457284e+01
1.702278390297860655e+00 1.155696145125288510e+01
6.228783203685159808e-01 1.202837912572486978e+01
1.215124393940899550e+00 1.221231445218331224e+01
1.863671581473386629e+00 1.276729059556922863e+01
5.832166421708037118e-01 1.239569257472615682e+01
1.956109928525436414e+00 1.127605761780518634e+01
1.105205542043177225e+00 1.241003070576253897e+01
1.559515001248432009e+00 1.258666597564074685e+01
3.521803431127343842e-01 1.285640259089669968e+01
4.017130795032600177e-01 1.247945875419759254e+01
6.371835214384686807e-01 1.221465420161197635e+01
1.130136582990260319e+00 1.214222010028983867e+01
3.508740159725686203e-01 1.283463708306088158e+01
5.251517049579009777e-01 1.204045884340722594e+01
9.443837282404199396e-01 1.200655706052739191e+01
1.776091894160624518e+00 1.229458329602784517e+01
1.674348405729117140e+00 1.188494486405125983e+01
7.501905845127552208e-01 1.167061223338499865e+01
1.636197451834901395e+00 1.232227589856760197e+01
1.239662804810154118e+00 1.220911518923136363e+01
1.253737507973735177e+00 1.249411627935514701e+01
9.807656496448466932e-01 1.243168899629621293e+01
7.351684845656901723e-01 1.186417329286152444e+01
4.676242971850200214e-01 1.214021092891632136e+01
5.560845513227047343e-01 1.237741797120700760e+01
5.284116247347919737e-01 1.244501994068729545e+01
1.039635640907027758e+00 1.226090488480241980e+01
4.185267872585885507e-01 1.299892830545533506e+01
1.846920967314139350e+00 1.145451815285644770e+01
1.736639882225303078e+00 1.154974605134181864e+01
9.849230025716426695e-01 1.215146569902605300e+01
5.360202422191011618e-01 1.251249717002029094e+01
1.208177253324731026e+00 1.225449364699442611e+01
1.386999639508661897e+00 1.226125648060184403e+01
1.759660345920113445e+00 1.198302591475590440e+01
2.023174350466542037e+00 1.182552972150077863e+01
7.808961894002826032e-01 1.195926758590573868e+01
1.726762266477419816e+00 1.210429913684226300e+01
7.341860012660714752e-01 1.199959245497040250e+01
1.429581788066713655e+00 1.194867069936658943e+01
1.776497513446428478e+00 1.217456189574434333e+01
1.920339418950264276e+00 1.212220917288264666e+01
3.448088165336197219e-01 1.316721227215657919e+01
1.437996041434133954e+00 1.243606570002920897e+01
5.567111064543107668e-01 1.226278047571108409e+01
4.444166015842756501e-01 1.255937172828901360e+01
4.062701744451034380e-01 1.218220646516840944e+01
1.325635925535043391e+00 1.213270929113892294e+01
1.638571110680741016e+00 1.247911595344984192e+01
2.215953665593007216e+00 1.228894539567101596e+01
7.754605586298751740e-01 1.222395020911153551e+01
1.812788621984320114e+00 1.283500990406434816e+01
8.693024349762283887e-01 1.245357748004170162e+01
6.065842616391974307e-01 1.199561014246865831e+01
5.296212670479611972e-01 1.246681354704820244e+01
1.403549309353660179e+00 1.219509183760878557e+01
1.246596659967306397e+00 1.217725324094951844e+01
1.288183864250506794e+00 1.224154576333465272e+01
6.783235138112367890e-01 1.236561749891069084e+01
2.046972605023430258e+00 1.207044750638778829e+01
2.171381427443615841e+00 1.184507011213951699e+01
2.054615527786263662e+00 1.107458536033025531e+01
1.726056007436017170e+00 1.177744206764025847e+01
5.703881675699650211e-01 1.190942327790753019e+01
1.514219714259209315e+00 1.213410762071708682e+01
2.001736368476160433e+00 1.207470027737958773e+01
1.455925726185845370e+00 1.206692847000903868e+01
1.247748904957839189e+00 1.196736326840769493e+01
1.560084784055704388e+00 1.213051107171051690e+01
7.290562555590384131e-01 1.168585717114798683e+01
6.473798253917185663e-01 1.175315509614985388e+01
6.609652677189077341e-01 1.171516792225767389e+01
7.857669942483429537e-01 1.259099738259742729e+01
1.641332576924596776e+00 1.219337575583438138e+01
1.214702358526985826e+00 1.208893216612321808e+01
1.307655495741729235e+00 1.212093821080084410e+01
6.520200773961444263e-01 1.280772011905333407e+01
1.946587522010253757e+00 1.258744003481765539e+01
1.860504585121571353e+00 1.268490368123351608e+01
1.131802049325543846e+00 1.251825837894903515e+01
1.971709391716600646e+00 1.167301101303116262e+01
1.349984619880019387e+00 1.189818894269251537e+01
1.086586826759238233e+00 1.205137912204175343e+01
1.272462535255799443e+00 1.207947995520347462e+01
1.502334520373134863e+00 1.193911147645372495e+01
1.958056134810878257e+00 1.173724579337417673e+01
4.913377720273304772e-01 1.280215516332660641e+01
1.523241466138562039e+00 1.252390298623139664e+01
1.985789639540872953e+00 1.182229684490299348e+01
1.808293542051570446e+00 1.185094231759577710e+01
4.851028312789268382e-01 1.200441577028626305e+01
1.499344394279556125e+00 1.214206986800911992e+01
1.293390608585264667e+00 1.213138204098274286e+01
1.650692784740518393e+00 1.258820144280795716e+01
1.452221351372003477e+00 1.259332268964376844e+01
3.628518298417862109e-01 1.271591570298332918e+01
9.186683132767086146e-01 1.190584327662286768e+01
3.295827883579381945e-01 1.296658667469035287e+01
1.679420394545522832e+00 1.241490797925684753e+01
1.024660068720096628e+00 1.216306929767353040e+01
4.308198294348931090e-01 1.238147841334693666e+01
3.143754261486023105e-01 1.329899678432827770e+01
4.163685727074058485e-01 1.296357780176099084e+01
1.437257464471425994e+00 1.267793333768928399e+01
9.187329189637547522e-01 1.238855611814910596e+01
1.806490370842621207e+00 1.248411089559385978e+01
1.698467879754751886e+00 1.216646197139766805e+01
1.934416112330143767e+00 1.217689063949555184e+01
4.908600984283755242e-01 1.275489074986113280e+01
8.706639067373637131e-01 1.243783916584695071e+01
3.945825587802849199e-01 1.246957886458232601e+01
6.968850022654827780e-01 1.238588902460493379e+01
9.223842223930358575e-01 1.233360255663430038e+01
1.452780304887328233e+00 1.219624837867204370e+01
2.082389162917785086e+00 1.192943062614610383e+01
1.222587727965743776e+00 1.170792312719623141e+01
4.720221689091944062e-01 1.275160582319870528e+01
1.463452178364796019e+00 1.261035917851528332e+01
6.585096634837016571e-01 1.217222046233856858e+01
3.808926256166580981e-01 1.291718246900861367e+01
3.232910338327553701e-01 1.336553006467399918e+01
3.138458224383337547e-01 1.319787389539214573e+01
5.334870923017347444e-01 1.193309711006906149e+01
8.833937390311545901e-01 1.197476845753205232e+01
8.480939967860864348e-01 1.186205825047148821e+01
1.972940355715448790e+00 1.220550919939459966e+01
2.139733557148812526e+00 1.177600870243998266e+01
1.021361978962244788e+00 1.193674287954201674e+01
1.162607143998701797e+00 1.202736573671015385e+01
1.674243998965135427e+00 1.207090079998694065e+01
9.359575425175415964e-01 1.201169518117988311e+01
9.410563567130291185e-01 1.201153298000302350e+01
1.767368535521964601e+00 1.184651219517899179e+01
7.453127800818274418e-01 1.186919724517626662e+01
7.177208908498945439e-01 1.188205163370677653e+01
1.578936273259985201e+00 1.226884232968806820e+01
7.283031618026774012e-01 1.182582719854977960e+01
1.757048563152913134e+00 1.201947555139657631e+01
8.997114933180970775e-01 1.223093332601088079e+01
3.907636495895304707e-01 1.304637345534353976e+01
1.556006725786061029e+00 1.250100497116472553e+01
1.025987134439385384e+00 1.189740618537849670e+01
1.021484565285435409e+00 1.189489757002134596e+01
5.711247839873447862e-01 1.190786827497868039e+01
4.030800728704946878e-01 1.255614867181548888e+01
5.156758869961179936e-01 1.251756564920060555e+01
2.007831419146969054e+00 1.239016310826288780e+01
1.347225541252877745e+00 1.215993131182979958e+01
7.418130837500899188e-01 1.229350351507760841e+01
1.998080813863635230e+00 1.229758816618901740e+01
9.089786218840620879e-01 1.209649892827872186e+01
6.129793449087648227e-01 1.213087764139932112e+01
4.341437205418511303e-01 1.261019355694171118e+01
1.588046004274634715e+00 1.200958947287302436e+01
1.938419341241825355e+00 1.172015812651484801e+01
2.270281300538854019e+00 1.177505935259638825e+01
7.561015348871472641e-01 1.164458654202391230e+01
1.262676177682325429e+00 1.212888874486304402e+01
4.706494938936923722e-01 1.245889828199633698e+01
4.720310453270998852e-01 1.197229805157696880e+01
2.122637782520182093e+00 1.134236348946456019e+01
1.788354322745632219e+00 1.219234421093679543e+01
6.007846703804147204e-01 1.182723178887942339e+01
9.203798541000484112e-01 1.229231284654177081e+01
1.717137645059511275e+00 1.246577351813131429e+01
1.421099937263682333e+00 1.242097658960190998e+01
2.037990036018732187e+00 1.262253648795774374e+01
8.118738461667323048e-01 1.218538059747949731e+01
1.923354094670614689e+00 1.219353601740924020e+01
4.767352825560590701e-01 1.273357170232038449e+01
7.302648804447133823e-01 1.238366897542835154e+01
1.257721457547460675e+00 1.207845338644745681e+01
5.944188273152232194e-01 1.201429055047382910e+01
3.664269531959838400e-01 1.316148911035028490e+01
4.636213591361604269e-01 1.264774667390903851e+01
6.799671218301507336e-01 1.227862907242926838e+01
2.027595207120497900e+00 1.214902835659098557e+01
1.553373879343986186e+00 1.224106356001616369e+01
1.009399206851140152e+00 1.198405113764386165e+01
2.063988354102580303e+00 1.276486494231851054e+01
4.282931691139683084e-01 1.289094072884246422e+01
9.780386025392007188e-01 1.218528356580191563e+01
2.030584493670281265e+00 1.215131729557778506e+01
7.748464321768432361e-01 1.210069013979974706e+01
3.999197005097969160e-01 1.287830910734823853e+01
1.824104043190641233e+00 1.250511279521660946e+01
5.056514931364605170e-01 1.220383921545080597e+01
1.870229786585879683e+00 1.227760020504403649e+01
3.850530880128575362e-01 1.285358369960929714e+01
3.243429083218059561e-01 1.324736497646555478e+01
6.106565260955153507e-01 1.243797453654623375e+01
2.123837932030195219e+00 1.262941468872182682e+01
6.371923129517756967e-01 1.210167300276319224e+01
2.071286383504080231e+00 1.169536652863311410e+01
8.487265755956839852e-01 1.189957445258128388e+01
1.826961474305684563e+00 1.221250072414984977e+01
3.669132286440051627e-01 1.254267864847926184e+01
1.614031130638136080e+00 1.195186838498664272e+01
1.446503390993454818e+00 1.208688909054598248e+01
1.416131890470488264e+00 1.237566481077403324e+01
4.929071632124893965e-01 1.238987503564987414e+01
7.870237126726102872e-01 1.196746774998188201e+01
6.536812383881925870e-01 1.170680412058082887e+01
1.679779925802366902e+00 1.168885665848744715e+01
4.138766341905838475e-01 1.270119109170561167e+01
1.408868672331034633e+00 1.155763067316201997e+01
5.348605228421716706e-01 1.236103754748857142e+01
2.216131649200312026e+00 1.219566277273157340e+01
1.931880088921115624e+00 1.138649008924270944e+01
2.051382495504504799e+00 1.072003399910941290e+01
5.203541971610979866e-01 1.188940664891322108e+01
2.043522761417536415e+00 1.174871318953276855e+01
1.909543470036834778e+00 1.211521800359085610e+01
1.599372595064329161e+00 1.234759003978529179e+01
3.380077330330649166e-01 1.314085324070333272e+01
2.191662011475660421e+00 1.248083230980762970e+01
2.982668528799725105e-01 1.311690246807307325e+01
7.049661595170439998e-01 1.218534410564589976e+01
1.024256327289095658e+00 1.217616128946436049e+01
1.705840322732643299e+00 1.256875084040314938e+01
1.329248368108507661e+00 1.152950770857915330e+01
8.981319070170887819e-01 1.220581679964051425e+01
4.185168416247370127e-01 1.289218917738745773e+01
1.351666013246888731e+00 1.246121552626585860e+01
5.885761672273431833e-01 1.198221034190520840e+01
1.973283909847353801e+00 1.200309759040032809e+01
2.200440035943367345e+00 1.201980885293126988e+01
3.194350768770886084e-01 1.333552994315800788e+01
1.423708792983287008e+00 1.234198213161204194e+01
1.175875352571895904e+00 1.215820617436752826e+01
1.113814275642632579e+00 1.243700565800568114e+01
5.061165237503759684e-01 1.294918327149575532e+01
1.827849606710577390e+00 1.244678333969301498e+01
4.303957796978482575e-01 1.251916547538506741e+01
1.488403648969308435e+00 1.158621069118477642e+01
4.797806923073358321e-01 1.263098898455847063e+01
1.090665780175209099e+00 1.231725813267318337e+01
8.187487870344172247e-01 1.231849324114636346e+01
5.431827159753098710e-01 1.273319663369953325e+01
2.091355111408466527e+00 1.249103264520417511e+01
1.888729006760616169e+00 1.085426195375700864e+01
5.236604776670125139e-01 1.190632549439322219e+01
1.316140650536076873e+00 1.230348725661014697e+01
4.078413042442932679e-01 1.303349273546412768e+01
9.289286957290955327e-01 1.232629425390311972e+01
2.209662512431031622e+00 1.263841368408519727e+01
1.784153818335539432e+00 1.255240237067068065e+01
8.526218284684692339e-01 1.174629368577164357e+01
3.462280636740373563e-01 1.287890047388089343e+01
1.842387427649462062e+00 1.164580640938029354e+01
7.529829454380706499e-01 1.211685385325971964e+01
2.025898914854612265e+00 1.230340946933890045e+01
6.971612266146890446e-01 1.194611425747140032e+01
1.252898215271322835e+00 1.207151706300200011e+01
6.026694843068455265e-01 1.218173702015492665e+01
1.059166383335843120e+00 1.217873731915460489e+01
5.767153032775321764e-01 1.224012295534621764e+01
5.814515597868125107e-01 1.236961672196090056e+01
1.922424200990104470e+00 1.243021080601093864e+01
4.490755445473248453e-01 1.263663898852630219e+01
4.859845223889884824e-01 1.221079806603458273e+01
5.118328506371391251e-01 1.262160770500278417e+01
3.089238171854153947e-01 1.357375305492502093e+01
1.888223486815432839e+00 1.145112418094196904e+01
4.252777905236507228e-01 1.287797729985186912e+01
1.935099329764859100e+00 1.249580624683967400e+01
1.950784078058152682e+00 1.243231522917398202e+01
1.864932706533641626e+00 1.229693831109317514e+01
3.246339320907036807e-01 1.299982113710550280e+01
5.791881426814872169e-01 1.190162162511506416e+01
2.024167704228556186e+00 1.180787443948434934e+01
6.714448542715156787e-01 1.170174387608823174e+01
1.565142135297153292e+00 1.252184642713198492e+01
6.736960607128025247e-01 1.232519480171727011e+01
1.487153139987977601e+00 1.166215918510415328e+01
9.898282550386726664e-01 1.188625258834976428e+01
2.023303489746841155e+00 1.150577259069826397e+01
5.504215719959265618e-01 1.228873102899020786e+01
1.350293532998923185e+00 1.206025554779345654e+01
1.574578645439046687e+00 1.197231487878141643e+01
1.921057494759216500e+00 1.201261975363829393e+01
1.774321801073112770e+00 1.210657897481618939e+01
1.866889447380509548e+00 1.275191875120598617e+01
4.279238617144074386e-01 1.252890063296708512e+01
1.163523320189504107e+00 1.214753052500264019e+01
2.023766832133877092e+00 1.128605690847083309e+01
1.521164961812116134e+00 1.179871209028659429e+01
1.119482734413767666e+00 1.251377079773754097e+01
6.181149830516933230e-01 1.248145868305747719e+01
1.210746172746194782e+00 1.250092987786807797e+01
1.091438557533452203e+00 1.213582691966362681e+01
3.465174217273682133e-01 1.295363416118228628e+01
2.072105934388456916e+00 1.184309014738931332e+01
1.926174554128143201e+00 1.201617804761209207e+01
1.764484209129760117e+00 1.193104297046306606e+01
5.432534814487292030e-01 1.278211618338319688e+01
7.605797181581405164e-01 1.252583757552928212e+01
1.686612408847792954e+00 1.259111870650928644e+01
9.695227234695572571e-01 1.216069973368257529e+01
1.587606807961055022e+00 1.228682749593674650e+01
7.382643918584609333e-01 1.182412042322104284e+01
7.769023256802498612e-01 1.164421516899276376e+01
1.607374287308919403e+00 1.212965759036331725e+01
5.160929991690529350e-01 1.233405933863338255e+01
6.187643793375455781e-01 1.167583692664660511e+01
1.642023830099517134e+00 1.168129081829381377e+01
7.248724826173676972e-01 1.209000965549097906e+01
1.752931620130420143e+00 1.248438387025909435e+01
4.056802052453067908e-01 1.257861199247426498e+01
1.423325252234358240e+00 1.216560160974126603e+01
1.083298301554503462e+00 1.237537814544802472e+01
1.336169629567273587e+00 1.233684643265982572e+01
5.553255839964805762e-01 1.219384191711502297e+01
1.155973471987314483e+00 1.202756671958279711e+01
7.955158906649889561e-01 1.175282276932231440e+01
1.616216033597046575e+00 1.134970552456117687e+01
6.464778766871613902e-01 1.200696705564724098e+01
1.419650346189737400e+00 1.188841946488680001e+01
5.431497102797729903e-01 1.257141756812678679e+01
7.188649855744075889e-01 1.252064774914119916e+01
1.700640851692459821e+00 1.224684055490950385e+01
4.833580287241951434e-01 1.218439017277841252e+01
1.638918932428209851e+00 1.264472339106420762e+01
7.362701289938955451e-01 1.203215592046039717e+01
1.627928872592862453e+00 1.249703976966612018e+01
2.037934226524544368e+00 1.262304171729980418e+01
2.085845284552472645e+00 1.262338876467566173e+01
8.751996576278120443e-01 1.178710712993328080e+01
1.657782177801844670e+00 1.224339738435305236e+01
7.486387547292721045e-01 1.204295666214749261e+01
2.031082705082763784e+00 1.186806347425392438e+01
8.205690276327493038e-01 1.187267434012173517e+01
1.331626293615634893e+00 1.235389597501057679e+01
1.675626810916394094e+00 1.213237776066257645e+01
2.012127370028614859e+00 1.115237129744491540e+01
5.631785675939912084e-01 1.197369129614561523e+01
1.137349918675216287e+00 1.179464195666644066e+01
1.522112703827614322e+00 1.227905846410451396e+01
1.894956234023031261e+00 1.226591002366977001e+01
2.092372164587064542e+00 1.142682950643306405e+01
3.432820102770632875e-01 1.322492924750929966e+01
1.392628189946366168e+00 1.212340935009011744e+01
1.237050291344447661e+00 1.211461989807431827e+01
1.831548411256868736e+00 1.214098438657577184e+01
1.119034291480444532e+00 1.191305190575449302e+01
1.968233271714321164e+00 1.199824386909417662e+01
1.813999024884298095e+00 1.285866423102466882e+01
6.507016617530274605e-01 1.237704041169756053e+01
1.436173720443538748e+00 1.227969024466450776e+01
6.007057339684185315e-01 1.226570961793262349e+01
1.727535290789953049e+00 1.250047414990593175e+01
1.209665239611310339e+00 1.206466444128662197e+01
7.279330934981560475e-01 1.221360383585576237e+01
8.173809870537667166e-01 1.214164123010385055e+01
1.583212103635894819e+00 1.223859435219178593e+01
1.397206322001263379e+00 1.243054932162473136e+01
2.042374691682984800e+00 1.258419874702718388e+01
1.904900950964415030e+00 1.236651277654874193e+01
7.225907649921091691e-01 1.172900332160831915e+01
5.530840949326047973e-01 1.191622197488711699e+01
2.166314864512745242e+00 1.180981661916379899e+01
1.950008511075001838e+00 1.279929312581489320e+01
1.680464679185375898e+00 1.275439734656557178e+01
7.904707030376499910e-01 1.207535686973713318e+01
9.261399413916231449e-01 1.248041769273057078e+01
2.931446949527503065e-01 1.352841491067890800e+01
6.497964169223627851e-01 1.189394502704891821e+01
1.064180304075308614e+00 1.172951606549127312e+01
1.424866501061385682e+00 1.174124644215022606e+01
2.027755477071046197e+00 1.169055865066724387e+01
1.029411520516607670e+00 1.178946725849043098e+01
1.545097894173758979e+00 1.236704471880902467e+01
1.943206609989050593e+00 1.227564657413667959e+01
7.619709383844978090e-01 1.178667430268733973e+01
8.471331376787494261e-01 1.218337198577906655e+01
5.672110706846470451e-01 1.243314655813267855e+01
3.619017916386528810e-01 1.301052229215085276e+01
7.427902619796323824e-01 1.211172527562861490e+01
1.021154420876178026e+00 1.219497836820553260e+01
8.610566742486758240e-01 1.241036618261230196e+01
1.639980088292882998e+00 1.234465624062663558e+01
1.400735111118427634e+00 1.235535157160068565e+01
1.908123530439075788e+00 1.188515429302241877e+01
1.592216333298495323e+00 1.217037434303843924e+01
4.121855068614005968e-01 1.231850704089377047e+01
1.230531447212887208e+00 1.232474609141690181e+01
5.455445896240497250e-01 1.250268735002814502e+01
1.582468396219629980e+00 1.244338087683817129e+01
1.290030652404355882e+00 1.232337349981284547e+01
8.805272288755157106e-01 1.236516647708342731e+01
1.447720978071765696e+00 1.256453084248804508e+01
4.612154495723655434e-01 1.251159590946500266e+01
9.309696988349402957e-01 1.207752526209565325e+01
7.375885342438213144e-01 1.180412116250720800e+01
1.808522290673448829e+00 1.201707099199618867e+01
2.071402956533022977e+00 1.245840770195618319e+01
1.741111926882618732e+00 1.214901649230459313e+01
1.341188855190601936e+00 1.203428148404498366e+01
1.698791397873896436e+00 1.216163880282173082e+01
1.310564225696692509e+00 1.228556665216690469e+01
2.056086961320056528e+00 1.259741384330745007e+01
1.690126942589692316e+00 1.169006331086803385e+01
1.300414721204152357e+00 1.172092005030576090e+01
1.037532213290599969e+00 1.170571616891574962e+01
2.835929120832895167e-01 1.349304323323253740e+01
9.089888039663609476e-01 1.171643205681984945e+01
1.566772191751398147e+00 1.133577468172104830e+01
2.808252508239688083e-01 1.358788206387909447e+01
2.164962788840379293e+00 1.172922962099706723e+01
4.424452171934902811e-01 1.307658419195779587e+01
1.841003282783277850e+00 1.220705961428660657e+01
7.944864190328921882e-01 1.253691365509518896e+01
1.891480215782226582e+00 1.234741880838624972e+01
2.053492372317701875e+00 1.224445637457668390e+01
1.270532035078112632e+00 1.147760974556423896e+01
7.257653142666007362e-01 1.146722080924507203e+01
4.315280690162031640e-01 1.218696307248120192e+01
2.083817116360386912e+00 1.206588453718644161e+01
9.793985222234405930e-01 1.186636814611112989e+01
1.221454728002441703e+00 1.226535924954023926e+01
7.626293434155513307e-01 1.225618840125877007e+01
1.782910221261922779e+00 1.146625096511144903e+01
1.540161573459709166e+00 1.163521946184790146e+01
6.573589156116962373e-01 1.191984116841051033e+01
5.400342024527300389e-01 1.279396105788823768e+01
1.430569692979112073e+00 1.264601486790009233e+01
5.412575762689163517e-01 1.182622065051929283e+01
3.860133692276400685e-01 1.273629717682237583e+01
5.892037025964885766e-01 1.207877734623591337e+01
1.344692627714764388e+00 1.242958314087174898e+01
9.049060158086399408e-01 1.259766435427860642e+01
1.109131338891206076e+00 1.252190371384093304e+01
1.558388163721171615e+00 1.257242604145936937e+01
7.178601145347185408e-01 1.163812813599626317e+01
6.820945871239859626e-01 1.166573435841633888e+01
8.061757861155369742e-01 1.170355945134097553e+01
1.914711971894991649e+00 1.267106954596714807e+01
1.350222219447751115e+00 1.244406233772094872e+01
1.551849841642914063e+00 1.231085493744222248e+01
1.565306030696365536e+00 1.232449319751889405e+01
2.100719748030650535e+00 1.222045873155510520e+01
3.101761613634476666e-01 1.323694250330902022e+01
5.903367804654567896e-01 1.256475807986241833e+01
2.044393167735283789e+00 1.166997157858266476e+01
7.120826453770333631e-01 1.214520542040937201e+01
2.368909934970804709e+00 1.238189383203263105e+01
1.547645278371708066e+00 1.244560775865476288e+01
3.961832710228264109e-01 1.278009927952335900e+01
3.383485451811741318e-01 1.326222030022325171e+01
1.606713599162067352e+00 1.221413292668344930e+01
4.861698649567057218e-01 1.201729933352892132e+01
1.930926288434475335e+00 1.184180855761356810e+01
2.103966185269335210e+00 1.156983369650965265e+01
2.060086595848007907e+00 1.165366621524790602e+01
1.988914216783120414e+00 1.224863832936161678e+01
5.664908504404405631e-01 1.255958253867190777e+01
4.706942436630687232e-01 1.280621192769879890e+01
1.556993539386755554e+00 1.259252025195648805e+01
2.009604591701036114e+00 1.260995222968729834e+01
2.115575638368093703e+00 1.179715760128098090e+01
1.268528271850434930e+00 1.248965827818307872e+01
2.155045226801254543e+00 1.178831030620337295e+01
1.743160991857436004e+00 1.263409140480664306e+01
8.729062345268457923e-01 1.242142803487117142e+01
1.325206134577000538e+00 1.206697666994284646e+01
2.113943601236422776e+00 1.196567605922301958e+01
1.170173076779963850e+00 1.186365182721325695e+01
8.888562291300267093e-01 1.174838477162209571e+01
1.499364998384561609e+00 1.215885211093704399e+01
1.862545039305390393e+00 1.212427979348016827e+01
5.150058627726231686e-01 1.261477774257157058e+01
9.885488753326573397e-01 1.190211825883958774e+01
9.724984703487913329e-01 1.190329280443832438e+01
2.047156849435373349e+00 1.181932028706939874e+01
1.666157898331181997e+00 1.197674242982628101e+01
1.191958652539203412e+00 1.221738326915273021e+01
3.741758792398424127e-01 1.259732028950423199e+01
1.338032609266781359e+00 1.177138568002410146e+01
4.547660771129778956e-01 1.269331703677929468e+01
4.749473644362157132e-01 1.261100897236454266e+01
3.147176613207546825e-01 1.328775155243218364e+01
1.416214159122852312e+00 1.230762968887006359e+01
1.085039835638259120e+00 1.200011154831339333e+01
2.017506944575802486e+00 1.212021568831384677e+01
4.020836366085120961e-01 1.262624115599600572e+01
6.202174257154905446e-01 1.236372795530909841e+01
3.847020024725640308e-01 1.313936295022758216e+01
1.948622082751511719e+00 1.240390053326229314e+01
2.257296668685265129e+00 1.213910772119949577e+01
1.891007062898770963e+00 1.197630945328179486e+01
1.976793051258547429e+00 1.161450876411830535e+01
1.839655570876743251e+00 1.168692460018114332e+01
1.915913285004687827e+00 1.136278076331968379e+01
2.057817591708312133e+00 1.103541289871958853e+01
2.028949434942361130e+00 1.230092353116672044e+01
1.476975444451384734e+00 1.215285111740048229e+01
1.067355628353813923e+00 1.206382311065212143e+01
7.216935143603635527e-01 1.199597892116215370e+01
1.481353655807938541e+00 1.176110639946405811e+01
1.101804952965868445e+00 1.171314031618732976e+01
4.055258923068452703e-01 1.247064194668874393e+01
5.097401371916980839e-01 1.196216990531364921e+01
8.623338064605678976e-01 1.207935842289784034e+01
1.637864998146715712e+00 1.209361586795965593e+01
6.642123727765530949e-01 1.234508691597531715e+01
1.844674281407727934e+00 1.163650739436343962e+01
3.507800933567238322e-01 1.265994288797785217e+01
4.056391090583205683e-01 1.240745884030320667e+01
1.455036073348183745e+00 1.206736764219040126e+01
6.882868397419692474e-01 1.256456863410609337e+01
1.034191731378494516e+00 1.254304288008950330e+01
1.819878836987012916e+00 1.242932478436428845e+01
2.000704775933044299e+00 1.209859710395438448e+01
1.008701937939294968e+00 1.214378911850914378e+01
8.796444702022290230e-01 1.206438522426597082e+01
9.414963627737834573e-01 1.181928954712645208e+01
1.833600542562010549e+00 1.148534430349373459e+01
4.779953427314568848e-01 1.269435084662327284e+01
8.317553502401737742e-01 1.243106338193582516e+01
1.483456227981365672e+00 1.237982588717271959e+01
4.560221242417561993e-01 1.251712797913021191e+01
1.901878755570252100e+00 1.253471471498826517e+01
1.635214906407248092e+00 1.242741798554752464e+01
1.004999380019445443e+00 1.227287351214472721e+01
1.084300991127830294e+00 1.249168947018911524e+01
1.023465967439401325e+00 1.239054609268016094e+01
1.996510688908328168e+00 1.115305141312982151e+01
1.566584516372953262e+00 1.186319130296732460e+01
1.300890529680675645e+00 1.241945117731664183e+01
1.431744923409268733e+00 1.241438430272626015e+01
1.127953939017742657e+00 1.200097574911472620e+01
2.103698888939364409e+00 1.192463730892313478e+01
2.075143992023967154e+00 1.257463385040547443e+01
1.174632390984388985e+00 1.178168629535348089e+01
1.018675603440947652e+00 1.170390612657884155e+01
1.950766485820270013e+00 1.267028856106960255e+01
3.039168146603774545e-01 1.343008792606384105e+01
7.999072920649030749e-01 1.179673067014365984e+01
9.872500401499465505e-01 1.184641751680643473e+01
1.175758656642797106e+00 1.200592973951140685e+01
2.008941681413894731e+00 1.115983974652152533e+01
1.248102972491865303e+00 1.215799817990012954e+01
5.197119208161748993e-01 1.190027991774767813e+01
1.473926849813829376e+00 1.207851498111908839e+01
6.422679091836661636e-01 1.193698315099466889e+01
1.461983953503222855e+00 1.180626911853592098e+01
4.167478766538587065e-01 1.264468692531942473e+01
1.666306523913441806e+00 1.205309781626785615e+01
2.027134912985760984e+00 1.178166474196628144e+01
1.072313863587286420e+00 1.196600911658781996e+01
1.863566740384978493e+00 1.266015225124772492e+01
7.976284077756251589e-01 1.253058550046289632e+01
8.697265213858432764e-01 1.219785621328009917e+01
2.031582084659608434e+00 1.265817624577299405e+01
1.667948808528503024e+00 1.225374089963914059e+01
1.471158532000945263e+00 1.198318655208331940e+01
1.273887201956242610e+00 1.188407190916754530e+01
7.154934474013220358e-01 1.246265710103772051e+01
3.451997876420961342e-01 1.292316805311087080e+01
9.348824043613208623e-01 1.188738289702621209e+01
3.769439389182381306e-01 1.282018577445256469e+01
8.518121559104857576e-01 1.243580311615208878e+01
3.920740452757265904e-01 1.263642909284799565e+01
6.120608101759885677e-01 1.215077883101678502e+01
9.866586827318498676e-01 1.220465817557516885e+01
1.409941561509457930e+00 1.256709642745430777e+01
1.016786290339912080e+00 1.219391844505844169e+01
3.426109717358020168e-01 1.289079954920252824e+01
1.670719997394393808e+00 1.227800720719278615e+01
7.979739893682541441e-01 1.227478581309588179e+01
1.928770244467015393e+00 1.245939981218439740e+01
6.376830209711816799e-01 1.240204158493936681e+01
2.027286365071688579e+00 1.227205408775600581e+01
2.162280428811900190e+00 1.272803370242015042e+01
3.422325198492745524e-01 1.297691268612586235e+01
9.173924179579762139e-01 1.190975807014720544e+01
4.901363665636597200e-01 1.217520545722357461e+01
1.489605948888167442e+00 1.214546247983450478e+01
1.758309159399954469e+00 1.208961198257439307e+01
2.862389749359767199e-01 1.337463617297164653e+01
1.830270593385496358e+00 1.207669646123643759e+01
5.096469382859840636e-01 1.250885136819706567e+01
1.628924812007001233e+00 1.244192098978909478e+01
3.317955369117676079e-01 1.320799602358412272e+01
4.907939720407893391e-01 1.226428576260183156e+01
5.655632563802185375e-01 1.198210837529006234e+01
5.976454796329705443e-01 1.193931912422435992e+01
2.229871073664369874e+00 1.265801596534793561e+01
2.094277161983201019e+00 1.143592415094604497e+01
1.944338629274972252e+00 1.193183179749567380e+01
1.776824246566544252e+00 1.231850499528689014e+01
1.221221971590602973e+00 1.231708022562696669e+01
1.749849848820362652e+00 1.184153041585710753e+01
6.448110797755118861e-01 1.192135001827495344e+01
1.044899429712784711e+00 1.173264676504699722e+01
1.908324910311618217e+00 1.276974276936017283e+01
9.660008773156359974e-01 1.244427718913551217e+01
1.797936652253645518e+00 1.244852758031922590e+01
1.275199161440033979e+00 1.208745167117793784e+01
1.111920186483909223e+00 1.207518579637087797e+01
1.868619139738422197e+00 1.142933027689897507e+01
6.637269640052677611e-01 1.224377589989157222e+01
1.071799860025261841e+00 1.194147353089894814e+01
6.425752904102323138e-01 1.238775595523690498e+01
1.080899323332514816e+00 1.230684354560140292e+01
1.928948171146142476e+00 1.165940037659518147e+01
1.867713056460141186e+00 1.171779622576439372e+01
8.189339675601279289e-01 1.178668152166370042e+01
1.158979477397455771e+00 1.217983817704739913e+01
1.743091900930984428e+00 1.210569548724151723e+01
5.117745839613239145e-01 1.225715012529886572e+01
9.812826509661042307e-01 1.203252290699131599e+01
1.971580377896894998e+00 1.270206583493584063e+01
1.358644508173441068e+00 1.218311192780674723e+01
3.048543985152028513e-01 1.328586831060369811e+01
6.318698601106972346e-01 1.211183627118411898e+01
1.710971897817421983e+00 1.255125471284614669e+01
1.720592116495592627e+00 1.184361846453092681e+01
1.830724988228708883e+00 1.203423002772832362e+01
1.739060716220734104e+00 1.205921111193316442e+01
1.338574850056887700e+00 1.247627203640156246e+01
1.833339923648282355e+00 1.267572571313371022e+01
3.529790051629097536e-01 1.291050545140842054e+01
3.945473476055082473e-01 1.260047937073447066e+01
1.419835601276347781e+00 1.224908744614749700e+01
4.502869917158059954e-01 1.248259516897636701e+01
5.705215226444597665e-01 1.208431340124073117e+01
9.388652517499784800e-01 1.204697984053355242e+01
2.036368230852924288e+00 1.232373125773560929e+01
1.679545404958672883e+00 1.217934141751228516e+01
7.952911488626250858e-01 1.181627114517724131e+01
1.172412274760426198e+00 1.142187563953133989e+01
4.256684789304124306e-01 1.260788551766235344e+01
7.293584481306993883e-01 1.193244857288086536e+01
7.590177347772664174e-01 1.192458500744901606e+01
2.019642998907461351e+00 1.197919399779333816e+01
1.742444359537828946e+00 1.252749858887665724e+01
7.539693342628337458e-01 1.246069778716213783e+01
5.316024784708961448e-01 1.271116747088828802e+01
6.091761227314710370e-01 1.249308027507664143e+01
1.256813327841658001e+00 1.240707578656990506e+01
1.284816194831195135e+00 1.221008561934043435e+01
3.774996347930306140e-01 1.291306071160600588e+01
2.024121127123496677e+00 1.234226418181614271e+01
3.337404007788435378e-01 1.308522113451152968e+01
9.121435397042854110e-01 1.226747447120604129e+01
1.148733520941730202e+00 1.206728419266109675e+01
2.146700844311506096e+00 1.270043001752607559e+01
1.911816600569481661e+00 1.268542160727449719e+01
1.084747661275797359e+00 1.237498877816675957e+01
3.362152612190145717e-01 1.306023135281109226e+01
1.615297325256967786e+00 1.227703038737192109e+01
4.789600546262030578e-01 1.220419621943183053e+01
1.400674300707986264e+00 1.190217777370931529e+01
1.901553884083018175e+00 1.256700916635190524e+01
1.974389807774458161e+00 1.255564963939492173e+01
1.560800525181389453e+00 1.231568749365859006e+01
1.829775983121256999e+00 1.257256758420458809e+01
1.525698146445968018e+00 1.253604763423958879e+01
5.331340307822045599e-01 1.196417292799572429e+01
3.701193428506051042e-01 1.258775945961881249e+01
1.565625382855511782e+00 1.202824909086852401e+01
2.004076799752199545e+00 1.199415361824072868e+01
3.556494519132289978e-01 1.313729492334766746e+01
1.689577506191993539e+00 1.260539799506791780e+01
1.929428665074950811e+00 1.199748196530253708e+01
5.504722158187347336e-01 1.181928413593347038e+01
6.875772824308064024e-01 1.211103269675149541e+01
5.121477701263323912e-01 1.177433423951659819e+01
4.563873160702741072e-01 1.286458002590958927e+01
1.133010815097241997e+00 1.241722235385546291e+01
2.023656776726604711e+00 1.232453646121229696e+01
1.497416705962398176e+00 1.172005272573988499e+01
1.861080078358422041e+00 1.138358982106417194e+01
9.478177545084448541e-01 1.205288360419578098e+01
1.860574782641885472e+00 1.094430916162231249e+01
1.888850755875009613e+00 1.090336610059813083e+01
1.055362135429962711e+00 1.157064429833050667e+01
1.726992625808970727e+00 1.177007639407101536e+01
4.804928066766670502e-01 1.282694682112960649e+01
1.288725149005391257e+00 1.183744915055750724e+01
5.330979200456463785e-01 1.179348653699344673e+01
4.642982542971216264e-01 1.232648391709941826e+01
5.671704251427661658e-01 1.208637007367763694e+01
1.676808481631006487e+00 1.241513850645897854e+01
1.946756415623014380e+00 1.231880920615796704e+01
3.783155293017776977e-01 1.301192418156952080e+01
1.450084750573435333e+00 1.167165352073302920e+01
9.500192648060606926e-01 1.162974326477916520e+01
1.641291867981496289e+00 1.205829735599504637e+01
1.370886198367680997e+00 1.203391521263250930e+01
3.864398504753999708e-01 1.277924910410473380e+01
5.667529438388213547e-01 1.209186814684206190e+01
1.126296280488384483e+00 1.234935547312484161e+01
6.556403052715903401e-01 1.248442115403083363e+01
1.722625125430871984e+00 1.202760841305449446e+01
7.451241979342383415e-01 1.165717017296740998e+01
2.077115617627559807e+00 1.255968047241200658e+01
8.651322906175252792e-01 1.221376496648723098e+01
1.916274446131547071e+00 1.150291313010397332e+01
3.428962207691519382e-01 1.322069825146095212e+01
6.447619376858493290e-01 1.196167607428978918e+01
2.931285667931403660e-01 1.353007346381146725e+01
1.915530948468667116e+00 1.157461817602846921e+01
1.546985271858815958e+00 1.208657534874689610e+01
8.802926352224438311e-01 1.195943785311817464e+01
1.369942263094167778e+00 1.224855754731731317e+01
5.629258061273937352e-01 1.210771607175087006e+01
1.679365624111570199e+00 1.246139974665205408e+01
5.768445740483764128e-01 1.232594274322001482e+01
8.268490542762876316e-01 1.194645741460631783e+01
1.630144682759531394e+00 1.202368851508316361e+01
2.084155840876590560e+00 1.114029328880672587e+01
6.874836761118123807e-01 1.177980383131134978e+01
1.221644615770518749e+00 1.264170309570246786e+01
9.484948219433569916e-01 1.199046041091334835e+01
6.444143763728594765e-01 1.180014394656314280e+01
6.863280338332929942e-01 1.177352695664639803e+01
8.478712060701321107e-01 1.204670333170020236e+01
1.826874007944236267e+00 1.154056736521967608e+01
4.041022051470672394e-01 1.299250234852829422e+01
3.219814418773395692e-01 1.314514662404543444e+01
5.667573915081881575e-01 1.196950161707098204e+01
7.041789346381410741e-01 1.207654914726900230e+01
9.171640060818926354e-01 1.227310498341125644e+01
1.021240918338864878e+00 1.223180925461166524e+01
1.708482094304913934e+00 1.219309519102758088e+01
6.685867589486798046e-01 1.216698543866983862e+01
1.155797692540944333e+00 1.186202854086715952e+01
1.237662547658479051e+00 1.196726637002732829e+01
1.266453289134654936e+00 1.206493837080762077e+01
2.104771224726727397e+00 1.180686582595766509e+01
3.747422808036636188e-01 1.293603527584578927e+01
1.864584789610860049e+00 1.101565466565381080e+01
1.115878033261852309e+00 1.213127064154004664e+01
1.809051368729638787e+00 1.173431759411474040e+01
1.638802144616641643e+00 1.228687483662625368e+01
8.115195760768824096e-01 1.203608187697808773e+01
1.708814991608854417e+00 1.271831283114130784e+01
1.074737495716574065e+00 1.242860931663034663e+01
6.320156718560625553e-01 1.246493921575336472e+01
1.165774627787521167e+00 1.223150227327331940e+01
1.870653379350667000e+00 1.194390248334068971e+01
3.576421829528638185e-01 1.261700017066679891e+01
9.304454349677702130e-01 1.173696881628119471e+01
1.302320901282246313e+00 1.170370874029238983e+01
1.497801276972518414e+00 1.236740311175430485e+01
2.046089712053190901e+00 1.206379063346557778e+01
3.604064691815735411e-01 1.282324882455110249e+01
4.357906379501186311e-01 1.236092140739270206e+01
3.155053655131236923e-01 1.328565755732398657e+01
1.020439993130767720e+00 1.185967366646691268e+01
1.274713614267320105e+00 1.224259747229653428e+01
1.916501058028624582e+00 1.262162421720958250e+01
6.311594216793340317e-01 1.251938931492868967e+01
1.089726093525699602e+00 1.242527806997172846e+01
1.167923932255013675e+00 1.206096782989272853e+01
5.899767134188970141e-01 1.218383346286841373e+01
1.863040977628616757e+00 1.238856729065206608e+01
1.303888002170456417e+00 1.210958063497270665e+01
1.420883427672978261e+00 1.241679707989145776e+01
2.088854801341892387e+00 1.133886522955491394e+01
1.892603125192664715e+00 1.160705859331238621e+01
1.258549954617493638e+00 1.172226849394788317e+01
1.762103304175369090e+00 1.270798524771007720e+01
1.945163239773865405e+00 1.218850449163699068e+01
1.530973986436894752e+00 1.237529163210027150e+01
1.753364241563226233e+00 1.274136750463566514e+01
1.588224948068387210e+00 1.267647076803453032e+01
1.390959869897501866e+00 1.269952170106469147e+01
1.503114921028994022e+00 1.252624857431133343e+01
3.722110332377114861e-01 1.314716451349173987e+01
8.017719933960937295e-01 1.229260258666846362e+01
1.455956962588566439e+00 1.197895541953780452e+01
2.045713765895732283e+00 1.166049385712235953e+01
1.097351386654440430e+00 1.202212712018335417e+01
2.043027701534752438e+00 1.231073474626773923e+01
9.985189499174902394e-01 1.207349695009474111e+01
1.124357691520140534e+00 1.237819995906793302e+01
9.678597811068128109e-01 1.233609388722785738e+01
1.642745362035881840e+00 1.177727441033172973e+01
1.868946275561163439e+00 1.160510016893973528e+01
2.121457437273420510e+00 1.215163254878981469e+01
1.582373005536666044e+00 1.176520396672956004e+01
8.641493957368274748e-01 1.188040431398754748e+01
1.746484709490945475e+00 1.208007307286505849e+01
3.194525346545946665e-01 1.334608082070088031e+01
1.099381318071870117e+00 1.222147473563481768e+01
1.690535568831992297e+00 1.247057782608663956e+01
1.901793929424609786e+00 1.140558212551877126e+01
1.279304310391488508e+00 1.162053376391587634e+01
1.253841553858576541e+00 1.225928683418932863e+01
1.695362887994725343e+00 1.212623484680008090e+01
3.507159607236055576e-01 1.325067077042812969e+01
5.002755520547486068e-01 1.245476732762201522e+01
5.897736999142998426e-01 1.273558091596467357e+01
5.318907952693926466e-01 1.285245789915759040e+01
1.423201867139076704e+00 1.222076500832036672e+01
1.789799480859318503e+00 1.233620155997979140e+01
5.083698823124257471e-01 1.265132944775666957e+01
1.469433700978962420e+00 1.163734993731734768e+01
1.534799472652651708e+00 1.234175030033516940e+01
2.084679473009821482e+00 1.149619824524537748e+01
2.114757949091242040e+00 1.140945338368948114e+01
1.058514706124085603e+00 1.192951265030657027e+01
8.440897962700697477e-01 1.182662467607469559e+01
1.506205645047903552e+00 1.180408444815984481e+01
3.180482456408723624e-01 1.316091489064859488e+01
1.936320791553498122e+00 1.230147879490624341e+01
3.871618874118106235e-01 1.279384086069137005e+01
4.259974377277952473e-01 1.294243649494949011e+01
6.529044173396582051e-01 1.245624312583319160e+01
8.672059768166114901e-01 1.236470520433443632e+01
5.033850525858147851e-01 1.275349846620549243e+01
2.083052704958206380e+00 1.205323486069283945e+01
7.144426349031927082e-01 1.249748399413753930e+01
7.620029779020985883e-01 1.215355107935836365e+01
1.580952391668230206e+00 1.257164682926995170e+01
2.006309524193604865e+00 1.227334289860228544e+01
1.648803160132915613e+00 1.236289162833496036e+01
1.902413579008777722e+00 1.212600302156833898e+01
2.117697503296303463e+00 1.193766980456646110e+01
3.978927961950748937e-01 1.231883314351888181e+01
1.101563812555510058e+00 1.161301307129138394e+01
3.982741236447328581e-01 1.296407687304383138e+01
1.889556162161576847e+00 1.138651296580577110e+01
3.823165080901717028e-01 1.323059184753310547e+01
1.440946854440968927e+00 1.237772192570843544e+01
4.104984066640751106e-01 1.263675084012051109e+01
4.689242400885684225e-01 1.238275208912938297e+01
2.065883994947090851e+00 1.277507022259188574e+01
1.157294772530257809e+00 1.239641489649534734e+01
1.938324387247300828e+00 1.259713064913568026e+01
9.069150635914356995e-01 1.230222605095709021e+01
9.972309668650344294e-01 1.177517473780531887e+01
1.669191996785178267e+00 1.212086966237299457e+01
6.327669877419288547e-01 1.219885809301414525e+01
3.803392244465578220e-01 1.277099393156591489e+01
9.802539349579255656e-01 1.203418992502443707e+01
1.800027417473156532e+00 1.275624442428564187e+01
1.441828179563369616e+00 1.254299178035357087e+01
7.103588014664532491e-01 1.238834303880617504e+01
1.405088476232505990e+00 1.196047739614579086e+01
8.236661850826196840e-01 1.189200008573859257e+01
9.051007475561619886e-01 1.195733052193424406e+01
1.366000931702385124e+00 1.182415127140946076e+01
1.084071768644492950e+00 1.227182525402722391e+01
1.624349140165414429e+00 1.211979567104884481e+01
1.442695358528937488e+00 1.266099137053817358e+01
1.467665390657208579e+00 1.266988775666813183e+01
1.497726564315515096e+00 1.224338687452078034e+01
6.150356990995839990e-01 1.202074217826326574e+01
5.628616306923021062e-01 1.216250152638574278e+01
1.362160164160089337e+00 1.182330485692132527e+01
5.914034298183895588e-01 1.257818925337827487e+01
4.932339403141897116e-01 1.277271941461171423e+01
1.815884624062025443e+00 1.179233029880456129e+01
9.688750602833583470e-01 1.169209757159424079e+01
1.041973420833649744e+00 1.170520958166956405e+01
1.872848753738777905e+00 1.247084318589133467e+01
1.219031744504065484e+00 1.220811864856647055e+01
2.061512885785303340e+00 1.166860908940721231e+01
3.368480990589642898e-01 1.314839949130478303e+01
3.684501830609238637e-01 1.299128561551928307e+01
3.353736843392288725e-01 1.329857574068179638e+01
1.023826807345674439e+00 1.162018278895179257e+01
6.941857419802380802e-01 1.209372173529798644e+01
1.972939912950748553e+00 1.264515151145360505e+01
2.014612609058505477e+00 1.198195363265354274e+01
9.120608501396824108e-01 1.161969708522431510e+01
1.102795660642064801e+00 1.162752614175658472e+01
1.130093362432418092e+00 1.204622474628417450e+01
1.714124581128247726e+00 1.208144946347120730e+01
4.359151885854049002e-01 1.283643566248419710e+01
2.131447729813715775e+00 1.196117183590714639e+01
3.905803109056097955e-01 1.288963408460508298e+01
1.475570991648481822e+00 1.222484786653063082e+01
1.775456841094765981e+00 1.220635302566937419e+01
1.353673505127753751e+00 1.216250021787598712e+01
8.775761411943494572e-01 1.195701033226035825e+01
8.199217098099219614e-01 1.240902956597993878e+01
8.298968569720469590e-01 1.240658939179049192e+01
6.833496002710570671e-01 1.198524282297805499e+01
3.194382648520082135e-01 1.337794666962991030e+01
8.028148149394335187e-01 1.172388239889640538e+01
1.529149946477167177e+00 1.208375475696099244e+01
1.190397771041985076e+00 1.224033159065508336e+01
1.967768762070658983e+00 1.209257180167920254e+01
6.267645613152892370e-01 1.217264584321597276e+01
9.015418278590219270e-01 1.224998059600400957e+01
5.231819915153321787e-01 1.268161343713684452e+01
1.939197579831607676e+00 1.261631233147042863e+01
4.826993392791520399e-01 1.219059226567817866e+01
9.757918252859490993e-01 1.189997585157139781e+01
1.809616432226794691e+00 1.258530106035087570e+01
2.106736651984214781e+00 1.258309283416313562e+01
3.050396341656897992e-01 1.302233688965771741e+01
9.867678340479124621e-01 1.206364090356077234e+01
2.006383374147556964e+00 1.067827764740736995e+01
2.098419570613264451e+00 1.145212634295237919e+01
4.222965721360115166e-01 1.301452276167324662e+01
1.919518049688225370e+00 1.150082959323706966e+01
1.878302176380176380e+00 1.215405789041722429e+01
3.463366284461528721e-01 1.278877183531804462e+01
1.748057639543509234e+00 1.210127316757513150e+01
3.988364938501868240e-01 1.272358985754324578e+01
1.500939287245167231e+00 1.210854721051346061e+01
2.117764208514316238e+00 1.230008496759587189e+01
5.858041486156361222e-01 1.203479244940662340e+01
2.075764316773227147e+00 1.078274086975692470e+01
1.110847092660445679e+00 1.189047990783382147e+01
1.178403862880670339e+00 1.240866851811669491e+01
6.797139664219382649e-01 1.211789077976576223e+01
1.654802165384883450e+00 1.161250667373456125e+01
4.796789973303615673e-01 1.232000992251888682e+01
1.171559685111526861e+00 1.200665702183127159e+01
4.025156593138699002e-01 1.247438386119367237e+01
1.666298679545974881e+00 1.209370901237344675e+01
8.124052109944225331e-01 1.246816232116359480e+01
6.513472844221662728e-01 1.253051630332069166e+01
8.451622788252617369e-01 1.198278971483976996e+01
7.151341064300741346e-01 1.156449777059019723e+01
1.053568969391639909e+00 1.158645374065807410e+01
3.764923272328112858e-01 1.304458150657572801e+01
9.530614455782387973e-01 1.251677745134173847e+01
1.671890139841585965e+00 1.274526104796528436e+01
4.780113938157503073e-01 1.280718077424233492e+01
4.584779822837594665e-01 1.288154659392939827e+01
1.324302767018989524e+00 1.179620846894553132e+01
2.202260666732001937e+00 1.230946134931765101e+01
5.119438633035335862e-01 1.291189568283268940e+01
1.548915379634655975e+00 1.268367730777404034e+01
1.411739018324853712e+00 1.263756345338057230e+01
9.800912463609419145e-01 1.150826340689072858e+01
1.484803386524898405e+00 1.169464272806947847e+01
1.454901338606026107e+00 1.230923865082130142e+01
3.448083708536707204e-01 1.325509643994797671e+01
1.263927880840203244e+00 1.233172454057225664e+01
9.597055765760162949e-01 1.227412306484634108e+01
1.884587707000327850e+00 1.253055914652816938e+01
1.037422377762545533e+00 1.242205395807297919e+01
4.935326508984873017e-01 1.267032937953790395e+01
6.104818782960925727e-01 1.225047270503652008e+01
1.964605227935296572e+00 1.147955866146637760e+01
3.447479562467473113e-01 1.301243829857967249e+01
2.012565560881178328e+00 1.214912373393029910e+01
4.310772046918633360e-01 1.227965399486851616e+01
9.772440935971578035e-01 1.240639828766538777e+01
2.079268638868834618e+00 1.115508932385510477e+01
5.655595012422327539e-01 1.225149674144153522e+01
9.205953337593307806e-01 1.200701528975396037e+01
2.085482645257089818e+00 1.069013147729863000e+01
2.084304339488071811e+00 1.069584759384941997e+01
1.698433593128427344e+00 1.219798688789485652e+01
3.859421898595515321e-01 1.278364971419381746e+01
3.203382487134202594e-01 1.305344263890298073e+01
1.050166121785981677e+00 1.187680527504579686e+01
5.835317074187622577e-01 1.261409485956155407e+01
5.898070490253994880e-01 1.260427977003532263e+01
1.648846167765372073e+00 1.193786196540571964e+01
1.298396380041150877e+00 1.194682392621520250e+01
1.684792289365472540e+00 1.258729009701442259e+01
6.802293445607996425e-01 1.197950127805716214e+01
5.913687677879112536e-01 1.202821257118885256e+01
1.253005083159473898e+00 1.212624817510169883e+01
9.578720779012042108e-01 1.206934590420947018e+01
1.029754442499347888e+00 1.181263212609806601e+01
5.472206742111437316e-01 1.192372612558720846e+01
2.011953557995509900e+00 1.106986208263621840e+01
9.076246749649520273e-01 1.238757216097462255e+01
1.631164720464757911e+00 1.189848014122030229e+01
6.669275445160137705e-01 1.240004159232297454e+01
9.550190278869375993e-01 1.228434172267060021e+01
1.819902104264034870e+00 1.226453919984049357e+01
1.749506480009638931e+00 1.181112202796723842e+01
1.498323770898425611e+00 1.147073148686542154e+01
1.183153570554443368e+00 1.210949195502158027e+01
8.021456401164619443e-01 1.224077748809533972e+01
9.526546264541517761e-01 1.233727656814930285e+01
2.025514961858371876e+00 1.218589062058376449e+01
1.080972228725302742e+00 1.216678358089588308e+01
2.089529730792311746e+00 1.234023711254277522e+01
3.478076747564707305e-01 1.298701002813960415e+01
3.339994173719917914e-01 1.312576871940633794e+01
8.037010967719552257e-01 1.224617912479907744e+01
4.589297423981152368e-01 1.263459507519186431e+01
1.971896987568953152e+00 1.168698877994169472e+01
7.086386303658169794e-01 1.246587588554053561e+01
5.475110941532516096e-01 1.269162547061776003e+01
7.306201759915107452e-01 1.191304581864116763e+01
1.332963508979989387e+00 1.190960604219962171e+01
5.965837141932593957e-01 1.241859448424106738e+01
6.212294801633504449e-01 1.227051515668017601e+01
1.672631817506938345e+00 1.228781584227084167e+01
2.054669255202604461e+00 1.207177385287041460e+01
1.755038344301565134e+00 1.159100036504430697e+01
7.086709222552418641e-01 1.163861458333901844e+01
2.626306762274028817e-01 1.369214913910505160e+01
1.294774710749256874e+00 1.205021449830763203e+01
8.951248751615044075e-01 1.220092261230838560e+01
1.459459097401828664e+00 1.213472520499739282e+01
1.358679332851149058e+00 1.174943661282770968e+01
5.269442313875293271e-01 1.176043484858647048e+01
1.597441713706848621e+00 1.200054279672501600e+01
1.161110992649722506e+00 1.219129692449057956e+01
7.436787618218904106e-01 1.202767704798440462e+01
6.386759175311808034e-01 1.195770920239735702e+01
1.635520490472010424e+00 1.237059483345222866e+01
1.524928255819239631e+00 1.232576235328953729e+01
6.026361659485389710e-01 1.234518505544046008e+01
2.017991664393022244e+00 1.116427953043356069e+01
1.189925739625965706e+00 1.158635658776708688e+01
1.415454084855634731e+00 1.152015939878022088e+01
1.055256595253798002e+00 1.221367782400057500e+01
1.076395756670742720e+00 1.222445183334501628e+01
1.454163121288098770e+00 1.207635531149265162e+01
1.853686469375326329e+00 1.191241120430803591e+01
5.446980992500389807e-01 1.225510354980333894e+01
9.253217782228884136e-01 1.212861944957018601e+01
1.599059650581463599e+00 1.198990984982690300e+01
1.924107599854238959e+00 1.124065009415254757e+01
7.834498945726081631e-01 1.234022213531159551e+01
4.796241329163941636e-01 1.220850559241771016e+01
6.218197784078087764e-01 1.168712917331898105e+01
1.571122352920691023e+00 1.142556494734328076e+01
9.104387434892111663e-01 1.226390508498277576e+01
1.646596761583652313e+00 1.270983656576746590e+01
4.533269951883990290e-01 1.310232931725180450e+01
2.121108592467974230e+00 1.220734010606344278e+01
2.197391234636596913e+00 1.193739569148721813e+01
1.064604447197507131e+00 1.230866676267107174e+01
1.799976528325905933e+00 1.184050654584603457e+01
2.014676602612360146e+00 1.226439846334077721e+01
1.677625999117196898e+00 1.161336204112937054e+01
4.770971872823250859e-01 1.200585862078858135e+01
1.758024277094619725e+00 1.206023629266505992e+01
3.784132815743694311e-01 1.322523814646113216e+01
1.109948366057971647e+00 1.210778382086284033e+01
9.136739802294487900e-01 1.208293880965775635e+01
7.079256435241625400e-01 1.214977173446067304e+01
1.597736262840443455e+00 1.185674066677344740e+01
2.085971626199226492e+00 1.140426200301134507e+01
9.441632719620478564e-01 1.211190184552643956e+01
9.304431579171336120e-01 1.210677742318175554e+01
2.058868729472153269e+00 1.212972795180098906e+01
1.195954157468516632e+00 1.210838967237091168e+01
9.629830400285379621e-01 1.229721935724693971e+01
1.091630341113913216e+00 1.235536210490601405e+01
4.657139831171365763e-01 1.256526717240507907e+01
9.407153217879998808e-01 1.183572787855020003e+01
1.501453530162041750e+00 1.204221684053826635e+01
1.120384019226254635e+00 1.193351042115886962e+01
7.403464277136122540e-01 1.193235607198504944e+01
4.156059416065807643e-01 1.261029213528974147e+01
7.876608520762788945e-01 1.201575579001695182e+01
5.030042603245500343e-01 1.263935491587096394e+01
1.418693943373202204e+00 1.264032140246449565e+01
5.472581617772637186e-01 1.197041415699022515e+01
1.148203023061437733e+00 1.193458784163550490e+01
6.813925864631440454e-01 1.217093123457531689e+01
3.488365994970302753e-01 1.279495754006943820e+01
4.124189554477456499e-01 1.275937107383882108e+01
3.575090700427276391e-01 1.315364583492858586e+01
4.423264056807369449e-01 1.224260458521706774e+01
1.314411644735381524e+00 1.217908453629294030e+01
1.554317965142951508e+00 1.256869302117094378e+01
3.636545288085574756e-01 1.312880909926866480e+01
1.302736995091644312e+00 1.256300714592734380e+01
1.871949294134280350e+00 1.254434182348895988e+01
8.773839697694020279e-01 1.225118318663041883e+01
7.680390584463834269e-01 1.204477588715198877e+01
5.462311978439792215e-01 1.221002249904531567e+01
2.039402821537064092e+00 1.141579792461006271e+01
1.606378443083921415e+00 1.196811603351283182e+01
5.342052956714359313e-01 1.237096082005851017e+01
2.063862126949836728e+00 1.254932703630595547e+01
5.194072550206941807e-01 1.176150248890815497e+01
7.274937136338207599e-01 1.223096653474844331e+01
1.431709558692474626e+00 1.213208432046667617e+01
8.486347350520800914e-01 1.188217084043789207e+01
2.955094272046469017e-01 1.341177552460148981e+01
7.705359111229121982e-01 1.172289017207677020e+01
8.564680647554639981e-01 1.150844305571713555e+01
2.147577686077474901e+00 1.255642473804765835e+01
9.071103900847126145e-01 1.231554151869455360e+01
6.076973654479249642e-01 1.210344358966014155e+01
8.605418422599510064e-01 1.245719857659150165e+01
2.072668463514439008e+00 1.171268796567560955e+01
1.179136658766064771e+00 1.220850412253602890e+01
1.877994978210449473e+00 1.187119337591024859e+01
1.001513892439300335e+00 1.191518010175671627e+01
2.078412703641884018e+00 1.229513468217920291e+01
6.123690299316735253e-01 1.231454925106844378e+01
8.970397022752413241e-01 1.204827550227078881e+01
1.309522028255327930e+00 1.205045580504445191e+01
1.674800089376119461e+00 1.207613912654212740e+01
1.814700452254391472e+00 1.145538262748580216e+01
7.853241518917787323e-01 1.163724831402107895e+01
1.018429400401844820e+00 1.255196808705292355e+01
1.255061615106097594e+00 1.167184923755061199e+01
2.991735017516236050e-01 1.341342410749607517e+01
9.546230334857130906e-01 1.222206046319084471e+01
1.678475585239332268e+00 1.219489877507110975e+01
4.002180148323943865e-01 1.255128808372458238e+01
1.881992779185340359e+00 1.173308099414621175e+01
3.123742033021545406e-01 1.328836412286408297e+01
1.811227102004721035e+00 1.104703226042008346e+01
1.972533570717186713e+00 1.084666742698659903e+01
1.092853471871746640e+00 1.173913063811277446e+01
1.152545812208824350e+00 1.221075208795801892e+01
1.948483129450844009e+00 1.167033190050900160e+01
6.169412589500844479e-01 1.217274020514616950e+01
3.880889497441066815e-01 1.288296208629934192e+01
6.111979617321082747e-01 1.170748456730608211e+01
2.104588440410120942e+00 1.243202481735954024e+01
1.021500775466822164e+00 1.233217094063971508e+01
1.072277941960823489e+00 1.174911874279315072e+01
1.898009922125685200e+00 1.264771620996243762e+01
1.253242056950974126e+00 1.206842775939464119e+01
8.616021354582833469e-01 1.193146066761046598e+01
1.468485031669673369e+00 1.181206911591782394e+01
2.048311436435238164e+00 1.178255546086245609e+01
1.921298460189885482e+00 1.189220853155521951e+01
8.451646635690287512e-01 1.235595691262164664e+01
2.098643570422282778e+00 1.229189664281893002e+01
1.477992604332229121e+00 1.196876572426284113e+01
7.060539848119895545e-01 1.208176729406749850e+01
1.295099427684821558e+00 1.203972765562265401e+01
8.129353237579651781e-01 1.168123732642801293e+01
4.087334953433072737e-01 1.260112506160074375e+01
2.076832315202529866e+00 1.249853601555565774e+01
1.008940952011976755e+00 1.226014172083953113e+01
1.490919522685754117e+00 1.223066844499491346e+01
2.019487000678436228e+00 1.207816871703386319e+01
5.369543601238947472e-01 1.223076006462488152e+01
1.021611762888686048e+00 1.239187399728690764e+01
2.042443448645109960e+00 1.270014243371449858e+01
1.896764988349380010e+00 1.192984138075486023e+01
1.146444294684062060e+00 1.190456072247794062e+01
9.054718466675482080e-01 1.241104248470595195e+01
8.101218567735264386e-01 1.243218717810946039e+01
3.382695762349880453e-01 1.327088809067548247e+01
1.916563512898904476e+00 1.199617037680743792e+01
1.038585732571199127e+00 1.199767100554186783e+01
5.879813338183940141e-01 1.218175532701010155e+01
8.096815557534988717e-01 1.236421456501452099e+01
1.835128930824550864e+00 1.157242688973871836e+01
8.107173510172690500e-01 1.176567163820217843e+01
5.055757937964807658e-01 1.216252154803687624e+01
6.812897101900508012e-01 1.195200979239966266e+01
4.486090545290093434e-01 1.276775021330035820e+01
6.018578657600209825e-01 1.234840909400224618e+01
3.132706532421618562e-01 1.337426101323788963e+01
7.401033354394626063e-01 1.180033170345006965e+01
8.433485476594715369e-01 1.242355186522386745e+01
8.040087961830362229e-01 1.244405286800985699e+01
6.035061370640403267e-01 1.226945798298213575e+01
4.202826587457283436e-01 1.238773375490577600e+01
1.767196077463411452e+00 1.187941690731595124e+01
1.998537527892548127e+00 1.150930022171233524e+01
1.438340256798869010e+00 1.210740040311205590e+01
2.005266990767744062e+00 1.102164640838747900e+01
2.056192238893557622e+00 1.082811469461415044e+01
1.870259441851638949e+00 1.125941563888826558e+01
1.616087367593969093e+00 1.153462837543452935e+01
7.403728273032192941e-01 1.179561972221883082e+01
1.605907420374315775e+00 1.249930300008397488e+01
1.647297000263580280e+00 1.259542224213393347e+01
3.329988411315583097e-01 1.322053444136004430e+01
5.855635648501347212e-01 1.164967907032457717e+01
1.970563155937127053e+00 1.167733030991679932e+01
1.926093468749950022e+00 1.189129106080444487e+01
2.182693983623579470e+00 1.135442438862509285e+01
1.743899012305966112e+00 1.238504357892417751e+01
1.170046891490482688e+00 1.164395355918495767e+01
5.235338756824005069e-01 1.237170472595586901e+01
4.026521278284812544e-01 1.282804369917928788e+01
1.571357156049601800e+00 1.202117555755028455e+01
1.854265631624554711e+00 1.242486834277915619e+01
4.940926838910578711e-01 1.287667165772729128e+01
8.534086735657654410e-01 1.242430738012172498e+01
7.803452384817077814e-01 1.195219060770108399e+01
2.036010420007929422e+00 1.131651054942278734e+01
2.108424909391758195e+00 1.216861027356823755e+01
2.121621514670257724e+00 1.121366826003663952e+01
8.395806101667914190e-01 1.228695600842431901e+01
3.774239433007167688e-01 1.240400494306491019e+01
1.375197848205384599e+00 1.207986454150037581e+01
1.963567282223569688e+00 1.145739789368633232e+01
1.322919102689307236e+00 1.213342606452056138e+01
7.708126920386741965e-01 1.202763328679766452e+01
1.972802097762831774e+00 1.141225313053046442e+01
7.457952022373920409e-01 1.197043413098212561e+01
8.999964198070267152e-01 1.242350848067873592e+01
1.289152890828461517e+00 1.210557970991186494e+01
1.832859804415177818e+00 1.281103963302666848e+01
1.930115615871247359e+00 1.234328251032876089e+01
2.132052633073503678e+00 1.212265868956136750e+01
4.488830572932386853e-01 1.275147449749401041e+01
1.371593234249459003e+00 1.238227886619590024e+01
8.832424282807803673e-01 1.212725320934726625e+01
2.022450873607387400e+00 1.191076118587589150e+01
1.733302734077498464e+00 1.264842890361187067e+01
1.095845788290770173e+00 1.248998400797096053e+01
6.915938229770404178e-01 1.193598001924870822e+01
1.407267678317277060e+00 1.206749736672543172e+01
4.442207512049811680e-01 1.233337228166208455e+01
4.940761396063774735e-01 1.267869638719752956e+01
7.791310788737769721e-01 1.235053106051274341e+01
5.635602514325576129e-01 1.249262794016794587e+01
6.297354140307436232e-01 1.167450384102241756e+01
1.366297705179526645e+00 1.161967284808184964e+01
5.709186145729390205e-01 1.207348919355914418e+01
3.166957283267395895e-01 1.333333345531972114e+01
5.930858891597916571e-01 1.180651773820083505e+01
1.787048588184508624e+00 1.195666170582532040e+01
1.861638115193945620e+00 1.209893177529071373e+01
6.645770090705177546e-01 1.215723503594880839e+01
8.173774674849878519e-01 1.242663390133792767e+01
1.149098733878297640e+00 1.192760119883339343e+01
1.726050712714685353e+00 1.196011985603491823e+01
9.822428087452946821e-01 1.182185831079654470e+01
1.099463733572058954e+00 1.225504463511129671e+01
4.864507696550826044e-01 1.246698583022038420e+01
2.120899880718716712e+00 1.173684550862316733e+01
2.143894783731054243e+00 1.163616634521261517e+01
2.019816425644244795e+00 1.250568566439818419e+01
1.458525552290014904e+00 1.253236791237014636e+01
8.780051614382794467e-01 1.212158989623620187e+01
3.010438692984405140e-01 1.351782177663364948e+01
1.516343388470844156e+00 1.171578128877047043e+01
1.500716971969927371e+00 1.186279395695500760e+01
8.309515423317077598e-01 1.234427049886271632e+01
3.480918798570540873e-01 1.295037555207121471e+01
1.513216671861601803e+00 1.209079372879390135e+01
1.918675390624066335e+00 1.232520036186645918e+01
7.769017079471985943e-01 1.191363233397542309e+01
6.374528776652984563e-01 1.172113924572046173e+01
7.269988014387865904e-01 1.214251398758404221e+01
1.034987655091295977e+00 1.204388496541111486e+01
1.809916838730925681e+00 1.275953878026798627e+01
1.399803435953526298e+00 1.176745953357565178e+01
1.645360508417891277e+00 1.228511571173271477e+01
1.650441627574821712e+00 1.130643086826414745e+01
1.283255680576120827e+00 1.146859248793910524e+01
7.031416094368014846e-01 1.224390563939786780e+01
5.395109858435735983e-01 1.213253022643888812e+01
4.979977943518220651e-01 1.224187108505931754e+01
2.170618215914950966e+00 1.234975632703005033e+01
1.717059566762952461e+00 1.255943486270949094e+01
1.641655774825583780e+00 1.264388510251408881e+01
1.453814225597173992e+00 1.259751802716211699e+01
1.964498850160732557e+00 1.143722743578449297e+01
1.975968049114005476e+00 1.141949979883999156e+01
1.445577609451421441e+00 1.261983379082352386e+01
7.611769245182700150e-01 1.235069068501361933e+01
3.509507235750935483e-01 1.295585622967187511e+01
5.577177492952636317e-01 1.235274402215651257e+01
6.205017720435666018e-01 1.223167779426000124e+01
1.397352031887529655e+00 1.188173596607273730e+01
4.290685493840972198e-01 1.282821095800907329e+01
6.324343629634940900e-01 1.268215923851051841e+01
1.532075914571622066e+00 1.238984596509187064e+01
2.154858704909583977e+00 1.230110376791263427e+01
3.802699508933457540e-01 1.294781146599370913e+01
1.804799136296630024e+00 1.211219353286196743e+01
1.214532409899516718e+00 1.151771666645437442e+01
1.182594768951488406e+00 1.151446565601759175e+01
1.098770201522111023e+00 1.249590843123766781e+01
2.181571315745360895e+00 1.161624795007458211e+01
1.278649094966297417e+00 1.233337873808508434e+01
5.993264404157272462e-01 1.248797100317433539e+01
7.042382547717347396e-01 1.204523200719308385e+01
1.689542331669016573e+00 1.139306631463970376e+01
1.407484709267355250e+00 1.201448285138241268e+01
1.278907569563764834e+00 1.250132208331682548e+01
1.638243050684843327e+00 1.158098672930055351e+01
1.274092520853258081e+00 1.158647225727238173e+01
1.300731967346929530e+00 1.239236417479219199e+01
7.046975572347090599e-01 1.228012062813423988e+01
8.009563111570815463e-01 1.195376113584000421e+01
1.024521141176692574e+00 1.200057402323470512e+01
7.415109949127575151e-01 1.197996609392581746e+01
3.861013655422628199e-01 1.292076391448461159e+01
6.748043953473434886e-01 1.242445308067003040e+01
1.430475760493906012e+00 1.217791600324891554e+01
1.022205541286379749e+00 1.225584023436171854e+01
2.080582447334861751e+00 1.187458984884006696e+01
6.413878544741719034e-01 1.219647185520482324e+01
9.735008573340894200e-01 1.184082757453972512e+01
8.022426315424511234e-01 1.207278782235649395e+01
1.207758897183304203e+00 1.265722240305701440e+01
2.066321822746397086e+00 1.257823095749949793e+01
1.840910054761352832e+00 1.253740582706030970e+01
7.306883278390646774e-01 1.243867415083158967e+01
8.920226819492269588e-01 1.236849264424147599e+01
2.159568845828086392e+00 1.243292811775403273e+01
8.619254766340156415e-01 1.242593459664595734e+01
1.869746518365567267e+00 1.177124330357680115e+01
6.191889127654858216e-01 1.207047157157209050e+01
6.886212810232102965e-01 1.272828698993332175e+01
1.897377794146954733e+00 1.223139665101190410e+01
1.182591504616098854e+00 1.194352666487656478e+01
2.002888412748151215e+00 1.246583133271482247e+01
5.011121553513782079e-01 1.202441014941582509e+01
1.632521769077324381e+00 1.262523813127134176e+01
2.109452778333703815e+00 1.249614206470320177e+01
6.606098673864845283e-01 1.202267873834206569e+01
1.613011200878526230e+00 1.193993136457905102e+01
1.722763818078253628e+00 1.144368176844391449e+01
9.370339391167515908e-01 1.155847243570504901e+01
7.748991631429696936e-01 1.254765561700394905e+01
2.059209864073473284e+00 1.135274529237084629e+01
1.472777985887635532e+00 1.253304761944034595e+01
1.928474328340948452e+00 1.199399348682493915e+01
1.321562283355661505e+00 1.224326417969029457e+01
4.508036135604127081e-01 1.213556401776622984e+01
1.553040281003356782e+00 1.190431839061190189e+01
5.335668443239451886e-01 1.267058938490906961e+01
1.446925448074935616e+00 1.216150449429421165e+01
8.362743460585732036e-01 1.164998630583461647e+01
1.346246121087736336e+00 1.187356123288163978e+01
3.652190251499038420e-01 1.317115268596065292e+01
6.897701762490531241e-01 1.200594765229466887e+01
1.860901759219906415e+00 1.208553325529590161e+01
3.959502292799479961e-01 1.305929132587800012e+01
2.116600689037530625e+00 1.257051749163180432e+01
1.645659455215188638e+00 1.213189323425122090e+01
1.403243741585640914e+00 1.221024037645948113e+01
1.406542165998590388e+00 1.236248747669914572e+01
1.256190662857685325e+00 1.241529463763480834e+01
7.842469442405234359e-01 1.206503850811511924e+01
1.773716161710458428e+00 1.154667538053490894e+01
1.232171464233808855e+00 1.193510991905012375e+01
2.116146659890824733e+00 1.256803265208599818e+01
9.892910157669795312e-01 1.248732461903509261e+01
4.625318415842786246e-01 1.242316671853674492e+01
7.851773019194091541e-01 1.205325855616361430e+01
7.077489099524407745e-01 1.208560100275707150e+01
6.957122100563548628e-01 1.194411001137946648e+01
1.541257110533123642e+00 1.188711323388230490e+01
8.540672007770682139e-01 1.204207271221572029e+01
9.684474379101128960e-01 1.166664558268623431e+01
7.749477601197792831e-01 1.156610951687378197e+01
1.910361738728318937e+00 1.124888586342539121e+01
2.058129479521899174e+00 1.086952451800055641e+01
1.445541590147780164e+00 1.158990852250915893e+01
1.000900559447072125e+00 1.181318830098028272e+01
1.881729790793799095e+00 1.185820598399339509e+01
2.048118717004538958e+00 1.168346840850094814e+01
1.844492049511526233e+00 1.217978437964767835e+01
1.712753661646893022e+00 1.249412227135794673e+01
1.547859259151294076e+00 1.191793195820418916e+01
3.597656329644737805e-01 1.320790840018622525e+01
9.843059701926406557e-01 1.217368119811051841e+01
4.960306960507027685e-01 1.250898623860353531e+01
2.310886921745087808e+00 1.144858999088929963e+01
2.109573867191544938e+00 1.226474696724080715e+01
4.126417531725102283e-01 1.283470598870850132e+01
1.631258369456898061e+00 1.181086975111033688e+01
1.030785669432075613e+00 1.174336038522976189e+01
2.653795982825338795e-01 1.382811533374544943e+01
1.448122805933708346e+00 1.185124205186598978e+01
2.095003864953385087e+00 1.210496809403405116e+01
1.544502542448806359e+00 1.180438757379853421e+01
1.692076446041160587e+00 1.112909319778715478e+01
3.594433060805499736e-01 1.264975047313167522e+01
5.352890803085944560e-01 1.208473151997296569e+01
1.866706451069330086e+00 1.108187899091863571e+01
1.496524365532053258e+00 1.143710298336709563e+01
1.938240680122625292e+00 1.191024936158997782e+01
1.812485569649324502e+00 1.234037221104739501e+01
7.702313246038863248e-01 1.189585917477209165e+01
1.567732331739005280e+00 1.193716493322813577e+01
1.122142639957689925e+00 1.238633032178092996e+01
1.266379258872052826e+00 1.237738981421620288e+01
1.972431552653904907e+00 1.173771138179685636e+01
1.045642071800236383e+00 1.187474097468288114e+01
2.029364490201765125e+00 1.253618835686559763e+01
4.613589738578193211e-01 1.308281442606073419e+01
1.363643976081941878e+00 1.189650717436730076e+01
6.651310620705791488e-01 1.172784057543839253e+01
1.809618606293007748e+00 1.165928177100986218e+01
5.760253322705627399e-01 1.187264779548093152e+01
7.348109708901019443e-01 1.256627099429837280e+01
7.145926816218749478e-01 1.252659974997973968e+01
1.540334800358021061e+00 1.194150822256322719e+01
2.086072379347159611e+00 1.216664933519443004e+01
2.188949137730214378e+00 1.170753279638319810e+01
1.194654582328002590e+00 1.256583074701301683e+01
5.200118955526857878e-01 1.274014932679640566e+01
8.040679268746657726e-01 1.211011384440913119e+01
6.229604785517988130e-01 1.217584413347804961e+01
1.081826518953692418e+00 1.171639388168894946e+01
1.188914948031880359e+00 1.219639463915395261e+01
6.437470071628225154e-01 1.230466914873345807e+01
1.366322630573686858e+00 1.233011808296373957e+01
2.055630738526851076e+00 1.145269312822202146e+01
1.637774512121242365e+00 1.198017757769328817e+01
2.126419730025436383e+00 1.196394459576400315e+01
2.100047639527591326e+00 1.130257416123799352e+01
8.855349177711888675e-01 1.211178807462770024e+01
4.639571413385734089e-01 1.246601540899217575e+01
1.687007196646243656e+00 1.239019419631013186e+01
3.668016914503313131e-01 1.287967762209137668e+01
9.259360503125030339e-01 1.196658513224109477e+01
1.842158150793941074e+00 1.166856360175182061e+01
7.182094412682266116e-01 1.241914804199021027e+01
1.614799443960319492e+00 1.193480103653773838e+01
4.128757658077379933e-01 1.243687943276992769e+01
4.820829368181662189e-01 1.295090120942696998e+01
1.839874806041670086e+00 1.244117106553677310e+01
1.579401853808300560e+00 1.227192338477815525e+01
1.620514848473621150e+00 1.195808456241772433e+01
9.725126132384798172e-01 1.232012759466417329e+01
3.880970651575850749e-01 1.297307386570854959e+01
1.148137095440684652e+00 1.240547763380552837e+01
1.486926786916943799e+00 1.269455749532189159e+01
1.404336391196728817e+00 1.206013777043390078e+01
1.666842340819361112e+00 1.209058830794630168e+01
3.679892312194693593e-01 1.284195006853412302e+01
3.859868562625319299e-01 1.271093909214020634e+01
1.372624025434631134e+00 1.213266276914484187e+01
1.028128479813847918e+00 1.215303058087132726e+01
7.277037920932104553e-01 1.220263681922252808e+01
1.875878055376601461e+00 1.205546992354593705e+01
1.494306745308771500e+00 1.204103059100265227e+01
8.415271595996709486e-01 1.240561492702150659e+01
5.678847016504807721e-01 1.198032198066506915e+01
5.648974372197788085e-01 1.245011220056517764e+01
7.864489638318660214e-01 1.194553531610398345e+01
1.989729685526650194e+00 1.181913790473405257e+01
4.638112699107760917e-01 1.225319278066326945e+01
4.653825539478720907e-01 1.196378863844114093e+01
4.570111337377263383e-01 1.245319474409059168e+01
1.265304984492179319e+00 1.204131817086194012e+01
3.212325797837846664e-01 1.336045120472691217e+01
1.112548509590172596e+00 1.146538431838774130e+01
1.971218407699424358e+00 1.200539999149202153e+01
3.477780555556440056e-01 1.272498450668432568e+01
3.204053718628001590e-01 1.312934488836805969e+01
9.932088560663174803e-01 1.178587182278411483e+01
1.401751772807637630e+00 1.193000676678890315e+01
2.132375241677192168e+00 1.135326223269290935e+01
6.469401985758609364e-01 1.222843410425632804e+01
2.017448973063231232e+00 1.219437097659410263e+01
3.901761638747047178e-01 1.316046183759421773e+01
9.110828764913673217e-01 1.203160010632196908e+01
1.681876216704989213e+00 1.219348527572173424e+01
6.797505251256954484e-01 1.201567072313691575e+01
6.739031507058321768e-01 1.236452941449942777e+01
1.599756913880482800e+00 1.197121436147377516e+01
2.088599994528765880e+00 1.179297911359650008e+01
1.711428258399820157e+00 1.256687381918369795e+01
8.368094571784852054e-01 1.236538878596953772e+01
4.275297884931547610e-01 1.225376626801120494e+01
5.226292697401838661e-01 1.292222995935323127e+01
1.607952060461163235e+00 1.261261618085924496e+01
2.038829670879078293e+00 1.110973129211611266e+01
7.631724991724748719e-01 1.220051501163551855e+01
1.022190857023613564e+00 1.224549974958231680e+01
1.266733390056807185e+00 1.224643963515972445e+01
1.047272141431778714e+00 1.207335371793643830e+01
2.014449801540339813e+00 1.231434785014085875e+01
1.222920630635029760e+00 1.233216403502337144e+01
1.529023294498615959e+00 1.205969333636132745e+01
1.396950844425045357e+00 1.203450291247991366e+01
4.691640618147094322e-01 1.266298680419003198e+01
7.477822788281903721e-01 1.225857378399211051e+01
2.055645624110300940e+00 1.164355210198839252e+01
2.047846268515362667e+00 1.083610321046818292e+01
1.659737932915583691e+00 1.165194511660185128e+01
1.707898606805420716e+00 1.155333685507615726e+01
5.710635195994107072e-01 1.237466313267957219e+01
1.213618000407642672e+00 1.248001198206971196e+01
7.173525172119326054e-01 1.221584784214185326e+01
8.978271160219468694e-01 1.186519216293948631e+01
2.508987352692851891e-01 1.407724916699632978e+01
1.680620852648187391e+00 1.195793992450615129e+01
7.322383868450662581e-01 1.212712543428002121e+01
5.768789115206376383e-01 1.224655282012521518e+01
1.144626468826183574e+00 1.234429792138050352e+01
1.730671146702080776e+00 1.194105745679441100e+01
1.303182652590148871e+00 1.193391500588073662e+01
8.461581086528902063e-01 1.211724717579226329e+01
4.358159825097935314e-01 1.251495062718711360e+01
5.455994507554768891e-01 1.208638663320318507e+01
1.909463403655768055e+00 1.184222364537918892e+01
5.318708371334560647e-01 1.190164485815112982e+01
4.987326210113998126e-01 1.248601700383740010e+01
9.993961081543741853e-01 1.227703742968386891e+01
1.927162838369412601e+00 1.240083232726924400e+01
1.973789430530908495e+00 1.202531119098125423e+01
1.219598885910546882e+00 1.243885428321951281e+01
1.469828609337394232e+00 1.234874174927104740e+01
7.921394363928710991e-01 1.223510121761589353e+01
1.697738870350050222e+00 1.241849798562647145e+01
1.769848603256494846e+00 1.240642365446636042e+01
1.837412766609806569e+00 1.174448197451441978e+01
1.368966647835162087e+00 1.239719213986451507e+01
1.006267601124642752e+00 1.223619551419823814e+01
3.570169162623126335e-01 1.320388481801082925e+01
8.116487220914457845e-01 1.151691219510766651e+01
1.996397122165258997e+00 1.207450922561435647e+01
4.847586261363778792e-01 1.222279387877613566e+01
9.478354418851472341e-01 1.193822767860583944e+01
2.060801643403342709e+00 1.228643273316548878e+01
6.900118832406192393e-01 1.203643279114598208e+01
9.518008305985751205e-01 1.234634086005997311e+01
1.511467478350648763e+00 1.192137176262149367e+01
1.782149460619886217e+00 1.232830932034832649e+01
1.579873620861973915e+00 1.230795598409898339e+01
3.980934170886043511e-01 1.303317484078054633e+01
7.521061418017963573e-01 1.209183657069596052e+01
3.898326404783040711e-01 1.284544066151045705e+01
1.943444432036552039e+00 1.150937366941957229e+01
5.225666705290660241e-01 1.243319106568923971e+01
2.008344950284818520e+00 1.158729779115948055e+01
9.175406653277146107e-01 1.205934690548027000e+01
6.756860890438078915e-01 1.212765639112614302e+01
4.375797485629865924e-01 1.260704934336034277e+01
1.567741623383656746e+00 1.204553894590290319e+01
1.751532083422359776e+00 1.156662263190141360e+01
1.472723494905616937e+00 1.255138195779790955e+01
9.720036319862880303e-01 1.245215151784276308e+01
1.129316517031302203e+00 1.185608138884999718e+01
1.158105221595024492e+00 1.239934452120508368e+01
1.967369743555571482e+00 1.244588092343194852e+01
4.920197799879686418e-01 1.214356361822644459e+01
9.540284651685486672e-01 1.194460536198759293e+01
1.227699478256254251e+00 1.188376723977237504e+01
1.923236476875582746e+00 1.170550169240857485e+01
9.598870661572508345e-01 1.208551824848883527e+01
4.483783130410326501e-01 1.217222107433466860e+01
6.910436473163511506e-01 1.199025815886678181e+01
4.635563073372348519e-01 1.243424734635770790e+01
1.918186718581083028e+00 1.225122207305997435e+01
9.508792231649835225e-01 1.237201132373325940e+01
1.312733685083617319e+00 1.227908049616777575e+01
1.680368529058236637e+00 1.216403114832579391e+01
1.149264005301213531e+00 1.205512619083510906e+01
2.121735707077035293e+00 1.215708690530284031e+01
8.811613844021056741e-01 1.205631615117075661e+01
7.654053657087003248e-01 1.206427598094720643e+01
1.898183210994822012e+00 1.251099677000011745e+01
2.024332877884647885e+00 1.195879366353963924e+01
4.689484805235818454e-01 1.254182698731756496e+01
4.304366807271482465e-01 1.280240395921251917e+01
1.149102322529875098e+00 1.152231169933102706e+01
1.769104490505290395e+00 1.111562332702646216e+01
1.771817808691911633e+00 1.197820338037088206e+01
6.507504418966393311e-01 1.181598895770976476e+01
8.486090438203430786e-01 1.166143375178220865e+01
9.616950028506212611e-01 1.167150160406871073e+01
1.981170111147567026e+00 1.236265951632485738e+01
1.028857743941062886e+00 1.233497619781361720e+01
1.209049834720333116e+00 1.242467168316561299e+01
6.689451439770139896e-01 1.215069310156581928e+01
1.052677234907204440e+00 1.184759068552316386e+01
6.071196114072762162e-01 1.229655909383732748e+01
1.194262276545728252e+00 1.207120951574884593e+01
1.938876915751995389e+00 1.215027407031082518e+01
1.007139348205521534e+00 1.219041116918894652e+01
1.760477800546370819e+00 1.224820236157275488e+01
1.719814623294400713e+00 1.200803994797048624e+01
3.322105431333400305e-01 1.328866796462913591e+01
1.574842699727988737e+00 1.180199423077509557e+01
3.565825935930207469e-01 1.267543586393845700e+01
1.540546877010574578e+00 1.219365753451742407e+01
1.524806076166970392e+00 1.172765956951601929e+01
1.841988142968981501e+00 1.240989155532169796e+01
2.103476446105952746e+00 1.115393626890413081e+01
1.020450466438184600e+00 1.196953614646698405e+01
3.801243816139052156e-01 1.282864470548293845e+01
1.164639952785217591e+00 1.252857277692452698e+01
1.476402406003931134e+00 1.194518529456364675e+01
1.088137863785860526e+00 1.186398533306698511e+01
1.199283308515196156e+00 1.205205039355213970e+01
1.977836236632702471e+00 1.234322333210342038e+01
5.259124118173739149e-01 1.276773729843851335e+01
5.664904133842108003e-01 1.268851344714536822e+01
1.668201680273871723e+00 1.221392568970267511e+01
1.747188847012564050e+00 1.222698782794258854e+01
5.907679881106222552e-01 1.260347865040171911e+01
1.018185182483967832e+00 1.223672513560123498e+01
7.247962457581049733e-01 1.166205934385947351e+01
7.497474625476145960e-01 1.158266103949487658e+01
4.192725158771767324e-01 1.249407801946483509e+01
4.721249072401951796e-01 1.278561747457164266e+01
1.775747799189024478e+00 1.241944897244600554e+01
1.039573536667191656e+00 1.186652207555819238e+01
1.680408687277104907e+00 1.147837826928621929e+01
1.426790158847160983e+00 1.164146224107657801e+01
3.797377157971962847e-01 1.295581699932764508e+01
8.025404269324669659e-01 1.204742608932422065e+01
1.339097266571057876e+00 1.217156001711811442e+01
2.060298789901998440e+00 1.194922466925032012e+01
1.239067099554244988e+00 1.150913848702791675e+01
1.139838128812703077e+00 1.152502362325495966e+01
1.498128176175595128e+00 1.152110619552425597e+01
1.290631920992016290e+00 1.162078094729896094e+01
1.575589146800780771e+00 1.245939049305525614e+01
1.259366017465139542e+00 1.241176861435459422e+01
2.167292381466133122e+00 1.222200069983123072e+01
1.902704854036758819e+00 1.232346322411942552e+01
1.068742891472329370e+00 1.201671680036905698e+01
1.434430010030214087e+00 1.228816779259243219e+01
5.542445057723421886e-01 1.219198637702222499e+01
1.041597257164996959e+00 1.210328713809402501e+01
9.449040125906048582e-01 1.210485208454667116e+01
4.662561595916174251e-01 1.283848070682872766e+01
1.092664567188550873e+00 1.186013713235299250e+01
1.200030708705822624e+00 1.191790000918824077e+01
4.849708378348485671e-01 1.219389985002388066e+01
7.099522217397711277e-01 1.185704202435860921e+01
1.798592530731524697e+00 1.275225304574950336e+01
2.059963387954684144e+00 1.254564703649197277e+01
1.600840908599967305e+00 1.251098971723226683e+01
1.520586850316235195e+00 1.248306158383205933e+01
7.209655063355057125e-01 1.199955737308767212e+01
1.588563130207603979e+00 1.202738438746571603e+01
1.397985359500004465e+00 1.248256825487196231e+01
7.025931069881369284e-01 1.183323935480554567e+01
1.433624013852234036e+00 1.229110774055527955e+01
4.233697265453146841e-01 1.292981587961560841e+01
1.238724209677676713e+00 1.190805848038635872e+01
5.802817257885106716e-01 1.184845409986982290e+01
6.939965785957493694e-01 1.232769403731271396e+01
1.151266682716838741e+00 1.213760843927926381e+01
1.902680940429724243e+00 1.264440298141174424e+01
1.803841342755690080e+00 1.260226951525030969e+01
6.952569610655098264e-01 1.218499509785454293e+01
1.353165784869039712e+00 1.220943020574668481e+01
2.021998964769473606e+00 1.128711709396176666e+01
1.858540001492799298e+00 1.151782656699158203e+01
2.019817831510323014e+00 1.113315965187496914e+01
7.116963351217242550e-01 1.168675758479957416e+01
4.014527762854322446e-01 1.315119650122882788e+01
1.554382656157312859e+00 1.228705850861694238e+01
6.104247206460597930e-01 1.205892979152119793e+01
8.063023832102731436e-01 1.237377574794397539e+01
5.864576278422835021e-01 1.251660419198958429e+01
1.517580345036482647e+00 1.178371062163380856e+01
5.347187981789502942e-01 1.209683225043402111e+01
1.897489127941332621e+00 1.245880157917843256e+01
4.097817515197373917e-01 1.293980086847873956e+01
1.906990573884158380e+00 1.227043135544916197e+01
1.011743960776285256e+00 1.215121680893998324e+01
1.867922005810095376e+00 1.160654585646477344e+01
1.642849140271008590e+00 1.183959649974753603e+01
1.307337994461586383e+00 1.246376816448736236e+01
1.873397909603826017e+00 1.251728367063129355e+01
1.004855332123852252e+00 1.205777503095530179e+01
6.852737355674926034e-01 1.197910137103151129e+01
9.049735067507352904e-01 1.201956725474199494e+01
1.429556777086223196e+00 1.263186496487912258e+01
1.665056200301893607e+00 1.242819829550285426e+01
1.426809253483158457e+00 1.185809958220583660e+01
1.398332642147884330e+00 1.238358762692196002e+01
1.290385443951203692e+00 1.253711811490114592e+01
1.889258688305759604e+00 1.175169559580757728e+01
1.834520372077841133e+00 1.180639963036966478e+01
2.127059293274471408e+00 1.219782454350147383e+01
5.965285969887236250e-01 1.208867974463066020e+01
1.748358280937666320e+00 1.184759233193531713e+01
1.988978966139770099e+00 1.221564237600114033e+01
3.472020264465341954e-01 1.308148873119128197e+01
1.852593307301007242e+00 1.191760445873197938e+01
2.031049243991902120e+00 1.265028934653003923e+01
8.079750013391658880e-01 1.233391023867254788e+01
1.924089145147134916e+00 1.235494899499833110e+01
8.276253758409858330e-01 1.222041159265402932e+01
1.179691306333478407e+00 1.217580702086359423e+01
7.481214146172574520e-01 1.220596990341412358e+01
1.014071670872038311e+00 1.244330783590462985e+01
2.047664784313089736e+00 1.192215821113339835e+01
9.721903274112956295e-01 1.169615757962451141e+01
1.664217376887468181e+00 1.270185752770096244e+01
1.717881808336423788e+00 1.158982916532045948e+01
1.299918997586010594e+00 1.192066676439508477e+01
8.609009966527603197e-01 1.234701113446112686e+01
1.160528700712863737e+00 1.227890125047163394e+01
1.499280517164768067e+00 1.212603952365515525e+01
2.721613157887070589e-01 1.328002613466671633e+01
2.164584361268622192e+00 1.279841451347263970e+01
2.055228305046561843e+00 1.238134626140337957e+01
1.478432412941482976e+00 1.199721698370570344e+01
1.214462194931793304e+00 1.207201198346342430e+01
3.080727852202767569e-01 1.348196546611449698e+01
1.207164073709825258e+00 1.131479549985082755e+01
1.012173479160428657e+00 1.134783078488434604e+01
1.920887390056301935e+00 1.197574401087465645e+01
1.963598250930702838e+00 1.138631207325076211e+01
1.390814558266811662e+00 1.222291531928759234e+01
4.105386377094021877e-01 1.280533358661663534e+01
1.777297256958061622e+00 1.186538944331802270e+01
9.230836479117808802e-01 1.213861134046118018e+01
9.032385035580179355e-01 1.233837870616314270e+01
1.133167192669783940e+00 1.235059830255385904e+01
1.597567482857503718e+00 1.232237556690911084e+01
1.018745149485998480e+00 1.207763159946799725e+01
2.039141110048979133e+00 1.219103288668255303e+01
1.949544462587893046e+00 1.189152888995379165e+01
1.781030914612027116e+00 1.210697391963939396e+01
9.722968011604300465e-01 1.243817115198604384e+01
8.685047202732518734e-01 1.229477989860747655e+01
4.692330543882629601e-01 1.202944359590413725e+01
1.311434149816595118e+00 1.235866419950627026e+01
1.078732704080950455e+00 1.199674102251053576e+01
3.619900065824315782e-01 1.308571839839177819e+01
9.894618337343668024e-01 1.191897113695044830e+01
1.868840115508023425e+00 1.189567165335813925e+01
4.517071479825208735e-01 1.257334001578505678e+01
2.156713748614961013e+00 1.186058657749020639e+01
8.938840643491208215e-01 1.219936838768243703e+01
1.955299465258177438e+00 1.270209629413451324e+01
2.029740474495658198e+00 1.270035567802414533e+01
7.832004652470213601e-01 1.204841858474673622e+01
6.059040685895719092e-01 1.215890625619469390e+01
2.041901424707083912e+00 1.104835185689885790e+01
3.147094723412867112e-01 1.305383670586358669e+01
3.184722016934318223e-01 1.308684684826685896e+01
1.775012045026636009e+00 1.163595901530975674e+01
1.132235790225276428e+00 1.148464936448457685e+01
3.071648296385129928e-01 1.316373401045206037e+01
2.039917453787053692e+00 1.155701260028678767e+01
1.911924343108770463e+00 1.206169007773826429e+01
2.069452281340079303e+00 1.283780955388421496e+01
2.867913959446915517e-01 1.342807905287068415e+01
1.971878998891561707e+00 1.136665468445503890e+01
3.187477528061771204e-01 1.299813706012115766e+01
1.253192575207941806e+00 1.193517637165228074e+01
2.058487229451998690e+00 1.198624172560715628e+01
1.776621564552017141e+00 1.245359740302385987e+01
2.907362059424042910e-01 1.345544603050679200e+01
1.022980995032086060e+00 1.227208669428111776e+01
4.803726202761292585e-01 1.248307710099185108e+01
1.662284047918506591e+00 1.241032693077801419e+01
1.961249305104689533e+00 1.210380067373942126e+01
1.841004036514122477e+00 1.164658480170268717e+01
1.020702724227587677e+00 1.196003590984805065e+01
5.324743581254935965e-01 1.288980449174501963e+01
1.308123751690626779e+00 1.195915872767277044e+01
1.598965996897578679e+00 1.183987439242126172e+01
7.688143187408216228e-01 1.154082868159395225e+01
1.728708083026441411e+00 1.146966867000203294e+01
6.031226589298163132e-01 1.244807107815607949e+01
1.963340266465153139e+00 1.123123325168255526e+01
1.727510128450531424e+00 1.197077071502173595e+01
5.642103915752727517e-01 1.178004947669912283e+01
1.899790991222507053e+00 1.168177309983181011e+01
4.166230620188916545e-01 1.304196292136959556e+01
1.715997542668413312e+00 1.238535753233286130e+01
1.606734885966718318e+00 1.211464599548864562e+01
1.537068939114951460e+00 1.259710152079929379e+01
7.227013276922548135e-01 1.227332012696923691e+01
1.918945973603709332e+00 1.132026463090359059e+01
1.874957282080670140e+00 1.273823635003339305e+01
1.336251911158500061e+00 1.251357963221312986e+01
9.348469538965841208e-01 1.230436505590227192e+01
1.477631880669852960e+00 1.169304780154685730e+01
3.371740836047608103e-01 1.278466240562989142e+01
3.162826161759914045e-01 1.318076092909880259e+01
1.967172984122268042e+00 1.192618821493831405e+01
1.806976361486887450e+00 1.178969637176967211e+01
1.091496869173245621e+00 1.153342574892306871e+01
1.621758539033157476e+00 1.249009153985731579e+01
1.981687345976836490e+00 1.254811623012470712e+01
7.779217197635848180e-01 1.239821783796813115e+01
8.151132404067052972e-01 1.238958209565418933e+01
6.471862584500122084e-01 1.195959222707574732e+01
9.498331035206766249e-01 1.199620366115879300e+01
1.769206571598306299e+00 1.166426868352772672e+01
1.837345520821974221e+00 1.163769806040201260e+01
3.658898324735899155e-01 1.297751448059570478e+01
4.970125136227214191e-01 1.204353521774906888e+01
1.162041663300950933e+00 1.247689831131593863e+01
1.224694368952441215e+00 1.164830830970044495e+01
2.927046405390093531e-01 1.350503514927507887e+01
4.315669436684838600e-01 1.276188508451311776e+01
6.010224180111625181e-01 1.195667105259585661e+01
5.203503155735623720e-01 1.206640373860501292e+01
5.054666757958518053e-01 1.183954443227204756e+01
7.310689776088096226e-01 1.211598491567939995e+01
8.964974171577247963e-01 1.209341827038502259e+01
2.017551520745324289e+00 1.238396321602816386e+01
2.197434988993276939e+00 1.183456964878837958e+01
1.486337730971588833e+00 1.239098580064537458e+01
1.255376694800947934e+00 1.208982147588124256e+01
2.112165170785514690e+00 1.249570047515362248e+01
9.314001143593260146e-01 1.173344430650087311e+01
1.795228161921901266e+00 1.171071864812903485e+01
1.739003470363589265e+00 1.173274359249002963e+01
3.561414037192912607e-01 1.288386791082161054e+01
2.002932253824335262e+00 1.242484097884278960e+01
5.797451917000752131e-01 1.216430662213638847e+01
4.327204051052831457e-01 1.257483263656319394e+01
1.354201904431091563e+00 1.259371691015354422e+01
1.074464331916316739e+00 1.188338107229858842e+01
1.064288453395027867e+00 1.145562510247266630e+01
4.647447614993653331e-01 1.218238525787200821e+01
1.930737348730688918e+00 1.206839889122519871e+01
9.213873212912204735e-01 1.240044594979046622e+01
1.436352135285291931e+00 1.205970011120411378e+01
1.436026500678308393e+00 1.205976646308689126e+01
2.040161518934048956e+00 1.064375324924304600e+01
1.685449359201891761e+00 1.228556489154224529e+01
3.485794295471954518e-01 1.324124483107938843e+01
2.178958719699589430e+00 1.159197633113142345e+01
3.984924919055515824e-01 1.288855365202468661e+01
1.982944365024962963e+00 1.129767868691659238e+01
8.581477085783729697e-01 1.217311984920154266e+01
1.109659438923028985e+00 1.214345732072135853e+01
1.694137062602326660e+00 1.151856793436818549e+01
1.921414778192595207e+00 1.159982618654174047e+01
9.599244791856391679e-01 1.202855943798190275e+01
2.044386532461984984e+00 1.085240852475213735e+01
5.668667915471751195e-01 1.188841197233470304e+01
8.252628506904176042e-01 1.218075830832484030e+01
8.370114078878796438e-01 1.218268510132407556e+01
1.934380863821414831e+00 1.252420123905483784e+01
1.678547592601577598e+00 1.244004129343788811e+01
8.878053476481009287e-01 1.210258931194142740e+01
1.757743800806813805e+00 1.178947506977821291e+01
1.540874011144627298e+00 1.231362964131786519e+01
1.808952061864054217e+00 1.207669690531448481e+01
4.489073942873748613e-01 1.260357100157826160e+01
1.465297361234748186e+00 1.196030952286621307e+01
3.271840108401829483e-01 1.300382029342515899e+01
3.438280320646582844e-01 1.280005354814222329e+01
1.324210290816401736e+00 1.180467512555825316e+01
8.522574786485519471e-01 1.231858191893507204e+01
1.830053496809492142e+00 1.165499915429395195e+01
1.337854455680457466e+00 1.209476231083949038e+01
1.328963692215947789e+00 1.182441622682289939e+01
1.519585413886026748e+00 1.174538482555848695e+01
9.030156924274846952e-01 1.206515856797861197e+01
1.475739932835141488e+00 1.223843227192638849e+01
8.152710272992250706e-01 1.179936829769142292e+01
4.676714980791777387e-01 1.209783156656603254e+01
4.782482969925719862e-01 1.206683138435323421e+01
2.231933980160947684e+00 1.244973200182395523e+01
1.559495873388879961e+00 1.269498460129796591e+01
2.068885554043288888e+00 1.269702119138776553e+01
1.045431358503229990e+00 1.170779707394856217e+01
7.842681867153092901e-01 1.165561202689276499e+01
1.453679342329656343e+00 1.234514603791669707e+01
4.343291248907042434e-01 1.235560118383986605e+01
1.436437813140651221e+00 1.227369902927319956e+01
1.727157787360306340e+00 1.234508612936038219e+01
8.866052118358471734e-01 1.228744603862138085e+01
8.959835279494432481e-01 1.228411149390201729e+01
6.162074727955104692e-01 1.174333502130744122e+01
4.964164060299767756e-01 1.270648889896130385e+01
9.759313630277615115e-01 1.242649605912333044e+01
5.999325662469034981e-01 1.224315217040911996e+01
1.261506454098545227e+00 1.235938076434085886e+01
9.892715547245989338e-01 1.194927955107575279e+01
9.189872906839822164e-01 1.192383897403570359e+01
2.107758663370787655e+00 1.165436204606436021e+01
5.117249160572936439e-01 1.223422395486342218e+01
1.598304802477261699e+00 1.228268403987207691e+01
1.573618853991491262e+00 1.263654114848365317e+01
9.842201845560943907e-01 1.230539706180641346e+01
2.019089142376466750e+00 1.267873151261215092e+01
1.374717354141111514e+00 1.257193177523112837e+01
5.571379520678946262e-01 1.254104910491714264e+01
1.898784520658328923e+00 1.244858158086011635e+01
1.554642014091060620e+00 1.260482602997247348e+01
1.946530793290931483e+00 1.192458928408125018e+01
1.682831491666890722e+00 1.195056669373758673e+01
1.446931781800739225e+00 1.145530409936154292e+01
1.721735300256981294e+00 1.125732731436417211e+01
1.840262107657442359e+00 1.213900259447865260e+01
3.697575280225069427e-01 1.305363931633312902e+01
9.401528360971727061e-01 1.190675010435213643e+01
1.540155882759029593e+00 1.226727709822689150e+01
8.019967364307210023e-01 1.195546544691904245e+01
7.736857620487743725e-01 1.225101670546568400e+01
8.808564335821483793e-01 1.224493425283658787e+01
1.669590089752471807e+00 1.249496269543714533e+01
1.759851797637531412e+00 1.191568049981149890e+01
6.031236507903043886e-01 1.176366512422312027e+01
9.695940301212399026e-01 1.246937477107515413e+01
4.811385485447003951e-01 1.212768277130611061e+01
4.819160566734390083e-01 1.212545431139056085e+01
1.981803309883594988e+00 1.188378016819580729e+01
1.829697287380798842e+00 1.173135130243223223e+01
7.490412308798291008e-01 1.166495754152586173e+01
4.357652722678417856e-01 1.275864741069961994e+01
2.082354650233055438e+00 1.195398448399088309e+01
2.117774288324704379e+00 1.189747381845064211e+01
1.328010797682144251e+00 1.225110383899955480e+01
8.870001304308555712e-01 1.227234365973161090e+01
6.599483078529564395e-01 1.227502178104073316e+01
5.437478878059928133e-01 1.177623307683336584e+01
4.223764612462653778e-01 1.287778477704757663e+01
1.333406259887955025e+00 1.225956099370097441e+01
2.065913921914400930e+00 1.166481618547933863e+01
1.058518753344332319e+00 1.226322507783052451e+01
5.345911072414578635e-01 1.243151651291691628e+01
1.831193845696740707e+00 1.147739006885061741e+01
8.908325359708633151e-01 1.197966370358317612e+01
1.550595742432987256e+00 1.180416846251389451e+01
1.452820485224104230e+00 1.230134079110736067e+01
1.570399695086395431e+00 1.249729300398966991e+01
1.905887350744050579e+00 1.211258517565062931e+01
5.058616819125424380e-01 1.225653299900874416e+01
1.452636933949360110e+00 1.237516387576225618e+01
2.014528347375690309e+00 1.222471182886302543e+01
2.986924242760644055e-01 1.316380354826489452e+01
1.784571930212668134e+00 1.219825474814539312e+01
2.047075518227945867e+00 1.203115093665299185e+01
4.410675411074535535e-01 1.279758112427134975e+01
5.922789980734882720e-01 1.243841029606705817e+01
1.813953808031604886e+00 1.154033314436784430e+01
1.791683268064867551e+00 1.155333060346217522e+01
3.359408208683675179e-01 1.306002856105667576e+01
1.806955943522441821e+00 1.161387038138075312e+01
2.125654973955511728e+00 1.265371109833046859e+01
5.395096568434982753e-01 1.271039098921747801e+01
2.247362404269112268e+00 1.217283534801367750e+01
6.692812820399858253e-01 1.258449537247840588e+01
1.391807701689757426e+00 1.260727916002558047e+01
1.992049522621839763e+00 1.166380764145570659e+01
1.580665829673988609e+00 1.253767577506176245e+01
6.064906815586393884e-01 1.221992238200815173e+01
1.257460308040403874e+00 1.179062696341104122e+01
7.197042495410221896e-01 1.222945934446576111e+01
4.936709539211169284e-01 1.215750158405554515e+01
1.255064624849914656e+00 1.252787359474290696e+01
3.260697966319744401e-01 1.318536505871242781e+01
9.301239301736186071e-01 1.238382011081354683e+01
1.799896821512125156e+00 1.232157780669133729e+01
1.096080121032260601e+00 1.206497014842013371e+01
1.997104472803407083e+00 1.134894544708948771e+01
2.950603400034164658e-01 1.335416585722309790e+01
1.887427990186657301e+00 1.218891886163180693e+01
1.997660108262360179e+00 1.162536173071143608e+01
1.902563506838264473e+00 1.255200292593927180e+01
1.986207367157142967e+00 1.256714899185076106e+01
2.062150799956426361e+00 1.147050146110700375e+01
5.678979573947086079e-01 1.256006551085410727e+01
1.496145145232029572e+00 1.256636036181235383e+01
1.444668790431126171e+00 1.197804990635706801e+01
1.472242777563657290e+00 1.197780293196986889e+01
5.190240962366357014e-01 1.228191603496551743e+01
6.156373160089945173e-01 1.216683625628886922e+01
9.271906759165041700e-01 1.208409680070842995e+01
3.904910272306787444e-01 1.272417638475757506e+01
1.272830598615222408e+00 1.239004349895262358e+01
1.452047973286532567e+00 1.218912176896769139e+01
1.742683905946999401e+00 1.164017311331577531e+01
1.770107641517933317e+00 1.172600537304586510e+01
7.687757243796298212e-01 1.215121191861968342e+01
1.516822324002117917e+00 1.212142784262857020e+01
7.862132787108966347e-01 1.214610624839971820e+01
5.220966317166018111e-01 1.272719178276214791e+01
1.077840431808768429e+00 1.230123877285758205e+01
4.089343000787344362e-01 1.282847198798729416e+01
1.651485104384068814e+00 1.199441522585846975e+01
2.106604538020619977e+00 1.127992798401366770e+01
1.825380613518678974e+00 1.235554756614014060e+01
7.938628022924886229e-01 1.191088142984163412e+01
1.909383954839439124e+00 1.200084942862742032e+01
2.088148809314436249e+00 1.257643743373590794e+01
1.077478342201830808e+00 1.229062328835100715e+01
1.024000608708026450e+00 1.176579342078185419e+01
5.178544582998653167e-01 1.276535601355111638e+01
4.970168915498484052e-01 1.282348105200578736e+01
1.940132201773465237e+00 1.114614798927372519e+01
1.377127656884132634e+00 1.163667307601772904e+01
1.971330712210668912e+00 1.245219219678206102e+01
8.946249798562115885e-01 1.204308123510816309e+01
7.273161104945264910e-01 1.170952347587948417e+01
1.393611405864374486e+00 1.197189464102491030e+01
1.318637565901994879e+00 1.241795727271593464e+01
6.627303259306397409e-01 1.236763727915179167e+01
1.185849665422484156e+00 1.221978849755991270e+01
1.657797260107858106e+00 1.217651423532849719e+01
9.598519716202117413e-01 1.213208461258602533e+01
1.659406278926405909e+00 1.173506789470642531e+01
2.021935140762409322e+00 1.154946317807827150e+01
5.189659280506798700e-01 1.231699004024524413e+01
1.405035525975746991e+00 1.225308002316756806e+01
1.749885630797203495e+00 1.229038371771344629e+01
1.657636274155166678e+00 1.177918021396298620e+01
8.112316999682006591e-01 1.185649915092335860e+01
7.486350214981141171e-01 1.192213997076925835e+01
1.516801945634732141e+00 1.199754646969140026e+01
1.229337499901208997e+00 1.196303429670520302e+01
1.315703586635405431e+00 1.216166067684726393e+01
7.257663595648637944e-01 1.198634394042599638e+01
1.371586471606039748e+00 1.192087208411071231e+01
3.840265348055887928e-01 1.280842656017498626e+01
1.929736957791348351e+00 1.226328378210343040e+01
8.484960076184808742e-01 1.207301240969337464e+01
5.110254704336845144e-01 1.255209535151503708e+01
9.470358671635625836e-01 1.235951010829765551e+01
4.200368348548143005e-01 1.274225785377319831e+01
4.209979246903540751e-01 1.273740930871230859e+01
7.628215078582774034e-01 1.179714545865435937e+01
7.700128125926118949e-01 1.179277088911632987e+01
4.193073166534815321e-01 1.307121158398898331e+01
5.064039333123617759e-01 1.283453106704635971e+01
7.997203508144429263e-01 1.247679243024585816e+01
2.090904311285249229e+00 1.183784567914597652e+01
1.254300240131981603e+00 1.240653678674121885e+01
9.061653819510220309e-01 1.224306397726757289e+01
1.340669945700498245e+00 1.239857463503899204e+01
4.248004204344064116e-01 1.233419341540894898e+01
1.457340592058419704e+00 1.208434703618210904e+01
9.187849652985895510e-01 1.250693845423860218e+01
1.885245478730044333e+00 1.130367824621468031e+01
1.737878965292066979e+00 1.146630426811858783e+01
5.670439155136965947e-01 1.201113832240276480e+01
5.704137752426878816e-01 1.225969738914583296e+01
2.093308357442724699e+00 1.231940244978123644e+01
5.285989670867696777e-01 1.242961689497859012e+01
1.777185739932966912e+00 1.246868080838166648e+01
2.143146738464539958e+00 1.167415060328873366e+01
1.881225082102543356e+00 1.262277865961279488e+01
4.048315516952546433e-01 1.314189373476253841e+01
1.479036362947419248e+00 1.227194299041755876e+01
1.910425455021542485e+00 1.208058020656409148e+01
1.263219610812607474e+00 1.207913723325637179e+01
1.614016216680373539e+00 1.245152227842797998e+01
1.251865707997218191e+00 1.235581262816134540e+01
9.294343818031626236e-01 1.184400872562382645e+01
4.847665235974512044e-01 1.216060201896064008e+01
1.521742321882926685e+00 1.237165588133161975e+01
5.935147039005906899e-01 1.267351319935128373e+01
6.043379074786010552e-01 1.224772828252259238e+01
1.240776982035360909e+00 1.220496145391389042e+01
9.745928858260618499e-01 1.207897046432147548e+01
8.508994449928350967e-01 1.204179110829965360e+01
2.001329095461540142e+00 1.227719383533317909e+01
1.712237065130908009e+00 1.254408541007483180e+01
1.756526602237827195e+00 1.254448711660734794e+01
1.068518713748707993e+00 1.227684425301098337e+01
1.458663229384456361e+00 1.219781600556090062e+01
1.499562336285261699e+00 1.224420049574300329e+01
2.012878520830259532e+00 1.209262862556889040e+01
1.058050712904339719e+00 1.213655028915079725e+01
1.793829735554473226e+00 1.211198093013231158e+01
3.391911979475703554e-01 1.302128737534004266e+01
1.353661559449150564e+00 1.245082854209605117e+01
2.197968231397779082e+00 1.190532678264355226e+01
4.021803469507360673e-01 1.259402033944104637e+01
1.403821261974445678e+00 1.192038458514687171e+01
1.055253428302968643e+00 1.223102316276057167e+01
1.998955643929187787e+00 1.180269518521862260e+01
5.754323586367762200e-01 1.230481415564159242e+01
2.003316391892671966e+00 1.192996719835631403e+01
2.658596624070848624e-01 1.378854708440281840e+01
1.298180141664659670e+00 1.214147945645430759e+01
1.208639445336328500e+00 1.210956399730610578e+01
5.983516298486648566e-01 1.193975069266487132e+01
7.788840510693323393e-01 1.165705754855293463e+01
1.451774928560586542e+00 1.177365907700820102e+01
1.061845616706922124e+00 1.174966648773379596e+01
2.131151356734003244e+00 1.267176222142719411e+01
1.239230201607757875e+00 1.257178539354007718e+01
4.328859332916762392e-01 1.215393712873215293e+01
1.535849735462555543e+00 1.203864080911123047e+01
1.141600617634772608e+00 1.246458459504473204e+01
1.283082706814915319e+00 1.191778928268565529e+01
1.518992063556934058e+00 1.197415399788623525e+01
2.192201577809035129e+00 1.193273997569985845e+01
1.136999904415644913e+00 1.223835796116296493e+01
7.893506999273244285e-01 1.220792674301215719e+01
1.731910240917614807e+00 1.197009782589725013e+01
8.696190863212903688e-01 1.224601765889318195e+01
1.844060055462133363e+00 1.257942528863145704e+01
6.228474351259759567e-01 1.227998546561062554e+01
1.314671363381225699e+00 1.183669803376325014e+01
1.784492014008871807e+00 1.189999290467538628e+01
2.038707795894747044e+00 1.185607923199747304e+01
9.231220557901519408e-01 1.227867346422133110e+01
1.969952701610309775e+00 1.205740017053744495e+01
1.496311888436977267e+00 1.200071498076184362e+01
7.317234319232968076e-01 1.210473679765047272e+01
1.101612879810287771e+00 1.217177115329842785e+01
8.151046618781876418e-01 1.176604472165296578e+01
4.030892502751946549e-01 1.288188435688022260e+01
3.980544973447647239e-01 1.291278236460703255e+01
8.783708225147562887e-01 1.189593577042272976e+01
8.127085683903851887e-01 1.190619211546806078e+01
1.021762515881770028e+00 1.234544572184262634e+01
6.148592009625530874e-01 1.246177022669596823e+01
6.169041825201188045e-01 1.245458104712308867e+01
1.865687880496534667e+00 1.228548951347200813e+01
4.234324356387801358e-01 1.271872067594638622e+01
7.815119387421776143e-01 1.210113908060358590e+01
3.115343905582876327e-01 1.285305665005039266e+01
1.793689111023319960e+00 1.201037426714003153e+01
1.279440527179419140e+00 1.249144409298440195e+01
1.580435135868045071e+00 1.260862331935580549e+01
4.144900119420286133e-01 1.278428914840053920e+01
1.851591313647657611e+00 1.215663323815986097e+01
4.801836180910246665e-01 1.230678279600780911e+01
1.141545825879387355e+00 1.237575737297319556e+01
2.001466324366231841e+00 1.258309670959205384e+01
2.059990696318416248e+00 1.261467654534530602e+01
1.589572352038751912e+00 1.248128521930672541e+01
1.474870568823207329e+00 1.259032592874662448e+01
6.613056034811383155e-01 1.204919391455602806e+01
2.062729461786559693e+00 1.110583381988493912e+01
1.122530794725211667e+00 1.176491053852346980e+01
1.265414134080219855e+00 1.210734238313176014e+01
1.787760452546375944e+00 1.208044575163864209e+01
1.705750160454280628e+00 1.165250063113067114e+01
1.993901414632109237e+00 1.194104843727554943e+01
6.880197327374771854e-01 1.179293008018957423e+01
1.755492482638827179e+00 1.238200137582963833e+01
8.650161502532930369e-01 1.206134972120235638e+01
4.760208723150773369e-01 1.288994695690047543e+01
7.541088160629171311e-01 1.226959405870577946e+01
7.018665632151286360e-01 1.208009435814283350e+01
4.165671063913303773e-01 1.258874446490914245e+01
8.308691826543288528e-01 1.190033303477352788e+01
1.135100780538942589e+00 1.267064929163293030e+01
2.043939841896708742e+00 1.142846722635599477e+01
1.751007214558927494e+00 1.198644763840493077e+01
1.874705340913472185e+00 1.167702947526766977e+01
9.283954138950720747e-01 1.236825966957948886e+01
4.648498075912422256e-01 1.290110964928389592e+01
4.837332834378215152e-01 1.202625350738646937e+01
3.584072693487900252e-01 1.313473048565129808e+01
8.697610392948950109e-01 1.208363504940505884e+01
1.544534800717498602e+00 1.159843170295651227e+01
7.168398546431674623e-01 1.201345483972383654e+01
1.183367696489356469e+00 1.203855920845266603e+01
9.020247487628154648e-01 1.239965950899761005e+01
4.455044351945885994e-01 1.253601180154254635e+01
3.586342551753184393e-01 1.306755600126880523e+01
4.833498038211579417e-01 1.202004174816640258e+01
4.240624759787433029e-01 1.258017385721173298e+01
9.944418113705626450e-01 1.197349050659127023e+01
4.128789634057214442e-01 1.253403633633680414e+01
1.134966126364589600e+00 1.257989756007592952e+01
1.675573124153789006e+00 1.193459650336452604e+01
2.081370235988771800e+00 1.148413882894134908e+01
1.802853456501709362e+00 1.261717353994670354e+01
2.018957025618970391e+00 1.234688067316208659e+01
1.294812158592894002e+00 1.229354803630513793e+01
1.078905330807452989e+00 1.221279761429692101e+01
5.128487408866301278e-01 1.220155972454807269e+01
1.206460941154299471e+00 1.209772291746887340e+01
1.879600655601689541e+00 1.200850026352254041e+01
9.726478413761343589e-01 1.176209337770215058e+01
9.372779505767505626e-01 1.195256712409166688e+01
4.878041832744419160e-01 1.233692137194033300e+01
7.291925439214489435e-01 1.191798763949695683e+01
4.345066031011299290e-01 1.309964049376976369e+01
1.824259254090672355e+00 1.239958959434359187e+01
1.170539743667571742e+00 1.244858296495527483e+01
1.187245529956642454e+00 1.196391286477577154e+01
2.098198013955880903e+00 1.228999697325539486e+01
1.792076097379026400e+00 1.264200397255518737e+01
8.381073243350387614e-01 1.174608954440522979e+01
8.543711902152166804e-01 1.170353295735326427e+01
4.011816244362991224e-01 1.213318578583771412e+01
1.024527128933275577e+00 1.219624614395126905e+01
6.817143311221974811e-01 1.206063965880074562e+01
1.040322956957881573e+00 1.182144807994247238e+01
3.385064783451716686e-01 1.266574265730117865e+01
8.608240144950661810e-01 1.151838535171816069e+01
3.422950675169825763e-01 1.324228136408147805e+01
7.184847782884266065e-01 1.229431527209162667e+01
2.066254243305006622e+00 1.150952221538705089e+01
9.057446458966066372e-01 1.212499522110705641e+01
2.059667070716435511e+00 1.104674787361593857e+01
1.955423194579524404e+00 1.147865379880157910e+01
2.013385555850764064e+00 1.215618177799385258e+01
1.536452113092764638e+00 1.227842428287439347e+01
1.955166991794914155e+00 1.198276924259640097e+01
9.433696901006836111e-01 1.185750638950615254e+01
5.995367430061838698e-01 1.232214522818049218e+01
1.205959140835069610e+00 1.177573688484339520e+01
8.907893134835346283e-01 1.176919739221002992e+01
7.058702107973865436e-01 1.171819584288608063e+01
1.669476404652401103e+00 1.195433893612674225e+01
9.886813858119071208e-01 1.227289634167919630e+01
1.035527323378054421e+00 1.180599698794754282e+01
5.386827099426035881e-01 1.274924620167165834e+01
2.163627988865355789e+00 1.146514218995869072e+01
7.221849772680054569e-01 1.187868560064138634e+01
4.542689264602118304e-01 1.225640033446981292e+01
1.760649369793463537e+00 1.189349968265449320e+01
9.354099168097667061e-01 1.211559850850897924e+01
1.524261430221148794e+00 1.219915351845582485e+01
1.604940042873351791e+00 1.219950329063041394e+01
1.170642346780061072e+00 1.199783337797006411e+01
1.886253294447639339e+00 1.208943567492086757e+01
1.951580989709700065e+00 1.170607215048123884e+01
1.848300227527443829e+00 1.179305634119038970e+01
1.809181257474069549e+00 1.188523820986529600e+01
2.003985772337871119e+00 1.133961292384329766e+01
1.820260356544936897e+00 1.215589109821233116e+01
1.965699881323556664e+00 1.205198655395092011e+01
8.429440098787243096e-01 1.193786105763498639e+01
1.363246269471514838e+00 1.157795782364112291e+01
7.089463420408329553e-01 1.198357949202476469e+01
1.276508965032678855e+00 1.235156249274661988e+01
2.156553604785248268e+00 1.245487821645604853e+01
5.351596196516528181e-01 1.197041851496247133e+01
6.053137875776960497e-01 1.232188825020169531e+01
9.555673088558186423e-01 1.181772654131038358e+01
1.030232224789149331e+00 1.184332640089613342e+01
1.836844195974391969e+00 1.264561222678465846e+01
9.994747999334763211e-01 1.203533581541918451e+01
9.705535138741651080e-01 1.223797622985235378e+01
3.228255371733871337e-01 1.321364226059035829e+01
1.262668234712581050e+00 1.242261431668528893e+01
1.638009919098612155e+00 1.224960954312766859e+01
2.084326179431111647e+00 1.138618379461461494e+01
5.260801154646224109e-01 1.194726223807920462e+01
1.507642881670458790e+00 1.234833639460224397e+01
1.731545179522993694e+00 1.228630022670355793e+01
1.162267280763671140e+00 1.210421554389390941e+01
1.326905819056937386e+00 1.204113225773146212e+01
1.652509286702610547e+00 1.241557997780462230e+01
1.361455977328486666e+00 1.239530944939062884e+01
9.243901038423298910e-01 1.203731547326356477e+01
5.816946677287884171e-01 1.235530383114819841e+01
1.457204569848762121e+00 1.221370919123517851e+01
9.612596527132740709e-01 1.224786940714022876e+01
2.019674515705056184e+00 1.176265734475823166e+01
1.122094735194915538e+00 1.180424267993349297e+01
7.135307810237756510e-01 1.240163292180544907e+01
1.322826441241807371e+00 1.223126854190139134e+01
2.194415630379556781e+00 1.137183246622227628e+01
2.121982157038218020e+00 1.128020853080834307e+01
2.828289270039777148e-01 1.398100747486469331e+01
8.898448713079548655e-01 1.219659129661391184e+01
1.162148269193288064e+00 1.227126574680601756e+01
1.162823346285579484e+00 1.227104830827408932e+01
1.130520279637261760e+00 1.198564101902938361e+01
7.996867970093886058e-01 1.209748383444408937e+01
7.601555441395303481e-01 1.245451420369130169e+01
1.318077036233622712e+00 1.206300126246436477e+01
7.748557359556821345e-01 1.189904678795583770e+01
2.795900879040768006e-01 1.343563719595046635e+01
9.851040128503966153e-01 1.203246227657549383e+01
1.217857809383594336e+00 1.190071770406713725e+01
1.311582109206067770e+00 1.198855787734663103e+01
1.517577381161421490e+00 1.205814413346033298e+01
1.300411940106742215e+00 1.199047076377917165e+01
4.768172465838610985e-01 1.225564852681606354e+01
1.335239657925400891e+00 1.214015065178341679e+01
1.298131665154783621e+00 1.252849222434212884e+01
9.403587883588629959e-01 1.250148898804122410e+01
1.776209667806968762e+00 1.214232803790231152e+01
1.993360398711408576e+00 1.187650868628669976e+01
6.751224289995857442e-01 1.231012059606474907e+01
1.984568552313147549e+00 1.193146532261697423e+01
1.294242602413994581e+00 1.203195632007752991e+01
1.785911224089891558e+00 1.161402033188977967e+01
2.003617132512648169e+00 1.143657582503952774e+01
1.888165144547742758e+00 1.247850087547812414e+01
9.282355006287325017e-01 1.212567878789288756e+01
1.757210645070132138e+00 1.264968084495151857e+01
1.630181954008541600e+00 1.133008646552963938e+01
2.122805708169126948e+00 1.195413716273624694e+01
7.891255015423516150e-01 1.202698496995286348e+01
1.756017560227707719e+00 1.211157794433020918e+01
5.346297566095188358e-01 1.246498814142799638e+01
1.509875273287900166e+00 1.208167015150423396e+01
9.431028500616405186e-01 1.247177990780777534e+01
3.146393031041435639e-01 1.328657015207149250e+01
2.028999781771102295e+00 1.251136843934643039e+01
1.765711975231750275e+00 1.253592042003417362e+01
3.990828783849842964e-01 1.286179332363900762e+01
6.259476768568358329e-01 1.203031646113375430e+01
2.071635612342053623e+00 1.208369170830156136e+01
1.855574071474434872e+00 1.162327450673153173e+01
1.892943612650065388e+00 1.139238326082286612e+01
9.430178895817278306e-01 1.212593757237240943e+01
2.187822524335331309e+00 1.158914196840387234e+01
4.462741480315643439e-01 1.299803903295098628e+01
3.904823790117760707e-01 1.326271436464060827e+01
8.985816812129894249e-01 1.218694795846378831e+01
5.618674300835053703e-01 1.233304062167507098e+01
9.724592414052435352e-01 1.227060547630088472e+01
7.102930879999982405e-01 1.194357678976439807e+01
9.206002645282242991e-01 1.251038856572426106e+01
8.955105972227511701e-01 1.182020929060995762e+01
8.252902036049648560e-01 1.180941740374587035e+01
1.460241330826868023e+00 1.245423892594384974e+01
1.737338017838252480e+00 1.214073903086894113e+01
3.636919723036446950e-01 1.306425885684400967e+01
1.531021992275603649e+00 1.183623218468313532e+01
8.600030298058387590e-01 1.197391780411245144e+01
2.058704400122089329e+00 1.202347711507940886e+01
3.312953260587135906e-01 1.335533363999956968e+01
4.021203806975084949e-01 1.232199171931712378e+01
3.357971529457603466e-01 1.312957649871760957e+01
1.036747653180844164e+00 1.217086421166083277e+01
2.016119390911844000e+00 1.172612947200764211e+01
1.778733690456109962e+00 1.229092594050410447e+01
1.409325202023781420e+00 1.223646785052511987e+01
4.176668157572066553e-01 1.239112938775908468e+01
5.750465976269958368e-01 1.211396034313574255e+01
2.023960616989248340e+00 1.241296811426866853e+01
2.071664454041258097e+00 1.128856122010068042e+01
2.071959238061263253e+00 1.128683421542872445e+01
7.101039096587290489e-01 1.221819790128397543e+01
4.848381562864374494e-01 1.210149206336772743e+01
1.058998932440703644e+00 1.191407304206198781e+01
1.151991522506180754e+00 1.200650311938011505e+01
3.495946448799045481e-01 1.351751223926603807e+01
1.738275689784136713e+00 1.143544411386429083e+01
6.391334093985918674e-01 1.169187818461676187e+01
2.044480433325510660e+00 1.185190865608219113e+01
1.480874334959615179e+00 1.228933160435639316e+01
4.682005386290566951e-01 1.270235701313642096e+01
4.970761278285159568e-01 1.261433757669132660e+01
1.711420078261802757e+00 1.231887562841112782e+01
1.171548329187561466e+00 1.203787785802849086e+01
4.010705188474835148e-01 1.242313680395485065e+01
1.808229772674623037e+00 1.243931819863863453e+01
4.469878225646087277e-01 1.285059645563483777e+01
1.856479602204095247e+00 1.223921358556498973e+01
1.548080253327483780e+00 1.224961210281945334e+01
2.143347019197558545e+00 1.131034809437669608e+01
1.948798277107238297e+00 1.167607700311193319e+01
5.915892796487123295e-01 1.181578067277336253e+01
1.925159487713476780e+00 1.270104192901918516e+01
7.700785726511949481e-01 1.218955337750508683e+01
4.839675283381002502e-01 1.272570190610487195e+01
1.861109354990306608e+00 1.200326106701917439e+01
1.983073231369929523e+00 1.154568362748217325e+01
4.194480831611000493e-01 1.234688147851845486e+01
1.541389271756437029e+00 1.181328779577811083e+01
1.755679530815006162e+00 1.218793266725658420e+01
1.486962238278007886e+00 1.167877131244668476e+01
3.377126065613185180e-01 1.334777884322089392e+01
1.258533824825985858e+00 1.179570559609129532e+01
3.933303237526093454e-01 1.288468112067056737e+01
9.224530109758408702e-01 1.204116655265959501e+01
1.243967742328126347e+00 1.199314852655854935e+01
5.672659651755527221e-01 1.242382477194363943e+01
9.459275035241343499e-01 1.202322981509511202e+01
4.196094033990898642e-01 1.237106878171973179e+01
6.743464830954644107e-01 1.210401416260857133e+01
9.235435948963742758e-01 1.206732949324463000e+01
1.907370841249195204e+00 1.207326428255134054e+01
1.274546445798216743e+00 1.206526642745090960e+01
1.646557021866166037e+00 1.223248521826929469e+01
1.894732519267521731e+00 1.251230774437786053e+01
9.359948766574256451e-01 1.225064872861191212e+01
1.861039246542205872e+00 1.166004355399115688e+01
1.894142512134430190e+00 1.192532823670073228e+01
5.112197353626071195e-01 1.223133052331739101e+01
7.852350585843584918e-01 1.165471635598265188e+01
6.077398047538102865e-01 1.198034355562327491e+01
9.312456614792590237e-01 1.190230387951371505e+01
5.309255731956322721e-01 1.240319064670895166e+01
4.821793037150264305e-01 1.237069669752322554e+01
8.537266767882432106e-01 1.201745434360239884e+01
1.928692713895505673e+00 1.208473471498585106e+01
1.274690592330313343e+00 1.202363869257927576e+01
1.065512976319644034e+00 1.188048598892506291e+01
4.158846364335750945e-01 1.247989741009457987e+01
1.370976412036180481e+00 1.220826033654720355e+01
1.320369887844015988e+00 1.221306123443740255e+01
5.544724905669358161e-01 1.249724675935520324e+01
1.757622566174547707e+00 1.164240311062754607e+01
1.107286283623753365e+00 1.194303097068309327e+01
2.070760746027236809e+00 1.133061391925368433e+01
1.810189880736513768e+00 1.212882537608366462e+01
7.884925625609771060e-01 1.182337935040299470e+01
3.764354211499033043e-01 1.267041301286759847e+01
1.677773939441801643e+00 1.184655743870048283e+01
1.645740242179759782e+00 1.186242015973441610e+01
1.859283180084595033e+00 1.149918183228886015e+01
6.631622018822093123e-01 1.260979146987248001e+01
7.263398844736992377e-01 1.257104126053047821e+01
4.512971618707100618e-01 1.216308153649919177e+01
2.081238758647349751e+00 1.199146103770029015e+01
3.923615918739229436e-01 1.295297806830819276e+01
1.786884446783527647e+00 1.162652474962445481e+01
3.326780051595648047e-01 1.308727072365146604e+01
1.399378486238397779e+00 1.247648412398694084e+01
1.140871034864662015e+00 1.176691489544694313e+01
1.118267348165225217e+00 1.175978025996212395e+01
9.429699316890695071e-01 1.256115476917215190e+01
5.220779602247017648e-01 1.295141883509308300e+01
8.758021718933689526e-01 1.234049294035747657e+01
2.081738767254346367e+00 1.166685006721318452e+01
9.036147355337327269e-01 1.205979490556021716e+01
5.629445960030778906e-01 1.211874146867959112e+01
7.484851308301767592e-01 1.232629840181283676e+01
3.291408102390944168e-01 1.299543412577959955e+01
1.700629080193852616e+00 1.211846434912896164e+01
1.534757007344601520e+00 1.208031038128300949e+01
4.264894814436243076e-01 1.250654690988646855e+01
1.705920901032945247e+00 1.163881982048596697e+01
8.943201105658545869e-01 1.233403635143679722e+01
2.015579895863109261e+00 1.194371999760811853e+01
1.670565614503616292e+00 1.205397921543324635e+01
1.810147412693722480e+00 1.167569543183856595e+01
7.385140967109395937e-01 1.177768087815789677e+01
6.166257903386391792e-01 1.238986102142884249e+01
1.232965292534223156e+00 1.216847010775047799e+01
1.155562837137515508e+00 1.196773777103529568e+01
6.937859009152453904e-01 1.211946909173665965e+01
1.412108781553897519e+00 1.226886672144284063e+01
1.693650043323409626e+00 1.239516083515994893e+01
1.297465563569488500e+00 1.247238101963214518e+01
1.971416286948134200e+00 1.224984737940698842e+01
1.570333519454816251e+00 1.208256492119404513e+01
1.435053672486474641e+00 1.208310193657141696e+01
3.511907002987343929e-01 1.274807581470791185e+01
1.169271099907569278e+00 1.191669501791643704e+01
5.082928010541614139e-01 1.231345574589382785e+01
1.636696622616582664e+00 1.248738633985413671e+01
1.937358779945495879e+00 1.219548209387635040e+01
1.724479582637638009e+00 1.262706894903234378e+01
1.930713845318704491e+00 1.232700152918060787e+01
1.466197907038949033e+00 1.254570275002879143e+01
9.074763366518464602e-01 1.237781452819129768e+01
4.081938068007758269e-01 1.296460995904567959e+01
1.096814851378514977e+00 1.213119815417921643e+01
2.018983045037683777e+00 1.222397980349242985e+01
1.865787044046554488e+00 1.190477609888919375e+01
8.475335943612005707e-01 1.187299530207580922e+01
1.883566052208334840e+00 1.212049766350778235e+01
5.214855465012843139e-01 1.232294653641047688e+01
3.489647515983507198e-01 1.319117100246717200e+01
1.778432791193348850e+00 1.242105849988807265e+01
5.765527282522997510e-01 1.247404638351139994e+01
2.061595660466182700e+00 1.168611291170192423e+01
1.890356591265545116e+00 1.188586712183022165e+01
1.705492391665117680e+00 1.203424704930746891e+01
3.665853193350167016e-01 1.295907693685550477e+01
1.791320829455514962e+00 1.189015316905016384e+01
3.124471080088567221e-01 1.313328581609190948e+01
1.864872901296525498e+00 1.194774431606044018e+01
1.733817613201977137e+00 1.247535856297065315e+01
1.097716560180234557e+00 1.222621672344205201e+01
1.583710728501227072e+00 1.202260583390868653e+01
3.023557241935757034e-01 1.349351347059071493e+01
6.150032022921236852e-01 1.192469488941227773e+01
3.305345838511188350e-01 1.286279567785733313e+01
1.548827863144173644e+00 1.168158089258339238e+01
2.152910940407608109e+00 1.137940117856031463e+01
2.011966489044576978e+00 1.174705274063425620e+01
1.941366139542878733e+00 1.186473916552975538e+01
1.848754700347184032e+00 1.227032129101707802e+01
1.056668435909805970e+00 1.211330485733551399e+01
1.835223866796711567e+00 1.224868688446331610e+01
8.100476181912201756e-01 1.235069533830032640e+01
5.426843295368287690e-01 1.206558060071568761e+01
2.039559196629966209e+00 1.211692037365016539e+01
1.282089886819536506e+00 1.210869232776988547e+01
8.017008783982658704e-01 1.246888637213514883e+01
3.236286435511395165e-01 1.318106630269788404e+01
5.993498357231635820e-01 1.169075909334575947e+01
1.093205598243199628e+00 1.170760698130356836e+01
1.259903723714758339e+00 1.231762597890157451e+01
2.791592051006652753e-01 1.330923747645977251e+01
6.632005886609851908e-01 1.263115342855078183e+01
1.119101764603782856e+00 1.221540491350770630e+01
1.335786375739627996e+00 1.222757094327718086e+01
6.502325233627824774e-01 1.221187318334606253e+01
8.240024199800800586e-01 1.169491368107168050e+01
3.628878113170568853e-01 1.252917871316317644e+01
2.075922964077240085e+00 1.161616699875948733e+01
6.595594123271447673e-01 1.184723588521593207e+01
1.927232729555147017e+00 1.181192534935314598e+01
1.080192502094671880e+00 1.181476487528648889e+01
7.695528353209883932e-01 1.221639156359789702e+01
1.091843793161729748e+00 1.212517842013072489e+01
8.755124112937804348e-01 1.206000047415095189e+01
4.310165239775212154e-01 1.246455228120395375e+01
1.356676386177131155e+00 1.208684358148569515e+01
3.806188451792235639e-01 1.272838189697995759e+01
1.911172702411100932e+00 1.211735372877429739e+01
5.012294119995935882e-01 1.230176129643089666e+01
1.382225707102044066e+00 1.225663121950371348e+01
1.669493653646861642e+00 1.194626082519726396e+01
1.133407551077741271e+00 1.225369688879332664e+01
6.037851275289404240e-01 1.238004121884816122e+01
1.411784012983452907e+00 1.195374955471661238e+01
5.645106766330684200e-01 1.198435310039033652e+01
4.172486308548022382e-01 1.289952433132920717e+01
1.963607535840405260e+00 1.137862591724912598e+01
4.582549058678833109e-01 1.219652051793772962e+01
1.131106249521109497e+00 1.191917952755602350e+01
1.680995628614007753e+00 1.210622655416119997e+01
3.163682209523699940e-01 1.312490654692131642e+01
1.884519076393574188e+00 1.259932109533177069e+01
5.754062204035763628e-01 1.223514234215811314e+01
1.379498182556243568e+00 1.175019845364851356e+01
1.002765776018228250e+00 1.220827615999644777e+01
1.802686619972339033e+00 1.272533458867608402e+01
4.470002256704541654e-01 1.277143962846144731e+01
6.715076546192342288e-01 1.188053899489654164e+01
8.996436068042019674e-01 1.188113017858694498e+01
3.987959144853610582e-01 1.259322622287339222e+01
1.161764940059702322e+00 1.210638043736312319e+01
1.141371613780757244e+00 1.171847314700050191e+01
4.809447699700905021e-01 1.200197734749025891e+01
5.854701360653451481e-01 1.202094693989587704e+01
7.732888404446849329e-01 1.176138837536429982e+01
7.037720902452895277e-01 1.231857988276208538e+01
1.068544536405952261e+00 1.148293490204449263e+01
1.263190629349921545e+00 1.230281590435573058e+01
1.066728747044274783e+00 1.179920231301124467e+01
2.046864819167416361e+00 1.194304011594911152e+01
6.609292178881136515e-01 1.180283012572973789e+01
1.084983711934858430e+00 1.188274800887783123e+01
2.001468667204677310e+00 1.192828313531549256e+01
2.264027959883823105e+00 1.258312794312591443e+01
3.794581893963651642e-01 1.267745713077856884e+01
9.330551446212753675e-01 1.186004334939216420e+01
1.983752221740227251e+00 1.190416168653062812e+01
4.409911472700203672e-01 1.239990988728522048e+01
1.884004578961500975e+00 1.167992329886167013e+01
1.586094685783469460e+00 1.259912443362913059e+01
1.785427593168550375e+00 1.209611286740334180e+01
6.704029426170704520e-01 1.190643236572727126e+01
1.806320267223131770e+00 1.237846127936053797e+01
1.879773660510892563e+00 1.254081101465023096e+01
2.099994091803413010e+00 1.251354460903298360e+01
2.022184925037534775e+00 1.255139546900228353e+01
6.075895925066973069e-01 1.188888918995175814e+01
4.248061269783547922e-01 1.258482254767127806e+01
4.643762905743109570e-01 1.245568205690887531e+01
8.419975829563488556e-01 1.237235049465490810e+01
7.126342126559244150e-01 1.160843727775375989e+01
5.225408998961357243e-01 1.265014151876168569e+01
8.682526481072526670e-01 1.150135385516473718e+01
2.039636329994095831e+00 1.218570014747699304e+01
4.427822330964050201e-01 1.306082502077227225e+01
6.143768411357115600e-01 1.264376730764033496e+01
8.132806568369982392e-01 1.199821324204219053e+01
1.209321480829890660e+00 1.207515797232968424e+01
1.610998271030780415e+00 1.193077957701596681e+01
1.835371630691571943e+00 1.205479700129867737e+01
3.132388341657215136e-01 1.337469098663520128e+01
2.035657725365039639e+00 1.261494758179575371e+01
2.078693305127691904e+00 1.218214821979076312e+01
1.881063659234218033e+00 1.207492143049134903e+01
2.146996509616944770e+00 1.188500210619515940e+01
2.189135500447417559e+00 1.213104438834062293e+01
5.748802967120473228e-01 1.184446724274456741e+01
3.861484127237879704e-01 1.268616146360861130e+01
1.173195777130647377e+00 1.188066198477690882e+01
6.624401468420104688e-01 1.188257444221377312e+01
1.721497836301156159e+00 1.179199718603891789e+01
1.291826911889444096e+00 1.200832660829329157e+01
7.838541379068847403e-01 1.195509703141301117e+01
1.249479665698934427e+00 1.243149240872340222e+01
1.568474342802450572e+00 1.226974955085312047e+01
1.113614780523901837e+00 1.222022859195730682e+01
1.143631547972931539e+00 1.223060082628423650e+01
3.615458474611615847e-01 1.294943202363087842e+01
1.446424063047472952e+00 1.228985858041428081e+01
4.370458350850302542e-01 1.207274969965401290e+01
2.140328237326427629e+00 1.146417472266585946e+01
1.211575665939737867e+00 1.231458119376043037e+01
4.517004983947892627e-01 1.268964582333908631e+01
2.142710190502308265e+00 1.166139754319075728e+01
6.455661264805204747e-01 1.211495986969791439e+01
6.747290972935182651e-01 1.204899706795569436e+01
1.893374185057973058e+00 1.107908177824663731e+01
1.500580341296781306e+00 1.152429993300997957e+01
1.665333402263491802e+00 1.235624318653987785e+01
1.975209904063748079e+00 1.221392791492824870e+01
2.079025240073858249e+00 1.217399438785067289e+01
1.088148690089501436e+00 1.238383162514475444e+01
4.131356926496270177e-01 1.265163263733679955e+01
1.893686925952693834e+00 1.187434461640529371e+01
1.602258395565240079e+00 1.192099918700588113e+01
5.112983695563474429e-01 1.209557342352341713e+01
4.568358522936917243e-01 1.226055233698609115e+01
1.447906031842348673e+00 1.228690043736483872e+01
4.116460328500696209e-01 1.279615947539421228e+01
1.077436383520924412e+00 1.253611656537577090e+01
4.514236678139686432e-01 1.311105988455641835e+01
1.484009726426383846e+00 1.231094888417713129e+01
8.694127789018392116e-01 1.206527326698543590e+01
1.053168133204192447e+00 1.230886007355782219e+01
5.646785743895044174e-01 1.180283010963928447e+01
2.002739722434215164e+00 1.205756239983445077e+01
1.603837708530914341e+00 1.202543293153130755e+01
1.189141027667091510e+00 1.207977361224087964e+01
1.879603971523456485e+00 1.252274452748357625e+01
9.417209213583882521e-01 1.198905179573351276e+01
2.999252713206494447e-01 1.354308987614902193e+01
8.053970599633648586e-01 1.209955101298241331e+01
1.445124065640955857e+00 1.223933547468659633e+01
4.759926752814707118e-01 1.253267823661244407e+01
8.934581144381134044e-01 1.193276677119190765e+01
1.705513928057509565e+00 1.198356849701583648e+01
2.025226877061002906e+00 1.203047600065072942e+01
1.904327196653822662e+00 1.142072321015427860e+01
2.057592914529160932e+00 1.117003729386466837e+01
2.118520539986807005e+00 1.098095034320934893e+01
1.341571223266084134e+00 1.243796503144396048e+01
1.581571602941030941e+00 1.180842980441504686e+01
1.970816586484221533e+00 1.210844741280917702e+01
1.685082457501382747e+00 1.236724974690197065e+01
7.211396577039075328e-01 1.219586981299695161e+01
1.541890762136761239e+00 1.222956365797683098e+01
1.167088763567528220e+00 1.220984656750311181e+01
6.091014217144748999e-01 1.208776419331061369e+01
1.932437668162523492e+00 1.258516493539853975e+01
1.645238657333527366e+00 1.188504408990270278e+01
1.608233380091657283e+00 1.209972795226423337e+01
2.006517338652258786e+00 1.233189637925555537e+01
1.855786154313082026e+00 1.240256823951137655e+01
2.069487754033862092e+00 1.203427993254486417e+01
1.841897924373189221e+00 1.170113745155309282e+01
1.003367227792448135e+00 1.231711018109485245e+01
2.015197045689751221e+00 1.222427772957124503e+01
7.618415163749558960e-01 1.230906407884090825e+01
1.625817336832382720e+00 1.191510225563483694e+01
9.736308013084326030e-01 1.175856171428332253e+01
4.680376507132206210e-01 1.216836479594964793e+01
8.328273576001402612e-01 1.206198537892788103e+01
2.020193146996584144e+00 1.138721507867859195e+01
7.219548517211475946e-01 1.174020872718578623e+01
1.866887404971331321e+00 1.184297048200409108e+01
1.774428662201601004e+00 1.250592234565527860e+01
1.019990608500507712e+00 1.184254946975130274e+01
1.629235776473965336e+00 1.223843609178967462e+01
7.774123849319861668e-01 1.186641493771061739e+01
5.146164504274217677e-01 1.208839588413735200e+01
1.878606457180847178e+00 1.243113805923945492e+01
1.994730310735214784e+00 1.215453285336217881e+01
5.433000998700358020e-01 1.241327716844921625e+01
1.793910227228105114e+00 1.227192098134418785e+01
2.166394034466365692e+00 1.196794284152263543e+01
8.266415145651777596e-01 1.236678754877131148e+01
6.904552615758923206e-01 1.237109380806905712e+01
4.555411600002273742e-01 1.230095172168020845e+01
7.674335780076363411e-01 1.181420565673509770e+01
6.345879012004828068e-01 1.184507407597005901e+01
5.788485382129918699e-01 1.228336943532182524e+01
6.023236833025711334e-01 1.195258105960594186e+01
8.032856327827092580e-01 1.218284807490831945e+01
5.737575681469506694e-01 1.236048501159758572e+01
1.511454261349352679e+00 1.184854545479341681e+01
1.358394575586815645e+00 1.242084585257699203e+01
1.172333624875957936e+00 1.177867133294265223e+01
4.163467358364965065e-01 1.236006000279135364e+01
1.677115222731713207e+00 1.171213623060309850e+01
1.699573066370392516e+00 1.226100851397168334e+01
1.089408179253097408e+00 1.174332014109210576e+01
1.571184273888430516e+00 1.192427509833603416e+01
1.508866602573609272e+00 1.251582264926764587e+01
1.081253524985974046e+00 1.242039233276596732e+01
1.299229748989277455e+00 1.172137134894438759e+01
9.195530574946931823e-01 1.221168970639844353e+01
1.990568377250829579e+00 1.125793672254940958e+01
1.088372881834432704e+00 1.217809551657429168e+01
1.053227979806717007e+00 1.195913531674229269e+01
1.067360786920822591e+00 1.196168627274766827e+01
1.099347202185962269e+00 1.216073666418690280e+01
1.934583515773334428e+00 1.208645529186815182e+01
1.412118729446459442e+00 1.211044682365761815e+01
9.837352421992997531e-01 1.187968076836077813e+01
1.267334059853284955e+00 1.183518578931766285e+01
6.714596875347469407e-01 1.214669327547120581e+01
1.143602759604370300e+00 1.181294251259490657e+01
1.335415725486789329e+00 1.227238123746683129e+01
1.252630199230276409e+00 1.224571906084423922e+01
1.842912581006315387e+00 1.139274481888414314e+01
1.225270291358024455e+00 1.223649187389052173e+01
7.993217034308961466e-01 1.214729899953565528e+01
1.437984486827738051e+00 1.194796939119557777e+01
1.865270586628176241e+00 1.244115409792714111e+01
1.998623706365886044e+00 1.245525738615992672e+01
1.862447273528572422e+00 1.213780052199703263e+01
1.169920092874190409e+00 1.184076646360931662e+01
3.714720208929755962e-01 1.286606711957956506e+01
1.777918482835237457e+00 1.183119111211818364e+01
1.754086957904678279e+00 1.184336054653763703e+01
1.682550374340356258e+00 1.172172488295341175e+01
2.097836492306623057e+00 1.146616872736638015e+01
5.661709227818736423e-01 1.231692422574532131e+01
4.382440384367737307e-01 1.252653708165869517e+01
8.727031912179978868e-01 1.217009444436722454e+01
1.286660568632137958e+00 1.179301656623918504e+01
1.630692517818122411e+00 1.140239975827175201e+01
7.671288784045596776e-01 1.172264330665673171e+01
2.155437052801452147e+00 1.212771797206952051e+01
1.915844994557251990e+00 1.220464714593768285e+01
1.591511830328437238e+00 1.235638548464576481e+01
8.951426077266586567e-01 1.183969647960545757e+01
1.279683816317739975e+00 1.189902349114783853e+01
5.291791065139462846e-01 1.221996978208914086e+01
2.116712915116620408e+00 1.144780147129706371e+01
1.260315875886332204e+00 1.257496876115828321e+01
1.116839907982799307e+00 1.257603017534645495e+01
9.759292994512318575e-01 1.228286307597399230e+01
1.580112976804356251e+00 1.227669842227649255e+01
1.269518765001971028e+00 1.224441378292787874e+01
7.212314950873700559e-01 1.236625387791472974e+01
5.545979314101960878e-01 1.258021852596912105e+01
8.432162817228003870e-01 1.178328185082729362e+01
1.351524235064084367e+00 1.194505011481493995e+01
1.347306700453319461e+00 1.229381289769127328e+01
4.119869389103499313e-01 1.238057600262045455e+01
1.607926325578030058e+00 1.140815776529049508e+01
3.247944794138273861e-01 1.281536858061442175e+01
1.281015437563385762e+00 1.184215345829802324e+01
1.537424436566237285e+00 1.208575650279384739e+01
7.540652996463409474e-01 1.237740172796329219e+01
6.304137473402482428e-01 1.243905907986867554e+01
1.486462438625714144e+00 1.252251678234992127e+01
7.048191343098259010e-01 1.191090475909810031e+01
4.512913708273799118e-01 1.273972927162306767e+01
1.457373765263918486e+00 1.253390856512720219e+01
1.463157030928910807e+00 1.184865259274814697e+01
7.511714969027021294e-01 1.201205456842335906e+01
5.438895745470446741e-01 1.224828887216829720e+01
2.011669422255656592e+00 1.130783311068856811e+01
6.957308980188808833e-01 1.206511446574612023e+01
1.324099886495657907e+00 1.233259700291445071e+01
1.151858251505310626e+00 1.230760032867496534e+01
1.001255561721587695e+00 1.164293775078648174e+01
5.572375230235000476e-01 1.244258063828074157e+01
1.273088409664459242e+00 1.250287301748157631e+01
6.369900220197530771e-01 1.224421219612597866e+01
2.163686472043270914e+00 1.120329187869690912e+01
4.628838157663535680e-01 1.294511355933241958e+01
2.016913070081859605e+00 1.228174088795265639e+01
2.033558071483233753e+00 1.128465222813453117e+01
6.883466779855887951e-01 1.156937932289178406e+01
1.900487066001295799e+00 1.267707594522696724e+01
1.500509124314812093e+00 1.258589097485929642e+01
1.832216336875854168e+00 1.164653087227832096e+01
1.298914287562388026e+00 1.207947566701549036e+01
2.113892618451772787e+00 1.166864316270394930e+01
4.718364592058749141e-01 1.260797233626816372e+01
1.023755683169604191e+00 1.255499830944210338e+01
7.099662198880196673e-01 1.164234064519147616e+01
1.380168421469647244e+00 1.241303529383032433e+01
8.960417058414275049e-01 1.217600243143451166e+01
4.665344686042054989e-01 1.238332196536838481e+01
9.210132223274219987e-01 1.186685419882626213e+01
1.916075752327893289e+00 1.240540650613970186e+01
2.042458026251881886e+00 1.215187279099046336e+01
1.934230977605588153e+00 1.219352874523497121e+01
1.376157307749428460e+00 1.204341920780480457e+01
1.906915466786688551e+00 1.272150252303457840e+01
6.574157797069205555e-01 1.209648709928113419e+01
1.186728268535568676e+00 1.213540074748953579e+01
1.424971907572171403e+00 1.217263876645879428e+01
1.759650524426933593e+00 1.217006950769018303e+01
8.913731334496194370e-01 1.208140126426687644e+01
2.016337539991369887e+00 1.220357029782622327e+01
1.375206156474817476e+00 1.241538443370228251e+01
1.159897624914199454e+00 1.222650092778263797e+01
7.470594070380716101e-01 1.241463399735619966e+01
1.916404915995723712e+00 1.227240380693047150e+01
6.426346434242046213e-01 1.194917989586940799e+01
1.634041537763379903e+00 1.237950840257119189e+01
1.657632712283126475e+00 1.167055071895727636e+01
1.633649943594414733e+00 1.168990187895482613e+01
8.680754032345746607e-01 1.248563286787199722e+01
1.204648195821017786e+00 1.246871642196826890e+01
5.349575111469865307e-01 1.185797802339831186e+01
1.680736772446401517e+00 1.262211130323552766e+01
1.799605444150759403e+00 1.188714793341363851e+01
7.550171301884561759e-01 1.192971471824163032e+01
7.199461470814186859e-01 1.206367915460529971e+01
1.917916606296488302e+00 1.253447796370867628e+01
1.287098349762124005e+00 1.192370032210290454e+01
7.782648765470773222e-01 1.223916411634776225e+01
4.101233994228299373e-01 1.290742564870015663e+01
1.574349526545356426e+00 1.246539111416994139e+01
1.479187437523134641e+00 1.209547196545226022e+01
5.337887247830558346e-01 1.216255329441154309e+01
1.472529665360389650e+00 1.166210704675558674e+01
1.047476842706546174e+00 1.212751516490086878e+01
2.139074061583780662e+00 1.212596187627182864e+01
1.717868402280384066e+00 1.149502306260636786e+01
1.935341692931604074e+00 1.135278267072900960e+01
1.324786505144312843e+00 1.227479992752066273e+01
1.290438167285327786e+00 1.246373627941248508e+01
1.670009461653426230e+00 1.229307709750887767e+01
1.942887228608517480e+00 1.198820601918445661e+01
1.417153646943353884e+00 1.191780406886316612e+01
1.125068160137122408e+00 1.206570974976906641e+01
7.533797727741506911e-01 1.191235613654077241e+01
1.822502176193792511e+00 1.218288808328103556e+01
3.240173259974337694e-01 1.294818510203629458e+01
1.439710447770208956e+00 1.235394537361938738e+01
2.124458393661539102e+00 1.191387725508645623e+01
1.116311825679219938e+00 1.133053657808671311e+01
9.535399259920057657e-01 1.207519500283443392e+01
1.200824839455042259e+00 1.184811130343482866e+01
1.985522064395457642e+00 1.232191344815369760e+01
1.591437292060271735e+00 1.251705754863663600e+01
5.241346021514591280e-01 1.198543885547717380e+01
1.265520680229306860e+00 1.206257035500846087e+01
4.372232247320354537e-01 1.288069355502941704e+01
4.985227285954952348e-01 1.227648924364436134e+01
8.206202307977730204e-01 1.192595794274810039e+01
1.045383523883882892e+00 1.212287625017372683e+01
2.146938804762680064e+00 1.267357150179534742e+01
9.493040146108514543e-01 1.195859115018106955e+01
1.778643800098757000e+00 1.226978405514291737e+01
1.256485909276484403e+00 1.205725565611449035e+01
6.415555606684484324e-01 1.210862388654230948e+01
8.802263309519378076e-01 1.203253655853976056e+01
1.271251846546313180e+00 1.236900592735245752e+01
1.555471490392240863e+00 1.257174054448790912e+01
1.003809657756653984e+00 1.176450999898174032e+01
6.386562941445612651e-01 1.198577762630397636e+01
7.098389959030522167e-01 1.195652887955585975e+01
1.093664140578386013e+00 1.227219202113079177e+01
1.830674965477625538e+00 1.212902935049474884e+01
2.039086947089775226e+00 1.203736693904865973e+01
1.210514198370441052e+00 1.242379600115115501e+01
1.919632508013441985e+00 1.200521817725497087e+01
4.369009632237559337e-01 1.252079971459187036e+01
8.955519921922550086e-01 1.251940068634853631e+01
9.707758132422071862e-01 1.231344677877595117e+01
1.986865271997421356e+00 1.123298317737167018e+01
6.657524422148947130e-01 1.222679130085002441e+01
1.105026397037279562e+00 1.178330414277488281e+01
6.203120945976570155e-01 1.206003143051452042e+01
1.939343273450793825e+00 1.208551266545544323e+01
7.182932250398101903e-01 1.188318359599886165e+01
6.480603539547493686e-01 1.230597128028350795e+01
7.741697749811348173e-01 1.241142248004469550e+01
5.353813776793671098e-01 1.251195879890961038e+01
8.253833153037031245e-01 1.224107056203728128e+01
4.037586735810419492e-01 1.220896848733258366e+01
2.970609441397933370e-01 1.321688410347384846e+01
5.734432428659722580e-01 1.229897168484887793e+01
1.798495189948231543e+00 1.234764765808399467e+01
7.557301518224512904e-01 1.237511688608998917e+01
6.803200672176860087e-01 1.175182959576596886e+01
1.961590610646091415e+00 1.171269578971844183e+01
6.853828587020790453e-01 1.224997794345032709e+01
1.875248849661551587e+00 1.257926449521142942e+01
1.460779191601680571e+00 1.188584984600172589e+01
1.383542522175181588e+00 1.191747951473964129e+01
1.721765600484518544e+00 1.236869627330076682e+01
1.830410020433032914e+00 1.238772965818893113e+01
4.338001191499747944e-01 1.261248926973989271e+01
1.200250757463694029e+00 1.191212053083126143e+01
1.561683963700084332e+00 1.228139509758411663e+01
1.754979198983290800e+00 1.232047513955078522e+01
6.052146118903961591e-01 1.185801874240628884e+01
9.262276435161450605e-01 1.235095975618178699e+01
9.356945115595062257e-01 1.244510300164978922e+01
1.282726778268972634e+00 1.233066004084017386e+01
1.971133185198654214e+00 1.196174645324632912e+01
8.186430087272127398e-01 1.224656666124188042e+01
1.191798685992855766e+00 1.188137472257734473e+01
6.065912112948855794e-01 1.169274352170399389e+01
1.908363624326246732e+00 1.124110709833554189e+01
1.226828594754464818e+00 1.193606282970406873e+01
1.874215501630228431e+00 1.219493005653339424e+01
1.052317853979601425e+00 1.209376448744288624e+01
7.826507740288505266e-01 1.216767413150235733e+01
4.428455419187812270e-01 1.266992089977113700e+01
1.993119998489775391e+00 1.263254609262153494e+01
1.395041390212399479e+00 1.186796502598027914e+01
5.784762650483842306e-01 1.237830880449096682e+01
1.262663185663888132e+00 1.186948422955241078e+01
6.007003945054152361e-01 1.239581121083375770e+01
1.542548358788404128e+00 1.210828041797217658e+01
4.262303571472002561e-01 1.267596636893609308e+01
7.796370183288893196e-01 1.192643643937184095e+01
1.155892166837290347e+00 1.212430579653545770e+01
1.961835098834107560e+00 1.241537975533134919e+01
6.699624837698282542e-01 1.183553527708544806e+01
1.478299211080178921e+00 1.174532898064076214e+01
1.327426542528270748e+00 1.202096490799991102e+01
5.324467056931933007e-01 1.195757463133129583e+01
1.645912659676229239e+00 1.169117392663304500e+01
6.236897227238296093e-01 1.203132645991637339e+01
4.424712352187025743e-01 1.261855782338338727e+01
1.982423022302034044e+00 1.243538424397310216e+01
8.564826444771701519e-01 1.217025039157380739e+01
1.460899785927412431e+00 1.192471754591972299e+01
7.102574937528474130e-01 1.179829947838555171e+01
9.465961813031211758e-01 1.184454628148855626e+01
7.693861286414896972e-01 1.240301327738331416e+01
4.144886191049758639e-01 1.290406051086700323e+01
1.095290835001639485e+00 1.201226626168343081e+01
1.028432783849219101e+00 1.192356677743550009e+01
1.382973181221617276e+00 1.220654037724609253e+01
1.600608415823619346e+00 1.225115342117320338e+01
1.763537006194803469e+00 1.248303642436197691e+01
1.017218681416378168e+00 1.214181396700560356e+01
3.852964494889704050e-01 1.247262682749765617e+01
1.681994164363963984e+00 1.223281894656041402e+01
3.414040692993536852e-01 1.303487189539226421e+01
1.143582008655393167e+00 1.213769208754964346e+01
2.132739689375459768e+00 1.232013714841580310e+01
1.048837451406898325e+00 1.182689829027769868e+01
2.009702811125360977e+00 1.242284977084579189e+01
6.779052577496658127e-01 1.228799851468394522e+01
1.995482522883025966e+00 1.264567183190075284e+01
6.155436221440006017e-01 1.193916392987178021e+01
2.035380175286011895e+00 1.230500580713490422e+01
5.533758531607757547e-01 1.217329172565671414e+01
6.889795383444751176e-01 1.201731465868709670e+01
1.653395718160507677e+00 1.219054627755789255e+01
1.031022345429784437e+00 1.226021062927033967e+01
1.453610259293619533e+00 1.260519142577297025e+01
1.035778020925343101e+00 1.157700609343229736e+01
6.170994163898184670e-01 1.171120993660185228e+01
4.327543326164478565e-01 1.270495256470556455e+01
2.031392135585277536e+00 1.195303807003369023e+01
2.107426102367769616e+00 1.228505267635602216e+01
1.118739201301762298e+00 1.231296475903135068e+01
1.811587116672507491e+00 1.179338299057482331e+01
1.430282995312951666e+00 1.233140909513811856e+01
7.375474812788662682e-01 1.168736996327767841e+01
1.122073853139775812e+00 1.218928251625972337e+01
6.202179702828160002e-01 1.206086763617617130e+01
3.859429768379160630e-01 1.296708192141129601e+01
2.009208575956677567e+00 1.193793537685640693e+01
9.542738815541337294e-01 1.252857058945116364e+01
4.388370070827418701e-01 1.212795097580247017e+01
3.596023673221915851e-01 1.263777188110323380e+01
1.520490591118064838e+00 1.226445226881587480e+01
1.932891388184733383e+00 1.187505774460012375e+01
4.666564422719528538e-01 1.267128121649943573e+01
4.282590285985973244e-01 1.241403126370463816e+01
2.111076240382404823e+00 1.097334340461465274e+01
1.814920964406429027e+00 1.202808294402685974e+01
3.289819290056406054e-01 1.308352132201223128e+01
2.152923864745627025e+00 1.182537020668461736e+01
1.998051791061234539e+00 1.196105728924375455e+01
2.039684846354460124e+00 1.233365408740968938e+01
1.884224037918704742e+00 1.196214576116570427e+01
1.588786394504131616e+00 1.211338906902406798e+01
1.078111697722321294e+00 1.180042194320795623e+01
1.283269681516903127e+00 1.170819874940043270e+01
8.950893057430155952e-01 1.171774019264043964e+01
7.017318435907855534e-01 1.202619816782556406e+01
2.201839444905046683e+00 1.179649766050888005e+01
2.022964628830341116e+00 1.201125547106313363e+01
1.053912291615221042e+00 1.233815653673184620e+01
1.055592983744039204e+00 1.196271659681156763e+01
6.417368047255805896e-01 1.185651674262985189e+01
3.089827074721294142e-01 1.328333113091865236e+01
2.137826621876661282e+00 1.250248420680866346e+01
1.415139750457825363e+00 1.239994574763158575e+01
9.123953715909970397e-01 1.215866509464008693e+01
2.065350707530601237e+00 1.124549456685028304e+01
1.401894249034592921e+00 1.148454282039678809e+01
1.665163521639129396e+00 1.144208798769766844e+01
1.841794945022083185e+00 1.221309720467270843e+01
4.092509951412024449e-01 1.255373658739350695e+01
4.593996729691796621e-01 1.275540969926944967e+01
1.339553957613953017e+00 1.228737242795649998e+01
1.554892560731940154e+00 1.225186929979442318e+01
6.366042493037183947e-01 1.239071539074711481e+01
6.263597680371875143e-01 1.240276886883659557e+01
9.832327429715987943e-01 1.231388940743927662e+01
1.261402825439615238e+00 1.239427772502325098e+01
1.172318147443176306e+00 1.198229728409115857e+01
1.659772770515162366e+00 1.196598462073885649e+01
1.563949167841099053e+00 1.202207386609374495e+01
4.311549213331459796e-01 1.227697160062016479e+01
1.327366851563009931e+00 1.175679479982693998e+01
1.324094612745435162e+00 1.236720138377316580e+01
4.368320218042555103e-01 1.239637194284610366e+01
6.083670098689932804e-01 1.193638024609414394e+01
1.418806360143408440e+00 1.218926523684624819e+01
1.009195955487065310e+00 1.229189945570471032e+01
1.003409376416387833e+00 1.234811204416706509e+01
2.104966929305664536e+00 1.161972655926076214e+01
6.020278349995051848e-01 1.214749200499404758e+01
2.051594529322600557e+00 1.207166659531646680e+01
1.292297203902000202e+00 1.232362324201197978e+01
4.673347719478868068e-01 1.270351663499623740e+01
1.346958039947893981e+00 1.206730763974382548e+01
2.065253686326367522e+00 1.173499407910908054e+01
2.061818471443967127e+00 1.156306317045699394e+01
1.417370965295158269e+00 1.253897712898154104e+01
1.734764758678491336e+00 1.136399255638799310e+01
1.018117721241207363e+00 1.224097560665830997e+01
1.746015121785545965e+00 1.243286043156869880e+01
1.174388029111814280e+00 1.222543098294180197e+01
1.728749544372252256e+00 1.181424283206160020e+01
1.946230680784419409e+00 1.158063623744444648e+01
1.300047871805797728e+00 1.140174165418428132e+01
1.378813783510177915e+00 1.223618127306419012e+01
5.042185951152862167e-01 1.210839935911502963e+01
8.376618815372478544e-01 1.184164556670717516e+01
1.839912734840309483e+00 1.259487948830944504e+01
5.424653385582055565e-01 1.263596404353753933e+01
1.098311196959645075e+00 1.248727988660929888e+01
3.456981787530750694e-01 1.326619260876674922e+01
7.832543686526437510e-01 1.151151640812983246e+01
1.719939482068885805e+00 1.182918108221670828e+01
2.133184264427112176e+00 1.097910615941011159e+01
1.440328011932783037e+00 1.191278555196747035e+01
1.330120405254779037e+00 1.200054310203691443e+01
1.129837317440989919e+00 1.231151086067726297e+01
1.790521194797207061e+00 1.187562886123859762e+01
1.467639342332069496e+00 1.229918258126844499e+01
1.448888780819709732e+00 1.243452572600429917e+01
1.013733909118539112e+00 1.189947353310906308e+01
3.696130818670754770e-01 1.284922245526765217e+01
1.515484295199489351e+00 1.172176340012551599e+01
1.177661332095026880e+00 1.179616146553457412e+01
1.435780995729904364e+00 1.185544440386830978e+01
1.622517742377542538e+00 1.186137642878084897e+01
1.061119646481032408e+00 1.244546958436582074e+01
1.173679957288801035e+00 1.193109996847229048e+01
2.053816302722086373e+00 1.111469525251766655e+01
1.369277140775495782e+00 1.233518060345603651e+01
3.324615223236276340e-01 1.316726838552853529e+01
3.481651961316448718e-01 1.318115388533675514e+01
1.478713955770942334e+00 1.226206298804529027e+01
8.130899202171684159e-01 1.204526130173490372e+01
1.408034966608979532e+00 1.230111345208558049e+01
1.460411630219694556e+00 1.220153857543212084e+01
7.031867857597507987e-01 1.214423470230582680e+01
4.009537196929545133e-01 1.284036891325018814e+01
1.411050458494957027e+00 1.259634207824234231e+01
3.727917084299891548e-01 1.261904574953617342e+01
1.242816267929792939e+00 1.213469370841202633e+01
1.518151960339663598e+00 1.242686259618251832e+01
1.036693941306391142e+00 1.238145413077409351e+01
8.407642042774552404e-01 1.233628451394421965e+01
4.936477679482216274e-01 1.244124687264723050e+01
1.770519164648155508e+00 1.174040014561930967e+01
2.982326812991024645e-01 1.350739357065261892e+01
1.106347608178249953e+00 1.186222062756469420e+01
4.061956457594860237e-01 1.302461059453519354e+01
1.270298996706411554e+00 1.162885778460316821e+01
7.690840450506565285e-01 1.157316939173018788e+01
2.034960695036643674e+00 1.206851759477588359e+01
1.336280641843805128e+00 1.238954057438634315e+01
1.676368903971632296e+00 1.241057082493025199e+01
2.013299145508090415e+00 1.160442462576848754e+01
6.387313361494305619e-01 1.279803255379952986e+01
2.076315334410315128e+00 1.239647826260369001e+01
2.000745776350533411e+00 1.253981566289090743e+01
1.530606741270994720e+00 1.252920610641099053e+01
7.817966943535379354e-01 1.163650014549024903e+01
4.400055805613997117e-01 1.293410039490204788e+01
2.126108913397890987e+00 1.172073557633869889e+01
1.462707063114251582e+00 1.222413777805812352e+01
3.681100954734704556e-01 1.311395633959643625e+01
7.498064699147219958e-01 1.219410381166813906e+01
1.393472899922538533e+00 1.198820127463068630e+01
7.033461629990152009e-01 1.229776256548480440e+01
8.651491953962019421e-01 1.184683470823800633e+01
6.817201785077877663e-01 1.184004595976733398e+01
1.145250276776703657e+00 1.215781051904846066e+01
5.708845115663299108e-01 1.245997446436691014e+01
6.048963871394343883e-01 1.191892027492109918e+01
7.748099781452405521e-01 1.167611848509441863e+01
1.109291326332034977e+00 1.214903952108370611e+01
1.568263108439104103e+00 1.206021804434911893e+01
1.911321449834926911e+00 1.129478787062032552e+01
2.099020959448086199e+00 1.093959962238271899e+01
7.883980581250014108e-01 1.203616092373067303e+01
3.466737388034234479e-01 1.304133269344054824e+01
8.004477120808497492e-01 1.224008907984588568e+01
1.969314751734547286e+00 1.159140957517877268e+01
1.625913758310677082e+00 1.186527737150907136e+01
1.862477654520218628e+00 1.150897355077487916e+01
5.540625780118365595e-01 1.219054228186296385e+01
7.970739390784358225e-01 1.190097130322363661e+01
1.797375720763812579e+00 1.193959054620423821e+01
1.257165838066336638e+00 1.217965968740231553e+01
5.070501359828430976e-01 1.238230536940032778e+01
1.568512042471354118e+00 1.231197739943082148e+01
1.140020679443334073e+00 1.234534174367665393e+01
1.781285845618021169e+00 1.161575485043135281e+01
1.760146646666155501e+00 1.163601412563982507e+01
2.065352432535740412e+00 1.195927529921179122e+01
3.408071902058710800e-01 1.318503606777257353e+01
1.993772670096204624e+00 1.132511598870538627e+01
2.029469146540679780e+00 1.123655825677370856e+01
5.117654066266449364e-01 1.272171098441328674e+01
1.945927693377941914e+00 1.185775107860151145e+01
1.355418693102673267e+00 1.185429724689817732e+01
1.648169535064479385e+00 1.266562748674120442e+01
3.005253591904657462e-01 1.329763746902152910e+01
3.291950365072960905e-01 1.291873909228595885e+01
1.454294966883609597e+00 1.213763016128490513e+01
6.899783208856544725e-01 1.232003226404341234e+01
1.948460606399923911e+00 1.232625710818124709e+01
6.557613508656929824e-01 1.243300856287177858e+01
4.841096636996002900e-01 1.270290537632371475e+01
6.865779615716823825e-01 1.181686760648242185e+01
1.389663735902217478e+00 1.192969660997309767e+01
4.767750712362398557e-01 1.223559815407132945e+01
1.159911063682945720e+00 1.166044163961579549e+01
8.753682514896667932e-01 1.175786840136095712e+01
2.134400616746676249e+00 1.128118846483453908e+01
1.013445521571653352e+00 1.170687548947916312e+01
1.994897789804560784e+00 1.182580749403163800e+01
1.079977248244160082e+00 1.187007941084775631e+01
9.941618658603762482e-01 1.204036034249512177e+01
5.925696225036461984e-01 1.187373239082775278e+01
4.381699404706113077e-01 1.277191873154379387e+01
6.483318521469897400e-01 1.196755957014383220e+01
1.884641899633020090e+00 1.225297617920123727e+01
3.539740810599416032e-01 1.306936736353508977e+01
3.584584610042592101e-01 1.304349551121232054e+01
1.586377640381006815e+00 1.245464375107637167e+01
1.365582274576814692e+00 1.203426548782677408e+01
1.170769592847809459e+00 1.198370937363349320e+01
3.746765630870140806e-01 1.251576612270315714e+01
1.834080674924318144e+00 1.243767080339744879e+01
1.027990950647147850e+00 1.197128881556495550e+01
9.984512526703328561e-01 1.197214939576454995e+01
1.888833791233445858e+00 1.208270784825746169e+01
3.950829980046041690e-01 1.240218204019726933e+01
5.282524151216877462e-01 1.216721615539880652e+01
2.094312007736238712e+00 1.179124267956186323e+01
1.690970261226563132e+00 1.255133006832232034e+01
3.596589253896829708e-01 1.296130103133213041e+01
5.988669580427468109e-01 1.207637195460740465e+01
2.056306425614110811e+00 1.233387870734184943e+01
1.944925701790663597e+00 1.182638403039039332e+01
1.428000017795918453e+00 1.246676966966546551e+01
1.296053874962734609e+00 1.187592215581880950e+01
4.744010833698741325e-01 1.246058020914412090e+01
1.078383861565581636e+00 1.219797898092330435e+01
1.014749278410103983e+00 1.218336999049827618e+01
1.474946894064429248e+00 1.246679974593152274e+01
9.909153728617750012e-01 1.164476494086946978e+01
4.152187890874385334e-01 1.275294246132916953e+01
7.726188377052144451e-01 1.233692639975537375e+01
1.912704069313486466e+00 1.217892741027943870e+01
3.734232372084121954e-01 1.247841232668658762e+01
4.739324936856584292e-01 1.283214136723468535e+01
1.177145899791790740e+00 1.236826370955366450e+01
2.050688239201735374e+00 1.137609672830985907e+01
1.970140946438714735e+00 1.180297799669009784e+01
8.894980145632385149e-01 1.237573845975316367e+01
5.320734463221274968e-01 1.272593662613397036e+01
1.604001785910049493e+00 1.169591397287353907e+01
9.939422472556690424e-01 1.186475239047163122e+01
4.819127236505966194e-01 1.266225065611698142e+01
5.394392996015241470e-01 1.250609347671892202e+01
4.049214197787347480e-01 1.272287795349300588e+01
4.801435821897748757e-01 1.227395314190669673e+01
1.018660055341727544e+00 1.213582294934370331e+01
1.623501233659681020e+00 1.235649791001576148e+01
2.969805184436646317e-01 1.310918369863322219e+01
7.553199764440855501e-01 1.169631395946214880e+01
8.604987915677267951e-01 1.205617012281754263e+01
5.723905477672984743e-01 1.229762883829965503e+01
1.081274976317831316e+00 1.159064635661529152e+01
2.790823980585717123e-01 1.322166263945391407e+01
8.002074541389461171e-01 1.233224836764363630e+01
2.064154055855093262e+00 1.221812884888541895e+01
6.398466656834499444e-01 1.257989956681497645e+01
4.605519148835391929e-01 1.281936021318729502e+01
2.047629513213863994e+00 1.157531131043352346e+01
1.000321387877786350e+00 1.189523402249493245e+01
1.833995527049806284e+00 1.133208492241527132e+01
3.285595475030845813e-01 1.289642980612891954e+01
1.776518450682801564e+00 1.182298006102961452e+01
3.626595162380565340e-01 1.290603127552887841e+01
2.140792208542251274e+00 1.191483712768998160e+01
2.110053821003719854e+00 1.196723975685881491e+01
9.134492638185539581e-01 1.192263073787520433e+01
2.268607665404609008e+00 1.218233549094507850e+01
8.783046813787817042e-01 1.178204956619784305e+01
1.178767924151719937e+00 1.195658193918054479e+01
2.049059148498159288e+00 1.171128811436690320e+01
5.355750946049454564e-01 1.258778154969674468e+01
1.661349264437059103e+00 1.217969078236077429e+01
1.273436289974650304e+00 1.207947102144598972e+01
8.430811562907125634e-01 1.159154927854397776e+01
8.309993699758918551e-01 1.159602175201376717e+01
1.178532190522767475e+00 1.211800357787708293e+01
1.997762111420052555e+00 1.207215279313355616e+01
1.897390725315866611e+00 1.222720078195535542e+01
1.296699676473677121e+00 1.248342103959281424e+01
3.565693637985180575e-01 1.267364329563156744e+01
4.655367158409868811e-01 1.270957061931956744e+01
1.693947947230131534e+00 1.205811071184179006e+01
8.071034107329402296e-01 1.247372183475851237e+01
2.095254515670179618e+00 1.191211394849664096e+01
7.760574349863944565e-01 1.220377099076836558e+01
1.813199921758895439e+00 1.152154510149349953e+01
1.784881958302975358e+00 1.170497990102830066e+01
1.129033551975433758e+00 1.236664172289455799e+01
3.210651738570098335e-01 1.337147032449319717e+01
2.131383564680167986e+00 1.186929923395258868e+01
1.050983826914222874e+00 1.183021934811683984e+01
2.062965168560064289e+00 1.194993880181634793e+01
2.149634521629679718e+00 1.216174511027971050e+01
2.055056850538376167e+00 1.233004294647884080e+01
1.578628046251014272e+00 1.233199547950238895e+01
4.791622915558752527e-01 1.209041673177490495e+01
5.762412988623357712e-01 1.199834335361107662e+01
2.067114436075784933e+00 1.144111642479229296e+01
1.700239131097394552e+00 1.151768051654612890e+01
4.683258684333516664e-01 1.199011841714309767e+01
1.424321133002115269e+00 1.164275558963239376e+01
1.375442392364724542e+00 1.233944089559438240e+01
1.526630402698434752e+00 1.232451558697582428e+01
8.369858584280651659e-01 1.227691145980082510e+01
1.403738029958951250e+00 1.223113238849461482e+01
1.592321587757436818e+00 1.229907751303069041e+01
7.582701383838028608e-01 1.224648717098550854e+01
1.408697391895691764e+00 1.218578994815253225e+01
4.057827522808628018e-01 1.278124788625293817e+01
1.932381742100746758e+00 1.173449311207856027e+01
1.162305533584072625e+00 1.161027253430419570e+01
7.082029634387058126e-01 1.195357258447860538e+01
1.003606991786340608e+00 1.187919932166900061e+01
4.268996346900326144e-01 1.231681158080713878e+01
1.797466642651168289e+00 1.218354927973275714e+01
2.007767122536080695e+00 1.249906025531876352e+01
4.759641616726887348e-01 1.300980425467099799e+01
1.050997871361601943e+00 1.198517192643254603e+01
7.961593742533469298e-01 1.204630569642902849e+01
2.003050747696931033e+00 1.123551393390648023e+01
1.661116111551444563e+00 1.175265708835073220e+01
2.294766813245673553e+00 1.194883191014146462e+01
2.080814757389751524e+00 1.217258597325015579e+01
3.702928439821304707e-01 1.277141758839296948e+01
1.079892976456254816e+00 1.212573636186486503e+01
1.149081307468389657e+00 1.227233832470657227e+01
1.973225783787359022e+00 1.199508929730776075e+01
9.138860698251699555e-01 1.233524956358492197e+01
1.895539141555950158e+00 1.131525711699022274e+01
5.354563371479751366e-01 1.236947967744110066e+01
4.967099168523781416e-01 1.218646582158118719e+01
1.619581043855315317e+00 1.208371449122063801e+01
1.787165147073003224e+00 1.196411131136309614e+01
4.103543454760686382e-01 1.287703329346664205e+01
1.325035996830503882e+00 1.184133188669901138e+01
4.742428856030094786e-01 1.258708919734581855e+01
4.023301966419595699e-01 1.304451406435375027e+01
1.109114124265086154e+00 1.234545878541493025e+01
8.424215177731202431e-01 1.207321442572992964e+01
5.749672843642812392e-01 1.256272557622394359e+01
4.308932447147049150e-01 1.261297151667759309e+01
7.052112376062039667e-01 1.228993014585473276e+01
1.627823687121575658e+00 1.251633610755612835e+01
5.012727876402017779e-01 1.238060683407470997e+01
1.774280267351419083e+00 1.140482959066950031e+01
1.864406318333983847e+00 1.209332127541803281e+01
1.255808387794888681e+00 1.216297276119966142e+01
1.489454462416326175e+00 1.246182790509279847e+01
4.375227774437141504e-01 1.281601257011303652e+01
9.954456088649422663e-01 1.237705624866366172e+01
1.911204979700590778e+00 1.164766957850337725e+01
1.068322065675752830e+00 1.219418302921084951e+01
1.951907795362210374e+00 1.203274122953503245e+01
2.018408368018130172e+00 1.129041763545852817e+01
4.481992432083197753e-01 1.233641066538438125e+01
3.641935721871478737e-01 1.265036259165360200e+01
2.007088010338685002e+00 1.171711647476599083e+01
9.054208999205867192e-01 1.175422474619961655e+01
9.244071375566271787e-01 1.214563174440452897e+01
9.229623012103863600e-01 1.200183891746794806e+01
1.079481350849972987e+00 1.207716544045761609e+01
1.615304329128054439e+00 1.232616059277795983e+01
4.035260380078818931e-01 1.297525736103331262e+01
1.709170503032392707e+00 1.212539775210406390e+01
2.081282863311340936e+00 1.155651699574056401e+01
4.031871981734721500e-01 1.292705641965272889e+01
1.088451427310052511e+00 1.222477604437785459e+01
9.348873990023507385e-01 1.178172725021830480e+01
3.375713382841186716e-01 1.311434373100042272e+01
4.821127358335364210e-01 1.219490537882553127e+01
1.081728344654865559e+00 1.196509196336930181e+01
1.516688511165273701e+00 1.177229095346373988e+01
5.513698341434358774e-01 1.204855924741926998e+01
8.612581706888479127e-01 1.196012707347132498e+01
3.723665111789699056e-01 1.281145831004027258e+01
3.679657840114464173e-01 1.302578285725227936e+01
1.383144227737380660e+00 1.196956032730841812e+01
8.017977327610288363e-01 1.198279521394231040e+01
3.290602517778866698e-01 1.323385544728492569e+01
9.937772494113641386e-01 1.180263563033004282e+01
1.512784944954930211e+00 1.204618603113694064e+01
1.394837446270999370e+00 1.200663718900641186e+01
4.891043522563542911e-01 1.220922694927190477e+01
1.968859140156725918e+00 1.200030044210867075e+01
2.091062457848381406e+00 1.214591648494032761e+01
4.272125148968874964e-01 1.245779026285993396e+01
9.079296220528929595e-01 1.212709792943278764e+01
6.063020183763891957e-01 1.236814020850517970e+01
5.273332647962314379e-01 1.210550000395588555e+01
1.186951077180511405e+00 1.214237206750488873e+01
4.975681244232662559e-01 1.229732598658748266e+01
4.956050133074604291e-01 1.294237372826101229e+01
1.934330792300842594e+00 1.124798734251130661e+01
5.018737251015592538e-01 1.227740968347140615e+01
1.962885150286634017e+00 1.182696630588735509e+01
1.954218351003752074e+00 1.168911648991145036e+01
5.126753945762950737e-01 1.238968758040828000e+01
3.727998984574331098e-01 1.299061207750655988e+01
4.572259522487674976e-01 1.265589953725644179e+01
9.185136814020655738e-01 1.161102610792149115e+01
2.077721366400361092e+00 1.247214150857996451e+01
6.884602261307206650e-01 1.231493462173903630e+01
2.063726504024694375e+00 1.146282857985097436e+01
1.909521168145845937e+00 1.202296423959383809e+01
5.321752507119730247e-01 1.212814314081733613e+01
1.984894572971245941e+00 1.215874571121760361e+01
2.076218892955982831e+00 1.253445598950961681e+01
1.674610646535949821e+00 1.176705282343922399e+01
5.861509474749624360e-01 1.246366718546777008e+01
1.919741842352649108e+00 1.215633722375624970e+01
4.932690810923066604e-01 1.262206377059559159e+01
1.968468722806933080e+00 1.256123724197575875e+01
1.638769407629579344e+00 1.190670769268239582e+01
2.022141434390781090e+00 1.224922701319073326e+01
2.038555948816049845e+00 1.194866113941042407e+01
1.910651982239653046e+00 1.130454508057205310e+01
1.343362165482850479e+00 1.176355731431262619e+01
1.757143705350550755e+00 1.163356390763529724e+01
9.829689694305770997e-01 1.201521194434450024e+01
1.967938749326465731e+00 1.225830217870458227e+01
1.771760180588530131e+00 1.139260180209881668e+01
1.424192936360078487e+00 1.244433455854971271e+01
3.227891557725764970e-01 1.330299058250615296e+01
1.858339787293888268e+00 1.193811521654286878e+01
1.869441315489823063e+00 1.249155659710405430e+01
4.182520668077276405e-01 1.284122024444229915e+01
1.857036673985074104e+00 1.217614039825092220e+01
2.029635457375261076e+00 1.217888929594754011e+01
4.561064991833403970e-01 1.258505585502842905e+01
1.356156230327275614e+00 1.201688762402600830e+01
1.938137815512639417e+00 1.199494117172425689e+01
6.192695435485676692e-01 1.205849533385365113e+01
1.928479443641787139e+00 1.268084566052211670e+01
2.073879809198044821e+00 1.266341431848512222e+01
4.329388556479148997e-01 1.270231389279734024e+01
1.857893061398316892e+00 1.177520680427527822e+01
4.756216696600960026e-01 1.298826674036398288e+01
1.828607150648541513e+00 1.236467890545594273e+01
1.307063219485911088e+00 1.215018525652151382e+01
6.156301228760857613e-01 1.208802441839210928e+01
3.272596647243385948e-01 1.285983113232830810e+01
2.157736294327583959e+00 1.181208897896799037e+01
1.992897152923380322e+00 1.258435527792635078e+01
6.531575270907601372e-01 1.208303533649241146e+01
4.463124677808765206e-01 1.259169307211493916e+01
7.261031094793956031e-01 1.231694008219958825e+01
7.132752245708642302e-01 1.211675268874440725e+01
1.503886320847828806e+00 1.259453550666518318e+01
1.460203194343602018e+00 1.194607216727619381e+01
2.029109055658785632e+00 1.251951233713090694e+01
1.610186988095711591e+00 1.171268184124050471e+01
1.861894046861407581e+00 1.195251663927736985e+01
4.145501668963523789e-01 1.288965115036880604e+01
5.422831626588199283e-01 1.245676622618386986e+01
1.464057554724345733e+00 1.217915794837477605e+01
1.315418057911496907e+00 1.240947474909454051e+01
1.237066637775631639e+00 1.207219251705813257e+01
2.134912067203622588e+00 1.210901644251323539e+01
9.301037276037971147e-01 1.198353064573094073e+01
1.866976242736891889e+00 1.187720104296256984e+01
8.068462126335868012e-01 1.222507843803706784e+01
9.923789273940841760e-01 1.240511562522332945e+01
9.430204237738201156e-01 1.161325425264959854e+01
1.601784710797604205e+00 1.245130405385242156e+01
6.819784625395342026e-01 1.225135001108309218e+01
2.139450704411530069e+00 1.167369551423878349e+01
1.410980348977522336e+00 1.181283668680002030e+01
8.496885594443183143e-01 1.174195045684663086e+01
4.328391385559487992e-01 1.286950110229881972e+01
5.986115818289567958e-01 1.178103512533798991e+01
4.531408755289274004e-01 1.235481819488974686e+01
1.041171440053941799e+00 1.198467639245769512e+01
1.059982168602063402e+00 1.234465911858036336e+01
5.650987139565124551e-01 1.252666852371585016e+01
1.965384139775558925e+00 1.251015622408654160e+01
1.897985076207768795e+00 1.200796434053784090e+01
4.225267830657032930e-01 1.275070497227705602e+01
1.768180641829232735e+00 1.201702143204783368e+01
3.159797638002119213e-01 1.321186706732349236e+01
8.417082371111886951e-01 1.190110079511712726e+01
4.490476854038472632e-01 1.281680677752783915e+01
5.575855920789870579e-01 1.187248601199429210e+01
1.337931971070568160e+00 1.204335922570946593e+01
1.401546600109615737e+00 1.210750551828070165e+01
1.188987225297098771e+00 1.185545453193283727e+01
1.704211708053406715e+00 1.233801081069266381e+01
4.542832487116232332e-01 1.283238001626090430e+01
5.880857958421279452e-01 1.203446374610236091e+01
2.209637336182781464e+00 1.233299667472116390e+01
2.050422593940603555e+00 1.132003979167172858e+01
1.560953899434415426e+00 1.182337095981450759e+01
1.992409015006747275e+00 1.265737831620167242e+01
1.567328067649941259e+00 1.260497730224033575e+01
7.072159850088576283e-01 1.244112362954929552e+01
1.328402827390319452e+00 1.228806567330147104e+01
3.836931062962732342e-01 1.250475857657543344e+01
1.718464343939057892e+00 1.213976517617339468e+01
1.766994863338093413e+00 1.243302217600664328e+01
1.983524103326447685e+00 1.199574509914510401e+01
4.006025878732179524e-01 1.273479135612639190e+01
1.771176491766711214e+00 1.205382868381616213e+01
2.026653566321909850e+00 1.235230557109253802e+01
8.474742127284996540e-01 1.206061783140182975e+01
1.151630878195264440e+00 1.195377688775588787e+01
9.658742216947711068e-01 1.188556321829319629e+01
4.778551782703667761e-01 1.201708215272708635e+01
1.688283679692249795e+00 1.224593507333162634e+01
6.666074338204455163e-01 1.208003650687485475e+01
6.507701503179688096e-01 1.228671059315255931e+01
1.282156358416709274e+00 1.188147301034457115e+01
1.847741947773467563e+00 1.261489539914057190e+01
3.956685211281576464e-01 1.244313439262309551e+01
1.246740318896550903e+00 1.231614726004447746e+01
1.470190551252172240e+00 1.176780018681244044e+01
4.846187293273250818e-01 1.219301896548222430e+01
2.060071915866890535e+00 1.217848143916057246e+01
4.039536385234015481e-01 1.271507947763133117e+01
1.118468150118285598e+00 1.219327547001017109e+01
4.336662274151845686e-01 1.265250365876749328e+01
1.366647476160960162e+00 1.215954566767063838e+01
6.558302179471597881e-01 1.233946191640628776e+01
3.798001786952083236e-01 1.271671144365867434e+01
1.953795061326429661e+00 1.228594200147319526e+01
1.467437853304698336e+00 1.227090390575432188e+01
2.086570229146162969e+00 1.203552787051594386e+01
1.799609856570068223e+00 1.244342558623189099e+01
7.328292293030149729e-01 1.177693252736916563e+01
1.446805950396613305e+00 1.247806938438998259e+01
4.987345985309288854e-01 1.207061110365928869e+01
1.904353842374202799e+00 1.196318917455311137e+01
3.840015048522445462e-01 1.284410840127360309e+01
1.623146327057463756e+00 1.237304875149698979e+01
1.512364860081152118e+00 1.219890288975196846e+01
7.380377213839144357e-01 1.207807989535358928e+01
1.720806573198182310e+00 1.256016169278147387e+01
2.123680905310184830e+00 1.216879192725039260e+01
1.494261791918614080e+00 1.228947729429995839e+01
1.667124738253097149e+00 1.212592312679101525e+01
1.410133418286616314e+00 1.244416703456822582e+01
2.158054744538635106e+00 1.201554244074526956e+01
6.857765779343580892e-01 1.198283009208289940e+01
1.945905685647141059e+00 1.154165813771220783e+01
2.039940852454599884e+00 1.170551243475962977e+01
4.281649702655771494e-01 1.270229911050047988e+01
9.662900511225592792e-01 1.234418692820941565e+01
4.634727086958351783e-01 1.256260953518978596e+01
5.751459265671919896e-01 1.229168214708478502e+01
4.503097786273977943e-01 1.181743715684286578e+01
7.105785272297280297e-01 1.213329022386204947e+01
8.688298185760225945e-01 1.226428563358317625e+01
1.382958328687984739e+00 1.227565170504922065e+01
1.996604100885181365e+00 1.215680287413341709e+01
5.786670771753114062e-01 1.233932569093789056e+01
6.674565876348189652e-01 1.251542347227398544e+01
4.578664211325376709e-01 1.264936252630328362e+01
3.548134092357906888e-01 1.299447336480106685e+01
1.101273969166145505e+00 1.209877375324747817e+01
1.169698590827932927e+00 1.251027462578293914e+01
4.890145498625986242e-01 1.295142596043729455e+01
1.520125218557111024e+00 1.242177016869804795e+01
1.277620189679886442e+00 1.182730242462822012e+01
1.846112636931782180e+00 1.269326159621346051e+01
4.024265344607125816e-01 1.280730040798249014e+01
1.292745947091448411e+00 1.179163475104345160e+01
9.111567397714490646e-01 1.205643003811307068e+01
1.299946369895675469e+00 1.209164688234665519e+01
1.323254599598973957e+00 1.179166935319642562e+01
6.188079686417096159e-01 1.221501732887454850e+01
1.040965218646718649e+00 1.180540479756720984e+01
4.098590970589979787e-01 1.218149134405425471e+01
1.849748074300023415e+00 1.237376938002111437e+01
2.031291588540875548e+00 1.206538025985210716e+01
9.793618455365563635e-01 1.241874999510127608e+01
3.146626355400967134e-01 1.318749030966047009e+01
1.745436418782772892e+00 1.219107903013075322e+01
2.005763993206978402e+00 1.205272139805637011e+01
4.243401428012530952e-01 1.252379125759770773e+01
1.493287737060163156e+00 1.207955688874332445e+01
2.082188837659573633e+00 1.234570885215727820e+01
1.937460262135731970e+00 1.222214870666626396e+01
3.384315437868806176e-01 1.307689777914451845e+01
1.836656999346798713e+00 1.243582920436934991e+01
1.056788719030651080e+00 1.243147490576294700e+01
4.291763270390748786e-01 1.225339073450828131e+01
4.059870143902897799e-01 1.300346271060298164e+01
1.169380779794592096e+00 1.161986991920145407e+01
1.827468989721605652e+00 1.157195016141850985e+01
3.246099870522787256e-01 1.286677563093929066e+01
1.336282807073085221e+00 1.155328323099175236e+01
4.729105014777436611e-01 1.217025441060300039e+01
3.712692810807721733e-01 1.318353599654066599e+01
1.501226782833670059e+00 1.242200937506023095e+01
1.431119139103157467e+00 1.217377878011533276e+01
5.290462044242441042e-01 1.190909467998752547e+01
9.918666490541905301e-01 1.236318947800084089e+01
1.287859117451372049e+00 1.223303073901603533e+01
1.260848679422482022e+00 1.193017853584352572e+01
2.042615603371618072e+00 1.225791604535558932e+01
5.210622613287321236e-01 1.200323893885982507e+01
1.761769664815807657e+00 1.214640925879169941e+01
6.786044403599104102e-01 1.245664733134407953e+01
2.253056128697047633e+00 1.181027277831961797e+01
1.810476510911992021e+00 1.191687239189277214e+01
1.107579513040897412e+00 1.206715218546823820e+01
2.047329440193947026e+00 1.205561997283772335e+01
3.782719559598846093e-01 1.277300715531338504e+01
2.072154160577894366e+00 1.166965071141674670e+01
1.436716457668055780e+00 1.191703252217873477e+01
1.038546582167954035e+00 1.188858715922455112e+01
1.778825810590076495e+00 1.219844639459557634e+01
6.202493560441300069e-01 1.227104587341191255e+01
1.379176869467731770e+00 1.171873151445451455e+01
1.975645264167360082e+00 1.114764721486503696e+01
3.587577489940299569e-01 1.292737445811616404e+01
2.031025264429587640e+00 1.126433034240430864e+01
8.792646748938239831e-01 1.215037603327248661e+01
2.059926042425275661e+00 1.200857281188619474e+01
3.542472133784325128e-01 1.304965900232250497e+01
5.082362557935449221e-01 1.229288985061377204e+01
7.940190145423458024e-01 1.193644512024239823e+01
6.622937763080902762e-01 1.205803971227816795e+01
7.815353170910863678e-01 1.203183463502302075e+01
1.265148415337726817e+00 1.246072128533891821e+01
1.455970722471762180e+00 1.180734520931351028e+01
3.482886352173650835e-01 1.265133156011525095e+01
1.887817210418804015e+00 1.256407541059583011e+01
1.367483322678078039e+00 1.181932441528657307e+01
2.006336260568418517e+00 1.224027757031748820e+01
1.830133706351896317e+00 1.216301358339723393e+01
8.064465024262265080e-01 1.212127810160363062e+01
2.046886931246500119e+00 1.126483755455178937e+01
1.376542201419790779e+00 1.240627421805252162e+01
8.089991996601446633e-01 1.200932987856882583e+01
1.701460503238040101e+00 1.144905817887522126e+01
6.808072280954577948e-01 1.225718454280996461e+01
5.165583632707921868e-01 1.276964507712635033e+01
1.073387680708405734e+00 1.212628381161308866e+01
2.048589006957982850e+00 1.143956790675640534e+01
1.067555082311394621e+00 1.229653640888670374e+01
1.557377070774675909e+00 1.227127808473061776e+01
8.207316806795762476e-01 1.185039760399050301e+01
1.448798041589330454e+00 1.213192235598313928e+01
1.875171992221831507e+00 1.140913992028464108e+01
1.867807170345655576e+00 1.200899689700895756e+01
2.013888352611771015e+00 1.202712197990291365e+01
2.350090585672630628e+00 1.184645816704402677e+01
4.280098452211008042e-01 1.268404049029208025e+01
7.795655415018191148e-01 1.173014872123351537e+01
8.266489491846709114e-01 1.229162592305199198e+01
1.643667751369108698e+00 1.244721581858398451e+01
4.359222130509970428e-01 1.265514505095533337e+01
2.058711607384655640e+00 1.175220055146322196e+01
9.930933551591176744e-01 1.186979378671538576e+01
8.548121572324700601e-01 1.189213711284078734e+01
1.002331793551460848e+00 1.192892787571173585e+01
2.016285356636450921e+00 1.219963631658282388e+01
1.107925838410173558e+00 1.229553975535788979e+01
7.569089772876931299e-01 1.222645918900358808e+01
1.836001382732626031e+00 1.206749995211790605e+01
3.939758650024173803e-01 1.275025433854076695e+01
1.924754280194051370e+00 1.164561650456498576e+01
1.953830535256405376e+00 1.162571483916890180e+01
6.854548312768024010e-01 1.211944918621012235e+01
4.621478446310748334e-01 1.266981404772839070e+01
2.096022527444427741e+00 1.197814812391931127e+01
7.191437577487443944e-01 1.199657359884762897e+01
4.102818848423942510e-01 1.269228116526427641e+01
1.681329015440203190e+00 1.211544144269684509e+01
4.832649971652328569e-01 1.243892544632152486e+01
3.350730897348299098e-01 1.289165180946106304e+01
1.820524656949230824e+00 1.147346665830916201e+01
1.583953908304621905e+00 1.168291821677285469e+01
3.707087778142733048e-01 1.321889412508052963e+01
5.115541826504240719e-01 1.198716470583055127e+01
1.588570452635115648e+00 1.247843477087824304e+01
9.079845637059762442e-01 1.203768959407604555e+01
1.798494015797836187e+00 1.218596451247192292e+01
1.628080277922313135e+00 1.187768925827065303e+01
1.904678322064490725e+00 1.106005934508056221e+01
7.290858275447380521e-01 1.233704653542205421e+01
2.846344504161256728e-01 1.387690371231093245e+01
3.675133044105464708e-01 1.229394665284351262e+01
3.943041539081232338e-01 1.211939298356112005e+01
7.440930407385271117e-01 1.223802196674018461e+01
2.071066574927852066e+00 1.234925203995082477e+01
5.833527819497158484e-01 1.223912173411897442e+01
3.613706856529099176e-01 1.271040800262223414e+01
1.749825887267707270e+00 1.241928978954405238e+01
4.233026457394805098e-01 1.257080567916517921e+01
7.011265278918219490e-01 1.200747113552321466e+01
4.402643700731047605e-01 1.280231876385095546e+01
2.022429078737024710e+00 1.254733954428477638e+01
1.812596063829747361e+00 1.222233934542283862e+01
1.410449569268426462e+00 1.212610992470140481e+01
1.951524620515659780e+00 1.178684205178902644e+01
8.927998192462853755e-01 1.166670896960210690e+01
3.112112079090735839e-01 1.336910053633028461e+01
3.275384959459273770e-01 1.328058497534853188e+01
9.548519793669525413e-01 1.189996768802534710e+01
7.378160139773809467e-01 1.202758916819844615e+01
5.274861306136982009e-01 1.240420433300563907e+01
1.314323423097618848e+00 1.242771202232997574e+01
1.949963322966429047e+00 1.166946869551069810e+01
6.303989055905363514e-01 1.204478828395930279e+01
1.875591358538172271e+00 1.208764050687333835e+01
8.094723872835163370e-01 1.178523573435709615e+01
3.840960710324855532e-01 1.244454376791100714e+01
1.860798185911163971e+00 1.207307968986904889e+01
2.259920336634979599e+00 1.220315451461197043e+01
1.099122680175448785e+00 1.223335926303328947e+01
1.164998889189140963e+00 1.243822028099402033e+01
6.250990019658958508e-01 1.233133222432199005e+01
5.665575023809266142e-01 1.232439128374132764e+01
1.094204276137870968e+00 1.207832821343436080e+01
4.907223833901337429e-01 1.213907395682809920e+01
2.162110087210125098e+00 1.167150566673882750e+01
1.830503339380905148e+00 1.253314539026503205e+01
1.391963580988000215e+00 1.191963738417939211e+01
1.413010742548248322e+00 1.228576653235911387e+01
1.829308121381828078e+00 1.251018766669661453e+01
3.841869158710841115e-01 1.264896094238414115e+01
2.081535668149262719e+00 1.181170746726602339e+01
6.888176073134497646e-01 1.184326007882894416e+01
6.705605436531441033e-01 1.240138944814267319e+01
3.381743877322486158e-01 1.307935287502098376e+01
3.761892135012838700e-01 1.252620565950850740e+01
1.737540243693621367e+00 1.188431798908296422e+01
1.041042276230628394e+00 1.187926301403403073e+01
7.885701965775612221e-01 1.167232400109995538e+01
3.092726737342814114e-01 1.346099629302044143e+01
6.858259425871482406e-01 1.179901689544752053e+01
1.124059696939707864e+00 1.214231549650346409e+01
7.555556086891175305e-01 1.231121082554737889e+01
2.077372385092275398e+00 1.141065605553854923e+01
1.407008875249017965e+00 1.239665637899441819e+01
1.169100105430556535e+00 1.248797432614811420e+01
4.726231317925832509e-01 1.251810769491062203e+01
7.650943316298063346e-01 1.194760096802282412e+01
1.600210492467994294e+00 1.148313397127935609e+01
9.900796799062264730e-01 1.207433504408101932e+01
2.152552356703726577e+00 1.203634209715847803e+01
5.828647305716252447e-01 1.254768885824761071e+01
1.753909578326270147e+00 1.162410296541039578e+01
1.878398163075878813e+00 1.250397814135368257e+01
4.599577640040807824e-01 1.229175642746667663e+01
7.727359243154681145e-01 1.230072850897421155e+01
3.432086693572523051e-01 1.262745388361338961e+01
1.141423335473854106e+00 1.228896783692026595e+01
5.268907844504105986e-01 1.188726789001692730e+01
5.960180676218709284e-01 1.242231167569163475e+01
2.107818239389418924e+00 1.240232242739033808e+01
7.155840079829040024e-01 1.164153241445278297e+01
1.860818071596732626e+00 1.165678648235890336e+01
1.888936663264492388e+00 1.253709282300337158e+01
1.981829602590847950e+00 1.164494299862134774e+01
9.004189004351118575e-01 1.199289994155128802e+01
2.106435876223679227e+00 1.222314904416239045e+01
4.364577583993869969e-01 1.260627143741366751e+01
8.726511719810600143e-01 1.196416678989256077e+01
1.279761706376771446e+00 1.205340086984223902e+01
1.184482776296433837e+00 1.215300900956410679e+01
5.928983339217257509e-01 1.220710414384587850e+01
3.617859282166396295e-01 1.311711791475913991e+01
1.890945776151229163e+00 1.182322714504825889e+01
3.957140756587128605e-01 1.257729562772640541e+01
1.043647312472233857e+00 1.181027796777374306e+01
1.478042866538354261e+00 1.223087257175395948e+01
1.440545099306723698e+00 1.209886628351542370e+01
3.211436683571641804e-01 1.337627728680435091e+01
2.092546454485509244e+00 1.232995971003552427e+01
1.891524965411183645e+00 1.212024649867448645e+01
3.991140777681324581e-01 1.308909177978141258e+01
8.863230531507169108e-01 1.217776548308250106e+01
2.069486484747741439e+00 1.185197544204157616e+01
1.583580549360281253e+00 1.182843751982332492e+01
8.542745221180930715e-01 1.183576767798349749e+01
9.228389182169470795e-01 1.149836331856171867e+01
1.369880729509572737e+00 1.187935254211976854e+01
4.120737298437768814e-01 1.243700331268236248e+01
6.496089189713827317e-01 1.178035426220207427e+01
1.297416438445868181e+00 1.152321189787059375e+01
2.099065531836137311e+00 1.226874831369448948e+01
2.147428746333353899e+00 1.222349603505691817e+01
5.240815018015730908e-01 1.242222858437852295e+01
2.061819646037150733e+00 1.172319579833882841e+01
1.526011652103754113e+00 1.187945311957688688e+01
1.634104980989150580e+00 1.234544347303135581e+01
1.356261321621859528e+00 1.213924831454228404e+01
1.878157483238457992e+00 1.209729114805232797e+01
6.307111904940250202e-01 1.196689956207843331e+01
1.948066470422900043e+00 1.153419878247147956e+01
8.563222348964327768e-01 1.178377119092257708e+01
1.910993160469914853e+00 1.205953480338536643e+01
2.372742677691034974e+00 1.201002634811957392e+01
4.898899654633625533e-01 1.261126882659186421e+01
1.734933448725090477e+00 1.185223674148032202e+01
1.871822191857573259e+00 1.258602591853734332e+01
8.439818460454373561e-01 1.229664887909965287e+01
1.171426365019254012e+00 1.196586011582573938e+01
2.006308600722161994e+00 1.164628305746116155e+01
7.601314002538661629e-01 1.225961674753386355e+01
2.144831331868958024e+00 1.178435840929904543e+01
1.859427725140237575e+00 1.190395759340538362e+01
1.150600604891961254e+00 1.185990562780639834e+01
1.920163021580204132e+00 1.131456618669871972e+01
1.749994723618413683e+00 1.208105989327514784e+01
1.487574950315151190e+00 1.163882113243735894e+01
1.568155367240705811e+00 1.151103509948467796e+01
1.077210026511930208e+00 1.217372753062396562e+01
1.128301843911699409e+00 1.216529068057840668e+01
1.904612088867396524e+00 1.218965354232424403e+01
1.650214285331474073e+00 1.220402445168175554e+01
7.792649006832588210e-01 1.227349909393101157e+01
1.221230545779695253e+00 1.180214511193523208e+01
1.981978986054407921e+00 1.201752776605832373e+01
1.274258110940148958e+00 1.224709111836700970e+01
5.341211431901997653e-01 1.214480866117989244e+01
9.633135320754101505e-01 1.179369825669925476e+01
9.999923780922443939e-01 1.180162833421596247e+01
5.334699822452469986e-01 1.293475511918121690e+01
7.225190321151446771e-01 1.267874432169127097e+01
1.674708334891604533e+00 1.171339541081371927e+01
6.563594985526304271e-01 1.170963706342511657e+01
1.278973979257993054e+00 1.243419241933376362e+01
1.351784208461972669e+00 1.239798164777417888e+01
4.797507866674436405e-01 1.206953718401106102e+01
8.057083576367626288e-01 1.176311596140548055e+01
1.892365136684078797e+00 1.160419931915540559e+01
6.119893702236235411e-01 1.204386063833949905e+01
3.769389135913173150e-01 1.283697513162164050e+01
1.278245454117175495e+00 1.186437713523128856e+01
5.987683578989847488e-01 1.186467368112877985e+01
1.113050501937954406e+00 1.250613998922275449e+01
1.187972462202575352e+00 1.172627573857770145e+01
1.654069517175712933e+00 1.233302039361553071e+01
1.643998029857796084e+00 1.194131434418629389e+01
1.260101332978785571e+00 1.173579343069035374e+01
1.361962876866079863e+00 1.209977925362123585e+01
1.959340427769378667e+00 1.133001855383475309e+01
1.391373246068547731e+00 1.213096864780048101e+01
3.942662066700019508e-01 1.262111326737807637e+01
6.028528955370454634e-01 1.235546357892392422e+01
5.129474960751188028e-01 1.245067723529174408e+01
1.870886479513052869e+00 1.180059779868759229e+01
9.553085397785886501e-01 1.220751080946755884e+01
1.843867208661567281e+00 1.128682891504309360e+01
1.755064849455584941e+00 1.185700124311533266e+01
4.781393798198360634e-01 1.257784707595084583e+01
3.333919714464749218e-01 1.302954029903091104e+01
2.054706773782605023e+00 1.215350140301783988e+01
1.840895563835244886e+00 1.250195887190163546e+01
3.788390454118829020e-01 1.303852338253124366e+01
9.459834798949006140e-01 1.217790710812445454e+01
1.191352366005028030e+00 1.226257300932761574e+01
9.848605731188102563e-01 1.218696959415580849e+01
3.809838771919119016e-01 1.285900033563267364e+01
4.479153374836093437e-01 1.276710168176316174e+01
3.624844377285817432e-01 1.328546827203702385e+01
6.503909522347776084e-01 1.203632420130241876e+01
9.919362910561428937e-01 1.205627432405276522e+01
4.275239152104962082e-01 1.225500313235633065e+01
4.544745168519975231e-01 1.271784302638955566e+01
2.181098065746634340e+00 1.218390911040985003e+01
8.751823740004597285e-01 1.225987463460491789e+01
4.407076867016658239e-01 1.257169625054357631e+01
1.292497833851465439e+00 1.222790938664189220e+01
3.402454750844697839e-01 1.326353352977939615e+01
1.374232420694451617e+00 1.251583528291913439e+01
9.345015549759516649e-01 1.183980811478719097e+01
4.703587632423427700e-01 1.241738361727353812e+01
1.993658138403011426e+00 1.201052352686577862e+01
9.678052175300277948e-01 1.202239397882451755e+01
1.021302837284528975e+00 1.240322344054882642e+01
1.889784134795731374e+00 1.207068089770588060e+01
1.196538492081546501e+00 1.222721577381307512e+01
3.837264069157587110e-01 1.273965237606260459e+01
7.634461631838664886e-01 1.251998109508095780e+01
1.437163104088068133e+00 1.235703133422241962e+01
1.066420920207695300e+00 1.203890634982284702e+01
1.406801365121148617e+00 1.180225958987911206e+01
1.007096702261917054e+00 1.209363572451735003e+01
7.192323468950342358e-01 1.208850612921414580e+01
8.897719861545727582e-01 1.160929136698265474e+01
1.924940878394194366e+00 1.219194366884037883e+01
5.415018581340188542e-01 1.260531444808609791e+01
1.684844375949269946e+00 1.196935448975458094e+01
1.321565914909688999e+00 1.231910376385705774e+01
1.312746918376329841e+00 1.231927546651196614e+01
1.975291856844142435e+00 1.250268134225561667e+01
1.842271265335843289e+00 1.132263596081948620e+01
8.667405486831085693e-01 1.183645183457474381e+01
4.269934896215599740e-01 1.275566676350046613e+01
5.452365238783689616e-01 1.236980777081417138e+01
1.899344533030040916e+00 1.194332120442981449e+01
1.882688473464884327e+00 1.233368933004601331e+01
4.113287634563612127e-01 1.224311068538622038e+01
8.189511050195101838e-01 1.190889054112459000e+01
1.034570107064601840e+00 1.238281706394720771e+01
1.643969029445459418e+00 1.146427508526410222e+01
1.218528154173161182e+00 1.223298694244981455e+01
2.094560080887096110e+00 1.218728441275282748e+01
1.868461040144000274e+00 1.223243643773191103e+01
1.562963967649471098e+00 1.231875347352722905e+01
1.051396550673427965e+00 1.195775482219801056e+01
9.611926962177216316e-01 1.143795144019409626e+01
1.848236494685911335e+00 1.210145199676451888e+01
1.904471567687612277e+00 1.228438898995413631e+01
6.230672003109722912e-01 1.234346174691061293e+01
1.159976599623692595e+00 1.205264739698980492e+01
1.380942269662962740e+00 1.194430035827101477e+01
1.694704416896780641e+00 1.225701952157338148e+01
4.075135698055805666e-01 1.288482065022223821e+01
8.955167512700138444e-01 1.218126147433815909e+01
2.000481454207103660e+00 1.165301591992629859e+01
5.672489891059043776e-01 1.182838211693207064e+01
6.187087299697437981e-01 1.226410770491851565e+01
3.506358528596352775e-01 1.297763679718642038e+01
5.943022713830492521e-01 1.200702852972661994e+01
1.356819526051915581e+00 1.230772164972840521e+01
3.251875249017416869e-01 1.296217554483413714e+01
1.376315459306731936e+00 1.241606706943322003e+01
1.797160575128398330e+00 1.166288382145950031e+01
2.224458106906827215e+00 1.204133332540816603e+01
1.682119270013574752e+00 1.213181224275908221e+01
3.481382866154139610e-01 1.325705100886456833e+01
5.849154946808179378e-01 1.237833469465666880e+01
9.827869039203350754e-01 1.222714517487697705e+01
8.099667971943963485e-01 1.224348246758547631e+01
2.035246953671372871e+00 1.147789096420047983e+01
5.496052242095960105e-01 1.191397727385479755e+01
1.961731568038630469e+00 1.127087559331523003e+01
4.243194472094432013e-01 1.267400444136097626e+01
1.650193790631927282e+00 1.230683826185267726e+01
1.097131132980772250e+00 1.207919431398592813e+01
1.243825856753577819e+00 1.255013144093863175e+01
2.068719749852305334e+00 1.184126311179868907e+01
2.183632862928222007e+00 1.126623003565550363e+01
4.037550300398152769e-01 1.318107994638756431e+01
4.153802147363624409e-01 1.247399285069875852e+01
7.190083513098889378e-01 1.163414967418744617e+01
5.560840785017551191e-01 1.202526064971177355e+01
4.622396526330809219e-01 1.207950461857070401e+01
1.115999405166703928e+00 1.192816891115410449e+01
1.673470499602582873e+00 1.178871344659600240e+01
4.476794876310662974e-01 1.248645794595956993e+01
3.375684784964594898e-01 1.302063848769770971e+01
1.089055254662407934e+00 1.221861175299166646e+01
9.635898791430879129e-01 1.188151502105330870e+01
7.812712564903057100e-01 1.211624430270541275e+01
1.815241362933974090e+00 1.203245163304001331e+01
8.541001857636444372e-01 1.217533104459112892e+01
1.058190873948222865e+00 1.180695109671801646e+01
1.401343168426794294e+00 1.177162039908709623e+01
1.580072323950685975e+00 1.190444270371656366e+01
1.583696064134315185e+00 1.240496304043493403e+01
1.779574331558021694e+00 1.201909239577817523e+01
1.584221308340121093e+00 1.197680835841491387e+01
1.617421611664315417e+00 1.255765279745160790e+01
1.108804500199590981e+00 1.190797753738741172e+01
1.430755458681754577e+00 1.245374318785001755e+01
9.223854294554748590e-01 1.197473692202708939e+01
1.057434208238938522e+00 1.191298855776459753e+01
2.096729067984765216e+00 1.209141009842468861e+01
1.963995579706746097e+00 1.138298443079569822e+01
1.426357654218104898e+00 1.245957553484823066e+01
1.845905379468634200e+00 1.220905326240200850e+01
1.599605168421460499e+00 1.255289281578676608e+01
1.421809087671235261e+00 1.217673119023299755e+01
8.878844514098890306e-01 1.220340610114973323e+01
3.857077622053228794e-01 1.298635067587118641e+01
2.001096423863376828e+00 1.143117080900638882e+01
7.276516608418808207e-01 1.244801263470123764e+01
7.215334268218066560e-01 1.161092302487289984e+01
1.966289365411191703e+00 1.117722581404918181e+01
1.710735425670539600e+00 1.182402662442635055e+01
1.968171038251546934e+00 1.156209329172155620e+01
1.579074073037263215e+00 1.170455193347808631e+01
6.290753048827127936e-01 1.226909940898240059e+01
2.042466530097091670e+00 1.171881189515183230e+01
6.362431142108214699e-01 1.191732402813355129e+01
4.159981902027767853e-01 1.296950813157273430e+01
6.059682985473118233e-01 1.177986726961332664e+01
3.649656318955397660e-01 1.292440132202398928e+01
1.490872622707194450e+00 1.214868895577053820e+01
5.553544220627746331e-01 1.228883144845350905e+01
7.868057866089318564e-01 1.194984287127847544e+01
2.046172538101838523e+00 1.130145142318936458e+01
2.126858767833776032e+00 1.170849333755249333e+01
6.159100461662663228e-01 1.200162760756654734e+01
1.880591182098498182e+00 1.127835938842288854e+01
5.175851076404429651e-01 1.241147683067386964e+01
6.541157167310921450e-01 1.221625910634222656e+01
7.041321323474415417e-01 1.189160603792133664e+01
2.030643201816584753e+00 1.234063817582278766e+01
5.173226770671724983e-01 1.260123807976263777e+01
1.451958443142706390e+00 1.181890129553445767e+01
1.858381424506184265e+00 1.242983603760918143e+01
6.471552786242296129e-01 1.222020299015341394e+01
1.185048963038140446e+00 1.235145609981124082e+01
5.912097617825925466e-01 1.263538146354584768e+01
4.531274090784871422e-01 1.231838064681585010e+01
1.552741649072768348e+00 1.176615831286003555e+01
6.774329951771552727e-01 1.249287829742991640e+01
1.669351287886794877e+00 1.253549693694376366e+01
1.398029180952913508e+00 1.198243315941331488e+01
3.920220762239049472e-01 1.236188358523414088e+01
1.271276646803540356e+00 1.188713249377550873e+01
2.107167947153299359e+00 1.218935365439832985e+01
7.483669989015186985e-01 1.191605565045996862e+01
1.986026259791458193e+00 1.202936058971963540e+01
1.596309721255830372e+00 1.240530031035046754e+01
2.048491501400909076e+00 1.185977476248884876e+01
1.231737429171763099e+00 1.191134845640955753e+01
4.001484391225282322e-01 1.272822345756019757e+01
2.084459469899127004e+00 1.173427182999386531e+01
6.789227354840742246e-01 1.186660671611360307e+01
1.369389314709961614e+00 1.224600544622821197e+01
1.828145916467958543e+00 1.146855538420318865e+01
5.514392706975801417e-01 1.202873093820407568e+01
6.279269732897407863e-01 1.189443960830817915e+01
1.999377336358411306e+00 1.254879734047730899e+01
7.047085259694610970e-01 1.205151959262746608e+01
2.124132883763843793e+00 1.230210044416974213e+01
1.627717165620376827e+00 1.240547786747079861e+01
1.751855903373415346e+00 1.252324936094712626e+01
1.975964721914884370e+00 1.213874514024066542e+01
1.271401558483073346e+00 1.220557960199505843e+01
1.187031972708926242e+00 1.189365769640836845e+01
1.701542234167354950e+00 1.239837361729408194e+01
4.976628580205625929e-01 1.254085349697668406e+01
4.684296087296663247e-01 1.263689937276425113e+01
5.299065575965302699e-01 1.182499159234326136e+01
1.348161492288568741e+00 1.245131143404152674e+01
4.156301561440802206e-01 1.254159414916840909e+01
2.168591960462889823e+00 1.130970569820158644e+01
1.884095206748031881e+00 1.197181300971758944e+01
4.588654742417366816e-01 1.215417005286855634e+01
1.757910362527280501e+00 1.191847765014819416e+01
2.026109258533310697e+00 1.212970324886247120e+01
1.327831466558737405e+00 1.217809441330759057e+01
1.529882326251511993e+00 1.232551093644447171e+01
1.679833841708138653e+00 1.202506187686466355e+01
7.588406674761656312e-01 1.232829600505993284e+01
1.690789843913695467e+00 1.227828133102005559e+01
1.347711377927639731e+00 1.240346919113949475e+01
2.960704836248194138e-01 1.320075735769417768e+01
3.119154345470891432e-01 1.316696925872847856e+01
1.207528598697136024e+00 1.230571323462697642e+01
5.679844129881640447e-01 1.282585509667396018e+01
2.035362598671853984e+00 1.177337365633894883e+01
1.743228712966997884e+00 1.197495522002109603e+01
1.437828095837780262e+00 1.202212623657545620e+01
4.573250628292452880e-01 1.248998981866080094e+01
3.288107702452140457e-01 1.302176728461954447e+01
4.213322595233430778e-01 1.239080430491242169e+01
2.169128898316578180e+00 1.143933668032527429e+01
3.948894818876736434e-01 1.289029629057062110e+01
1.526757169035352302e+00 1.207863180358351940e+01
1.842729944537664366e+00 1.225327459598436519e+01
2.005556095499331004e+00 1.217660273965145912e+01
2.220187204362642053e+00 1.202549546785534318e+01
2.074484047742364723e+00 1.156031197584686154e+01
1.538912986039905784e+00 1.247596284751804774e+01
8.795747881830168202e-01 1.228563715363753950e+01
1.399441864174968853e+00 1.208124731608617353e+01
6.106572366723346246e-01 1.200245268456244396e+01
1.205942746445989311e+00 1.207378154794477432e+01
8.420521487685539430e-01 1.237957924005037569e+01
4.889976626461294273e-01 1.245878326795009983e+01
1.575086544845387682e+00 1.202779591254672731e+01
9.745670205157872523e-01 1.220276163738401820e+01
1.612123808140228709e+00 1.158208902123109851e+01
1.128464957793637646e+00 1.244790182269874101e+01
9.382399331962462119e-01 1.213356031650104860e+01
1.010894868351974507e+00 1.210671993381353495e+01
1.774014339143912267e+00 1.208749765226919948e+01
1.622708795167295825e+00 1.193144699722831170e+01
4.893132882558252073e-01 1.212306382280255868e+01
1.587369248048874137e+00 1.218662906308319016e+01
1.739740686399514402e+00 1.223209343141233951e+01
1.732758919035523926e+00 1.162262978350463705e+01
1.630474816425258044e+00 1.255609140597032081e+01
1.984036556709371624e+00 1.219501196901198092e+01
8.091957985762364691e-01 1.199275655824087394e+01
1.003268207490782826e+00 1.230835398134151859e+01
1.424670276406703184e+00 1.221095344921418757e+01
2.054363211260315403e+00 1.143672144940692448e+01
1.936808102450543023e+00 1.123018169383006004e+01
1.389319602292402811e+00 1.194064788601868798e+01
2.004111491742620821e+00 1.210478922011714253e+01
1.419256366960237825e+00 1.212195319803060301e+01
1.894956054444853155e+00 1.223563904781824974e+01
2.005121474831696560e+00 1.095810385082450722e+01
3.426828014706408410e-01 1.289429840607525080e+01
1.965643198183417928e+00 1.228845478897754795e+01
1.564152355755449086e+00 1.209261946469486837e+01
3.236526456464539625e-01 1.311398840209860772e+01
2.027238999343528469e+00 1.213887380495564017e+01
1.774113501507632806e+00 1.249734087757905421e+01
9.154820687938690638e-01 1.173554618753299295e+01
7.242758559668949214e-01 1.198021529596805834e+01
9.700941919326655505e-01 1.215468699317532320e+01
2.014395169718417922e+00 1.209728905376771380e+01
1.386261715789020688e+00 1.187136335387011954e+01
1.730684501090275162e+00 1.213317217318899743e+01
1.972717065833559325e+00 1.148515536446613439e+01
3.699600193682839877e-01 1.286108597587783287e+01
4.114782299638194418e-01 1.277080520056890300e+01
1.826347747172499592e+00 1.196064955628561144e+01
1.512861718325371641e+00 1.196995329403755726e+01
1.182008540680202113e+00 1.205014588367195572e+01
5.524978104682359836e-01 1.222067905985299063e+01
1.121610450163689210e+00 1.201637293045941668e+01
1.371464553659614838e+00 1.212824985700525282e+01
5.066976910779427135e-01 1.196287189120153904e+01
5.091877411527425679e-01 1.210287712513525271e+01
1.576374972370606864e+00 1.185866629791646076e+01
4.078910532140277989e-01 1.257013262637356021e+01
1.858605507551948977e+00 1.228316410988687934e+01
1.439566979792994417e+00 1.162788931678455739e+01
1.908579322251816146e+00 1.232417333979882557e+01
1.758140087687810604e+00 1.157543394651376190e+01
5.159076404203418731e-01 1.205182494942142846e+01
1.711271041826169848e+00 1.229724681194217872e+01
5.641854951932939732e-01 1.239292500043085710e+01
1.204675019971334082e+00 1.237005913497950793e+01
8.740650174447167631e-01 1.206525835892642817e+01
6.472955119420560344e-01 1.213430845911028122e+01
8.732285233089304155e-01 1.171186020954366569e+01
1.960146795084923177e+00 1.225028045824701017e+01
7.008461203982383481e-01 1.251755660465177300e+01
2.006227071955241748e+00 1.164602126883700528e+01
6.309059350352034246e-01 1.184885477189817493e+01
1.279195712279628028e+00 1.195576345311698496e+01
1.714355016615062288e+00 1.248932677786652690e+01
4.645994173765817803e-01 1.209352781642372499e+01
4.458812936237860902e-01 1.215982068764038360e+01
5.868052874773782568e-01 1.252748709558709983e+01
4.704409457300486319e-01 1.239078041034880329e+01
1.636202924873841225e+00 1.191224372918682839e+01
3.742071281084486944e-01 1.273642757601051123e+01
1.834350466807691538e+00 1.212545342321807951e+01
7.806401646274538919e-01 1.190322884599343567e+01
1.327864902298457661e+00 1.242268661679747055e+01
8.111015468990977473e-01 1.205609012384743117e+01
5.673723116228632790e-01 1.172279689610549980e+01
1.352042683893475372e+00 1.206744789109384364e+01
1.200844206457282626e+00 1.242705912691936554e+01
1.386641423169790999e+00 1.234744725835556167e+01
1.171000959317986201e+00 1.182505755343244935e+01
1.311700946739413398e+00 1.231376533610160884e+01
1.571064335639632104e+00 1.216923132420784270e+01
4.968449631401741229e-01 1.214519862932185923e+01
4.947707360862020898e-01 1.225929741837511244e+01
3.394360361633301792e-01 1.326134149803311146e+01
4.986850930151804362e-01 1.215541100312108824e+01
1.824598731246307004e+00 1.132257406003259526e+01
9.428000714106875568e-01 1.202391223585881974e+01
4.396054451283096798e-01 1.268240364436033119e+01
1.993644520441806067e+00 1.213447512904614634e+01
9.672081241643394334e-01 1.174302934808473076e+01
9.855603843470783776e-01 1.201521177764081472e+01
7.586736219926929481e-01 1.233247709176644413e+01
1.781257707834210224e+00 1.216266272726124065e+01
1.777610709760604646e+00 1.215639792619695925e+01
3.860753058868885979e-01 1.303741114429316994e+01
1.815334613864407753e+00 1.228960448591598542e+01
7.261295945955430486e-01 1.233192781543454863e+01
1.749747309301696863e+00 1.155613957007824233e+01
1.658223213956660835e+00 1.246413424138215298e+01
1.552416472391313418e+00 1.232789035010151402e+01
1.543736562357045150e+00 1.151906310729771654e+01
7.766085881131375990e-01 1.228377694319950919e+01
1.061197126217438447e+00 1.232359032828397538e+01
2.155948345163935631e+00 1.196654455959983565e+01
1.558357653558573697e+00 1.247642442295791732e+01
8.686515368479097443e-01 1.158749871905376594e+01
1.171328890873160056e+00 1.235163303372021382e+01
1.156433572697943113e+00 1.199241857273825040e+01
1.521086583521981117e+00 1.228284111336582285e+01
6.128529561504397760e-01 1.261912509017320438e+01
1.630221169387285229e+00 1.211849071762139474e+01
1.495275683273929568e+00 1.151378719076238610e+01
5.778900438187400956e-01 1.192775294980469170e+01
1.973511722649424982e+00 1.193910509275956322e+01
9.401943993188350834e-01 1.228132365585311980e+01
1.082582393376634533e+00 1.224790011401512224e+01
3.727679223868713976e-01 1.321526159147362023e+01
3.922024976173467681e-01 1.290224530351760812e+01
7.097961759818131044e-01 1.233016065506859604e+01
9.990403124015152514e-01 1.203902861179170714e+01
4.730162122361971644e-01 1.199274904846219769e+01
1.003065327422660857e+00 1.202059178125279004e+01
1.510586134786617185e+00 1.188158560798228436e+01
8.573541917815326041e-01 1.164938167366932120e+01
2.072757333550744541e+00 1.121298422991908161e+01
4.342719277175363657e-01 1.256262108182653847e+01
3.786795532645246820e-01 1.322834671567148845e+01
4.292082885420407390e-01 1.256381908962924321e+01
1.302296472746191425e+00 1.233346473684489197e+01
3.038877797921524793e-01 1.347994822946815496e+01
1.696777595861596710e+00 1.191020354700384409e+01
1.972323791086835643e+00 1.195378905177104478e+01
5.746941654675020716e-01 1.253080565681284497e+01
1.423229341897362721e+00 1.180544621194080968e+01
5.646921310402629457e-01 1.222208629180057748e+01
8.317423232382585851e-01 1.203823418329027461e+01
5.186428209324208671e-01 1.211692146534083925e+01
4.290639895107377089e-01 1.276576443111111914e+01
4.472457336891815793e-01 1.263206348560397529e+01
1.958113485345886584e+00 1.151675400315776621e+01
1.800417968359148579e+00 1.170759611627565633e+01
4.769325688104142369e-01 1.231023970471411921e+01
2.088009371825766181e+00 1.219327515443632137e+01
1.564031646045112023e+00 1.205343400433025280e+01
1.825954223908392571e+00 1.183202015913104610e+01
1.204478430193819172e+00 1.209602771552636824e+01
7.022311147524659125e-01 1.199177497052675889e+01
7.749307334378067180e-01 1.198483610527462240e+01
1.875349728650559600e+00 1.128240087610756248e+01
2.087375313261933929e+00 1.155087193042620264e+01
3.110672771620976995e-01 1.298455069895452141e+01
1.830400114869962458e+00 1.161337396631130403e+01
1.178097847977101376e+00 1.194555963963142098e+01
1.888992123741179752e+00 1.230476180107083373e+01
1.534828388130627719e+00 1.226775917847455410e+01
1.935747921216133260e+00 1.207512349727870848e+01
1.247414422578768889e+00 1.192164638114477349e+01
5.646712618964557784e-01 1.254930615727467469e+01
8.088554230663184130e-01 1.166509473316408751e+01
1.847429392415988358e+00 1.191217205974876414e+01
1.319152775776231801e+00 1.186052080245519669e+01
6.971654590483790104e-01 1.205225684081534610e+01
2.019081273079506467e+00 1.081754714083624691e+01
1.390328464089169103e+00 1.216397822227044756e+01
1.761514761849038546e+00 1.163081185248308280e+01
1.620311832656323947e+00 1.237805744425052801e+01
3.572202354248725786e-01 1.277654126735684059e+01
3.450683812520288773e-01 1.255933074513172443e+01
3.682083552038804553e-01 1.301411632703271692e+01
1.554899023618248499e+00 1.202910730272875561e+01
6.184673125557774709e-01 1.206127857509676105e+01
3.437350963961955941e-01 1.311845544859119173e+01
6.815696773648215467e-01 1.229818688584350284e+01
4.384843090135960297e-01 1.278873838731053070e+01
4.706756165426305705e-01 1.300469189702687345e+01
4.462464376541810385e-01 1.237940973138198686e+01
5.424143104034492291e-01 1.238567838545247213e+01
1.549392691464594130e+00 1.193806085265874017e+01
1.066398786869350523e+00 1.247050602938311492e+01
6.583956208486594353e-01 1.197073460066387440e+01
3.650167591433622905e-01 1.269841835038788425e+01
2.126935570288954747e+00 1.160661569024079931e+01
8.718399769118316822e-01 1.209089628919417336e+01
6.051042784954446807e-01 1.170340094939372122e+01
5.416893683066678067e-01 1.207458482298283542e+01
2.042751622128444744e+00 1.228600275597465696e+01
9.489650227968252638e-01 1.235420576507927137e+01
1.308105872239297751e+00 1.224304469636140702e+01
1.127756086283314696e+00 1.222845967300052550e+01
1.191251854855800429e+00 1.203271197882575017e+01
5.669645582180203869e-01 1.211965629256030397e+01
8.005534622022657532e-01 1.155667044016076694e+01
2.008519050624027802e+00 1.095094237473469612e+01
5.286464456785893162e-01 1.221933021485482307e+01
5.361719952300805225e-01 1.229916777629592772e+01
1.924775817569920333e+00 1.147139449981952630e+01
1.234330183201712616e+00 1.183518732139907037e+01
5.704497851526084684e-01 1.179702487375983466e+01
8.123237491920396458e-01 1.167340689169781953e+01
1.398742180712780225e+00 1.179171428300201008e+01
1.765663662716860260e+00 1.203086256479209126e+01
4.272574534731317653e-01 1.261064160891345232e+01
1.419905041504834875e+00 1.237001383071911675e+01
1.725636281090415780e+00 1.199157577745038594e+01
1.680521568518347664e+00 1.257411673138785702e+01
1.397253564729897812e+00 1.229348814716266425e+01
2.131158222294575300e+00 1.198949211340553056e+01
1.457371865561856605e+00 1.223560275924483243e+01
1.879553337866450180e+00 1.230348254382709250e+01
1.599580314165482520e+00 1.214950539505407257e+01
1.137743435273173453e+00 1.233475831140931156e+01
1.537935197616719707e+00 1.214472486206658353e+01
1.948176718002298857e+00 1.196933034521186023e+01
2.002946731278448134e+00 1.215413471952646951e+01
1.986298275899994081e+00 1.202912315995026837e+01
6.344421303702907355e-01 1.173798156226967926e+01
4.053487023539760759e-01 1.231462451315170803e+01
1.539633123702909945e+00 1.183663642686441619e+01
1.758108936770734987e+00 1.199122421292704210e+01
9.467501768271326945e-01 1.213049109543501203e+01
6.671472562841159748e-01 1.238334172501452812e+01
1.846599255031306175e+00 1.133709870119184693e+01
1.495132259489834636e+00 1.157797691296689990e+01
4.371274156639137209e-01 1.240874670616289421e+01
5.699715105383778013e-01 1.261579228633801542e+01
3.558220707098526669e-01 1.295689652047207119e+01
7.177990755753727026e-01 1.185547676538639550e+01
1.970503715259626087e+00 1.175763923693525825e+01
3.905446552760805101e-01 1.260828089757316128e+01
1.360832460532279464e+00 1.235225760050257371e+01
1.721426172362922280e+00 1.163196030929511693e+01
1.162710898485965538e+00 1.212740426948292161e+01
2.058757995636774751e+00 1.254474440361493492e+01
1.329495689417538928e+00 1.158274848850190608e+01
4.410090119788870333e-01 1.231823803924194571e+01
6.299582002419914506e-01 1.193871666727441294e+01
3.613591156751553291e-01 1.270182205633135730e+01
9.170176192754636579e-01 1.207117548253263628e+01
3.168144176438862369e-01 1.324774816892173135e+01
5.704592599602630321e-01 1.211932509306567951e+01
1.444616284605616974e+00 1.228563803283339340e+01
5.559335060585951505e-01 1.235019812780394233e+01
9.461791586252017439e-01 1.191760457844188892e+01
1.951999611700771409e+00 1.093980497259492246e+01
4.864889504551977439e-01 1.214979756208420802e+01
1.516238071788551522e+00 1.212037938751423560e+01
2.019292134622504786e+00 1.150815698159219025e+01
2.814707010397058951e-01 1.356461011724355714e+01
7.212866885920407034e-01 1.209507907044145902e+01
7.846953156829080678e-01 1.196190710943016988e+01
1.048363375904308725e+00 1.219035670060294230e+01
8.067088074954149590e-01 1.191579204754272681e+01
3.321575033267148425e-01 1.302113162895273923e+01
9.464190332604265343e-01 1.165614769211871860e+01
1.150236365715333831e+00 1.210138493765035861e+01
5.901862174648125903e-01 1.187039059556333065e+01
1.175574035749446411e+00 1.204800808107633436e+01
9.014380923378600974e-01 1.226414572761916055e+01
5.289203745535594470e-01 1.242562723814506498e+01
1.911415442943668497e+00 1.182358826305384447e+01
1.521328360713448902e+00 1.184378861333030031e+01
6.782092491406181978e-01 1.184568376752644525e+01
3.090476106444983162e-01 1.373238118452848866e+01
1.708154780210793922e+00 1.203601172766120442e+01
1.104971231535544662e+00 1.156341560669392088e+01
6.399930719866943063e-01 1.243924455553559660e+01
1.283035282356305373e+00 1.161048470211468420e+01
1.363819644111990970e+00 1.185915835943723629e+01
4.940606459241250192e-01 1.219880051076696503e+01
1.330552792309747989e+00 1.200736979314764952e+01
1.436330657521140752e+00 1.184218958467216964e+01
1.472802016928925095e+00 1.235508843405105495e+01
1.317998205508001952e+00 1.220132091044161626e+01
1.028255757161226747e+00 1.186677784148324299e+01
1.103520009860818885e+00 1.158660399176868161e+01
1.136825516994482310e+00 1.207428565071088222e+01
6.992367285942115984e-01 1.246173896029558925e+01
2.100247311511287851e+00 1.202084733530105964e+01
5.775195760390338107e-01 1.216733800025750156e+01
1.338966175225655864e+00 1.194169003047495892e+01
8.633898884452076983e-01 1.224271310587476158e+01
4.288546465881928893e-01 1.306724766279243610e+01
1.567726527896469824e+00 1.233044211735863982e+01
1.436057733616751930e+00 1.194208211815263354e+01
1.439860725149988863e+00 1.219630921760333209e+01
8.239180693688994417e-01 1.208079184633644054e+01
3.491578047791959460e-01 1.283456227494231605e+01
9.504122694433054797e-01 1.182753456353357002e+01
9.819988050840984251e-01 1.230668653209579944e+01
1.605344299992652157e+00 1.201688468985551062e+01
1.721979655949027022e+00 1.198333267956413550e+01
1.981842396099216641e+00 1.186520713598177146e+01
4.967142189968441479e-01 1.234586550224176627e+01
1.132007681222386708e+00 1.222617994221696414e+01
6.895021028471841618e-01 1.226928337488685550e+01
1.880627349027625739e+00 1.244614145957981677e+01
5.178352267136279163e-01 1.176003339966530525e+01
1.421376448628426603e+00 1.166561217840824938e+01
6.083714662678141316e-01 1.209084398361148693e+01
2.937433769515752635e-01 1.325531423106099638e+01
1.961356468353107285e+00 1.236141200831092668e+01
4.346477037302963753e-01 1.278380684749148521e+01
9.344791160924805773e-01 1.200891727122541575e+01
1.965585402658637015e+00 1.224566587253798744e+01
2.069604580546333228e+00 1.195627482572473532e+01
6.934070593062819921e-01 1.170067987722134006e+01
1.436639357323085120e+00 1.208565363056816544e+01
6.273454393035647891e-01 1.206799611787328352e+01
1.113604907934782062e+00 1.201629441191517778e+01
6.457860817900809014e-01 1.204479854811078354e+01
3.382899038433695993e-01 1.317868412071000073e+01
1.227675827970971412e+00 1.179149407989132747e+01
1.689752123556460317e+00 1.200063997022757256e+01
1.487535727725174617e+00 1.199959936266380289e+01
1.939219093745057076e+00 1.257360102010648895e+01
3.230335534827784016e-01 1.305392603556628295e+01
1.001247245149904819e+00 1.224105518651741775e+01
1.046191043456283554e+00 1.196044734460277681e+01
8.232755009131897950e-01 1.225325571802955515e+01
8.198332410879831667e-01 1.208521080907534362e+01
1.813369841233311908e+00 1.185323923852900130e+01
3.876115133435824589e-01 1.310046476787253766e+01
1.061444955968177783e+00 1.192148252992240565e+01
1.572601881592931017e+00 1.183304155050934803e+01
1.789878167867100300e+00 1.172899416807678463e+01
1.343304354289816649e+00 1.244901547822535193e+01
1.365976385059095577e+00 1.202703138609176925e+01
9.417912420153979891e-01 1.193331017867970445e+01
6.563578297757339808e-01 1.221397545558948750e+01
2.093686481950657541e+00 1.222051192956201326e+01
1.700294394353101257e+00 1.156194275843404284e+01
1.414723893281522038e+00 1.187728203526336479e+01
3.254958482295429723e-01 1.309594304188513192e+01
8.371308632880558598e-01 1.195916665359614228e+01
1.885647806439398444e+00 1.229966440678206041e+01
9.606714165733006849e-01 1.167876450482897965e+01
9.531562596875517990e-01 1.221224458282767955e+01
7.474769755493401169e-01 1.227358698052582575e+01
7.753588872130355858e-01 1.221972524163621543e+01
1.658392825120066139e+00 1.203273493695131435e+01
8.218985813208580238e-01 1.217863926397715169e+01
5.651356271050501645e-01 1.186972311760304422e+01
9.404697545141884607e-01 1.239280704546395029e+01
1.369906618251083508e+00 1.235396886830188556e+01
1.081114820945895616e+00 1.187585599362883571e+01
3.378740020782911579e-01 1.333636378755411656e+01
4.531526363032014615e-01 1.250100538678831619e+01
1.908595482168167656e+00 1.142719817016151573e+01
2.204051318731811815e+00 1.176230324415042361e+01
4.209762776447816823e-01 1.219968900773900877e+01
1.646329936856782750e+00 1.202262224726110418e+01
2.072127538676413305e+00 1.184475629231687321e+01
1.897864359052052086e+00 1.205359896595532376e+01
6.773808766269638904e-01 1.181561032129378574e+01
2.074314288419503161e+00 1.165283626623000401e+01
1.924798222474956022e+00 1.129978218895406883e+01
6.695097270921102073e-01 1.245006759129619844e+01
3.052180770897315876e-01 1.291272760312694068e+01
5.360590843238504100e-01 1.198856067446467222e+01
1.912425824942165065e+00 1.183499205111779773e+01
2.016077163427308694e+00 1.185890445242380231e+01
6.230517902072960634e-01 1.188295015569075197e+01
1.483065745553330483e+00 1.187869478649451338e+01
4.654515248840739861e-01 1.249645316175399579e+01
1.807981278954661875e+00 1.258165061659784101e+01
1.541529949773299712e+00 1.227374667389005403e+01
1.598574580033584214e+00 1.217371661595450405e+01
6.097449153306218061e-01 1.237126000555303840e+01
3.222548357519103845e-01 1.318397910073432833e+01
7.343486915227802614e-01 1.224698822418799438e+01
8.228781057531791010e-01 1.185898704733351927e+01
6.063688950400046851e-01 1.214030999839571479e+01
3.942097206700587719e-01 1.235638662567027346e+01
1.573149135835878454e+00 1.231170687162779309e+01
7.214328016886628614e-01 1.211497615737674316e+01
9.734242786527484981e-01 1.247283033052649159e+01
1.795339505199084362e+00 1.205073181533561133e+01
1.986652317663472500e+00 1.191498054631012060e+01
5.003924379249672372e-01 1.209298385841505308e+01
2.050885074546119569e+00 1.232837774417855137e+01
1.659341717601107158e+00 1.253420075403009548e+01
2.050611277345944838e+00 1.218784281972063077e+01
1.657740431210977805e+00 1.160132957607926407e+01
1.703721412093811116e+00 1.258551611868206876e+01
1.262377074557539558e+00 1.232315311379956491e+01
8.338855707234564818e-01 1.207091595229305803e+01
4.549556149060456911e-01 1.248144371448666234e+01
1.386095215078444465e+00 1.173517617744739461e+01
1.607655473274993696e+00 1.212713541850533971e+01
7.673934144880194541e-01 1.184588929889574693e+01
8.632312928917200701e-01 1.251845338821224018e+01
4.115749927275992870e-01 1.253711365303224667e+01
8.423021527902133654e-01 1.180999892857554379e+01
1.528652721557715699e+00 1.221357139459264651e+01
1.541443953294604041e+00 1.217764506890727638e+01
1.650681266460229724e+00 1.174734152135080656e+01
4.504756064610155875e-01 1.233649283757725001e+01
1.700854914609702950e+00 1.218975250392166920e+01
8.308454540827082679e-01 1.215800853406984139e+01
1.907504868866847891e+00 1.245855482676159909e+01
3.923785045609126665e-01 1.268004976319680388e+01
4.130601877384277310e-01 1.253217198256122344e+01
1.252024018878690415e+00 1.239696418267335432e+01
1.351760152462308406e+00 1.210609047756303625e+01
9.191505021573689316e-01 1.161298298896028669e+01
1.842261830637638598e+00 1.176972341371807040e+01
4.804417234665644965e-01 1.252593427912891855e+01
1.493591419782145602e+00 1.222348736033951155e+01
1.929959301254877246e+00 1.190200781747949499e+01
4.199479993062198990e-01 1.234321529900836545e+01
1.037807250349184418e+00 1.252278560685034670e+01
1.550786193139845004e+00 1.247903632775302007e+01
1.346271893812246656e+00 1.181226410576677388e+01
1.662644782268552390e+00 1.228932274580820305e+01
4.183862931759985693e-01 1.259113984988486479e+01
7.376095167568145206e-01 1.169771747429614805e+01
2.100980095785337731e+00 1.167261358169698404e+01
3.370112500913397535e-01 1.333224782172745115e+01
5.727986528114780151e-01 1.186784886494710634e+01
1.735559365496899487e+00 1.221245929566599209e+01
9.211658002394812472e-01 1.200764186890063101e+01
7.368284190908377385e-01 1.244816230832432780e+01
1.911380527521220785e+00 1.247813905124827372e+01
3.977685493070617362e-01 1.295966514913649803e+01
4.944398089078708702e-01 1.222141734419851034e+01
1.028607439338600660e+00 1.237742679319718420e+01
6.472571217300004953e-01 1.211159951829944781e+01
2.016957652382349586e+00 1.220761198207807574e+01
1.329303488243547937e+00 1.185773558623186297e+01
3.746757546252225124e-01 1.305244540027991107e+01
1.106479323612139076e+00 1.192134730704713874e+01
1.681825848025560788e+00 1.178480411539098682e+01
1.910763566561591853e+00 1.228417553217760094e+01
1.134501404444896444e+00 1.199490126701336834e+01
1.322056168197125681e+00 1.205390471019795484e+01
1.870002674919156949e+00 1.191836069504154061e+01
1.958792565583243883e+00 1.266131674553070852e+01
1.399902306546191522e+00 1.182909916287185226e+01
1.775195222565889352e+00 1.238863106970516448e+01
1.793094987674067164e+00 1.207140762349687968e+01
7.056799363649555179e-01 1.224895225525859743e+01
1.482841824814888909e+00 1.199756046501086360e+01
1.772018790519106934e+00 1.192720851007269012e+01
1.387627381553334649e+00 1.231605649779756639e+01
1.686102627025720668e+00 1.196014258193326008e+01
1.597865374406746364e+00 1.248467049320153421e+01
4.242501511700941252e-01 1.293457353647730734e+01
1.761627967802299910e+00 1.154411005578186611e+01
7.540648707344229651e-01 1.184161122791915588e+01
3.643645688076690980e-01 1.322160701044441744e+01
2.080746767350811322e+00 1.172013174092380261e+01
8.002499896682733205e-01 1.177604536338348140e+01
5.924103886098313065e-01 1.189920222213305045e+01
1.341116715471080800e+00 1.229312289799675817e+01
6.728172141811532558e-01 1.215603894163001542e+01
1.762403718795110930e+00 1.228351260894160468e+01
4.057575616092581883e-01 1.283819465928409542e+01
1.395800221109362749e+00 1.201102786823778423e+01
1.753188506503989608e+00 1.227071890909684626e+01
2.141390575019898712e+00 1.156980250016196443e+01
4.911437232472060099e-01 1.255343884141482569e+01
1.589851689386329259e+00 1.173107497369420216e+01
2.106102315813550341e+00 1.226666675359541792e+01
8.847443414302044173e-01 1.215873448844622118e+01
1.413574290078732254e+00 1.239939979381110469e+01
7.560197715525612816e-01 1.226903469524827628e+01
7.349915479766885307e-01 1.206700687470292976e+01
6.112352864642696115e-01 1.205515741123291207e+01
1.944750704463454660e+00 1.199058001624042014e+01
1.877030675129445880e+00 1.218360812359417977e+01
1.353141008159594705e+00 1.243663234233811998e+01
4.475087289732489482e-01 1.234889606298881404e+01
4.064561252995329554e-01 1.292205992562716332e+01
1.640456863262433895e+00 1.215399374651943276e+01
4.426181953292925297e-01 1.280598509324619982e+01
1.192433392319064422e+00 1.228811267400805107e+01
5.425400774114806923e-01 1.282244153564405664e+01
1.684282512079354754e+00 1.209552555551729469e+01
2.031187665623602534e+00 1.168073828578771867e+01
7.703434993182209922e-01 1.208342087251333297e+01
1.636996113027205491e+00 1.235380016954106353e+01
3.850246464021488957e-01 1.263421423880273409e+01
8.939821517534790596e-01 1.238795600994308899e+01
1.636195216885768966e+00 1.205919711949248807e+01
2.064864794909097689e+00 1.231930229136237109e+01
9.807908581873964193e-01 1.249899513260159800e+01
1.550452134119314707e+00 1.200281109984864791e+01
1.678547542143607796e+00 1.195674112661731137e+01
1.443318366688515209e+00 1.213041362817098445e+01
1.149150072404127032e+00 1.170396196900513530e+01
6.238811293247155110e-01 1.190294329731251821e+01
1.947031597693634097e+00 1.111687329452541739e+01
1.460742982973359805e+00 1.156214278014748409e+01
8.477522402341772789e-01 1.231389118709470765e+01
1.917358763466053162e+00 1.189781596378949047e+01
1.799562617732875403e+00 1.160393414734788742e+01
1.295117537462148638e+00 1.226221266984097902e+01
4.176825646849629536e-01 1.311736073560512850e+01
1.937126089527355655e+00 1.213597298790493362e+01
5.983698427513007845e-01 1.192237663009989035e+01
3.933425850069214857e-01 1.246911709962830450e+01
3.170926722977812084e-01 1.335982431738293208e+01
1.463413903482400524e+00 1.188574862688189526e+01
2.145502778196975768e+00 1.232843241262177258e+01
1.574493171596098140e+00 1.200386720343171554e+01
1.657070313407233320e+00 1.191491271582483336e+01
5.210749252197687253e-01 1.211486716262401941e+01
7.510654147649412637e-01 1.199474615847480052e+01
9.225706248679534927e-01 1.214650833929197660e+01
2.084823684549450551e+00 1.246021398369783917e+01
2.069163159586071554e+00 1.195713820457444676e+01
1.592643891171029003e+00 1.249025256560299546e+01
2.098788610662909004e+00 1.229309245020932728e+01
1.207193312457849999e+00 1.196358662454821342e+01
8.982519993880107023e-01 1.211461147885178846e+01
9.570949789731040269e-01 1.217842198271567078e+01
1.903958708881176909e+00 1.136013408927744983e+01
1.403231279377595175e+00 1.165513929313674168e+01
1.684174222924868625e+00 1.246528192673833857e+01
2.160148406243076025e+00 1.148168705044806259e+01
1.782045529153206687e+00 1.216747774134360682e+01
5.771257609715969572e-01 1.236484957357781767e+01
5.443180525557522742e-01 1.184599980715927892e+01
6.131453080884383677e-01 1.224220553364522956e+01
2.177554007721555163e+00 1.240415273124200013e+01
1.443127637396399265e+00 1.188766275894226965e+01
4.986066239568538450e-01 1.238346328850176192e+01
1.755373263822221030e+00 1.246575839610085623e+01
6.343005841704694170e-01 1.248986393045126064e+01
4.636771853816503142e-01 1.230416943918799433e+01
2.070948637243750667e+00 1.249774647218386470e+01
5.820982205818115984e-01 1.261625816476265705e+01
1.523577326283991784e+00 1.222650913992693233e+01
2.115933769907965889e+00 1.151288481727483770e+01
1.312993220872107125e+00 1.167694387683545010e+01
3.539258856492642491e-01 1.296339835885321001e+01
1.664270616169670536e+00 1.218166511773100069e+01
9.698673914073969726e-01 1.152955967534200354e+01
1.386673972458345672e+00 1.216112373667823654e+01
1.810617995789627122e+00 1.253689463492407086e+01
1.753961774359726444e+00 1.199088135176059389e+01
1.590909617746783855e+00 1.179170283010099141e+01
2.114917653570841161e+00 1.216017032050632452e+01
4.259821972994260464e-01 1.269153847478485631e+01
2.067265495637375050e+00 1.197644269812196960e+01
2.004893591479201209e+00 1.245697941942478515e+01
1.002818076237033784e+00 1.219565805034960704e+01
2.066113639338801544e+00 1.163366097706482982e+01
3.853343878627502050e-01 1.217367978507385651e+01
1.995478381907566323e+00 1.245940762647135891e+01
1.418939732799727960e+00 1.256084024190419868e+01
1.613467179601117518e+00 1.186404993522463869e+01
2.023151271839217280e+00 1.129293758057265507e+01
6.130599603147416365e-01 1.203812076150442678e+01
4.529710551823957210e-01 1.266588690317190036e+01
1.677845183428663622e+00 1.205335948714666472e+01
1.189505662550752074e+00 1.175484411374881333e+01
5.582192408916142323e-01 1.197545026303457405e+01
1.762322217180766648e+00 1.158669861555708636e+01
2.097960656936905810e+00 1.243012471596217772e+01
1.206889681295995720e+00 1.234168189087833234e+01
1.512208617535897304e+00 1.203985142526118857e+01
5.576161431919136602e-01 1.233234878184884842e+01
9.758544207945872850e-01 1.170678288417283675e+01
1.891773386406401913e+00 1.187486450058305465e+01
3.994857520663887551e-01 1.234361156066175091e+01
9.749741076847372456e-01 1.198205890710289978e+01
4.786861071739873519e-01 1.281272108949617028e+01
1.373066602069562547e+00 1.183340963728336703e+01
1.996822766483018707e+00 1.201372124895761573e+01
8.519488370559479273e-01 1.173575768964487054e+01
1.805366644858927616e+00 1.140338891931166820e+01
5.614031451370483650e-01 1.193271731986110851e+01
2.136502376186341756e+00 1.252630515472118589e+01
1.772832353926906190e+00 1.223454760190217527e+01
4.928069239972031612e-01 1.202848156962919468e+01
6.724663128162539083e-01 1.156058756049377578e+01
6.315671783626355396e-01 1.192615378217840316e+01
3.602580879692930949e-01 1.297566944617771156e+01
2.032311383624013423e+00 1.163834675889492942e+01
1.861409143344406436e+00 1.257024929801722024e+01
8.760908239931537445e-01 1.190184393985521716e+01
6.006224287892468761e-01 1.276880765963047004e+01
5.870610046284951977e-01 1.198467657765878513e+01
6.353157233034807394e-01 1.234839503822024653e+01
6.524182406108340881e-01 1.192504020318670044e+01
1.861692731321655359e+00 1.243071283760377987e+01
5.316743459879149647e-01 1.226083418397942815e+01
4.393784858602789445e-01 1.220199431152938097e+01
4.603411153455397309e-01 1.251155826898427392e+01
7.937382745860137589e-01 1.206366064279992756e+01
1.778642887582426724e+00 1.189460059626165744e+01
1.562747744946090034e+00 1.192979040707741412e+01
1.556821628443016969e+00 1.207520872614895069e+01
6.434518978382388621e-01 1.199113581156909980e+01
1.509794682789442399e+00 1.247314239133325486e+01
6.009194501292107748e-01 1.166899862506528152e+01
9.079263124498643256e-01 1.200658749053615892e+01
5.499649991777528779e-01 1.208997861657962858e+01
2.021044512502543800e+00 1.090598893852574669e+01
2.995866751473922895e-01 1.349621418520754368e+01
1.564872019807338921e+00 1.239444339854903809e+01
1.034390435785746076e+00 1.219279807548515748e+01
1.253069050187246569e+00 1.214236892137475010e+01
1.117722554745726571e+00 1.217796360360618735e+01
2.103743913080330596e+00 1.256588465302733937e+01
1.620113191880575565e+00 1.203475619822760834e+01
4.977235754821966451e-01 1.253387840938898279e+01
8.052720430322191092e-01 1.217966362482271769e+01
6.013226072602864125e-01 1.188000498933628357e+01
1.578741910875188115e+00 1.179031878454399340e+01
9.625794849252662377e-01 1.208378719198578288e+01
4.632753094023860374e-01 1.205325121584098547e+01
1.963450162584587488e+00 1.224628355987577955e+01
1.176136129518649875e+00 1.199878965131671116e+01
4.888710335595672918e-01 1.247332656748677415e+01
1.122302824043616365e+00 1.216521314449304469e+01
6.880139839090716469e-01 1.191823664544822670e+01
4.586951156870047175e-01 1.194507627630688162e+01
6.278001086155534649e-01 1.217220052045328771e+01
1.665825027704902705e+00 1.223558349187900518e+01
4.839955547822615278e-01 1.205970257708474769e+01
1.545281661003562235e+00 1.206738421770884884e+01
2.052327081703270828e+00 1.137099282305455539e+01
1.338320652290455826e+00 1.241531360955082341e+01
1.260099877967269189e+00 1.243701501122014186e+01
1.036451613451423892e+00 1.171745831289885587e+01
1.480907750960218872e+00 1.173613599282012032e+01
2.092368264945822176e+00 1.152780117256592973e+01
7.403792788969320027e-01 1.214072667090158220e+01
1.067674072508378869e+00 1.208353620898997249e+01
1.802698029565172222e+00 1.172135673030016889e+01
9.083412480018071555e-01 1.232679262218352711e+01
1.703767552628757453e+00 1.233442039036071947e+01
1.949006681871853663e+00 1.127453425630492312e+01
1.119779964811439932e+00 1.193285459242543922e+01
9.088819845165692080e-01 1.206498975676233343e+01
1.553686642976519261e+00 1.230525374625631230e+01
1.956715053730408549e+00 1.213155497185958609e+01
2.029642370618083724e+00 1.199231854327240754e+01
9.093697382841314791e-01 1.208040873883623689e+01
1.700087797939258571e+00 1.247580727306715431e+01
1.184183934107852165e+00 1.215879246532513314e+01
7.554100303657843574e-01 1.215471372400484817e+01
4.307719833939384624e-01 1.275731352976550070e+01
1.823230028679459602e+00 1.206873228707376633e+01
1.285205279272040979e+00 1.212891686668981883e+01
2.093026255605590080e+00 1.169084561762086416e+01
1.566086991646643334e+00 1.183582039549875731e+01
8.215657080724975136e-01 1.250303216330788736e+01
1.967099183798140416e+00 1.197007760315097613e+01
9.916794590497044481e-01 1.247721201372909405e+01
3.859847441471578877e-01 1.290353837853113461e+01
1.199684164973110034e+00 1.180542461539027776e+01
5.096405678632556224e-01 1.221486229733352502e+01
5.409387536118988038e-01 1.244033574429978195e+01
4.816193946428304340e-01 1.239751464149244597e+01
8.710524469150660032e-01 1.236615822239885176e+01
1.069693620119560373e+00 1.195755893959961114e+01
4.501581038702389681e-01 1.248839820899635100e+01
2.857055969946372120e-01 1.363774365208699280e+01
1.548885954921994879e+00 1.235439486330391290e+01
1.658413271652644738e+00 1.251263078776730175e+01
1.617651622044556925e+00 1.235104689865251082e+01
1.775664479838996224e+00 1.217372497819492061e+01
1.363234621704348948e+00 1.241011626956964164e+01
1.034481562497606699e+00 1.205254158617590932e+01
2.023536766433164047e+00 1.154148834086360331e+01
1.924561151875914033e+00 1.249619283448649298e+01
1.125981665815765309e+00 1.206190015358744461e+01
1.383686423574407742e+00 1.228984859944393015e+01
7.973408416797707066e-01 1.228653543143714799e+01
3.782040510460439320e-01 1.286062081825384595e+01
1.238393523764611093e+00 1.220299835451306336e+01
3.333314712144185288e-01 1.305797615959979296e+01
4.084530025125244213e-01 1.240831662205456354e+01
3.607927141391169545e-01 1.311097019326753177e+01
1.988093087758117772e+00 1.233232732587658376e+01
6.790814036570320678e-01 1.221691251851522431e+01
6.681660616089015736e-01 1.230839199684350049e+01
4.483406419237085938e-01 1.234087557807941948e+01
1.016039646722550538e+00 1.169948513231345366e+01
1.387557713930743120e+00 1.206655546972410598e+01
4.337449011850449399e-01 1.297186984337397320e+01
3.403379596744011137e-01 1.328536422527898075e+01
1.489588418985027696e+00 1.219598566265950623e+01
3.873269718889231772e-01 1.243294816190785923e+01
1.123774509400913502e+00 1.185482779070587434e+01
1.613266688260401871e+00 1.206962866606014728e+01
1.845730789951045558e+00 1.173711603805968551e+01
3.327401553396364120e-01 1.282456289535874561e+01
2.118601515047322525e+00 1.173108320077748523e+01
1.044165145193234112e+00 1.197132252967701582e+01
8.210865660551849299e-01 1.234733422738401210e+01
1.883549829079697258e+00 1.251138274875862955e+01
2.086473201376963793e+00 1.195162392243052807e+01
6.666849573529932682e-01 1.202449418420028948e+01
1.958039810836764705e+00 1.252988974224688334e+01
2.025064217598868677e+00 1.107929601854733015e+01
2.052652368292463336e+00 1.168760005130727819e+01
1.477645862743330207e+00 1.237854221261542520e+01
1.589485837321828576e+00 1.145881577481706870e+01
5.943555957324488936e-01 1.212317111957170290e+01
4.895916618184680269e-01 1.253487996127003790e+01
1.454372819180686616e+00 1.221814002239554675e+01
1.716417867363668082e+00 1.244640653871174862e+01
1.576653841704888093e+00 1.189365160855852999e+01
7.540032288849671804e-01 1.218407987356001598e+01
9.421067459992800153e-01 1.219022764699218619e+01
3.550556406493218242e-01 1.296852698268481063e+01
8.685574743339595782e-01 1.182465332781388945e+01
1.556092489806866430e+00 1.211269038550198118e+01
3.573836638870486193e-01 1.277613839615915658e+01
8.077640402167911571e-01 1.178292834419763402e+01
8.550627633960156126e-01 1.194464051593874743e+01
7.101648352897956817e-01 1.214896503915008807e+01
9.040955796637720754e-01 1.211242030029537453e+01
9.227503671889455417e-01 1.189120592073382277e+01
1.949090995442606333e+00 1.155589706396844463e+01
7.343240590934679846e-01 1.226634870633844976e+01
1.758180764000036422e+00 1.246084982893921733e+01
5.638792443786019293e-01 1.234701924537691831e+01
4.597155190540468395e-01 1.272205846735904622e+01
4.908498539924954218e-01 1.283571202824061075e+01
1.829369538990485600e+00 1.196581676067645184e+01
2.120948128937166999e+00 1.216069001388683013e+01
7.818727194994613550e-01 1.221242484479788182e+01
4.253626204386503074e-01 1.259435800778333281e+01
4.219459047325107570e-01 1.264704681089324723e+01
4.284621632783189860e-01 1.235413043986181414e+01
2.030990918840805293e+00 1.148201235457736225e+01
1.710174200363847596e+00 1.193577643613818751e+01
4.783375952519439700e-01 1.274975338591662499e+01
1.429623367239819753e+00 1.213753679033807487e+01
1.974289563445233986e+00 1.230451058974959722e+01
6.326290230496364186e-01 1.199310849463536321e+01
7.370259428420258274e-01 1.199649149924648661e+01
1.363658927128916121e+00 1.213770949995079462e+01
1.256250499579636859e+00 1.221111535449431074e+01
1.285470537575920114e+00 1.150696879063449884e+01
4.594144877320898712e-01 1.257618120563740760e+01
2.121851362983119493e+00 1.218974617717959852e+01
1.640450121318395293e+00 1.180228771895338014e+01
1.065257934892310798e+00 1.194180885205493858e+01
5.838769171197045749e-01 1.202579078090014697e+01
1.804694226189750283e+00 1.230328158663476401e+01
4.723723341243724616e-01 1.218479107428169605e+01
7.547283100116297661e-01 1.210068630207357465e+01
1.153820468723699477e+00 1.233682451748184938e+01
1.125919075676226733e+00 1.214596942723429329e+01
9.850953346520355813e-01 1.191904945657248227e+01
1.286900606948796044e+00 1.185307191496026746e+01
6.694064459922772770e-01 1.224170835602744489e+01
1.656846894631396339e+00 1.221450821911836293e+01
2.007936985511961758e+00 1.134794495608365139e+01
1.761000980649211511e+00 1.171784438880133372e+01
5.442641359254549727e-01 1.212611478142682664e+01
5.829786902004817639e-01 1.231536939895516447e+01
1.479581607773165386e+00 1.211585181008308254e+01
2.133356119041192045e+00 1.173680970739919971e+01
1.338885723587835530e+00 1.219267424486810292e+01
2.062548917951230631e+00 1.150345061523601231e+01
7.554726909621898301e-01 1.200949299410233806e+01
5.810546095716898618e-01 1.231860649830770171e+01
1.528813140609082355e+00 1.206159294971703133e+01
1.712537988223785224e+00 1.174935055937245743e+01
7.499626358339738230e-01 1.215528401962262883e+01
7.259007743676628710e-01 1.219641207018311313e+01
8.053040011905393536e-01 1.211571296732209113e+01
5.808944721162693225e-01 1.188421062863306865e+01
1.361417009402204226e+00 1.217289996950986719e+01
2.038426808076247099e+00 1.207883882879811388e+01
4.621536707808873712e-01 1.237341829600659970e+01
1.192242422306620808e+00 1.203557496700346086e+01
3.826321534913466049e-01 1.292922443239299390e+01
2.128901885913073055e+00 1.156449242084612905e+01
1.304737618296344603e+00 1.201872504115477014e+01
1.064579312928573218e+00 1.192639506714311182e+01
2.995282440237156951e-01 1.308066707068524792e+01
2.552261364435847169e-01 1.429944516022814938e+01
5.066905381437815103e-01 1.187193053833892087e+01
6.278487029437276323e-01 1.166944122460882127e+01
2.192664856892645009e+00 1.150164486214011461e+01
6.122932954056022892e-01 1.198284884639200243e+01
5.664864396360019816e-01 1.247397107738642497e+01
5.622947687717572141e-01 1.223686189054743600e+01
1.780035176490687210e+00 1.220749987315507923e+01
1.401512664950931075e+00 1.195777774018020345e+01
2.249151954939265341e+00 1.161038068346057273e+01
7.054486935053394525e-01 1.208185224350988207e+01
8.719232177564631980e-01 1.170909482185416906e+01
1.934661189940530823e+00 1.203559181573429093e+01
9.963091318501944293e-01 1.224822514804970019e+01
1.793954908706084650e+00 1.253187185658008040e+01
2.057712005658316468e+00 1.193244269091486665e+01
1.968167460551919046e+00 1.237791406664993410e+01
5.237424378485547871e-01 1.213127645981671066e+01
1.056279678949174405e+00 1.136429924166822758e+01
1.901601792850235118e+00 1.215374054908373580e+01
2.018356675464709316e+00 1.159474342357439980e+01
1.887090674512441835e+00 1.249266215884066256e+01
1.206766810151920000e+00 1.175707690741262823e+01
9.428836641403275376e-01 1.175248885573794411e+01
2.009858936142522090e+00 1.182285802485819026e+01
5.332985808957344531e-01 1.213383001185720822e+01
1.108352892684143498e+00 1.205720151655985894e+01
2.122551917711493985e+00 1.157714545748938662e+01
1.347060534431715251e+00 1.184088961299370979e+01
3.172090996488673986e-01 1.324927503825930231e+01
1.051202903119544452e+00 1.169711698566377933e+01
1.740940620650085702e+00 1.180881842042543717e+01
8.425229363397938043e-01 1.210442643105344551e+01
1.698236707568382187e+00 1.215922513560819418e+01
9.361944754844975236e-01 1.192954303155002194e+01
6.327911317198924301e-01 1.241493061390958985e+01
1.140611422575137812e+00 1.223641641246401157e+01
1.257741871253027943e+00 1.240668143650684208e+01
7.797671119524843819e-01 1.187749215118386381e+01
7.077996006843803034e-01 1.170837735279212666e+01
2.062762324579649142e+00 1.205406864236004161e+01
2.086883124454713467e+00 1.261472544074473845e+01
6.491038384037777220e-01 1.247546781289956286e+01
1.410461266603474817e+00 1.240878115567234730e+01
6.947710771866746349e-01 1.203784457580921519e+01
1.626583426012522926e+00 1.241484504194828631e+01
2.029590190240394776e+00 1.185168139416800059e+01
1.383662732845502674e+00 1.200613346839182149e+01
1.241590204736046532e+00 1.208470276771364560e+01
1.663988794798840765e+00 1.167945598361673731e+01
1.466205189398034570e+00 1.217140055135145360e+01
1.251750653330401031e+00 1.211544263942354149e+01
1.044308346187541314e+00 1.213214752983416211e+01
4.569801163310342473e-01 1.236199664711220159e+01
1.566832563853001181e+00 1.245221126538654310e+01
4.195285604285826087e-01 1.258450102286723649e+01
1.178520533413548010e+00 1.197137329570772657e+01
3.186211046408050640e-01 1.307884743613502643e+01
2.844504773122342178e-01 1.459598927387644274e+01
5.150239517033521341e-01 1.197002238142961339e+01
1.048790553578847318e+00 1.196448226211068366e+01
7.264562149235065380e-01 1.183446927210912492e+01
1.213526581819582839e+00 1.228231582041141046e+01
1.874800082400084333e+00 1.253460515466776037e+01
3.870178507351630381e-01 1.291929666325292025e+01
9.686883661407920121e-01 1.171930260704420945e+01
1.957092219272196676e+00 1.252493267376502217e+01
7.850751477897598418e-01 1.203523625716203505e+01
4.534029443073335774e-01 1.255028077596696967e+01
1.106688857539109394e+00 1.176767959275480635e+01
9.647638974093518671e-01 1.226773778489129896e+01
3.128654189613674919e-01 1.315979183622444104e+01
1.128694166441821967e+00 1.187852293158442940e+01
1.455005863892551377e+00 1.178921150348237212e+01
9.928113986065082441e-01 1.192873645686811734e+01
5.052887625527809901e-01 1.198263153009384396e+01
1.519522290971766276e+00 1.226923051201796788e+01
7.299142453804055020e-01 1.207111393671774735e+01
1.060113817658875801e+00 1.234417928676957210e+01
1.401570476515596742e+00 1.202569922971590621e+01
7.728520708161448205e-01 1.183256129706735038e+01
6.785721723937191419e-01 1.203831705915896144e+01
1.945261151705394154e+00 1.230626928857478575e+01
7.591078788237947128e-01 1.218852504298095774e+01
1.843730538056821411e+00 1.234199838783581527e+01
1.973416283685870853e+00 1.167972273472685885e+01
1.811437509284520297e+00 1.202155437550333339e+01
1.240666803939642016e+00 1.212124235054306531e+01
6.284433953202763767e-01 1.174211765094870152e+01
2.036544405783139666e+00 1.225605546668472634e+01
1.754402735005501590e+00 1.233052772368911576e+01
1.244129903215833277e+00 1.199990000371647270e+01
1.086284376397833595e+00 1.195743000147442281e+01
1.378094193454198368e+00 1.168923012140346174e+01
3.714873050848970237e-01 1.256950904549437809e+01
1.362874684349099086e+00 1.210956141062513147e+01
3.513634939486233733e-01 1.314205380950258650e+01
6.534434574633165571e-01 1.152585572955107374e+01
3.706569802011726034e-01 1.247869911598214188e+01
1.750632923217332326e+00 1.158909414066523702e+01
1.760086970518612848e+00 1.194278240079677111e+01
5.163392384560487880e-01 1.251205455288949864e+01
4.468364613480456660e-01 1.270048448527171026e+01
1.255731520224616649e+00 1.244241911538030543e+01
1.455504406117422045e+00 1.209641384851916968e+01
1.796599815529583477e+00 1.238096598411449634e+01
3.958204555579377670e-01 1.269232836867118941e+01
4.102032103665461116e-01 1.236807207262644326e+01
3.695751985301259923e-01 1.289142588273205803e+01
1.213474544186968096e+00 1.221997698529243515e+01
2.190947026385049234e+00 1.207580773185392431e+01
4.179328155391044408e-01 1.282712982598818563e+01
1.044610980798789557e+00 1.167662190005167844e+01
5.655925786727504789e-01 1.227980229239983778e+01
1.559231226700293238e+00 1.195887235776925905e+01
1.011607054320385446e+00 1.175277475979152619e+01
5.133353544343002284e-01 1.223244685685553179e+01
4.538409591247375419e-01 1.215085399628884666e+01
3.421115555299495958e-01 1.325834936068985215e+01
1.134648031431851667e+00 1.168971763350570647e+01
1.453255126343525827e+00 1.210503157044460920e+01
1.863330543948764850e+00 1.255249036097895754e+01
5.966416955791439269e-01 1.268774454532022844e+01
2.107276093329672584e+00 1.182953571915455626e+01
1.051333813878514434e+00 1.219567647020577184e+01
2.089446519654028833e+00 1.115370218581380080e+01
5.049951607594593828e-01 1.188865267731138786e+01
7.953683502850457110e-01 1.197541147986295229e+01
1.725142330729555695e+00 1.228994602450299034e+01
1.674005199748720640e+00 1.232261814637196196e+01
1.158758209491305813e+00 1.220447497380588153e+01
3.619593204819693266e-01 1.290344489223814328e+01
5.016651268753662407e-01 1.243674580081894554e+01
1.794492257292170212e+00 1.189556396403060745e+01
6.122095024136587904e-01 1.192982633672595227e+01
1.021738891004143168e+00 1.203787081272971804e+01
1.846443198068612013e+00 1.197207146552641177e+01
1.164490942497170556e+00 1.240217295633432215e+01
3.347518738582084263e-01 1.266974374242760959e+01
1.579602440535440300e+00 1.254707425107374519e+01
1.221963786004645502e+00 1.203257542690846194e+01
2.015820619226660337e+00 1.249711555103511529e+01
3.352406387936199827e-01 1.320987656030156643e+01
1.921165470383362273e+00 1.218261230763243574e+01
3.742062319350477062e-01 1.311890441281484598e+01
1.096195082970552681e+00 1.248217635076810694e+01
1.302999185594640785e+00 1.226958393567058536e+01
1.302350370638956756e+00 1.188865236658675784e+01
1.098852433060829137e+00 1.177707419907714304e+01
3.457397850792741090e-01 1.293711295029604358e+01
1.785030728688553614e+00 1.202291989081934176e+01
1.543673310981883873e+00 1.177111342077536271e+01
1.710420680421887774e+00 1.208117316844315425e+01
1.921005740599307510e+00 1.212659901203842061e+01
1.858755401438991095e+00 1.164215294191355632e+01
1.641491411847255000e+00 1.178182162741218164e+01
7.322185660739886082e-01 1.177942372794132275e+01
9.456842655727416558e-01 1.179097320579830566e+01
2.082404122618511710e+00 1.235471135591752656e+01
7.396553117928381660e-01 1.165705087586683497e+01
1.028024330144594156e+00 1.172904452477626691e+01
1.463769444910249851e+00 1.236147277042683257e+01
2.143211602867369336e+00 1.189250366017592597e+01
9.465389876223203602e-01 1.232669442310341879e+01
7.501203756427167191e-01 1.197463259710821859e+01
7.121172463564563460e-01 1.210061027501560105e+01
1.513215079314741640e+00 1.213938926112317063e+01
7.298818073205476376e-01 1.193512912750191290e+01
1.133348635673221194e+00 1.202582082335753100e+01
6.268189090560890575e-01 1.212657913414223643e+01
7.124543349055793007e-01 1.194399406425669596e+01
9.082472045295464369e-01 1.233014551703617911e+01
8.896566652639007478e-01 1.236068915391994416e+01
2.017505518387885388e+00 1.195119393551425624e+01
3.451502241636319468e-01 1.264940874504781476e+01
1.598453962837585118e+00 1.201737779641764448e+01
1.916347698096270591e+00 1.216634528838374685e+01
3.698958430940109121e-01 1.279264048781916685e+01
1.581502312533852539e+00 1.171450868115337762e+01
1.329923817889473892e+00 1.247897775145441912e+01
1.339491613830062766e+00 1.182945811356040267e+01
1.747744268496574493e+00 1.251899290022345035e+01
1.504666866421896954e+00 1.221307674624272543e+01
1.913256947852900680e+00 1.206091147871310199e+01
5.014850704094820921e-01 1.230004937094428819e+01
1.796126425127272830e+00 1.222716652747975807e+01
6.026274547398442483e-01 1.256539970275973239e+01
5.051529849730664878e-01 1.213362965360441059e+01
1.928902320948883142e+00 1.234703322574351070e+01
5.815277354995047610e-01 1.194261727453074506e+01
2.044153622464697673e+00 1.165780256799357772e+01
5.100179035064464905e-01 1.191194122617825357e+01
1.314509639456160395e+00 1.197888308606921015e+01
9.917471354151762286e-01 1.208154707127732941e+01
1.761660748850637281e+00 1.183522614799600881e+01
3.932416602993908383e-01 1.256362420465901408e+01
1.458651638950898333e+00 1.248106518564931555e+01
2.142760819083234569e+00 1.252426302940297198e+01
1.365343189068340735e+00 1.220443336654681055e+01
1.311481704998198605e+00 1.235565903047840308e+01
1.983234776340654149e+00 1.216454604150728080e+01
4.173294475848624563e-01 1.251951585902641817e+01
1.905579013073025685e+00 1.185540826338130493e+01
1.171211189276214704e+00 1.231608792795581131e+01
1.695975481864652634e+00 1.224562154388427437e+01
1.503994169667861813e+00 1.225941603877603114e+01
7.470866070856803098e-01 1.193418779638404281e+01
1.794020999133244310e+00 1.252933663765070094e+01
6.831259124420019369e-01 1.253678474319886682e+01
1.285790541305045886e+00 1.213183606851871410e+01
3.397415621024993393e-01 1.316844926926950698e+01
4.679373432377565978e-01 1.239697154014925751e+01
1.193780233934279345e+00 1.238853416115563810e+01
1.957838253451401833e+00 1.212467542711699586e+01
1.249028277917522800e+00 1.170716803020421892e+01
9.744174361156061615e-01 1.223793852254071979e+01
8.063248957505363412e-01 1.226844594778004982e+01
1.027717903261465171e+00 1.211466190795290743e+01
4.230144285684011018e-01 1.298095703734204953e+01
1.204671338115519852e+00 1.210735990886996483e+01
1.667714087270914414e+00 1.234774689587005447e+01
5.456446003527503086e-01 1.199160375015492974e+01
3.757151115305776279e-01 1.261866105606212329e+01
1.081095524486779702e+00 1.199731376043384579e+01
5.016168021031679469e-01 1.189091125022270568e+01
3.759505506122717833e-01 1.327522707385455547e+01
8.673018195338846326e-01 1.163780901559930747e+01
1.159430049330114176e+00 1.214457892019513530e+01
8.660971817177937071e-01 1.167299282032950103e+01
7.471108978480202056e-01 1.198503275590311468e+01
3.628900806139868096e-01 1.309848682922876151e+01
1.023203158927337597e+00 1.192874863186406742e+01
3.174268484510308630e-01 1.357109604273979286e+01
5.027566926661055646e-01 1.204264593406922579e+01
1.080955035573982093e+00 1.190765235985554504e+01
1.641208501328661251e+00 1.222817903215918633e+01
1.124992451017103212e+00 1.212713156586645624e+01
7.785182124708819318e-01 1.218022801590612580e+01
2.929157153569171279e-01 1.338909974146756277e+01
1.691949679280180696e+00 1.233075828679325348e+01
3.958991100887691017e-01 1.257316511200353482e+01
1.544238907221453072e+00 1.221521263647509237e+01
1.871382818083993760e+00 1.131612952369515490e+01
1.108643553060241427e+00 1.193577799912081971e+01
1.695643094366676484e+00 1.172323072443939473e+01
1.812810391775858898e+00 1.206336348878231668e+01
3.576319015990161443e-01 1.286964351302698795e+01
2.004409088564190533e+00 1.150274569714726702e+01
8.484236018314035288e-01 1.182480433036664280e+01
1.998121308379465555e+00 1.218228527638137315e+01
3.154308219277377479e-01 1.297024876302650931e+01
2.100970754942510510e+00 1.232689234130728728e+01
1.238194187252908529e+00 1.170317996065605648e+01
7.156993518576287849e-01 1.230970792043131468e+01
3.024597571336152813e-01 1.337581450970194474e+01
6.513566835870722160e-01 1.206542128576407258e+01
6.507423861303204271e-01 1.214622842286891569e+01
7.230349869233767546e-01 1.229971493617016343e+01
2.225784767378312878e+00 1.236786904570243806e+01
2.080639031964759855e+00 1.128136033435355401e+01
5.011085247737685489e-01 1.293681873404297100e+01
1.810450966632035197e+00 1.203219472205626950e+01
5.971309571099517877e-01 1.172758774776513668e+01
1.649858021692030885e+00 1.199385439234617579e+01
4.373868560477449652e-01 1.281105679401649411e+01
1.730588689105373001e+00 1.240451303797408400e+01
1.726645616349698154e+00 1.170488920379582254e+01
3.878775252799510631e-01 1.255398675280791743e+01
1.877394163073141442e+00 1.225131122786145710e+01
1.311153609984370583e+00 1.208319839274417795e+01
6.636779910645194125e-01 1.211805625815205190e+01
1.078064788365856952e+00 1.204828796633591637e+01
1.070613494983749803e+00 1.204678112373573740e+01
3.977287641561711440e-01 1.285945838532758145e+01
5.890747648289000882e-01 1.227778286556907084e+01
1.020973767826500067e+00 1.228905281956318518e+01
7.318208792702092236e-01 1.219386083520062058e+01
9.384447104493464087e-01 1.177589242176140161e+01
6.243088746500550235e-01 1.208197963191730473e+01
1.636815430450586861e+00 1.220516450751317983e+01
4.464185972993958695e-01 1.255667160174820296e+01
2.038311543155890693e+00 1.209863836366849021e+01
1.752292365850410816e+00 1.228976577413471105e+01
1.275971098037265161e+00 1.170103809921266347e+01
8.499285531805336191e-01 1.174709295622908733e+01
1.605476026545806567e+00 1.185923398219127733e+01
4.315753845550018286e-01 1.297044358229389260e+01
4.591208104722551697e-01 1.212897662319646841e+01
7.865082713721324170e-01 1.240577187338109333e+01
1.582084508726868011e+00 1.148936572134753042e+01
9.268980554636820912e-01 1.187397364445464909e+01
3.992349134449773573e-01 1.301390098626393765e+01
9.311265816698499620e-01 1.185623173810972908e+01
1.833323696162592498e+00 1.201476785269575132e+01
1.965069954979955513e+00 1.187782474929543852e+01
2.010775481549497368e+00 1.210476520637379494e+01
1.151532962868040855e+00 1.233616150257432587e+01
2.967176879489725194e-01 1.334750595190962308e+01
2.171479710418766196e+00 1.206987800433514124e+01
1.873160402003311020e+00 1.194766916075590046e+01
2.041275511436512424e+00 1.146353649198250224e+01
3.814275283040958198e-01 1.255536059822607342e+01
1.101933645645450266e+00 1.192387371016605790e+01
1.954804343192948934e+00 1.123821674536635662e+01
1.844699796417771598e+00 1.233183867740751971e+01
6.729042740223309949e-01 1.226814001774597429e+01
2.128850359356568855e+00 1.227404210917519833e+01
1.185949849177691418e+00 1.201847170198756309e+01
1.438641930820554693e+00 1.205424727801918472e+01
1.132812240973451123e+00 1.181072033943544319e+01
1.152476057458451164e+00 1.180028647252203733e+01
1.992627783187961521e+00 1.164123783028275305e+01
1.600258468687728586e+00 1.188078282524433149e+01
1.387806039276622938e+00 1.246036643406479172e+01
7.753741127145385992e-01 1.187767576389295776e+01
4.501931496010372347e-01 1.257501484517696611e+01
1.903654787790488356e+00 1.222899785923688754e+01
1.814522552624193930e+00 1.152671756015581472e+01
7.192996317944052587e-01 1.195630280951643520e+01
2.087543873130471628e+00 1.240870423740867601e+01
6.188231825478718306e-01 1.270145898852670108e+01
1.758645778579773777e+00 1.172266788002768756e+01
2.067236540988583116e+00 1.148369282643539435e+01
1.411798637475942808e+00 1.169214985275087137e+01
2.093777580219959411e+00 1.204225597554279048e+01
2.045522406949244587e+00 1.152516534932899361e+01
8.965772307923169926e-01 1.198758588249277857e+01
4.123135518675630773e-01 1.248770535761502032e+01
5.137858838913877957e-01 1.254108091275122661e+01
1.327746620032269620e+00 1.233293844798897787e+01
1.592407011609338507e+00 1.200157610740357761e+01
1.449458437169022673e+00 1.222086521096258593e+01
1.104224143208787812e+00 1.196867831453187137e+01
8.145853155222151365e-01 1.245779420125194292e+01
1.969988183317542774e+00 1.124598721930649425e+01
5.891806630327972583e-01 1.186846196087909178e+01
1.991903090593988512e+00 1.241763715106615784e+01
2.098625899836883857e+00 1.229483249142554335e+01
6.982011490131675435e-01 1.223898247898840630e+01
1.984165495819367742e+00 1.201104586581218037e+01
7.894912779000016201e-01 1.203536169006607004e+01
6.865237201474624351e-01 1.165544281395751369e+01
1.208430243481557698e+00 1.250934535998012720e+01
1.299730649816938755e+00 1.172720498554410895e+01
5.191465990628990612e-01 1.205782213872718778e+01
4.357528478040579301e-01 1.257887620228932413e+01
1.349004047196009415e+00 1.234144262454720753e+01
9.204163504131401830e-01 1.201947920726528807e+01
1.390023917707449375e+00 1.244068352841326330e+01
2.868373808883263321e-01 1.329867369036882607e+01
1.965453280493812294e+00 1.123278185633598625e+01
1.598974034076763751e+00 1.186321398458198217e+01
1.822631907897438897e+00 1.247394570354542687e+01
2.047242494409787117e+00 1.180608684662867169e+01
1.383918744606442708e+00 1.210069100134093567e+01
9.355891510360915264e-01 1.203510696304728889e+01
1.888853678226050548e+00 1.215558450554243741e+01
6.255647681125976467e-01 1.189088936339189218e+01
1.583583258303533414e+00 1.204813203156664336e+01
1.940365622467526308e+00 1.187762412043666060e+01
6.112226770613419236e-01 1.201378999172422724e+01
6.621708588735862877e-01 1.199195202997089638e+01
1.702600929905345728e+00 1.238464455859184810e+01
5.390152736820889023e-01 1.246814927414110663e+01
2.092087663715529899e+00 1.245083900037176150e+01
1.388244253474667511e+00 1.219421167427307395e+01
1.471341590790628429e+00 1.227264417022225373e+01
1.771165399049841049e+00 1.160923920854334668e+01
7.864473147688894050e-01 1.189453354629470994e+01
9.040648031563310871e-01 1.148664498477620555e+01
5.003627145313291891e-01 1.267355016504367171e+01
1.471031290129771962e+00 1.234490729138033771e+01
6.704365891623830231e-01 1.226851642262567843e+01
6.002293986575295559e-01 1.223397857375822007e+01
1.113126040498204405e+00 1.216058993771052954e+01
1.398354607865837318e+00 1.201304696741560996e+01
1.355407009290729548e+00 1.194144469781801732e+01
3.033090720055010570e-01 1.296901970107048285e+01
2.007654505509993026e+00 1.194159003528401186e+01
1.796279322007363399e+00 1.167263750219394858e+01
3.105932106885630484e-01 1.333137212495262069e+01
1.092301256383670038e+00 1.200416919042007002e+01
3.894544937367046544e-01 1.227977866720943290e+01
1.031422854890327256e+00 1.189866247446380854e+01
1.620210332756799820e+00 1.226094900209773719e+01
4.268045157491653918e-01 1.262577364652388212e+01
8.986131435589685967e-01 1.209452171088884853e+01
1.130323245682212763e+00 1.196792104508080712e+01
2.170083491341402659e+00 1.191051931868292613e+01
7.602488599024270766e-01 1.192320036750605361e+01
3.475814582667174912e-01 1.336201742487597066e+01
1.583904812459468125e+00 1.214552930758433114e+01
2.049625208656231212e+00 1.242793849220299407e+01
1.396372066399850009e+00 1.185653613567164655e+01
4.732151927439104400e-01 1.264546908554784643e+01
1.868925953355394576e+00 1.190062645642310102e+01
1.150687026837061921e+00 1.163045376868356406e+01
3.984418880152287845e-01 1.300501577757328064e+01
1.239316997167583700e+00 1.185843016856082421e+01
1.417361741365589234e+00 1.222530436756747463e+01
3.794080619961949230e-01 1.309223394701713872e+01
1.226375993648668228e+00 1.179751332511031592e+01
1.606019930032657417e+00 1.245768500725959882e+01
4.858381767693026876e-01 1.243100963304763162e+01
7.319723355904578233e-01 1.242908948102667033e+01
1.134847043718269610e+00 1.187690107863346789e+01
3.942989657220726252e-01 1.253890730378387453e+01
1.771504796495312783e+00 1.144015821928572585e+01
8.336774944968756706e-01 1.189280316688353167e+01
1.055173351576079499e+00 1.168582508864827219e+01
1.965598176106824191e+00 1.210652463427622116e+01
1.203754771191653195e+00 1.230379100305999351e+01
4.160885776684790649e-01 1.217991963295913216e+01
1.434890168453450521e+00 1.226733313401576630e+01
2.035416268473811297e+00 1.146976656969579800e+01
8.447271105340208308e-01 1.240504533786950248e+01
5.298398463609426123e-01 1.194329269266864202e+01
6.800521149132953136e-01 1.178571970227714871e+01
1.930581801243296702e+00 1.191728631894659962e+01
8.423369353553891159e-01 1.224642776535960564e+01
4.831508995254044092e-01 1.236168133375001332e+01
1.399068282690584697e+00 1.175649978183608191e+01
4.681641449415452905e-01 1.258827299302624070e+01
1.930641481949665117e+00 1.223518693663675627e+01
1.682016454198601796e+00 1.214136311052330264e+01
1.547410158013349024e+00 1.232157396510179659e+01
6.348506621532112870e-01 1.214411538945090463e+01
3.835887760029391136e-01 1.235369973853435610e+01
1.712043220673281629e+00 1.163319772370459582e+01
1.848069400268794071e+00 1.190282550331516909e+01
9.167898165077941197e-01 1.146681675228198571e+01
1.725020979252709807e+00 1.225157633053673401e+01
1.352990398007310802e+00 1.145803741265915576e+01
3.820759955099055083e-01 1.279205553801251583e+01
4.131115762720161122e-01 1.249580823655304584e+01
8.825018919546192553e-01 1.200287886243564550e+01
4.209479366826014979e-01 1.283338839650418883e+01
1.919925466282091264e+00 1.225071068110945838e+01
4.230206939651929288e-01 1.267648473737344084e+01
2.047795315535399396e+00 1.187790131882694844e+01
6.887042212544127739e-01 1.196763684352343127e+01
3.420016774800069825e-01 1.314722012869331103e+01
1.698710983212582404e+00 1.242728980895657998e+01
4.377537618940858244e-01 1.288363056437227883e+01
1.267918296299201053e+00 1.224956761292982854e+01
1.467182139790585094e+00 1.227938711760732993e+01
8.595511448157495682e-01 1.182693409563874987e+01
1.082289006853383029e+00 1.219838409869465323e+01
1.107245842304265260e+00 1.199024274914830634e+01
1.235510704627178935e+00 1.197352308531563736e+01
1.781904434122041136e+00 1.151002383126357742e+01
4.528479446649235629e-01 1.274030233019840885e+01
9.847781786004371485e-01 1.211004856397792295e+01
4.409468871967286985e-01 1.266659436261108063e+01
1.757766225907287039e+00 1.204067843234187052e+01
1.908808965684010817e+00 1.158595786442459996e+01
3.478368568858087873e-01 1.306243426291773346e+01
1.728278053975117690e+00 1.244502754986788773e+01
1.521217730637989707e+00 1.232643839208149394e+01
1.490963427831230925e+00 1.222417215249764233e+01
9.274068413300079472e-01 1.186557856331113037e+01
1.069293776742892721e+00 1.181362803277926687e+01
6.895214512544877161e-01 1.185562343452175860e+01
4.417486160418614416e-01 1.230080645705248443e+01
1.004503172722295723e+00 1.243353389549315047e+01
1.323389805972707389e+00 1.184555377019990985e+01
3.225410960260043369e-01 1.338660987012155346e+01
6.873544904533888111e-01 1.187091879038973730e+01
1.614216215840785562e+00 1.149080967439969925e+01
1.660929498844539332e+00 1.170326441945065810e+01
6.124567520855591640e-01 1.185364871879735738e+01
7.912269367409703325e-01 1.186122629662278882e+01
1.247429603655753949e+00 1.234128867295216736e+01
1.865893522113347469e+00 1.219131025816676939e+01
1.996939315176480712e+00 1.126205605778596563e+01
8.768201846085114104e-01 1.192810482681863782e+01
2.050914463895781470e+00 1.164063339783783846e+01
4.517415590811904580e-01 1.264253994144291582e+01
3.216211874579578689e-01 1.296979733810412050e+01
7.756413332230037705e-01 1.219202703626297435e+01
1.967919392173840043e+00 1.193011736526390365e+01
7.532911700411015765e-01 1.212443645963227290e+01
1.813353553002145846e+00 1.200217501742702986e+01
1.166791131517832092e+00 1.181062708450060761e+01
2.122255305629884958e+00 1.204018120170630013e+01
1.527452140931098823e+00 1.238375384490916531e+01
9.442781567419670230e-01 1.231811051311123251e+01
8.498139081495856839e-01 1.169051944101463292e+01
4.652104716219138125e-01 1.214569912338415669e+01
9.463816643300156928e-01 1.200721956661292644e+01
1.535788936786101955e+00 1.231068217402679821e+01
1.213596206861668358e+00 1.221820122462401947e+01
6.183271080762497984e-01 1.186956712045598117e+01
1.371857075976597784e+00 1.244700251279765446e+01
6.137111268059264324e-01 1.190463526214108825e+01
1.783484646367496262e+00 1.224903131436191472e+01
1.144003061087239148e+00 1.160843368073566140e+01
2.903677815835997711e-01 1.369978772057962324e+01
1.336465522988279364e+00 1.210910933041586546e+01
1.336859008227978096e+00 1.223786600542398872e+01
1.982425505871141524e+00 1.203256323589533494e+01
1.668632928147369077e+00 1.214392213322572189e+01
8.079271881513210296e-01 1.252294383943491773e+01
3.535633731323630791e-01 1.311965747813599847e+01
1.600163001385422890e+00 1.223452511597551151e+01
4.959208941597815778e-01 1.242934376915367345e+01
1.855757745914097478e+00 1.210708341132566623e+01
2.009052572985167817e+00 1.202458869399116104e+01
7.530296976563071176e-01 1.185214825262457872e+01
1.316203638018086819e+00 1.205966170926959968e+01
2.100737744378195604e+00 1.189364354055661721e+01
6.951086201807472609e-01 1.181483829151218679e+01
1.763726528417859152e+00 1.177604813698091135e+01
1.537885580057362978e+00 1.202914038481278070e+01
2.150532639088101661e+00 1.164377948929165463e+01
4.227723154516881965e-01 1.197424322664864604e+01
2.134458385502536082e+00 1.206307963474682943e+01
8.111403895852367096e-01 1.207744161305268094e+01
7.809941771564067325e-01 1.190610259010139416e+01
1.066085377693662295e+00 1.195678805079114149e+01
1.610317594584543821e+00 1.214138055037392938e+01
1.235090480884087905e+00 1.170865316222082342e+01
1.264757120854085537e+00 1.209151992966204148e+01
3.176316396782786211e-01 1.338963383823565501e+01
9.323980366914683682e-01 1.171733420872173426e+01
1.770244940650534504e+00 1.209424509424390237e+01
1.870219055948822318e+00 1.205341483650369838e+01
3.570177341811893723e-01 1.300268401642477833e+01
8.175919795270716328e-01 1.199459475791504381e+01
1.977190212465926855e+00 1.157406687586216698e+01
4.534352360886516609e-01 1.205601474119046301e+01
8.997149053583932687e-01 1.211415476090262722e+01
8.875134612323839489e-01 1.159975818332205044e+01
2.434528753720592575e-01 1.512144891669202451e+01
3.865564929644478842e-01 1.279329035690843597e+01
1.925569989427959428e+00 1.240399386864032216e+01
6.197653434794792027e-01 1.252850222293246851e+01
1.928374390657122461e+00 1.185784016781914829e+01
4.712225760764789384e-01 1.205400806713013928e+01
5.724085079941937382e-01 1.177413611254877424e+01
9.255231684569917849e-01 1.154778945746927299e+01
2.009837191923796063e+00 1.136904367506854463e+01
1.494323460936289427e+00 1.217476171268978469e+01
5.597581878279527245e-01 1.223334749269371358e+01
9.864075959537456084e-01 1.199866464953029599e+01
5.687280980334662450e-01 1.232451558484799214e+01
1.682335350611733560e+00 1.166104903581867269e+01
1.865093555719438356e+00 1.225230723067916649e+01
1.985685847349896394e+00 1.221658159880323424e+01
1.256516942460360164e+00 1.178062303044882597e+01
2.025397699976942523e+00 1.212895715698595467e+01
1.146298483142469404e+00 1.187378324394408580e+01
1.406228480171633155e+00 1.242084177045077809e+01
1.487639814044415365e+00 1.221689927209038906e+01
1.577894220160495076e+00 1.175943764993436425e+01
1.192278443811094935e+00 1.204806566160056214e+01
1.671849326829155435e+00 1.197972358456376440e+01
1.429676106962572302e+00 1.233937315998668360e+01
1.731116683884000418e+00 1.205146266215969320e+01
1.739242573579145468e+00 1.151752105459221553e+01
3.682274828846175962e-01 1.318253254987933154e+01
5.004462928495037044e-01 1.226532235933280468e+01
1.182253484907152430e+00 1.172503273726053585e+01
3.635083128488860726e-01 1.315143141456295339e+01
2.135092312874098397e+00 1.147915804765290027e+01
2.060192886201109630e+00 1.197178156076040523e+01
5.725335082673674858e-01 1.248953914580372881e+01
3.709880392069037636e-01 1.275964781816325910e+01
7.496983324399334458e-01 1.180965897219191696e+01
8.846416778229065914e-01 1.196947619412708264e+01
1.762388785201439045e+00 1.228529805101827321e+01
1.112697859583190896e+00 1.130178497393846193e+01
4.359745943515414002e-01 1.236503484917002105e+01
7.891664990160126569e-01 1.186855208976860432e+01
1.747359580916926891e+00 1.187128920005185684e+01
7.193632195156974829e-01 1.228765023303880177e+01
5.778430780329254501e-01 1.185507274130031874e+01
1.570750583656289390e+00 1.248266726876209454e+01
1.701033770227422748e+00 1.203737536361353300e+01
6.064598442811764967e-01 1.181327494410180634e+01
1.614006165601655107e+00 1.218273153983490609e+01
1.470375000985721270e+00 1.246074513230731284e+01
2.137030879131692540e+00 1.193875444911849648e+01
2.220910792176358228e+00 1.133447098223374994e+01
1.505021563971198129e+00 1.161330898177955362e+01
1.033394422565347970e+00 1.200017637509797908e+01
2.041443056520222843e+00 1.192050113774167386e+01
9.059404947398576047e-01 1.236759901471454448e+01
8.336293865241687362e-01 1.182274610242249047e+01
4.437911501800875791e-01 1.253419750600015448e+01
1.163351827552370876e+00 1.203260391968999521e+01
1.834308443978715397e+00 1.182465810642300141e+01
2.063074078978059500e+00 1.227264408288469077e+01
2.237321752732107871e+00 1.227659888156172840e+01
1.784451949660311731e+00 1.253184668840076377e+01
1.338652421723011798e+00 1.197071493107364581e+01
3.495959345219372683e-01 1.276887987656781753e+01
4.010858754132051174e-01 1.285746410629699987e+01
2.904529401001368916e-01 1.335049172690635366e+01
1.359924143833042498e+00 1.226072821962178949e+01
1.267196342630711348e+00 1.231587979980981373e+01
4.915332733816591415e-01 1.238420327514720931e+01
1.482899039915276607e+00 1.235181642717198258e+01
4.771103956606886354e-01 1.257113258200081241e+01
2.133664375405508462e+00 1.167922368608279804e+01
1.863005089431782002e+00 1.159295542733868523e+01
1.911683707820528877e+00 1.193637913138726070e+01
2.051594107709535209e+00 1.140612037004863133e+01
8.931619800716747992e-01 1.229227497471260655e+01
5.185411082661924853e-01 1.191725442817988068e+01
3.108091768318514969e-01 1.321897067820415295e+01
5.108905250540912713e-01 1.216109209996224827e+01
4.782884755477386229e-01 1.232010784950064952e+01
1.416166663026333650e+00 1.167845847502570322e+01
1.125555822913964610e+00 1.237556346786197281e+01
2.065874897154794887e+00 1.139817618735510862e+01
2.096787383751022915e+00 1.149567206285196441e+01
9.634466629024992512e-01 1.209846035478360093e+01
2.062398565260231909e+00 1.137644890551544741e+01
1.555205063590864745e+00 1.247664844993575706e+01
1.046141113472614403e+00 1.175082503322432359e+01
7.806251456011438217e-01 1.210315290501064389e+01
3.956296320432051705e-01 1.233637342593114816e+01
1.779186997845803475e+00 1.178731862092048388e+01
1.443272815194717840e+00 1.200243655891209649e+01
5.516105942447510069e-01 1.265775004252042102e+01
1.642206798946630242e+00 1.154426883627023059e+01
9.203848166916615003e-01 1.160443916775012241e+01
1.551653544627783710e+00 1.165538453636066940e+01
1.841871844905191402e+00 1.190768344904999232e+01
1.489285159066515707e+00 1.216009668751691208e+01
1.675141699277455043e+00 1.173710815683714159e+01
1.488640610769051298e+00 1.247451112664082729e+01
7.271141106614054106e-01 1.233851250419535184e+01
7.919871878473334625e-01 1.228844384924527056e+01
2.946644314582814173e-01 1.340510123390175323e+01
2.142273674498358371e+00 1.175152932072086109e+01
2.010087172987538473e+00 1.221836062802896450e+01
1.916922678332971808e+00 1.201878711951369461e+01
8.075834095966824000e-01 1.215026219967773358e+01
2.732646258625415769e-01 1.367313158920542016e+01
7.668640928543863922e-01 1.248615154800763527e+01
1.076292013067411402e+00 1.192700683860215349e+01
5.508463573927898649e-01 1.255411883522677741e+01
1.297692831341719977e+00 1.212153193637945670e+01
1.041756998700875458e+00 1.208709560868391009e+01
7.035073673344475198e-01 1.178115440591633956e+01
6.584947507813893042e-01 1.244810644425919754e+01
3.101404165944158797e-01 1.311800723164581228e+01
4.490441347843058817e-01 1.221435078800770135e+01
1.405689603494174822e+00 1.229375088381199355e+01
1.738843894659858114e+00 1.225147047700617264e+01
4.028043842544854480e-01 1.301238644332272543e+01
2.047889362402642632e+00 1.176160133831713317e+01
3.504803337357738635e-01 1.267933459570543597e+01
1.678359116444789523e+00 1.191788095514457879e+01
1.541655509167490834e+00 1.196674115330484511e+01
1.329586963841608460e+00 1.218599549885608724e+01
1.721931293477399372e+00 1.212023998821234372e+01
5.832716570308964510e-01 1.229050702158283492e+01
6.320449808540958836e-01 1.160183403787289258e+01
8.122824584296819417e-01 1.223867217562840715e+01
1.423065957346149712e+00 1.226526212608433397e+01
6.638810259310430339e-01 1.202437909803293614e+01
6.905351026911041856e-01 1.207233509894134293e+01
7.151542921706828260e-01 1.206149535997938393e+01
4.718411526607121931e-01 1.254694255484922749e+01
3.662317847392242420e-01 1.284814390863463984e+01
1.276513954721588906e+00 1.229596357282182950e+01
1.826608272598674754e+00 1.165579425735501395e+01
9.387543031032968832e-01 1.210715812160033344e+01
1.919573319805142120e+00 1.162008677296570092e+01
5.904566089392171424e-01 1.186531418256768688e+01
9.329313345092528076e-01 1.156809219977785652e+01
4.313010487277020855e-01 1.310025204426069223e+01
9.784417186757380369e-01 1.157446043674845448e+01
6.698070546986678586e-01 1.195231055202383352e+01
1.300612180072445501e+00 1.163571956328059720e+01
4.071878573614321484e-01 1.224784932065264620e+01
1.242428574783834616e+00 1.204006163083292158e+01
1.411959543389988303e+00 1.197917737553104800e+01
5.470018489130477057e-01 1.279301068719565926e+01
7.016967681642990451e-01 1.216376266291492669e+01
1.877773387024973539e+00 1.181770181074289461e+01
3.986830041971273775e-01 1.314662543709130560e+01
4.467700937004999151e-01 1.274593098040563355e+01
7.069665306321717413e-01 1.210083839863245636e+01
5.006414054536154623e-01 1.193763242070613195e+01
1.815196943992467560e+00 1.148260202746289949e+01
1.963510268400074255e+00 1.207234363047391135e+01
1.012906247460119813e+00 1.209959879067644017e+01
2.049482461835383074e+00 1.226341024971202209e+01
1.610307721827907157e+00 1.187353155236916891e+01
2.007169533487150215e+00 1.102206117502543314e+01
4.693481692299447672e-01 1.270410444287855789e+01
1.969401668812616135e+00 1.178362694630697405e+01
5.352361324611543125e-01 1.198062502518792449e+01
1.053365651291057414e+00 1.223436673516670403e+01
3.546362073253375158e-01 1.279249224671657181e+01
1.854719843633682697e+00 1.182244610860526279e+01
1.086794699200361869e+00 1.233535096180583501e+01
7.365433743913863962e-01 1.209638776379820868e+01
1.224344087235194944e+00 1.231242160408421249e+01
3.568540177346816722e-01 1.279194886894361360e+01
9.706219766627340872e-01 1.173170815553596036e+01
5.590538755936688142e-01 1.257405933323059166e+01
2.081181396622553414e+00 1.244271409156893604e+01
6.756758952779658989e-01 1.190346168308768604e+01
2.026258358640769419e+00 1.180726948419028410e+01
2.096384162053681166e+00 1.206347877085422127e+01
3.091055584398916811e-01 1.343689656263032539e+01
2.126967801504275890e+00 1.190225975219616217e+01
1.316273369850596175e+00 1.178469032881876899e+01
1.541364735090072102e+00 1.190377429498107453e+01
4.587257344156798200e-01 1.275327731766638628e+01
1.135450735309445403e+00 1.205073494985983551e+01
1.402472448389510573e+00 1.222201529125559816e+01
1.859775966259719304e+00 1.223988994193743984e+01
4.712160419876510464e-01 1.257591593068727676e+01
1.098431852437692369e+00 1.197409492380744389e+01
6.269968247317637688e-01 1.190084962433293292e+01
1.503396442404137501e+00 1.200093581167616819e+01
1.691502118253877640e+00 1.210203501016072458e+01
1.549243013396856661e+00 1.214532038818668802e+01
5.850563415197375106e-01 1.200162561948987339e+01
1.095077213832196250e+00 1.176895123696001022e+01
1.969139298361783030e+00 1.190893375148033506e+01
2.025641153416808393e+00 1.180951672758452276e+01
1.238144952671077048e+00 1.228156362204696705e+01
1.802436633231973451e+00 1.220922890269974559e+01
1.913583900928270909e+00 1.195755418734062658e+01
1.378094667279890384e+00 1.211502977122410663e+01
9.894044826030666817e-01 1.196504326993423106e+01
1.276019840729760269e+00 1.210809173884398504e+01
1.572723834939262488e+00 1.209237787707837519e+01
2.177338127155715508e+00 1.189759377545079744e+01
1.357424486647447415e+00 1.206971191303096980e+01
3.109375560833991803e-01 1.335294540899306703e+01
2.024215932110130289e+00 1.186886517213999603e+01
6.170965569406952067e-01 1.246682896390067796e+01
3.565836009870390066e-01 1.312162001999088368e+01
5.136110161018200282e-01 1.237489851010634645e+01
1.611014964131308513e+00 1.201199408714039940e+01
1.641475109667206000e+00 1.183962791016936222e+01
1.886285642724917500e+00 1.228419092792450762e+01
2.625590113090411903e-01 1.390849241884026277e+01
1.201010049231236554e+00 1.172810709714062050e+01
1.047340357480356143e+00 1.229014494912955158e+01
1.028638531572369397e+00 1.173003512786301528e+01
2.959971260053216868e-01 1.342013690031293294e+01
9.252049807097965095e-01 1.165219356809553730e+01
1.330906434378656744e+00 1.186413614464185962e+01
2.099539329896620288e+00 1.205080153105586938e+01
2.121224739624613775e+00 1.251989126848419431e+01
6.146418688682581122e-01 1.217191691764381645e+01
7.772879244558159595e-01 1.180419653097236221e+01
1.856648189668629323e+00 1.193653034579797811e+01
1.652746957786172199e+00 1.159007627423181930e+01
1.386833032191116200e+00 1.183888940276174040e+01
3.097409733893127237e-01 1.329757954042812607e+01
1.365320010549252672e+00 1.226542074484432199e+01
8.664986850456389833e-01 1.209558360546928135e+01
1.874820032804644931e+00 1.214403293894093672e+01
9.294253864164975232e-01 1.220401513214316402e+01
1.058276986797625607e+00 1.201372855629129610e+01
3.397175058690728444e-01 1.311501357215721875e+01
1.546999054215606240e+00 1.240914140954788358e+01
8.533959766028599292e-01 1.181824368866562125e+01
1.176830267265159380e+00 1.198199069304034303e+01
1.528807625964903272e+00 1.223305951562384841e+01
1.929060617526789256e+00 1.180957671435215239e+01
1.556639861387020485e+00 1.209280769163469849e+01
9.232775982878327348e-01 1.202779382060690949e+01
1.223044090011304208e+00 1.208188101795730951e+01
1.026353181543684157e+00 1.207339921916795156e+01
2.793995034565266988e-01 1.367681680140711364e+01
1.746738619896268663e+00 1.154734180762914519e+01
4.841892505851879136e-01 1.230253026209782341e+01
1.035899358277270643e+00 1.216798283014029813e+01
8.705781999815579431e-01 1.177006142022169932e+01
4.138643499511344692e-01 1.227399154043587792e+01
1.224347014715604587e+00 1.211177861045153037e+01
1.214696893692920998e+00 1.240941743440966860e+01
1.797395871782935028e+00 1.215031339042582736e+01
1.004127597179784503e+00 1.174860730084528626e+01
3.807923328182515332e-01 1.261892192777654387e+01
9.224784625251439829e-01 1.223307871534449731e+01
9.198087482003013404e-01 1.194993682028094817e+01
3.254664183570812330e-01 1.300094293863519646e+01
1.587702068214105200e+00 1.223259512428973750e+01
1.220225563358151799e+00 1.232139434331034522e+01
1.457780882471727102e+00 1.234294683763156009e+01
2.144577486739517980e+00 1.238904031393215455e+01
2.049020627086875823e+00 1.213793818158072391e+01
1.407224676787576900e+00 1.190507678520257073e+01
4.416569974208329752e-01 1.237245589179968697e+01
4.882398153988822820e-01 1.250851037347340444e+01
1.201841550170366979e+00 1.185783072872574273e+01
8.138684219763065997e-01 1.222252943836874728e+01
3.482854589649341248e-01 1.298121730327853740e+01
4.978436740263713634e-01 1.195302601638636553e+01
9.229943505362064871e-01 1.189178696179200223e+01
3.419998814825475630e-01 1.323953148154254578e+01
1.638963378772305690e+00 1.219611850043968992e+01
1.263956610476186793e+00 1.204789854308128305e+01
2.210767332175897604e+00 1.146429691963390951e+01
4.532637935190820255e-01 1.253603197422312299e+01
8.218982329660929897e-01 1.255456795860954955e+01
2.078969400100833642e+00 1.129792033477158952e+01
1.283303651795968614e+00 1.186675639855964803e+01
5.177175926416978102e-01 1.203478014979271293e+01
4.975225755411543660e-01 1.244894169546187790e+01
3.854305029202806931e-01 1.299607920455757970e+01
1.102711754438505443e+00 1.226840649865886235e+01
2.133242122365471172e+00 1.245902712612764951e+01
1.819121376857995687e+00 1.216199026947705342e+01
5.094146945383276615e-01 1.254572522214571428e+01
3.231201023300251940e-01 1.332898955930813401e+01
3.432990606172767745e-01 1.261558981126147749e+01
1.744060099184372437e+00 1.217971914997234961e+01
2.061721745011507068e+00 1.209030860663964191e+01
1.666963904255797102e+00 1.214445178185732033e+01
1.173662554149723869e+00 1.191574642771998427e+01
3.707206918723861544e-01 1.318237608067934019e+01
1.966734709698428674e+00 1.232193665146445838e+01
4.763345186000252363e-01 1.230144161347813458e+01
3.377283181756455810e-01 1.346261484743685166e+01
1.766932857496484210e+00 1.216022001290352783e+01
2.047634813362107398e+00 1.161343865413266663e+01
3.972538529822379760e-01 1.233850823354939408e+01
7.195349088366798096e-01 1.209867763860169099e+01
6.051254272171288084e-01 1.235958781935760520e+01
2.046740809575044562e+00 1.162156238618696591e+01
1.201606854115612188e+00 1.218346889511997766e+01
1.925476210023453705e+00 1.250266151322569996e+01
1.259749364309650232e+00 1.175727927734610212e+01
1.023251326275357753e+00 1.187956708039249065e+01
3.840826641436774214e-01 1.271150402255029022e+01
6.518205850459598549e-01 1.188605914742812786e+01
9.313974419441772845e-01 1.228119295825159263e+01
1.710284572272867676e+00 1.217140890180778001e+01
1.989989628853251036e+00 1.156218352606519062e+01
1.854628289748373682e+00 1.236448358045311657e+01
1.273018865024137414e+00 1.224860408754766183e+01
3.675206420499353421e-01 1.290126495762055114e+01
1.865741521235769529e+00 1.154510778274856975e+01
1.997925430724765805e+00 1.249600729439028690e+01
1.432202449118440413e+00 1.226220401646963509e+01
8.489142927532300487e-01 1.176052440041105029e+01
1.721101060967427987e+00 1.180161336367243941e+01
1.439447013139260934e+00 1.217314299429506796e+01
1.064535276930375751e+00 1.217067546445079884e+01
4.759681099695501350e-01 1.226891465039473239e+01
6.703614164715440138e-01 1.164242130001122888e+01
2.037801724887480681e+00 1.206175195896139662e+01
7.344506405289844553e-01 1.184060677908709103e+01
7.146469916541000611e-01 1.235960590401248815e+01
8.198639453399226840e-01 1.202467532189678145e+01
1.484177137926398160e+00 1.201218851485451466e+01
4.169538402934072074e-01 1.260119391461336136e+01
1.025258540447179900e+00 1.170089029336156550e+01
1.814830323891797770e+00 1.195445589804057107e+01
1.235501500086283677e+00 1.205081162582201237e+01
8.361249092104410252e-01 1.174086249189852893e+01
4.984625848579239404e-01 1.206205154998702689e+01
1.286662499234355606e+00 1.214587207277257264e+01
1.405712829921021534e+00 1.233977567307737822e+01
7.440997694349070768e-01 1.231827385290803889e+01
2.085510851015042633e+00 1.115610298441829329e+01
1.211698066503539284e+00 1.182332444996095511e+01
1.126400085056417533e+00 1.211821644604156667e+01
9.197770063880766900e-01 1.213328548885490576e+01
4.001249429013917225e-01 1.299020192116320160e+01
1.660748698784196620e+00 1.175708295120989888e+01
1.175805395209876369e+00 1.235756534720394484e+01
5.850462997220639005e-01 1.201200062842144334e+01
6.207442176574091697e-01 1.228392018826320964e+01
2.025216306420961399e+00 1.159456555286743829e+01
2.107448063118305459e+00 1.189892740884751632e+01
5.389935539306549561e-01 1.190715920073662737e+01
1.357490381738773566e+00 1.174248917944673742e+01
1.309158562228577072e+00 1.170438288373188662e+01
1.561159407785328801e+00 1.201843708828259238e+01
1.366143192051860744e+00 1.220816255272304218e+01
1.618866229941924972e+00 1.179429415773695133e+01
1.088443175617215042e+00 1.214426806733487219e+01
3.770084177672985981e-01 1.296807907622569012e+01
1.681574498110098181e+00 1.214470674819242291e+01
5.391688122855209375e-01 1.196447038937235696e+01
5.853686165574978340e-01 1.196739067826548641e+01
2.156843602243835090e+00 1.205913352247845438e+01
6.717236636780851144e-01 1.168571855967845963e+01
2.052042621227923025e+00 1.251928024126670280e+01
8.425191450218246780e-01 1.202672194038736642e+01
1.774557139357360480e+00 1.199863031533071123e+01
1.161977499326251939e+00 1.219529249631195178e+01
4.284457769614975486e-01 1.263271687715205793e+01
1.502069523107157911e+00 1.196662667219834475e+01
3.880385137937081286e-01 1.296477122765084111e+01
2.057797047985215677e+00 1.229041342063218600e+01
2.034689427051525445e+00 1.159781119622769374e+01
8.049691717765810051e-01 1.184027453297225208e+01
7.984346225651469675e-01 1.169243433673355348e+01
1.243650206024358384e+00 1.223555999471865441e+01
9.863347940890060395e-01 1.202182107044812298e+01
1.874467639713609302e+00 1.229642157376011902e+01
1.483482439239266482e+00 1.193874194532586053e+01
1.130832873467346289e+00 1.196104809710140771e+01
1.807072847306947949e+00 1.196542741803600229e+01
2.055383046590492313e+00 1.091854589023900957e+01
1.492222466336659004e+00 1.147639400319299874e+01
1.476233188616379977e+00 1.220878887810171598e+01
3.550423274640266968e-01 1.285677058537151041e+01
1.265328941119668427e+00 1.162727439000000729e+01
3.345455329427654556e-01 1.264999754365836893e+01
2.858567677645992289e-01 1.341457803693709394e+01
1.939034975753644918e+00 1.183494021651950590e+01
7.688859875468366800e-01 1.198526471390075088e+01
8.717135844033994108e-01 1.217691012695759234e+01
8.348458818976984830e-01 1.203656856236782779e+01
1.347024451742217410e+00 1.196440273963341738e+01
1.473930119584201393e+00 1.159748469612800825e+01
1.560398267407000716e+00 1.226976635552929729e+01
1.277946960211656435e+00 1.215755720029880571e+01
2.006265237483208175e+00 1.100054493989510895e+01
2.077452927294434648e+00 1.135460624431116550e+01
6.591903769489181331e-01 1.201547830152688512e+01
1.444416023971708096e+00 1.209230347026698205e+01
2.069996111405565831e+00 1.081424148993843026e+01
3.854706685556507639e-01 1.251763962802968599e+01
1.875536621760102829e+00 1.214990627182284655e+01
4.576689225519431914e-01 1.250423538090074516e+01
8.933908071676248674e-01 1.193968577497848926e+01
7.225208403373319932e-01 1.230584352560038752e+01
1.950720465915677160e+00 1.196770464174366744e+01
1.833506792286587750e+00 1.135045261105048198e+01
1.269786012420661692e+00 1.215715300462171378e+01
1.780753447839024783e+00 1.180328099643025297e+01
1.495302128483039672e+00 1.232261340801383831e+01
1.831376608694102126e+00 1.190490521600506746e+01
3.650378353415865695e-01 1.294131167477016575e+01
1.108388364596374798e+00 1.187476730430886107e+01
1.937433830834073056e+00 1.123990734461990648e+01
1.604906788473150048e+00 1.219444013895846446e+01
3.881713526121244318e-01 1.261797020363179023e+01
1.904228881997106493e+00 1.176817143048596037e+01
7.958829485012229865e-01 1.197754938619312526e+01
1.505032897810201886e+00 1.209939781813146098e+01
1.216892994010834839e+00 1.210993285291233867e+01
2.893563826131811401e-01 1.332544388814430647e+01
6.073144296770980333e-01 1.229421643194987190e+01
5.840305798360193590e-01 1.182937394685453647e+01
1.372443772526194872e+00 1.134075325274968904e+01
4.944553492919366855e-01 1.208106479062123739e+01
5.285569523043377460e-01 1.204931775102953395e+01
1.383548917580404991e+00 1.192025376954089921e+01
1.592440945678489150e+00 1.186683705800844990e+01
8.024641251369410977e-01 1.193350825627992684e+01
1.000185691340581995e+00 1.210106837871801311e+01
1.525136926607403076e+00 1.231118217940233883e+01
8.448061105056908771e-01 1.180929663863227219e+01
3.320620219260941863e-01 1.303351105389779363e+01
1.646981964250047836e+00 1.189103126752061002e+01
9.934601088197784202e-01 1.156862802796606360e+01
1.972714322670782616e+00 1.123736558177759193e+01
5.188979532055632005e-01 1.195848452800300166e+01
4.473846822765936149e-01 1.266002259862027124e+01
1.357287062164456826e+00 1.146679956518072352e+01
1.155478124709113708e+00 1.223049796929824673e+01
9.520601352712199095e-01 1.206484043627768799e+01
1.924778834679395256e+00 1.201664834812280169e+01
3.638779064085726489e-01 1.278829765176330469e+01
9.443237600043034030e-01 1.208822548791308726e+01
4.226483105819909825e-01 1.305045996194367319e+01
5.879860919930989249e-01 1.213165812526319343e+01
4.411770770358688920e-01 1.256802330987980199e+01
3.302799440640703521e-01 1.332232072839192405e+01
1.142781299867650313e+00 1.214343963042561647e+01
1.470720301972786581e+00 1.192595309623249555e+01
1.009391716617143775e+00 1.176539292851780338e+01
9.041000512138017697e-01 1.185270112422927546e+01
1.435768476795958648e+00 1.223607947007064034e+01
6.647106182453952350e-01 1.222832050849246244e+01
8.392001123054979583e-01 1.210471911969922409e+01
2.053166042896338528e+00 1.153597071759611836e+01
1.426237580582956799e+00 1.168318886757850805e+01
1.080117501775887501e+00 1.164128564236821539e+01
1.323509669202843186e+00 1.232193071566992515e+01
4.654943537991806934e-01 1.231230634850622074e+01
4.435961573918933976e-01 1.247967376650851534e+01
1.749804589315022696e+00 1.222349436800061184e+01
4.176009553264947716e-01 1.225906759904432342e+01
7.806595448741998622e-01 1.208845565288147128e+01
4.158578364567181440e-01 1.304271415064845741e+01
1.599666652989215843e+00 1.190370641030562027e+01
1.389957713099393199e+00 1.215241399208209394e+01
1.825020481498219382e+00 1.163058075151318249e+01
6.247869124982211586e-01 1.254718303287291725e+01
1.415856934994485394e+00 1.232723427845031772e+01
5.971462703756056367e-01 1.204486319264659677e+01
3.831475578752296940e-01 1.285715825460008865e+01
3.686348179486380605e-01 1.269324663241217443e+01
7.025624444213329767e-01 1.204634694404233564e+01
1.879315819080313643e+00 1.173610453595935788e+01
1.103951483765935881e+00 1.211916434926869890e+01
7.041692774559495938e-01 1.232848574539868558e+01
1.117820128173452332e+00 1.252498548971251502e+01
3.203620285603093198e-01 1.273010731966781428e+01
1.287598434931117364e+00 1.239953881813327463e+01
1.921023573774027104e+00 1.190505283803656411e+01
5.255537057179745508e-01 1.253289024628945469e+01
2.074716462474290424e+00 1.170231755418871344e+01
5.187628970334060563e-01 1.223560230423093920e+01
6.625364419490620271e-01 1.188783922873527565e+01
3.787354801656711567e-01 1.277959111939379966e+01
2.090044469772355917e+00 1.195258498409185322e+01
1.027886371204800087e+00 1.243902690035322145e+01
1.819166131371189099e+00 1.249006544442842070e+01
3.404809854881005737e-01 1.276540640590810938e+01
5.003440736146319567e-01 1.228630422055629623e+01
1.228387381956425939e+00 1.203418433792833397e+01
1.675847710390923284e+00 1.216055331969593922e+01
1.078021440044202972e+00 1.212089381229687923e+01
7.628173481414129986e-01 1.193812846407869621e+01
1.901444718853841254e+00 1.193442732848825472e+01
3.229553272325346169e-01 1.304889611148830042e+01
1.708278725934892606e+00 1.204088808296265078e+01
1.983332990935033679e+00 1.177097049382799732e+01
7.560439850387330463e-01 1.189721028476429687e+01
5.879412798769113602e-01 1.212234657443851660e+01
1.859915075705622201e+00 1.200902819608152861e+01
1.984550961652315593e+00 1.172041590994257021e+01
5.601601876827172477e-01 1.181816221784260357e+01
1.567745899371828733e+00 1.181003713968043378e+01
1.090790530145152815e+00 1.211971752491182563e+01
6.849387810227299811e-01 1.205160114396917592e+01
2.166731806782820957e+00 1.205836509318151251e+01
1.149760181654121416e+00 1.186343348755508842e+01
1.512729297327843669e+00 1.177193192435838931e+01
1.163724989040307856e+00 1.174882623893575051e+01
2.032470387281068991e+00 1.232063892723405729e+01
2.002156807090944568e+00 1.220522069775070584e+01
7.418669351836278958e-01 1.182533954785716546e+01
3.219879981500776145e-01 1.333323523694384605e+01
5.307279265530754353e-01 1.211930659725677195e+01
1.042788469193608458e+00 1.209350470405191658e+01
1.905496426413858302e+00 1.192141896950303526e+01
2.093509928333455505e+00 1.217072627401186224e+01
1.686530440261770236e+00 1.223013879288336980e+01
1.764183485251541672e+00 1.187674287146382213e+01
1.794234827749168426e+00 1.241812112846349336e+01
5.522829379152758289e-01 1.233744499027144848e+01
1.840284267848109723e+00 1.217686148008341185e+01
3.595061141666009985e-01 1.286577251008151634e+01
2.026280694178708597e+00 1.165168028939683964e+01
1.964869896633979041e+00 1.170616711207310878e+01
4.252435821458223630e-01 1.249311181084416411e+01
1.295877363209300359e+00 1.214722958158209210e+01
1.228263847598600300e+00 1.223460604492137271e+01
6.456271145901730790e-01 1.183073522546302847e+01
6.614479974024467523e-01 1.201026017207529328e+01
5.348066100343406015e-01 1.186762948913422022e+01
8.732457590852400475e-01 1.187053543115676391e+01
1.982179401677400366e+00 1.158805720208512646e+01
2.888716242297802439e-01 1.354054753653834275e+01
5.993345805487404476e-01 1.251677810111344513e+01
7.530221374577307225e-01 1.222095797679475915e+01
1.696180199489516260e+00 1.239743387306309685e+01
2.116355000638377781e+00 1.145939247053257937e+01
1.908604624240373804e+00 1.247925314702421495e+01
3.971313712466032486e-01 1.308747571475376326e+01
7.114123533858568438e-01 1.179539200655242936e+01
1.397855786347378171e+00 1.176891868480667647e+01
1.030987176474674083e+00 1.192683767745124790e+01
4.446375381745851230e-01 1.226600044031884096e+01
4.446282569621698988e-01 1.213192788897583085e+01
1.768793413299293515e+00 1.214204241929539485e+01
1.162694868030778927e+00 1.208064893131170869e+01
3.757633793604179262e-01 1.289844788509250684e+01
8.104907315882265983e-01 1.201287344676905988e+01
1.487710782846737745e+00 1.186802885813953168e+01
5.874217818270851543e-01 1.190024594478277464e+01
5.596987655921796811e-01 1.192895949282417511e+01
3.663497070937182243e-01 1.266256127094637129e+01
7.090067153040046088e-01 1.214379353897481728e+01
1.086566322649860306e+00 1.188207614046954141e+01
7.717954738993019204e-01 1.205263278679304584e+01
7.833568112062979649e-01 1.201123780348380343e+01
6.887152180677017510e-01 1.204402189481748664e+01
1.677829077528862900e+00 1.220189681889111100e+01
1.880056761948108557e+00 1.184460497814417401e+01
6.797318521673165748e-01 1.212024579079307074e+01
1.720435798994804921e+00 1.233119114817447226e+01
6.177374772433974481e-01 1.262458622534870933e+01
4.882777496763544556e-01 1.212988393898820583e+01
3.242466415621429454e-01 1.311526478127325923e+01
4.271480948168378533e-01 1.240703100969018813e+01
1.552954317608383761e+00 1.198694122124929251e+01
6.111218577352270920e-01 1.207899998318419144e+01
1.931009443319682051e+00 1.219724680079929513e+01
1.985775771638601528e+00 1.190956739503629080e+01
1.016315571134769113e+00 1.227149786776038276e+01
1.993308891793192705e+00 1.191484271424123342e+01
2.078223860885268337e+00 1.137568484845581729e+01
3.368758983318106970e-01 1.321508985455698948e+01
2.034412931104452316e+00 1.189801619767813534e+01
2.018924554024218221e+00 1.169451663258201179e+01
6.527028410650344004e-01 1.216071329002565271e+01
7.643352089287012152e-01 1.174595364705287892e+01
3.222895319565133310e-01 1.322478834696612005e+01
1.006870854470173215e+00 1.217745098349134736e+01
1.807531913085738795e+00 1.185273415529625929e+01
2.086154986975850001e+00 1.150012807329223641e+01
1.131346954835113827e+00 1.186177524558881835e+01
3.446127047387617104e-01 1.297609719119241234e+01
4.672048840794136848e-01 1.220183176471326192e+01
4.649906698303522545e-01 1.241524638549858039e+01
1.410328912009833902e+00 1.194543119600600356e+01
3.224117631355695179e-01 1.313279283861585434e+01
1.969498310890897219e+00 1.142415007878565980e+01
1.194753923038528676e+00 1.204177759879847542e+01
2.032245608512481372e+00 1.227843343948490151e+01
7.318410803335392290e-01 1.194818808203493710e+01
3.330375945609606592e-01 1.310652702701122330e+01
1.199470179139550785e+00 1.216661417486745833e+01
1.195885164700488890e+00 1.157534105290202220e+01
1.450096102858116520e+00 1.223633499918528145e+01
1.022991083655538924e+00 1.181350136347627533e+01
1.842542383189209820e+00 1.237010676961453370e+01
1.213977668952256117e+00 1.177129714552947526e+01
8.544928272300010841e-01 1.208955829368676227e+01
7.281193062334017085e-01 1.210854703990922943e+01
2.021312952007879638e+00 1.226060280047091666e+01
1.278531546844306144e+00 1.206238788819759122e+01
1.604316925049465103e+00 1.176140687546121377e+01
3.562614818644616044e-01 1.304515579695708993e+01
2.161069429542959330e+00 1.154879200450166898e+01
9.760780368177095490e-01 1.184155847889503477e+01
7.003469420046831706e-01 1.198408651270775138e+01
1.574180569567438681e+00 1.205738060080238405e+01
5.829966213146213772e-01 1.188771150788633690e+01
8.570608352341473335e-01 1.146868517363226125e+01
1.714705161074662421e+00 1.126744479107452968e+01
5.560576678456290445e-01 1.192044754046887434e+01
1.193639385102849282e+00 1.232892650696700976e+01
1.251025890238611327e+00 1.210721558651726859e+01
9.987659809289555213e-01 1.227439269133115651e+01
1.570549923982297535e+00 1.176934005410527817e+01
6.248755985314609074e-01 1.235500783115238121e+01
4.644814011968058098e-01 1.231923509948388507e+01
7.223916747614897993e-01 1.201609932920517920e+01
1.762692423039182277e+00 1.190236256747549248e+01
1.011306762560890249e+00 1.164182923930811064e+01
2.088894855876644474e+00 1.122949524608010208e+01
1.180752911981072462e+00 1.178274111538796021e+01
1.491880114245087485e+00 1.169506889794739202e+01
1.666198392892516367e+00 1.158236184878085950e+01
1.957092103515809756e+00 1.187491199287052268e+01
6.110774587129154112e-01 1.204699870507431392e+01
9.530857620978702149e-01 1.191029042009374983e+01
3.495828178737456216e-01 1.269108274305351713e+01
9.777229639341926681e-01 1.208070290928993806e+01
1.870376096422180723e+00 1.234425536273389135e+01
1.823279033714274799e+00 1.183761890174034370e+01
3.464335168036729584e-01 1.305768611557927450e+01
5.399202923512199659e-01 1.201027951003935890e+01
2.095630120903322791e+00 1.122362423223289341e+01
1.377180348961464462e+00 1.177056288168160947e+01
1.351394071254045537e+00 1.206804266893566968e+01
1.748471290575270176e+00 1.237318794840297009e+01
1.363269667852652578e+00 1.168444459308912364e+01
1.036534492805501584e+00 1.150571419623845237e+01
5.389792798976822397e-01 1.187829492862176650e+01
1.843412648068206261e+00 1.227839305730198127e+01
1.819434093898265381e+00 1.220431765952215564e+01
1.753446798004993257e+00 1.156396897445041461e+01
7.280536439297425888e-01 1.148320266409241341e+01
1.614928287540548180e+00 1.210262287323860164e+01
2.005733171322156227e+00 1.193895206494494055e+01
5.711684688816786037e-01 1.248015890081505042e+01
1.222184268181658817e+00 1.226434292485562416e+01
1.085435970652906423e+00 1.211632001440584006e+01
1.552195261177016450e+00 1.156083226001474706e+01
1.117954618636870290e+00 1.238821309085700406e+01
1.635141228082544140e+00 1.223965412109241058e+01
1.772224888845393309e+00 1.229595565110056476e+01
8.967258328284015700e-01 1.239481813251923370e+01
8.810311057514893518e-01 1.234828383835932186e+01
4.228940071319065575e-01 1.275770910991264273e+01
9.331162954159654133e-01 1.183103073718548792e+01
9.111136590591614182e-01 1.200006169112068655e+01
1.886238661931358029e+00 1.208138583796792354e+01
1.394385262622059640e+00 1.191128848225941184e+01
4.938834816866241595e-01 1.285651154202011881e+01
1.772674477200703702e+00 1.206642030048773861e+01
1.191102405595164004e+00 1.220472015072640026e+01
8.076749218143572939e-01 1.183647239777935667e+01
1.144728027923565206e+00 1.216949330259239126e+01
1.982496151405128249e+00 1.143444184223970694e+01
1.892097970560081999e+00 1.160408202617350071e+01
4.796117776020308310e-01 1.286184947716459348e+01
8.992765824887978265e-01 1.192049386504164232e+01
7.695283218036521600e-01 1.223241170554013024e+01
3.720980450953175200e-01 1.303510521093674512e+01
2.034955245419074021e+00 1.158605407938784460e+01
8.491625856840648856e-01 1.207762613396761431e+01
2.134063877055542680e+00 1.172982400179770224e+01
1.060649152374972370e+00 1.197171566990073011e+01
1.819234060008314557e+00 1.167099455150518317e+01
8.730954265972006301e-01 1.196049525296380445e+01
1.627949169852459965e+00 1.226541362091221821e+01
1.229596434849612674e+00 1.203074340189685110e+01
8.663251581942456037e-01 1.240754952067410777e+01
4.234823204644240224e-01 1.225151141987597647e+01
1.118881924192150601e+00 1.204918298474450999e+01
1.274345931684087052e+00 1.169684808714741386e+01
2.047499437488008667e+00 1.089920749274718759e+01
1.263793865724836651e+00 1.229743280801658223e+01
4.854623962675799764e-01 1.202869294057935967e+01
1.504376218956355871e+00 1.242632614633036070e+01
1.475308580561086602e+00 1.197249743985899251e+01
1.172565292090874678e+00 1.191404559862087176e+01
8.620052911235032145e-01 1.148762625343064236e+01
2.024619955128096560e+00 1.170151282958799221e+01
1.057488300469676901e+00 1.221701998795577282e+01
1.992015597296844298e+00 1.181399170663331333e+01
4.315010491779858737e-01 1.270602471136540146e+01
5.885927984959350434e-01 1.218551271312050233e+01
5.278014552104685064e-01 1.227265723072690662e+01
1.296560052243555639e+00 1.225953705493259172e+01
1.266601153199902852e+00 1.240043559519859961e+01
1.186862005963091216e+00 1.158353367103485709e+01
1.509740678604936992e+00 1.174578813446725967e+01
8.495683776489487693e-01 1.191513118586579623e+01
4.275618653152301607e-01 1.230462810465029833e+01
2.069213449128712412e+00 1.116307872404417445e+01
6.278243296567764808e-01 1.157422524862775148e+01
1.227014824414618621e+00 1.187207012496294034e+01
2.895266205899711398e-01 1.352835349081006200e+01
2.083343456563982343e+00 1.204720338213421549e+01
1.456859398308146147e+00 1.208840087007558672e+01
7.830456278910159496e-01 1.252260879486688161e+01
9.611145668420441046e-01 1.226838368613851493e+01
1.503353293289912962e+00 1.187055286031771040e+01
6.595689192184691629e-01 1.222738020415972926e+01
2.224801340287773321e+00 1.243363825187344318e+01
2.007089295238714488e+00 1.225190042342527263e+01
9.760214479212990790e-01 1.230177769543760924e+01
7.318414249530588167e-01 1.216895748569985436e+01
2.102430141273882391e+00 1.098642589481859311e+01
2.090512334089403623e+00 1.190904517016226194e+01
5.093366822494168611e-01 1.234829756259130384e+01
1.595666601974413457e+00 1.155730733497422236e+01
1.745604374771701162e+00 1.210054596240975222e+01
5.754826021653904888e-01 1.252635348810933813e+01
7.470351226009530610e-01 1.188904823177673897e+01
4.252820486937222144e-01 1.231956934620702171e+01
1.272376408509559687e+00 1.188234963074174466e+01
3.751834416908742531e-01 1.297491552179534757e+01
2.026905039236632344e+00 1.244693218622565745e+01
1.462046365840762974e+00 1.215589785586109706e+01
1.394933743042651386e+00 1.182350223673907053e+01
4.093725600516202046e-01 1.247892240051728407e+01
8.509853930167852187e-01 1.221992738999065864e+01
5.496351176134419703e-01 1.243571383248865203e+01
5.140560118424045699e-01 1.233876434593706684e+01
4.501441083101516694e-01 1.248331973480458323e+01
7.800736800184441266e-01 1.201427871373795497e+01
1.957387725661021705e+00 1.162518326311685435e+01
8.230710016112940952e-01 1.163926541823622252e+01
1.584748992700682146e+00 1.220883745423352806e+01
6.008897316338588368e-01 1.201226207172368809e+01
2.060230291616072407e+00 1.208936540894812062e+01
4.337185218087085126e-01 1.312853840782869774e+01
8.152953809083126613e-01 1.220331228676606194e+01
1.397298193314979287e+00 1.209033594232606035e+01
2.988063989936241005e-01 1.339034003781716109e+01
4.198910216998514300e-01 1.253295324269883793e+01
1.884520351507956493e+00 1.207609447059193819e+01
1.690659501958893696e+00 1.182374156609663984e+01
2.834037821809522462e-01 1.365215588155667703e+01
1.957606327141769409e+00 1.126612188374782875e+01
1.421205501899870605e+00 1.200663398968817219e+01
1.622592287646269060e+00 1.198274160446597669e+01
7.105654451424735507e-01 1.181615705089837753e+01
1.815262723302184966e+00 1.147269773119453085e+01
7.661473228148294456e-01 1.192774697399535633e+01
2.833380481825615305e-01 1.363819244999251978e+01
1.058327777741605136e+00 1.222556080964190883e+01
4.931226275758411881e-01 1.232720517869496213e+01
9.578192277076094108e-01 1.210464296031369891e+01
1.611644153913176947e+00 1.226416356028138033e+01
2.054785552846171814e+00 1.219577475156175694e+01
9.218683906088717128e-01 1.208470629842480726e+01
1.463199439830582538e+00 1.193685296079721070e+01
1.705284982350308232e+00 1.240835378728833227e+01
7.588087858975358646e-01 1.227665248646938068e+01
1.398897598707200540e+00 1.215647431751253826e+01
4.628301552062504265e-01 1.213960795723173014e+01
1.031463307294101295e+00 1.203064383454504416e+01
1.216227313619284267e+00 1.204910882889173251e+01
5.651623841362056755e-01 1.254157026001393049e+01
1.172071398638811157e+00 1.205977196174899824e+01
5.413491219858042047e-01 1.251599016354388105e+01
6.635768591212306555e-01 1.185111024415806646e+01
3.904758106075592594e-01 1.237571009461532157e+01
3.739353184678609887e-01 1.317183996758366149e+01
2.921027860204148396e-01 1.368600256972286822e+01
1.967527739190190639e+00 1.177185742042693306e+01
4.579607415317717423e-01 1.217053660268670257e+01
1.506635830984102808e+00 1.176007918025632826e+01
4.094559520758346283e-01 1.234604508234768439e+01
1.402971604314967813e+00 1.201699105086943753e+01
1.701949413829521252e+00 1.240130591049208064e+01
1.578442906183475047e+00 1.221226517165550263e+01
4.126796864161693112e-01 1.271538342014357070e+01
6.105242956916246966e-01 1.240023756991630677e+01
1.021251912072041135e+00 1.189182060873032043e+01
2.041070499634845881e+00 1.117888440873254297e+01
8.606828271343418546e-01 1.203870012487126218e+01
2.031645139175275450e+00 1.227571371833820812e+01
1.509345347274367199e+00 1.216816240886560863e+01
1.460222139513997819e+00 1.183348403502146873e+01
5.516997384352615441e-01 1.242594692902845566e+01
1.701463037386020005e+00 1.227757959969044244e+01
4.262609733179420490e-01 1.266530654912077836e+01
4.539048635701848911e-01 1.258277572007452783e+01
5.186697948205483133e-01 1.234530571191280401e+01
6.942480257428144119e-01 1.200526667444241724e+01
1.672363650557413983e+00 1.222168327073744720e+01
6.740452066375520745e-01 1.218562203959605839e+01
6.282444414967505164e-01 1.221180070668153661e+01
1.770631542669780067e+00 1.188790425284598484e+01
4.643352342327780047e-01 1.248082810554184441e+01
1.000602203862379636e+00 1.222798634102239745e+01
1.202101509679352587e+00 1.173390375238611760e+01
4.643434058846546142e-01 1.216424067724676128e+01
2.069603370347888660e+00 1.157892005493194176e+01
7.623518080636755290e-01 1.178117037956434032e+01
2.076196483420859717e+00 1.239798265383171838e+01
1.400039735199009927e+00 1.170827922199451798e+01
2.069204818074376728e+00 1.161727412545694804e+01
7.287236932736568251e-01 1.155462167455344513e+01
1.425274561123194506e+00 1.154814250934602882e+01
7.426664969723034693e-01 1.187122247753183579e+01
3.639424587632003050e-01 1.296248070193328950e+01
1.610596662987907823e+00 1.236659920612337338e+01
1.070504647834667589e+00 1.192371032591858260e+01
6.551684696320985157e-01 1.164400397784886110e+01
1.863962162764651431e+00 1.139108327983249680e+01
1.838267881216452793e+00 1.195104544090384202e+01
1.369376204765327509e+00 1.209440917854140984e+01
2.219954149891048445e+00 1.150265168762960855e+01
6.811242885061943309e-01 1.173457586821563936e+01
1.007493542308453449e+00 1.173621657611244551e+01
1.418944124497251380e+00 1.181820681481731050e+01
6.980529312859177216e-01 1.180886126652461421e+01
1.698445997173214206e+00 1.179015056275116891e+01
1.582707281751680961e+00 1.236866856354274979e+01
1.907019884577040747e+00 1.196661459827359053e+01
1.905846965322712361e+00 1.146245826738630491e+01
1.562543905775741537e+00 1.230373749459571009e+01
2.029766232948277516e+00 1.250716346275454427e+01
2.085436730044750497e+00 1.238743682763086618e+01
4.141603763170199626e-01 1.216488287853384875e+01
3.512143746921940202e-01 1.322921714028350593e+01
3.992575216373645541e-01 1.299266574540059160e+01
9.626432458845697315e-01 1.188272272955100028e+01
1.210776232701253008e+00 1.190422873268201087e+01
1.878626713863539077e+00 1.246902212450905445e+01
6.757853817990689960e-01 1.189715608777506262e+01
9.183694790293992494e-01 1.226010094710870035e+01
1.773172568152750372e+00 1.198965402818000214e+01
5.900959565499298565e-01 1.190870390199922468e+01
2.031202206279985489e+00 1.109413938498605923e+01
1.867465421038526197e+00 1.220563057041854904e+01
1.318643105509561542e+00 1.174681271620610268e+01
4.816083273189058489e-01 1.234532519525657790e+01
1.344438742528563324e+00 1.222273104205682159e+01
4.987489817599152775e-01 1.249639946292797532e+01
4.014102987539835965e-01 1.270146630025253387e+01
5.269618724962109590e-01 1.234357114042721726e+01
1.257575482221070962e+00 1.221997252784098542e+01
7.686686842963433852e-01 1.180648294455317249e+01
1.732956000600298418e+00 1.208466946444352708e+01
2.247512939532800846e+00 1.115704437739869626e+01
1.599650850221015608e+00 1.244797898339562181e+01
6.081564263858066921e-01 1.238489090504974044e+01
7.267874607972764078e-01 1.191416516389590718e+01
1.765520036003792592e+00 1.219428686888972990e+01
2.129999222364594491e+00 1.151658290675348084e+01
4.450444127215058554e-01 1.209725949731647709e+01
1.351450736392029173e+00 1.151798453173441139e+01
1.614118133197314231e+00 1.230667808438459332e+01
7.195033496325473621e-01 1.245157461710795843e+01
1.267555812219400613e+00 1.197850681430790765e+01
1.489906178736700726e+00 1.220020282945487011e+01
4.623386223983153021e-01 1.234529689867919977e+01
1.997672982986850920e+00 1.233137411982442977e+01
1.519517981560861930e+00 1.149543694728737009e+01
4.024113182950530554e-01 1.251548717794945453e+01
9.716625158105323123e-01 1.173867321261180052e+01
1.772940823432981761e+00 1.191088151226142955e+01
3.671782098599916666e-01 1.226114906051386910e+01
1.869305740996178633e+00 1.200135204578163162e+01
1.644389341118452474e+00 1.190956069031168774e+01
7.073088761695092153e-01 1.191422284401055443e+01
1.504421460412992628e+00 1.149773504202589081e+01
7.841057619694860037e-01 1.181900311426617911e+01
3.603533239605132277e-01 1.264579002652180328e+01
4.023714259148196137e-01 1.252050631131636749e+01
3.638465631368684727e-01 1.287999550027727658e+01
1.546598801754466290e+00 1.167906887601555965e+01
4.654907857512937674e-01 1.226907130650023170e+01
7.803024852972920700e-01 1.238053059641805476e+01
2.021660784520629139e+00 1.232246058331738148e+01
2.055333730020035610e+00 1.197046590548925593e+01
1.398255341586146727e+00 1.163022894078086900e+01
1.904688464731111530e+00 1.215734462309975328e+01
1.725437390254681791e+00 1.198088653580112073e+01
6.029739514639247400e-01 1.208790088449933720e+01
1.525253491741298983e+00 1.195463338789497953e+01
3.128349641693287109e-01 1.342413037921343211e+01
1.354789840367308873e+00 1.234359422393638894e+01
9.439453685401515415e-01 1.209806872781032183e+01
1.979052609171331190e+00 1.195728782571920590e+01
6.544190825955483737e-01 1.215311168405095366e+01
1.419699958433642717e+00 1.219504058742180774e+01
1.885570144994004771e+00 1.189081999880231955e+01
4.210264868292650786e-01 1.238604456406959109e+01
1.567245032891388279e+00 1.190531387518248785e+01
1.193354876496681927e+00 1.187426358492569101e+01
5.825926926452228427e-01 1.180261063717131798e+01
1.967242986874176314e+00 1.141278418101543046e+01
1.339275762371271661e+00 1.173662745110045336e+01
1.065660322651260428e+00 1.210098773948790196e+01
3.056874385462485244e-01 1.356001949788132066e+01
4.302913892398393947e-01 1.223862988058626478e+01
1.995022430046301753e+00 1.246146471979423254e+01
1.877564750575759556e+00 1.223698380766461646e+01
1.170223548319640150e+00 1.189554508269390709e+01
1.951700727197479113e+00 1.185971350687780479e+01
9.027678556755287520e-01 1.168414438205095252e+01
1.792773017800709079e+00 1.176013480133884670e+01
6.903859099306067781e-01 1.223660877159403171e+01
5.183773595896903341e-01 1.233356340606613166e+01
1.049290847470931043e+00 1.168041317674723523e+01
6.280058291234764667e-01 1.170380519159367161e+01
1.627561590331627617e+00 1.173509253027276777e+01
4.077905346124872654e-01 1.239354856199236110e+01
4.329304880146392920e-01 1.249634683831189008e+01
2.064487185274181513e+00 1.141045432268803062e+01
1.710860887315134748e+00 1.241021117506521065e+01
1.975107623929589717e+00 1.169919929528363589e+01
8.003552301769115696e-01 1.189543090114488955e+01
1.669946482378453112e+00 1.204286195338813314e+01
6.613777389765096437e-01 1.198977296792397595e+01
1.922220219481215242e+00 1.126627611031530662e+01
3.813847863887120382e-01 1.295529421875505527e+01
9.569788785189262681e-01 1.206536040538078858e+01
1.606296099825266221e+00 1.171039745051733405e+01
4.904083766998493799e-01 1.251861802620209474e+01
7.924839879927974007e-01 1.203238745290410172e+01
1.874900657180997410e+00 1.204869066633524355e+01
1.860780395941911802e+00 1.213594416864196823e+01
3.492314737999229202e-01 1.298173106213364747e+01
6.686534577488377762e-01 1.197461052189098218e+01
5.655424476441200943e-01 1.196697253261575966e+01
1.185083700140070695e+00 1.186649001209009491e+01
1.409576462341322722e+00 1.223026704417187460e+01
3.646269997546494057e-01 1.254661293938147359e+01
1.822598442793536888e+00 1.211450723722871459e+01
1.396245613739907521e+00 1.180441397555656202e+01
1.091995540963458744e+00 1.173388120782748345e+01
3.216445883161449526e-01 1.290067895573361945e+01
1.796564339388709408e+00 1.219182206424336634e+01
1.715815884052641405e+00 1.234012638576460041e+01
8.234596284940406408e-01 1.186362330629571638e+01
5.782719447558251069e-01 1.209086866070432542e+01
7.762759769459831594e-01 1.201703606667519253e+01
1.299324950911610932e+00 1.211659156106499324e+01
7.866441062278364260e-01 1.222128169267438658e+01
1.735198811691901488e+00 1.229095397077073137e+01
1.506800188289934450e+00 1.244583825203194927e+01
1.312196994092666991e+00 1.219816570747883766e+01
1.081761163619000987e+00 1.230152119793967103e+01
1.262560939855346342e+00 1.218587381105778356e+01
1.878576998727907288e+00 1.210451565832057952e+01
1.909721898805644136e+00 1.203107464761380108e+01
1.883335301862135491e+00 1.215782694455347723e+01
1.804597075696775299e+00 1.188802707824264004e+01
8.778182272189651858e-01 1.178324719767563344e+01
1.226282445852903358e+00 1.210166271071367028e+01
1.401945236477673662e+00 1.154129900190428870e+01
1.722142222377086140e+00 1.175387088757080001e+01
1.453446045799300146e+00 1.203400884504552870e+01
7.790363351053911645e-01 1.171503793116593961e+01
1.903107782655726998e+00 1.212685120345885181e+01
1.451175523570620518e+00 1.187921429061139733e+01
6.176372325703267663e-01 1.216275771207158840e+01
1.753490715021240431e+00 1.220072976547327137e+01
8.378878767897439683e-01 1.203360922845577541e+01
1.736212847980608043e+00 1.167223762633627793e+01
1.070777453860831008e+00 1.211975128106172406e+01
6.086088309440765842e-01 1.225107104113878442e+01
1.491112818961506159e+00 1.235626966188627129e+01
5.519196256096758901e-01 1.176845731711584619e+01
6.341315357383447981e-01 1.194918321515190662e+01
1.600146812491263226e+00 1.190415609687810239e+01
1.854735558792607764e+00 1.179570939907642746e+01
4.336973712189925445e-01 1.195502843400006121e+01
1.924840015811949856e+00 1.187937945591978561e+01
4.887769851124554865e-01 1.243462144454701424e+01
1.589398335025639764e+00 1.204276087143453822e+01
1.447102879110428564e+00 1.201288002260385746e+01
3.917949848313973527e-01 1.244835305274448167e+01
1.625013411769305360e+00 1.228621314725400637e+01
6.630637243611120502e-01 1.227264736168688231e+01
1.335776530610522039e+00 1.180088511304883347e+01
4.526281936294094810e-01 1.217726905164593987e+01
1.513659381856038211e+00 1.199531811072153964e+01
3.346342420738764312e-01 1.282932825179618597e+01
5.590211493382423180e-01 1.193036965060601240e+01
5.905206915625933473e-01 1.218930344172719415e+01
2.002174131637762144e+00 1.213335165160864193e+01
9.132427687394213400e-01 1.161699991450541880e+01
6.464787005545163945e-01 1.193937573848963396e+01
2.016928660777757898e+00 1.162587150492259802e+01
1.805674370825285147e+00 1.213790648959817453e+01
4.948165387239183421e-01 1.265954854896307502e+01
1.016675289943853810e+00 1.174658420597889474e+01
3.586925295813776504e-01 1.329525149476194557e+01
1.349586540067612805e+00 1.201179673454053543e+01
4.970385634860307045e-01 1.234453820190335804e+01
1.095380819153025875e+00 1.226796632353388539e+01
1.627029677812371622e+00 1.199969501540507899e+01
9.236211960122718834e-01 1.207902284219848532e+01
5.778986279938684856e-01 1.217023091107652100e+01
1.105921888789553220e+00 1.189100407340497512e+01
1.255704122587763427e+00 1.242618924191246421e+01
7.445049178395065637e-01 1.169359871023288910e+01
6.978976973430770503e-01 1.218360290283876246e+01
3.588940473779300144e-01 1.292115206128612925e+01
9.918908555236684021e-01 1.191693520413530116e+01
1.363239493147534898e+00 1.192331179729905521e+01
2.005128215825624949e+00 1.206837369705421636e+01
9.444735879939479828e-01 1.208416088381774500e+01
5.896290645486909066e-01 1.179154860874555233e+01
5.619732589902624031e-01 1.210434015752498738e+01
1.362325830573942298e+00 1.210705221586346703e+01
9.835444119686991282e-01 1.177279486499828742e+01
1.638432456926329106e+00 1.216860564045810555e+01
1.633522925541557980e+00 1.227992607939491521e+01
3.128961931668496343e-01 1.301345065082440300e+01
9.271364279893848925e-01 1.169740943821486745e+01
4.373011146495545676e-01 1.206045203244338992e+01
2.083793935647198392e+00 1.201603194342950154e+01
1.428548955192474601e+00 1.212715317689556116e+01
7.632653390556263240e-01 1.228871346994120373e+01
3.068510381369360385e-01 1.315486275645221070e+01
3.950983996149337596e-01 1.240960442375854988e+01
2.000641956475429417e+00 1.146551508525457663e+01
1.996639594438363474e+00 1.189373951360889947e+01
1.113609150135224990e+00 1.174601617752047034e+01
1.086484524842499466e+00 1.192214705411553233e+01
1.731773910048494569e+00 1.176769854461483966e+01
1.279404250901437390e+00 1.216440402651176989e+01
6.830442949900704663e-01 1.222188330930674915e+01
1.879943176020016926e+00 1.207323161536134037e+01
7.252892876320240489e-01 1.190008721329318320e+01
1.266873564257439799e+00 1.143890778321321200e+01
1.314598771091785245e+00 1.215217604887618386e+01
4.542004117306284172e-01 1.254951820513773697e+01
7.350767978562374738e-01 1.201453398291144481e+01
1.857423553175840292e+00 1.225591356229876716e+01
4.339551780591492380e-01 1.300757544873856197e+01
1.667482090543959572e+00 1.191117080048699606e+01
1.113229957473483189e+00 1.215195691214310081e+01
1.915512994584327666e+00 1.167395383868208647e+01
1.975621095571376884e+00 1.230511209168122377e+01
1.405824481271235715e+00 1.217316322008860752e+01
1.441668394178791113e+00 1.208535037003899681e+01
1.684740190011388972e+00 1.217840433291907942e+01
1.826759281400122781e+00 1.131816469364572164e+01
1.978259855099451237e+00 1.169232170357984302e+01
6.065674844842131597e-01 1.252888818219603273e+01
1.021310357873848718e+00 1.201222665864274219e+01
1.578643776886606842e+00 1.222795957497059405e+01
1.747962748953975298e+00 1.198136016807097626e+01
6.434662246338141989e-01 1.199189538443974890e+01
4.537280306651911843e-01 1.194195272774340033e+01
4.721280500467544550e-01 1.238491546784202058e+01
5.662864597387103904e-01 1.180288674120241232e+01
4.625787209971442548e-01 1.258233777586491975e+01
2.029473717875719174e+00 1.171330895523625415e+01
5.773891056053002124e-01 1.213361040786083045e+01
6.491868064192047871e-01 1.239431340718216745e+01
1.847849191288605031e+00 1.175359267211859837e+01
4.897620374763841933e-01 1.205161774208922409e+01
1.353602751234629809e+00 1.189399745110182494e+01
1.366409611720106332e+00 1.195339062177539091e+01
3.295902777595532962e-01 1.322848348499114479e+01
1.763481395161427878e+00 1.184391709592518005e+01
1.116534569771107765e+00 1.223187405433198016e+01
3.687652650297399970e-01 1.280321614919329676e+01
5.159265312843470674e-01 1.200120394008502167e+01
1.134274432689923895e+00 1.166944627532086187e+01
1.499647864759907634e+00 1.198841882630997979e+01
1.984786032354511010e+00 1.229778253709207725e+01
6.577739366950616784e-01 1.193099891125418210e+01
7.074888942458396057e-01 1.231254964981176947e+01
1.535661904495260632e+00 1.235287792000107387e+01
1.761720391241925476e+00 1.228920524267724979e+01
7.192302968848470757e-01 1.184821897558385118e+01
1.936213919926133231e+00 1.146442018525855389e+01
1.419507845193697548e+00 1.224864757522893655e+01
7.753168147922838704e-01 1.186110281981473946e+01
1.651884835138573981e+00 1.181659987711771009e+01
1.278659819162114797e+00 1.181105353243729716e+01
1.378658628957020627e+00 1.180481893356397727e+01
1.399154234860395363e+00 1.200210612137880695e+01
9.326497574229227761e-01 1.173057002040543040e+01
3.574618261224158933e-01 1.327080798186619681e+01
9.623509151388569549e-01 1.188701641791217689e+01
6.729713411616095042e-01 1.228059139645127118e+01
1.876740068431611563e+00 1.211820475952598564e+01
1.258153866200470539e+00 1.186731878239253923e+01
3.816152163393775054e-01 1.314961961398754298e+01
4.543489792159473017e-01 1.242940199606456098e+01
7.575460600053247617e-01 1.225176386092925362e+01
5.482575552391353302e-01 1.198666293210163936e+01
4.287369926064668046e-01 1.242005187395023391e+01
1.524071295460956543e+00 1.201036695612702943e+01
8.199377651463867211e-01 1.163719626012350261e+01
1.354084063577784880e+00 1.195251586594634752e+01
6.743337184360911341e-01 1.210855166143923256e+01
1.152296381659986713e+00 1.191609863350281096e+01
4.836847730951741586e-01 1.216839373101859856e+01
1.643462163870565318e+00 1.159244798351590333e+01
3.306378234169776720e-01 1.299851707938992718e+01
8.501943271401313229e-01 1.182182904297082970e+01
6.143004593430240190e-01 1.184541149861773057e+01
3.046796827762917603e-01 1.334047046642219847e+01
1.024968539053014327e+00 1.221712623227927352e+01
2.036897085685549946e+00 1.193482765796745859e+01
3.369562615367819314e-01 1.279046281492628623e+01
9.844494111186103957e-01 1.189542384838315137e+01
2.054866723771436199e+00 1.214341651956426738e+01
1.002747701007824954e+00 1.217310820898534018e+01
5.306770462176183534e-01 1.226301884313626900e+01
1.885880424184014359e+00 1.235617458918096290e+01
7.142159888143511104e-01 1.211382939998330066e+01
9.394579300861446436e-01 1.219271893385151451e+01
1.082563797771747938e+00 1.158900373905690628e+01
1.940078356635891010e+00 1.178043198691100280e+01
3.132506891588399123e-01 1.314199648761653272e+01
6.018520402226904542e-01 1.204793420310492635e+01
4.690940892876104273e-01 1.278203817552812360e+01
1.115259594472513882e+00 1.190104087334012206e+01
1.781264295382250840e+00 1.182326880643609002e+01
4.232632678664724479e-01 1.232370056854425755e+01
2.121825607718200501e+00 1.211431831729991337e+01
1.003252580743954514e+00 1.190490481386016519e+01
4.238654107362340717e-01 1.234643708844502896e+01
5.443726616812757380e-01 1.237245218103462996e+01
1.045581865416371103e+00 1.232235975827529550e+01
7.412336120168689924e-01 1.221130045497430672e+01
8.968768002818242602e-01 1.189775050712452575e+01
1.425012308144839590e+00 1.195034092998637121e+01
4.521959509114842346e-01 1.256612872021957727e+01
1.012869156274330162e+00 1.188559171496462952e+01
1.817832661316277409e+00 1.144092637995076878e+01
1.414927458369096502e+00 1.219672981277378732e+01
4.550328900835163282e-01 1.241036500827734557e+01
5.381289597953243797e-01 1.184237927719871486e+01
1.084318826377034251e+00 1.194636567211261635e+01
8.116254859194069748e-01 1.189447001905854506e+01
1.852208516671789207e+00 1.215910630471602261e+01
4.981701320020250345e-01 1.256457985280613698e+01
1.027502768212047446e+00 1.161590111439639195e+01
5.988964340560056776e-01 1.186649964173211558e+01
6.488964193504077604e-01 1.230123943927526042e+01
2.065656280182174065e+00 1.177456692265881166e+01
1.334775277752558553e+00 1.196948728291488173e+01
1.478432366422226751e+00 1.222188153980862602e+01
9.466337550380115040e-01 1.179461599099485269e+01
2.090574580450387909e+00 1.226486248952860691e+01
1.083683363514057252e+00 1.201546683778113866e+01
2.140255347117249407e+00 1.122369578598333817e+01
9.226827136006244823e-01 1.195897518792150116e+01
1.348815967622506440e+00 1.168482272997466076e+01
1.072798444526259498e+00 1.202684544887682350e+01
2.053137861322877455e+00 1.156184544323878605e+01
9.920698268587982982e-01 1.219101947059214197e+01
1.417256764696965154e+00 1.196645229787870512e+01
5.943260083966303009e-01 1.195293957148977526e+01
2.078368838753285708e+00 1.170802623524122232e+01
1.558264684552957080e+00 1.221711610141016990e+01
1.851835195866440076e+00 1.183486072476819118e+01
3.688743106668366800e-01 1.307904009247336496e+01
2.064666806560454315e+00 1.229647488798848265e+01
3.159542638013752569e-01 1.310926888917820499e+01
1.008636456449581553e+00 1.182000288579748215e+01
8.178380357303094428e-01 1.191285074516290976e+01
1.783478659930502808e+00 1.186218536713211336e+01
1.654378635587716362e+00 1.211992867864680434e+01
1.753082551971151481e+00 1.217658439066220843e+01
1.778760340312448562e+00 1.227636818956551323e+01
1.502149894477542436e+00 1.205020526666192282e+01
4.517720005416653306e-01 1.246219688700897343e+01
6.554622092071105133e-01 1.240945243713755453e+01
6.474962010026992232e-01 1.249774322228290835e+01
1.989658319830669431e+00 1.159195435086518700e+01
3.797574032646928721e-01 1.264447414419412219e+01
1.861098927978367623e+00 1.208409005877014053e+01
7.383569860290353226e-01 1.241934631780467058e+01
5.987380932805848044e-01 1.228448731632461843e+01
1.848034330546458825e+00 1.129674512866762015e+01
1.688999582133433153e+00 1.221992039782044870e+01
1.370491894039646441e+00 1.200249175053559192e+01
1.400135205403898464e+00 1.198737298397682416e+01
4.760005637078906782e-01 1.252595962224528492e+01
6.994760396337694752e-01 1.202693404812248446e+01
1.259854434239403131e+00 1.224054388484524125e+01
8.500191846122184813e-01 1.198481706318846740e+01
1.771967327568077177e+00 1.210304942394946082e+01
1.104012896885778972e+00 1.217233695541612803e+01
3.204884688035390949e-01 1.331087186494519869e+01
9.964105817064971005e-01 1.189527778384001522e+01
4.802137780285368751e-01 1.221153452897095271e+01
1.924625116669415492e+00 1.140540079975812304e+01
4.946549281242485496e-01 1.215615249882896265e+01
1.970446353561170039e+00 1.197915668243805598e+01
1.806638290769538191e+00 1.171407023220827170e+01
7.385529464564510871e-01 1.187695902323889285e+01
2.004659705441687478e+00 1.182481666421660371e+01
1.140101819622262758e+00 1.213947010062924114e+01
1.496003651855628558e+00 1.207020099646317490e+01
1.581774656112617805e+00 1.199762927392426448e+01
2.113920091218636887e+00 1.214664877511919983e+01
1.791397125258443523e+00 1.212061843201509248e+01
6.672553590492904529e-01 1.176534223659967004e+01
1.950404152403379943e+00 1.191289322010180207e+01
4.106990827535237920e-01 1.267426713561847862e+01
1.391498838631659574e+00 1.224456695149337193e+01
1.130080047088049655e+00 1.212342343296341873e+01
5.845278718895692283e-01 1.194533099628383077e+01
1.511071516400441794e+00 1.156102112431539730e+01
1.027483712662024429e+00 1.190638503050676000e+01
4.284302637867420938e-01 1.235787631315525914e+01
2.069053234720052981e+00 1.125792971711767443e+01
1.403326035877901390e+00 1.221018048482201124e+01
3.282895963364012015e-01 1.339018944414823942e+01
4.856227929283659650e-01 1.189893795692234058e+01
1.390151526612166233e+00 1.170701349165017291e+01
1.272353994138884392e+00 1.160868582706410912e+01
1.232416861909563899e+00 1.226362691342436761e+01
1.858251408165884300e+00 1.232134180413429370e+01
6.656492820298973712e-01 1.234091961603117582e+01
3.937633183318320906e-01 1.236014051787663526e+01
1.166212988020564723e+00 1.214188905294805743e+01
7.024263041331403334e-01 1.185312533721073969e+01
2.075256721435462914e+00 1.173811090578825933e+01
1.870178824823885311e+00 1.171612920830387417e+01
6.542122373080586639e-01 1.175869136990399966e+01
1.981543872840379805e+00 1.217275374380953146e+01
2.026504050984635708e+00 1.241229573757782845e+01
1.876586338361859729e+00 1.192426542538560952e+01
8.802639780034293704e-01 1.212630107047764305e+01
1.476510498316851328e+00 1.215701234906891592e+01
1.054016469918316323e+00 1.200865097809131221e+01
3.742079840151960601e-01 1.286263061370745930e+01
1.810549496990147889e+00 1.208480552522229701e+01
8.719464302184142257e-01 1.187859389380222197e+01
1.746424349528516329e+00 1.156418667502525466e+01
6.503262737190179665e-01 1.204984546299300874e+01
4.839211266242086085e-01 1.238916721099101892e+01
1.762662542097058083e+00 1.224500725225193598e+01
3.898138351001346757e-01 1.277916578263701375e+01
1.878961994032681382e+00 1.203287630116300377e+01
1.458156674869336866e+00 1.162491525374136181e+01
4.345749194807382865e-01 1.219185354616568162e+01
3.121807818068719764e-01 1.316620063912278127e+01
1.871465244571173470e+00 1.198985924301306483e+01
1.668206423159870777e+00 1.206343011619090255e+01
1.915532969856766243e+00 1.181598901022398174e+01
6.903790427646468997e-01 1.242980051213274173e+01
1.175331210788528757e+00 1.198625283554417109e+01
1.696451132978579190e+00 1.211043952572470594e+01
5.832714840399545464e-01 1.189485539439924011e+01
6.655592703290438283e-01 1.194397927397518799e+01
5.991092957794502682e-01 1.250579362801801331e+01
1.967076728232294069e+00 1.137251801241706417e+01
1.870415453960402097e+00 1.239835685311972568e+01
3.875842358573188262e-01 1.275185865127179596e+01
7.710968210740422046e-01 1.193124575985823732e+01
8.323673724586012623e-01 1.190670535709251965e+01
1.925991981898721894e+00 1.148014512954537025e+01
1.276748571992769588e+00 1.209017485787019552e+01
1.772451822018532130e+00 1.216177194299861775e+01
1.651389208462177516e+00 1.182854712075280013e+01
9.036100883560497232e-01 1.197605962587363493e+01
1.947053928265149558e+00 1.194497239863718896e+01
1.991473066703321582e+00 1.124058938778148686e+01
1.341276693451504132e+00 1.223847657678641454e+01
1.419127021406590972e+00 1.214206489671236433e+01
2.136759059811055739e+00 1.196166218718879648e+01
3.487089838148997867e-01 1.285626344233956431e+01
3.562217122716630491e-01 1.293955153064927721e+01
2.016706202789428026e+00 1.172338552415202351e+01
7.933405217279831945e-01 1.208571146902085047e+01
1.075955915683741937e+00 1.179811062351827466e+01
1.914723435523157935e+00 1.133621040338246821e+01
1.823754432754556953e+00 1.161449424807372210e+01
1.684516876780957961e+00 1.229078899070529474e+01
9.939787036397720321e-01 1.193926818658670364e+01
2.036329963244972063e+00 1.142480897900388825e+01
9.232305145579191574e-01 1.200047946496554907e+01
5.116762103268041040e-01 1.208709199067273232e+01
3.246169479190438301e-01 1.304749044310928063e+01
8.404864054086507164e-01 1.199679331982208907e+01
5.186137281129384879e-01 1.231445577924858092e+01
1.348806232694488960e+00 1.236320384193359700e+01
1.925228130011078509e+00 1.206014576092845481e+01
2.063585289445509119e+00 1.234242794977889091e+01
1.850901515003810838e+00 1.234342277047393388e+01
1.779613590059898165e+00 1.204423130202760461e+01
1.631257024618337104e+00 1.225771912376266748e+01
1.660256431899973961e+00 1.232193814270871712e+01
2.806918624715367683e-01 1.373789420471829992e+01
7.038117852146646980e-01 1.194152790263662034e+01
9.431284747341898145e-01 1.186002130698013879e+01
2.075293201542844912e+00 1.140146944860416056e+01
1.140695403891700099e+00 1.231686157533814452e+01
8.870365154020826148e-01 1.184517197072139538e+01
1.536295282479282376e+00 1.231052623890767350e+01
2.152897129783036156e+00 1.224132485063411302e+01
1.578858989531837009e+00 1.213647993142747161e+01
1.431150330702741114e+00 1.224008133545715893e+01
8.624221265196356789e-01 1.200173796891176892e+01
7.676861223864078765e-01 1.199478076053511799e+01
9.541076245237942732e-01 1.211474003644137731e+01
1.777270664653793242e+00 1.171890397186385258e+01
2.041796935290030479e+00 1.154217740808919501e+01
1.346639720272543750e+00 1.204560173711176496e+01
1.778875439474636222e+00 1.199855668305088585e+01
1.584972623449751650e+00 1.205357959478265606e+01
1.668988456666946396e+00 1.213794264764455200e+01
4.073923039581486272e-01 1.310463905419652342e+01
1.473636437237832331e+00 1.234765829684760163e+01
2.000027062768089614e+00 1.187622360238225028e+01
1.468230295755952985e+00 1.188968141426608582e+01
7.281585061900587297e-01 1.190983005396029526e+01
8.150743388035568415e-01 1.182360665892715978e+01
1.556307731563985053e+00 1.176589901710087283e+01
4.233247735924603461e-01 1.261076861421074291e+01
4.851102542035737319e-01 1.200249118953720817e+01
1.774556582452199827e+00 1.189056822609537711e+01
3.889567119529474537e-01 1.271539999977140667e+01
1.041229484714965681e+00 1.163696909447000749e+01
6.741311587175357056e-01 1.179211623706491352e+01
1.148049644310393358e+00 1.199621783647544682e+01
6.341312476080238625e-01 1.222383399732762044e+01
1.192027521435849113e+00 1.230173972742111488e+01
1.932277820151906411e+00 1.183354916916919208e+01
4.626300193792404203e-01 1.209753135740030316e+01
1.593300268562834132e+00 1.229992448007067196e+01
1.126430019979802966e+00 1.210049246685126079e+01
2.021518875241773650e+00 1.208762856146418407e+01
1.496100987915318870e+00 1.231500487248855435e+01
1.546415559397450457e+00 1.212134677633794766e+01
1.818108251325207592e+00 1.199246923398792575e+01
1.174436394157536645e+00 1.211953324532159293e+01
5.189913557000994659e-01 1.209380102738809803e+01
7.814684521669776895e-01 1.216258244422900958e+01
1.852032006688505428e+00 1.195535188483400013e+01
3.651536089806692864e-01 1.257295479647691572e+01
2.044613758119851799e+00 1.145950389194819330e+01
1.103436905504565191e+00 1.219757506686899795e+01
1.081523323530692915e+00 1.197356675240656898e+01
1.335486269076822774e+00 1.194489924450813589e+01
1.679671611681214261e+00 1.208659385256133589e+01
2.027986809602853491e+00 1.153714371412224615e+01
2.062005170981570323e+00 1.223546795909214069e+01
1.958580329270854348e+00 1.159906770907206663e+01
1.410396593414801059e+00 1.189212169565136001e+01
1.500229204241497971e+00 1.234744610986056301e+01
1.958480410218253365e+00 1.180585064258826655e+01
2.010921169820506282e+00 1.135555252843441743e+01
1.533912569200270193e+00 1.214208866325961722e+01
3.685147308788809251e-01 1.305445249555174669e+01
4.434188232799213814e-01 1.210019416933997505e+01
1.822100793432170907e+00 1.220805501723394570e+01
2.020250137057554074e+00 1.201058962312703038e+01
1.928443240972070649e+00 1.192140692440484351e+01
9.078989539903210559e-01 1.196150947627063665e+01
1.870841264752779898e+00 1.160568579434214875e+01
1.256769423622655202e+00 1.212061154939966912e+01
1.662667005367481909e+00 1.180841182431214698e+01
8.666829026367377509e-01 1.191143915583811186e+01
2.045551886796490137e+00 1.158201221405155579e+01
1.415820328826143726e+00 1.234986714066202573e+01
1.765196733162750498e+00 1.221047002718310814e+01
5.396040668912829297e-01 1.238361598942121411e+01
1.650682682559853953e+00 1.155798414602404911e+01
6.177242047152846638e-01 1.229392960219306907e+01
1.927713161672992559e+00 1.152037434929590987e+01
1.431457688123614957e+00 1.211353031020481197e+01
1.627050465927110778e+00 1.184685540386791125e+01
9.440559637153154160e-01 1.181618873741848397e+01
2.027781068894992433e+00 1.226035328072946129e+01
1.361253609479022630e+00 1.205300333027208026e+01
4.038071318283883993e-01 1.272233276121658996e+01
1.538109288359738702e+00 1.228575712436670386e+01
1.906761341280466038e+00 1.197328090954827573e+01
1.059199580727116174e+00 1.199276857036564792e+01
2.130190083439454707e+00 1.177380761828446687e+01
1.149807184017863859e+00 1.224192435668902945e+01
1.552585529200517733e+00 1.228901660718616995e+01
9.310054524089613759e-01 1.166487701954213208e+01
1.749989811928972960e+00 1.198840702860798224e+01
1.994822921588199849e+00 1.212075206683631023e+01
1.440091464577765601e+00 1.218641011320463896e+01
2.105791101199588233e+00 1.216911133375151088e+01
4.266936686206289631e-01 1.283529240890337597e+01
5.463458868393384904e-01 1.195693001295489744e+01
1.606717884999195656e+00 1.224252396711189839e+01
1.625706563144117212e+00 1.184011523385181164e+01
8.950524642001638220e-01 1.195868859218670543e+01
1.798352428382895107e+00 1.205317449850400457e+01
4.143544542984616830e-01 1.224501305394312212e+01
3.999348719953245146e-01 1.224264107568732740e+01
8.294799213683735628e-01 1.223043404076685015e+01
1.152541904144514406e+00 1.174715466269879904e+01
1.686935570633037118e+00 1.190442681256162416e+01
1.251488583882519601e+00 1.199319221000856928e+01
1.328722118142592556e+00 1.209249385466369020e+01
2.003519977584969247e+00 1.179030964911135193e+01
4.026170924484585578e-01 1.256834372361325691e+01
1.541405714507005920e+00 1.218158684205891973e+01
1.417514335501004474e+00 1.215707542091807092e+01
7.856776254251954805e-01 1.210004812544755382e+01
8.978799879383450033e-01 1.167718256209892935e+01
3.008848172092453699e-01 1.325406319502992147e+01
2.929260806947907581e-01 1.353294696877828862e+01
4.125714727450084940e-01 1.269124975979464764e+01
3.846720004289921890e-01 1.272613288398609654e+01
7.584195392767629773e-01 1.225188598806462714e+01
1.646355758426451654e+00 1.191120127447330468e+01
9.846565705470256002e-01 1.190380897917080816e+01
6.752181024178171009e-01 1.219142779574257140e+01
3.189841734892123193e-01 1.308738339203045875e+01
6.776182781217917617e-01 1.201726833978865727e+01
1.856759363079047986e+00 1.146350049358266610e+01
1.611521940096911409e+00 1.213514832829055301e+01
1.951481046062274460e+00 1.205371306864318903e+01
4.381291835435918713e-01 1.224930873263976849e+01
3.911510035676304953e-01 1.264580176720225779e+01
1.533869060416723773e+00 1.210523371787840929e+01
1.962169142573644942e+00 1.137536117603564101e+01
1.739745307664875895e+00 1.208251543475429735e+01
1.147987699633670422e+00 1.184054917154237785e+01
3.344673811284557541e-01 1.298981048901529789e+01
5.375835557004053911e-01 1.235629930676578958e+01
4.700679061258795088e-01 1.222051432245326197e+01
1.491063270084371561e+00 1.228082619542975706e+01
1.909865732048258824e+00 1.206161244298329649e+01
7.803239984671757057e-01 1.165536462994337619e+01
2.030961411656557747e+00 1.222267856042984846e+01
4.475781202395278657e-01 1.284051559696743183e+01
1.939250093042585776e+00 1.146622709152751440e+01
7.609080556021674546e-01 1.218164128917548794e+01
2.762475490080972818e-01 1.359179253947778321e+01
1.223392175481372135e+00 1.168169568541832781e+01
1.493652058458409204e+00 1.200913736945560650e+01
6.785490532195744828e-01 1.199445622016429702e+01
3.490942250505448818e-01 1.303399826345266277e+01
1.997523648493962911e+00 1.212574393345488488e+01
7.788728975823973055e-01 1.218262111690609650e+01
5.831113162785729331e-01 1.192626814423539372e+01
1.195853164524848244e+00 1.181953546745728012e+01
2.008609708089210244e+00 1.192134024986831697e+01
1.814086934605335211e+00 1.190073522332208533e+01
1.048714371134927825e+00 1.189896949903807410e+01
3.593870434827477478e-01 1.268555388158371855e+01
1.810976527936410951e+00 1.197922979731935555e+01
1.994762572370442522e+00 1.233234943068341849e+01
1.016389090686951713e+00 1.198259758794339191e+01
1.794757942013316843e+00 1.183879729224779354e+01
7.772189287668804791e-01 1.238789628240163410e+01
9.686426542515945703e-01 1.171177297290183539e+01
2.142510925044065040e+00 1.174205208949482504e+01
1.807064449921395699e+00 1.152621425581368086e+01
1.055555574191878732e+00 1.204242777776434536e+01
4.343982217817273228e-01 1.205659080004764405e+01
1.183385025950465241e+00 1.161115217972314007e+01
6.575436605908226984e-01 1.190439078014241048e+01
4.885622855433321976e-01 1.239891582737481635e+01
1.213369777808087413e+00 1.231683871462819546e+01
1.274177480018259034e+00 1.220966465526977629e+01
1.232199676029557489e+00 1.167191407119315372e+01
1.185502337788607807e+00 1.204396798058181517e+01
4.661094126655611625e-01 1.224638532153472070e+01
1.856177261256402700e+00 1.126477724411882875e+01
7.061148705866095998e-01 1.200461260959227872e+01
5.972154683027122157e-01 1.191025211358963531e+01
1.055484106794366994e+00 1.169740574061108518e+01
6.823546807957342475e-01 1.174585974919955866e+01
5.199321089932760209e-01 1.186920091314116199e+01
3.774196075353584146e-01 1.306527690108715412e+01
3.371427061199657182e-01 1.334155528302326310e+01
8.928383670147325146e-01 1.210374170874625044e+01
1.299817128727166704e+00 1.219275716141380350e+01
7.299097019347321469e-01 1.172896895027446718e+01
6.790930515737296780e-01 1.202885318750663224e+01
1.134122113897784168e+00 1.228271578875038550e+01
1.201602422819227689e+00 1.160549507889913556e+01
2.045419343706112780e+00 1.224903303148903611e+01
1.754020433779694521e+00 1.206954027819596753e+01
1.748052378119748118e+00 1.209104620989083934e+01
5.561956523753415205e-01 1.173507028961279808e+01
6.097590530614952486e-01 1.203867538811086213e+01
4.637883163582334212e-01 1.264024208072931188e+01
1.784909447864965193e+00 1.170083603037333297e+01
1.429360892307237840e+00 1.231411656337937366e+01
6.931512769817372854e-01 1.164559531769642220e+01
3.474833560318551506e-01 1.266915002881140673e+01
1.716915433102425448e+00 1.194617858177397629e+01
1.958725917762678792e+00 1.183592491256164081e+01
8.454764471908388090e-01 1.172671479393248894e+01
1.869516348442215259e+00 1.151186804689082521e+01
6.513019383880057633e-01 1.200957455038485833e+01
6.687270433055253482e-01 1.223272667302699546e+01
1.052096316884235216e+00 1.168551400981266042e+01
1.066367685372885621e+00 1.202032065138442185e+01
2.112347715506821100e+00 1.152335254864713399e+01
1.020369689646860589e+00 1.193203007793708537e+01
4.303178063037728096e-01 1.234495946044012626e+01
1.750208171544618718e+00 1.133831543678781628e+01
1.765382006012773175e+00 1.212013257483508610e+01
1.566317770925341746e+00 1.215476760820270563e+01
4.191454319862937816e-01 1.242739586786101036e+01
6.501108047418712177e-01 1.176025503132977690e+01
3.170917593267140733e-01 1.308770795175006185e+01
9.450062258791486203e-01 1.185757611817022017e+01
5.941463349342990252e-01 1.192707749738891287e+01
8.984976396435917501e-01 1.183094601597317741e+01
1.347517537547943789e+00 1.221869180506856800e+01
7.842988995768817029e-01 1.218434647786565783e+01
4.412565544819538887e-01 1.212101339906472042e+01
7.500003304272094828e-01 1.180553126632738170e+01
9.153452688300269813e-01 1.213905791408185131e+01
9.884477382123527667e-01 1.218816630668512602e+01
1.248689178858159776e+00 1.188312887464850931e+01
7.500112661508731016e-01 1.218319769390039831e+01
1.779422279442913313e+00 1.174493432649449964e+01
1.750654504749755924e+00 1.237514535627665424e+01
3.684042441050393024e-01 1.269689309423417356e+01
1.185680069930608704e+00 1.169994595991615505e+01
5.068822334348129788e-01 1.229575425444467385e+01
4.242045933730377305e-01 1.210386403088920915e+01
6.384217617117210475e-01 1.213595802462635476e+01
8.029099892375708425e-01 1.184743120545990358e+01
1.301679303138787214e+00 1.197474667798867465e+01
1.761741963906272135e+00 1.231253890902741510e+01
1.990791346349355617e+00 1.130758695656462542e+01
4.444731167435960195e-01 1.215506140104627164e+01
1.510388557654709585e+00 1.210577305386482294e+01
7.188435015737265621e-01 1.219650713758262306e+01
1.569973299566175928e+00 1.175586044526216867e+01
1.271137073258808980e+00 1.169444710080282057e+01
6.263545150701478326e-01 1.189098806825209387e+01
1.995644587982782436e+00 1.234014059581474854e+01
3.822230981049927756e-01 1.303668353734046370e+01
1.705870504208220062e+00 1.185703426848180086e+01
1.702173962044184030e+00 1.186043672192378828e+01
4.930311366111421734e-01 1.198137297368238841e+01
1.931480580058435814e+00 1.204162290970337779e+01
2.071363447344142905e+00 1.183429375268752715e+01
1.720027187098017052e+00 1.180110642396212839e+01
6.475519674766354594e-01 1.214615256768169793e+01
3.033340618253698717e-01 1.329322702989873051e+01
1.412825542334453344e+00 1.220583439692647154e+01
1.209675679910174440e+00 1.213862838540445033e+01
4.061292474248738293e-01 1.307162857773991149e+01
3.873396696458440425e-01 1.265784808070824319e+01
9.425624006973823965e-01 1.208914331427678235e+01
1.585606201607293153e+00 1.191218498315446261e+01
2.011637497821353815e+00 1.146791488489392918e+01
1.836104267776691445e+00 1.217936145842670292e+01
5.492875866543360797e-01 1.183506011058888419e+01
1.912380774141239304e+00 1.210767514256815147e+01
1.420303662877946183e+00 1.227559981494877661e+01
3.280194915531625122e-01 1.298568394616427391e+01
1.542275118081084528e+00 1.217814969411223736e+01
1.230018388619546155e+00 1.214724100551830688e+01
1.940112144296607166e+00 1.193821954520726969e+01
3.820139029484853621e-01 1.280557590850881944e+01
7.928267610681384303e-01 1.179464046718050518e+01
2.073894426448600559e+00 1.169135313317115354e+01
3.015243285367622539e-01 1.335673983767086170e+01
1.731171695510670183e+00 1.183745367128686432e+01
2.005904385245357524e+00 1.230814032742691388e+01
2.017082987038443243e+00 1.152828711531256545e+01
3.802815650955885252e-01 1.265970155913956319e+01
2.001545679002592504e+00 1.209802631991906807e+01
3.955611551907955992e-01 1.268239398632909243e+01
1.297367471686112328e+00 1.171926154289518252e+01
1.300267060880546000e+00 1.190824483384241894e+01
1.752728896941573078e+00 1.219030436397320649e+01
4.219132072915292020e-01 1.264700055271010903e+01
7.614414807174451072e-01 1.222252355472161156e+01
2.062809447685299613e+00 1.137556794515305647e+01
1.235935468820413607e+00 1.191412468313339090e+01
3.919105693270614754e-01 1.257557870197559424e+01
8.180239039319373573e-01 1.189366298543909828e+01
2.157924712295711256e+00 1.116094291507638303e+01
9.227514260944984503e-01 1.231362484639064370e+01
2.095609953832583194e+00 1.178815744644621333e+01
2.107762726686687405e+00 1.189360788898440013e+01
2.091026244669170975e+00 1.214254552351231453e+01
1.375358544388015414e+00 1.200739614069551742e+01
1.746823490255795086e+00 1.214131322037476046e+01
1.943255623431085821e+00 1.144546860756725692e+01
1.465430079431928378e+00 1.231881967986161364e+01
7.099400440659822120e-01 1.233261620166471850e+01
8.506009212317356960e-01 1.218221647053195156e+01
1.159960676554021131e+00 1.188756800288671656e+01
3.087940440594668656e-01 1.339627758964901716e+01
8.878279516055609388e-01 1.207354726572022763e+01
8.076816733174629892e-01 1.191094348526157987e+01
5.345417638796623461e-01 1.218235154348488969e+01
4.463033117631663438e-01 1.259417568217376271e+01
1.773399458957149566e+00 1.205330769320148043e+01
1.418841326880662113e+00 1.196166236975822628e+01
3.298313457044897423e-01 1.295881258634813449e+01
2.067200519615388199e+00 1.154712957767088888e+01
5.407974297467894598e-01 1.220733881468573045e+01
1.000383956570095378e+00 1.194223385998717113e+01
4.217165552610493418e-01 1.232118863096946804e+01
2.094743401683804240e+00 1.200749429688531045e+01
4.120925786739009222e-01 1.250288532025588673e+01
3.782061099873741394e-01 1.280008951222951374e+01
1.632292684492839596e+00 1.207183763511099883e+01
6.318773035268960836e-01 1.225724090467600469e+01
4.961698640191173348e-01 1.231526916595527865e+01
3.752333321001745103e-01 1.301748139418888606e+01
3.252746515391165549e-01 1.332355014276142491e+01
1.935030089740498838e+00 1.175582010209926942e+01
1.247121197866091658e+00 1.227204021785587784e+01
6.829367778553399049e-01 1.189821236496023893e+01
3.752689972647292871e-01 1.273811609107090881e+01
6.149490383107397706e-01 1.219975962836631389e+01
1.100068375429912093e+00 1.190848705899846927e+01
3.229481945888146299e-01 1.311934636474823179e+01
1.062831765690316566e+00 1.195523063208058012e+01
1.310779835648117286e+00 1.220174708499719429e+01
1.310962495069416756e+00 1.205592831445980195e+01
1.170011913171211448e+00 1.208894388293300715e+01
1.868769936194090819e+00 1.188009026244620259e+01
8.019338471200052609e-01 1.173684234768382062e+01
1.318228299081641186e+00 1.166805482654434378e+01
1.155091237083108124e+00 1.196036926010478929e+01
1.631164459005850942e+00 1.162365811899902468e+01
1.730652176212690740e+00 1.230060360977361000e+01
3.862170130849611471e-01 1.236225135283983079e+01
1.071023149366852500e+00 1.170649177349801384e+01
8.391590964217977566e-01 1.194957363670065753e+01
3.258009395966224853e-01 1.313903509376728174e+01
1.078010902849693142e+00 1.211423446743500598e+01
7.155104335380241265e-01 1.175002586501417845e+01
1.667892813409781461e+00 1.176825390624332179e+01
1.171623648386546757e+00 1.175569239360510387e+01
1.997651266983257790e+00 1.212098937774922192e+01
5.816575923132421000e-01 1.181065272202253169e+01
1.420960485573372845e+00 1.193010486610771004e+01
5.843056857888333511e-01 1.223508958821833659e+01
8.494221783329826136e-01 1.209854926252866925e+01
4.303328889764109211e-01 1.245801411502589850e+01
1.541721257443013471e+00 1.232730221116448988e+01
4.211223773556749261e-01 1.248096064370020208e+01
1.799753813015751991e+00 1.221338355592092206e+01
1.776476700050187985e+00 1.165503314931600798e+01
1.607960924228261090e+00 1.224638291541798019e+01
1.244520361029475275e+00 1.177472355283411432e+01
5.126215842669559208e-01 1.221768172080907355e+01
1.544305001690543300e+00 1.153057347717469128e+01
1.087272594849026941e+00 1.187482268260433038e+01
4.883436966701503179e-01 1.204876666021918119e+01
7.752988387598339637e-01 1.236388387290414492e+01
1.938184591640731202e+00 1.158881408020385351e+01
1.633683293653088953e+00 1.184571652488117266e+01
2.113919553064204315e+00 1.133379287040965799e+01
1.729124335506383003e+00 1.150135604650306576e+01
1.608184632645700773e+00 1.234099034419365459e+01
3.838744463590380018e-01 1.297858548186763272e+01
2.015592552818447736e+00 1.123212610665431477e+01
1.808053247108920569e+00 1.174243409755945855e+01
2.110789341522318452e+00 1.203099410571713257e+01
5.026995103335677451e-01 1.263952628473449913e+01
1.278794216938003325e+00 1.180477421868743804e+01
1.967959172890033637e+00 1.154252327572568149e+01
5.556613815601798567e-01 1.196675778150034120e+01
3.816763263460731803e-01 1.289031850470110996e+01
1.920455218217957949e+00 1.146950952441149241e+01
1.226955003692628665e+00 1.179450175954545799e+01
7.309125852932325529e-01 1.189783773171018311e+01
1.923513787480098713e+00 1.187411198268921630e+01
4.270980860842281679e-01 1.260302840070218799e+01
1.265621504262326003e+00 1.198733528079557864e+01
2.040092879568660589e+00 1.145054508844825136e+01
1.968014129655194733e+00 1.162977526590212030e+01
6.091114014340310856e-01 1.239426240459868467e+01
2.039068128459588625e+00 1.173805072749992640e+01
1.180352140838964337e+00 1.188606913536722232e+01
7.891660571290732840e-01 1.175950933309948532e+01
3.308496277456826062e-01 1.279482901522536942e+01
6.385157274509306591e-01 1.205738506720272518e+01
2.042896842074520158e+00 1.128287863395126500e+01
1.302881638343072357e+00 1.233105697266679890e+01
1.642514637361335961e+00 1.215495546520748604e+01
1.181330370232511529e+00 1.183396972448885265e+01
7.035744838207447227e-01 1.173868692792906820e+01
5.949504684264836918e-01 1.195968249801815197e+01
1.985792493532701597e+00 1.177952173812121117e+01
1.602184367318693736e+00 1.184682480767374102e+01
6.757594611543664698e-01 1.195782079792827091e+01
3.612274683210490722e-01 1.308703662882679986e+01
6.015317785226740321e-01 1.177320306703946606e+01
1.105936587919991831e+00 1.174270768270163323e+01
6.956340222330060774e-01 1.165111138608723884e+01
1.296853217191113350e+00 1.194181215835059717e+01
5.864887453574415543e-01 1.187692588332923371e+01
4.218547323362686341e-01 1.207854565977244654e+01
5.853547497684238321e-01 1.181737772265099196e+01
5.038739005392512960e-01 1.200365762049922935e+01
1.784101388188850779e+00 1.186361540332868181e+01
2.132514198669249073e+00 1.097550911064666401e+01
1.421850112303723712e+00 1.219748137283768941e+01
3.696185266083441556e-01 1.292380996048721542e+01
1.450252180626365739e+00 1.216984827771367073e+01
7.499110743636977494e-01 1.205024864279724461e+01
2.016358205231727929e+00 1.176548532722695306e+01
4.756987342894650195e-01 1.220444251837485439e+01
1.097632989036975149e+00 1.210058748068264656e+01
6.088844498555683327e-01 1.198775297867953604e+01
8.185280210623446795e-01 1.186459014305273740e+01
1.317332660733427252e+00 1.204817391287399886e+01
4.992551716909464088e-01 1.244518443981925060e+01
6.035381876642760268e-01 1.232023445720083465e+01
9.830224138314963556e-01 1.197674999942637086e+01
3.477553635571584145e-01 1.289424761359869009e+01
7.356964864573485308e-01 1.188909283217746982e+01
1.085368047483003640e+00 1.185274846371468804e+01
1.821938146076270915e+00 1.210328628266215389e+01
2.023184754537023622e+00 1.166412197918689841e+01
2.130662654850138171e+00 1.164142130459000057e+01
5.506214397403554894e-01 1.209420612649217652e+01
5.831648037894976433e-01 1.195428052713656264e+01
4.358470097972806934e-01 1.235533632267644677e+01
1.235251300590520351e+00 1.206325201596741969e+01
1.458270312911053690e+00 1.201317788401800435e+01
1.533292760845650138e+00 1.185743964400120376e+01
4.816808214104269514e-01 1.267993160579823808e+01
1.366989958007763351e+00 1.204584637988583218e+01
1.459586050600853557e+00 1.198697085769230242e+01
9.443042397084564499e-01 1.220845400195483776e+01
1.194145760439088155e+00 1.182568423400894808e+01
1.537518477051067700e+00 1.210080598347797576e+01
8.439537140758083256e-01 1.182673780950510256e+01
1.263663698522705436e+00 1.213907382897324361e+01
3.652194414774188047e-01 1.276438548677112195e+01
1.718765268289771386e+00 1.187754564082176501e+01
9.696488809915997376e-01 1.212910818516066769e+01
8.549309159230189525e-01 1.190929279159884580e+01
1.799351340143518829e+00 1.229093705254700097e+01
5.656067279273001569e-01 1.204291240084834413e+01
1.089945864848584911e+00 1.201676208900644838e+01
1.880311389715269232e+00 1.153726861442411789e+01
1.677858127894666040e+00 1.220476156276470014e+01
7.693025585253275844e-01 1.185731423767018988e+01
1.098720072758080590e+00 1.185749434541185643e+01
1.861495760578542713e+00 1.238008735321630560e+01
1.405710668098141047e+00 1.204946178667282908e+01
6.696222478650303289e-01 1.214780890308445294e+01
1.162216349996542331e+00 1.163635602438614036e+01
3.448933544614768976e-01 1.326395340739955486e+01
1.378326603709879361e+00 1.171999847578363330e+01
1.361701307658404803e+00 1.200439454359084657e+01
4.357890764828165620e-01 1.233300810522304936e+01
1.832825439657099098e+00 1.173308407469242276e+01
6.270906036667766026e-01 1.186414290768903257e+01
2.049180026475448724e+00 1.220274584727332012e+01
7.969338408657044015e-01 1.181339206515961138e+01
1.834053717293612662e+00 1.236269844636662363e+01
7.110561712167547954e-01 1.180522028358594255e+01
9.739672726362552657e-01 1.169686665576973006e+01
2.002746201505384516e+00 1.198087511905550961e+01
7.098491275480918183e-01 1.178007803777220630e+01
2.043196800959450332e+00 1.160020216499471601e+01
1.943059891271086803e+00 1.126591831458741133e+01
1.277955975733410243e+00 1.171117224052173000e+01
7.332293949733997840e-01 1.168028400071889195e+01
1.129144825740935998e+00 1.150833136355295494e+01
2.856074382517058141e-01 1.337843257364048100e+01
1.962733414138862598e+00 1.199959740131055952e+01
1.098593997375002518e+00 1.201462244002375712e+01
1.003761688156247667e+00 1.192199082250938957e+01
7.761421579969917106e-01 1.227389128417706310e+01
6.468975233394242963e-01 1.175253550348263687e+01
7.492365800368744333e-01 1.189432696538782608e+01
1.950751797303386326e+00 1.172581823354579456e+01
3.827798491944756631e-01 1.252889006815176920e+01
5.994652189830738109e-01 1.180878404229914125e+01
1.857415237896778537e+00 1.208472269043643088e+01
1.968496018594769748e+00 1.225462613919484589e+01
9.516151711274051239e-01 1.194792559142005928e+01
9.190021639940360032e-01 1.229020786564928081e+01
8.087705980098474079e-01 1.215763883668836876e+01
1.522668989022884167e+00 1.186705666821080563e+01
9.437157325972879152e-01 1.166691173340560006e+01
6.064167034439011950e-01 1.178882394433388470e+01
9.595016414254142756e-01 1.183262811683096416e+01
7.932850781574568577e-01 1.208874357442154235e+01
1.710394261530555404e+00 1.221896367603177858e+01
1.058883794204716011e+00 1.190862471045258530e+01
3.357358887479633403e-01 1.337684006603929632e+01
2.042422377489715224e+00 1.124635103936368985e+01
1.357696796445668763e+00 1.223076714663886300e+01
8.774859234869278879e-01 1.190821242323552731e+01
8.611541691037185586e-01 1.165260002180421672e+01
4.769723082550835769e-01 1.249119125721036916e+01
9.975685161134995038e-01 1.164132986450681173e+01
2.047388838709034431e+00 1.144310095629761292e+01
9.977003758000134725e-01 1.204772967014340601e+01
3.189359010018090190e-01 1.305671443335042170e+01
1.980479636045038516e+00 1.192123942776254353e+01
1.704018012273371685e+00 1.202972608974035396e+01
1.455273569506983389e+00 1.208835660107323662e+01
1.127713922371426314e+00 1.196948747554968051e+01
4.864979899308018996e-01 1.244945695500641669e+01
1.217550347004348055e+00 1.219037329743844644e+01
6.948250634471935250e-01 1.179136232785058880e+01
4.577900255270672125e-01 1.248641657116761650e+01
3.725611077077404798e-01 1.300758267590504680e+01
1.182001028687237332e+00 1.211208102262330044e+01
7.847811977403783557e-01 1.219523305548376868e+01
1.942353291538123194e+00 1.201978250993781572e+01
3.636554932759236691e-01 1.282470919772777052e+01
4.654479028269047358e-01 1.185652912816821569e+01
6.721184079415635226e-01 1.207374395601733319e+01
1.836795640953930553e+00 1.206389958053809330e+01
8.908901387098523417e-01 1.205961951649170416e+01
7.318672041355556157e-01 1.196835940087186145e+01
2.059254192201697364e+00 1.171479315795828313e+01
3.295067359992648326e-01 1.322148251868791924e+01
5.802575023429534795e-01 1.186427618952798646e+01
1.500185907348357883e+00 1.195538035961187973e+01
8.250259729806458386e-01 1.196132176825649296e+01
7.035914287061000305e-01 1.217307369601987688e+01
7.832201805991553245e-01 1.209628879375418720e+01
5.273499392257111618e-01 1.185016008453777303e+01
4.535302111035688366e-01 1.250650618618551846e+01
1.388234386397814824e+00 1.185480921728113479e+01
1.993460268724574158e+00 1.196998819438593920e+01
2.000343470368977083e+00 1.213205959827602598e+01
1.356130475608969155e+00 1.167052032551379881e+01
2.004064863170039956e+00 1.165024485855348857e+01
1.780220218791872311e+00 1.211917954900375349e+01
7.151240768577304951e-01 1.184296244859880254e+01
6.337693182670942615e-01 1.197885878855337793e+01
5.972460035956188573e-01 1.194207204742570383e+01
9.274016687393544789e-01 1.221362089747333890e+01
1.440703496598050748e+00 1.216397486899853142e+01
1.371448850495098792e+00 1.198367631581663595e+01
7.986359801461546670e-01 1.224204447513738359e+01
6.361021589066295778e-01 1.181555714497686083e+01
1.349844283553911506e+00 1.155346918078555341e+01
7.045681470679940883e-01 1.232344955677822718e+01
3.259590706450433695e-01 1.301044974001818133e+01
8.115617220941836463e-01 1.184645716464174470e+01
1.874096286274743228e+00 1.137139985351548610e+01
8.684539602083943821e-01 1.229018374093284116e+01
5.535883577705582592e-01 1.222445425182849021e+01
8.131741706438817552e-01 1.183408708284366817e+01
1.707330090294120417e+00 1.192079327343832418e+01
4.491079782432291223e-01 1.264201834168124883e+01
1.453087233614114293e+00 1.174265555259488458e+01
6.241825749546262569e-01 1.153507291019900904e+01
2.049286612734663393e+00 1.132886603703646244e+01
4.523309347090021526e-01 1.273475388569240430e+01
8.204453887593768924e-01 1.187322445998911569e+01
7.772619947002350482e-01 1.172693341094112540e+01
7.153233642896452693e-01 1.205765033104015238e+01
1.751525283294692370e+00 1.226055586028977018e+01
1.715162001794703128e+00 1.219165120120826806e+01
5.197058473564998282e-01 1.235968138602944855e+01
3.548866496293417994e-01 1.329383606597751921e+01
6.906386675210276493e-01 1.189409748586683335e+01
1.800812917563824334e+00 1.230939959977787979e+01
6.346210524857915924e-01 1.209524786858262679e+01
1.054336353550492600e+00 1.202240715214449907e+01
2.028261858956052599e+00 1.185835259351865822e+01
2.072254116761063081e+00 1.181533825017864814e+01
1.738520443966649509e+00 1.170837037198486819e+01
1.257559817896412913e+00 1.210910376654107878e+01
8.676195458578513930e-01 1.205583883715180527e+01
1.259677211788094331e+00 1.220032741628275907e+01
1.824654046930352713e+00 1.211390711768746087e+01
4.679962891675597536e-01 1.212471627656273832e+01
8.101210244198170374e-01 1.219435385118691961e+01
1.838450682875632403e+00 1.208826849138880810e+01
1.128820884605594710e+00 1.215466942908612324e+01
1.951381704738116341e+00 1.213614696635002765e+01
4.937060984756329596e-01 1.239257590286423749e+01
8.102870712413178245e-01 1.200267486503317471e+01
1.968222424044723917e+00 1.206777054975743191e+01
1.649177516488051998e+00 1.183574136816162614e+01
5.954348221065474123e-01 1.188210702649736561e+01
1.830094157528546539e+00 1.222431260704000699e+01
3.624131133503669666e-01 1.277813560145495053e+01
1.415305667595187611e+00 1.199431591551151044e+01
3.847108400119501614e-01 1.231871640058233019e+01
6.648570440922636493e-01 1.200849330683252703e+01
1.819150506525144317e+00 1.208723385517217608e+01
1.454886166677874293e+00 1.197068936706695474e+01
2.131697600926106606e+00 1.170563707808936726e+01
1.948599504134987059e+00 1.202287691530238334e+01
6.514325573713104500e-01 1.219548841934570405e+01
1.912941951716139011e+00 1.212909793780117340e+01
9.714735072257598691e-01 1.200882936455436045e+01
9.788201606559304713e-01 1.183830662194877448e+01
5.237308324442284668e-01 1.239068536397505760e+01
2.709062289369140730e-01 1.368048411773268391e+01
1.328650055263193686e+00 1.214856190717253526e+01
1.039323878074393193e+00 1.177635052132474058e+01
1.867001898183207276e+00 1.221773879608444702e+01
2.125727261213253172e+00 1.141120675772130966e+01
1.809103964607969850e+00 1.211854312676214640e+01
1.500374911309117376e+00 1.212633729400679705e+01
6.742946129434093105e-01 1.177122358620265352e+01
7.889627739445235211e-01 1.181086366906221663e+01
4.521400034961660652e-01 1.242042947676693032e+01
1.235640923928333690e+00 1.214074209130759563e+01
5.297236028632104077e-01 1.198904970998158959e+01
2.103184257412858305e+00 1.165771659856995868e+01
4.341613251706298304e-01 1.252911844087521587e+01
1.846398151491963624e+00 1.193822637853933699e+01
3.251727265081497120e-01 1.304983182495453420e+01
6.641434723118666561e-01 1.200379460644756868e+01
6.891771255665047891e-01 1.178917922557602793e+01
1.030062972228223073e+00 1.199244805000778236e+01
3.195843021914597792e-01 1.340079696100056950e+01
2.139481474497503033e+00 1.140439328452650081e+01
1.535578642615908374e+00 1.218317938894106511e+01
1.618208312066332644e+00 1.180871438133601359e+01
2.125819480033676712e+00 1.191643961114744243e+01
1.912659098543160408e+00 1.201727112064867953e+01
5.489524028022559898e-01 1.206238150051678559e+01
7.675961329692453372e-01 1.237483506178353210e+01
1.953797568203042179e+00 1.125046395161790791e+01
9.855056112407295510e-01 1.163113415298402487e+01
1.420790267662715323e+00 1.225040153080382765e+01
1.460670815852157078e+00 1.225599942124889274e+01
2.102222817647960706e+00 1.207855318345646189e+01
8.280655578636298975e-01 1.164821889495329010e+01
5.521799805386410354e-01 1.207509725371708420e+01
1.447523573507044192e+00 1.194022415458894137e+01
5.498787812265191199e-01 1.233054602292645185e+01
1.682579384364650821e+00 1.225489012744901629e+01
1.009551064272115051e+00 1.189668618508943432e+01
5.261787067118736116e-01 1.194686553416776320e+01
6.315337032905601333e-01 1.181683646551290501e+01
4.182658162930507073e-01 1.256819655719734463e+01
1.372894960351852323e+00 1.186234979686724422e+01
3.708334983565698129e-01 1.299284626023959888e+01
4.521496108672122816e-01 1.245574932489615172e+01
4.133545852575020718e-01 1.300302194351730201e+01
1.813900798793902425e+00 1.215028744151037010e+01
9.057282087370849277e-01 1.184893843285610515e+01
2.081716619109782673e+00 1.203518015957924270e+01
2.950219359088936955e-01 1.338353861750473328e+01
1.573750148464155840e+00 1.224161943783847306e+01
1.657987363299382011e+00 1.195942935895064174e+01
2.048765328374409389e+00 1.187710440642829468e+01
3.852076806128951203e-01 1.266380034197043791e+01
1.989964995940124659e+00 1.203797007971013144e+01
2.115734991462770331e+00 1.119735909913681660e+01
1.438577848974450957e+00 1.219905595245024443e+01
3.940478849095564451e-01 1.247288622474168385e+01
9.181172413236156071e-01 1.187727051723235583e+01
1.490054641292267501e+00 1.188506703164503264e+01
1.113015147020640416e+00 1.214054339564000173e+01
1.536808776417989630e+00 1.213405831790049483e+01
3.984588540336951867e-01 1.244021872725826761e+01
1.524699387910367188e+00 1.170165878091670741e+01
1.459402161360630057e+00 1.183017164181471159e+01
7.092353979847185741e-01 1.173771994066537872e+01
3.069074319776425308e-01 1.331031290066133010e+01
1.277925320392619524e+00 1.183226587941682695e+01
1.948816857193577334e+00 1.139474938306943308e+01
2.033517227115544390e+00 1.146703588058308654e+01
2.143136218186596942e+00 1.170467062781005474e+01
6.792010857635937260e-01 1.197286879049295294e+01
1.368076734501681990e+00 1.166517989579131509e+01
1.236570004180472138e+00 1.188362069499237528e+01
7.698746467433333907e-01 1.178207720201790032e+01
9.206009766898383129e-01 1.168560796918997013e+01
1.493724699510737164e+00 1.219232702917244282e+01
1.952876541180294856e+00 1.188095666077286161e+01
6.020150700030182378e-01 1.198324306347161006e+01
6.007578917872984370e-01 1.193765562396422908e+01
1.560350282952867484e+00 1.214066534471202097e+01
1.907102378230215001e+00 1.160175252513173660e+01
6.007369146357276479e-01 1.215457917365872120e+01
8.259263176022091368e-01 1.177863055154809935e+01
7.250076300499075366e-01 1.188575801795689202e+01
1.102576139695616408e+00 1.221604107664414407e+01
2.028888809615828404e+00 1.223166388306486851e+01
1.337607835879420559e+00 1.199478400205512507e+01
1.867914078858379456e+00 1.199826793530686508e+01
9.775253609079875838e-01 1.190758787459790646e+01
1.209182976632830808e+00 1.197162532521482703e+01
1.019832234031542884e+00 1.190178425058232214e+01
4.237911430241976807e-01 1.269243960714948294e+01
1.400225640184805886e+00 1.187072126049419651e+01
1.985620909031157844e+00 1.187954062818107204e+01
3.581994614109437203e-01 1.280167455596607695e+01
1.215531213365157903e+00 1.208296570177926910e+01
9.439083783947953554e-01 1.181734306860649042e+01
1.397550624118857776e+00 1.183711258437923242e+01
1.325294603640043700e+00 1.211854525453009224e+01
1.943716579372594122e+00 1.224280440314206686e+01
4.068510649886843966e-01 1.251525369271229060e+01
1.969168570055802592e+00 1.168116973603178366e+01
2.134659702132702730e+00 1.217468251346244479e+01
6.318393925520131571e-01 1.176266876547313522e+01
1.325585116455045176e+00 1.175426791357160283e+01
1.216359809508150702e+00 1.195549953084988282e+01
1.878660476572906024e+00 1.172781695203424945e+01
4.509037664634382714e-01 1.264630599595325755e+01
1.706194636150449195e+00 1.171282779468750057e+01
7.708734372454242312e-01 1.164128789427959809e+01
1.125880270974930708e+00 1.180934967218690801e+01
1.982287562160280459e+00 1.197063718113318487e+01
3.823684911215731730e-01 1.271852475272147487e+01
1.836974672125555763e+00 1.190745347780420005e+01
4.611416849071859336e-01 1.213999910974852448e+01
2.000982884541433471e+00 1.191105093461039743e+01
3.615037962389593962e-01 1.272928561366477318e+01
1.466790283952551066e+00 1.219251044737742085e+01
5.867797328885249186e-01 1.207737810293500580e+01
3.435443610131818093e-01 1.297520879606416599e+01
1.856359787102968451e+00 1.189798348521763671e+01
1.388350564085918393e+00 1.177149466686580581e+01
6.723625141475599865e-01 1.171630992624150558e+01
8.703532589219491467e-01 1.176691587971425079e+01
1.182078598787429158e+00 1.193610089034618404e+01
1.702010664114654404e+00 1.218090032568377978e+01
9.481481444726843621e-01 1.178343883028809636e+01
3.595986306074935857e-01 1.306956447008363220e+01
3.126887887113445896e-01 1.330684625112594865e+01
1.666547800810486812e+00 1.219014365527089439e+01
8.750570578009088107e-01 1.181405004924395641e+01
3.522709271193578129e-01 1.268707145895763944e+01
2.035770095001946611e+00 1.168472284211254220e+01
1.047743967587764891e+00 1.183637463687043123e+01
1.718289795771620776e+00 1.206546473858717761e+01
2.017039788241952625e+00 1.178683245724671202e+01
1.548949371305821332e+00 1.185300876622953936e+01
7.051635989291764606e-01 1.184557954590105666e+01
1.156689134158846777e+00 1.179894117990535740e+01
1.443843240447378440e+00 1.174900905446811628e+01
5.579277486910518835e-01 1.183279042766296740e+01
3.602908667993934277e-01 1.298796597386062324e+01
1.725833168474340873e+00 1.227663718284269301e+01
9.688811390579463723e-01 1.186003067154618762e+01
1.141301834865502851e+00 1.171204108221269458e+01
4.618340704817424647e-01 1.221011878319760768e+01
1.091564858243871061e+00 1.201415346846318144e+01
1.468972858132655990e+00 1.216904211421535820e+01
1.594921337924729787e+00 1.193141005087254136e+01
2.037453904434510132e+00 1.140441942205637993e+01
2.124407833596302364e+00 1.186739534121913664e+01
1.418213772867674471e+00 1.165617136411849231e+01
1.752713740450374758e+00 1.190314007095988558e+01
4.423352228408283793e-01 1.254803196915190888e+01
4.268145466493400431e-01 1.241731518988026828e+01
1.974451420774297361e+00 1.160192071234907907e+01
1.075025936774101298e+00 1.211123428045234895e+01
1.376920933498405830e+00 1.215675583827646733e+01
3.775656878700316965e-01 1.310616304406761046e+01
1.682802894402734006e+00 1.153686181649154818e+01
1.515414258999361996e+00 1.207525198373632769e+01
1.913270244498392225e+00 1.195217993382299149e+01
9.048555822441186614e-01 1.195104780540645883e+01
2.035174221768098590e+00 1.165156490317662019e+01
3.906940734777518687e-01 1.261383052520220183e+01
9.965171280071529747e-01 1.217904430243706138e+01
1.283026747283868119e+00 1.189043809171622001e+01
4.842575737659750024e-01 1.236312528758817031e+01
1.773697263916073963e+00 1.222307410354969370e+01
1.744319965041190468e+00 1.172120708457200244e+01
6.479989185060684997e-01 1.219353669172605770e+01
1.391420044724763327e+00 1.207315445206272919e+01
4.228826786301322915e-01 1.303828857929734930e+01
4.921745687658834467e-01 1.224163699010679807e+01
1.170929448888219815e+00 1.205187175935060040e+01
2.016972867212478260e+00 1.189018269560858876e+01
6.379580888288928220e-01 1.188272745404972852e+01
4.289363944245305205e-01 1.267222983797035596e+01
2.033418145125122312e+00 1.190211222236324140e+01
1.818731978643433278e+00 1.171429872536660000e+01
2.067486987487417327e+00 1.243575078339772588e+01
6.784558425150117866e-01 1.166537248386667969e+01
4.709712108704274813e-01 1.231906477873509509e+01
1.890962953115773670e+00 1.204350895660847875e+01
2.037153720329051065e+00 1.234276065598658079e+01
8.171905351489372471e-01 1.187884228541805953e+01
1.394128802957618873e+00 1.191960706439904705e+01
9.373822930783003438e-01 1.205458655242245136e+01
1.993191508053422822e+00 1.200482591116609754e+01
2.031084458063708631e+00 1.139842405864274610e+01
6.150158489023503927e-01 1.205363881784870017e+01
1.738629622924554585e+00 1.180324751974783659e+01
9.302382363154201306e-01 1.204905672356636437e+01
7.364973937643833901e-01 1.185365669368158770e+01
4.403289769284059463e-01 1.191269736053770600e+01
1.912446133451219277e+00 1.206178087255344522e+01
4.163626277277518439e-01 1.226264362076032022e+01
4.344441375192868993e-01 1.258064090004683244e+01
4.447072731526541256e-01 1.235476539537149421e+01
1.604834356381251714e+00 1.183309660471315006e+01
2.076860819258358415e+00 1.178579594859240132e+01
3.717124982932779598e-01 1.267247818181826524e+01
4.623618444688047391e-01 1.252582458354204498e+01
3.648139973929427349e-01 1.276805175994059027e+01
1.723227542756749608e+00 1.161002874057091816e+01
1.099062084596404087e+00 1.186211110368298094e+01
1.337313698349521296e+00 1.150146572071626494e+01
1.871377305892762744e+00 1.200780608222475543e+01
5.364858218049561867e-01 1.192384912321486290e+01
1.469111663620454422e+00 1.157270212529482123e+01
3.013552487946725700e-01 1.331134191429823943e+01
7.013909641472519940e-01 1.174801314422352050e+01
1.804726055235021498e+00 1.170239940138958801e+01
4.748573825248113001e-01 1.193107492844356443e+01
8.601905927810735708e-01 1.194081496025033928e+01
3.758360568902374688e-01 1.284932840508871443e+01
7.719182590832051050e-01 1.211213771207087753e+01
7.602817687784407807e-01 1.207444519095442459e+01
1.839435118345533082e+00 1.143594302375031369e+01
1.768244428237521149e+00 1.193863927852932605e+01
1.539927156764918204e+00 1.183209522013124015e+01
1.537830663656786001e+00 1.181233563402414966e+01
8.689569564391644851e-01 1.211900256501528439e+01
8.956145123169639843e-01 1.181967205322457026e+01
1.666707755077231567e+00 1.178711010845792195e+01
1.554151119778951262e+00 1.194333998323332047e+01
1.058882803590382338e+00 1.188743519579306884e+01
4.885623609419093571e-01 1.210738676121711421e+01
7.773315834490921450e-01 1.187963752061296496e+01
1.633450786743637639e+00 1.210872719273304554e+01
4.413636031490862921e-01 1.239746288668410656e+01
8.384497776475087205e-01 1.171231290951775605e+01
1.719556360188085220e+00 1.199365551779806083e+01
1.072541625991334735e+00 1.218333528181032577e+01
1.160253580861573264e+00 1.217364216013086420e+01
5.493944410439504100e-01 1.210678298592682012e+01
1.764919821785876586e+00 1.162312109656046921e+01
1.000485732690174823e+00 1.179788086336358965e+01
9.665090561341813657e-01 1.177770445190629545e+01
4.187676632967270995e-01 1.264904346849864503e+01
4.205235485537476836e-01 1.252747256474573589e+01
1.429935250046560968e+00 1.199486633643080324e+01
1.874649956834185005e+00 1.178550358638517537e+01
1.539844830554228494e+00 1.213498256071024883e+01
1.169818613301099042e+00 1.178140304161408913e+01
4.425676878335010334e-01 1.249584375117133916e+01
1.733494333737843673e+00 1.167148031745304060e+01
2.988276623216321592e-01 1.329233566547225998e+01
6.728749308661713391e-01 1.180567712641301625e+01
1.502570781899424723e+00 1.208586908306033081e+01
9.455300889839521883e-01 1.187372226458491475e+01
7.540466704918882268e-01 1.218421931274700754e+01
1.472322252443787338e+00 1.210435456473096494e+01
5.846332710272781341e-01 1.211198307336691116e+01
1.599263860243768542e+00 1.169523936342090842e+01
1.341508995158745776e+00 1.167991049225840960e+01
1.560177583798371348e+00 1.184434394130310331e+01
4.081406780499866604e-01 1.263738779734116058e+01
1.738809636002610404e+00 1.203487008985710638e+01
1.540645959629166839e+00 1.174466101060654566e+01
1.680056173758874616e+00 1.210620677102210863e+01
3.144395792323455563e-01 1.313656672851174356e+01
3.993073223055260135e-01 1.277508290803196367e+01
2.063612898445854604e+00 1.132927319024399537e+01
7.761289438416979491e-01 1.197678907737979515e+01
8.741089454624371147e-01 1.191490043309781299e+01
4.397044595926024591e-01 1.268737097525606927e+01
2.050673541046030834e+00 1.137147808953441874e+01
3.171604971358997216e-01 1.319096521973323455e+01
4.651953377734366346e-01 1.227415882801974156e+01
4.305859523201616135e-01 1.208563871200535189e+01
1.735728912360087417e+00 1.174426736689673767e+01
5.302713618389587324e-01 1.205592128651937678e+01
9.085829758517504073e-01 1.198160721174304122e+01
1.563320246943871616e+00 1.186180533340130872e+01
4.108530090153888481e-01 1.281105377368634990e+01
8.812725105289047622e-01 1.201589583312712861e+01
1.430048191205318009e+00 1.192661416560075160e+01
1.702219252973327102e+00 1.157176719049691194e+01
8.660734861066468060e-01 1.178609887739250972e+01
1.044120632312933727e+00 1.195258273206907518e+01
3.806962625783334997e-01 1.271709872369959449e+01
3.933158100535517621e-01 1.283949814688034330e+01
1.697901072805779510e+00 1.167266197223717761e+01
1.948967578113053323e+00 1.156292365798433508e+01
1.037966987337391567e+00 1.179964855810693969e+01
5.812373567357361770e-01 1.195905545394834846e+01
1.319319062745401006e+00 1.195220689059611097e+01
1.093176956189035431e+00 1.166854736089124067e+01
3.325195134421290444e-01 1.287585822670485847e+01
1.276979658256210515e+00 1.191326657479084261e+01
3.866786599259034451e-01 1.258542096941917521e+01
8.100759715332734867e-01 1.170909320075351800e+01
3.644557556265691223e-01 1.260318877382795399e+01
1.986900783716353258e+00 1.125855672266402330e+01
1.094279594061669414e+00 1.206968673886066945e+01
1.924998873563386281e+00 1.186767116343617978e+01
8.561021168282487714e-01 1.175232785070838126e+01
5.305055922825769876e-01 1.172782513595003095e+01
2.010501582240471929e+00 1.148873011674477063e+01
5.911615799106012537e-01 1.171778954875477829e+01
6.390992093739290558e-01 1.196175470583732192e+01
1.779471068735135608e+00 1.164051666494480841e+01
1.007037642212788242e+00 1.174368083881337022e+01
7.130350827616281917e-01 1.167884077349556904e+01
6.087768676445646232e-01 1.165536256270831039e+01
1.049037849003391365e+00 1.173228648406418984e+01
2.039437989315242117e+00 1.178253651800982027e+01
2.078724227873025576e+00 1.205334927101789511e+01
7.039902412012021271e-01 1.161912332406335580e+01
2.049358701524645721e+00 1.145621961680297574e+01
5.206213246730774236e-01 1.208582032711654186e+01
4.225263230179815976e-01 1.262106012813239531e+01
1.363494379607142148e+00 1.183494716979824091e+01
5.151948609282166469e-01 1.189126933929293628e+01
1.308849575239389162e+00 1.176039896910158511e+01
6.918664527275689702e-01 1.160337117290791120e+01
2.056256475525749305e+00 1.185978234424212197e+01
2.839717711350477902e-01 1.339483728458484357e+01
3.552549170891095009e-01 1.279620697034096288e+01
1.369161937832840348e+00 1.199225923656567083e+01
4.791731562158398350e-01 1.207562923049386150e+01
1.529469915905900201e+00 1.223970753132926070e+01
1.922063929472756172e+00 1.168362782809750477e+01
3.714910424551783330e-01 1.275776994673403664e+01
1.469340186385082792e+00 1.197028089215978319e+01
3.742539336806021133e-01 1.306419671282896111e+01
9.628547167783853000e-01 1.192415810738280868e+01
2.040924448310896810e+00 1.147999178993502234e+01
2.008891887812146670e+00 1.141331481673992521e+01
9.753756434600244773e-01 1.165310771256761413e+01
1.981078029285625819e+00 1.193649982545372801e+01
1.439394804680861784e+00 1.200252761785409916e+01
2.043159896670491804e+00 1.170700778452058799e+01
2.177660951993925398e+00 1.182442332162647425e+01
1.369372896546191765e+00 1.157027711076758969e+01
8.150819233805265407e-01 1.163632271126552276e+01
2.864555419558242888e-01 1.342564897278547242e+01
1.435071429268840015e+00 1.183007950660464402e+01
7.840090483868524807e-01 1.169935629628742291e+01
6.122211018416785500e-01 1.197759601114645811e+01
5.265580850817738190e-01 1.205969441949839016e+01
6.312103292493457252e-01 1.200587386667266543e+01
1.382208426749115482e+00 1.195128521146441791e+01
1.999134588199777296e+00 1.188159153318574113e+01
1.458844157711383982e+00 1.212534185071914727e+01
1.129482487180422767e+00 1.188821864628777369e+01
1.870893490842069795e+00 1.194731151798274915e+01
2.791264488023872392e-01 1.344538804291706136e+01
1.962964665306767165e+00 1.116881129969893749e+01
7.932438361054355846e-01 1.174642487758229947e+01
1.504325828540884036e+00 1.186854345744281858e+01
1.577652498637389655e+00 1.193349561722541274e+01
4.717960576378012472e-01 1.233609438254791257e+01
8.707310244996955273e-01 1.168416436964957228e+01
4.860859070729704468e-01 1.203793852883945448e+01
1.336342845453756034e+00 1.170224733511002491e+01
5.452972329210494795e-01 1.212324399006881315e+01
3.982638719082248757e-01 1.274325500572684966e+01
8.524566129203827725e-01 1.187486276612177249e+01
1.963654335898788794e+00 1.166925267807299527e+01
2.013375489638686844e+00 1.194571677453286185e+01
1.001806087700765291e+00 1.176812056762840086e+01
3.493692274549362042e-01 1.299112710138301807e+01
6.580789706975235243e-01 1.180069052436410892e+01
1.226624469480481538e+00 1.203331083273087110e+01
9.660790626521714719e-01 1.198218083889032748e+01
2.046954944551024447e+00 1.205254763576440524e+01
1.854991441476161018e+00 1.175937086137299836e+01
3.645336025555984683e-01 1.269706356349162490e+01
1.887904731970700745e+00 1.193079707063556327e+01
1.594860396553339665e+00 1.198881990542081333e+01
3.303819568487197933e-01 1.334748164604132015e+01
3.548459384205025491e-01 1.265805345360123013e+01
1.954554271030237045e+00 1.195593157102728554e+01
4.388783922008469007e-01 1.238915872272533569e+01
3.854104107719768524e-01 1.236136464547606728e+01
2.023891969417723313e+00 1.213631220133790833e+01
1.176722465000226370e+00 1.196354646940094391e+01
3.985000736942103106e-01 1.291252979014341307e+01
3.991629419372401122e-01 1.259103703612715464e+01
2.944596435598169082e-01 1.344230947580022217e+01
1.033617202450230588e+00 1.168067297609598576e+01
2.143296114714869915e+00 1.164397031579057540e+01
1.738297858084976388e+00 1.181217102049442857e+01
3.905396017629898520e-01 1.287203824219092496e+01
1.792047296661933187e+00 1.183425192511766433e+01
1.557765963173930679e+00 1.149221428735263473e+01
1.711852952320694676e+00 1.182937199943672901e+01
3.113413179519098350e-01 1.333316959590424489e+01
1.824307854858873368e+00 1.183650571580370681e+01
6.978116257329225469e-01 1.162717866045703374e+01
1.983875149890577338e+00 1.138360415587707486e+01
1.145577025845807340e+00 1.173596100113626761e+01
5.030243297842115213e-01 1.199275947072471205e+01
3.273015908031573495e-01 1.305726132624989333e+01
1.568032437425373571e+00 1.172565736699641725e+01
1.310224458192606134e+00 1.187265763885711856e+01
4.045098418723286349e-01 1.276992533502541249e+01
1.254727780201343679e+00 1.177375049675355712e+01
3.192376231280019683e-01 1.308040064606385933e+01
1.158107991754724786e+00 1.197041607641877903e+01
4.315678731438160054e-01 1.222836994042257963e+01
1.828967570740661186e+00 1.205635736926285695e+01
1.663627496572977815e+00 1.212420563542285024e+01
1.032287152260447538e+00 1.170105472328477347e+01
1.860714850034442813e+00 1.191257722339439695e+01
2.051483218469685621e+00 1.190421731271158201e+01
1.180797363065517525e+00 1.175736583439124949e+01
1.591086721338184518e+00 1.177552677103837020e+01
1.957643920130051507e+00 1.170639344424771622e+01
8.779617460518098770e-01 1.164857895294311874e+01
5.775615195894929776e-01 1.166094659133367095e+01
1.517083635724608026e+00 1.171069370458706693e+01
8.385932019258346415e-01 1.180326769251272090e+01
1.089789756639437890e+00 1.187181557807299725e+01
1.204148480269197297e+00 1.188569094156992634e+01
4.129611168594268800e-01 1.249780563029232283e+01
1.945147136562781487e+00 1.222102591664461180e+01
1.498311841720436188e+00 1.169655809755093934e+01
5.684652187867582640e-01 1.180346896266332557e+01
2.091336517091161529e+00 1.132455027109950940e+01
1.823153224819296092e+00 1.179955787872102846e+01
2.095261008500454381e+00 1.163285823842702982e+01
2.040202637538599983e+00 1.177463259510416549e+01
2.036573184116073687e+00 1.181376771121235869e+01
2.166282949525769830e+00 1.124600193048927466e+01
3.291145556012644025e-01 1.330101683977660443e+01
1.800236511447059762e+00 1.183174004763479559e+01
9.216194901091799840e-01 1.171353260418378284e+01
6.564721479379311830e-01 1.192639894881852847e+01
7.168103608611884336e-01 1.173966415475890912e+01
5.648645115147656881e-01 1.166754944590238807e+01
1.704199404037927579e+00 1.159991523076461384e+01
8.332854996032601491e-01 1.181296705327203078e+01
8.106890156342853038e-01 1.178671482950146476e+01
1.896822337128293734e+00 1.174379153481867100e+01
1.065449051906236067e+00 1.207229151133264899e+01
6.453287032908295862e-01 1.175555192639737712e+01
2.120335542066797974e+00 1.202974602265090454e+01
1.452911280404346250e+00 1.190524930999519526e+01
8.128111102194308657e-01 1.184537000816349206e+01
2.135064514685271142e+00 1.179510782140823366e+01
2.189327278196592008e+00 1.124519570174010497e+01
6.575757138066599117e-01 1.176399397687648474e+01
4.108475826690837773e-01 1.224074443151728886e+01
1.067815093271607063e+00 1.168407506263851481e+01
3.532731243875683047e-01 1.289162004086451674e+01
1.355043294572539914e+00 1.173557543223166100e+01
7.405809471670929955e-01 1.188408240112588743e+01
2.889424390555194178e-01 1.331408379493392147e+01
3.670564130459659236e-01 1.271723161998306573e+01
1.101684361194076311e+00 1.171625693257598400e+01
4.932399615607027665e-01 1.211854198484805245e+01
1.114690446171592741e+00 1.176262740710057031e+01
2.064625709570808265e+00 1.156337626000914653e+01
4.759808831093405024e-01 1.209512935285025215e+01
4.078884616796470408e-01 1.247572430468811966e+01
1.440483266398485007e+00 1.202937364914360607e+01
3.319152651800849063e-01 1.311431322105165798e+01
1.972926888821854075e+00 1.197075697533503025e+01
5.138624415985534322e-01 1.209788691969069241e+01
3.159976637166604929e-01 1.333431356150256697e+01
3.206786823603385850e-01 1.285498844464460078e+01
4.696577257914495984e-01 1.193297743694553148e+01
3.269970345481756357e-01 1.328829762489274913e+01
1.419951185093588419e+00 1.193547677672765417e+01
1.452745401547404169e+00 1.190076015664473097e+01
7.978474446398136077e-01 1.186901552636406798e+01
1.828875545280851167e+00 1.209805862016059308e+01
2.054995077606519338e+00 1.218704810713036046e+01
2.045582553147941685e+00 1.159182975337482446e+01
1.173984116006374201e+00 1.173583425237187505e+01
3.654834323672678797e-01 1.262810978476540846e+01
7.657745835646661003e-01 1.194012031749475433e+01
1.267639550325212916e+00 1.185682113658813819e+01
1.168321494389321646e+00 1.158634328453182860e+01
3.007207533355570894e-01 1.346585883215088586e+01
1.864455824239209969e+00 1.171974803455560021e+01
1.252648649542886128e+00 1.190603603045559034e+01
1.644161499672205151e+00 1.186605671213829361e+01
4.526996969088094014e-01 1.220024959297457912e+01
1.154751832156061253e+00 1.190406688901560095e+01
1.918002824563979969e+00 1.208089555328937159e+01
2.186497168949901759e+00 1.146708722860170582e+01
1.565627530881657181e+00 1.201869027630546682e+01
2.097311840026276908e+00 1.130070085237331057e+01
1.036742913537530120e+00 1.175738384022194438e+01
4.059613693664034240e-01 1.261883207180074429e+01
7.748439622020788509e-01 1.207291587654543186e+01
5.205010343491239810e-01 1.208407787469102246e+01
7.710572242366338092e-01 1.173111465097978012e+01
1.358576032441615622e+00 1.195935427213617430e+01
1.299492549287198706e+00 1.208299283241837330e+01
4.289052140911129296e-01 1.212241935682004979e+01
1.333300913682405442e+00 1.188045346947876091e+01
3.738916047718609525e-01 1.319047521233082954e+01
1.719285014236643594e+00 1.168089896419340334e+01
1.978254231180988532e+00 1.176598046594573432e+01
8.585153398214244724e-01 1.194832161311373753e+01
1.192102490754402666e+00 1.204469726194922430e+01
1.046611420542473914e+00 1.187309250742499422e+01
1.118540212948628154e+00 1.183917557628622319e+01
4.121041591700170259e-01 1.274575693391142472e+01
1.566825639341302256e+00 1.167143700562356123e+01
7.510516890789411537e-01 1.194980491522622579e+01
3.418587545082479306e-01 1.287235514072370712e+01
1.964415220759115899e+00 1.186920029404457111e+01
1.306593537097800795e+00 1.188510202835553109e+01
5.351329409020907368e-01 1.212433256101637902e+01
1.776204823210163042e+00 1.196065466350787077e+01
1.536014128182080052e+00 1.196099334296003391e+01
1.041969194352572181e+00 1.181588080365492743e+01
1.807239717210554319e+00 1.161135831489231052e+01
2.154982662470079635e+00 1.132286073328904052e+01
1.486031140583299326e+00 1.163735806243468573e+01
1.900515662781703030e+00 1.191722020762499845e+01
7.525940036684598544e-01 1.177593676914511533e+01
3.246899200000287755e-01 1.311831155732213361e+01
3.044330709939476742e-01 1.337527777938955076e+01
1.237417233210219125e+00 1.170197275357224065e+01
9.641269798977407657e-01 1.186845888682827521e+01
1.387750435506246216e+00 1.171870202683208362e+01
1.798404256913264332e+00 1.189134984218166480e+01
1.735182880479291700e+00 1.174837286312298801e+01
2.018147104887217935e+00 1.151786685059499504e+01
1.254497432416905367e+00 1.190914817902546119e+01
2.106198399935262700e+00 1.156339121687138416e+01
1.384354771126167449e+00 1.200960683192601408e+01
1.304688801503121498e+00 1.188764929803477521e+01
2.133828561894141274e+00 1.211159228870344862e+01
1.489973812797430019e+00 1.192052460048795481e+01
1.544105242230740416e+00 1.201539625451436777e+01
1.001742775442017175e+00 1.169768755016800554e+01
2.063055203609128974e+00 1.189181415241854545e+01
5.219644152221344369e-01 1.205187310991401972e+01
1.790289289205041046e+00 1.166512250531304140e+01
1.878934549933144682e+00 1.215007198914042874e+01
7.108427514948922887e-01 1.195026851905505438e+01
1.860937711595683997e+00 1.183088361082140771e+01
5.548578001079413902e-01 1.205229930084529499e+01
4.622404392550451546e-01 1.236418518846201664e+01
9.504737524088437972e-01 1.198057151819853061e+01
1.242130978404595743e+00 1.170983480050586856e+01
5.944307211535024837e-01 1.198829557352080855e+01
3.902177901542679961e-01 1.283812983569407606e+01
1.750148798016317286e+00 1.208123870479115070e+01
7.890825537737751194e-01 1.182906834324836787e+01
4.011110977101847164e-01 1.245547166590225174e+01
5.493535523863195547e-01 1.187638889391635821e+01
1.091251774313334089e+00 1.188728962470404760e+01
3.125469230696545364e-01 1.317830113892939004e+01
4.997121160996189637e-01 1.200072202359112161e+01
5.584549022121331197e-01 1.216513453094438191e+01
1.301631074575266833e+00 1.206076696449972907e+01
1.623436485976531563e+00 1.198490907228044655e+01
1.914377164770901585e+00 1.165812419540721478e+01
8.499325608418101252e-01 1.172838104911488699e+01
1.578656936858368942e+00 1.152759559169274084e+01
2.068213072429109900e+00 1.160671925857699271e+01
1.617263130188550502e+00 1.173776103460257936e+01
7.493673735306346506e-01 1.211711689449153795e+01
2.086411968694049879e+00 1.119816282613298597e+01
2.726215866573170610e-01 1.416433221281543808e+01
1.504460081892595724e+00 1.205507934383700608e+01
5.335287810453361868e-01 1.253479401399133053e+01
1.809690405138050240e+00 1.158061589521114243e+01
9.349512423293360186e-01 1.192138814474112074e+01
3.796185950516854923e-01 1.274530401782983446e+01
1.684852154716812267e+00 1.220351804695336639e+01
3.484996447608745829e-01 1.306472271906999794e+01
9.770667179552197101e-01 1.187492892375735032e+01
4.504811260155315855e-01 1.233811250071314625e+01
1.385633134048260828e+00 1.181176250993798682e+01
1.422755821353268502e+00 1.168799897341517458e+01
1.315645683192144366e+00 1.193690425675151801e+01
2.072306464616371802e+00 1.152871856529135641e+01
1.985210011525012641e+00 1.159305324352119193e+01
3.534173746380133707e-01 1.277087490620022336e+01
1.357001564844154684e+00 1.161687318424788451e+01
1.705964921858551753e+00 1.231630233804262531e+01
9.422411372792739437e-01 1.171966244213493979e+01
1.746555659539591021e+00 1.203556749838805118e+01
1.633542820111385963e+00 1.219291925147079425e+01
7.544839561144729423e-01 1.197403549835458136e+01
1.771180985873974878e+00 1.207136388110585123e+01
8.349023366752814646e-01 1.185710151908578425e+01
5.529080911763680772e-01 1.211978906109595400e+01
2.002581714807810886e+00 1.195305136918221578e+01
2.044798566183066768e+00 1.155103470912132657e+01
1.646305722068481803e+00 1.170768329742826985e+01
1.707498784347143417e+00 1.193395048209976217e+01
1.125406468563461937e+00 1.191242482274281578e+01
9.545372001903814629e-01 1.186049777634056923e+01
1.620797813742288707e+00 1.178566708189728196e+01
1.236202307028025471e+00 1.185977602028547473e+01
1.782024734039344693e+00 1.214398468106468876e+01
1.526052656352288261e+00 1.179986231033595701e+01
1.676343907049739679e+00 1.184817108833965627e+01
1.902591721734061325e+00 1.184111890958525493e+01
1.267380390864148332e+00 1.184730115803672668e+01
2.080501260648920603e+00 1.219909942739247199e+01
3.065862145393747351e-01 1.348340731152303995e+01
8.423384659073205327e-01 1.194160609266439188e+01
1.120328987869653625e+00 1.188539393758655827e+01
1.871475726558633479e+00 1.190682504056808710e+01
3.044097257984013094e-01 1.342208052069070590e+01
1.559670782579449799e+00 1.178510317284556130e+01
1.037840399842239636e+00 1.189742956865404722e+01
4.639129622300456890e-01 1.217232511146407070e+01
1.206654166633961411e+00 1.197848027021518647e+01
4.318875216152459617e-01 1.252445116994395136e+01
6.412115803296409844e-01 1.186137721377888532e+01
3.773493206971952341e-01 1.278375085881986628e+01
1.597646941791023734e+00 1.178647959994497896e+01
1.073956788884219860e+00 1.178225565217234205e+01
2.078143244859646188e+00 1.143456650109157380e+01
1.293686963883805330e+00 1.197859235131077682e+01
8.415109800656663808e-01 1.192861957953355123e+01
1.984940298933656866e+00 1.211408233943179980e+01
1.312047454528503465e+00 1.220808229833117231e+01
1.339785531322279066e+00 1.195171216974752326e+01
7.062013635139724466e-01 1.199033925751075813e+01
1.927032412013421014e+00 1.176423025275935608e+01
1.877966462777019174e+00 1.166200020093086920e+01
7.635627504688979883e-01 1.184840488463441766e+01
1.914007706444194490e+00 1.203638078548967805e+01
1.234081926218249858e+00 1.189041335098668384e+01
6.324303561956658992e-01 1.180535344897310068e+01
4.784686960529428434e-01 1.202279984170457183e+01
1.658234275857490614e+00 1.215855087241042121e+01
7.725882684117688637e-01 1.166926743281961798e+01
1.196332283339196279e+00 1.195726335980437405e+01
1.237389649029612793e+00 1.184280130399632469e+01
1.594151116589828554e+00 1.197378174745744595e+01
1.130944487833682066e+00 1.178584671112113469e+01
4.268319392880601804e-01 1.246331150500590290e+01
7.754721501433170516e-01 1.195478158918026423e+01
5.434304130733143001e-01 1.224449342362013837e+01
1.573311830380295984e+00 1.201568741806348761e+01
6.126140158759573184e-01 1.230256815185089891e+01
1.712650447770284634e+00 1.203632745702655704e+01
1.830680039435691908e+00 1.197774584706146683e+01
1.535368300888560800e+00 1.220793441845552962e+01
2.110588113696199475e+00 1.195912881313214626e+01
1.096171267321112586e+00 1.158086721515147310e+01
1.683028820898972766e+00 1.189052496687771665e+01
6.932985928778844231e-01 1.174106841735406626e+01
5.700145399795233381e-01 1.233569405819931220e+01
6.872228800337001342e-01 1.173957915207055436e+01
1.930480949620129838e+00 1.142347963908421526e+01
1.430855363806871505e+00 1.165671913844467156e+01
9.012043395514106603e-01 1.186616940031997380e+01
1.412761471734380825e+00 1.175195165588631774e+01
1.275120700896962500e+00 1.189436681381172889e+01
1.294286541422673631e+00 1.182330344462332050e+01
4.961354601588654489e-01 1.214310919131490252e+01
8.064450587578049223e-01 1.179633499696882204e+01
2.022033170267742985e+00 1.151266510189419989e+01
9.912922913426844840e-01 1.196535605551911452e+01
8.117788922096390580e-01 1.147347724303407901e+01
1.101862266911100674e+00 1.183035553035517040e+01
9.960004806243742959e-01 1.187474096985988048e+01
1.032196201083329656e+00 1.190830864448546400e+01
1.421957672576189324e+00 1.174314300116096099e+01
1.947295142501111798e+00 1.184492147072104551e+01
2.897827189389604041e-01 1.358344246486651663e+01
5.269376845627442574e-01 1.195719838048224481e+01
6.338296374045884196e-01 1.171091757159305935e+01
3.677910660271752619e-01 1.258902599745748141e+01
5.528915439167280121e-01 1.201679475329044244e+01
1.675328701022083866e+00 1.215576166250654744e+01
5.162549463732361010e-01 1.219417117513600068e+01
1.042352296074747109e+00 1.179525985308856484e+01
5.042150394665227964e-01 1.237826592343745347e+01
3.633204130560661049e-01 1.273419798316371399e+01
1.134322900090274810e+00 1.185095875484284456e+01
3.764916979545626652e-01 1.272753709140637923e+01
2.103223782772057682e+00 1.215025918075251354e+01
3.731784025278249706e-01 1.245947849100995164e+01
1.847575558236840054e+00 1.225247684793185954e+01
5.078921120047746873e-01 1.211188491078769758e+01
1.415822660338602157e+00 1.202063514550802736e+01
7.145378335282279725e-01 1.169427912291697425e+01
1.784173664439444140e+00 1.211895196767112282e+01
5.377024211573883106e-01 1.178860680089820789e+01
5.540373451490315793e-01 1.222771427870607752e+01
1.523713633023085157e+00 1.192652770738448176e+01
4.533501958604994053e-01 1.216509516448402373e+01
1.082367715124366692e+00 1.187870318897742017e+01
5.252678304564027956e-01 1.192340357434054177e+01
1.469319423193049534e+00 1.191816762880860914e+01
1.674363425244071335e+00 1.172806128302447881e+01
1.832690663419525245e+00 1.176727090724973479e+01
1.689873445796703066e+00 1.156769956024683843e+01
5.678145521072024415e-01 1.182137111208640690e+01
1.884822214246709482e+00 1.216707358264878636e+01
1.232890494180549412e+00 1.186134254691642909e+01
1.343555146283452073e+00 1.205171988285351858e+01
1.763553770643492724e+00 1.197556134262348948e+01
1.446771367242260187e+00 1.203355164986149006e+01
6.481257396344070054e-01 1.210503258144320249e+01
7.852362484472584780e-01 1.213037822657685538e+01
2.058637392715376269e+00 1.136837144834188251e+01
1.172740572565188488e+00 1.198343508652054723e+01
3.138574853974478440e-01 1.330536634879612201e+01
1.839795916609604509e+00 1.198705543931269624e+01
1.984995715601413080e+00 1.148362703535405238e+01
2.051439187043758938e+00 1.199750842139686391e+01
5.360579161489521516e-01 1.223236331806752197e+01
7.816879696504961395e-01 1.204665900611400176e+01
1.812664532439387521e+00 1.148031980325491652e+01
8.520311389982699879e-01 1.188037532215663994e+01
1.612367071313472788e+00 1.191434863870983563e+01
1.159957823165671753e+00 1.191761411031707851e+01
5.250850753401555826e-01 1.223668217671224667e+01
1.909001539252346280e+00 1.165038468131871241e+01
1.300278184637358558e+00 1.219637880202454028e+01
2.035587435836170300e+00 1.151325929656307068e+01
1.362452768077587750e+00 1.202250054435658555e+01
1.037040151196511273e+00 1.179848964171987724e+01
1.250899485443993209e+00 1.188644181952955137e+01
1.848808703727951475e+00 1.227570026466388775e+01
1.942342829868950904e+00 1.179742452502264349e+01
1.822193246207156392e+00 1.176586732390311063e+01
4.355800043875406313e-01 1.199271349481466942e+01
4.593056639237668159e-01 1.243720042354227573e+01
4.606816920681376382e-01 1.252752837654585782e+01
5.810131979907434685e-01 1.181213915168704531e+01
1.518700512402618275e+00 1.201832271476781067e+01
9.197847949705805215e-01 1.173764280437874774e+01
6.312737866945251630e-01 1.230474375539155929e+01
7.198123760489741896e-01 1.201881695163736730e+01
1.282014407828585112e+00 1.175652898359639131e+01
5.411601455037973185e-01 1.187796819722971442e+01
7.067994486722879444e-01 1.183844202471202856e+01
2.987911456941984012e-01 1.335925908906460968e+01
1.329061466523171475e+00 1.192957952709605607e+01
4.030560479132170304e-01 1.245823459069667649e+01
8.820102196255715787e-01 1.191504132705602537e+01
4.383154157657324634e-01 1.233177122628922895e+01
1.909895736335295968e+00 1.174440120994191794e+01
1.626190044351462749e+00 1.214246273583601976e+01
7.707631686434728291e-01 1.217056405583688594e+01
6.997568195879474429e-01 1.178088383278654661e+01
1.112317472474346314e+00 1.188965486379639991e+01
9.660617030181142262e-01 1.193194810665811012e+01
1.851897608536174911e+00 1.177766785084366319e+01
1.621999895902719979e+00 1.203025209083431157e+01
3.369307258462517773e-01 1.283156387045532476e+01
2.010753486323963557e+00 1.123569718107450477e+01
4.007193403513618635e-01 1.279121532259189742e+01
8.341919263895122283e-01 1.186689689533198333e+01
7.716843503765908885e-01 1.169031462406562838e+01
4.038552626607910812e-01 1.268649162911041728e+01
4.247821032994796298e-01 1.238677784929026160e+01
1.660075809942276326e+00 1.211269562092459040e+01
1.596479253013284749e+00 1.191510989457743541e+01
2.086782279094549608e+00 1.130560125821459572e+01
2.056674482842726803e+00 1.173739842199434591e+01
6.310776653573667572e-01 1.188027926438298465e+01
4.812517721000381665e-01 1.205363737245725630e+01
4.186456172998866965e-01 1.280096234334501126e+01
1.065519098936618558e+00 1.194444776766555805e+01
2.005809922421323055e+00 1.181470987888571322e+01
6.879174701612484899e-01 1.169457237227667967e+01
1.815390208838756791e+00 1.211242365768173990e+01
1.734056722447397947e+00 1.183421362181135628e+01
8.607016248412096004e-01 1.154872346276277995e+01
8.218373623054134880e-01 1.166269227262268693e+01
1.622850156218715645e+00 1.166624690013675902e+01
1.538503223946673604e+00 1.166277333551299300e+01
2.082267821982011213e+00 1.139548489469778225e+01
3.743235195135974358e-01 1.283046085234084188e+01
1.214717081965031698e+00 1.182057053626723331e+01
1.415252124038264059e+00 1.206749179114356174e+01
1.058214868647316509e+00 1.168117482982805733e+01
1.911040253916150178e+00 1.152777150767235170e+01
1.534404015336088722e+00 1.158784710793470474e+01
6.375786378809900068e-01 1.186208668147089185e+01
2.018913955449989306e+00 1.209530998308455807e+01
1.204916859561570019e+00 1.181607716171011724e+01
8.275870974696918347e-01 1.177509112103133937e+01
6.934897461951410325e-01 1.219311260571063293e+01
8.022289737430865486e-01 1.171139527121293433e+01
5.881293453776438307e-01 1.215405392021169817e+01
1.656182628442302462e+00 1.217294923368577209e+01
6.090665450249148627e-01 1.169171294978719011e+01
9.600834277537173556e-01 1.191960042450676127e+01
5.732233963225005224e-01 1.190341075919903169e+01
7.855182474430323358e-01 1.189749239830224958e+01
1.058335325446422281e+00 1.206604267915023776e+01
1.485899259770230962e+00 1.178257800948304990e+01
3.966544163724170513e-01 1.227335134759891488e+01
3.212627213557679440e-01 1.318855070046230438e+01
1.255515193232759064e+00 1.168482879527558893e+01
3.400214963072156205e-01 1.272625978454258444e+01
9.955731912718073229e-01 1.188010154222218340e+01
1.666901423819735051e+00 1.189045047593038973e+01
2.127166222703059439e+00 1.177006006838689878e+01
1.269481124898623969e+00 1.214540504992146452e+01
4.678734445827407162e-01 1.260252545225010934e+01
1.355659483701006973e+00 1.213836449532929151e+01
4.430820357838978762e-01 1.262690219445589257e+01
3.687529034172435383e-01 1.292315837744099838e+01
2.004241562768070750e+00 1.208287746588931100e+01
4.156692820578872238e-01 1.283797333255398243e+01
1.613376490499047522e+00 1.182856861694751238e+01
7.198335459689115812e-01 1.177362880526139577e+01
6.119040901122473342e-01 1.175780217915881387e+01
1.124955842405671147e+00 1.202173116041083745e+01
5.366308602722152932e-01 1.236306054688938616e+01
1.137092245187191208e+00 1.203315151296015806e+01
1.860313082045801814e+00 1.172341042824408319e+01
5.798014450110001716e-01 1.168707427518626929e+01
1.773707348802752160e+00 1.165284019489043565e+01
1.384175528464354432e+00 1.165755903272833827e+01
1.584211621983576235e+00 1.205608988368653378e+01
6.537426944274169482e-01 1.154485038163333144e+01
5.468559162505598481e-01 1.193990037666649329e+01
4.376454154478843228e-01 1.236582532651373256e+01
4.331752728702057964e-01 1.238455993501221464e+01
6.478173326237286478e-01 1.200695642101603866e+01
4.156632618323086170e-01 1.286450820811865192e+01
1.954856594091236799e+00 1.188848554517808331e+01
1.760970509589963484e+00 1.182073320619117851e+01
1.377280310526920459e+00 1.183550658907230968e+01
6.170858539798840248e-01 1.159290376726613836e+01
2.108340291190269333e+00 1.150027827865910801e+01
4.887298252337845539e-01 1.210509550371027743e+01
1.623144769496865703e+00 1.217705451937478500e+01
1.926833835785355831e+00 1.167657186222091248e+01
1.604598976585542180e+00 1.175122092992141631e+01
1.857190448722483067e+00 1.201188456006035210e+01
1.063488310762033873e+00 1.171177501654316444e+01
6.843302232012313802e-01 1.155825330884031921e+01
7.913489150868568967e-01 1.180841999323628677e+01
8.904440821632024772e-01 1.180702259842280277e+01
1.821856604811925795e+00 1.203307324767158448e+01
6.103423370340305132e-01 1.178861069216543811e+01
4.409770765818682436e-01 1.209267811076494681e+01
6.559121985512573749e-01 1.162355436976294776e+01
5.318881416035631249e-01 1.185894954118784561e+01
1.305502897311264565e+00 1.180761212539309390e+01
8.890656395933497214e-01 1.180893266543515807e+01
1.671193540537015743e+00 1.196838018457733277e+01
7.402339355766093254e-01 1.189194678614274281e+01
1.752005929860119826e+00 1.185293775388132609e+01
1.864699531074319072e+00 1.173269178409759839e+01
1.025536410461859393e+00 1.165532939407838242e+01
2.882368641040898849e-01 1.330047190134517088e+01
6.765956282957937828e-01 1.155366789099477387e+01
1.388028654326054490e+00 1.184272117498451315e+01
1.820187329486271599e+00 1.143390498169277159e+01
1.259835659959275045e+00 1.171418714869475153e+01
9.310929027414245329e-01 1.171228886121301294e+01
1.685285253921634530e+00 1.168885906874042213e+01
1.906932626538219822e+00 1.154609646350190921e+01
2.026858418888116020e+00 1.160289710754492631e+01
1.497128734907533065e+00 1.213819726160342505e+01
1.100964315386093739e+00 1.166979780276396284e+01
3.099782775623075026e-01 1.337945991892543773e+01
3.881866256969541684e-01 1.275993660698473953e+01
7.697128030978285240e-01 1.193788516223862040e+01
1.126516317721099059e+00 1.196555180426014431e+01
1.860649703080136108e+00 1.184034752289722903e+01
1.550327634354770723e+00 1.206913446397829048e+01
1.379827589556055889e+00 1.187927979435987780e+01
1.531601592513947896e+00 1.207044563727425945e+01
2.129213113459871742e+00 1.147786249796771507e+01
8.758842131252750907e-01 1.173291187490733023e+01
3.628883061654860076e-01 1.256861342787092006e+01
1.863506463437422767e+00 1.194057487207933299e+01
2.970839143226547963e-01 1.314372677071543194e+01
1.656707636683131257e+00 1.186987739936990494e+01
4.531384809425010318e-01 1.218232566407501771e+01
1.168483619684571373e+00 1.195772193704705266e+01
2.835332289494018609e-01 1.363380592171146688e+01
2.101297672042153231e+00 1.161649775969580745e+01
1.711351884506887577e+00 1.175541010684451315e+01
3.883227547880805930e-01 1.282120130696922544e+01
1.540287278682250571e+00 1.216669633355643576e+01
1.068734001317099835e+00 1.199763554592256831e+01
1.166888907009730136e+00 1.197017255466296426e+01
1.469699872147858022e+00 1.196989438532281902e+01
1.984370452645954908e+00 1.173911162388989204e+01
9.171603683177098620e-01 1.172974035345498756e+01
1.096639221659049257e+00 1.190481667245891906e+01
2.015808554521344220e+00 1.184815611255353041e+01
7.438208569532572811e-01 1.195033336654438649e+01
1.178628058020756875e+00 1.185118925010704949e+01
8.955078421826796475e-01 1.163282055212720678e+01
2.020933126842780148e+00 1.169336138270743852e+01
2.133257337020301403e+00 1.170814455724392111e+01
4.588626515382728255e-01 1.209957108632973188e+01
1.716591165519878670e+00 1.191229178057593252e+01
1.851487270818552133e+00 1.160035988015095043e+01
2.957849598989785167e-01 1.334249635803040412e+01
1.216125610910600674e+00 1.192339654168297081e+01
2.971084768220436101e-01 1.359989536466146731e+01
6.480629178095900222e-01 1.177085602374133266e+01
1.006751923593774523e+00 1.189413118864193741e+01
2.821694695341093184e-01 1.345592100488695131e+01
7.728189759063339714e-01 1.181740046476935113e+01
1.674878630178990413e+00 1.219307885518156453e+01
1.857457929440680999e+00 1.217711083673173178e+01
1.667572027145171720e+00 1.220688289771314672e+01
3.534098215384013364e-01 1.267514475389069695e+01
3.063488627028636002e-01 1.329246442218071778e+01
4.033076754835535072e-01 1.235749647062465151e+01
4.030101705571730863e-01 1.247809794379675452e+01
1.026614692971827836e+00 1.166699829523395060e+01
3.506408736924656599e-01 1.266168643815390382e+01
5.987328474288409197e-01 1.189778084752171949e+01
3.523489156602201966e-01 1.257977084879497021e+01
5.029944626484174064e-01 1.216033269610805512e+01
1.575257954524659887e+00 1.188621635341677063e+01
1.178689448784136617e+00 1.205435118918807547e+01
1.371919115211607254e+00 1.215297365301792887e+01
4.165811811190862635e-01 1.232820949498552388e+01
1.857680012287579396e+00 1.174807500282250139e+01
1.655082868022307085e+00 1.194381544517770344e+01
5.285103579817649333e-01 1.209736301009163029e+01
2.052935245668848996e+00 1.183413282156103996e+01
2.034876517667038254e+00 1.195635198505235763e+01
3.278100266794575224e-01 1.327722853553122562e+01
1.662728659403839959e+00 1.170355788656178930e+01
1.129394573262602286e+00 1.188488704359630788e+01
7.862958331171516768e-01 1.150855788407880098e+01
6.139661778493537003e-01 1.159956607654279104e+01
4.922292385001170167e-01 1.232093223357649059e+01
4.179347104436934024e-01 1.237622385232903000e+01
1.982455081670738695e+00 1.166875472721712192e+01
1.827983586326109577e+00 1.170879400624507660e+01
1.471191097608474108e+00 1.164694730761495478e+01
2.853776569452277645e-01 1.329473193489209137e+01
5.669905652208298008e-01 1.191893658718274196e+01
1.599586373581499910e+00 1.198007972704647628e+01
1.269294074963890795e+00 1.162633178146414714e+01
1.526105251435829757e+00 1.190420683494100373e+01
1.660876977391363196e+00 1.184852031616604506e+01
1.893054998073698592e+00 1.186738953490878501e+01
1.195867259806285610e+00 1.177827822753021714e+01
1.961022700404968067e+00 1.202657668931752966e+01
1.116097905644690691e+00 1.152842727878867457e+01
6.431222935130919138e-01 1.167487136437755346e+01
5.789436517538313343e-01 1.159163806132173136e+01
1.740289334757125328e+00 1.185822093199048233e+01
9.608206318738464757e-01 1.185114943963432133e+01
3.504677126609023197e-01 1.302245195371479980e+01
7.265486398204508145e-01 1.161037075429394783e+01
1.433232356212789549e+00 1.219615390634541185e+01
1.694240953020566209e+00 1.201732667892058082e+01
2.091606579673521260e+00 1.162833687758861956e+01
5.744374202889697134e-01 1.215234515986816888e+01
1.810323228982524846e+00 1.209846370669598770e+01
1.004670935780085594e+00 1.201504866328141041e+01
6.504028967495844027e-01 1.176535219426633105e+01
1.580519863732333885e+00 1.190511174328903188e+01
1.994370986998220907e+00 1.133630906198866128e+01
2.006783051260779605e+00 1.118856519523378523e+01
1.215828382599896118e+00 1.205103165353839678e+01
1.842361824711128859e+00 1.182726198607186774e+01
1.094181454057524316e+00 1.207271593373577190e+01
3.665513432873576671e-01 1.291344197874150979e+01
1.367855048872739898e+00 1.186924641579023820e+01
2.009274101822098313e+00 1.178278235062763279e+01
1.790843232878085667e+00 1.170941640276531182e+01
6.788023773409179729e-01 1.174696355692827154e+01
4.913821628046466383e-01 1.203023347872982107e+01
7.574101176678116332e-01 1.183741289582916956e+01
1.683424412058444952e+00 1.161109827575310405e+01
1.735928436440646649e+00 1.163617477869235373e+01
2.004334379072009398e+00 1.198943557497744905e+01
5.371884501387054200e-01 1.196762005380288230e+01
1.199815090623012281e+00 1.190002091108891236e+01
6.624990346650929673e-01 1.181823164303561491e+01
1.194927721964596623e+00 1.177557857439285449e+01
1.730331168541077158e+00 1.203689393595932522e+01
1.372437221282736264e+00 1.178131464201219991e+01
2.076908375333580192e+00 1.171977445468637313e+01
1.949634664737315726e+00 1.207035481055305759e+01
8.425752421636136802e-01 1.192816545472353162e+01
1.640997916306583981e+00 1.209769096037901548e+01
1.285516034010399711e+00 1.183334760415375264e+01
1.528056249560814317e+00 1.207648827124489443e+01
5.466837036681626572e-01 1.169745147643482319e+01
1.111497132950552524e+00 1.182773381386678224e+01
3.480540514172452138e-01 1.301626879967466444e+01
1.228250147227173850e+00 1.198331683646992829e+01
1.915329163905238108e+00 1.172965670335553057e+01
5.664725821658332938e-01 1.187729522709429197e+01
1.801974226467645934e+00 1.208844256416445795e+01
1.682840995946254470e+00 1.199369426168644281e+01
1.498637178127276925e+00 1.213067177751340964e+01
1.290814863976673443e+00 1.178558174949566784e+01
9.912430579226477745e-01 1.194510023177441482e+01
1.703451031462110743e+00 1.166868113403689655e+01
6.997297812403737716e-01 1.173828693446241012e+01
1.548075376854440632e+00 1.152300708861334044e+01
3.061412165331791058e-01 1.334657495665835292e+01
9.886517967449672817e-01 1.174936573739653234e+01
1.993879441351769533e+00 1.148196022479521794e+01
1.535776413373693083e+00 1.212548874048491676e+01
4.455253038498311891e-01 1.215928552597463863e+01
1.325283074475769984e+00 1.192246860946137232e+01
1.211671674768813212e+00 1.194158559137948572e+01
1.014780291364286491e+00 1.193087610474278293e+01
1.022143844815489588e+00 1.178449032163893051e+01
1.049221214947106073e+00 1.176291487466637520e+01
3.284027401355927300e-01 1.306944176246383016e+01
1.486718849863586156e+00 1.207814482603418860e+01
1.274402668040257591e+00 1.168422394576459666e+01
9.681822281699280497e-01 1.186555582325723712e+01
1.854724859368590995e+00 1.165369234110488250e+01
1.835540165729917961e+00 1.225244074111189541e+01
1.607762207028176737e+00 1.205238277242019507e+01
1.543302183884262435e+00 1.211391452293770143e+01
1.743388741156702171e+00 1.155787077966424370e+01
1.378047530178383218e+00 1.218581596201809880e+01
1.473958306446229383e+00 1.213927338920342791e+01
2.060201469823879084e+00 1.134497034550609129e+01
2.056765575009154468e+00 1.219271500030768607e+01
1.799776836555985859e+00 1.207846584616122598e+01
1.441774653602666101e+00 1.167112198786750987e+01
1.286390633522230820e+00 1.187646008836585843e+01
1.611447679880037676e+00 1.223519578677905528e+01
4.175944765325500518e-01 1.255751622232540043e+01
1.338349254782444930e+00 1.169303372656642281e+01
1.120413484600313314e+00 1.193941497638657268e+01
7.911241773380600639e-01 1.185130706916672239e+01
4.227272543631109825e-01 1.251468018185338948e+01
3.262490016235368717e-01 1.308576398467118906e+01
1.915900045414258734e+00 1.181612133952572918e+01
9.126657327358165261e-01 1.168618624787520410e+01
1.256316884401730949e+00 1.187162082587720668e+01
1.466888667832770388e+00 1.199195529963424178e+01
7.213168550198272300e-01 1.181130663049226825e+01
1.206185774837244429e+00 1.187910988471295504e+01
7.540285483722904969e-01 1.176040837390655724e+01
2.000581588167865466e+00 1.153232147533012331e+01
1.639560131658366782e+00 1.172353330560893703e+01
1.924071209410092020e+00 1.182585126709653345e+01
4.284722998499225777e-01 1.266987166306144985e+01
3.182665618521673401e-01 1.325748737765894347e+01
2.069783545480100795e+00 1.194272286514465620e+01
3.140341144874585488e-01 1.348330510571221197e+01
1.628009147268045576e+00 1.201449899984748093e+01
7.240144769556120519e-01 1.174433484442560527e+01
6.700275163521375310e-01 1.230415573572578758e+01
3.536704136891100636e-01 1.268167840215611086e+01
2.939853490811026870e-01 1.353245699255730194e+01
1.380097092550346405e+00 1.177878224160984644e+01
3.047603435372157055e-01 1.322390494288517182e+01
2.864210056635573820e-01 1.365409161390890525e+01
1.415731527097804143e+00 1.219938880091006439e+01
6.433212511065334871e-01 1.171597824786632636e+01
1.310639991187970033e+00 1.180589987237146410e+01
9.566338942603552775e-01 1.196430103518004096e+01
6.781774644818507891e-01 1.182413915535433624e+01
9.002601486542433085e-01 1.195267692346743615e+01
1.834284333237268472e+00 1.194448596121047679e+01
1.476591938111395885e+00 1.201876405071415199e+01
1.941487985586129117e+00 1.183409421459935373e+01
1.964349800542116720e+00 1.179136845260432054e+01
4.822727661025001944e-01 1.243931756664747823e+01
6.501138173342564386e-01 1.211771402286226085e+01
4.409819732415065641e-01 1.246750865512855277e+01
4.702677837464120381e-01 1.231663955979726666e+01
7.792331141889291546e-01 1.185995689768573236e+01
3.225824373426473546e-01 1.285364851791197616e+01
5.283272689737720240e-01 1.214544139934748479e+01
3.590051396972498976e-01 1.276480193720065692e+01
1.129891773582642589e+00 1.188466340854532355e+01
1.022850387747454182e+00 1.186284691589731644e+01
3.736272098438120914e-01 1.292639307500289014e+01
7.845764478803717301e-01 1.192324480891671179e+01
5.797410770669633173e-01 1.188895282206863691e+01
4.651740768142124671e-01 1.219167948152443692e+01
1.163731586338089929e+00 1.175786910535514629e+01
1.680247429239255297e+00 1.155260652408610866e+01
1.772283479188025312e+00 1.183124194129346485e+01
6.037016830279817725e-01 1.176490998505011376e+01
1.138936178154752010e+00 1.196518025745963953e+01
1.486170220299924960e+00 1.205346711034267670e+01
6.441116825380783784e-01 1.187925054922218671e+01
1.860287483883243498e+00 1.220044154630462252e+01
5.472828458154325171e-01 1.178280595084439497e+01
1.086928483022813197e+00 1.163157751385131000e+01
1.104546643883969725e+00 1.166985930085515299e+01
1.943727143011805936e+00 1.162925592702873345e+01
2.089902734810487495e+00 1.149557152227439261e+01
1.409565522158777728e+00 1.191020072414658060e+01
1.931561497216181422e+00 1.155835448086222605e+01
1.828213369837707436e+00 1.147405455909480310e+01
1.785716715749647632e+00 1.186941295899868898e+01
1.942201246061026954e+00 1.176540119006879870e+01
1.939258727396971915e+00 1.184501448033121207e+01
1.274047861094985690e+00 1.202513540364447664e+01
1.735824532289208966e+00 1.184598135744005631e+01
4.407501097687306912e-01 1.216224450105155341e+01
8.316810813356911858e-01 1.206176664145785082e+01
1.816283225915132027e+00 1.197383995884562324e+01
1.107195988211988391e+00 1.196590266487440957e+01
3.776069775271728712e-01 1.273318544566777533e+01
8.182275872288358176e-01 1.166110022577997540e+01
3.607915378980523502e-01 1.263619058926873606e+01
1.717552638120518393e+00 1.194205888375610769e+01
6.145434958152160565e-01 1.222945110514086942e+01
1.205018060739063479e+00 1.189164642629626734e+01
1.815574684360807600e+00 1.188815203581091495e+01
1.324508311546062300e+00 1.183884840439719177e+01
5.736147346019764282e-01 1.166183699705293719e+01
3.246332885475890495e-01 1.266683668452070854e+01
9.143866518973473578e-01 1.178632124494997591e+01
2.004284556080359714e+00 1.167361456798097308e+01
2.949185030383232320e-01 1.332233693071978564e+01
1.208408692323262423e+00 1.164308744922267458e+01
4.817212443346419182e-01 1.217103503774666251e+01
8.019187326801016091e-01 1.171793453988473566e+01
1.167329200557079449e+00 1.190813665571730517e+01
1.933132677391713017e+00 1.163839976919630992e+01
1.931869289709696291e+00 1.166103315743148983e+01
1.553709758902787730e+00 1.181884511871661481e+01
7.755158200207035168e-01 1.167932921997897111e+01
1.915259048666767328e+00 1.197275523962075638e+01
1.738329668427919250e+00 1.150313562216256358e+01
6.926589760252556127e-01 1.178952710792963110e+01
2.032564997687031916e+00 1.184738181738150509e+01
1.463172652973512955e+00 1.173359442529114638e+01
1.309260929027862730e+00 1.182663079697976549e+01
1.831614880113935362e+00 1.191933361570507088e+01
1.591883414785310702e+00 1.189958304691028346e+01
2.029078204650060169e+00 1.199780089392388227e+01
3.067882926391158893e-01 1.331384589991222889e+01
1.386419762274944789e+00 1.190975122578597833e+01
5.055436630447482926e-01 1.179848808012652484e+01
9.940300272404198889e-01 1.197203737990754213e+01
2.020364524447268995e+00 1.167146983589508835e+01
5.083863224362901168e-01 1.189261707354816444e+01
2.092585029248307027e+00 1.170453711489961890e+01
7.006472406796283581e-01 1.169489008706301014e+01
4.754487391669952601e-01 1.181385897748501890e+01
4.498114292209628995e-01 1.236479603664575322e+01
4.419229044780430549e-01 1.281611633880589629e+01
3.732006066561105451e-01 1.293322779257086097e+01
1.061366453520276920e+00 1.185610248543636835e+01
4.224915097330494418e-01 1.243290579929733575e+01
1.886522689808921571e+00 1.158954694815329489e+01
1.861656940049488451e+00 1.183544165268521553e+01
1.890187351208709732e+00 1.189129765372063652e+01
1.264340138497523691e+00 1.172713942273351861e+01
1.370211644986065291e+00 1.190686659479297660e+01
1.316461870184243654e+00 1.186974603302271625e+01
2.147289563472537743e+00 1.142949331728470952e+01
2.855065453434982303e-01 1.359908843477790441e+01
1.013327465159756580e+00 1.184891174699184901e+01
2.003482609391724623e+00 1.182423519345837626e+01
4.581358024696391973e-01 1.213509296689216299e+01
1.484793609178778562e+00 1.193587064141479104e+01
3.199419171812181162e-01 1.327536775692193594e+01
5.264677903837083894e-01 1.195706904081036726e+01
4.408079526327215447e-01 1.229308349115261123e+01
1.636637012727148788e+00 1.217204864102481565e+01
1.560102506412115009e+00 1.203163497508275981e+01
3.423181986049896319e-01 1.255045160980611563e+01
1.598646203413363942e+00 1.208167271338023774e+01
4.017967978403728102e-01 1.237869853871932868e+01
1.880375835827084563e+00 1.130756093446984600e+01
3.533536172968993472e-01 1.305652043435121357e+01
1.715212367312765496e+00 1.213149412193608967e+01
1.935871372956128322e+00 1.177957671938861495e+01
2.088052803120497902e+00 1.166761965971690351e+01
8.150061929126068971e-01 1.174671273203868438e+01
7.973582401958083654e-01 1.171265273410639907e+01
2.027467807529879540e+00 1.150318186522576269e+01
4.089066512304651013e-01 1.248065427877300415e+01
6.848143893335811860e-01 1.177752272986223048e+01
1.569716643065983686e+00 1.185507076663249393e+01
9.300457206259522547e-01 1.166728817955904240e+01
1.814994530935539307e+00 1.198619706194400081e+01
1.930149863318201042e+00 1.191542357550046205e+01
1.638287564351202708e+00 1.220438861567619249e+01
6.085859915172626700e-01 1.180022159579655572e+01
2.030889666425196083e+00 1.202417944688396290e+01
4.659819420570385784e-01 1.213279035843916454e+01
3.390047380398070742e-01 1.305289890288060128e+01
3.040032305334034457e-01 1.327401363103269816e+01
1.655710124841628161e+00 1.188946708577978129e+01
1.173182096791483442e+00 1.183904258544152377e+01
3.257952423972184097e-01 1.285640628482682146e+01
1.228853082294378396e+00 1.178349066853519922e+01
1.649177741791952423e+00 1.173925881220215039e+01
1.334468101561822939e+00 1.171997480108753820e+01
1.849949372972775175e+00 1.184449715471401277e+01
7.962290550273793954e-01 1.166828918003184867e+01
2.730055717537272497e-01 1.366298759422524789e+01
4.978712898524587094e-01 1.187840219344173498e+01
1.027190763105622962e+00 1.203252945075534086e+01
4.641476223073372487e-01 1.204590408017420700e+01
1.898009976075443639e+00 1.135264397434035999e+01
7.233976668580555103e-01 1.170194985947666488e+01
5.185782007993769982e-01 1.204276774573477482e+01
3.408361839523296188e-01 1.305683179457434484e+01
1.577409847634835049e+00 1.202973417844750692e+01
5.262056155264605017e-01 1.191997696961398390e+01
2.735909293435897505e-01 1.331644477318161002e+01
3.874243699757483061e-01 1.245976591131013045e+01
3.665933902591636540e-01 1.262469599461742753e+01
1.997238977120457726e+00 1.167888467436247346e+01
3.203164571239535130e-01 1.289851406463442807e+01
1.374147415994143140e+00 1.201066352493761791e+01
4.706495031067016721e-01 1.223226057697482361e+01
1.626571242244813975e+00 1.210554256508561721e+01
7.585221974408922208e-01 1.192434072139744927e+01
4.971445139539049096e-01 1.198501459329321683e+01
7.539121387733455082e-01 1.179448455804140927e+01
1.937218095652084582e+00 1.196292406905021366e+01
8.318279951466769351e-01 1.193490890402047633e+01
1.630334124562165643e+00 1.201955498892656138e+01
1.996755462997561237e+00 1.206680638797973337e+01
2.950763525854433467e-01 1.344124695258179258e+01
5.679624040524459128e-01 1.204144599732453003e+01
3.582449540841033953e-01 1.322317648132119494e+01
1.204921392541964398e+00 1.210544907206680776e+01
3.707582952714919000e-01 1.275975002239385780e+01
1.127975345221482462e+00 1.166040690978927685e+01
5.212776493051382021e-01 1.195637216646764678e+01
2.135835729184033305e+00 1.207974750906321049e+01
3.196764158785862509e-01 1.307644012593853589e+01
3.778549031574659489e-01 1.247837425992463167e+01
4.632145476602841927e-01 1.237183851631310461e+01
1.784471755495194545e+00 1.180568966266109854e+01
7.012615803135645587e-01 1.199726226521954331e+01
9.985027856178958494e-01 1.205056154559962067e+01
7.955324680475134302e-01 1.169119196373662639e+01
1.825318679125426113e+00 1.196147058041366940e+01
1.626923253010489567e+00 1.208885877734791414e+01
6.392419366403748748e-01 1.198720794092051634e+01
1.015518639303277570e+00 1.179054323531237358e+01
7.640713414377070523e-01 1.158128007034057738e+01
1.929124968333330470e+00 1.199322292177469862e+01
1.912380460441207797e+00 1.164756027756596524e+01
1.467864221784640266e+00 1.185080983860874859e+01
3.346056180386304812e-01 1.298226065699389231e+01
5.646329154022760033e-01 1.191351029344434842e+01
1.847085017565076148e+00 1.162841031593677776e+01
2.303760348531449509e+00 1.165227156924033558e+01
1.301417971609324598e+00 1.184272983445666050e+01
1.842926543015588781e+00 1.164838611172366178e+01
1.271104476879563627e+00 1.166696130598598380e+01
6.180111239934420464e-01 1.179536454423488046e+01
1.405770671295034191e+00 1.209306111142800866e+01
9.232623222457511103e-01 1.174709799601629889e+01
2.011570178187790159e+00 1.108765762431630009e+01
4.162180137019549919e-01 1.227072549440869764e+01
1.515915063353696413e+00 1.184969242873014217e+01
2.007722372058555305e+00 1.134268145921077853e+01
4.903651235292024180e-01 1.211388136951044281e+01
2.093607157046279976e+00 1.143791549983682287e+01
1.123282585986497883e+00 1.188112684028723542e+01
5.557847316162233264e-01 1.212441263381482415e+01
1.370316224131770122e+00 1.178720025819105821e+01
1.386684393721414388e+00 1.193096197332479314e+01
8.090002629684680535e-01 1.170375857686309828e+01
3.103629944301288801e-01 1.346587184650381097e+01
5.742020265800575896e-01 1.198398439726928011e+01
1.807482390276347051e+00 1.225779567552968885e+01
1.229278622752803640e+00 1.201356959392336954e+01
4.050687209137857070e-01 1.276577127094433095e+01
1.746850048656132026e+00 1.218686329897592024e+01
2.122138419793646591e+00 1.194977319218825151e+01
1.250667571931098454e+00 1.188991245958235510e+01
5.844615336913762116e-01 1.234713775283743153e+01
1.306704236073541692e+00 1.172077925806276255e+01
4.338634389470141239e-01 1.248147077765882251e+01
1.632311786568162226e+00 1.184574816632610528e+01
1.916661416117828143e+00 1.172921243070205044e+01
1.553616152433037412e+00 1.182040298788015065e+01
