6.941143237607029226e-01 1.261551104473197071e+01
1.346492343986758877e+00 1.308688269651575276e+01
5.964874041824188566e-01 1.281197649178524678e+01
1.698075307308390069e+00 1.283036492435109821e+01
1.858684909148568654e+00 1.307487410905433833e+01
6.228944406002913103e-01 1.200916825584229564e+01
1.600537931531707203e+00 1.268134564004764897e+01
8.147224356257072309e-01 1.208656003717698191e+01
9.564764337125870597e-01 1.281231918838243899e+01
1.835128761086451510e+00 1.033224640682851714e+01
9.466533385433707481e-01 1.231490269191532860e+01
1.845169963921151179e+00 1.319572661923097279e+01
5.793053205791648397e-01 1.215663910938286207e+01
6.971570853645576715e-01 1.177484867772683508e+01
1.431009667475698910e+00 1.307767612291115356e+01
7.132257164116095893e-01 1.250805307088142015e+01
3.048245126215018419e-01 1.349369078794457266e+01
1.700850432119398015e+00 1.317231983094130854e+01
7.381491108393458678e-01 1.203672251207934174e+01
2.236130298025812646e+00 1.189265204161466016e+01
4.675086179463079916e-01 1.307030782323231044e+01
1.124628816808053156e+00 1.292398576134667287e+01
1.184509283866798102e+00 1.213774423124397472e+01
3.978836745596949775e-01 1.319100099349136457e+01
6.394939058918321928e-01 1.241940409110636168e+01
3.084965270740369081e-01 1.344371204217270765e+01
1.787023146749889824e+00 1.329684031656433341e+01
8.670021504653931954e-01 1.212544420593723693e+01
6.074115191899368549e-01 1.225311517976025755e+01
1.632479302818824696e+00 1.185064116002520862e+01
5.776514005912570804e-01 1.208956892150688134e+01
1.121690705377586639e+00 1.263782488385075631e+01
1.397760655948326436e+00 1.264752698933480346e+01
5.477610412711917398e-01 1.270583190152545860e+01
1.412251548250771815e+00 1.253739222282601062e+01
1.048065619888424171e+00 1.229792742986736620e+01
5.291167835828062271e-01 1.289275199490800539e+01
4.911049752830836668e-01 1.249483437656319218e+01
1.137913286586252903e+00 1.273740840807406194e+01
1.899602100744779420e+00 1.286517517441715341e+01
1.124852799944753512e+00 1.232035777652899533e+01
4.173003980793236201e-01 1.289301407614468076e+01
7.858323319041560229e-01 1.210665360913658084e+01
6.115392569457780425e-01 1.217004625245099803e+01
7.399703185667402261e-01 1.277525773240280316e+01
5.469206048267261089e-01 1.204918751909086794e+01
1.348459685002111330e+00 1.234649290037859259e+01
1.527733409730885894e+00 1.213015240246959259e+01
4.100138065350562577e-01 1.267489770854158415e+01
1.159461487735840679e+00 1.196662297183663348e+01
1.964192322362558363e+00 1.282471119612484323e+01
2.203251933433142185e+00 1.138794753340843080e+01
1.427001463359587774e+00 1.232661500489094841e+01
1.033756218341776334e+00 1.266880855135980255e+01
1.966092550967528441e+00 1.342250362618943704e+01
4.971457993652034224e-01 1.207817920407457457e+01
1.432170673014287354e+00 1.263190356144234094e+01
1.755005212354754374e+00 1.312905235316612007e+01
7.608300741309632631e-01 1.268963285041160205e+01
9.717815549994435198e-01 1.277570940029591995e+01
1.384704383817707996e+00 1.197280027726421991e+01
1.571846967638083958e+00 1.207162856593364175e+01
1.663262459359327039e+00 1.274505605538863762e+01
1.213601160219366148e+00 1.239391754365950860e+01
2.134325430149833558e+00 1.282877243362936603e+01
8.964483940614219604e-01 1.207848436106643852e+01
5.586139776396369383e-01 1.297837657458254412e+01
8.608552603081558452e-01 1.213268929179787214e+01
1.949186436966310332e+00 1.267743229374010028e+01
2.263078996679892096e+00 1.249423940566567559e+01
7.355140915738828111e-01 1.205965258202286350e+01
4.157986269124601675e-01 1.310058193235769153e+01
2.180413817510449270e+00 1.101738836419264089e+01
3.730432344370885334e-01 1.316684063532612825e+01
1.597528146161097951e+00 1.253078618025390689e+01
6.928522975478975665e-01 1.229083602461708047e+01
1.661799705352665857e+00 1.195723918246011763e+01
5.421391978256332456e-01 1.291965161012536534e+01
1.787336010828133537e+00 1.248815515989478264e+01
4.299523590217401159e-01 1.312125502949831102e+01
2.070418291846201964e+00 1.168658170952793895e+01
5.327314754398423391e-01 1.254140646035145679e+01
1.930875672975332247e+00 1.333102819904454783e+01
1.341019561583390418e+00 1.250164151625689790e+01
1.625221843148053402e+00 1.230509240218488820e+01
1.578901939547900035e+00 1.288906297282018265e+01
1.235872116806649323e+00 1.239035751558107279e+01
1.247784303105485826e+00 1.252046671764180807e+01
5.925351223752165497e-01 1.188339106502628262e+01
1.042809282787290792e+00 1.269687658771072236e+01
8.189049586045656914e-01 1.250661992981599901e+01
4.427885804500347189e-01 1.240564409773782906e+01
5.058013565459621441e-01 1.233910608402156051e+01
1.308030413104699363e+00 1.236941948966101990e+01
1.352619625182713170e+00 1.216841221811416496e+01
5.262861405169222406e-01 1.206536188916100016e+01
9.066865504257477504e-01 1.207993502227776261e+01
5.418674515633975508e-01 1.244781322232424259e+01
1.780549614861080432e+00 1.305882039042248444e+01
7.461956603884076777e-01 1.255594425589193897e+01
7.054921362704640320e-01 1.217718263501610920e+01
1.123042430428082605e+00 1.234615773608928713e+01
3.650147787628512108e-01 1.301543181698906970e+01
1.752984706512343394e+00 1.297323683480275847e+01
1.711666345805819667e+00 1.230068673275522251e+01
7.968737204384581663e-01 1.253973746047233284e+01
1.115936527484833185e+00 1.239154558041826881e+01
1.724232748454934461e+00 1.084401019068653760e+01
7.931503737348425398e-01 1.236117747392908583e+01
4.514841443072640792e-01 1.248826872871822857e+01
1.000111180820435930e+00 1.205467223637049301e+01
9.793176198236278607e-01 1.199725008263566117e+01
1.077644450384016794e+00 1.205499007040400272e+01
2.235064331521581682e+00 1.313135449927412957e+01
8.194143646246681012e-01 1.276782745056235768e+01
2.128797048838607431e+00 1.318246300614188726e+01
1.194878902404709509e+00 1.250138184503373928e+01
3.533678868550310104e-01 1.277209008251432820e+01
2.059463296106060159e+00 1.235359333562877815e+01
9.315315727062242201e-01 1.261597270926238501e+01
1.136901869231644824e+00 1.283447046861927276e+01
3.569341151221844255e-01 1.281106342570066481e+01
2.088958193082971704e+00 1.250901473722849033e+01
4.288562438958718470e-01 1.307943802645755937e+01
7.925527351711190160e-01 1.279801227183741830e+01
8.711850897324219245e-01 1.257524867745003938e+01
4.670224456398736623e-01 1.310817324119974181e+01
1.587188447321126628e+00 1.174233524132001882e+01
1.479162204084999876e+00 1.318514656967078302e+01
1.210719707998630490e+00 1.297474156782746846e+01
2.074084735445180794e+00 1.075167298644496405e+01
3.843687674567153878e-01 1.309626326134779717e+01
1.810840644217151851e+00 1.271397842488067909e+01
4.165455230282366084e-01 1.245510406734524800e+01
1.762613789806626530e+00 1.134438779148573140e+01
2.965424916876224226e-01 1.353376516031371146e+01
1.647562853058714749e+00 1.203976606979728636e+01
3.638092176273743927e-01 1.284746420682010992e+01
1.273555990053061082e+00 1.235368577786973887e+01
1.843200712344044367e+00 1.286710731328745361e+01
1.083535886632007061e+00 1.206978019240130351e+01
9.859136150027120182e-01 1.256360519932346698e+01
8.589287928461450949e-01 1.240880379845597048e+01
1.199810624469780818e+00 1.158878402812258024e+01
1.298719046550461442e+00 1.209791345291820619e+01
1.511086666196316264e+00 1.280522864580206566e+01
1.764851075730467622e+00 1.293888497842958252e+01
1.227083924435996121e+00 1.259691282418216751e+01
8.591980277997224302e-01 1.196813464732334431e+01
1.465545415604137869e+00 1.298537828450373155e+01
7.250156940098118064e-01 1.200061385951828186e+01
6.071721331970734159e-01 1.282193395071126751e+01
1.892265883932140902e+00 1.305708739554593301e+01
6.883808472427410674e-01 1.228067644514880641e+01
9.299093234981173905e-01 1.261145342409106718e+01
7.138841486893078292e-01 1.246992498609384548e+01
1.920776847908933993e+00 1.294730107626233995e+01
6.587255107408864774e-01 1.262505723168265526e+01
1.569569601501768163e+00 1.158997422732917570e+01
1.359623169825774580e+00 1.316215217520094249e+01
6.340204074901698572e-01 1.203166459050514092e+01
8.855053000269241803e-01 1.198248320293571112e+01
1.912070410664761688e+00 9.613610045350943878e+00
1.377306557160118627e+00 1.250869749413782550e+01
1.850728297588604576e+00 1.284501065849297952e+01
1.563735061943118065e+00 1.289686490147802012e+01
1.818901284137085295e+00 1.300147149366365262e+01
6.970401366814584776e-01 1.247158932787383634e+01
1.028929655791144038e+00 1.197890290280738235e+01
9.206504182211240339e-01 1.250681017519217519e+01
1.614396860734050421e+00 1.269885324142314253e+01
1.414426692935921936e+00 1.274300962661934733e+01
5.157814255837374073e-01 1.291724287652664138e+01
1.161247525684172111e+00 1.238458886220535504e+01
5.135339066285256049e-01 1.251265161736872678e+01
2.001260630367518445e+00 1.301698695114670734e+01
1.931741151929094125e+00 1.254717578438162739e+01
5.409339884421023870e-01 1.198036049862603214e+01
1.572072571687942899e+00 1.244264926546132166e+01
6.363349896141607953e-01 1.263680159612768250e+01
1.019192647536069307e+00 1.246978939915314122e+01
1.244085247024805163e+00 1.183304588526354628e+01
7.470826627169231404e-01 1.232925948864117061e+01
1.193235715188065926e+00 1.273242090863215914e+01
5.161205212975683576e-01 1.215862507129905090e+01
6.470348219670259970e-01 1.193282207202921441e+01
1.072060128871204610e+00 1.217135909283088502e+01
7.775368996665100729e-01 1.220886456642124784e+01
2.002466433918800082e+00 1.192270525317952590e+01
1.682289525907344929e+00 1.170584297729032563e+01
8.846424070608027712e-01 1.240938854830520199e+01
1.459941228583974793e+00 1.301603220522943261e+01
1.159225028851175843e+00 1.250575138704377309e+01
1.010028126687831485e+00 1.240288155912289625e+01
1.223469117898558389e+00 1.221676850600363018e+01
1.221495501499437086e+00 1.275277249643872324e+01
1.367124935165710653e+00 1.256273805884822892e+01
1.387501851257532337e+00 1.305705469603524982e+01
8.818712900238547814e-01 1.283145024647736498e+01
6.074551987566142452e-01 1.245634401899081389e+01
6.383836268654912161e-01 1.211921348630981043e+01
2.117431734145714284e+00 1.068870870891782054e+01
9.041221934300003316e-01 1.221492601356701080e+01
1.121433230383171775e+00 1.205273761150024114e+01
1.494728745131030045e+00 1.301500928820800418e+01
1.152546222755319150e+00 1.229475966324958058e+01
1.902072734352719952e+00 1.318082662473301347e+01
1.321065277933565429e+00 1.125440504501913885e+01
6.862444953698800809e-01 1.271946737911667391e+01
2.144669407597181277e+00 1.264327667601215488e+01
1.959082212425638625e+00 1.275010351577890866e+01
1.675942235668260949e+00 1.241200600936613441e+01
7.738384860920546338e-01 1.258231039984062960e+01
9.142584962080797517e-01 1.229853216518418613e+01
9.705195398496864190e-01 1.255250294674955036e+01
2.212733045579429625e+00 1.213814898479372673e+01
1.004599604131690471e+00 1.235636132297219980e+01
4.225110971749921340e-01 1.279417788463755734e+01
2.149984374537902365e+00 1.198363105180511567e+01
6.307900678813814777e-01 1.244097707395010310e+01
7.134011005931261140e-01 1.258694639180716557e+01
1.372955108805960167e+00 1.205904939466598158e+01
1.136048074674045782e+00 1.254695146363701141e+01
1.171119385420900105e+00 1.239723386279215056e+01
1.280161131261853935e+00 1.230641439098512535e+01
1.546157016939351259e+00 1.256453804237265359e+01
1.849960552393452806e+00 1.213616672846778144e+01
3.877888528922308065e-01 1.299686280573197905e+01
1.996642703742756098e+00 1.274207084176890703e+01
1.239159762980844404e+00 1.270518142749520507e+01
1.618713162249251436e+00 1.309266536693354332e+01
9.129255567421649120e-01 1.249286815978892662e+01
1.141635767911931332e+00 1.258130380534109172e+01
4.162339602037422037e-01 1.315748287811582706e+01
5.983142405815979892e-01 1.283925507379285058e+01
1.475005897560857537e+00 1.261725320586391419e+01
1.095890170827283239e+00 1.223453538670111662e+01
8.235370218544394438e-01 1.224894868569441897e+01
1.555087387556732148e+00 1.332678413221117886e+01
5.166062635939479009e-01 1.306548434130812986e+01
6.332902093785941489e-01 1.194679901866351202e+01
1.553527022562816162e+00 1.303331098458914283e+01
2.041214758726633161e+00 1.238712096276803365e+01
7.016812365349592850e-01 1.236702913330595521e+01
1.114457646561183513e+00 1.227731051622676439e+01
1.185890664070947231e+00 1.193000950675597416e+01
9.890451633822220368e-01 1.218462218408430431e+01
5.450193978599132683e-01 1.193324894506738687e+01
1.069373844595791434e+00 1.252039435016356173e+01
1.045263359707353512e+00 1.249798780358414874e+01
5.226674236098384219e-01 1.243748710691266979e+01
2.044597016516961130e+00 1.019499773169374279e+01
1.418145095271218237e+00 1.235215836778336040e+01
1.885200259333621009e+00 1.274204077984823336e+01
6.549064888088562686e-01 1.225215389915058850e+01
7.037179204787390452e-01 1.203552106981057435e+01
1.334634177947339406e+00 1.248068032311521947e+01
8.483676036740932513e-01 1.224299783208237002e+01
7.646393588973506850e-01 1.280204964238335386e+01
1.860450274160277750e+00 1.329698994130020573e+01
7.907346774735893868e-01 1.243859934983096771e+01
1.832779465325556689e+00 1.231132444553971439e+01
8.438725433312707080e-01 1.262560847608013859e+01
5.429665990141310239e-01 1.262718496378191446e+01
5.919548565183824218e-01 1.274916386155836534e+01
5.361961955681973091e-01 1.266058480812833587e+01
2.144863085778859979e+00 1.192573721496129657e+01
1.189286680119485018e+00 1.248838337964807721e+01
6.142809618004461125e-01 1.271363634645254059e+01
7.766438291983753794e-01 1.262733277607532756e+01
1.904772382495285798e+00 1.236172393149948689e+01
1.277582843827034464e+00 1.200288912327792445e+01
7.283426086273397937e-01 1.282145307458127448e+01
2.072715067336665218e+00 1.212045698434083540e+01
7.666113405166450345e-01 1.191839029742917333e+01
2.135266719403098090e+00 1.134558639269671865e+01
4.370504145831155540e-01 1.309714783094622703e+01
9.354110908457913265e-01 1.269460441271314899e+01
1.856498917651332903e+00 1.065477823635958821e+01
1.090617878594695389e+00 1.271697444091917184e+01
1.274710035351368287e+00 1.278784821563676921e+01
1.758487808284890486e+00 1.199459448193930022e+01
3.236911161756858002e-01 1.324749190973766133e+01
7.422496258001333169e-01 1.216931133105343399e+01
8.710658498804322303e-01 1.258164029458074751e+01
2.128994506763401517e+00 1.250129665246258703e+01
6.653097828290360782e-01 1.204490087749895366e+01
1.056393665394779413e+00 1.277352886693232037e+01
9.934476015161910478e-01 1.245255732368581469e+01
1.602404243595896727e+00 1.327428460733757554e+01
6.360264442317959954e-01 1.217412041363013131e+01
8.950413766181541941e-01 1.214312795594910455e+01
8.156002961143233865e-01 1.235261207880607159e+01
4.181704872471245782e-01 1.241931840481756311e+01
1.630019131071970939e+00 1.261209925827195022e+01
1.612626109731178481e+00 1.227379760854146618e+01
5.737856751183100235e-01 1.268216632511232334e+01
6.435920763296919533e-01 1.249111123884634189e+01
1.137084546630614534e+00 1.247978427564731518e+01
1.435386107749526463e+00 1.273549754569146941e+01
2.073122889324067408e+00 1.345807428302800801e+01
7.390889329745183867e-01 1.256425617928368332e+01
5.198567899966131112e-01 1.230996980846311928e+01
6.962379245689240825e-01 1.223123272376378523e+01
7.121653680769002293e-01 1.211044460764307473e+01
5.374810403637405587e-01 1.251990587409355626e+01
2.027981854225378910e+00 1.242220782607502727e+01
6.071047635094390937e-01 1.192315540990468570e+01
6.618448629801199079e-01 1.231106040377287236e+01
5.756982541375776918e-01 1.280919483571739903e+01
1.800534998898348560e+00 1.241109580462711115e+01
2.049997751136936053e+00 1.302381860261289148e+01
2.033312633011540971e+00 1.225730347963681410e+01
1.081572374980902307e+00 1.243878844795641214e+01
3.910919126335995477e-01 1.300543260893192077e+01
1.779223429577156956e+00 1.143872427318166984e+01
1.582307794264242062e+00 1.307052257676281570e+01
9.406505187465783457e-01 1.283529654439158740e+01
1.057281246549297116e+00 1.257654012719536674e+01
1.355320132885296180e+00 1.280246843173321736e+01
1.433334579396822628e+00 1.286146538433067477e+01
1.351062356137631815e+00 1.264005780056876560e+01
3.376345736051568625e-01 1.299810083178094366e+01
1.913652899855826650e+00 1.237741659739945099e+01
1.154278198456312632e+00 1.293976013028241390e+01
6.795403299290337928e-01 1.192657889527060711e+01
7.576787599270592422e-01 1.271306010012626153e+01
3.667197379265558221e-01 1.278531945479298493e+01
6.055180155120325480e-01 1.241050305253513208e+01
1.116095397645014753e+00 1.218113075991109184e+01
1.999108276449385935e+00 1.262733990472828083e+01
3.756885906127803154e-01 1.316627587078070327e+01
9.494199308321052966e-01 1.212887584925001683e+01
1.989919566524019023e+00 1.247037207919547619e+01
1.320916775715046843e+00 1.293847529435581833e+01
6.923570910496152919e-01 1.273690946129882562e+01
1.816353774332400306e+00 1.114171618037130607e+01
2.195514663089054519e+00 1.249460730315746737e+01
1.596109171869550369e+00 1.257923484129979741e+01
1.225588054422232620e+00 1.292015199266377579e+01
1.231165589046113062e+00 1.212170364963742664e+01
1.172926983339371843e+00 1.243584618576080736e+01
1.117613878848004783e+00 1.232575364002710216e+01
5.788630877911276063e-01 1.261167977637546755e+01
1.925677057305809958e+00 1.294681510442516803e+01
6.052695437050413796e-01 1.223232859684142682e+01
1.200420614906571481e+00 1.289498364111957684e+01
6.075386131325349881e-01 1.275459491280222224e+01
1.253898857607692374e+00 1.242044294731782550e+01
6.533109052170255060e-01 1.203194541643600601e+01
9.066588502639936209e-01 1.277677578178940543e+01
1.376250678562131124e+00 1.260975775215344719e+01
6.033269000263929982e-01 1.214534296639113897e+01
1.999716066374495727e+00 1.317054633755664028e+01
3.182493130376732315e-01 1.310526738098752908e+01
2.028786594648800623e+00 1.271104888749506046e+01
1.001635703978408731e+00 1.183850628623917878e+01
1.833841972554060229e+00 1.077249918035259313e+01
4.546991759883530215e-01 1.292531343403926769e+01
1.754490021822131540e+00 1.226030709163235777e+01
1.414978954371943987e+00 1.240945935359414953e+01
1.088595371522508293e+00 1.269916900474294152e+01
1.723614404136653011e+00 1.223155765482985835e+01
9.520395083806724168e-01 1.219563688671804691e+01
4.059627278489685853e-01 1.281954087938273013e+01
7.576316250272836506e-01 1.205734654072664647e+01
1.609498858889772510e+00 1.295535378621349309e+01
1.744991595262675554e+00 1.310609559470633556e+01
5.076138057411005988e-01 1.279156370008352006e+01
9.126149197417082748e-01 1.226056263594673013e+01
5.047284521349886255e-01 1.222812363649578771e+01
1.910625885215540665e+00 1.269220874229992901e+01
7.247527563306855880e-01 1.251313351590235001e+01
1.166662646870851194e+00 1.273745985155751015e+01
1.408996967350409912e+00 1.263699427755431337e+01
4.720087890078915605e-01 1.240334965938237310e+01
7.415788953419791829e-01 1.262172960184171622e+01
1.836788280581282740e+00 1.136917741726696995e+01
8.800644457299314771e-01 1.275770297342217674e+01
2.204863574155289552e+00 1.214764404533595155e+01
6.645238075738584271e-01 1.264276427972430561e+01
9.711325864690631970e-01 1.223290491930679202e+01
4.989702423537666909e-01 1.225489062820212283e+01
8.027526518771372910e-01 1.203174738793540222e+01
1.769517388622116938e+00 1.310602090815067911e+01
5.069056122454022040e-01 1.227715638492184880e+01
1.065768822439324470e+00 1.296261675072146957e+01
1.232618489919322879e+00 1.270489158839290944e+01
6.759081846767653889e-01 1.244172886292667535e+01
9.107096906990831409e-01 1.221613708456825265e+01
1.417434950843081243e+00 1.270668612067357905e+01
5.165381540200295607e-01 1.239973386222829888e+01
6.557589067682617623e-01 1.196573777180366527e+01
9.144900620247091716e-01 1.193683207699575632e+01
1.399624734458335018e+00 1.264194754260009645e+01
1.660863786167490863e+00 1.193990161634993541e+01
1.925166102258022205e+00 1.344011911976386742e+01
2.262938368211671492e+00 1.233894108804908996e+01
4.611124050541468011e-01 1.228846875531763061e+01
7.242582806562279929e-01 1.263919585004792090e+01
7.374499634419851013e-01 1.226464458672203328e+01
1.619209471071689777e+00 1.205135763485877121e+01
2.076468438774953018e+00 1.288787404376987844e+01
1.393303918833540544e+00 1.274752843955089077e+01
4.634049757778872514e-01 1.290719594815477222e+01
1.768991025650380911e+00 1.293467752063228815e+01
2.106152241026706395e+00 1.132523894612942428e+01
7.187604183748176334e-01 1.284401949292261236e+01
1.061689389514019588e+00 1.216488576040843306e+01
4.128961608219140489e-01 1.314679118134287705e+01
9.705514953148525192e-01 1.173180545253186757e+01
6.293512919819223006e-01 1.217189045376139411e+01
2.049381540667803314e+00 1.333927136805883329e+01
1.852753884566689324e+00 1.326660468692485217e+01
1.845393109453094427e+00 1.241521969636926670e+01
4.801420937153373925e-01 1.310362401328918125e+01
1.926004863366996833e+00 1.287226164352182245e+01
4.513923814008694579e-01 1.268794965588348234e+01
5.518661155536919161e-01 1.284450780432604766e+01
1.018987161769526750e+00 1.176265126392488902e+01
8.141949742211480601e-01 1.236323064558271234e+01
8.760505072106193891e-01 1.219548026406319963e+01
1.980000852075947337e+00 1.345217619733714010e+01
1.050712882301295226e+00 1.264633840864211578e+01
9.069692101611778190e-01 1.242405475433951523e+01
1.076585765701133290e+00 1.239958371098573764e+01
1.820877493232155642e+00 1.228035924102000820e+01
5.212178250618384467e-01 1.267357110993816072e+01
8.486726090601131034e-01 1.199094835254980751e+01
1.850656916660859075e+00 1.278140235736960584e+01
8.544199725836200132e-01 1.237877131805167785e+01
5.518462212876766859e-01 1.297367582291783705e+01
8.389497046619582843e-01 1.220675273480742717e+01
1.942322766922849997e+00 1.198112982852114428e+01
2.089623137775913797e+00 1.210023779735388416e+01
5.921219360261670284e-01 1.242418984498646495e+01
4.282856833671427887e-01 1.305004735252881432e+01
2.015312909666739039e+00 1.330499532817876585e+01
1.294166994804762272e+00 1.257379946259485770e+01
1.717844088757957577e+00 1.152687784656194658e+01
3.779766088695957760e-01 1.314438315778170718e+01
1.306461372845154623e+00 1.269793663420792207e+01
1.751061117760171371e+00 1.175949686345976275e+01
1.860847463102605071e+00 1.327536843036781455e+01
5.120531031591112336e-01 1.279856880186424384e+01
5.614095777038345947e-01 1.273118253975001402e+01
1.783748146437064808e+00 1.279036553359553530e+01
1.459203008589228245e+00 1.270162201459847573e+01
1.758998905244740119e+00 1.257272530091839613e+01
1.823634865896542001e+00 1.078116907274830183e+01
1.374779622378542898e+00 1.226916381899733821e+01
4.085360856820102193e-01 1.299264813766740545e+01
1.210067268005170060e+00 1.233783255542518376e+01
1.424535633471266438e+00 1.296776704574299011e+01
5.919232054983566416e-01 1.193844829039739430e+01
1.132747794920324180e+00 1.218698898745999237e+01
5.160911803252133945e-01 1.234186692949447561e+01
1.621000686273286417e+00 1.246948149649831628e+01
2.246668921580405875e+00 1.272020628835965006e+01
1.051777045571034908e+00 1.266218117398717879e+01
6.252829507283969024e-01 1.240072342478607759e+01
4.389729154406645795e-01 1.311081496113485656e+01
7.041379561548668509e-01 1.262688441553183516e+01
2.023062638385660250e+00 1.202479245900914684e+01
4.020751472596288401e-01 1.277805864041864936e+01
1.628314293958824432e+00 1.176159602997919151e+01
8.528052507958568951e-01 1.199825013038515387e+01
8.842506358814250511e-01 1.202348184708149326e+01
5.795672031494966125e-01 1.200729012217055569e+01
4.148671292201069338e-01 1.234030968042837451e+01
1.305821359255346259e+00 1.206297957033500268e+01
4.744317024569953412e-01 1.276124253187852631e+01
1.538285408736441040e+00 1.291725443655077221e+01
1.784457604017955390e+00 1.244264644189005331e+01
1.149263694242058653e+00 1.229279269035787614e+01
1.388358800573863849e+00 1.189304471286325082e+01
4.701209322957452530e-01 1.285777586611685663e+01
2.197923383441181766e+00 1.264719692175628118e+01
1.872186174046022167e+00 1.174191199640445227e+01
5.395705658220741885e-01 1.267804851861676596e+01
2.011350283092292024e+00 1.097355142705744768e+01
6.683271219323015933e-01 1.283275790374798397e+01
1.671839745669063015e+00 1.134330565503174526e+01
7.057461500990116487e-01 1.241796106750365425e+01
2.204522501908116272e+00 1.226579875901220085e+01
1.262719940349232184e+00 1.265418025213717179e+01
1.271190153058708860e+00 1.212081495041216428e+01
3.336609179039835005e-01 1.298616032475266380e+01
1.928927716182514240e+00 1.286921886444671692e+01
7.204116995511051780e-01 1.198802717000843465e+01
1.055431399466409514e+00 1.216184662532773331e+01
8.277991445774027790e-01 1.235386231247327338e+01
1.756153632598436376e+00 1.284748736167877148e+01
6.424754989786992665e-01 1.189314760263076742e+01
3.892887807542855794e-01 1.312615906819907075e+01
7.158695000747193893e-01 1.273729096765141655e+01
2.137014888895688358e+00 1.272539110219352487e+01
9.366575488873285504e-01 1.272475162894732570e+01
2.078224691326598705e+00 1.305943296085778371e+01
4.610117527646433455e-01 1.301542904238337250e+01
4.843619234119609929e-01 1.307367689423516843e+01
7.379074712309294792e-01 1.203117913592518384e+01
1.872643767829330619e+00 1.169536603156517174e+01
1.201042512503764037e+00 1.244666925710177274e+01
1.811814769638533829e+00 1.267199291553805551e+01
2.168942408113510467e+00 1.299298088670533069e+01
2.054656715909888298e+00 1.210297971191218558e+01
3.761583137571143931e-01 1.321259977419805764e+01
4.221189499802395773e-01 1.318662463200454660e+01
1.903364820395260226e+00 1.196225408258357703e+01
1.569456322239179968e+00 1.303659327904860277e+01
3.975094249214989883e-01 1.242447858074987366e+01
1.713094349497747748e+00 1.288797779978379765e+01
7.814186961066647008e-01 1.271772693736831705e+01
4.837783443041571707e-01 1.289274986422684499e+01
1.793024215538620236e+00 1.176448176800926859e+01
1.706665632702559998e+00 1.292522709153803717e+01
1.371083474596136220e+00 1.245955823016762665e+01
1.283593338909767123e+00 1.248029092373449167e+01
6.421220501235221922e-01 1.238107673639195916e+01
1.506742957117374493e+00 1.224323459899006394e+01
5.996385694159099833e-01 1.289170011302995533e+01
1.321145937563703576e+00 1.284822563166802212e+01
6.739042740997885916e-01 1.283145130729412209e+01
4.853384977209059259e-01 1.253830465992088961e+01
2.144849864466220613e+00 1.245639318019337693e+01
9.684657076014306920e-01 1.273145742499514910e+01
1.294553911118941247e+00 1.240881454139299933e+01
7.359090923707040099e-01 1.270664386731433915e+01
1.234399241050081031e+00 1.292295662054158001e+01
1.307629886987104362e+00 1.225557603575999188e+01
2.066846990962646569e+00 1.304129781487463902e+01
1.972084794014905329e+00 1.288591139656535844e+01
4.045907118301740879e-01 1.316619805996611170e+01
7.311008848857807330e-01 1.263994637954987965e+01
6.261139762494016825e-01 1.216477557771796114e+01
2.021816056698293007e+00 1.186354252191931558e+01
1.952916743537851385e+00 1.175602980882812254e+01
4.439051362874660844e-01 1.262694833649953630e+01
1.575586855398259489e+00 1.260282414397038941e+01
1.348740427119074381e+00 1.268800012659393950e+01
1.930902302638778822e+00 1.204256399711175440e+01
1.172166951930739831e+00 1.225615552170362754e+01
1.855750232501924168e+00 1.244543880787731460e+01
7.218154497043434148e-01 1.256065065700181549e+01
2.092270054972834803e+00 1.104621521536911111e+01
4.980665751663289620e-01 1.290650845413184200e+01
3.440118943753223690e-01 1.303623654605711124e+01
5.274482211566819956e-01 1.304668496381598253e+01
1.349595503529675833e+00 1.249155135284457785e+01
6.351365218514374300e-01 1.196697918357383017e+01
2.080856165086580223e+00 1.269900383435651214e+01
2.078747231522557470e+00 1.336047658736639931e+01
1.975763565111911646e+00 1.212670095059932507e+01
1.062276801333258414e+00 1.249710757579429377e+01
2.061493377420825723e+00 1.191929763421296684e+01
7.207350486574632953e-01 1.229794702975947374e+01
4.075910456742912191e-01 1.233717253941518166e+01
7.141988082538767157e-01 1.253581335117435813e+01
1.945754863681863123e+00 1.324394899091093869e+01
2.221498523594833241e+00 1.318389740202871430e+01
6.781231470276894990e-01 1.202719770513384390e+01
4.738361992346087348e-01 1.203706817315218913e+01
1.345370758056075644e+00 1.200551499308749115e+01
1.708049540086254980e+00 1.180205980022653733e+01
4.046545041735050141e-01 1.243555972356000439e+01
5.149837362902418558e-01 1.235121868120742583e+01
1.057013007163045026e+00 1.225477618677147440e+01
6.187094474613618056e-01 1.219970031788157350e+01
1.657154940202497873e+00 1.227377694361341831e+01
1.301344443501422532e+00 1.274626851680822703e+01
3.460077171389147055e-01 1.291825256158104018e+01
1.921030101714354954e+00 1.196842564966788558e+01
1.636444511469631102e+00 1.323174804451121922e+01
3.159341879141525089e-01 1.342119941657053772e+01
1.514762790289351013e+00 1.284373348310819907e+01
2.215146214241108691e+00 1.163493359959246121e+01
6.717897869217467344e-01 1.266012250421586849e+01
2.147973421986871134e+00 1.131146406212838862e+01
9.451593473577371007e-01 1.282041010064081554e+01
1.597884290677733299e+00 1.246973007051153814e+01
1.759541414525229941e+00 1.260076778880376835e+01
5.369548675557013206e-01 1.268281103296244261e+01
4.343798127177947443e-01 1.283579963057811213e+01
1.188958962031144928e+00 1.234284512189027438e+01
9.085083065198438224e-01 1.244399689623475602e+01
1.863333991205022189e+00 1.334619310575977913e+01
1.417988039563109037e+00 1.274700822180847837e+01
1.509039913642958197e+00 1.230791090580466474e+01
1.748790508142166633e+00 1.246567246430432441e+01
1.564747914387087269e+00 1.260069947939667401e+01
1.460623589758229590e+00 1.175781563778449623e+01
5.718065915296905999e-01 1.229732485368411510e+01
3.964291469953016289e-01 1.271792040708522009e+01
1.859657242427584789e+00 1.299394952678576054e+01
1.807008173942755924e+00 1.305525095122884416e+01
1.551578360821411096e+00 1.292994300274485298e+01
1.738763043842419309e+00 1.252082505067324014e+01
6.119078753539473059e-01 1.183839761998507001e+01
6.833820636106782143e-01 1.224926881541088974e+01
3.361024678420845291e-01 1.322932961133223095e+01
7.766451474616109518e-01 1.217767245859071856e+01
1.712495918551974361e+00 1.259104116413591967e+01
4.179139766829016445e-01 1.313751235272674833e+01
1.434796919164049056e+00 1.251767670370880303e+01
1.741648489572999559e+00 1.252061347458542073e+01
1.193746157356308846e+00 1.234534135515065678e+01
1.171457287988685092e+00 1.194686279438104393e+01
1.582801946835969531e+00 1.275809584615890202e+01
6.468533719159536011e-01 1.207566070250462253e+01
1.020430268175972266e+00 1.234363284950117645e+01
1.447273561323225710e+00 1.242318810127337692e+01
1.143988877865577791e+00 1.286995794511432578e+01
1.956127094884947182e+00 1.226659400399959132e+01
4.402778986734421918e-01 1.222282217998591669e+01
1.909368809955214408e+00 1.215407630941159312e+01
1.682224909092210563e+00 1.333511681368911006e+01
7.560977172532412638e-01 1.208556859086505852e+01
8.114870367990099087e-01 1.232807315859277963e+01
5.252190839892691976e-01 1.294629991332507402e+01
2.061029095019590862e+00 1.335439151191906326e+01
1.563517391253961053e+00 1.271065747768652443e+01
1.132657130984900284e+00 1.211514646855119359e+01
2.298159312099215867e+00 1.274961404223310346e+01
2.228152812217949030e+00 1.101187958855932081e+01
6.264640231517246693e-01 1.231683418568949762e+01
1.148374218133983327e+00 1.276494640738015107e+01
1.863858595945940833e+00 1.065559786370587325e+01
5.895347452945398636e-01 1.285923158391858756e+01
1.483574471230518999e+00 1.277530695915018910e+01
7.049561710697002104e-01 1.228859346934986263e+01
8.791238874118493252e-01 1.178316054917978306e+01
1.341147721609067256e+00 1.186957062739474189e+01
6.020323592497196508e-01 1.267722004301490024e+01
9.876618028454487996e-01 1.274677556253094401e+01
1.994173199452273337e+00 1.312805232020615165e+01
6.032992447497984578e-01 1.183054701815951582e+01
4.370678511108650466e-01 1.266071968871471221e+01
1.234879828573659966e+00 1.214706517842870426e+01
1.884588391655293016e+00 1.029892914908132084e+01
1.161415732604072604e+00 1.262201825520069143e+01
8.748506806014345605e-01 1.244998795873223862e+01
2.201676899796509712e+00 1.170821585909255624e+01
1.769324477228349846e+00 1.299473566197356256e+01
1.665917428332815087e+00 1.233421079335703574e+01
5.709442175100968297e-01 1.256468930290910713e+01
4.153809384983325748e-01 1.317051296826304885e+01
6.003501268271107527e-01 1.226285139999083285e+01
1.966503952209209372e+00 1.324607141987546299e+01
1.221722706782657042e+00 1.255614934494261092e+01
9.215102843553157896e-01 1.225349824740888849e+01
3.710711748387378606e-01 1.322015801620686659e+01
1.781415090284684144e+00 1.249377412315309321e+01
7.266328431111140906e-01 1.248536786403666632e+01
5.972049101671542681e-01 1.274002849027638362e+01
8.488975657129328445e-01 1.199136539011614921e+01
5.274668226234032753e-01 1.259517661632294505e+01
3.780268158969573578e-01 1.297903945315878538e+01
1.817141540740753403e+00 1.225735975008912781e+01
5.686591103480466147e-01 1.223897352042377662e+01
9.087646999840395257e-01 1.206306365709159323e+01
1.493561174382195489e+00 1.282152857137460700e+01
2.029373710600600678e+00 1.272444769167344347e+01
1.513279761774215526e+00 1.308446058083834984e+01
2.002235726890404521e+00 1.272623075932663639e+01
1.784875257157028328e+00 1.307775709987884305e+01
1.937602671439523361e+00 1.288501219295993749e+01
2.228160348291420512e+00 1.227636013735545539e+01
2.170450576618314642e+00 1.072372590860160813e+01
1.755305659524655448e+00 1.227802460210406466e+01
1.172974612035387443e+00 1.251636076273939580e+01
1.475464776793098398e+00 1.263138070083895492e+01
1.358076185321623885e+00 1.280638257086952514e+01
1.616391632030664161e+00 1.220283715237121136e+01
1.026151305950472548e+00 1.248016340299339255e+01
2.080089672383164334e+00 1.227788830187386360e+01
1.920842650481384917e+00 1.255778315032370429e+01
1.656696082952580085e+00 1.133192181121908426e+01
2.136106377751660457e+00 1.273358987909542606e+01
1.916196730111381363e+00 1.314248896817448120e+01
1.797046836815334281e+00 1.149623982297954683e+01
5.924026386513703279e-01 1.263902230522053038e+01
6.906701095422794756e-01 1.265310826971292713e+01
1.272274885113384491e+00 1.285455454800900377e+01
1.363204630910399118e+00 1.136763484544245806e+01
6.294821401418321249e-01 1.249851040882416520e+01
5.778664185283425292e-01 1.294559094649020103e+01
1.882664008667680022e+00 1.319799017352059423e+01
6.039235057335867740e-01 1.182820879899229105e+01
4.181621329846949009e-01 1.316013533205678954e+01
3.967832045571854649e-01 1.260716028332108607e+01
5.193470779740005927e-01 1.252854157645413835e+01
1.354100663521293990e+00 1.277293002548269030e+01
4.974395548258532807e-01 1.275962930303805720e+01
1.258491474662811749e+00 1.261792473944812620e+01
5.085069955005291353e-01 1.240857749299124180e+01
1.070972946737538178e+00 1.261039523593658096e+01
7.871831010111298710e-01 1.249561766597194357e+01
1.450651291903466200e+00 1.275192744776736475e+01
1.785786426924180326e+00 1.277430704363517400e+01
1.844314249877028855e+00 1.183968800473546423e+01
1.817072551671135461e+00 1.243898554678238533e+01
1.786998084557612110e+00 1.241785348193047334e+01
9.982786968416337281e-01 1.270104644915203096e+01
2.900256437002107779e-01 1.359167397774489316e+01
7.007147946722248610e-01 1.205221903893890634e+01
5.893821526402341915e-01 1.290322769836864047e+01
1.099107607592857638e+00 1.257019306115721591e+01
1.684312828234378223e+00 1.301951456614328606e+01
7.274771037813494434e-01 1.280536970800996777e+01
1.255972261082675567e+00 1.199758394695612296e+01
9.661178835037775858e-01 1.232458440794730770e+01
6.326798969591961308e-01 1.177346363502348936e+01
1.107373479316280607e+00 1.274912510729787130e+01
3.200326680322287398e-01 1.317485031501036552e+01
3.719339058325089042e-01 1.312025811632124217e+01
2.002570126918884252e+00 1.284866604287349112e+01
1.627565570664442962e+00 1.159054470310545071e+01
2.090417374387416150e+00 1.230376954988856397e+01
6.516952306819117080e-01 1.216103050137991559e+01
6.513078098315213671e-01 1.271845645983445294e+01
2.115750534395175464e+00 1.243169299346620527e+01
5.484732835684309471e-01 1.226182351501325662e+01
1.375003847793365042e+00 1.236752389902894222e+01
1.446053770850031839e+00 1.205072893086082075e+01
2.011407581252558252e+00 1.239949379517234362e+01
1.537612656788224896e+00 1.249306124456775535e+01
1.892076318171099780e+00 1.258514396609783148e+01
9.490176467782553971e-01 1.286329623806553180e+01
8.221283202120730493e-01 1.199534991725231059e+01
1.618802555971635027e+00 1.271955587536165666e+01
8.525354780162766044e-01 1.255056979541416062e+01
4.721303107337073701e-01 1.304670503217459654e+01
5.752604455280421192e-01 1.293831390783019764e+01
1.625635281054989667e+00 1.188120888431409305e+01
1.768656783843858049e+00 1.323102241657492861e+01
1.181471542204974412e+00 1.261780340646600784e+01
1.537707776388375747e+00 1.209736653985783761e+01
1.341943784354702629e+00 1.301584407013185007e+01
6.360589471955203633e-01 1.226328734974758383e+01
1.386391615801467969e+00 1.293742161063376273e+01
6.654599327856410840e-01 1.209643642997702884e+01
4.764053045230138839e-01 1.272777750963074617e+01
1.139701947353207068e+00 1.224529159083733987e+01
1.924700790488725444e+00 1.208895337878296417e+01
5.999956603471086058e-01 1.243090378225982029e+01
5.748507638909841067e-01 1.216089021875318110e+01
4.156194131512959689e-01 1.308286439849330129e+01
8.993344106869262111e-01 1.198627806886729630e+01
1.878239485378378593e+00 1.289804077351342393e+01
1.309660533436783902e+00 1.228204610384991824e+01
1.146510474453720896e+00 1.215506390866669584e+01
1.323160412195099278e+00 1.269181470323423433e+01
1.824097034598734179e+00 1.223221184324845900e+01
6.492008557775562627e-01 1.282749827737107218e+01
7.913326327896068602e-01 1.272854511098123353e+01
2.213033568461712175e+00 1.237501698111617188e+01
2.109493257557061519e+00 1.299639004523573504e+01
1.864546833117969094e+00 1.143997580842615314e+01
4.363445527258467127e-01 1.311631698593480344e+01
1.645458295345301192e+00 1.322418172568807648e+01
4.128009956419103066e-01 1.316494098193634521e+01
1.306324765189822878e+00 1.202266664426609211e+01
6.359361537272144593e-01 1.179371457820628777e+01
1.360391514330595131e+00 1.263614447713913869e+01
4.670270232249356668e-01 1.298473619810763324e+01
8.707080288243489452e-01 1.246273046143689278e+01
7.305760836849697348e-01 1.249029305446286209e+01
1.459968059713740773e+00 1.270712738541366704e+01
4.555575639195462712e-01 1.289526569841398462e+01
3.910225115962874809e-01 1.308304949396139527e+01
1.601493355045753741e+00 1.195229205200183031e+01
1.952088249126635811e+00 1.279539375821683578e+01
9.112474937818967335e-01 1.187205093743469142e+01
1.418758285298453492e+00 1.220151439103769597e+01
1.826814328427142975e+00 1.127796766569525388e+01
1.158919961178795033e+00 1.275305958546942620e+01
5.268337128315528917e-01 1.288282126053251098e+01
2.012209548878351573e+00 1.315407569475696370e+01
5.361821926713326025e-01 1.269341696264151942e+01
8.420694611248826789e-01 1.212912963681442235e+01
4.417051135535819961e-01 1.252006838713036174e+01
2.122711988066271260e+00 1.302729125575246272e+01
7.123910383298567295e-01 1.209132475043817401e+01
1.375099923156141379e+00 1.283576353195305941e+01
7.747404126490994303e-01 1.226395637847894982e+01
1.815152075153785072e+00 1.156043596141045704e+01
3.590919775600712183e-01 1.325219704410436528e+01
1.741649307290653814e+00 1.321257723178275079e+01
2.045050922981516361e+00 1.293361341046929880e+01
7.526910332722602792e-01 1.199084923417305326e+01
2.006738117330429283e+00 1.298580968134896452e+01
1.166721413129908180e+00 1.262485391908301224e+01
7.917420693166331569e-01 1.199850683862628209e+01
2.410591178276677127e+00 1.225584010064018337e+01
2.065074225282127252e+00 1.360504873972869078e+01
1.053314748549736501e+00 1.211003769835512323e+01
4.711784947492616005e-01 1.315738343508317421e+01
1.970888693564388561e+00 1.259144524143227351e+01
9.064959909303602625e-01 1.225791707213154602e+01
1.483860992488982289e+00 1.254275853790199768e+01
1.085048406258125597e+00 1.237027740324248626e+01
2.110163963211781013e+00 1.211411440794988081e+01
1.155784248324162933e+00 1.282359331064093588e+01
1.328385235662208563e+00 1.239591215647475941e+01
7.134284087207912739e-01 1.236978356758615227e+01
8.121195200802032721e-01 1.255172001722437969e+01
9.559830489542625598e-01 1.262836505900550321e+01
1.532541274689598332e+00 1.245615165908484556e+01
1.725712195546928562e+00 1.225367548758228331e+01
2.045706763008923179e+00 1.231391765054862475e+01
1.227903105520419480e+00 1.239976673912408778e+01
1.435977590113145741e+00 1.264220973597467257e+01
1.593651081275839987e+00 1.208388449240445617e+01
4.226995457344477902e-01 1.237479784061297394e+01
2.073177448032347936e+00 1.193890641945995590e+01
1.965884121462214029e+00 1.329597377837174754e+01
7.201114030211375194e-01 1.272917567556840979e+01
4.593798597752035140e-01 1.317183374957828512e+01
5.468409958079389899e-01 1.290935673823888408e+01
1.035222512230839831e+00 1.215631828165200723e+01
1.837835942943361056e+00 1.324095076749783928e+01
1.839651808304289649e+00 1.286247352899135521e+01
1.739502866818891658e+00 1.121460591741757895e+01
1.989579122604449024e+00 1.218590057783159608e+01
2.095547241080439438e+00 1.289669700088161974e+01
4.860082041316026169e-01 1.309521705088181243e+01
1.859815629504521173e+00 1.228143434963219782e+01
1.561389226692242227e+00 1.314332731894039163e+01
1.454470596638506530e+00 1.270466040506087957e+01
1.413376732496772314e+00 1.285143046262031419e+01
1.484100567120554048e+00 1.226609900326928582e+01
3.130711524833068582e-01 1.330631349756939485e+01
1.274572050765777398e+00 1.293207661893043436e+01
1.923823278931942271e+00 1.210590876766208090e+01
1.304525809858666952e+00 1.267880307520198357e+01
1.602531509652193265e+00 1.194805994857431841e+01
1.938422934214987459e+00 1.264146885598779946e+01
1.555790882859283908e+00 1.172674480184394952e+01
5.066905885298346179e-01 1.297180003090244504e+01
1.155235071918178757e+00 1.284511265815907244e+01
2.277045120494743280e+00 1.192289570598192938e+01
8.643269956739940696e-01 1.270084343622032286e+01
4.864747321822909254e-01 1.255156500608661396e+01
8.440234660994112570e-01 1.230048293247625146e+01
1.569973387933080389e+00 1.292087225713242127e+01
1.887913399617663135e+00 1.312253089428397601e+01
1.732761131979212887e+00 1.145274562260422435e+01
1.022825051463239765e+00 1.275275260560799317e+01
1.923012708576282481e+00 1.282862228325796927e+01
5.389273531342125834e-01 1.227647866338798721e+01
4.479613290542991400e-01 1.230564238810830702e+01
1.950338949545027623e+00 1.247345923715134575e+01
1.617531830002585158e+00 1.305067165543418994e+01
1.987849186347867336e+00 1.307300529223785546e+01
2.016037448251835951e+00 1.312683999283469660e+01
6.716097304865515927e-01 1.220713158963118161e+01
1.734621921277464507e+00 1.270480522144236168e+01
3.632146598986268349e-01 1.289663983362616229e+01
2.007295814026569314e+00 1.266989201961346900e+01
1.587078183674645260e+00 1.286668570416798296e+01
2.074657358687947095e+00 1.229077474377594648e+01
1.539024810905688101e+00 1.295331138255893322e+01
2.093367046450195001e+00 1.164351862499878543e+01
1.691808834940731865e+00 1.236832732559946635e+01
1.988324337677210174e+00 1.075020140857450812e+01
4.112406697946653367e-01 1.314342824895053141e+01
4.940248647313333907e-01 1.257461148087634228e+01
1.351839856105784277e+00 1.246670049990149032e+01
6.261804285242845713e-01 1.268425845961852616e+01
8.351100535508376721e-01 1.265017877292784654e+01
1.492958486810259222e+00 1.306294374734340735e+01
1.297172225065269524e+00 1.230961305844812337e+01
1.177922350278494346e+00 1.232645562540711204e+01
1.611973878724165088e+00 1.323329093952134805e+01
4.702401735909058633e-01 1.246957236668826496e+01
3.119966678564877749e-01 1.331757778334520559e+01
5.131811164574128226e-01 1.286107760314689408e+01
2.002070975255170193e+00 1.300268240846164502e+01
1.677369360959700684e+00 1.271211524941980642e+01
4.744833293006546771e-01 1.243005279441449495e+01
1.598875226804071792e+00 1.286433165110051391e+01
4.055808655737692670e-01 1.262828194573752505e+01
1.786919806612359718e+00 1.265118611962352446e+01
1.603703359180433718e+00 1.211581490325844435e+01
7.063589349291191644e-01 1.244136491042459447e+01
1.617138534161460361e+00 1.242459941943081603e+01
1.792606592766560425e+00 1.318681404645026412e+01
8.550318123154555527e-01 1.222068277850712192e+01
1.037781794161005022e+00 1.255979219676801684e+01
1.819517097313605891e+00 1.287834854257073935e+01
1.157785749723524882e+00 1.187465185723147520e+01
3.188064944244715093e-01 1.312262700075903687e+01
6.265611713889546186e-01 1.241861361293585553e+01
6.102614195512500173e-01 1.204228367958588208e+01
4.391271100302245323e-01 1.263116082039173982e+01
1.791378977813176343e+00 1.218192678212092872e+01
2.092126599411888499e+00 1.234191986914251515e+01
5.569235016098011970e-01 1.280615376962052920e+01
1.414710780604043316e+00 1.172967403410164344e+01
1.123639822442403124e+00 1.262595143380631235e+01
4.452769270437741955e-01 1.312715676930152320e+01
7.293864345358351819e-01 1.221745216413870772e+01
1.720168708379522515e+00 1.309694135194779641e+01
2.086674228927064778e+00 1.347763561491906259e+01
3.377711392358947462e-01 1.323231113109594226e+01
9.479148492775917312e-01 1.192641023632318564e+01
9.732336253647165814e-01 1.205702756357256611e+01
4.197075246672964388e-01 1.307088225072562437e+01
2.549060962443120637e+00 1.288024330331042577e+01
1.911109720998606987e+00 1.148168695089787228e+01
4.534897971028788444e-01 1.226677141613476252e+01
2.155971060208497381e+00 1.277176949279800766e+01
2.067201754352329779e+00 1.238325283467581528e+01
2.068247156471382908e+00 1.255793024993867135e+01
5.545051665390220430e-01 1.298796192725571785e+01
1.103360063265456548e+00 1.193325748178698120e+01
7.443090268053809133e-01 1.254931364271785554e+01
8.559327086957720931e-01 1.261458426486670348e+01
8.871548892838094780e-01 1.220708780723396458e+01
1.436494403045123436e+00 1.182072060058026430e+01
6.271572514093384232e-01 1.178778615989450174e+01
9.013087037538274338e-01 1.260272457770528298e+01
5.240111516393799462e-01 1.261919991783419803e+01
1.283200884815645759e+00 1.232122974270453675e+01
1.102351500962822195e+00 1.267225628889913658e+01
1.872446038486428987e+00 1.307102931064613216e+01
5.853345432074620325e-01 1.281078748762267239e+01
1.931976849819878828e+00 1.265927467125375294e+01
1.712739976257776853e+00 1.217315254059727714e+01
1.217916594206359449e+00 1.292996991517645000e+01
7.913663593290887199e-01 1.233875050753532854e+01
7.612133947460252292e-01 1.202626590786479177e+01
1.671328733187108950e+00 1.235299990487732202e+01
8.191169846671755295e-01 1.157499990309860571e+01
1.964406161798514683e+00 1.231696329036144988e+01
8.064028779039205119e-01 1.199496368548102510e+01
1.955082306442516460e+00 1.239141696762497702e+01
2.140674664786620607e+00 1.166438769291954536e+01
2.153423614791667440e+00 1.324228515397894235e+01
1.402844213219910374e+00 1.198223356319305211e+01
1.063892698494337097e+00 1.196308588734890321e+01
1.873022639101596054e+00 1.314000894662002139e+01
3.371463462191855998e-01 1.323051479001321162e+01
1.934230386608708940e+00 1.277678906337946252e+01
1.396668318410249521e+00 1.237024906631214094e+01
2.056689691829070021e+00 1.226990524459241350e+01
1.687333277798186870e+00 1.269138746802531159e+01
1.476556804736638862e+00 1.222001932730940865e+01
5.152011161843702558e-01 1.234109101062180791e+01
3.001541699657522266e-01 1.353206849156156721e+01
2.131784525682467457e+00 1.082254653908692710e+01
2.192963795990121589e+00 1.258796837564747229e+01
2.095388937339775381e+00 1.259741503074718239e+01
1.198420608470358362e+00 1.228135650344782803e+01
8.119445928871628082e-01 1.214819649721418671e+01
3.920281950725196252e-01 1.257990570852459555e+01
2.125455019298216008e+00 1.145489737993333890e+01
1.964106888542608509e+00 1.260440194277754067e+01
2.073280536657954976e+00 1.277681160398604199e+01
9.332792543769468097e-01 1.210983200440102259e+01
1.423698342227067704e+00 1.200281363828200298e+01
6.043740639035577455e-01 1.262334342175984325e+01
1.973136922784770375e+00 1.264138047202424886e+01
6.398674083174253902e-01 1.215235675632813717e+01
1.118142519179508243e+00 1.175497555332504440e+01
4.234954026929486082e-01 1.258513781180359814e+01
1.922014558601986556e+00 1.263705218836614108e+01
9.558423191177268796e-01 1.258346003115478950e+01
1.795778008720283259e+00 1.216170009490082293e+01
1.999068392301967867e+00 1.186650583976201467e+01
1.336838483252504206e+00 1.305539653078272444e+01
1.211783408090983505e+00 1.218491251666136144e+01
8.739770495500309710e-01 1.282580829768075148e+01
2.204201001759576339e+00 1.196187993956949747e+01
7.625911809990828516e-01 1.178480363896575334e+01
4.336334392619624056e-01 1.316978263204996047e+01
7.886618830988615381e-01 1.197665473371882960e+01
1.556860880616411924e+00 1.272837989512875900e+01
2.039193906214333385e+00 1.237214638345521145e+01
1.604064600460666457e+00 1.276458418169261222e+01
5.770791422350980415e-01 1.232079275308834632e+01
1.236552870726270736e+00 1.263251226739985889e+01
4.054532070537566479e-01 1.296361547810783854e+01
2.116581478628704716e+00 1.043823758077427755e+01
1.904305365580586384e+00 1.175626300509972744e+01
1.721758249016317022e+00 1.237464799511462665e+01
9.892228529439638374e-01 1.232131508143902821e+01
1.608625884501688086e+00 1.165752316967242841e+01
9.755988426677969505e-01 1.215210501316462199e+01
1.459165979701438909e+00 1.227577478798242261e+01
2.404865133373756070e+00 1.225736896192568182e+01
1.077154914808560848e+00 1.232159214834545224e+01
1.943943028489660829e+00 1.282397684139043470e+01
1.179495378469924027e+00 1.181491756477853805e+01
3.084005513277435773e-01 1.329817387741389645e+01
5.648965195461873590e-01 1.239939045584630861e+01
3.671615438053322245e-01 1.316211852069721999e+01
4.480545078585999041e-01 1.247474926873517198e+01
4.573785232051052474e-01 1.291263724746611707e+01
6.242544043665806397e-01 1.268522438774443906e+01
1.440015024512562691e+00 1.272749072934127668e+01
1.343987499018256537e+00 1.170992028109677108e+01
4.177247741015356897e-01 1.275471546731301054e+01
1.308251002960046483e+00 1.216259030554113707e+01
8.144557632877814646e-01 1.276735619778322750e+01
1.251331843387383902e+00 1.290914495044608579e+01
1.679995326566881442e+00 1.268210674645061609e+01
1.597933474421282973e+00 1.232957824968023175e+01
1.150523975318228809e+00 1.203893473051636498e+01
6.617513430267383256e-01 1.231157820095489797e+01
6.084148634786595844e-01 1.199777294708621156e+01
2.266263608207531810e+00 1.200812921759338536e+01
1.764395920354864034e+00 1.338637829273809388e+01
1.422727287727157286e+00 1.270502051139819422e+01
1.052742857090458006e+00 1.212063304077712367e+01
8.247694405281693619e-01 1.243877712364319166e+01
4.156727237966151289e-01 1.291634373444207284e+01
7.713778254526876266e-01 1.217369040823522219e+01
1.548846250817612846e+00 1.282928723459027154e+01
1.107380293950486871e+00 1.237409048097319442e+01
3.012530328890943299e-01 1.336100843253586845e+01
5.054818989189326928e-01 1.309551663638380603e+01
1.171037464883472712e+00 1.220805730660723931e+01
2.076201904356797634e+00 1.232882080290116456e+01
1.464925434865991916e+00 1.267696994361231511e+01
7.705545363355056354e-01 1.238104663975994413e+01
1.564865259433364297e+00 1.207536098902076738e+01
3.960559488965355590e-01 1.304862252191929883e+01
1.673792524754607713e+00 1.275823850404579041e+01
4.695354796864519287e-01 1.250142322760614277e+01
1.527014801543546296e+00 1.280844466885199218e+01
1.044356016370594276e+00 1.179687740310748367e+01
8.170799475842458470e-01 1.181393759689727752e+01
3.640114371710496677e-01 1.304352116756171220e+01
3.354324943953214122e-01 1.326407949156245536e+01
5.003757529233745505e-01 1.292497583079648926e+01
5.628716766363037749e-01 1.277814932873184617e+01
1.917659949234174821e+00 1.260206743525521134e+01
3.015613754432440174e-01 1.348896434682024470e+01
1.180737577141966144e+00 1.288722787981254037e+01
1.997082729763397513e+00 1.127969554129100160e+01
4.709868892043480026e-01 1.230402440915044870e+01
3.510633034344751158e-01 1.318483333683779435e+01
8.462219936908557116e-01 1.277868034860647306e+01
1.823889306291563539e+00 1.286779679141818278e+01
1.177460536144239622e+00 1.251378806442822800e+01
1.753361626693742181e+00 1.294483318281416295e+01
2.072140261427855457e+00 1.257639434799550848e+01
6.027320083242788673e-01 1.264116339750301066e+01
3.631283501882527354e-01 1.323950265669484594e+01
4.644074911280074991e-01 1.237374071178081358e+01
5.562363484290250293e-01 1.275087584283379449e+01
2.176275615734167168e+00 1.148369501414038751e+01
1.233844836964329339e+00 1.217311837251838114e+01
2.052977071836117329e+00 1.095042886026179829e+01
6.068184586909327605e-01 1.234556400115068087e+01
1.421633777368236151e+00 1.141901893048872019e+01
5.659491076108873475e-01 1.225039661828710535e+01
1.770092826345220693e+00 1.218879703508075529e+01
2.098122215778671418e+00 1.320579223110914313e+01
7.109051891390000266e-01 1.270580183662534068e+01
1.657011246529117354e+00 1.194138210904371178e+01
1.057566940888707174e+00 1.211189072328291338e+01
1.988661993014508189e+00 1.308943748513672745e+01
8.684023025951559394e-01 1.270729162284142788e+01
1.767511051709938386e+00 1.310497707684847057e+01
1.751729239500777080e+00 1.290387209994045747e+01
1.173111297680945464e+00 1.229440182880165011e+01
1.125514261766129342e+00 1.261693924694450963e+01
7.661595615266179049e-01 1.220842853113439475e+01
7.504019003692347090e-01 1.205205927545060618e+01
4.058355743240815716e-01 1.317234003280712251e+01
7.896156302965807727e-01 1.241438017343028832e+01
1.912375114190526970e+00 1.188408839020378416e+01
2.002384171485577458e+00 1.301236089481835023e+01
7.035140058620860115e-01 1.197677692670805882e+01
5.343892509541678937e-01 1.211861792969932772e+01
9.436192894219234129e-01 1.259535977640195803e+01
1.167631149124754408e+00 1.200047711339233203e+01
2.457723602279195507e+00 1.306038491834335247e+01
8.104217516798151166e-01 1.199431104386878211e+01
3.340269975107357237e-01 1.333157400560757999e+01
2.007866813933923744e+00 1.196598341415799638e+01
8.616666217759660906e-01 1.200283121295804634e+01
4.737531047580602062e-01 1.215079897457042257e+01
2.244139527753956642e+00 1.239215638724199486e+01
6.552362089339568429e-01 1.198505322066383627e+01
1.649424343682680094e+00 1.277996360094773820e+01
1.428077436317939153e+00 1.188614359446380497e+01
7.336504169295868794e-01 1.223053807771827728e+01
2.031247191416595488e+00 1.275765545994766903e+01
3.118993661560172104e-01 1.341955806593153611e+01
2.062703805295176718e+00 1.275761341655690728e+01
7.370271181573732067e-01 1.202689827804731060e+01
3.821993928938733354e-01 1.282285342577511855e+01
5.996277539847439941e-01 1.286995138530033600e+01
7.981393639538424400e-01 1.225981093534061372e+01
7.729396589670326501e-01 1.238851811117048562e+01
1.102071615006227523e+00 1.233249073539681895e+01
5.430235048637830353e-01 1.245021044694567180e+01
7.090750334153790302e-01 1.270759850581107742e+01
7.700652769146456578e-01 1.247409917431095217e+01
3.123511492185291893e-01 1.318261698950953509e+01
4.423859064315653344e-01 1.310567604910071005e+01
1.327962071547629241e+00 1.296719572030893985e+01
1.635516002425584148e+00 1.273587298274443569e+01
1.241864111703179896e+00 1.297035942477769410e+01
1.736316375522510835e+00 1.094900309111493186e+01
4.887279417849767493e-01 1.254540730063586196e+01
7.418629686949020918e-01 1.238864755092036063e+01
2.027040822620450378e+00 1.187423275329994254e+01
1.051775289895343857e+00 1.290225639874950225e+01
1.772252023776261343e+00 1.158562465257772267e+01
1.216813941679910638e+00 1.259511861390368459e+01
7.909365648500306101e-01 1.245944399879361697e+01
1.147229069967950599e+00 1.248158036852915131e+01
1.795675027707888338e+00 1.186717288436036277e+01
2.102476983459916404e+00 1.294184694183913464e+01
7.652548356014797770e-01 1.211726271727659743e+01
3.740148432666017819e-01 1.298319639016661320e+01
1.206631578400356952e+00 1.192568368269879997e+01
8.097956983376061180e-01 1.225314598045056869e+01
1.619485757882693333e+00 1.288830397768398761e+01
6.737933182030810819e-01 1.274334553936805570e+01
4.758045426113192700e-01 1.272113704191498407e+01
7.186013973198460691e-01 1.273700941050281976e+01
5.462032077114793438e-01 1.186593068650661920e+01
2.113838655216696338e+00 1.276144800289250725e+01
6.872653171607251421e-01 1.263742307975147838e+01
5.096610436915385289e-01 1.247786160909127240e+01
8.453809664003187896e-01 1.213318136827279758e+01
1.527610178877063962e+00 1.255363246801270094e+01
6.998379755717590855e-01 1.166644559802599090e+01
1.791193715894179084e+00 1.275395938195871004e+01
1.628262875149854683e+00 1.241044449004510852e+01
1.440622923709206749e+00 1.289236127558466727e+01
1.512643638784194389e+00 1.256538096633036794e+01
1.592003840737361342e+00 1.305402173178466541e+01
1.998487789704956441e+00 1.290698168048825600e+01
1.229588144207737876e+00 1.213680818436183095e+01
4.382098544173383403e-01 1.309657316088403256e+01
1.534058293493421932e+00 1.254969983479025508e+01
4.501603658684154019e-01 1.304239676245717128e+01
4.566657670787886425e-01 1.213945135596473435e+01
5.856744368153768976e-01 1.214817034526221740e+01
1.826511708575845994e+00 1.233892955062021812e+01
6.633642789841825982e-01 1.249087218417481715e+01
1.001743731858770969e+00 1.270430861808058332e+01
1.504428933449895478e+00 1.237992338625433675e+01
3.257208283439652075e-01 1.329340473509128451e+01
1.960565343897526791e+00 1.267187450486484401e+01
3.297969219747703407e-01 1.331446432376088573e+01
4.740963411637186264e-01 1.230552805627190516e+01
8.383387165151965359e-01 1.228645190716706459e+01
1.858351713637462321e+00 1.151186662414213124e+01
1.881906560000034423e+00 1.292070966179060321e+01
5.913695384762217566e-01 1.267573446382023228e+01
1.920771560601191252e+00 1.304119061165444471e+01
5.479650706741775457e-01 1.297160916237226225e+01
8.008947960311186831e-01 1.246990527301627871e+01
4.240496142221766296e-01 1.307348881695337361e+01
9.644467201493794883e-01 1.247641545494306214e+01
1.239385342021279257e+00 1.227982712620418937e+01
5.569372912739545267e-01 1.270435528117915069e+01
5.060953970224326692e-01 1.248827989506128766e+01
1.540676764209233385e+00 1.279842691088874673e+01
2.068686187234856533e+00 1.292615461995974613e+01
3.630718190871332074e-01 1.308754632819086794e+01
5.977535798347940466e-01 1.232399646722672060e+01
1.992807922226057071e+00 1.334073788540292327e+01
6.626549154803198505e-01 1.221081136447272719e+01
1.289244755658957020e+00 1.280647262366488626e+01
1.767855115404219024e+00 1.278753832486663100e+01
8.841680413293719898e-01 1.226082920532516241e+01
1.384108831843503973e+00 1.270085588174070956e+01
9.565225286432414986e-01 1.242509093634847162e+01
1.419826783606499943e+00 1.247776115099061123e+01
1.897982837356407160e+00 1.254337004557011248e+01
1.071243825953229312e+00 1.178682841149437621e+01
1.165750152444628984e+00 1.244195216487892885e+01
1.718008521885041162e+00 1.270297657572436556e+01
2.096215876592382177e+00 1.330535882184558361e+01
2.105037828885962803e+00 1.322734601655495190e+01
5.637498919786579910e-01 1.211294469958868625e+01
9.658291196193330430e-01 1.177024219122375825e+01
8.433601070159488788e-01 1.236372207319831418e+01
1.030137714949620920e+00 1.227371610311727501e+01
1.556581585212235330e+00 1.300677602800154098e+01
1.341719249164152528e+00 1.298377845760278149e+01
1.782781565818734926e+00 1.167512265511420821e+01
1.172542321444115965e+00 1.237947259756617058e+01
2.242221455877078107e+00 1.129451389278899498e+01
1.144751431926282592e+00 1.277515201535718603e+01
1.331087414727731399e+00 1.228534638581222360e+01
1.109263176068323808e+00 1.207429946914001384e+01
5.505129265874262323e-01 1.232765763863561226e+01
1.609135356108380543e+00 1.226750957288783894e+01
4.090493051925237489e-01 1.244579407118844117e+01
1.409923002267365000e+00 1.229829569558680902e+01
1.454483367236861779e+00 1.306651552678574113e+01
1.561666933854052086e+00 1.188324094882421811e+01
4.766576880970319063e-01 1.258377907203233370e+01
1.817802180135066337e+00 1.260529687097979057e+01
6.460738994254839884e-01 1.265274860594994699e+01
1.679323624726075215e+00 1.271506796410892370e+01
1.366419678102999136e+00 1.250919206161729136e+01
2.039106301094133933e+00 1.149763748101652183e+01
7.889320353364729366e-01 1.218246692470710535e+01
7.597299764817364576e-01 1.233474588992432430e+01
2.029965373252736960e+00 1.204106686034480767e+01
5.552937935888078158e-01 1.193787000321511016e+01
1.344534088043999320e+00 1.218647551720806810e+01
5.827783379390618634e-01 1.214014597319417810e+01
8.482272182168361097e-01 1.204507628617924020e+01
1.487236114524473019e+00 1.186246122690682370e+01
8.805111908092351225e-01 1.225546760044309380e+01
6.345119032495065703e-01 1.266300712270024320e+01
1.752857867583806906e+00 1.303652663955558388e+01
1.388881703788925170e+00 1.257823025159243002e+01
3.819931278174543698e-01 1.295723538493972526e+01
4.383947358149444251e-01 1.238049656727652525e+01
2.141716002635933425e+00 1.207826113960202363e+01
5.036718049128183772e-01 1.285536458355197986e+01
2.181464240605145211e+00 1.123498159238593708e+01
2.001674221292650380e+00 1.290049474960487608e+01
2.161645971201720418e+00 1.351220805541718128e+01
1.035799498412239616e+00 1.215001601372722284e+01
1.235870619993423070e+00 1.153084882862650140e+01
2.018960185488405390e+00 1.256131779894805511e+01
1.772149530067194556e+00 1.238754041767520420e+01
5.472836727857078865e-01 1.196841318813185140e+01
5.195132849851792356e-01 1.252570485866650074e+01
5.761482952771646016e-01 1.185913444578361187e+01
1.875539842032178717e+00 1.314126641966349851e+01
3.577905771273205415e-01 1.323998473635361961e+01
3.244808452474370331e-01 1.304286286193835842e+01
1.476175787218419355e+00 1.217252456004965744e+01
1.588793462907079235e+00 1.210141817298053013e+01
1.706775454958882499e+00 1.290869454564733410e+01
3.897976698842921528e-01 1.284494166582032726e+01
1.736360288766523929e+00 1.284289786823178225e+01
7.627911235364862597e-01 1.177623948962071765e+01
2.035065367275743498e+00 1.155819105287319282e+01
4.951875022804287374e-01 1.219358688784222622e+01
2.156527969780617671e+00 1.230200859646977918e+01
2.262126973148399056e+00 1.237530266130607792e+01
1.186059266639576837e+00 1.253496467678702153e+01
2.001140603339091939e+00 1.195511804735385297e+01
2.027130609287810525e+00 1.290206719866368879e+01
1.053062787988944704e+00 1.213310203505852947e+01
3.565157713823700614e-01 1.304149379149316523e+01
1.282090801882867170e+00 1.284136266445806029e+01
2.096830118790206754e+00 1.279623203304647738e+01
8.150033729317867071e-01 1.279520694738105924e+01
7.296081984883037164e-01 1.232536114617979095e+01
1.923207344334017632e+00 1.276143364050343898e+01
1.184989018966596364e+00 1.256937223142747762e+01
6.915752563196464475e-01 1.240606219458772586e+01
1.008496171759282856e+00 1.209086443682075540e+01
1.830729934169500028e+00 1.243500913235925154e+01
2.024572955601277702e+00 1.184054257296127588e+01
1.627345608526098664e+00 1.320018027175569486e+01
6.810521554305047909e-01 1.258955307265143375e+01
4.166375872433680794e-01 1.271723269319624450e+01
3.291169460543789671e-01 1.307269878863945323e+01
1.482983640026868999e+00 1.242993694911305624e+01
2.068941389884211723e+00 1.331273796307585755e+01
1.959756824010575604e+00 1.253284994275562525e+01
1.068023109214605304e+00 1.229472824303025824e+01
2.203536883332056107e+00 1.158761669369519076e+01
1.915457077532535024e+00 1.333665455759252438e+01
3.548485493827578385e-01 1.295197907183632324e+01
7.310231778796965063e-01 1.200104807119619288e+01
1.196464159121157333e+00 1.201120632208232486e+01
5.617179826599159043e-01 1.252830924206616814e+01
1.797244313445368169e+00 1.326074953645877486e+01
1.867195474291884372e+00 1.177602183856357776e+01
6.595936927616948831e-01 1.271229499911415317e+01
1.354414601360884873e+00 1.196826857002614020e+01
1.846293863204999441e+00 1.231092129125810253e+01
1.861130523816839855e+00 1.307099783269749516e+01
1.900300842910366494e+00 1.219208498633334870e+01
1.581533112391288576e+00 1.254744176176651393e+01
5.515221588137342312e-01 1.275202150415887559e+01
1.905404436551711322e+00 1.308046828257681149e+01
8.493244814367502116e-01 1.205019768085043097e+01
1.891512911088826021e+00 1.256494054237986013e+01
8.731200584879759141e-01 1.221003347113668269e+01
1.082737329440025764e+00 1.227821969384295642e+01
1.616666954223888730e+00 1.291335993476443456e+01
7.179610962930940143e-01 1.245244415516873815e+01
1.668828985898013872e+00 1.227771529119156213e+01
1.003678746056011928e+00 1.201658020457733578e+01
1.964088691166016476e+00 1.147939310674116165e+01
1.711088094742353904e+00 1.165088300713708591e+01
2.133956248229657238e+00 1.277450199018369403e+01
1.833429884620435102e+00 1.273805395970805776e+01
5.517115883550385291e-01 1.207977773211882067e+01
4.646945904612493905e-01 1.258179219692395456e+01
5.904357936436086529e-01 1.264111829182519031e+01
6.867646688119054543e-01 1.249175491100419322e+01
2.030115555994547183e+00 1.162036507590259404e+01
8.393732909325849478e-01 1.213480787762031454e+01
6.258704000442734117e-01 1.276454085417430306e+01
5.127185845303170453e-01 1.299448002438444938e+01
1.838917039527345532e+00 1.298430481580689566e+01
5.624212555052741092e-01 1.270519544551083513e+01
1.680177377377099157e+00 1.282449027792668694e+01
5.551036861156919411e-01 1.293237564333804634e+01
4.850599206839161237e-01 1.211925550416067665e+01
4.189041658051805839e-01 1.276100225747275196e+01
1.342473772485640593e+00 1.253724545918186273e+01
1.408247371125475489e+00 1.276328392277171808e+01
1.749938310636482974e+00 1.166171827903759706e+01
1.716742897484154096e+00 1.314072299009232481e+01
5.258969979888399315e-01 1.239614506482084799e+01
1.773652293294862625e+00 1.246898369483508162e+01
5.552695934757629903e-01 1.219539875919885219e+01
1.121943084367066801e+00 1.286143818694238128e+01
1.910613624048936643e+00 1.271468437555183861e+01
6.911554040379467301e-01 1.173990793895952400e+01
8.874133182633802130e-01 1.220990504153793665e+01
7.309339567455027664e-01 1.263559428264985129e+01
8.599275416813646489e-01 1.285850560972734158e+01
1.093062202391593241e+00 1.288346287047978933e+01
2.183028393622311381e+00 1.150778967676964371e+01
6.502670985165065476e-01 1.264609232304460207e+01
4.306588121182696738e-01 1.244879966637618551e+01
7.276916069817616073e-01 1.254694165553971352e+01
9.483482216334497839e-01 1.206027376362317405e+01
5.229296212877230232e-01 1.275356535383268941e+01
1.980892934422104901e+00 1.158111913368846579e+01
1.508810959187772305e+00 1.237022024116407337e+01
6.537354432079464095e-01 1.278688584310160259e+01
8.210436991387551897e-01 1.232613195041800580e+01
6.661544244737743758e-01 1.195569807866450596e+01
5.329256270577513721e-01 1.277741078076058834e+01
7.738480161348663122e-01 1.176715599439396698e+01
1.653100348061971703e+00 1.229628178535807237e+01
9.880912115161131215e-01 1.191075063109260235e+01
4.725107508013478008e-01 1.238695102720679309e+01
9.007724948083041250e-01 1.221794117422857795e+01
5.041032929815726371e-01 1.273127144702266200e+01
3.823697989363125660e-01 1.309475889165833884e+01
4.788776129768862466e-01 1.265132595088844703e+01
1.728849725340402044e+00 1.263353981293557027e+01
1.578700741728449541e+00 1.303314779259747169e+01
1.895197640863892197e+00 1.328663657123733621e+01
3.355985381923708433e-01 1.326565212666094951e+01
2.242070569365677279e+00 1.206972941164297453e+01
2.054342420574414518e+00 1.158969770033397317e+01
1.348439068626676729e+00 1.253838517058385094e+01
1.741011272897301732e+00 1.257361066415995055e+01
6.285876956446342367e-01 1.191005369278822634e+01
5.238780770423497879e-01 1.255553929321894202e+01
1.277218714142734468e+00 1.224848242006333265e+01
5.104007706692391677e-01 1.296251704945204608e+01
4.330075472933846981e-01 1.285394128043745354e+01
1.092393410360907202e+00 1.219870994430385025e+01
1.876860896585152094e+00 1.244310338142089556e+01
7.759130726941049216e-01 1.266918917963231195e+01
7.630341013437988984e-01 1.261990262372755467e+01
1.232195746129820968e+00 1.209270288227828871e+01
4.963770320412105863e-01 1.307670087975922257e+01
4.833463404131104202e-01 1.209510854190366835e+01
5.730787716805314513e-01 1.255149843532396048e+01
1.261204274232795797e+00 1.246632746394436353e+01
1.457234261353751892e+00 1.296153654780519027e+01
1.472627195888888130e+00 1.124163595695763540e+01
1.574677892363409049e+00 1.255140462552193803e+01
1.813691192916047967e+00 1.320841075911088147e+01
3.516013519291217304e-01 1.282679144486755796e+01
1.930902057756497703e+00 1.281085383300125891e+01
7.049764027618079520e-01 1.245522510217732837e+01
4.801639744716175717e-01 1.271817417986086340e+01
1.811676515890316530e+00 1.189052887919867452e+01
1.302654342871346627e+00 1.239999895389215112e+01
1.225557782010329388e+00 1.246182639379514079e+01
1.707638802608194339e+00 1.328013785245428302e+01
4.357338385872923103e-01 1.238868623439629602e+01
2.029649807005061923e+00 1.229596294636223419e+01
1.963323108256556537e+00 1.184492017987122381e+01
4.559740081870893857e-01 1.274144241177770809e+01
5.157848360508567875e-01 1.201674673919199066e+01
1.482442616034116867e+00 1.275475437184629079e+01
9.480951155857086921e-01 1.265144169164653576e+01
8.403660341324868943e-01 1.197814983407634948e+01
3.111523385266128372e-01 1.333808771639822233e+01
4.391889397425432495e-01 1.282615164389600793e+01
7.051011156550563985e-01 1.249050272732215028e+01
6.387077225091132293e-01 1.193597789752219640e+01
8.698489912480787956e-01 1.260862200372340602e+01
7.771615934456399533e-01 1.251238416403871767e+01
5.649286077885827817e-01 1.230526700240720750e+01
1.424890483768401106e+00 1.274655192171735152e+01
1.409321927466135715e+00 1.267468236685886929e+01
1.460089085198417624e+00 1.254692916441063844e+01
1.704211202595191432e+00 1.270233023959954899e+01
1.067920732260889904e+00 1.234338799172100209e+01
1.114774594494803095e+00 1.284951684210797751e+01
6.820035603523177947e-01 1.202343155115365825e+01
5.246717809350092132e-01 1.194546267442417786e+01
1.515290864505124180e+00 1.289792442172167597e+01
8.990310166650287149e-01 1.259108199686953178e+01
5.855365379268666626e-01 1.216718556543023944e+01
1.020381659274563591e+00 1.281046166210246540e+01
4.834382132044763303e-01 1.300591188203926585e+01
1.109807526154918511e+00 1.233692155578529714e+01
1.688242850579406706e+00 1.258139298850429277e+01
1.612972793721797693e+00 1.246449982872065121e+01
9.652548166201149193e-01 1.269000779403822321e+01
4.996604578302470401e-01 1.297663607615502102e+01
9.306066837243146539e-01 1.220589561632490216e+01
7.757143710151163107e-01 1.202271144517978385e+01
7.090926204666261334e-01 1.224484683227358417e+01
1.189300047945536676e+00 1.158547993584189406e+01
1.167382236489043379e+00 1.282186476437054878e+01
1.849902162276907847e+00 1.112700361610312427e+01
2.154259803802518469e+00 1.159201817123320666e+01
1.770203939286896011e+00 1.157808477731058083e+01
8.771277003084921864e-01 1.222771125535382808e+01
2.043020777164968216e+00 1.345166729050064269e+01
1.953047507253414361e+00 1.162789050228369270e+01
1.254909986828067536e+00 1.246837108298805497e+01
8.938662662760903377e-01 1.241675831974390221e+01
7.119380047014984836e-01 1.229896172419619127e+01
7.732494588335905306e-01 1.224311443038836877e+01
2.145272156638736494e+00 1.343250764628160532e+01
1.985580281939347991e+00 1.291728465264671932e+01
1.635657052417493151e+00 1.190992474335480900e+01
2.203483016424348850e+00 1.193244543924842205e+01
4.812069645793268236e-01 1.211287626087395175e+01
6.188052587587309361e-01 1.213326698905924061e+01
1.952899817366013702e+00 1.051678954556969892e+01
1.030200643638993441e+00 1.207419247471902501e+01
7.281263414477475715e-01 1.243848061400339056e+01
5.251986029058822725e-01 1.296645144646928394e+01
1.699477448227097565e+00 1.249424456577303566e+01
1.480588148880683352e+00 1.228718841734527167e+01
1.457842108416020910e+00 1.227400463492829275e+01
2.078498702516907493e+00 1.281423698467424543e+01
1.329680815924235482e+00 1.261661134394260309e+01
4.402631164511327522e-01 1.305494289650177642e+01
8.848456432384321779e-01 1.257686594019424398e+01
1.899970762945062397e+00 1.253020265421896440e+01
5.475488240265875550e-01 1.221122418221226447e+01
9.529231864381113581e-01 1.234186805022207345e+01
5.387287791272132864e-01 1.239314638005824065e+01
6.910003605902755863e-01 1.234289088252969080e+01
1.647004958900268656e+00 1.250125790902517764e+01
6.958233043548321950e-01 1.216728511915879984e+01
1.325488987998924006e+00 1.166936250743091286e+01
6.436574931200169658e-01 1.282409011255136733e+01
3.581970056742501129e-01 1.276352860739620709e+01
6.966897381317141980e-01 1.255450462655782040e+01
2.274549139234778750e+00 1.253253391178033738e+01
1.941829878552298938e+00 1.254049548214783805e+01
1.316158549845660941e+00 1.256460179771167240e+01
4.259788703423906808e-01 1.309317775132912054e+01
6.877942015846790769e-01 1.247493169306107852e+01
1.798073318793333097e+00 1.317669335507805073e+01
1.622054195361869455e+00 1.281655762684013666e+01
2.233698265294824292e+00 1.216420579299651372e+01
5.672408193981713920e-01 1.260841634015159052e+01
1.690738752620549512e+00 1.304509382740427270e+01
2.053310148489853049e+00 1.140763713316689554e+01
2.271835174741894559e+00 1.201535523181681064e+01
4.722478554631524550e-01 1.284691724126248147e+01
1.278513542209788412e+00 1.220558161187312152e+01
4.709557547768826735e-01 1.305351664172258452e+01
1.338665234145708594e+00 1.310994096825678668e+01
1.464229655889359938e+00 1.232302088162574627e+01
2.067619061652148371e+00 1.136047939988792344e+01
1.049281816734789041e+00 1.281195152422848338e+01
2.017065609008235061e+00 1.284957173820798282e+01
5.039245729610907221e-01 1.249148226623118241e+01
7.124519732623391111e-01 1.200304625100486255e+01
1.577488528778199672e+00 1.304717877072928189e+01
1.760249789276994159e+00 1.320617314338346482e+01
9.964014016300298815e-01 1.258366766864029529e+01
1.225662549305488458e+00 1.267848359392831981e+01
1.863724435359596754e+00 1.259461209262969206e+01
4.736467165275584645e-01 1.261635715859280182e+01
3.579394046066238788e-01 1.288235092223268197e+01
1.203023649584517685e+00 1.238750100488022454e+01
1.711602976653780361e+00 1.225003783658528889e+01
1.357393330064496029e+00 1.285884369478763034e+01
1.475164368084422195e+00 1.251316694037477006e+01
1.454736322659226477e+00 1.134360063585542377e+01
1.681646020580582102e+00 1.323723140992303549e+01
9.137935197835621581e-01 1.178504465944937252e+01
4.976743207600050622e-01 1.314025793610841752e+01
1.678606373164924115e+00 1.296547430798888634e+01
1.048185653883309421e+00 1.203333373540168694e+01
9.731405786429579985e-01 1.229699422266912023e+01
1.956628925098931937e+00 1.203398736910006583e+01
1.300857918382286593e+00 1.248629966262378055e+01
1.216040029447230664e+00 1.252634278090391717e+01
3.113677385408391007e-01 1.335182373055029181e+01
1.037240691065487219e+00 1.193712963862382104e+01
1.691137736137711345e+00 1.328618430733529365e+01
7.080286083733027258e-01 1.223636058341113930e+01
9.568715414146118370e-01 1.265854503701206113e+01
1.423730554875088039e+00 1.294516644617274181e+01
9.428353520319608938e-01 1.263216160926380205e+01
1.672555870646258436e+00 1.225002086430239068e+01
6.443285643244700545e-01 1.259329773058181168e+01
1.577424022286098237e+00 1.224703296649807349e+01
1.242013386093052674e+00 1.309327381267939749e+01
7.592039955725867761e-01 1.215683649234413366e+01
1.485866136848084329e+00 1.317485742489511757e+01
1.562383019074792934e+00 1.249359831008002608e+01
4.890016579298914201e-01 1.253157624000129466e+01
3.894686586877633139e-01 1.313407122481376632e+01
4.080946610024190346e-01 1.253126794563891089e+01
1.701458090343315632e+00 1.285747617753350802e+01
1.552669894749403756e+00 1.208637563396353087e+01
4.557516898641438274e-01 1.251051578462527836e+01
5.052082062310594424e-01 1.267683069039633814e+01
1.631673575620657513e+00 1.268562981433356462e+01
1.555001559870492489e+00 1.205307860464341907e+01
1.733074802103657941e+00 1.274819886348796949e+01
2.111018678382349467e+00 1.301619131598910073e+01
3.209124728841719620e-01 1.308217631482763288e+01
2.055038790646026570e+00 1.310396873377367122e+01
1.161590867881233891e+00 1.188207938238365990e+01
6.386006170654473513e-01 1.273178980258494875e+01
8.255766008625202712e-01 1.244679040031129702e+01
7.385612785314918938e-01 1.252167784209628643e+01
6.788753246766270344e-01 1.250232866918862840e+01
1.333348107064372456e+00 1.259087772815930251e+01
1.385982973401836293e+00 1.193423000721015725e+01
1.809476353840229423e+00 1.324266541671974551e+01
2.016453432786994071e+00 1.265410507990908329e+01
1.670706782768456966e+00 1.300132980640019120e+01
5.344690718124283091e-01 1.238195212810667911e+01
1.004053859596637732e+00 1.250065099660020351e+01
3.947695129928122104e-01 1.247875459733709391e+01
1.519270644244836266e+00 1.229219343370743545e+01
1.069085410612180764e+00 1.222555172946596791e+01
1.732126597185964734e+00 1.275391533097695529e+01
2.006849247612312315e+00 1.273685484908286192e+01
1.886937843037639118e+00 1.201330760043425094e+01
1.010531854951594477e+00 1.246505986342170935e+01
1.069237065729559122e+00 1.277728992111472017e+01
1.891069482511076538e+00 1.316096877727762404e+01
2.004551512381929967e+00 1.301334497720314864e+01
2.095467593605079948e+00 1.336293153890965790e+01
1.249068844014879831e+00 1.296679006030234760e+01
4.437973670218294808e-01 1.280547559617090947e+01
1.420863485453095487e+00 1.227172724253406599e+01
3.964669846670620390e-01 1.291639287839540451e+01
1.393929521859161413e+00 1.243231994927943695e+01
5.188619691784400745e-01 1.282206234943147116e+01
1.943701386096543526e+00 1.209955923582531767e+01
5.665979407768347853e-01 1.206824746717925834e+01
3.960906241721152132e-01 1.269976920002833687e+01
1.730436527143802028e+00 1.272348759146370689e+01
8.179412124286434826e-01 1.189196121142631846e+01
1.874986598376713332e+00 1.124431294752451826e+01
1.086002849936513304e+00 1.278247350739045451e+01
6.995806255921759309e-01 1.231815058398257001e+01
5.800982117909008196e-01 1.263632680599743985e+01
7.650304774467828750e-01 1.196578690316834326e+01
1.935592715397830510e+00 1.265292978240161581e+01
2.056205602817675171e+00 1.287241723453652575e+01
3.543925667094955934e-01 1.319068502189028713e+01
1.916199463410775961e+00 1.324096382199321198e+01
5.449104714998012078e-01 1.226222216309801638e+01
3.977161292555728145e-01 1.256083913174905398e+01
2.073168672616239494e+00 1.259179145781633657e+01
6.346513075488250388e-01 1.243833524960684045e+01
9.111784736727468470e-01 1.200323845196087547e+01
9.269075117987771728e-01 1.219989592203372908e+01
4.126492337438268931e-01 1.311188919686469312e+01
9.020785763043464023e-01 1.199524520774823344e+01
1.422452197390251527e+00 1.245251788477340860e+01
8.039193718220500884e-01 1.265095773426592274e+01
4.448666962033997474e-01 1.298835487215148810e+01
2.056505199584479193e+00 1.265178469252632709e+01
8.088035654653684681e-01 1.257614041260810112e+01
5.509851658426857535e-01 1.264058014916770567e+01
1.863247192356478621e+00 1.190484482855147519e+01
7.058395532566508201e-01 1.229072657017339765e+01
1.172004208207649389e+00 1.272866099092895098e+01
3.168369481279036948e-01 1.314918213318894402e+01
6.030966594506537160e-01 1.231124378409214160e+01
4.414583296732307871e-01 1.300390513695817596e+01
8.250656381933867412e-01 1.256190685160578724e+01
6.567847469656200587e-01 1.248099760073290376e+01
3.609277458441896846e-01 1.317742831410355642e+01
9.833618937601067422e-01 1.281152299697108177e+01
1.340928880247616473e+00 1.236424986497435796e+01
1.174355253239305563e+00 1.241245230991125581e+01
1.109446497962232270e+00 1.264924127944631316e+01
1.162931809314029952e+00 1.220471017715931872e+01
4.484851285796783715e-01 1.303419744218096987e+01
9.971433858449187948e-01 1.253094569862635410e+01
1.498123822105450476e+00 1.242713864176785066e+01
2.044447623343378595e+00 1.293066091219386315e+01
6.221502258184391509e-01 1.278852189803727413e+01
1.781520160495049465e+00 1.317755398610790074e+01
9.735686612940316342e-01 1.262905981172727010e+01
3.361653324342151472e-01 1.298233712655760108e+01
5.760753333725099345e-01 1.220502088655220341e+01
6.523238698749553865e-01 1.263158456119854200e+01
5.283792146604961992e-01 1.202533060470981319e+01
1.152390597540634776e+00 1.288766444032576786e+01
5.519307769909979067e-01 1.296710760233238879e+01
1.557017504240588712e+00 1.256180336986763635e+01
1.858448330506495605e+00 1.192219637356200046e+01
1.017928919531664089e+00 1.192862827575584106e+01
9.527866920560618125e-01 1.255665354465719830e+01
8.881412480541098775e-01 1.210567880736350865e+01
4.543907329534877526e-01 1.255517299053568436e+01
5.536730425595658422e-01 1.238167394650401398e+01
1.353041671383263589e+00 1.259744304955076899e+01
5.951519448998312534e-01 1.271101684050887037e+01
2.031532859481792297e+00 1.165370039572554184e+01
6.932574772974426924e-01 1.190994166004981558e+01
2.055053417790338344e+00 1.166361938536686083e+01
8.473251463032747122e-01 1.269163190953094222e+01
2.008878450406344829e+00 1.112944705725879402e+01
1.309709159215579843e+00 1.238658495205992338e+01
6.371946168637939723e-01 1.215785211701713031e+01
4.288390464550252967e-01 1.292374743695120998e+01
8.840289954511235671e-01 1.251979437134306394e+01
2.158273247898854663e+00 1.302982629853162422e+01
3.801899734380981277e-01 1.275829734595363973e+01
4.571989350608260394e-01 1.299935791680850095e+01
6.145292711080304615e-01 1.260430907244303178e+01
2.159954451370150075e+00 1.335088452545846316e+01
4.866464561827691382e-01 1.316722498066502922e+01
1.798609166122675074e+00 1.156161217666516094e+01
1.316387868764578695e+00 1.300913661823011935e+01
6.685906859238749389e-01 1.229866156740921745e+01
2.104489239449087279e+00 1.300814940568891309e+01
1.948895112318131950e+00 1.306666097793488923e+01
3.251921959279534535e-01 1.338408337957799432e+01
4.930369966882175992e-01 1.315211890524203220e+01
1.591348559132846452e+00 1.230169028338020176e+01
4.149046395638779083e-01 1.308310433220986901e+01
1.315742695918984628e+00 1.245020307521975411e+01
1.040717216307269544e+00 1.270112518127739953e+01
2.103172376158238599e+00 1.203946084340768863e+01
1.092731215202183970e+00 1.280017693861787009e+01
1.948125252710312560e+00 1.296961279638871289e+01
1.073263977631994992e+00 1.231692511390658140e+01
7.672061613135775504e-01 1.203408882704556149e+01
4.174527978706199516e-01 1.281509395971857934e+01
1.538233576757817245e+00 1.259363978093182013e+01
1.272809392244395044e+00 1.226265524241270732e+01
1.143618354441638063e+00 1.246698297770723052e+01
1.847370351170726233e+00 1.224267839256239121e+01
4.677600974492486241e-01 1.224223148856668253e+01
3.863498190505674224e-01 1.263868394396353700e+01
1.909708354732256197e+00 1.108446201459295821e+01
1.791391399587446864e+00 1.231814795905552806e+01
1.787345739294346370e+00 1.178947428673268050e+01
2.002898844983909576e+00 1.320742265867356657e+01
1.576651207258745968e+00 1.251459027556626147e+01
5.852213981677657495e-01 1.282156000312254029e+01
1.072378570452248603e+00 1.209544416293844371e+01
3.548638508218017740e-01 1.277771746439400324e+01
1.481674527006011655e+00 1.162061313016276820e+01
9.085422885870323428e-01 1.281740471358535594e+01
9.839167233566046278e-01 1.181570699784029799e+01
1.528817640264588329e+00 1.282881325413470819e+01
1.210936952967188507e+00 1.208721053945201618e+01
8.955666192778485302e-01 1.232837090387244317e+01
1.840352789955758794e+00 1.216974423665555349e+01
4.447316278686191948e-01 1.276914194224525723e+01
5.885577881545317469e-01 1.197428582662495167e+01
1.612380769297045324e+00 1.193275097080240421e+01
1.072202478500448697e+00 1.215993519726186811e+01
4.210425483589608775e-01 1.250309320343625075e+01
4.966358693045117567e-01 1.251166264651806337e+01
1.309685034855389452e+00 1.245974020508696256e+01
2.076415967394541706e+00 1.351039156932380259e+01
1.390126095663874795e+00 1.299236736960320115e+01
1.688429003437908804e+00 1.218842575234028125e+01
1.436941098615376999e+00 1.209167703953154671e+01
1.268357218019726229e+00 1.214539666286745145e+01
8.629230952038362545e-01 1.272162523092394437e+01
3.891540969705093445e-01 1.310774908483886669e+01
2.140544048620088180e+00 1.294156197599877167e+01
1.247133957603579812e+00 1.259404861070896509e+01
4.463477583719430153e-01 1.302893278658701526e+01
1.802997403107733598e+00 1.255916563341004455e+01
2.210510699549526059e+00 1.172234407739813022e+01
8.226504082769804382e-01 1.266473423075148652e+01
1.464824398230770486e+00 1.256758316187891111e+01
1.710474303519786021e+00 1.196349976933225534e+01
1.801852908253813501e+00 1.244833595961756778e+01
2.012254376434727821e+00 1.101876387703006444e+01
1.281847247949633006e+00 1.239045653315999118e+01
9.371170049045781658e-01 1.181647850409521006e+01
2.051801065881550645e+00 1.289809868183473540e+01
1.745218787614565281e+00 1.160102002861740367e+01
1.657801400040324058e+00 1.257808212584824581e+01
3.415864159454279902e-01 1.305906955994172058e+01
5.052436794231470740e-01 1.248258720886953199e+01
8.217245050004230444e-01 1.160857468456802266e+01
1.743306051355256070e+00 1.284834007619890173e+01
2.124666796083281017e+00 1.159029403490813692e+01
4.446051362128680684e-01 1.222603545314300888e+01
3.923035995291809797e-01 1.277332222498368175e+01
5.548504722648033294e-01 1.231420785668371032e+01
1.696241279933400126e+00 1.296125216828170679e+01
8.589360900002617205e-01 1.271503215448769097e+01
1.643025010366995220e+00 1.257440320127585132e+01
1.139298762690610811e+00 1.183128415011819712e+01
1.950271352849560325e+00 1.289873921694951875e+01
1.091724250339842994e+00 1.266461196991993177e+01
1.984715817191145426e+00 1.264524225302284144e+01
1.773581007377130092e+00 1.238021300816799730e+01
6.275213128740468882e-01 1.270781507152340595e+01
3.469912205500920166e-01 1.282111548645016086e+01
8.141811606079069064e-01 1.188329657823515539e+01
6.027495344150606282e-01 1.284552287218923183e+01
1.122865637066425393e+00 1.257740862358552647e+01
1.826283736029049365e+00 1.314183159332364959e+01
5.153907531074707338e-01 1.256879394238406711e+01
4.284427251622431321e-01 1.288299748812331735e+01
1.088112966058634834e+00 1.212667446956851691e+01
6.706786920675256169e-01 1.188031141990721906e+01
1.406812877796502326e+00 1.278288587930279085e+01
1.864618823865112462e+00 1.173570871188711351e+01
1.401163449668896943e+00 1.149718501692136741e+01
5.727690779591944059e-01 1.251130091289887503e+01
1.226007511777764458e+00 1.232694280474255244e+01
1.359331969135888052e+00 1.216624220944440715e+01
4.021631135159277060e-01 1.298700277889430765e+01
4.212821823921934494e-01 1.280536331805612704e+01
3.207181688860753499e-01 1.329678307978788432e+01
1.975633909233471597e+00 1.278286899662691489e+01
1.157427066417697104e+00 1.137190340091992624e+01
1.748110112613884048e+00 1.248349878872877206e+01
2.092247173832018525e+00 1.136834067543043325e+01
1.554787789699428213e+00 1.269436574876076840e+01
9.617800231450310822e-01 1.271717753779160631e+01
1.012105224578195628e+00 1.238945646029642944e+01
9.145024651783797420e-01 1.255165522514038301e+01
5.231268955720507208e-01 1.251941346042610625e+01
1.977850918493226251e+00 1.029130793229037977e+01
1.302828323103034203e+00 1.276400321078889988e+01
1.434754724482505406e+00 1.233167707395803347e+01
1.574340900600162074e+00 1.280656198509836585e+01
3.457373822216536219e-01 1.288553794298720589e+01
4.266158301931681218e-01 1.268870990909403851e+01
1.848553172231667485e+00 1.242138972003221831e+01
2.038406314866677782e+00 1.212910892667206397e+01
1.101616896599106665e+00 1.274665646319889767e+01
1.214587566903531091e+00 1.193911995084403266e+01
5.431186667860012918e-01 1.200665246661528407e+01
2.074612111692835548e+00 1.277201262155495520e+01
4.838316179345992785e-01 1.315756594407796243e+01
6.304941777288456395e-01 1.250536405645790694e+01
1.824324337517564620e+00 1.305333658414788012e+01
1.044944234386497861e+00 1.239888237364217360e+01
1.226510947037694699e+00 1.278650718939272934e+01
7.752933359089257959e-01 1.238182034464563763e+01
1.161460624479701220e+00 1.241242972327112959e+01
1.163943504877600343e+00 1.229762480683984727e+01
9.625631431928907134e-01 1.250713319972594739e+01
4.829195196856523875e-01 1.232457033104814315e+01
1.341109467783458742e+00 1.267013821235544135e+01
6.643923180462173450e-01 1.244651372714005788e+01
5.946954247068949595e-01 1.256996920323876665e+01
8.153806018637888009e-01 1.239562292732682813e+01
1.998404744447700665e+00 1.349919561402016477e+01
1.379856526885948176e+00 1.228191621853889615e+01
9.423493105456600683e-01 1.196024442708043800e+01
1.819187052131819193e+00 1.231953359169120610e+01
3.823112171386289226e-01 1.269814362319977974e+01
1.518778929596168226e+00 1.276238252084580971e+01
1.800358277444719768e+00 1.176377922934958242e+01
1.470844692249713814e+00 1.247839293483268541e+01
3.131750276306285441e-01 1.325646190750422271e+01
1.740036410791983901e+00 1.234997910242342201e+01
5.526808810427442653e-01 1.286396471181492629e+01
1.983176848142989668e+00 1.271417233080743614e+01
8.624194673891095730e-01 1.256108391068440788e+01
5.934854789261322372e-01 1.214828188220629990e+01
2.017970044174125732e+00 1.277015538848496767e+01
1.247982762719381133e+00 1.212614471086459389e+01
2.153096589231084934e+00 1.180043420360556183e+01
8.342375293368190503e-01 1.231068600048155837e+01
9.890520961332526229e-01 1.228620570874222473e+01
4.638653020722875997e-01 1.313009361569789668e+01
2.039655641795441454e+00 1.245491702761261799e+01
1.044598081468732120e+00 1.210258721833774054e+01
1.982003509361799143e+00 1.207912099721372989e+01
1.950339517750152574e+00 1.209266625653011928e+01
1.886843676371844136e+00 1.319776688766825856e+01
4.941062474255781822e-01 1.229376742299543146e+01
4.806301267987467263e-01 1.254939235322388313e+01
1.594207377546416282e+00 1.226424144781366543e+01
1.755551629406886915e+00 1.281800885669771795e+01
5.271633215941943229e-01 1.235350637768657833e+01
6.096779735110742227e-01 1.203144446167456216e+01
4.634995675231829426e-01 1.266626304275422754e+01
6.461155081617400153e-01 1.234672909071637825e+01
2.142219443390464662e+00 1.302990670498559744e+01
1.005357980237599591e+00 1.186862537260100225e+01
1.666338422687548837e+00 1.204198694031063432e+01
8.349775874703432299e-01 1.204351367010410101e+01
6.423433499608545150e-01 1.241499784631031567e+01
1.054491914656427110e+00 1.212270211160893041e+01
5.854379845654673620e-01 1.261268635733673271e+01
5.271150071809479476e-01 1.264265645323826170e+01
1.099051113817310243e+00 1.215688372296824049e+01
1.401782555458339630e+00 1.283168586865520133e+01
1.891977803875293018e+00 1.210016435132564716e+01
7.571635188279551842e-01 1.255036141575043551e+01
1.633090530801984297e+00 1.260101595142412378e+01
6.818611718856569803e-01 1.246946380774653562e+01
1.150863003551203079e+00 1.206758811656518837e+01
1.031786142703256637e+00 1.242323700906561612e+01
8.612130410480184350e-01 1.258534992835673094e+01
7.513210527573429554e-01 1.213376721868818819e+01
5.011779972997613131e-01 1.276906606515979092e+01
2.172241926779146848e+00 1.289386063941824645e+01
1.655849760050933872e+00 1.248595343557169457e+01
8.931592006653567006e-01 1.204477752199612617e+01
5.106505139967687512e-01 1.261624387618035570e+01
5.812936097894605414e-01 1.199003118239789245e+01
1.596123312588321852e+00 1.295149140928613996e+01
2.136250858368944350e+00 1.206000608267403429e+01
5.343118652764190513e-01 1.292038684044745089e+01
1.845628394683586082e+00 1.321294892574589674e+01
4.107906729604432483e-01 1.301048417615848507e+01
1.361752086954673757e+00 1.281729358609891989e+01
1.118728722432285494e+00 1.282514582811834813e+01
4.668944366107326549e-01 1.283620592053749832e+01
6.745619277965101412e-01 1.247483156763743217e+01
3.765396830396396388e-01 1.309716934881909900e+01
1.681376373475399477e+00 1.308918366448926207e+01
1.543090171848475523e+00 1.165679635992644592e+01
1.989417747979391748e+00 1.197621485672021535e+01
6.511471120172697136e-01 1.228798937331061403e+01
5.225673069443450558e-01 1.212323273576932081e+01
6.311339708137154725e-01 1.193193078925519046e+01
1.355054981716650842e+00 1.209584431761617829e+01
6.692677264664667058e-01 1.240082128724099597e+01
8.181810008009265944e-01 1.192815053948172554e+01
1.447893797414045780e+00 1.285864786151733163e+01
6.976898074893291835e-01 1.256884183832375079e+01
1.033080175082331076e+00 1.261348010948111842e+01
1.945289152093049978e+00 1.146535899272776149e+01
4.256302343657414333e-01 1.275829724523690700e+01
9.830191184370574708e-01 1.214570736939648121e+01
1.729907906570559817e+00 1.309717467656155421e+01
1.066117741570050237e+00 1.255517886952269357e+01
1.155555937216190321e+00 1.266377386050803544e+01
6.186115525053088593e-01 1.213216047290569399e+01
1.221581515087647007e+00 1.258444220376200740e+01
7.306929434894156028e-01 1.196487663446560923e+01
1.351587338322344012e+00 1.279205620982545710e+01
1.437829498371621106e+00 1.287610177242872567e+01
7.716256326118442477e-01 1.203079945662581096e+01
3.266605626662196227e-01 1.339285622507831164e+01
1.608069148030735862e+00 1.179191052448764410e+01
5.661055124643075143e-01 1.242005023721135437e+01
1.027361611984506817e+00 1.235202720640680951e+01
9.660339129184305484e-01 1.276021727688022445e+01
6.976750845051293837e-01 1.214339380771801125e+01
2.102722416353660417e+00 1.325218448390717541e+01
1.370570573698743022e+00 1.255162978653755701e+01
6.950614955205008938e-01 1.225646617562914464e+01
1.038469924886928908e+00 1.260923079940813807e+01
4.253633881528464666e-01 1.259739853754416750e+01
1.700625888288545440e+00 1.180658072206599840e+01
1.786508961484039482e+00 1.232702941712978095e+01
1.727355488090617008e+00 1.236144987921938565e+01
7.564114531514261053e-01 1.186475986307670283e+01
4.643657491918550817e-01 1.312384708288451129e+01
7.538654799413332386e-01 1.211850559583213816e+01
1.323219250804202218e+00 1.254376859107286712e+01
1.795762626705608156e+00 1.221544949682103542e+01
7.244851537207556147e-01 1.239539538424219067e+01
1.483254745168799182e+00 1.149656400345695495e+01
1.547483182830640791e+00 1.194546532182007859e+01
5.044724995222753527e-01 1.231468114923343471e+01
1.693516484598059257e+00 1.169986402360169642e+01
4.840015731463850890e-01 1.258157452525714248e+01
3.997059138302120340e-01 1.310472654344950350e+01
1.513471730930858516e+00 1.160464941687513374e+01
5.455789377140003449e-01 1.244911142794110326e+01
1.230202518268977752e+00 1.264821960085916963e+01
1.436697618487079220e+00 1.273769945923724478e+01
1.200194637481301285e+00 1.215833802726848489e+01
5.788887548243857317e-01 1.244584867088186364e+01
1.529050714220521190e+00 1.182694363054716646e+01
2.132504046456138891e+00 1.091701505333703004e+01
7.142446929433203806e-01 1.250765023326801106e+01
1.388313132279776374e+00 1.240991104586715998e+01
1.976480005088512959e+00 1.326830122820302904e+01
9.518328776644227052e-01 1.260591858962065537e+01
1.589956476662509832e+00 1.282362890816957979e+01
1.790440707253194930e+00 1.277471240972096567e+01
2.106400098009371558e+00 1.320514004365846894e+01
1.217754166235689883e+00 1.286173246351427402e+01
2.149772255797014253e+00 1.331300345619270864e+01
4.124771295966304652e-01 1.270627473076899072e+01
1.448639443947423056e+00 1.144584321906832258e+01
7.016614380072896395e-01 1.259045966115129112e+01
1.410503051378783068e+00 1.288060229211035690e+01
7.770021808419271814e-01 1.196499549077740454e+01
1.411101872344463271e+00 1.195636197503339559e+01
5.748446553371885370e-01 1.228413317829340023e+01
1.805455393914806805e+00 1.248116344152003698e+01
1.865019776274438046e+00 1.205644164699751641e+01
2.286401820675650232e+00 1.185225904184115997e+01
1.612051319782399128e+00 1.253484959259313136e+01
1.726826376747848224e+00 1.278391351643676721e+01
8.919263654527428420e-01 1.218809115731646031e+01
3.749766029521757749e-01 1.266515866501461041e+01
8.246101777208261208e-01 1.226386973363344346e+01
7.821456274521172425e-01 1.257000218469927155e+01
5.554956062463731747e-01 1.194320309678107428e+01
1.133515888305506314e+00 1.192307369748531443e+01
6.897571903543276983e-01 1.176239332587448416e+01
1.913779817384819726e+00 1.296640389513580871e+01
6.472593510385022952e-01 1.267992348605426933e+01
5.388659898039143137e-01 1.186484690757515104e+01
7.200881034603011654e-01 1.274628861716213102e+01
5.488157018893109473e-01 1.249239552674062637e+01
5.788562131523589116e-01 1.199916908965514750e+01
1.623485583212555872e+00 1.213802695043481883e+01
1.811911171793757713e+00 1.225353467124146611e+01
6.795968092772973757e-01 1.274918491766686302e+01
5.576660364745055221e-01 1.187356643267337653e+01
1.558263727881542993e+00 1.181886343475080103e+01
3.571130408607386397e-01 1.288744300526842501e+01
2.055989238123831608e+00 1.224580349105089638e+01
2.134626280424991585e+00 1.264035678372706073e+01
2.206847949674354492e+00 1.232427369212670420e+01
5.522927939692860999e-01 1.210514577855274077e+01
2.075794322728507169e+00 1.299982194743412833e+01
1.282457783487850334e+00 1.203847810408908714e+01
2.211715441480443634e+00 1.182485347089379779e+01
1.219469650344209510e+00 1.263047666477480035e+01
1.059138702933482445e+00 1.199390985240022367e+01
4.748041167763148995e-01 1.292492419425872896e+01
1.132834845872252583e+00 1.246716703026249995e+01
8.693271146209284872e-01 1.211315061189182174e+01
1.286160554392207667e+00 1.240930775906352146e+01
1.896489591436779421e+00 1.290662944005089408e+01
1.914244984135744954e+00 1.261678226494779409e+01
2.126898042849460602e+00 1.278359524146498849e+01
7.645679322505503084e-01 1.258881522361426342e+01
3.783927551632078057e-01 1.309343402936330847e+01
8.137592506011153137e-01 1.235485013030335288e+01
4.697748084068131269e-01 1.271721118963037611e+01
1.996798607571920181e+00 1.293456110910682177e+01
3.730539126828302243e-01 1.313758050585645520e+01
1.203387729228686975e+00 1.237342278077641566e+01
1.337287750836543276e+00 1.237739785833467643e+01
5.328337479119468201e-01 1.199749772852871388e+01
8.665224656031211836e-01 1.209261498439222038e+01
1.150888123698240229e+00 1.211402257769457336e+01
4.470858919831338096e-01 1.232388396780238260e+01
8.678508226730896613e-01 1.278180042038663800e+01
1.613434904054965813e+00 1.250900169335332279e+01
7.611702433502787191e-01 1.262856734758864619e+01
1.482970892720505862e+00 1.214113733713030996e+01
4.033478259550642431e-01 1.313182769552620144e+01
5.202753365720690359e-01 1.213027365245419809e+01
5.405596991836355558e-01 1.198742598378924384e+01
7.140027258897975182e-01 1.220569139872092990e+01
2.080449762892474741e+00 1.336821618360403008e+01
8.303678947609944849e-01 1.219282289383184015e+01
4.103349768124234798e-01 1.314985529293664435e+01
4.927301075385358553e-01 1.233389304044884938e+01
1.523049421176159601e+00 1.281814801622035738e+01
8.059921190574645955e-01 1.209144753712585718e+01
1.822090790089172962e+00 1.217038953684549973e+01
1.510575656830805968e+00 1.266249421822512744e+01
5.845241446572690958e-01 1.214471743766405076e+01
1.385928915045234300e+00 1.250086926795709452e+01
5.656681896271673615e-01 1.282560656726590409e+01
2.090975208700866173e+00 1.275548711377050815e+01
4.703930104202851958e-01 1.307424290767771424e+01
1.166431437937235582e+00 1.222942250973868106e+01
1.478730861613092973e+00 1.197237328444415994e+01
1.236697166556002259e+00 1.264992023878297367e+01
7.374160844899355638e-01 1.175499055212002730e+01
1.650276526987997538e+00 1.109899809877484955e+01
2.127988305266047320e+00 1.336496970111489269e+01
6.134568088278518072e-01 1.213050189012561297e+01
1.311544771731687042e+00 1.269062791097303133e+01
1.313363703664835569e+00 1.243534217224410909e+01
3.740341323864395107e-01 1.256698815917284229e+01
6.322090117810784671e-01 1.213830843582428010e+01
1.840980466494495094e+00 1.254332542860844235e+01
1.636618744773846279e+00 1.275325131878779672e+01
6.099676914377354375e-01 1.267630076577982123e+01
4.551805720144659340e-01 1.314953463619874086e+01
1.905645653312354026e+00 1.257125582491348226e+01
5.269762178314130185e-01 1.229915458794954475e+01
2.096026559848308324e+00 1.223686258332797827e+01
1.112697235575469845e+00 1.181340253384730943e+01
1.542890921712600782e+00 1.223441283337977659e+01
1.659986451465165436e+00 1.198548380825514137e+01
1.112725065852076867e+00 1.231063135202214909e+01
2.065451658021512316e+00 1.285308856135584854e+01
1.350740498791684896e+00 1.267662744731050140e+01
1.671676632555812558e+00 1.314344524435430372e+01
8.073849315386094627e-01 1.272992614144747137e+01
1.749367599610833324e+00 1.207771087473701677e+01
2.103844547331871873e+00 1.200683522002631065e+01
2.058037012546202860e+00 1.272898405494475327e+01
4.131135641412020387e-01 1.294778420093412485e+01
9.535801912638427469e-01 1.169241931665585454e+01
3.619942373509771882e-01 1.318447017948339628e+01
6.964439012594524359e-01 1.253506334272571365e+01
1.802527822414545788e+00 1.156864087643947947e+01
2.219688369997679267e+00 1.207797868680487419e+01
4.739398332749405474e-01 1.310095392837617112e+01
3.394911824635620801e-01 1.300422701165769013e+01
8.387280361043876198e-01 1.246760214866170635e+01
3.055147147794004536e-01 1.338693714509319754e+01
4.602589354848096170e-01 1.270135285295377869e+01
6.758144899849604093e-01 1.237912025670537552e+01
1.033975518995348786e+00 1.225576447901528709e+01
1.459308147297619929e+00 1.228990839501361165e+01
7.082789093418931925e-01 1.213920531689443649e+01
2.165438720412579787e+00 1.263300258421844546e+01
2.049170455796422541e+00 1.300943914510547827e+01
4.387354340527124252e-01 1.287054049248322762e+01
1.828897921461099640e+00 1.188346781406397845e+01
1.122184695084133432e+00 1.227435430625096657e+01
1.019780821437393126e+00 1.186804759330528469e+01
6.512310424005522957e-01 1.212510127292427242e+01
1.239104373620358857e+00 1.250073483718662004e+01
8.208769205502320920e-01 1.228259886216211605e+01
5.689067676868622137e-01 1.296625482112759720e+01
1.791262110758655490e+00 1.234636643895562536e+01
3.876572566302691758e-01 1.274656964444756291e+01
1.917976066182454309e+00 1.335403245727022181e+01
5.124673473283254399e-01 1.307356056289147439e+01
1.781591839142810940e+00 1.257155862408622937e+01
2.097079441019543466e+00 1.272284352369321248e+01
1.361738917105373536e+00 1.274741955018913586e+01
6.750576642841039643e-01 1.223348666628636217e+01
1.694217891376749163e+00 1.255550893345399111e+01
5.712646909478169555e-01 1.199216255280461318e+01
4.767920691832309155e-01 1.214827140448976550e+01
3.601467797228874446e-01 1.277752559508465957e+01
2.034661236254724059e+00 1.131078733278447146e+01
5.439240208701776602e-01 1.270417252169188771e+01
2.066670689924026139e+00 1.251712506257255342e+01
9.201570020158845731e-01 1.272210603284794317e+01
2.185215351132173467e+00 1.224151709998771942e+01
1.923862473435185461e+00 1.299752008183758711e+01
2.100144353029138600e+00 1.318636222116199264e+01
1.699618633791899702e+00 1.148667976083228126e+01
2.131430112306143432e+00 1.235598759676260627e+01
1.748792215014260742e+00 1.219801555397537562e+01
1.464093677835383467e+00 1.252317664344259818e+01
1.199129331788709951e+00 1.164384197492017847e+01
4.999846772914018911e-01 1.234331337301868281e+01
1.426664164300684545e+00 1.199484491341574177e+01
4.354191927723904398e-01 1.297451441527557314e+01
2.189539392881044044e+00 1.259363194035144318e+01
1.096165553657326042e+00 1.256963516138586279e+01
1.620669979351061940e+00 1.188533411839655152e+01
5.984586689339762566e-01 1.247652523737380115e+01
1.265851353730849338e+00 1.240724302222456821e+01
2.150118769640406491e+00 1.150863477892227849e+01
1.242786079102647712e+00 1.269320231715386882e+01
1.853202450536242996e+00 1.329148050307764173e+01
4.486619312607837418e-01 1.259006392318939938e+01
1.445101853437139150e+00 1.297510253792189694e+01
9.080816553708821459e-01 1.232552044947465397e+01
4.676168729675442837e-01 1.236941780046047334e+01
1.434300100472873707e+00 1.299350589874893735e+01
2.002906860543720136e+00 1.327786762180788749e+01
1.577736755852024775e+00 1.275507908279409186e+01
5.714391248512333821e-01 1.223147456396376498e+01
9.401041653551297506e-01 1.246027056563721302e+01
6.234217837112649985e-01 1.246334024989967659e+01
1.148396322147022364e+00 1.188854073891710428e+01
5.421417412638118716e-01 1.243408867402387230e+01
1.065790047417103592e+00 1.235421752076573476e+01
9.843129726499464383e-01 1.175714875509750712e+01
1.547137907352602371e+00 1.252921494104915467e+01
1.282648818554475989e+00 1.186677052597859117e+01
4.955908179544541992e-01 1.283259041533282918e+01
4.358582334464602415e-01 1.291571185221729579e+01
7.176834347907709022e-01 1.278634799338616723e+01
3.801764626379824930e-01 1.314145454356195231e+01
3.901378310528126891e-01 1.314866724749603932e+01
1.140135729923566155e+00 1.269956226221009388e+01
5.019520242514328157e-01 1.299154519897262361e+01
8.248447212349724333e-01 1.270412746279571614e+01
1.666584055152815269e+00 1.283453171202390308e+01
5.999611823838165714e-01 1.237160598507056264e+01
1.623223353155287985e+00 1.197090896929432802e+01
1.050403773914074579e+00 1.242420536869200376e+01
3.124982519567823802e-01 1.346352941027764238e+01
5.155155379493496781e-01 1.209920447766994123e+01
1.272793947531589032e+00 1.233146806106730331e+01
6.862031915783504132e-01 1.259190595664200885e+01
5.548357789795612671e-01 1.261587052330924230e+01
4.826072651825624726e-01 1.315375835753791733e+01
1.446861336297024847e+00 1.278930259899260058e+01
6.359093854120099198e-01 1.219659720510933631e+01
1.151214841102932152e+00 1.198227939988720259e+01
4.702703117679770117e-01 1.290105073800469349e+01
2.059748902242851898e+00 1.249825230075906468e+01
4.363709702746844110e-01 1.266141698839978957e+01
1.518695940635331532e+00 1.295120684122873556e+01
1.798558590029113224e+00 1.237688743944937819e+01
2.227811073332543579e+00 1.261214446835430891e+01
1.441176228400692150e+00 1.257390175140191424e+01
9.573243119671230872e-01 1.245819365372232923e+01
4.982249219491408643e-01 1.203629932834038740e+01
1.706850041470213908e+00 1.261046425492824774e+01
4.041235045898555200e-01 1.312437602521402802e+01
9.594771203583706276e-01 1.211510366126837823e+01
1.744282944459214502e+00 1.092478803192480896e+01
4.920232249433271754e-01 1.290301073756419825e+01
1.983735250451901244e+00 1.092260015327722833e+01
5.842117530881217879e-01 1.199544855301494017e+01
2.138994164604401060e+00 1.235589441159562618e+01
3.860389132740406626e-01 1.288986695018723161e+01
1.908585723737269202e+00 1.267294708259147207e+01
4.967361042470601062e-01 1.257032165119043121e+01
1.394307774373146902e+00 1.253640807967617476e+01
7.315066545943652576e-01 1.188214516287655265e+01
7.505905864960245033e-01 1.232928978125283770e+01
9.313935405306584814e-01 1.236644190657823650e+01
5.224321845560548905e-01 1.200531825050985013e+01
6.798708870828741313e-01 1.218309737998054665e+01
1.331308019433439238e+00 1.294664408708263359e+01
2.068392540005397962e+00 1.179633345031393610e+01
5.997466812136870162e-01 1.243256837198053510e+01
1.251632535979545713e+00 1.266536271248384082e+01
1.960754624879190722e+00 1.133563769744690752e+01
1.907369762627036502e+00 1.162254425045144224e+01
1.564091440255726218e+00 1.242124082799194618e+01
1.132763764191422551e+00 1.286109397410947608e+01
2.147886282437422079e+00 1.135743105563847166e+01
2.303929825591713776e+00 1.303797391035406150e+01
1.423574945282920501e+00 1.255664114386500607e+01
9.744125861565043900e-01 1.227196060329406535e+01
1.282706947937933828e+00 1.207721584905122114e+01
9.112599823428777501e-01 1.227875246583110425e+01
1.585040874506570496e+00 1.219774759281508558e+01
2.027356288482208502e+00 1.331966954132438019e+01
3.374290777879430658e-01 1.319303427849848376e+01
1.995241038674054224e+00 1.334181988430694865e+01
1.740413848759307935e+00 1.297616352227029779e+01
1.781616392768840429e+00 1.261540956346084208e+01
1.196611609099766271e+00 1.219003940945048114e+01
9.386263847467724020e-01 1.277963759489943030e+01
1.205959699103358762e+00 1.219063998286994810e+01
1.574873092947271402e+00 1.197488851696574308e+01
8.909676982640165610e-01 1.275838059331679553e+01
3.454798850538153276e-01 1.331559561152480775e+01
2.160293658053172194e+00 1.226304044100270652e+01
9.141590954742910835e-01 1.264329798588372711e+01
6.044779883209890903e-01 1.261981342165400655e+01
5.610827054187289553e-01 1.263011979453679245e+01
9.634508471017322329e-01 1.241644643298842787e+01
1.354161295395270415e+00 1.198367806210328190e+01
1.276002445202249147e+00 1.226309307812429772e+01
6.449903514740076282e-01 1.223479482704735410e+01
6.410297670299432982e-01 1.229227730136723551e+01
1.076427283004244062e+00 1.249150024413152771e+01
1.020309429631836018e+00 1.219077740223677786e+01
3.439880365034562737e-01 1.332372058215038102e+01
1.579800426114875700e+00 1.245812692946204869e+01
1.994759534306383530e+00 1.320590085829324245e+01
1.039950936965299499e+00 1.176072056319843284e+01
6.109450513819973949e-01 1.195769494098632357e+01
3.638656903309057666e-01 1.273500429371182641e+01
4.358474528297877626e-01 1.300081770083673227e+01
1.298307080386579049e+00 1.280913322310372493e+01
9.111859809627578244e-01 1.225735446218124380e+01
2.281772678388471753e+00 1.251481904195813399e+01
4.094160346917341542e-01 1.312499596398319568e+01
9.786963404079851436e-01 1.208411828952769262e+01
1.875262287727798682e+00 1.275294381441718983e+01
8.000517391290502545e-01 1.266754350330664458e+01
2.080499450345587142e+00 1.259701412319087233e+01
5.348328212875699261e-01 1.287795071362402055e+01
7.600255471371664129e-01 1.230345854654318494e+01
9.470548374003889824e-01 1.265057765802633227e+01
1.604690365405651242e+00 1.297842539718913102e+01
1.604024788244235555e+00 1.275097598082010819e+01
5.332910855637122971e-01 1.240557870609554847e+01
2.182851878772158027e+00 1.193873780086441272e+01
5.444160367203149109e-01 1.193892301794123689e+01
1.341463733916989920e+00 1.253226213319756610e+01
4.219275287316436307e-01 1.241680855375712333e+01
1.883166297246721355e+00 1.256543470235747506e+01
6.714416910966315433e-01 1.231399839589894896e+01
6.836728923716709483e-01 1.225727117282233891e+01
4.810637455156344666e-01 1.216297648643894647e+01
7.024185008801986374e-01 1.262247306210666231e+01
7.027267451949040789e-01 1.199673600939749463e+01
2.017002586206701142e+00 1.202463480357342718e+01
6.124859490652070360e-01 1.260809520583046783e+01
9.869525958566471857e-01 1.211657263976109711e+01
4.259893290690932588e-01 1.254587958097848777e+01
8.620977511096752366e-01 1.242216187280693340e+01
1.491095110208193519e+00 1.201221597635510641e+01
1.516451714954822005e+00 1.307000486715214116e+01
1.111999520553863530e+00 1.230789758682300494e+01
1.933968594768745275e+00 1.299933210079675838e+01
2.083881442597300904e+00 1.167800785063354851e+01
1.893071301353292046e+00 1.321901341671989094e+01
1.331829185763631296e+00 1.247208163430391892e+01
1.439402795763659038e+00 1.217971960149510480e+01
7.439596506876713367e-01 1.262566948577173775e+01
7.920504485745865075e-01 1.238920755944064389e+01
7.104797242404575774e-01 1.206446920553581492e+01
1.655310391285646610e+00 1.170806310233974123e+01
2.200731310837651833e+00 1.200255648153684795e+01
1.720638683624620358e+00 1.221759198681487746e+01
1.036188489888240749e+00 1.217297172754229351e+01
7.725455233958621326e-01 1.264307178830905620e+01
4.262433620346617880e-01 1.288153238109810061e+01
8.091021466108971882e-01 1.194632417049825612e+01
4.603493116141358366e-01 1.290739809225512502e+01
5.808818139636029443e-01 1.249504940899717198e+01
1.934063933072586172e+00 1.221687077217292483e+01
1.352669058076063413e+00 1.271880443868136190e+01
1.762320794948261105e+00 1.193182135356946993e+01
1.401025558039380670e+00 1.259252587354163921e+01
1.010023131068999769e+00 1.235934085273310146e+01
1.158982755984039326e+00 1.223939326802112149e+01
9.778049185136664656e-01 1.193441764809333883e+01
5.175173035132817345e-01 1.233216851260685054e+01
8.894692392991945251e-01 1.246552813318483288e+01
1.911843162429236465e+00 1.302366941425277425e+01
1.340760924475844051e+00 1.281162312029144346e+01
5.750970181322245800e-01 1.239009273318895055e+01
1.930577018698397262e+00 1.247398241521021411e+01
1.677684685947933518e+00 1.198151490554461240e+01
8.042463823885676044e-01 1.193492695235274326e+01
1.123329060369370413e+00 1.225860436559599975e+01
2.177611710753292851e+00 1.218668999402488495e+01
1.294347043143688536e+00 1.221832334703109524e+01
2.147205459243173742e+00 1.199989340050727193e+01
7.193661964165387612e-01 1.207379368406584952e+01
6.424604917671915549e-01 1.193712789896895643e+01
5.254686587442788381e-01 1.203123471343405271e+01
1.709772992319142260e+00 1.312175894669583620e+01
7.834768773778569839e-01 1.186161735851478305e+01
1.564188322652711571e+00 1.178097135679131924e+01
1.396132231171355542e+00 1.228350061020093520e+01
6.604838280336781109e-01 1.274138590927307924e+01
3.152571627691761469e-01 1.342923108196667847e+01
6.237627874016197227e-01 1.200095056547159622e+01
8.330882536483406042e-01 1.226341465841830392e+01
1.251083866249374843e+00 1.238620606759829990e+01
1.373819475968039550e+00 1.272503810067531482e+01
2.301781824907757734e+00 1.272605262431345174e+01
3.532456195809615673e-01 1.311733744721632711e+01
1.044922710445459701e+00 1.281826306054180264e+01
5.216046808595489193e-01 1.220495216163956087e+01
2.013789081407142412e+00 1.231108124033659657e+01
6.108705771821270059e-01 1.221042738180470799e+01
2.186625463909748213e+00 1.260018141274331427e+01
1.401537901381079587e+00 1.257825835660835345e+01
5.245405076128621946e-01 1.227032924648488788e+01
1.012688517033281554e+00 1.219271527735970650e+01
4.644057242483040637e-01 1.282663650835975844e+01
5.459516406106387221e-01 1.223290926342044216e+01
2.159472432210453707e+00 1.341563228390533524e+01
8.227846084865814147e-01 1.264133661858335067e+01
8.429718813797665300e-01 1.263814826879263364e+01
4.269580892465080768e-01 1.305095136934317424e+01
5.124284032683665835e-01 1.237087299072497082e+01
4.550537901147844733e-01 1.261681988264336951e+01
2.378877372881575969e+00 1.185539386328152212e+01
3.650906640168501416e-01 1.290793229085921467e+01
7.300314595534578288e-01 1.214204614582067343e+01
1.141140765533866563e+00 1.266623103063216149e+01
5.122353494513044447e-01 1.254912683669452100e+01
3.942776881438936343e-01 1.319895109976821779e+01
9.386458544356299782e-01 1.177971187356669169e+01
1.485656114213893320e+00 1.225271687764484518e+01
1.632509065440354679e+00 1.281195368973044069e+01
5.620031716917701647e-01 1.226499652091833070e+01
7.322074981610999789e-01 1.263546256350529085e+01
1.009472691270153710e+00 1.210119113173864136e+01
1.680897626221863561e+00 1.264497860863295919e+01
1.140918879236036521e+00 1.220956375741647015e+01
1.943984170123654653e+00 1.212778774570713303e+01
1.058099873322757345e+00 1.210052849389175833e+01
1.863897450437301151e+00 1.307335526707411333e+01
1.337813422670180996e+00 1.303703062199488194e+01
1.976099421530599143e+00 1.140594956249139713e+01
2.278027586005009653e+00 1.236157041458488060e+01
1.159004854847571986e+00 1.239532357476772972e+01
4.217164046379711095e-01 1.300572449281443532e+01
2.107899126061062223e+00 1.310600956967779851e+01
2.144627913734771241e+00 1.133232981486569457e+01
2.090623595647996602e+00 1.271451325474762406e+01
6.228826944136973687e-01 1.239585209461419169e+01
1.326241226257633965e+00 1.247333944042829756e+01
1.722251562858037266e+00 1.287929407015582051e+01
4.557964574778624045e-01 1.302162842893629957e+01
1.259440929403912612e+00 1.206840365160905115e+01
1.229694137373810170e+00 1.181136895102195261e+01
7.330143456282439685e-01 1.184874803782886765e+01
1.251525306917107505e+00 1.269282732708588668e+01
5.819292322111115912e-01 1.244235096068300273e+01
7.877898781167029796e-01 1.237172120588076929e+01
7.805911174307818001e-01 1.199696116874428853e+01
4.268724327993994039e-01 1.228858957667595675e+01
1.128348610410431441e+00 1.229251849370306893e+01
4.536258691509499341e-01 1.309425657832196421e+01
6.759296683961814045e-01 1.250620714531273769e+01
1.323052515038241728e+00 1.210861313425136920e+01
1.660498301801765608e+00 1.289186633999346476e+01
2.081284809078637110e+00 1.299294979046274179e+01
1.731991495817285953e+00 1.301086189621436873e+01
3.280780336221897908e-01 1.335485238309269818e+01
2.247725630885761383e+00 1.286544274531743248e+01
4.376788381630877245e-01 1.270323578019779376e+01
9.563888383961655082e-01 1.229337237172462949e+01
2.039383729845421378e+00 1.294839970779414351e+01
3.623267214909438039e-01 1.281531804881366732e+01
1.018408606852633458e+00 1.283109952973009982e+01
4.418308216510267172e-01 1.252876634124655197e+01
1.905684793435090008e+00 1.310086878469648575e+01
1.540754493319792529e+00 1.264518323291904700e+01
1.439903534819310327e+00 1.265908167269368612e+01
7.179767715005129780e-01 1.194790588906561446e+01
1.755206298642177254e+00 1.203103698374122388e+01
9.834705424602572243e-01 1.263228788186950347e+01
1.432265117474203597e+00 1.243711654542195078e+01
9.953514273218728725e-01 1.205461920515048746e+01
1.361050434784966567e+00 1.224207628343638454e+01
1.266284485203088561e+00 1.179663731807264249e+01
1.845021298488027428e+00 1.268535324566951950e+01
1.168570844021710409e+00 1.259208594691819805e+01
1.018286895762680277e+00 1.257383716150821407e+01
4.635814240986148027e-01 1.264932955963228167e+01
2.086668425747839617e+00 1.310757220948117485e+01
1.299278499216137694e+00 1.201954363282503380e+01
1.110097389942030777e+00 1.242930714472452713e+01
1.513267836007444522e+00 1.231586610052142206e+01
4.773091746962331849e-01 1.297018899545566839e+01
6.226608380503475537e-01 1.287008337590238760e+01
4.818219482347772531e-01 1.204106682639360493e+01
1.405259219362845924e+00 1.263894396047627566e+01
8.663525267704916821e-01 1.261542873492613381e+01
3.127675367614177748e-01 1.337922726980814403e+01
1.199946451323690155e+00 1.213714301346084312e+01
8.804219176600639463e-01 1.266358921089384459e+01
1.885347599848252953e+00 1.282145614930739086e+01
1.457213249296658741e+00 1.224598585459155764e+01
2.242268543741197107e+00 1.213706305239390382e+01
5.394946713339292543e-01 1.204016442853627034e+01
5.443954992868751397e-01 1.231447677598364265e+01
1.653261006669626720e+00 1.257622150927601368e+01
2.171692808935016039e+00 1.295553340202777726e+01
1.853847470953692289e+00 1.267855159661377584e+01
7.222292130319720727e-01 1.183536410217494073e+01
1.788610182669720938e+00 1.164213678937937857e+01
1.453133972840077837e+00 1.143533647112441898e+01
4.579182669634367930e-01 1.272531914076169635e+01
1.715008808373430949e+00 1.271524789185419380e+01
1.580674251636414729e+00 1.269239901241962976e+01
1.428953747567870636e+00 1.279902353748252608e+01
5.643035861335147230e-01 1.256537100212197977e+01
4.725170396363418401e-01 1.214662123099080482e+01
6.035633639805243478e-01 1.215720360762244745e+01
6.327109590174712084e-01 1.250261596851657231e+01
1.925469440729550730e+00 1.100495113260799052e+01
1.454146002051000863e+00 1.172498656743280598e+01
1.640788349078448727e+00 1.145820773604249432e+01
4.466751679840030853e-01 1.262593154892989666e+01
3.238147363703506865e-01 1.309162746958214818e+01
1.025007295854742040e+00 1.222525972141606943e+01
1.595436588091268648e+00 1.224728231030666947e+01
5.655034166401222695e-01 1.255360486291714928e+01
1.319414544335163697e+00 1.244402958591345509e+01
5.354341623950110707e-01 1.227224773659358448e+01
3.713740758225942962e-01 1.318501061045618350e+01
5.105869873604825804e-01 1.310696163120535473e+01
3.733548585012625431e-01 1.303167041083648137e+01
1.372542958885585529e+00 1.246452393334551267e+01
3.720032425414150357e-01 1.317993194459405437e+01
1.519480395043087961e+00 1.285042616471177190e+01
1.049993667310911150e+00 1.255164006865770610e+01
2.049501353628749634e+00 1.145073977313070479e+01
2.024756552281490762e+00 1.249381102830747103e+01
3.593595119720550679e-01 1.271549051921172691e+01
7.095892962308414376e-01 1.267824763334119531e+01
2.141856178950686918e+00 1.223456331491070159e+01
8.710816148894136024e-01 1.250454283533924205e+01
1.422686432070046081e+00 1.246100806981650599e+01
4.160400591810159421e-01 1.234639500995943351e+01
4.400367650136813302e-01 1.240767357583357899e+01
8.755897849072140637e-01 1.268076613643273198e+01
9.470178716801744834e-01 1.270142440352898028e+01
3.208094079637013873e-01 1.330777338931919473e+01
6.263946402121322032e-01 1.195934219858805037e+01
3.776202464047724860e-01 1.319245223602415074e+01
5.908647023128180686e-01 1.228121201681434904e+01
1.861571914178995035e+00 1.331930573638340753e+01
3.910288967649184766e-01 1.317635385979536622e+01
1.895819667947514775e+00 1.236149773324965651e+01
5.312373392269291728e-01 1.302132173065985832e+01
5.950010409728136995e-01 1.225109788667972488e+01
3.772435681694412124e-01 1.299873706887735025e+01
4.266688252519098001e-01 1.232919519633576577e+01
1.389592902946482189e+00 1.233769733432694871e+01
1.032167580612659119e+00 1.270264628321426770e+01
8.450919381680734865e-01 1.262510794177616269e+01
8.706799892275479680e-01 1.254357852296726250e+01
1.077434052716937929e+00 1.253775600651078470e+01
5.767656359284683010e-01 1.249350933636346817e+01
2.080982774103059985e+00 1.205500077872757636e+01
2.183524919686940180e+00 1.213933044077707279e+01
1.021046725560328161e+00 1.248701845410681521e+01
4.035907999666870638e-01 1.290646089053068835e+01
5.979549126408193471e-01 1.268309704621365697e+01
7.468859273573033031e-01 1.214958792170456370e+01
1.545268421303415129e+00 1.199066282562031560e+01
4.826158426380737776e-01 1.285962618464689200e+01
1.690991691009811726e+00 1.186282812534224718e+01
2.073845635950222199e+00 1.133836646831199246e+01
2.136625823347454656e+00 1.111115362283971919e+01
9.326087114928891530e-01 1.200874174012168005e+01
8.336245451601959067e-01 1.264801494327944731e+01
1.483295998367338608e+00 1.286700254934866017e+01
2.167334635669383225e+00 1.288238260096263055e+01
7.086074506937207751e-01 1.186124636637472562e+01
4.189127197161920391e-01 1.278060484199630054e+01
1.609733424071148500e+00 1.234209553693018435e+01
1.408961960058873641e+00 1.285777735146228729e+01
5.882244874654746214e-01 1.189767267451701471e+01
3.861574430747558573e-01 1.276890929239525896e+01
2.317457030360703385e+00 1.297518237540348451e+01
2.072283045078082697e+00 1.174743016786117877e+01
8.468637178196591897e-01 1.158778816119359512e+01
1.896932173223085050e+00 1.194091209077931737e+01
5.444324068690733487e-01 1.259173253446051000e+01
1.988935122250035992e+00 1.231224360318214472e+01
1.572940009720730670e+00 1.281791067621987068e+01
1.904370302501968037e+00 1.292093303623423495e+01
3.328648521844699282e-01 1.333549662600758445e+01
1.146012053798777020e+00 1.242509649863459131e+01
1.486988728627975265e+00 1.252840368984004549e+01
4.827180044775060686e-01 1.316958059208235987e+01
1.334284097975551475e+00 1.220226854853275533e+01
1.104490541891435029e+00 1.242662988864016782e+01
1.648963148675574253e+00 1.215825053456772764e+01
4.317553742823141416e-01 1.235360064617689702e+01
8.102567369699817945e-01 1.226209460105711280e+01
1.104887395830246755e+00 1.237733663332794087e+01
5.383820626946755894e-01 1.242519103748981202e+01
1.288178754524602843e+00 1.219723327836841165e+01
3.704031243510657045e-01 1.318413277065384470e+01
1.790799244355379960e+00 1.300671616823487398e+01
9.136553305983629025e-01 1.260009806856537651e+01
2.093705641095708891e+00 1.250303224330657414e+01
2.273782512778611764e+00 1.326409746170081405e+01
2.017364481921015695e+00 1.314239086277652824e+01
1.362489017657625201e+00 1.239260556795260371e+01
6.195079916115057150e-01 1.217942510705519155e+01
1.002190312713715059e+00 1.194948641816752044e+01
1.438765223251182723e+00 1.233360725055081453e+01
1.881503848254158395e+00 1.080575038167862445e+01
7.460071601719111545e-01 1.214135907035343109e+01
1.024765654844850715e+00 1.227983045018260455e+01
2.214497036532639296e+00 1.294731844755960459e+01
7.361375944278253369e-01 1.247820722049479336e+01
5.121629825684170800e-01 1.281948278542969177e+01
1.679593573973395149e+00 1.247152263763987179e+01
1.493904079045844657e+00 1.262929030297551058e+01
8.905997168889164817e-01 1.262025978921055724e+01
5.034660629751149807e-01 1.237869317427035476e+01
1.061541237014587358e+00 1.221633914360107198e+01
4.347754180376072752e-01 1.253296290905331745e+01
1.679243894019334604e+00 1.200217660247807316e+01
1.938584149321105565e+00 1.340891895188501515e+01
1.881692946857209225e+00 1.248749543119805949e+01
9.027943555044626311e-01 1.212620027185688443e+01
9.937231688683648700e-01 1.222328951406936781e+01
1.290201791445381163e+00 1.243675977420402390e+01
2.044770028535857431e+00 1.180592114952877481e+01
1.593554472620219320e+00 1.298550239110658566e+01
7.564679872003515770e-01 1.195051664346883946e+01
4.659656860422627389e-01 1.238649779912762838e+01
4.296882969610766878e-01 1.313504219176958365e+01
4.658509425813528448e-01 1.313524072078227256e+01
8.314704088400474147e-01 1.209041593074156751e+01
2.037978935164483030e+00 1.087460750511784191e+01
8.847558599401796897e-01 1.220505018450567469e+01
3.628308134476048163e-01 1.299959282646620196e+01
2.047628583876408559e+00 1.266668082801190209e+01
1.477193825296210239e+00 1.291283010054193703e+01
6.220885647337602853e-01 1.241231894196230634e+01
1.448552261452465739e+00 1.317247470482881866e+01
2.058783920190474959e+00 1.265428829007580447e+01
3.736118922883232552e-01 1.270614226998864993e+01
2.265786742781171093e+00 1.231325397094265561e+01
4.122352789700725606e-01 1.291050767586980541e+01
1.902027103834802002e+00 1.094604367554489777e+01
4.951523838165018954e-01 1.267995689481764288e+01
6.978178863962400946e-01 1.220263630631514395e+01
9.000429230413493631e-01 1.254605819053414351e+01
1.254818387613481079e+00 1.247814798604182585e+01
1.517794817050138523e+00 1.257951288957346314e+01
1.042611705919039400e+00 1.208514099249995155e+01
1.279225482063569341e+00 1.171387568832439996e+01
1.253505851510981373e+00 1.198258822331948892e+01
2.065780672675528340e+00 1.336550436796125751e+01
6.420034568898770333e-01 1.217658642293400995e+01
2.159037126382246985e+00 1.112446134827514221e+01
1.050765989054466276e+00 1.209204103213359538e+01
2.149735578664566216e+00 1.248813258229699130e+01
1.722419019226335779e+00 1.241916254448040569e+01
5.539029099826594527e-01 1.249662597806415754e+01
1.266013311327896407e+00 1.218442298226341869e+01
1.679304146764775574e+00 1.314338436959261536e+01
6.262986557911124352e-01 1.268963036399706290e+01
1.603508369220882468e+00 1.258879752943324171e+01
2.160402578086136671e+00 1.305193299327012468e+01
6.993977798219792597e-01 1.184451028871805178e+01
3.392332349230661737e-01 1.304490220755557317e+01
2.043225050218990368e+00 1.126648784295652028e+01
3.705319974810586947e-01 1.286026471360116474e+01
5.541031796648872021e-01 1.215818562130725766e+01
1.154669246114305325e+00 1.263463352727900180e+01
1.055522713268586488e+00 1.243974478860704913e+01
9.919637039522130051e-01 1.193942761646089146e+01
5.141289883851577480e-01 1.201591017896131142e+01
1.913948437398207858e+00 1.151283343684922400e+01
1.803991078497059419e+00 1.324577269048006301e+01
2.011339145927851124e+00 1.165773950853331975e+01
2.229643047188491600e+00 1.288171382206202686e+01
5.213101421343429021e-01 1.222209985349424244e+01
1.398446419278939867e+00 1.248451530297776912e+01
2.026431459648760036e+00 1.150479005557206769e+01
2.166287967938844705e+00 1.284623029432836461e+01
1.121760537595989149e+00 1.214946589556667789e+01
1.935553379306917954e+00 1.165391689368908601e+01
4.233875335961005404e-01 1.270139349582453292e+01
1.925237288716388218e+00 1.155885202026420799e+01
9.228519904196701429e-01 1.207036425554992931e+01
1.317867699621698474e+00 1.211759099722956989e+01
5.519570001001051773e-01 1.230668030403391455e+01
5.471815946896889660e-01 1.238904593537054666e+01
2.005829451084726767e+00 1.305205594650196588e+01
1.495827645313837495e+00 1.206242041874386750e+01
1.076613642048119379e+00 1.280641744103706614e+01
9.237827713365215354e-01 1.274128589851708426e+01
6.567499134992283993e-01 1.236694603183638819e+01
4.956876748513818765e-01 1.304788822238853463e+01
1.167096820362248044e+00 1.239289702710338581e+01
1.323323132794127943e+00 1.235470059287109201e+01
1.860157503638732557e+00 1.271920868297078222e+01
4.715088525079527693e-01 1.298651477550188460e+01
3.842270617323885751e-01 1.297266365310389702e+01
6.861187363143217421e-01 1.222112160938927872e+01
1.555085555489576388e+00 1.180834403568291080e+01
1.008344631053059492e+00 1.252974146142240386e+01
1.849880168437118666e+00 1.162259118541279790e+01
9.800472543597422703e-01 1.215026720019194073e+01
1.795566206492659855e+00 1.234118440597831778e+01
4.601695155494198719e-01 1.289334326886521609e+01
6.573782477720964135e-01 1.218258106703006582e+01
1.470746673424872197e+00 1.235079804616962562e+01
3.728967277249731205e-01 1.299809606299761455e+01
5.275006725035229493e-01 1.243558220503789613e+01
4.730762525296717258e-01 1.258101327712262751e+01
9.062698681390379818e-01 1.231514031007985821e+01
1.947088315263596714e+00 1.241962613987216102e+01
5.009191037969660254e-01 1.293412015121403158e+01
9.018416016728977302e-01 1.205886204664628991e+01
8.669070296259692165e-01 1.249615751768846295e+01
4.491864845369294978e-01 1.303398850076002091e+01
1.303250054599240482e+00 1.211137065886629038e+01
1.733752611552407785e+00 1.211351552380552832e+01
2.244648664112753433e+00 1.229009963222216406e+01
2.239589952769271530e+00 1.229563449276552056e+01
1.331495653110473132e+00 1.176601503073803201e+01
1.469955551303768537e+00 1.164094435154393992e+01
6.231199635697632910e-01 1.275880554060367622e+01
1.308598936090549891e+00 1.245071874099371456e+01
8.576573403219720504e-01 1.232891038196615874e+01
1.004621479525882322e+00 1.241669070540704567e+01
1.960269664477318541e+00 1.106206112827461929e+01
1.564070333162366211e+00 1.229329232210529099e+01
5.781366037924837720e-01 1.208374619311836540e+01
1.943087256007140384e+00 1.159784076325954238e+01
1.841106308812606507e+00 1.278344396267417338e+01
9.927739195522832238e-01 1.216564998307965695e+01
4.072569391166944719e-01 1.268904333400019446e+01
1.176984053618858939e+00 1.256487477961568366e+01
1.990554421361447224e+00 1.089706301180626546e+01
1.380472657683001536e+00 1.255826912389863459e+01
8.071337960416006263e-01 1.232231222462407594e+01
2.031900102560195709e+00 1.087983155911168964e+01
1.406187929957043670e+00 1.287082092844751458e+01
1.921011146185955809e+00 1.317386467408454820e+01
2.011658973144701434e+00 1.276390953797132255e+01
1.676324234648276068e+00 1.223272699137424802e+01
1.496456588453145997e+00 1.200153136601911008e+01
1.935182858710323694e+00 1.323794928989328135e+01
5.090554957396395963e-01 1.275293547080370082e+01
2.054752889570725216e+00 1.116802602899590546e+01
1.176205947849789490e+00 1.226733010952015590e+01
4.829897886240093197e-01 1.258097388021692353e+01
1.245406457356704299e+00 1.272965315939540254e+01
6.895998105716232285e-01 1.200101236718557551e+01
1.790399623791098627e+00 1.287296275497443254e+01
5.978632633658061968e-01 1.263194514240014144e+01
1.350676275153033234e+00 1.186294435190528951e+01
6.028609922375955943e-01 1.202372727622170245e+01
1.923709295239605321e+00 1.224244490484823444e+01
2.200352399590394636e+00 1.178164642585940136e+01
1.067763904263490993e+00 1.222160704777332718e+01
7.739358358584302877e-01 1.251978711080807294e+01
7.936290951466221655e-01 1.236156359219235412e+01
7.138596186924296427e-01 1.186386730542205292e+01
5.538899673938466606e-01 1.273725355232169143e+01
6.090946492924922406e-01 1.241485242188110050e+01
2.007855172687061707e+00 1.267983716059402077e+01
7.680301392452755227e-01 1.239715317935418959e+01
4.491069546795594669e-01 1.221820769909870030e+01
1.634496364096313048e+00 1.287143717046532387e+01
8.581586806388621369e-01 1.224656003282521155e+01
6.443331827428415703e-01 1.266186898820167883e+01
4.987720948925144504e-01 1.291580140071804905e+01
7.558796260629675468e-01 1.216523002561960354e+01
1.013856945610366544e+00 1.209525907194801064e+01
1.107843488873875071e+00 1.282397736579578407e+01
9.790561027577632247e-01 1.220264641630457447e+01
1.019667505624078263e+00 1.276351597820747585e+01
1.876907745894391244e+00 1.264895762675994106e+01
9.147877514264111110e-01 1.273688797811873741e+01
5.198909855530337021e-01 1.261663261802970837e+01
6.614969808173678523e-01 1.236314021525609341e+01
7.172208705382679961e-01 1.246379414803879015e+01
2.180733055397883202e+00 1.253034357308471769e+01
2.105198738835323269e+00 1.076140500959077428e+01
1.928033138575985683e+00 1.218741418471719129e+01
4.414542192210856308e-01 1.289355550793066207e+01
1.215463819145168767e+00 1.187943358372085711e+01
1.936405087436420702e+00 1.196566377221619959e+01
1.826493464832955160e+00 1.289776696792349142e+01
1.025670773525708901e+00 1.263120603351713811e+01
1.723996390413492730e+00 1.313271191260617776e+01
1.756728416906847556e+00 1.298125949407113744e+01
1.053732707181975536e+00 1.206095522742892889e+01
8.245422104807200725e-01 1.265194136541370717e+01
5.287886135922061914e-01 1.286274257123503517e+01
4.660938822656653935e-01 1.272932058052834670e+01
5.181113957399049452e-01 1.282675178636976554e+01
6.667288250648868431e-01 1.261965537000734194e+01
6.573166934500928038e-01 1.185399172888128838e+01
1.003830817171128764e+00 1.256728823361973468e+01
2.244183952977940155e+00 1.274574255474705176e+01
1.824882528010709049e+00 1.242612565597212715e+01
2.081685968728578473e+00 1.113072731280279726e+01
1.702839367413374161e+00 1.229751612845547548e+01
8.798482094589054059e-01 1.268878081738783514e+01
9.471405584176962877e-01 1.169064378620142186e+01
7.068383715017590996e-01 1.187092677781939543e+01
1.395005091698956257e+00 1.256649966198568613e+01
1.579325642271459662e+00 1.133802580977987340e+01
8.472013511039218070e-01 1.237905638347066528e+01
1.151085951207199365e+00 1.186533845054263026e+01
1.566640065579382179e+00 1.268074281033172035e+01
5.519911475953507285e-01 1.244122147958762525e+01
6.009303901343305832e-01 1.173007388573711118e+01
1.924607503933575936e+00 1.269388929392922627e+01
8.123837869981063164e-01 1.209977892192108051e+01
1.746183774437124026e+00 1.267389094032095720e+01
2.051118823457509066e+00 1.153878531822015319e+01
4.709148627984692248e-01 1.271436750501663582e+01
7.052212864422682248e-01 1.249714343429269015e+01
1.150842505076661082e+00 1.238236615164771415e+01
8.812825131672403778e-01 1.239785929202816206e+01
8.315866753075129569e-01 1.249756967795749496e+01
1.493827367351392654e+00 1.243404723408653823e+01
8.256938510336538917e-01 1.202008685326085136e+01
1.498389617650243588e+00 1.161605162143392000e+01
1.812622628943600933e+00 1.129564535991761787e+01
7.198812951213163780e-01 1.218696473305702987e+01
4.338273463901949345e-01 1.279817359691756273e+01
6.305526663752317740e-01 1.268381373688307079e+01
1.438545866618542224e+00 1.288602039687026846e+01
9.896936350334466503e-01 1.240676665963035319e+01
6.609997759892752844e-01 1.231379620149850673e+01
7.593079361938387395e-01 1.173705356048910886e+01
1.565026050020833503e+00 1.281347748834261502e+01
1.327050519635396331e+00 1.219566882232559379e+01
5.314191366330641708e-01 1.207099627504852535e+01
1.717665704919675740e+00 1.244978381510011367e+01
5.584804767119335711e-01 1.263000638822466115e+01
1.607900614224363700e+00 1.204393115458903196e+01
1.939349542953316741e+00 1.171563914962827546e+01
1.372464964274231036e+00 1.280905817490489440e+01
1.165826521684456774e+00 1.266639912051971528e+01
6.104387221182714374e-01 1.205073984735686032e+01
4.922040506216517897e-01 1.255518310758761835e+01
3.546393407843191348e-01 1.325958384907305643e+01
1.407426617923412726e+00 1.251754414813301608e+01
1.685096957341100321e+00 1.195516087260721960e+01
1.155732245511848610e+00 1.230396011297588288e+01
6.740040791304606760e-01 1.206134781942072998e+01
1.675625783278489100e+00 1.187690031714366512e+01
7.284378370668642688e-01 1.274813627608943101e+01
1.970699999166213079e+00 1.294807779763788957e+01
5.471173897863188529e-01 1.231911438342475584e+01
7.020861827483538820e-01 1.270214470043554122e+01
9.952305183319822834e-01 1.266127251913989049e+01
1.558061179308486421e+00 1.191675295704787452e+01
1.424228182504548412e+00 1.240590157357751799e+01
8.563015274579067748e-01 1.162726178903396068e+01
1.271612786960635288e+00 1.161982591515226915e+01
1.854773571579896085e+00 1.299629644729080624e+01
8.728204378808789299e-01 1.267568225461529785e+01
1.106769319624022918e+00 1.198651256833169398e+01
1.476900506970954652e+00 1.307286302310054182e+01
7.154252520180111041e-01 1.262334695852552358e+01
7.368018748900200254e-01 1.274047323409057419e+01
2.248618667022424855e+00 1.186258439949626364e+01
6.473369868666770666e-01 1.208177382903892116e+01
5.565505259670613381e-01 1.279368729071390121e+01
4.331596510042437509e-01 1.302516313160393402e+01
4.784562853987712749e-01 1.282413999456681708e+01
4.295660587572036060e-01 1.294232897970405105e+01
5.509314491622966381e-01 1.246978046765762826e+01
4.027686351573955270e-01 1.301241877195187868e+01
4.529152168518909560e-01 1.217352167026929166e+01
6.376398126099829256e-01 1.248451772299048557e+01
4.447046863113044424e-01 1.285005464511765005e+01
3.812967458299033052e-01 1.261096534798379309e+01
2.252603598148616992e+00 1.312804087041906342e+01
1.865174783728904551e+00 1.268372731646950768e+01
5.945846738606400672e-01 1.240031645857228249e+01
7.022643673195981817e-01 1.226418020836453415e+01
5.820698875746980194e-01 1.227148707358350599e+01
1.074834861566024147e+00 1.238008277788246048e+01
1.576905736233773725e+00 1.255608186435804541e+01
1.971406121852139037e+00 1.265582255885058949e+01
1.313425184203801832e+00 1.252939532121703081e+01
2.046826623445903159e+00 1.319081709949124814e+01
1.508987332520868918e+00 1.189391877893298144e+01
1.889100418805875758e+00 1.152950727823148469e+01
4.011437506483989668e-01 1.309691225774068357e+01
3.959630212336541222e-01 1.291979180383233050e+01
4.809981155927054997e-01 1.318278421087886976e+01
6.955499454107073598e-01 1.206044060359668535e+01
8.790346034430360778e-01 1.225662370855765815e+01
4.550178522151303029e-01 1.307369870893687924e+01
1.816200056604194701e+00 1.282640141296590208e+01
1.782753211841520802e+00 1.216910607401382727e+01
7.245156230212407289e-01 1.213090683580526452e+01
4.287894417268959257e-01 1.318072585033308641e+01
2.042581894591366964e+00 1.244589317186380484e+01
6.149344568561192492e-01 1.197311005028683617e+01
1.847735832350613450e+00 1.241495322324361261e+01
6.981236627196562017e-01 1.199166982803605919e+01
9.492909276847094624e-01 1.196842248797888253e+01
2.076218280782775594e+00 1.232280651634866153e+01
1.720575554920963146e+00 1.238784337252784695e+01
4.457272831535103452e-01 1.305707147753881259e+01
1.637795310098298485e+00 1.215953413825075557e+01
1.290328026599651512e+00 1.230285829365604044e+01
9.281456964029295431e-01 1.208937358381755622e+01
1.259066453459566137e+00 1.238960319498706930e+01
7.710195684392326942e-01 1.246146412789735791e+01
4.607459343692378861e-01 1.244955504643552935e+01
1.765285399342041650e+00 1.249940263963578779e+01
1.274398402436520250e+00 1.233403758667387606e+01
6.892114175424743916e-01 1.196802341469201281e+01
7.422899188805391901e-01 1.242149672940777450e+01
6.836823653561431291e-01 1.225531019861587367e+01
9.646477072963259847e-01 1.269078662104688426e+01
1.499681311547939266e+00 1.158232706470392337e+01
6.332330969381065877e-01 1.222628820358323587e+01
9.611210002731988000e-01 1.227737598402889496e+01
8.841429748194959970e-01 1.194855659194658948e+01
3.315129847468053503e-01 1.325761075475505102e+01
6.029144022922250379e-01 1.214217357474795733e+01
4.623958931613721401e-01 1.285614288537924566e+01
4.725038618447879313e-01 1.278792142565831469e+01
8.134498895481059311e-01 1.232872930221488694e+01
5.416677006311311215e-01 1.280402093395099250e+01
1.978246579038471342e+00 1.257689085890381975e+01
1.297665073247990852e+00 1.266421782151763864e+01
4.666830310910705104e-01 1.263563297868538626e+01
2.166184684253541270e+00 1.314869444235107387e+01
9.150377460412485453e-01 1.237060774693514276e+01
5.248064173561564072e-01 1.284511818761745872e+01
1.494923628207078359e+00 1.258901389854528041e+01
1.642542145124015640e+00 1.114162009678500453e+01
5.742262323979385741e-01 1.254046978098712550e+01
1.023739398404931666e+00 1.209375515981029281e+01
1.853667545362888358e+00 1.282678310068066629e+01
3.685127559909646688e-01 1.314501222221977983e+01
1.412912976534659970e+00 1.270811795047764470e+01
9.974403428111047187e-01 1.176923323217139838e+01
1.835832688230209175e+00 1.187357722399061011e+01
2.042729022076716028e+00 1.316866456201844215e+01
1.505181014629289882e+00 1.266477764926249705e+01
4.679194022294853594e-01 1.265541359036599367e+01
1.863310415538514064e+00 1.292199611580406504e+01
1.523409043001088037e+00 1.300568381827434017e+01
1.331326534649843740e+00 1.170816889342729006e+01
1.289710871843853246e+00 1.296181725028032972e+01
1.230337464966459571e+00 1.255243650379089715e+01
1.320057503625262862e+00 1.268110087235568173e+01
1.666006085134364101e+00 1.248936277433720221e+01
3.509473561280629372e-01 1.320426372171719009e+01
4.355818399104731675e-01 1.250775609927216081e+01
1.843704063600480891e+00 1.205947790583035228e+01
1.719604651095565151e+00 1.325841072408476684e+01
3.042824957670208219e-01 1.335276330308343340e+01
7.568116379792949600e-01 1.244960805610683252e+01
1.207179158611552117e+00 1.186942067151416325e+01
5.899294473845834164e-01 1.258834410565850348e+01
1.356603142682216490e+00 1.208182651974991728e+01
5.743449419421037261e-01 1.223120163199172339e+01
1.076657537215971017e+00 1.227612853467135423e+01
2.022494806905657860e+00 1.267944783452622382e+01
2.029653513255847752e+00 1.312098386312769449e+01
1.971759101417869475e+00 1.262460856643840046e+01
3.656678690608586857e-01 1.266803260398127406e+01
9.088429822920014445e-01 1.198697729093219166e+01
5.628113858033708672e-01 1.253530575971945815e+01
1.640973185144855018e+00 1.221256474711464968e+01
7.964479351842562727e-01 1.245095823078161601e+01
1.504690930746302113e+00 1.266733927971107398e+01
2.159945742869889607e+00 1.275508487726366447e+01
5.378987423733426754e-01 1.230383917152878404e+01
1.296715006612154220e+00 1.245437791094484759e+01
2.069882569721657628e+00 1.241562919822831645e+01
2.091889333530100537e+00 1.167204233573632344e+01
2.022946442158668034e+00 1.083753992192932181e+01
3.073835881794306779e-01 1.347962005834185284e+01
7.301179288130014156e-01 1.248188923555767182e+01
4.027343155464943036e-01 1.245102715440786412e+01
9.994634377974833672e-01 1.270812595149425839e+01
1.154146188528364148e+00 1.269381220828046075e+01
1.600734917648306999e+00 1.214702863276157707e+01
7.844842644353217098e-01 1.201085424003112045e+01
7.931503658098060239e-01 1.236035391812688466e+01
7.413802263279631877e-01 1.196925883457364748e+01
4.207339595758112782e-01 1.278665719565956138e+01
8.216164035599301529e-01 1.261427115326659809e+01
5.908685053738216286e-01 1.286346552073178628e+01
3.839365028094148258e-01 1.295712261061861348e+01
1.970280744028053643e+00 1.207462309722991023e+01
1.772396976713931371e+00 1.267602606802922693e+01
9.278329980676349731e-01 1.252009734735366742e+01
5.264042973165896644e-01 1.232415086506656365e+01
8.585942236725736532e-01 1.222115719284752089e+01
6.222644046639922433e-01 1.278571223364912512e+01
1.733021147702572540e+00 1.240066745094863521e+01
1.903822069174006870e+00 1.136400111442229566e+01
2.005395535041183841e+00 1.100756957709225325e+01
7.967486538827163178e-01 1.238042449348463947e+01
1.739842391810963118e+00 1.332722839351886712e+01
1.815063447911337668e+00 1.316032616081400697e+01
1.787861797192684010e+00 1.314811729731818346e+01
8.108851549244844303e-01 1.228646253690012990e+01
2.099907906375636291e+00 1.168396756116472268e+01
4.399681490254135352e-01 1.250245139533075012e+01
3.235152578067067020e-01 1.339039938190974333e+01
4.896339301804614186e-01 1.214145254634839688e+01
4.874355135836851982e-01 1.304703336243576572e+01
3.825114788431828172e-01 1.274832076594725194e+01
4.915239412642211092e-01 1.264452026708763555e+01
1.124625771448885647e+00 1.294563794269893364e+01
1.511058403898355218e+00 1.290337054989966248e+01
1.956272579824747782e+00 1.263591069131985556e+01
8.258710739242965948e-01 1.277765431939936214e+01
1.781241655557018078e+00 1.238105918936745731e+01
2.210408283603236601e+00 1.178864482408904735e+01
9.884672610388631764e-01 1.218000011748747902e+01
1.554190310977599188e+00 1.292737819561831891e+01
1.390745894825666573e+00 1.279524509222126483e+01
1.209020928731124656e+00 1.253106358937805531e+01
4.169505836589512682e-01 1.294491438050586218e+01
2.032897767106248033e+00 1.318324783436068515e+01
4.142804970200374415e-01 1.315080904355174241e+01
4.591711848673158958e-01 1.306216356997845374e+01
8.772494480253645310e-01 1.175534596294943057e+01
1.512932523303871291e+00 1.189909015018568894e+01
1.698332251682037386e+00 1.182102203415297481e+01
8.118238424876262904e-01 1.235490004576559819e+01
1.543519869339063488e+00 1.260971730082218478e+01
5.271227568861518442e-01 1.247444797595372279e+01
6.662944309329460468e-01 1.207800938021024528e+01
6.747117895628607087e-01 1.250924133947979833e+01
6.868826569469353993e-01 1.257164619790789928e+01
9.350011681368693983e-01 1.248310372736468210e+01
1.152572438716066960e+00 1.275388681043076744e+01
6.411484675849566939e-01 1.283026380315973647e+01
9.995784506124236746e-01 1.252339348543553932e+01
8.107351071601618386e-01 1.204616731496973436e+01
3.539767659335597560e-01 1.308932946547554366e+01
1.339747375451243450e+00 1.170655853744069752e+01
6.236073878973715789e-01 1.268306679514341972e+01
5.700615221235586505e-01 1.275311370914897680e+01
1.900820185421468356e+00 1.282122665734572031e+01
1.861315078512749688e+00 1.267729845702319125e+01
5.781627239363970050e-01 1.270459963341890131e+01
1.537089181943111393e+00 1.214888232237828269e+01
1.252075648837620570e+00 1.261547537666025853e+01
4.818253485731893160e-01 1.310432714970121637e+01
1.737166330697867522e+00 1.181568276831141695e+01
4.721665334262174496e-01 1.308391000792246395e+01
1.861990363869763021e+00 1.264291832253377379e+01
2.194513140553167485e+00 1.254976413093833720e+01
9.041608475424400826e-01 1.234009677422934459e+01
4.388188884117333322e-01 1.293724219531392450e+01
4.030382639121958266e-01 1.262418350985965887e+01
1.564895830212395422e+00 1.179241825524127663e+01
9.551979799997529774e-01 1.247885444204303163e+01
6.651355104140186381e-01 1.190431525627841935e+01
1.930205706287440259e+00 1.212843805939738573e+01
1.114835080494962716e+00 1.242256208924615812e+01
4.324395971132783956e-01 1.292865550964205923e+01
7.244528799886288395e-01 1.189899484229746918e+01
2.076662765885208817e+00 1.238322539453213977e+01
1.474366404344158443e+00 1.232525075894827538e+01
1.332539796034164281e+00 1.200320106377276552e+01
9.834710179637551342e-01 1.257617277016513135e+01
6.985724792792450399e-01 1.257955223581647530e+01
1.030090655654384069e+00 1.248546223317033643e+01
4.404274484662776268e-01 1.238883478707682428e+01
3.321183017706805241e-01 1.314747116632963220e+01
4.443332989520593079e-01 1.226646692928514248e+01
1.730708704957718780e+00 1.296847895884842927e+01
2.028052530303642964e+00 1.199466349324216097e+01
6.362219560810141727e-01 1.262317457493238138e+01
1.303176119653179033e+00 1.214578853936373726e+01
1.578694435926770279e+00 1.212435455693462849e+01
1.761367157211055634e+00 1.275157246804604938e+01
1.442788429965507824e+00 1.257128682213735260e+01
9.009040186492957014e-01 1.202185809765398439e+01
1.277355504902174976e+00 1.215843771582441946e+01
1.379913606225305012e+00 1.281338217335015983e+01
1.126436903945862156e+00 1.249832849782812794e+01
1.349713224966063718e+00 1.262450504994015610e+01
2.084334800123140763e+00 1.153318975785577116e+01
9.446141013715190216e-01 1.247445545892434282e+01
1.009874304267694090e+00 1.255333920503650091e+01
7.304378324914367893e-01 1.193123714157185944e+01
2.093105974879486020e+00 1.314940103961992612e+01
7.279018509653156777e-01 1.185511832425394552e+01
9.710152302795366230e-01 1.203692495519197259e+01
2.100585523208417627e+00 1.237868584533787164e+01
7.764499801826388881e-01 1.254095922631456084e+01
4.747060104801615887e-01 1.264780481384296706e+01
1.505760140674991865e+00 1.235776321223198693e+01
5.719545773144358858e-01 1.269825525112725551e+01
5.951178488855366489e-01 1.248795607059597934e+01
1.062835225831848529e+00 1.246533738266081137e+01
1.378796288389735336e+00 1.196137565859475949e+01
5.069849894593143613e-01 1.257135283554787719e+01
1.455925375373391617e+00 1.249487368376131791e+01
1.573120680213636602e+00 1.255967081320944523e+01
1.449592528115963619e+00 1.211283378235760111e+01
1.891347583978857161e+00 1.290436392234624208e+01
7.192181109790514171e-01 1.218228114860503197e+01
8.729712393324492448e-01 1.177003580329993682e+01
2.065948128588117605e+00 1.175353149833214417e+01
1.277561183057854155e+00 1.258479269720417903e+01
1.865934169207221327e+00 1.218151400585077937e+01
1.749565160801357155e+00 1.323229699262521741e+01
2.114130793326733482e+00 1.338086889924432121e+01
2.142730273188135914e+00 1.251833140538994016e+01
2.001249289854732272e+00 1.256159676293390959e+01
1.026489511139731414e+00 1.198008863951685576e+01
4.699784103119402645e-01 1.252890736560226692e+01
1.301653628882694758e+00 1.249687283453373432e+01
5.595352059432642244e-01 1.271082277362872581e+01
1.694454219128115335e+00 1.294907949849007878e+01
1.945739409994820868e+00 1.213948213176753299e+01
1.828106150972787614e+00 1.109173032486920896e+01
6.367030410987761790e-01 1.271351361356444620e+01
2.200288640326369283e+00 1.197579412197954873e+01
1.129937870987961501e+00 1.173887627856346860e+01
3.188853420930422011e-01 1.340582096705942838e+01
1.345909715657009453e+00 1.234719188527964029e+01
4.757667509289984498e-01 1.266399348799968294e+01
9.261838368982678871e-01 1.240235255648255830e+01
4.078846569722103799e-01 1.290189487507005417e+01
1.937497880624633906e+00 1.301523197795637721e+01
1.477037237261921154e+00 1.278413951463056719e+01
1.777725526496398922e+00 1.142323976985810319e+01
1.740834711149124692e+00 1.278507627595888430e+01
1.412905722605815040e+00 1.254437359244612971e+01
4.812825119990454814e-01 1.293521837901442240e+01
1.639890734141498996e+00 1.250539632522090372e+01
5.557667822528472579e-01 1.201555876515337573e+01
7.827807117815753779e-01 1.203860234732585788e+01
1.816692317094733777e+00 1.219821898339117894e+01
5.825115000670485488e-01 1.219202055744522184e+01
1.283930480891527504e+00 1.235966046158562115e+01
1.807052087973451293e+00 1.126819519426981486e+01
7.830456192791912517e-01 1.198153914155249922e+01
3.641031828790191049e-01 1.277931075393242821e+01
7.682904288382850222e-01 1.182945673268753595e+01
1.991833661690751933e+00 1.040668442731944765e+01
1.097782735267967213e+00 1.250161478084574895e+01
8.177431437005036052e-01 1.240409547921567857e+01
1.336285878563729934e+00 1.143418476754614410e+01
1.683280077857473911e+00 1.126389120224347806e+01
5.208507825862224161e-01 1.200821560367718632e+01
1.585337576562610318e+00 1.204948970490063331e+01
1.113133995622418659e+00 1.170428483663327057e+01
3.331665940329898157e-01 1.331126322143739493e+01
1.850182331942722413e+00 1.288599538317724758e+01
1.060760165336628091e+00 1.282130254837839800e+01
4.231246572516505489e-01 1.293348208462773385e+01
9.873472017861433248e-01 1.241954378844579132e+01
7.374521995297377286e-01 1.186970462231610668e+01
1.275011410070789220e+00 1.236722871267991763e+01
9.353092820197816959e-01 1.268878742673921600e+01
4.539533789623463877e-01 1.317650713861421430e+01
8.260673586387138334e-01 1.213449125104225246e+01
6.675950778798741547e-01 1.214215081681614805e+01
4.797233956422525814e-01 1.315778383190852630e+01
8.523111342164197968e-01 1.268609253370516221e+01
4.851126495987513332e-01 1.278870387752829174e+01
7.240323949663235448e-01 1.241983827973151655e+01
1.378663438397226271e+00 1.213132059017506137e+01
1.275823982067274098e+00 1.283096099175532423e+01
4.334607960916238567e-01 1.233804686265817807e+01
5.087917484402896262e-01 1.230496350318533416e+01
6.424649665245375507e-01 1.251103871295500269e+01
2.079032471864552534e+00 1.320748180615903777e+01
6.115566455780546695e-01 1.259612357487285550e+01
6.522220517828922759e-01 1.192373146150096552e+01
1.785862630960085351e+00 1.263889516558760739e+01
1.340484640308347464e+00 1.244609777692862629e+01
1.572557672831886411e+00 1.265556603714052386e+01
1.147459270994682479e+00 1.222558077763363471e+01
2.042282691105836268e+00 1.202930500816535009e+01
1.210883672423990420e+00 1.202844183160954117e+01
1.506069250029069551e+00 1.263881954258554074e+01
4.008427369166082110e-01 1.242456977938391560e+01
1.012755392713096114e+00 1.231543458369087141e+01
1.819344564653057494e+00 1.264769704102964454e+01
2.193228359968518504e+00 1.205503665800459601e+01
4.719423807177768326e-01 1.273938606712495414e+01
1.276877260868035657e+00 1.197480376408553226e+01
1.669513346917032903e+00 1.161409316127951108e+01
1.297540079490222764e+00 1.300708370634590594e+01
1.444765344355271042e+00 1.310470417165802814e+01
1.463761167082140879e+00 1.265242972055888515e+01
5.282615198101430209e-01 1.216626064302290722e+01
1.925259316060177861e+00 1.265173797160524671e+01
8.324822763785946211e-01 1.272610280679008454e+01
7.031778381846111037e-01 1.283941347510399211e+01
1.090336423231478058e+00 1.206026468696797060e+01
9.438276487106296297e-01 1.269600086757952795e+01
1.390091717247396552e+00 1.296974656033163242e+01
5.417016746308419561e-01 1.193909343968222814e+01
2.197809647269516553e+00 1.266901456570858642e+01
1.485893228840682090e+00 1.177392317754132200e+01
1.003725314725542939e+00 1.206499876548091343e+01
2.072874387376400396e+00 1.144092537323061087e+01
6.537170204016479191e-01 1.247401973278530463e+01
1.250820313621298308e+00 1.259775123167645638e+01
7.709234454027653616e-01 1.195319135834579072e+01
7.060979147918200471e-01 1.201865823363305275e+01
1.113175356779169123e+00 1.260797621171126615e+01
6.674984267430225104e-01 1.212643496773531737e+01
1.912319219401105830e+00 1.284286660321845375e+01
1.410453254968678571e+00 1.273160378600379161e+01
6.043012051187603983e-01 1.262528234770348767e+01
8.456945441596915858e-01 1.192117949149305289e+01
2.077262060235281371e+00 1.227513715252368698e+01
1.422260560518223915e+00 1.258277004358851769e+01
1.909822236918851779e+00 1.315308762901940831e+01
4.449283994869518422e-01 1.280375098278818236e+01
7.341618832066397760e-01 1.232784132735745253e+01
9.131710716511055592e-01 1.270112308070824980e+01
1.333796807254338024e+00 1.290838530246678495e+01
1.635922759923690295e+00 1.313451972425188252e+01
1.982100988591248392e+00 1.229863372574459568e+01
1.060459360446001531e+00 1.225444752042953134e+01
7.277394914276222870e-01 1.269009010821024930e+01
1.616784421903875835e+00 1.230292326265594838e+01
7.678270685412232899e-01 1.234954860014194011e+01
5.719420904953742557e-01 1.247891693129497526e+01
2.056720735474502959e+00 1.098485284864822198e+01
1.027941866239009183e+00 1.231778274137932172e+01
1.242887173227604336e+00 1.201605830173078715e+01
2.002038654443683896e+00 1.212223812413598800e+01
1.568288861151840186e+00 1.285793965402246464e+01
6.143694477600649684e-01 1.266554685951097881e+01
1.266339900312579259e+00 1.295240113252881464e+01
7.450029709962241453e-01 1.202235101645655924e+01
8.244646915851366886e-01 1.220068741814512236e+01
1.059864103499135624e+00 1.239570250933400075e+01
5.589740818406393474e-01 1.298114654035761184e+01
1.976444063244099825e+00 1.208629503206183209e+01
5.442102464352476243e-01 1.302098220427159170e+01
7.893557476840041831e-01 1.233684176076824279e+01
5.401746795839954540e-01 1.254301053046538428e+01
2.170427385549617227e+00 1.165785514619591368e+01
1.890962516264696580e+00 1.310025073803868523e+01
2.028227165206344385e+00 1.266871373868789696e+01
1.670949327426282105e+00 1.282669989290252843e+01
8.855104689171230392e-01 1.210781132503278634e+01
6.913900286612819635e-01 1.209492387995201312e+01
1.130012180855898052e+00 1.232615319075512517e+01
4.457671734060810742e-01 1.290641570769256852e+01
1.594446505925501745e+00 1.260412904558515557e+01
2.117605217950104368e+00 1.230299747376217745e+01
1.929895489791902508e+00 1.236399964498064641e+01
7.167754023182578704e-01 1.205528115461841665e+01
3.886155080734913780e-01 1.285164781807950085e+01
1.178342139618806295e+00 1.242004514340444032e+01
4.236912551948895378e-01 1.313689298679664574e+01
1.164011718727707478e+00 1.221944743908916564e+01
1.690269348883282508e+00 1.223254391142995345e+01
1.417425676288123881e+00 1.267394513377880472e+01
2.242746410618165154e+00 1.164275152130851687e+01
3.307222541395086202e-01 1.305276789453232666e+01
1.292320030344681570e+00 1.300930827829933811e+01
1.398639136500925861e+00 1.308202160094617916e+01
4.187109556622503059e-01 1.241064320217058103e+01
1.392325532469951277e+00 1.241992616891679191e+01
1.853865904712946211e+00 1.275050260637529398e+01
1.280963432229776267e+00 1.260046911894182209e+01
5.247006805846123889e-01 1.279695310763751159e+01
1.365467471307508562e+00 1.284983386549679274e+01
1.302816010434042937e+00 1.214162329574030075e+01
1.892828082174144555e+00 1.168950138641246284e+01
1.973021324618331462e+00 1.326086653001234694e+01
1.702960898409363155e+00 1.311254814410584757e+01
2.094877346325660916e+00 1.127316665807249052e+01
1.081714914128793170e+00 1.211541299046541020e+01
1.570193092145844238e+00 1.240258636610244380e+01
7.619995258512949343e-01 1.183357882128090210e+01
5.005054247986926441e-01 1.258824398044490067e+01
3.491015565444644531e-01 1.287544347581482995e+01
3.847951383125918223e-01 1.316527492672176081e+01
1.711258209742717140e+00 1.304854186294147134e+01
1.563819727753626765e+00 1.229878557558683916e+01
1.077108387185145899e+00 1.234335084339652511e+01
1.851354819624922765e+00 1.097732870847304376e+01
1.731236577955568068e+00 1.237462780650587924e+01
6.806902742758136338e-01 1.229473182468525572e+01
4.735770233639405857e-01 1.260286053619385171e+01
1.583843261855922391e+00 1.278282864392139295e+01
1.282359245492001865e+00 1.230429940117867282e+01
1.866604701285214274e+00 1.266000981559368732e+01
1.175067871781209972e+00 1.212973202072712553e+01
1.340248408717000350e+00 1.215174186839333714e+01
2.191829905661702771e+00 1.179823331301665412e+01
2.050192926195894660e+00 1.203939598622760698e+01
3.453250547002966742e-01 1.328635587871069745e+01
3.760103804792340743e-01 1.317966135270630268e+01
4.853707588294567943e-01 1.278325563249301666e+01
6.153726750656284272e-01 1.282404811315992177e+01
1.014558208144530793e+00 1.262685196106421337e+01
2.002841716682635997e+00 1.130180091960870392e+01
1.756703748314302871e+00 1.279710515949158989e+01
2.063814543863305762e+00 1.255018688077392497e+01
7.223078056813678760e-01 1.240564524757525433e+01
7.385446699228066514e-01 1.178844439498508301e+01
1.871045113554978157e+00 1.269314156113899550e+01
1.457565879662166664e+00 1.262524246605817702e+01
1.443455750927290282e+00 1.311286776393427900e+01
7.555980204119366883e-01 1.273724402826546509e+01
6.938787933898815652e-01 1.252672840874207871e+01
8.389118555428048962e-01 1.269507168116811258e+01
1.207980340905088656e+00 1.252141418123314587e+01
1.293821455056536562e+00 1.269019009514209806e+01
1.868542284418571953e+00 1.228829176553261782e+01
1.565249505753174564e+00 1.173621492646857156e+01
9.494674344613338590e-01 1.276590092304255997e+01
1.809022815498257941e+00 1.295848924747342323e+01
8.563789746034830008e-01 1.212374105301165805e+01
1.443138623779915308e+00 1.218053672969906742e+01
4.348714809642824641e-01 1.280929273772482269e+01
1.355256404429714623e+00 1.182805203792589666e+01
1.874762379654344446e+00 1.312086531776649423e+01
1.589493976229839900e+00 1.204197837711833152e+01
6.035286951284606349e-01 1.211464679706770475e+01
4.747050310840263965e-01 1.219683763104454854e+01
5.213304682483005381e-01 1.190141205653226919e+01
6.851424654521914848e-01 1.231015143731041661e+01
2.044825684429945500e+00 1.239157300562949438e+01
1.656566894574642346e+00 1.274783888641530183e+01
1.383764299967157330e+00 1.257771728223984553e+01
1.776155268489186811e+00 1.291002669978836614e+01
4.157803684596284577e-01 1.290406136764919864e+01
1.088073221535138524e+00 1.215336339984785496e+01
9.168711871597766683e-01 1.223128820596059718e+01
1.610018730806333620e+00 1.264911643814471276e+01
1.531443449463215867e+00 1.226212964436621000e+01
2.015197048149405923e+00 1.196348139707043323e+01
5.334773191777680834e-01 1.235222592280678455e+01
6.403457733539427155e-01 1.221574486886323818e+01
8.178011569209544529e-01 1.240631086025334007e+01
5.191028964254563727e-01 1.272822136192480613e+01
5.599424547185544165e-01 1.262451646348619150e+01
1.156407591528593404e+00 1.181619934211024514e+01
7.273024652490106545e-01 1.243726255240577494e+01
1.148884422428398056e+00 1.263544206064532105e+01
1.589704370672567535e+00 1.310260759724915047e+01
1.689596906790495234e+00 1.179674365226277999e+01
4.807339398403391306e-01 1.283954910396301941e+01
3.515510325406135950e-01 1.328759541606927463e+01
6.257816658574645308e-01 1.229648547343446374e+01
1.278752796012235127e+00 1.266858175989144897e+01
8.113615915418518343e-01 1.228170216861638409e+01
6.229663692362462646e-01 1.229053710208232708e+01
1.847086173061444958e+00 1.235492906612810415e+01
5.090328334686927692e-01 1.198473646068378073e+01
4.313322242199112422e-01 1.259120232713891951e+01
8.036677623112421509e-01 1.217234194508981204e+01
2.270670515945693690e+00 1.220777307518632782e+01
1.746196384022363102e+00 1.275914477285174797e+01
7.892349286990153479e-01 1.227744676740300456e+01
1.486783255077621435e+00 1.308864257978826018e+01
1.214670893259965689e+00 1.231424573618977725e+01
1.939496532275699181e+00 1.270000401979031679e+01
1.651537315308259979e+00 1.249997750171796262e+01
9.046412103153907980e-01 1.221978675211771836e+01
8.785905873398436317e-01 1.220883443291512727e+01
4.242501592593327930e-01 1.245769660028254577e+01
1.472724154153459697e+00 1.243346588444104839e+01
1.731715869426917687e+00 1.213165462411503981e+01
4.775622450170176614e-01 1.229334969543556966e+01
4.110097698385660192e-01 1.307055994760974826e+01
1.490678346037906277e+00 1.202749733752802008e+01
2.900704846500203882e-01 1.360670873660435021e+01
7.311486658701372710e-01 1.240648488562654528e+01
1.062117847427598072e+00 1.233399795315364678e+01
1.186482715394880261e+00 1.216733303092588514e+01
9.980005204982045353e-01 1.161700488999069414e+01
1.413284533762537931e+00 1.288014170476016673e+01
6.452908101567085275e-01 1.197745739559326772e+01
1.710610903195239452e+00 1.202596494683918493e+01
5.181474207485151640e-01 1.289067449891845207e+01
1.754779531260126424e+00 1.234177365225854750e+01
9.141602958167059922e-01 1.226882562189374504e+01
2.233042562316348345e+00 1.254769275530392925e+01
2.105358429920740182e+00 1.189085708550217646e+01
2.009418895720668008e+00 1.269144718914413161e+01
2.048006073383011660e+00 1.227261300914743636e+01
9.949947326519626989e-01 1.197354329762172220e+01
1.993398477970337979e+00 1.235877346687768608e+01
1.120058952104328043e+00 1.266183881497485153e+01
3.636822081788338989e-01 1.316737759949710451e+01
4.975226131963934595e-01 1.303552653415649587e+01
7.635561511628761178e-01 1.229681111580199548e+01
2.376125294248934594e+00 1.174152505178368600e+01
2.125406428703570771e+00 1.129006176048508614e+01
3.387440371554549801e-01 1.301735682613158218e+01
1.281024530199031508e+00 1.221936759624299640e+01
2.104501054744528865e+00 1.244968884921062902e+01
9.805867224605315791e-01 1.228111465562473725e+01
7.337388746396100725e-01 1.255331847332195139e+01
4.493125555435849017e-01 1.301360881773735123e+01
1.448806209633819231e+00 1.264763946300200459e+01
1.827320144262996937e+00 1.288028659615313387e+01
8.747293672696354605e-01 1.274434944827510563e+01
1.467608794535068428e+00 1.300608864087268657e+01
1.265017154730082583e+00 1.179520086470353668e+01
2.873903984242270337e-01 1.360946112842787059e+01
2.012040919936854522e+00 1.095697061593836175e+01
5.591650242970760409e-01 1.297027694917661123e+01
4.297850444402573356e-01 1.280884245895012974e+01
1.402672299005050416e+00 1.260185672302990056e+01
2.067574125594566770e+00 1.270965765677744486e+01
3.743165596970189357e-01 1.276384192123723693e+01
2.007505859775744916e+00 1.250469599833027701e+01
4.174042864783585327e-01 1.303364416551180582e+01
7.661893731698861121e-01 1.274779894823605275e+01
1.312943866943886428e+00 1.284505620042514806e+01
7.012169594671859851e-01 1.281533823447327158e+01
5.707773884398636977e-01 1.241496373767877515e+01
4.424254074516506541e-01 1.281583094430627234e+01
1.712334216313056157e+00 1.212592000405079240e+01
9.883370791986668680e-01 1.230323590159331992e+01
3.354957129106784230e-01 1.315278846381157329e+01
1.474229590720494310e+00 1.222434114507482938e+01
1.921981842785807526e+00 1.227068474605588655e+01
1.231098608095156477e+00 1.243702978166120410e+01
2.002571524028470940e+00 1.177597554883378095e+01
3.767058761225957619e-01 1.288477971438373437e+01
6.232581132989137851e-01 1.201895630457546993e+01
5.860077226274478246e-01 1.210661127820107907e+01
1.577848374971360101e+00 1.294971319141715149e+01
9.121980920219783240e-01 1.210090126837433111e+01
1.332852053978703877e+00 1.237710958966951047e+01
1.075315402458933089e+00 1.251202987654119703e+01
9.393365073339632332e-01 1.246874765347000391e+01
5.843667487746498912e-01 1.249770955358591173e+01
5.961818833417844576e-01 1.249011477994364760e+01
2.966546037374588329e-01 1.346386890048512264e+01
5.403388088332062855e-01 1.229770460153954836e+01
1.608957607151711544e+00 1.302292418990406908e+01
6.105341774432464508e-01 1.194849336719228106e+01
6.405128089602571961e-01 1.180571908383578617e+01
1.224151491272154946e+00 1.187291585211130140e+01
1.755014777144930260e+00 1.279126521430786489e+01
5.072854036222356200e-01 1.229541087607576344e+01
1.244110197684006325e+00 1.242558166262741359e+01
9.511641584199331811e-01 1.193182235845875283e+01
6.652795309645116451e-01 1.270228894236371175e+01
7.028389919213827719e-01 1.194307585137215177e+01
1.596246792814829174e+00 1.264392433785459424e+01
2.078819559366035019e+00 1.284499580340276559e+01
1.567246991237689624e+00 1.293206020207399298e+01
1.602409096182945358e+00 1.295009012879798149e+01
7.225270187532596422e-01 1.239370725447746757e+01
1.965582203207938639e+00 1.296541417339612678e+01
2.013072953761669837e+00 1.109312518586137841e+01
1.373911117614569966e+00 1.160353953337318877e+01
1.531829578637647682e+00 1.310554273295162986e+01
1.581500185482710652e+00 1.313650006493820399e+01
1.573256541925007523e+00 1.205440764685101840e+01
4.091813322304889700e-01 1.292304279262378763e+01
1.125902439245839881e+00 1.264343708401435507e+01
1.095091168648270052e+00 1.247585591071475797e+01
1.300310127848006037e+00 1.202588199578444517e+01
2.006607621430734678e+00 1.319354084898150781e+01
3.732678535949917054e-01 1.323911348183234971e+01
7.401469571145797843e-01 1.228550833988860980e+01
2.200762787330220682e+00 1.246623328764736449e+01
5.698718052621916108e-01 1.235451771801699827e+01
9.653327897315209238e-01 1.222021267047850834e+01
6.096677333402077403e-01 1.203589374173809290e+01
1.383417394957408897e+00 1.168561407782627448e+01
1.702250699991850524e+00 1.214792017058386620e+01
1.745579163012446422e+00 1.235764154212141364e+01
1.142668237277423060e+00 1.205835715389559581e+01
7.063291808572608188e-01 1.239074773187826928e+01
1.631584945312021029e+00 1.297005721902338848e+01
3.894730599084954559e-01 1.314793873575579752e+01
3.228761798016209772e-01 1.332393068553401072e+01
4.657597389561975998e-01 1.218781321560492792e+01
3.376098431047430126e-01 1.304813662468191993e+01
1.846873244759807520e+00 1.274607590929578471e+01
1.541529347290451435e+00 1.224179514584212392e+01
6.465484311979635690e-01 1.263848024885889387e+01
7.518592966832337021e-01 1.254429190912999204e+01
1.111845692790569329e+00 1.204430727880981955e+01
2.253406986477768381e+00 1.297191785783756579e+01
5.247060506530031310e-01 1.273748973494596015e+01
1.127850034201892226e+00 1.236497477158673952e+01
1.879269235891032563e+00 1.311157450619795561e+01
2.139681322686079135e+00 1.216662349708161095e+01
2.190619306051690973e+00 1.250342776081278728e+01
4.837598998436109521e-01 1.258938398791900326e+01
1.725429688262520189e+00 1.297979063741708217e+01
6.475155860144454767e-01 1.196325621417986618e+01
2.015877550607515722e+00 1.170141970439405377e+01
9.330017486664350379e-01 1.211144241084269879e+01
4.292841987800959380e-01 1.287211074721661852e+01
8.917207319433614332e-01 1.220516156095800042e+01
1.248093507288988491e+00 1.249236084303632843e+01
6.270483946382688911e-01 1.269652542166789821e+01
8.581772166321308681e-01 1.244045808539812725e+01
7.969812406115135417e-01 1.270824338524665720e+01
5.070053027951851865e-01 1.310950466676495019e+01
4.710358947147455511e-01 1.311983391934791499e+01
1.198210809185190628e+00 1.211893520656908940e+01
9.908268792821790516e-01 1.217825746931505826e+01
1.049564698505603300e+00 1.227170626221780125e+01
1.329952208402196856e+00 1.244755843353423330e+01
3.020809590013460721e-01 1.334325167364157316e+01
5.914826172737744914e-01 1.216905328753127336e+01
6.059149396266345633e-01 1.215787086029988906e+01
9.195497736608958528e-01 1.216717375614473795e+01
6.079837660853752990e-01 1.209175402132521704e+01
6.852189983577671173e-01 1.201119958260228593e+01
4.191309829619034311e-01 1.303802502532603746e+01
1.358954193650120379e+00 1.299117539087150064e+01
1.310772430705990477e+00 1.261642303270157406e+01
9.040185637462379020e-01 1.264507552021950509e+01
1.419149559631639468e+00 1.261361602466853782e+01
5.283193416799955022e-01 1.301948462625768421e+01
2.158942457642888613e+00 1.272077840381926173e+01
2.013112795679354416e+00 1.276998921132069498e+01
9.646831060225669052e-01 1.260045358386125436e+01
8.205160460163104519e-01 1.271385630742677897e+01
1.427445245247439320e+00 1.239748421232362752e+01
1.060212421410473560e+00 1.212476667748763681e+01
5.201442326026566310e-01 1.268219655774018761e+01
9.582314915719372106e-01 1.215157188651658160e+01
5.204845918446281416e-01 1.260511259053086697e+01
1.800690990628417198e+00 1.207077716279216517e+01
9.789408598973410314e-01 1.267383896023441281e+01
9.772492947458137902e-01 1.274289998843138605e+01
1.953908321142757032e+00 1.234281605465625375e+01
2.029090737647555098e+00 1.274433703470831780e+01
9.275614800230527202e-01 1.244638754316113349e+01
5.966431159226566194e-01 1.266465480327402915e+01
2.131919377952759653e+00 1.295748778637223175e+01
8.392393489212210955e-01 1.222894215441682420e+01
6.549623534256082680e-01 1.230756358634389969e+01
2.226722445847248988e+00 1.163228079894167344e+01
5.388769047124840617e-01 1.285600177165564162e+01
2.130192033256254724e+00 1.228358774634352812e+01
1.944694883113113892e+00 1.273995500176366136e+01
4.713975365538831119e-01 1.281169913103099844e+01
1.005020273183966806e+00 1.252514736534796214e+01
3.552740050871421862e-01 1.320118163748808193e+01
9.660843419178292146e-01 1.232017070005392689e+01
1.820875658718066781e+00 1.269351137119312689e+01
1.141330080707515515e+00 1.256260211490995538e+01
2.107803987436716930e+00 1.258702245316785806e+01
6.019963287529355167e-01 1.266322300972901438e+01
1.234261201132210273e+00 1.235152846706928464e+01
9.012652466930539674e-01 1.191508745092115795e+01
4.673187592888353725e-01 1.238580856233643068e+01
1.160160543791491250e+00 1.243783526336449441e+01
9.976050598308144890e-01 1.265507905044317205e+01
8.990662775153657194e-01 1.266309427305294477e+01
7.769286776302535280e-01 1.195732400350704161e+01
1.574844870904717364e+00 1.242886509561107289e+01
5.857460828786039686e-01 1.277525181717850522e+01
2.120008139410975989e+00 1.135417009379140119e+01
2.011390649500129246e+00 1.127286072904524339e+01
6.896259662622056252e-01 1.174333318658490022e+01
1.873070015114616460e+00 1.287156199193479722e+01
8.463629859679228096e-01 1.171407165473488554e+01
5.507670371648153429e-01 1.187322121948569809e+01
1.305254192126818147e+00 1.256450599108926092e+01
1.322186208846362510e+00 1.257574463169503787e+01
1.847587746250817675e+00 1.258259492212067521e+01
1.051807875881922927e+00 1.184546944638275612e+01
1.170777828970334555e+00 1.257319944824537572e+01
2.087863863309349810e+00 1.278298790783805039e+01
6.875914530852664797e-01 1.273995924511834232e+01
7.680099763471048835e-01 1.271094931865377298e+01
4.765462821810359517e-01 1.259077552868951599e+01
1.893812214045688780e+00 1.173277873157079831e+01
1.152740709006700115e+00 1.249330931185165383e+01
2.013976873810611412e+00 1.260467280482196095e+01
4.917283847858355816e-01 1.257364421570857260e+01
5.949071873412045131e-01 1.237901114937316649e+01
7.758911286718068734e-01 1.210747622932156986e+01
1.039150492711822471e+00 1.229275368069713892e+01
5.938602987711387726e-01 1.260376576077820943e+01
1.293986684228953132e+00 1.257898092023239656e+01
9.575255109928173525e-01 1.251681438950028102e+01
4.385917496555398198e-01 1.251826591330579319e+01
8.536697961408763469e-01 1.250012939752962460e+01
1.000895257361992474e+00 1.255711910083261174e+01
5.232655555238321377e-01 1.238425250640833575e+01
1.267469200225221693e+00 1.281020104419487460e+01
1.010264201756274183e+00 1.232212102575050672e+01
1.744253189768292689e+00 1.243531829145337930e+01
1.059325265120152348e+00 1.210745338204931087e+01
1.919717762215239709e+00 1.312922909720096420e+01
1.260317249227646430e+00 1.277458303700513120e+01
8.029476894903814221e-01 1.210605282720288223e+01
1.118724933067766436e+00 1.225536668526959794e+01
1.677763124299731734e+00 1.279094277295794413e+01
1.771462540808281139e+00 1.267181460543964278e+01
3.787390433276470181e-01 1.284149213670862899e+01
2.191443524855538616e+00 1.286260285186798846e+01
8.590629653421221201e-01 1.277706300286110874e+01
5.187197723554383133e-01 1.206777108067096904e+01
1.865447300003286957e+00 1.227142969089189783e+01
2.047721313051461323e+00 1.332078451965766241e+01
2.191888931929753870e+00 1.241225935661609903e+01
1.012400404312012059e+00 1.228316522814422207e+01
1.518841985912071202e+00 1.270084103156962030e+01
4.156236276990455947e-01 1.252518667577107969e+01
1.501047903375721360e+00 1.203668783922526764e+01
4.355267814627835077e-01 1.246238354428865769e+01
1.171235927564619139e+00 1.205379663692229464e+01
1.850121819605963891e+00 1.282435382533934209e+01
1.885149396282926437e+00 1.285071506251081885e+01
1.874917826887436467e+00 1.267597194498488022e+01
2.970218682957465606e-01 1.345786313010316171e+01
2.164804528067085787e+00 1.163471305441379045e+01
7.666502792186881132e-01 1.220015173180772194e+01
1.870510001379361187e+00 1.287743867104480522e+01
7.275458746476436422e-01 1.227480274400276450e+01
2.082418593033160903e+00 1.277076167482965552e+01
6.168196942633600299e-01 1.225441382196546947e+01
9.908137000217356327e-01 1.220483487257656208e+01
2.112196682642355050e+00 1.200115189453951103e+01
1.916956268207816505e+00 1.290593241453471585e+01
4.207461364387343750e-01 1.310309848876935845e+01
7.967450925977637155e-01 1.238942202574921936e+01
1.632880018581911674e+00 1.271601840570886566e+01
1.712733624059006310e+00 1.148885413415259649e+01
1.949628610900264292e+00 1.264767864194845082e+01
7.412128606775584272e-01 1.232693914686908876e+01
3.924348202025402799e-01 1.315527423046561495e+01
9.962772114441652560e-01 1.255661926333404566e+01
4.645300132969011897e-01 1.238194838886020221e+01
2.064976243785992871e+00 1.312057786492308153e+01
1.070071676611669576e+00 1.266414749718900090e+01
2.171861982583702222e+00 1.160360007178253916e+01
8.460648223123654610e-01 1.248381413115372496e+01
5.303861005016581309e-01 1.276274052926332736e+01
4.917092123245502266e-01 1.216450940328727981e+01
4.769256767332722968e-01 1.284563124817456625e+01
1.114444680521349484e+00 1.247014506351371566e+01
6.458478405227165986e-01 1.259539075444683220e+01
1.923598437262476146e+00 1.328132831734416719e+01
5.341859065503085091e-01 1.218668014727620630e+01
5.076266394081981881e-01 1.274874611306743688e+01
4.842916975635805366e-01 1.207919989354188850e+01
3.182366143917804147e-01 1.310539670492042497e+01
1.844540323196672826e+00 1.285507086758075701e+01
1.472455873118944325e+00 1.265633279934510824e+01
2.004700699551449361e+00 1.284467670512261783e+01
1.157283063484915164e+00 1.219394116449984899e+01
3.935724190762153740e-01 1.276342438091235287e+01
1.171275475191859705e+00 1.163878985298604007e+01
1.809841440594773143e+00 1.090386348878767642e+01
3.526445248392681697e-01 1.294534497042293886e+01
1.414768320402657986e+00 1.223209810165342404e+01
1.927607228429955466e+00 1.297460147123969421e+01
4.337772308470232985e-01 1.312854280650620353e+01
4.647569615275377042e-01 1.267459726748672821e+01
1.051095580278194053e+00 1.191993817035229597e+01
2.047766124181843228e+00 1.263100235511438285e+01
1.559776204561317714e+00 1.317479325053392181e+01
1.888738170377519898e+00 1.274109663062645836e+01
1.113194822645085180e+00 1.193143598272462569e+01
1.163894185077511079e+00 1.217217416883852721e+01
1.480203077922116917e+00 1.240495321168473630e+01
1.687712460191898245e+00 1.198306743907081717e+01
5.224742607392821592e-01 1.242897922365755470e+01
2.037432779077998468e+00 1.286467597681595976e+01
2.067667156257054550e+00 1.267981935679390304e+01
4.637522028081919045e-01 1.306110907132066146e+01
1.035890089158152394e+00 1.231688553065201042e+01
3.954090318622217604e-01 1.240007842232352075e+01
8.113472281414859655e-01 1.234462031869074394e+01
1.178283736798637849e+00 1.246301593609513425e+01
1.924244437390443263e+00 1.300467678526110227e+01
1.055799764729401069e+00 1.252595664291926880e+01
1.346361721004130318e+00 1.226506319736352957e+01
1.670292954287437182e+00 1.203517439439404058e+01
5.302526434144378964e-01 1.196422865353537013e+01
1.826742617328152019e+00 1.145192467235817624e+01
3.523310358588856994e-01 1.289684128056968859e+01
1.677174784329956481e+00 1.131952593575917909e+01
2.060039311464445078e+00 1.066112783365168326e+01
1.118045691946049081e+00 1.224551196926858587e+01
6.994803133683611396e-01 1.276266073204940454e+01
3.987288667993537650e-01 1.259404166259372815e+01
2.996109173796512870e-01 1.353204638506509205e+01
1.596571579213786007e+00 1.225431368246399089e+01
1.986880173657546766e+00 1.236796087499991437e+01
1.064802355595961814e+00 1.210026555608010312e+01
2.052462613771987687e+00 1.185755351225339282e+01
5.528933085466243291e-01 1.198785156079728154e+01
6.603295214347461028e-01 1.265114853834342412e+01
1.664346024473389862e+00 1.292241563802960336e+01
8.600369451072882310e-01 1.245799157995410233e+01
1.520536768173603059e+00 1.235756050648827298e+01
8.113954781081940126e-01 1.211722575647207201e+01
2.106070389736873771e+00 1.334550380226248656e+01
1.261003886393295526e+00 1.298172212365546585e+01
1.843168624952922219e+00 1.206960719706324348e+01
3.568784572628705964e-01 1.269648823138424376e+01
1.318412724476429432e+00 1.226042437950868447e+01
2.064222761829426211e+00 1.205266059715203397e+01
1.889508845457250397e+00 1.299741949445089162e+01
1.470083543084826694e+00 1.278665113712025025e+01
6.319276546438713504e-01 1.248612117075095185e+01
1.552523790826226380e+00 1.130503078327335409e+01
7.158141060801299638e-01 1.249718017855748542e+01
1.110003171637600650e+00 1.200257152405428052e+01
7.295049819088216259e-01 1.250325847966026060e+01
3.367347386895189199e-01 1.289464127549359773e+01
1.920342303052327004e+00 1.278251926192184662e+01
1.039497004498789678e+00 1.261920299485849917e+01
4.308226967949902453e-01 1.236809340016301206e+01
2.002017814311625621e+00 1.325588539876313909e+01
1.828763542086074612e+00 1.218128882416597314e+01
7.591247628850565921e-01 1.230166990508967295e+01
1.190917034027006105e+00 1.221295668544845370e+01
1.673398779586924956e+00 1.296717162183590766e+01
9.350184030141395208e-01 1.219557831719996344e+01
6.553241760003033489e-01 1.240633329158740672e+01
2.122631586727885988e+00 1.203890522896800697e+01
5.189725614159753642e-01 1.274492140200707624e+01
1.695718529367939764e+00 1.323283197243094911e+01
1.305223120759980260e+00 1.269755212979287151e+01
1.401512368146823784e+00 1.274407829831477912e+01
8.990983658615762097e-01 1.242910403063481617e+01
1.148184016734218771e+00 1.266940050433789899e+01
8.794822165059321684e-01 1.199190865626576041e+01
1.992211453998007586e+00 1.127732580720615019e+01
2.167854996149515490e+00 1.118927771595231313e+01
6.608040365229000956e-01 1.274659574214939006e+01
4.341926574268045735e-01 1.300225477929227225e+01
1.942056549405557053e+00 1.172820363835031721e+01
9.583514461684864427e-01 1.178615322674871457e+01
1.590130345815987889e+00 1.252551297360955651e+01
5.101373040884181753e-01 1.281408151838431841e+01
1.852446825666700381e+00 1.216888869282803576e+01
1.878522980388144026e+00 1.215822080649480696e+01
3.103122968759817746e-01 1.344523382465258088e+01
5.025461553090401212e-01 1.216849434845599198e+01
7.898039917698435053e-01 1.196783203031061404e+01
6.777921615617988893e-01 1.254959232967138227e+01
8.687793451702773284e-01 1.262578264232875824e+01
2.028428861842013209e+00 1.213364164297239434e+01
1.427603050787014771e+00 1.187960144976567278e+01
6.941240209181103182e-01 1.201967416676616729e+01
1.049886203212444302e+00 1.193355494878131751e+01
2.048600980216586986e+00 1.219284733426058942e+01
1.809862606971548438e+00 1.179817157005959238e+01
2.054346795123159097e+00 1.270385445766796551e+01
1.721090748078283772e+00 1.240290419755220341e+01
4.546458593698898265e-01 1.301070969747300410e+01
1.373154303195518899e+00 1.197165631218742199e+01
9.604561741769978012e-01 1.202413094358759693e+01
1.053521640862175479e+00 1.235155253180822754e+01
1.447878912981009902e+00 1.185121711474157813e+01
1.600858961034435923e+00 1.229968724234887389e+01
1.496888554157277618e+00 1.242124296235722802e+01
1.989955012209002394e+00 1.049662493175758549e+01
8.138399805411657972e-01 1.221148015653972507e+01
5.314823030724999953e-01 1.275250946935993390e+01
1.964924209051928550e+00 1.276983702143873245e+01
7.362698902021850289e-01 1.229109701734035021e+01
3.837951651037199152e-01 1.309385078551446568e+01
1.385552411889901858e+00 1.277185574776361676e+01
5.670552071013069684e-01 1.243301431838999704e+01
6.191211644123233437e-01 1.195194012170214215e+01
5.298273926364457376e-01 1.236628029978643362e+01
1.992524657392465981e+00 1.266949492262662424e+01
7.624393725700598923e-01 1.187163813794800049e+01
1.185562951500464424e+00 1.242408233185156163e+01
6.761202002650148479e-01 1.234540710352066206e+01
1.932500842801761598e+00 1.184230499694573702e+01
3.852835567641362258e-01 1.272825669671627935e+01
1.873428012633034045e+00 1.227885635613740156e+01
1.637029803525299254e+00 1.265935353055616375e+01
1.018585040813166698e+00 1.230391674450318718e+01
1.565300194730730565e+00 1.303219595388758378e+01
5.289797151267773279e-01 1.304195335037023717e+01
4.158943608285396998e-01 1.265268372706699473e+01
1.465729328539296494e+00 1.302077892636634004e+01
1.085502413540809563e+00 1.244209377706227038e+01
6.651790090022363655e-01 1.272015527603637963e+01
1.881180016521812881e+00 1.180186726764867977e+01
6.650737343501009757e-01 1.212410633730310927e+01
8.336938678391970781e-01 1.242665370950183323e+01
1.562479886302003518e+00 1.259174970970084217e+01
1.159215570167022591e+00 1.193901364565685874e+01
1.653626160622952090e+00 1.169658654922375973e+01
3.859723376536977058e-01 1.320400508010284213e+01
1.797474256446469854e+00 1.276658403017932386e+01
1.972218685885694489e+00 1.298660906310711916e+01
6.137918094182156503e-01 1.193635911444517994e+01
2.047814491876850163e+00 1.123251254114006947e+01
9.533826928920513533e-01 1.253842992137017376e+01
4.410552955037577161e-01 1.313260350899100715e+01
1.515872303433895008e+00 1.182153838980869409e+01
7.838695334503558154e-01 1.172947665582876908e+01
1.712416523457202855e+00 1.184029074967979156e+01
7.084107358344104988e-01 1.219939327411873009e+01
4.029395669512836342e-01 1.286255492105202514e+01
6.933040807024192231e-01 1.201714973561031030e+01
1.173784565746934572e+00 1.247479284178456105e+01
6.380906867691893414e-01 1.233199696747796459e+01
1.721371026843083074e+00 1.243738679593410268e+01
4.406733489853215668e-01 1.290162802586397106e+01
2.098337387680381472e+00 1.138763608507900926e+01
1.332208721124573225e+00 1.271887650618158894e+01
1.629237629195990245e+00 1.247911373211223207e+01
7.809996121192560592e-01 1.208900819059106091e+01
2.175932214053708513e+00 1.210399137848738960e+01
4.485248852327788915e-01 1.234715473008669129e+01
9.098965804603811325e-01 1.252954143162731526e+01
1.585454542578935921e+00 1.288210818983309025e+01
5.967802708194894779e-01 1.258387871913664036e+01
9.057507699488827058e-01 1.252656209177767899e+01
1.290234699633231896e+00 1.200163201254198242e+01
1.524188956558145680e+00 1.304238797708705988e+01
1.985178329139811515e+00 1.188773542230821434e+01
1.950556286740872558e+00 1.071262142859535338e+01
1.012051358570056570e+00 1.161811722976319672e+01
3.263917308059541278e-01 1.301607528868074581e+01
1.989468633715185675e+00 1.252061944945320882e+01
1.616234088825988069e+00 1.246336671071308366e+01
9.200468243446837668e-01 1.251575995501332450e+01
1.929228320262311946e+00 1.319354959757101931e+01
1.063451797025763756e+00 1.214070689883897458e+01
1.771334037600187150e+00 1.248458239052319030e+01
1.370787565382400652e+00 1.268582881859682310e+01
9.668453270115504594e-01 1.237091120070995309e+01
9.352577852193512120e-01 1.270666355182357066e+01
2.126334313917546126e+00 1.215957335071894363e+01
8.744552957082082356e-01 1.241923115096841457e+01
7.089682962638748087e-01 1.245408756700889974e+01
1.826805555333930631e+00 1.289008503542511797e+01
4.721785591287788186e-01 1.314924202085421889e+01
6.969895886052006606e-01 1.273374654021856323e+01
3.942140831257517908e-01 1.310872292499418812e+01
1.259681869721027692e+00 1.187124639223658740e+01
1.131652256598048023e+00 1.183644726521217549e+01
3.093516569194515453e-01 1.335974392106559883e+01
6.594494429374474498e-01 1.232798145365774545e+01
1.265416399376542156e+00 1.224982943684385006e+01
1.266875828152133288e+00 1.277586939350667627e+01
4.311427165373671322e-01 1.295949034866841210e+01
5.029734490283124249e-01 1.233656309639145654e+01
4.726311874734004381e-01 1.242708239700160533e+01
1.053123633153403960e+00 1.177217346984993185e+01
1.234271323308623103e+00 1.245420192449172525e+01
5.938105098068066079e-01 1.225082016437999677e+01
1.302403519944106192e+00 1.267918022107372700e+01
6.991161564553670660e-01 1.237855917286633023e+01
5.747260671792469022e-01 1.227102786963921766e+01
5.096954153437373014e-01 1.306734164302910273e+01
1.804638745945603029e+00 1.191635449433664640e+01
1.288670098374602446e+00 1.252363457873975783e+01
4.557184568203153652e-01 1.307887758691791191e+01
4.875748884181768106e-01 1.254493115325743524e+01
1.449866060202094076e+00 1.220481317759177564e+01
7.216900026455774775e-01 1.196960061687767052e+01
2.112726385324566358e+00 1.316972484044799430e+01
6.999601889798787724e-01 1.212611242043089099e+01
6.290483652508406243e-01 1.192693915916258618e+01
1.505519528966337672e+00 1.270584763994541966e+01
6.253738470468658273e-01 1.278924958461667138e+01
1.220673081490222245e+00 1.223398916145961657e+01
2.074112218442814459e+00 1.285072017934358968e+01
2.062332445831918104e+00 1.260908332786767261e+01
6.085669266176959580e-01 1.244726703181964744e+01
1.746716609503676576e+00 1.312773013004796319e+01
1.385430873708298538e+00 1.290918167846453457e+01
2.005751354088699756e+00 1.067528065043776309e+01
6.610023855568307738e-01 1.240250073088622429e+01
1.112436996323073801e+00 1.220951189408888737e+01
1.857342402899452072e+00 1.254641795121321302e+01
1.072235485980232994e+00 1.223987217636891600e+01
2.124289480336352121e+00 1.135293101680666616e+01
1.082653765976770543e+00 1.203162646917542133e+01
7.338978882562915418e-01 1.253499068999076016e+01
5.214155987643905865e-01 1.294239444887441337e+01
1.834161606313005288e+00 1.251942650167557325e+01
1.563029333668195742e+00 1.282916645120037735e+01
1.491426408651902680e+00 1.278735218081706115e+01
6.512902097584857275e-01 1.247805849164855196e+01
1.328166759284132858e+00 1.221162623239822054e+01
5.068602680763891755e-01 1.265479477170268297e+01
1.212752610433869505e+00 1.229671328147923326e+01
2.239458211005622701e+00 1.287751295169122834e+01
2.121486623159575036e+00 1.290197277197188441e+01
1.665124208109132198e+00 1.274526820731571952e+01
1.154948148192748825e+00 1.241608355833139754e+01
1.342835043256096705e+00 1.232936031519058773e+01
1.219015550202312337e+00 1.230107789020773268e+01
5.406081049053168552e-01 1.227780924234573945e+01
1.417706151890536281e+00 1.266850133626130948e+01
7.731701295405789542e-01 1.225112142261164294e+01
1.256263023935771050e+00 1.260358970645250665e+01
1.067573596250503964e+00 1.252889854920964297e+01
1.790935874123795513e+00 1.119725127948019505e+01
6.025528925215013487e-01 1.252494724247715396e+01
5.452834907117450891e-01 1.236094932306305694e+01
1.626744470723099578e+00 1.181180262490084409e+01
9.190987698292003572e-01 1.199283732783383449e+01
1.313579509477350582e+00 1.286320825731233697e+01
1.839925700473576953e+00 1.274408896923463530e+01
4.969614938962737538e-01 1.300202436866343803e+01
1.105306039356770631e+00 1.254216323533164257e+01
1.637256346214491787e+00 1.176122639233336997e+01
1.583713215160526211e+00 1.180219668667489863e+01
1.160805125541145566e+00 1.233524706067175813e+01
1.792516626121751111e+00 1.259838692187646103e+01
7.814775730714179636e-01 1.213129939686077208e+01
1.465112682004509725e+00 1.261669659208367733e+01
4.978390490785841727e-01 1.299051129140729977e+01
6.468867428254978513e-01 1.224915084566229417e+01
4.195750417500196949e-01 1.287605940658700909e+01
1.397586272396178941e+00 1.241829604169736001e+01
1.013378309648450326e+00 1.203791101418574883e+01
1.778260376788955988e+00 1.226312990370613676e+01
1.681035892126308884e+00 1.226990044473686226e+01
1.967666326977217883e+00 1.107460302050083811e+01
3.851770958298866288e-01 1.319961317589673300e+01
8.022053109906570612e-01 1.213435957081571637e+01
1.221079209587079051e+00 1.236339072060474820e+01
2.016773764295968885e+00 1.183861277759356412e+01
6.562584798516297724e-01 1.201674842000281984e+01
1.183998903926224866e+00 1.265307779202883331e+01
7.100266542395828884e-01 1.245826893555932280e+01
4.389514856536502752e-01 1.254936982581854110e+01
3.375219341261376793e-01 1.328342349748443318e+01
4.595871963007802097e-01 1.312475965718430082e+01
8.940672722043820908e-01 1.262561038093628163e+01
8.870365962019074457e-01 1.164587319317532277e+01
8.533718895903040780e-01 1.165097264664869492e+01
1.225562954186625753e+00 1.208011495460773155e+01
3.506339469166851464e-01 1.309074958152927870e+01
1.974908814423756986e+00 1.235728574065464969e+01
1.951711467376064713e+00 1.039972653007408887e+01
1.202517556304517621e+00 1.208913074913451524e+01
5.712816801882427686e-01 1.260182577208009391e+01
2.122111632951582116e+00 1.269788546510756966e+01
4.030443662121058757e-01 1.265949598684572841e+01
8.205583523815627167e-01 1.209326196613278626e+01
8.656097377981288865e-01 1.203087689108828862e+01
2.080970115658316466e+00 1.206805261639575910e+01
4.816652574171549905e-01 1.268173519634652635e+01
1.740582132470963828e+00 1.200338500759041871e+01
5.463932576349337378e-01 1.253252162203093789e+01
1.412070441164881229e+00 1.226200918937300877e+01
4.776836979499534119e-01 1.284885424193510595e+01
2.070487283989763228e+00 1.103801423111719160e+01
2.026472696744005653e+00 1.122309469022567896e+01
1.313141206711468723e+00 1.243042604734314871e+01
4.472585236221570670e-01 1.226133005583836777e+01
1.475050452851335958e+00 1.207898603786660630e+01
7.192885613069684991e-01 1.224712199832123893e+01
1.576686305393269816e+00 1.137834026587649916e+01
1.939563213267664343e+00 1.251311342498878254e+01
2.007542538749886862e+00 1.292477715566509922e+01
7.966144110263544409e-01 1.211614426992886528e+01
1.425918733932980853e+00 1.275845075755909797e+01
6.301165777981828642e-01 1.237481462692523770e+01
8.880861521075001930e-01 1.262439039428540255e+01
1.267503243765899956e+00 1.186990110658192599e+01
1.601943811314744393e+00 1.278616419034148599e+01
3.440528011746773474e-01 1.321929338832432954e+01
4.958138826703461510e-01 1.218197353167701458e+01
1.118519098050308580e+00 1.223438630669077831e+01
2.088532458809737147e+00 1.170336428206306500e+01
1.439068073723172025e+00 1.245830550567037420e+01
1.098894455159234562e+00 1.235375119516149844e+01
8.039888502103269552e-01 1.225372485313847726e+01
1.490531688360928531e+00 1.293313487205046997e+01
3.868857289567034230e-01 1.320508540198539826e+01
5.251920911602401265e-01 1.250281228471688877e+01
9.109579629526264322e-01 1.212198540648008738e+01
5.204743398852215153e-01 1.227971342453992420e+01
4.005284826892441252e-01 1.263193960119034642e+01
1.188656263137837454e+00 1.177521716759378734e+01
4.998924013132509114e-01 1.210987368028345301e+01
1.533586714612072299e+00 1.194209210119267262e+01
4.617767219047227978e-01 1.264871095083346653e+01
9.269951834325965701e-01 1.235479850829869797e+01
5.838334168447171235e-01 1.242290325741350721e+01
2.102457722738917401e+00 1.314413931932485902e+01
7.363165374601235991e-01 1.253580278338958109e+01
1.199426210904205092e+00 1.173298573945260692e+01
5.400907074280446585e-01 1.246814111614447107e+01
1.400031084389396163e+00 1.230414912721896847e+01
5.631795050348880061e-01 1.271648106368330744e+01
1.847888889512175004e+00 1.272786865252912314e+01
1.032066402456155663e+00 1.224337084758130523e+01
1.108463464940326659e+00 1.234004558289421993e+01
1.813117230883225073e+00 1.285625201641177107e+01
1.650938805456433567e+00 1.257560860306744921e+01
1.935072763313238964e+00 1.270328892357257899e+01
4.600276930222856886e-01 1.241013473164289316e+01
3.223511673829686508e-01 1.340566409192500430e+01
3.276804712693215382e-01 1.337196633574104432e+01
4.320338090529680652e-01 1.235329347567651226e+01
9.893227690225238069e-01 1.206959795229510846e+01
1.069850097661919186e+00 1.216453169102581455e+01
1.000518828915613057e+00 1.198821606907727855e+01
4.770455860853926588e-01 1.237756735120859730e+01
1.487530402607636359e+00 1.225661446946266864e+01
2.058064206859754108e+00 1.302642671197973634e+01
1.750790244356037029e+00 1.290202509274939580e+01
1.013778797346480909e+00 1.222376202454892535e+01
1.891496979422288227e+00 1.254751434554936118e+01
1.902532700427884915e+00 1.279228804967253197e+01
6.194646256659306349e-01 1.228691031973630388e+01
9.858830456455586200e-01 1.199831735602710125e+01
2.082836750658546343e+00 1.153048842675052121e+01
1.582607827588510707e+00 1.240292054935323840e+01
2.045262580082551462e+00 1.227987888053999832e+01
1.738919887342387005e+00 1.271305753838304220e+01
3.677733247814520268e-01 1.300412372305721220e+01
2.058670617760392396e+00 1.278416078345584062e+01
1.081688863410360524e+00 1.272866422287661159e+01
7.176116841265008928e-01 1.207562331446499648e+01
8.941900639420040653e-01 1.277744797245014929e+01
8.427711639802037968e-01 1.232926171778507829e+01
6.399392532360747010e-01 1.220765093351296926e+01
7.950465058799303097e-01 1.215905750736692426e+01
6.610985016099517608e-01 1.195829436487974640e+01
1.792374674171229865e+00 1.215166359477962921e+01
1.655024579419225539e+00 1.249301085736843575e+01
1.223277262686250699e+00 1.229057387743756458e+01
1.682761788802078495e+00 1.170600336149206377e+01
8.278393960776496696e-01 1.190984837339054536e+01
4.648467351611000331e-01 1.264704609984262795e+01
4.149262811349591629e-01 1.262867766402577985e+01
8.227971915102355593e-01 1.203486224632523971e+01
5.425531814179656021e-01 1.273500612329839754e+01
1.582376290544131425e+00 1.222600718350227211e+01
8.310802883627942395e-01 1.217693627672469425e+01
1.199439072564197017e+00 1.241065418782413765e+01
4.526638585588790287e-01 1.252920187522654238e+01
5.427169832892894119e-01 1.230346691333615006e+01
3.675271272203362027e-01 1.304540231216067525e+01
9.267395158121405352e-01 1.174609481197858507e+01
3.746067568546700421e-01 1.314978726219598215e+01
1.640211269847984266e+00 1.285353272222816479e+01
4.724771987559173714e-01 1.294819610069029991e+01
1.266499998060860666e+00 1.279756930385286928e+01
4.816497392861964211e-01 1.281980430233815937e+01
3.529466062277909488e-01 1.315153087969865098e+01
5.292801496869037337e-01 1.210211582801962216e+01
1.331229437641187729e+00 1.217482781779561840e+01
1.084672497533157864e+00 1.222029576260730011e+01
1.414545495090949290e+00 1.224281748255212143e+01
4.534662789503569602e-01 1.278762454167224760e+01
1.058758761123111736e+00 1.255781389143843008e+01
1.688072175109186279e+00 1.228666094180417900e+01
6.502104908392409843e-01 1.275221454543420130e+01
9.232778165387467428e-01 1.242945754461600139e+01
1.832532622738352490e+00 1.165497620439922244e+01
2.208857682985699622e+00 1.074042483353351507e+01
6.676210111531434288e-01 1.271644877032054666e+01
6.177229204581681232e-01 1.254889823239551561e+01
2.195927024076201217e+00 1.289785105885899696e+01
6.772843304552721433e-01 1.211037109118397126e+01
1.270331837025831856e+00 1.276350849135114807e+01
7.172956568539269329e-01 1.249102153251439162e+01
5.193133065332727893e-01 1.289920918068755107e+01
2.195493733099237232e+00 1.248251743283408466e+01
1.985414523278381971e+00 1.073342530021422725e+01
1.977233246901460406e+00 1.076010549859537591e+01
1.499803971861365381e+00 1.277939995174775056e+01
4.324516576840229387e-01 1.278863170783208680e+01
6.016393302752779393e-01 1.211845082653564099e+01
6.706085660701461837e-01 1.207669208785597270e+01
1.681263098633982267e+00 1.258800691261582472e+01
1.990312804667033308e+00 1.219967035967986391e+01
9.783322174455407749e-01 1.201465154494362864e+01
1.874773546708257799e+00 1.183200206758932893e+01
1.521995090858762500e+00 1.258928505442123225e+01
9.148067132194100948e-01 1.219723987105750318e+01
4.951591223273032472e-01 1.303554817665804855e+01
1.487046642686265630e+00 1.303505705174241491e+01
2.173796394300583579e+00 1.140035611856997200e+01
4.346599359095186244e-01 1.255315784790577105e+01
8.014029995805184159e-01 1.205772980257501281e+01
4.351387834774900210e-01 1.251180035100692223e+01
1.069256739402362433e+00 1.247787401752696645e+01
2.961857095624719216e-01 1.352942241206820384e+01
5.324047599522585550e-01 1.200838688470793336e+01
4.498604486705006789e-01 1.226105080446223994e+01
8.664493504903376664e-01 1.264122078131114080e+01
2.138741470289806212e+00 1.240579148567306156e+01
9.861295564254224377e-01 1.212082626488060200e+01
1.236504648891158853e+00 1.174678910622348482e+01
5.926323264449639971e-01 1.194083208285272768e+01
7.338522771090885133e-01 1.266067452824876582e+01
1.109461138482817466e+00 1.230058813363722514e+01
1.186503604382926236e+00 1.262511204532631837e+01
6.782009220090882140e-01 1.258828363095241798e+01
1.049676668774603305e+00 1.253403873128900337e+01
2.118099068349736935e+00 1.134408447266468478e+01
4.074197731755787588e-01 1.270441204261890888e+01
4.318597511010641155e-01 1.256881524488555790e+01
3.402174124838338587e-01 1.322980203707570901e+01
3.574644574931233887e-01 1.305803918283261211e+01
7.881850881923258001e-01 1.245370845527219394e+01
3.905024740322241006e-01 1.319980870649704485e+01
1.828679682047346766e+00 1.229621225549746022e+01
2.186697045661970762e+00 1.221066099445082287e+01
5.365115166205987052e-01 1.217174627094307482e+01
1.207678088273473671e+00 1.225217526623991304e+01
4.102384803721790818e-01 1.273672043473257887e+01
3.941505571628964866e-01 1.315529474898516149e+01
5.866225664734493472e-01 1.263387347471882904e+01
4.548009340954791702e-01 1.294489982031076991e+01
1.801936375863983919e+00 1.293369139216530073e+01
1.440772459793660198e+00 1.190368896455537140e+01
6.001104628136962882e-01 1.204195600464610116e+01
1.594732335052031269e+00 1.181494678176296098e+01
6.124691997642226493e-01 1.179435746824617048e+01
1.399655330466613723e+00 1.269614661370949626e+01
1.620156108519472671e+00 1.316552996917118534e+01
1.842375783199367012e+00 1.303572416865087291e+01
3.371695898471752106e-01 1.296942043723372961e+01
5.473312603942258603e-01 1.201319819468749195e+01
2.068370439607415179e+00 1.210327667396706097e+01
2.037656820245497435e+00 1.186180804352498086e+01
2.072920775150703498e+00 1.250508344100411939e+01
5.341486206692017680e-01 1.302206457810593321e+01
9.959918082272227746e-01 1.269480755574839215e+01
1.774707734250699831e+00 1.284409474380054661e+01
1.852695560553799581e+00 1.245108821653745146e+01
1.969408125508794072e+00 1.272853830068778258e+01
1.990663556832839909e+00 1.294490936892817956e+01
3.531792468115979022e-01 1.304008331320799918e+01
2.166324255800530452e+00 1.315594477178851918e+01
1.246501685665434955e+00 1.287676708982823648e+01
1.614398201988159531e+00 1.264372580474948826e+01
1.416468658739823638e+00 1.216427840357561152e+01
1.342905939837392371e+00 1.216496562243652058e+01
1.702582653465450013e+00 1.126918068317617028e+01
8.668081643789277146e-01 1.213612073031819882e+01
1.997080039038911403e+00 1.272127595842840897e+01
8.469762155903847178e-01 1.224312770461389732e+01
1.113915100027215166e+00 1.242276554102812192e+01
1.633444214601383671e+00 1.280621283748174832e+01
1.956489424318421211e+00 1.293719397849706887e+01
4.126614448219766418e-01 1.278289440215388240e+01
1.200019006467326621e+00 1.218865316482566996e+01
1.258922700255951099e+00 1.227885754567300580e+01
5.887584116287178926e-01 1.201047390838553675e+01
1.902842971329125277e+00 1.176176636876328097e+01
1.492074447755481703e+00 1.201751372435238530e+01
2.098553111243135927e+00 1.158289049540114668e+01
2.106375631145471772e+00 1.245415444170930108e+01
2.029466410397056997e+00 1.257710561064224031e+01
8.418422648260149854e-01 1.227436410302617631e+01
1.980484880587649377e+00 1.230277047152433134e+01
1.313921220221461628e+00 1.255235940156597962e+01
1.375720786986327493e+00 1.281474148468658036e+01
1.367494991167320428e+00 1.281091338744697339e+01
5.100453312553888674e-01 1.261725927668601699e+01
1.829099599175237678e+00 1.292459713244533326e+01
4.621454906729287604e-01 1.252743228604644266e+01
4.742270703531687448e-01 1.248485997414787718e+01
4.501396319452293793e-01 1.263920073737377336e+01
7.317295095171729713e-01 1.222756807453314742e+01
4.329796831063061902e-01 1.313038806779113976e+01
1.172594023678062314e+00 1.264612577219654632e+01
4.745458417507942839e-01 1.225969048795587568e+01
2.049877848799220192e+00 1.210121322450950920e+01
1.898116565135544498e+00 1.267446855198548583e+01
2.504777361397691138e+00 1.281489075766051933e+01
8.407677535773527833e-01 1.205131842328996683e+01
1.126629159410429626e+00 1.265201773978591682e+01
1.424344372144896509e+00 1.222214116084112945e+01
2.237323160152911328e+00 1.181716052910262782e+01
7.934012961628534866e-01 1.226706893924959729e+01
1.722609565795276021e+00 1.280843252938198162e+01
1.453467775720298949e+00 1.273541557113449407e+01
1.505725865372026684e+00 1.295059587186622174e+01
3.726457421161347150e-01 1.320628278604353767e+01
3.780456340880278265e-01 1.299391127673340307e+01
1.877781547095552561e+00 1.202965766300439654e+01
2.043993985893405529e+00 1.132801264850099621e+01
6.921236227055539425e-01 1.236381046557771590e+01
5.905005754278574992e-01 1.216710770609932979e+01
2.021542369124060823e+00 1.083843479596653303e+01
2.013144186746068875e+00 1.308789750718970701e+01
4.401281546853720861e-01 1.257169534563506730e+01
1.000204920154957433e+00 1.276334410243360296e+01
1.713026877519787439e+00 1.309476243934161488e+01
6.656844748550921897e-01 1.184099257308353614e+01
7.619156721937132559e-01 1.241081509326998322e+01
1.977275027667452667e+00 1.307662556349259297e+01
8.120407411176208123e-01 1.192329552091517542e+01
8.896944725733564319e-01 1.194915816595742086e+01
1.722202742536078635e+00 1.150835993744153107e+01
9.000288015624007265e-01 1.238293712291165427e+01
4.244226233018045802e-01 1.285091927683777868e+01
7.379155781532512615e-01 1.229252039340730995e+01
2.034603658923120229e+00 1.314383732036755248e+01
4.167098885241856676e-01 1.276615063003935902e+01
5.122244392455018724e-01 1.205203296155129067e+01
4.780422251255128652e-01 1.215536661543282015e+01
6.972737367113452933e-01 1.190081338455119919e+01
5.513010983019637212e-01 1.198681051740937953e+01
1.796682407875915821e+00 1.227334382088808873e+01
6.519463540761530895e-01 1.247164643366769177e+01
2.133078257739231987e+00 1.099271783456057605e+01
1.894262741344499901e+00 1.196305806836011065e+01
9.748348676387993406e-01 1.206816753878670312e+01
2.117939338227280199e+00 1.243426382845993849e+01
5.781999722273861719e-01 1.210031746822206777e+01
1.810339304502049718e+00 1.279165380647987504e+01
1.839728771542363139e+00 1.279601064416867295e+01
2.980766865454216319e-01 1.349728834936227706e+01
2.059130642149580748e+00 1.184521587024024747e+01
2.026179106221629223e+00 1.190735229579298959e+01
7.032689682525473662e-01 1.208129287450909217e+01
2.057680551767627097e+00 1.213138843391561394e+01
8.425900914466648572e-01 1.240509130747211408e+01
1.062913472057316344e+00 1.180402908169298648e+01
1.429506124990595595e+00 1.185776446336739731e+01
7.738939977924318425e-01 1.275690395299985802e+01
7.345177144200984998e-01 1.235653384157546597e+01
5.867405191894625727e-01 1.211112994800734555e+01
1.136364301600792048e+00 1.194449942237202578e+01
1.070523549249329909e+00 1.221712322885707280e+01
2.013606935657845654e+00 1.236794381537787402e+01
1.248514986433107543e+00 1.243365262763618695e+01
1.684658691790955620e+00 1.298332487867941865e+01
2.066810713776538577e+00 1.062564910384869421e+01
2.088096890473738032e+00 1.222613978620941744e+01
1.493761978374871235e+00 1.238348762815062010e+01
1.120990503322742970e+00 1.243094274960270162e+01
5.391601771303561330e-01 1.272321744497175722e+01
1.113546286707016275e+00 1.244879355504695795e+01
1.091520794699734065e+00 1.233443549555623164e+01
1.800794029919366768e+00 1.226328439416075433e+01
1.733292652424705427e+00 1.225492993006973563e+01
1.758556008754524225e+00 1.242183249663123412e+01
6.127903602378204084e-01 1.228551645957357508e+01
7.133493785611214610e-01 1.187258536466093695e+01
5.044980312909018716e-01 1.204728942795505020e+01
1.425440857755861712e+00 1.223416168730194364e+01
1.325608944017884872e+00 1.263029770342238933e+01
1.652713820961017932e+00 1.255072521061816104e+01
6.040834835979201900e-01 1.190472395531067917e+01
1.269198881924580302e+00 1.277546472589395954e+01
8.685540833443704534e-01 1.197589900340669722e+01
6.414745758307330847e-01 1.267097953384312348e+01
4.989358903515135335e-01 1.291858170946666462e+01
2.016745460728484929e+00 1.289525469106577127e+01
1.809563542017242677e+00 1.289002154743082151e+01
6.612481464789660146e-01 1.184430383720622082e+01
1.982655090979083656e+00 1.252142567028971776e+01
1.005189032832351614e+00 1.246525459421649984e+01
4.710301566024902020e-01 1.211892569778256856e+01
7.881468005509977282e-01 1.265015965993160130e+01
1.921863586926628953e+00 1.183893572346930689e+01
5.567568714915943628e-01 1.269327206036218669e+01
9.369671526149950802e-01 1.204369566971627492e+01
6.900046545349579619e-01 1.197046101403063822e+01
1.647262086326396258e+00 1.171863084526715504e+01
7.334269187039608173e-01 1.211564791914619654e+01
2.195796892345425189e+00 1.294170183221312875e+01
1.601241721904463677e+00 1.283718683655592407e+01
3.581278697287907375e-01 1.300187174315266070e+01
1.062769839134654948e+00 1.266743369978090961e+01
1.519688828530897595e+00 1.286471586730063343e+01
5.824491103611281195e-01 1.281417368519907107e+01
1.073289070643109522e+00 1.263026995964785115e+01
1.710122248252166521e+00 1.300045642576086991e+01
7.224007882108658407e-01 1.198970582746351532e+01
1.145819444776599694e+00 1.248155682439099934e+01
1.788909343138169739e+00 1.234061044078718261e+01
1.427614162110681706e+00 1.243084326055613609e+01
1.588198274897235640e+00 1.259633304051800451e+01
1.627951644328160086e+00 1.242475769532034136e+01
6.676440860147140333e-01 1.223158851932197955e+01
2.036678199370885345e+00 1.031297950135769170e+01
2.018809491407167478e+00 1.290198768976274835e+01
5.750376344733232337e-01 1.217102615715129943e+01
3.858234578194357778e-01 1.320879653561361522e+01
1.797888558805066372e+00 1.283588831466789770e+01
9.403259184827742478e-01 1.262733438382791817e+01
8.230317129061492931e-01 1.188879132169910768e+01
6.156437783503106997e-01 1.265524880501225446e+01
6.101328748130463442e-01 1.266120865587771149e+01
5.500472886509468751e-01 1.281206467883522571e+01
1.462298919946405595e+00 1.146948896984844701e+01
8.236783048216899106e-01 1.245892631251617111e+01
1.438571672589780359e+00 1.286472494597034455e+01
7.182295508199348921e-01 1.253754151869844691e+01
9.589353740040982288e-01 1.221399352717266851e+01
5.122116792391363527e-01 1.229551235652870744e+01
1.649515401449020757e+00 1.197374555735977175e+01
6.632941584226104137e-01 1.252259275407875272e+01
6.340986475065955030e-01 1.255985237562911294e+01
2.103245328937883851e+00 1.110549749668268227e+01
1.219008797044267789e+00 1.280622429210322899e+01
1.710073331558054299e+00 1.307195360425103381e+01
1.539349970941167101e+00 1.299218171834401048e+01
1.733684140263312079e+00 1.248217674022874135e+01
1.483107711988068456e+00 1.234798917972872978e+01
1.598358968731136365e+00 1.216958954450577934e+01
4.000783461414569864e-01 1.272562353031864468e+01
1.990574823564831064e+00 1.074259176013722339e+01
5.674663599391810420e-01 1.226964422544016919e+01
9.670482701732914244e-01 1.284160432214541636e+01
1.907017829282992905e+00 1.323688995113782418e+01
1.457927432122354094e+00 1.238061881196667180e+01
8.797017261379260766e-01 1.246186774302384670e+01
1.842510969943724985e+00 1.299213811356715809e+01
1.192051059332617458e+00 1.261993453891225769e+01
6.073959198092808709e-01 1.222312795195927215e+01
4.456167755073507930e-01 1.269643375354434056e+01
8.022747248550571308e-01 1.225084064053892696e+01
1.787084644663376354e+00 1.239952319274692627e+01
1.598976566289618484e+00 1.281871860536888441e+01
1.187251200629270143e+00 1.256561994670306603e+01
1.932289339600470779e+00 1.271009789444937788e+01
1.717596554680998144e+00 1.165455347869627367e+01
1.905126341478386554e+00 1.252744131843200215e+01
5.396326554135181253e-01 1.246310323179294599e+01
1.085948294715138651e+00 1.272725424424200469e+01
9.981471929052418979e-01 1.270614098363724231e+01
4.457452934840400172e-01 1.255072760761647643e+01
7.846402797391438533e-01 1.185011178502800711e+01
1.797043178380947293e+00 1.273263246927811743e+01
1.990956733320983441e+00 1.256698568999371801e+01
1.607050779905430105e+00 1.266579890444278078e+01
1.296321131019117612e+00 1.252453789397887363e+01
5.204276843387710683e-01 1.256502268995947702e+01
1.927185866962187299e+00 1.319726320738740277e+01
1.573501759175804704e+00 1.298942543222315926e+01
2.167234816189967717e+00 1.240155876835796356e+01
2.010785299759788813e+00 1.304532654948346249e+01
8.550073695630633352e-01 1.194722719041688386e+01
3.622204217998140630e-01 1.291310539484775788e+01
1.028356846116235568e+00 1.205385183401484817e+01
2.280777215595514829e+00 1.255075615837243674e+01
1.645518400256617886e+00 1.247140055979353868e+01
1.097969552352623612e+00 1.276275146299917651e+01
1.838310454554995976e+00 1.281562782327963923e+01
1.554834678221026945e+00 1.219174836119767313e+01
1.058440586486306900e+00 1.236022823729559761e+01
1.866692599584680368e+00 1.140769111387665546e+01
7.268463041236623567e-01 1.265597187534124046e+01
4.400539694338689856e-01 1.316069584643496171e+01
1.346061621672413722e+00 1.200101843837316551e+01
1.835303990850071676e+00 1.095306124174753926e+01
1.274133705546496520e+00 1.278785990910063042e+01
1.102023114040270313e+00 1.237028622349626872e+01
1.952220659696610294e+00 1.115801843241771252e+01
4.357797716484790307e-01 1.275215091276813695e+01
1.394259613117997620e+00 1.257606197458440356e+01
2.189443322794777380e+00 1.198461472319447196e+01
1.964091643479202620e+00 1.218898633646953122e+01
4.780150755101875149e-01 1.306468684468204700e+01
1.539299185330879727e+00 1.208451096971151273e+01
1.344366726986146565e+00 1.253552024879527771e+01
1.866129231184839199e+00 1.277945827071706475e+01
1.482912134583938890e+00 1.254141743660344233e+01
9.885191001150698265e-01 1.255810406405235469e+01
1.766827638963867519e+00 1.165541549332278315e+01
1.414782344382957024e+00 1.248007380603008976e+01
3.883287545941255248e-01 1.299519886771912702e+01
1.224136323380245583e+00 1.257652649444263382e+01
1.474532326688954065e+00 1.190488713166047141e+01
2.095913239761429292e+00 1.138749766176361078e+01
1.262057533901841611e+00 1.189834881667133182e+01
6.546060691237904905e-01 1.189508486926263231e+01
2.176260859818665683e+00 1.220300690493894891e+01
1.651617175540782689e+00 1.230235539403172496e+01
7.039026534609748031e-01 1.212262412463440775e+01
9.861944648613580888e-01 1.211345917687541274e+01
2.257836592069144999e+00 1.281086959940040337e+01
7.698129213887675570e-01 1.269994996351316985e+01
1.719836678492211224e+00 1.190877913526108500e+01
4.834249583177556708e-01 1.237989926385817796e+01
4.921337419074657271e-01 1.305778525309760418e+01
1.242934915646618066e+00 1.259563807158971471e+01
1.643687325543574440e+00 1.257020912674247093e+01
1.177241280116438915e+00 1.226042021289205408e+01
2.084788459970335683e+00 1.301635224688051728e+01
5.693605918170301372e-01 1.194795140719081239e+01
1.682632773816748806e+00 1.221829024353342774e+01
1.035532524035159607e+00 1.236297858601030342e+01
8.958389086042040095e-01 1.235792747526816626e+01
1.827598771498641694e+00 1.130836881784449943e+01
6.668765777956875418e-01 1.242037201110011857e+01
1.952372762527669225e+00 1.273584240040383975e+01
5.106831896017877126e-01 1.239597510533288904e+01
2.147382813757123809e+00 1.180483312822189923e+01
1.183267252539407455e+00 1.262898024171896338e+01
5.745258780725344128e-01 1.193456238138686487e+01
1.263868891762846225e+00 1.234030590225722790e+01
1.874201787529943042e+00 1.246084779167778045e+01
7.491606694683395906e-01 1.247776263162968213e+01
2.076172930252891291e+00 1.316645828419528819e+01
2.038704843306319958e+00 1.315540434082279653e+01
1.916055163974812459e+00 1.192830557265806313e+01
8.073864951819389457e-01 1.234770061853288681e+01
2.010141884709354620e+00 1.326521856697439183e+01
7.905115525903567697e-01 1.178556059437307368e+01
7.955931468419839003e-01 1.228829355376350918e+01
4.567879746293424525e-01 1.267597136656950418e+01
1.049256422296963143e+00 1.198701859244469858e+01
1.144697638854019761e+00 1.245592721196041630e+01
1.930287055224102266e+00 1.188303647592756285e+01
1.927967290970521885e+00 1.313074644490986209e+01
1.584296942545861953e+00 1.224103049626165607e+01
1.871343735626453952e+00 1.267524664040645632e+01
1.915419733645034706e+00 1.263119593137648167e+01
1.928295523611682549e+00 1.240998602087813474e+01
6.322054270757365702e-01 1.196509795861193481e+01
4.187127907421637207e-01 1.273518243982976017e+01
6.658036783873946263e-01 1.205508469799846338e+01
1.037559700763255988e+00 1.240159270630327448e+01
1.597769635110600994e+00 1.279999899551355291e+01
2.073444130599590096e+00 1.217409302666444049e+01
3.511866938371601132e-01 1.329288904211393074e+01
1.440437081455744117e+00 1.256075780921268681e+01
1.898711755675812851e+00 1.304954474935762399e+01
7.832398213682523203e-01 1.245229595605945150e+01
7.315239222253112628e-01 1.235898844170516853e+01
2.012899497865563436e+00 1.237502489824112928e+01
1.634884019729775595e+00 1.312724242875902192e+01
1.274044027389532818e+00 1.234224676911391505e+01
2.181167647864303838e+00 1.277051806760853836e+01
1.246952491662682405e+00 1.230336035800601735e+01
1.990706315151686612e+00 1.117591104476084318e+01
2.230518648057896236e+00 1.165240315322476405e+01
2.163426877480999266e+00 1.280594905277543027e+01
6.565571872713578117e-01 1.257773569336140973e+01
3.915824623255482750e-01 1.270575919961184042e+01
5.747984056957075039e-01 1.231827321144499265e+01
1.884813501011873615e+00 1.221804584235317570e+01
1.380273544921581497e+00 1.210058032867411626e+01
3.760655335725041071e-01 1.306844464499619285e+01
4.627519229053565497e-01 1.258405788933429648e+01
1.362980613975137478e+00 1.234479314794210048e+01
1.020455307277031931e+00 1.261007066012054167e+01
5.024218442213397307e-01 1.306437231763119300e+01
7.663706910034835396e-01 1.224337799916448510e+01
1.224325182593308803e+00 1.243262436389943204e+01
5.402826873997278456e-01 1.234809220468415702e+01
1.098056732988120565e+00 1.219411159223348307e+01
4.827054572755027362e-01 1.289007320316220628e+01
1.982311071700538108e+00 1.320497168829455248e+01
3.729935060272115410e-01 1.309244379530988844e+01
5.832025979045517561e-01 1.265189297149628800e+01
3.561523396786899776e-01 1.308510415984173747e+01
1.886700369239977970e+00 1.183890130880084612e+01
3.213282378733463562e-01 1.330574552038138947e+01
5.721016014785583748e-01 1.193265439099063663e+01
1.887974076607034757e+00 1.253049387263088477e+01
5.779950192586965629e-01 1.196214197511272026e+01
2.148898679899134745e+00 1.206498488548640324e+01
1.964136725414486362e+00 1.299807817263630838e+01
8.381803785672604645e-01 1.245680378723572979e+01
4.553493372028250552e-01 1.300080550230175014e+01
8.102232643609200702e-01 1.257255785404627169e+01
7.291716662723892739e-01 1.281202366517202051e+01
6.950853495968299933e-01 1.282791813458663910e+01
1.033173473537477349e+00 1.210664252011980935e+01
4.974340117183554399e-01 1.226184665020691433e+01
1.548556087859201069e+00 1.268814090632057301e+01
1.803644488904982746e+00 1.278466967357509709e+01
4.346441613920375424e-01 1.230625255224031100e+01
8.572501569874857452e-01 1.207374405375575677e+01
3.546233564552824236e-01 1.320729725796833343e+01
1.930766560704962220e+00 1.194121046284129406e+01
1.889587480380741313e+00 1.198170627844542757e+01
3.907298085191743819e-01 1.286668841686131870e+01
1.289320030926005556e+00 1.215349399603170610e+01
1.455776365729590127e+00 1.267586882204893328e+01
8.803741889679463917e-01 1.215183754559216744e+01
1.284881565006453119e+00 1.288020675833586814e+01
7.654480459711886509e-01 1.268872836120299574e+01
9.310435511470116499e-01 1.231839715309632233e+01
2.149225241695401412e+00 1.038497591056290581e+01
3.663574471517625497e-01 1.317012283828477592e+01
9.015626619773161599e-01 1.172343463157493204e+01
1.490589135667147236e+00 1.229443898603695473e+01
1.865619870099119115e+00 1.257135305980640183e+01
4.265572664757054100e-01 1.302446212361292410e+01
1.893288414011258247e+00 1.324149959429689893e+01
8.835229895364838937e-01 1.192435981685478907e+01
1.846707584903344967e+00 1.284050925868239545e+01
1.236292813553104608e+00 1.272698284226089704e+01
1.629452770350035884e+00 1.190946702906409094e+01
8.910855292911630254e-01 1.238420259996570572e+01
1.909601353748417996e+00 1.307763694957703393e+01
1.344315535673532125e+00 1.212563226827175100e+01
3.031538657446988250e-01 1.345173942804163758e+01
2.115057285549291510e+00 1.243189567933785078e+01
1.482151954000408889e+00 1.180545319801782256e+01
1.755337105194048286e+00 1.161565615020565367e+01
2.021352687865008324e+00 1.253419138200364102e+01
4.489436207254967615e-01 1.257607304022418404e+01
9.741391857753194383e-01 1.230195974578187190e+01
4.933350174757100137e-01 1.293644397090088738e+01
2.185520022807970530e+00 1.313416488866279153e+01
8.798546676507160713e-01 1.202293127466767864e+01
3.391307914741010787e-01 1.333962539446430995e+01
1.325105744145509412e+00 1.178742013595931759e+01
2.025484502386527996e+00 1.064283666695006048e+01
1.506484046924456255e+00 1.294895419507798806e+01
4.976498160420422812e-01 1.291503085678853324e+01
4.364198842460172423e-01 1.315010018053451368e+01
1.690177329901473735e+00 1.235306260625156582e+01
1.902180080260337691e+00 1.300465457137769754e+01
1.310363194738840775e+00 1.271367642372047690e+01
2.019792377824827678e+00 1.261898975068251794e+01
5.136331990934812630e-01 1.249773313232033978e+01
4.850695916302449895e-01 1.258778921648345239e+01
1.363198523730592360e+00 1.187801658488546330e+01
6.210743844636246180e-01 1.198732455685142106e+01
1.124386479636737990e+00 1.262672012505396957e+01
8.430441412990794525e-01 1.213800234522593691e+01
8.215975855534269900e-01 1.204962900340840193e+01
1.911508011867200540e+00 1.289671236661161302e+01
9.515018589223485090e-01 1.255452842739681785e+01
6.153848736247031770e-01 1.220732683183711487e+01
3.591106364765607739e-01 1.318399813256839792e+01
3.720998804571221674e-01 1.276765598148135084e+01
2.223820418590078951e+00 1.203070267996864473e+01
1.581038814956599703e+00 1.283104628563843264e+01
1.350983409213226905e+00 1.227434330486766534e+01
1.031732017900632181e+00 1.221340024621411935e+01
2.166870831632484951e+00 1.239255460570361222e+01
1.224793150697447208e+00 1.262279815596315302e+01
4.715399698317704891e-01 1.248694870484181685e+01
9.719248816347657582e-01 1.222668726867461331e+01
5.641731173036693692e-01 1.237769111630558072e+01
1.230575048682476247e+00 1.155776112073903938e+01
1.447866414474568098e+00 1.149698272154937051e+01
6.229296043383101278e-01 1.212907683763607203e+01
1.862221237884645220e+00 1.253073442780764069e+01
1.886716048667361978e+00 1.252496579077094019e+01
1.972989656237740475e+00 1.264177443144196644e+01
3.692092490631532220e-01 1.288380295677212928e+01
5.139151844051963458e-01 1.224571591806996373e+01
1.408989749854268947e+00 1.260960361414779740e+01
1.667451138024892199e+00 1.140837026899220952e+01
1.418064047716517173e+00 1.233861986579504411e+01
1.356275059797541260e+00 1.231751701324524895e+01
2.386171168800669484e+00 1.204735893305865524e+01
1.904115101011870648e+00 1.282291968604058496e+01
1.447027274736651936e+00 1.265761971542361941e+01
2.094866102976761013e+00 1.304701815517553420e+01
9.185554568636630224e-01 1.277248206326936319e+01
3.279328715405052663e-01 1.299804012748263382e+01
1.257973844466092395e+00 1.203596637190393182e+01
9.088784727771743732e-01 1.249821007024460506e+01
1.805091755310521240e+00 1.259222190668967301e+01
1.068725102576477459e+00 1.236323709330791054e+01
7.534783217376057607e-01 1.198746039139525799e+01
1.887696428023214024e+00 1.303806983749148252e+01
2.094289716849260685e+00 1.232185411692696242e+01
4.977365737450353822e-01 1.256839001597373340e+01
2.074060239669899275e+00 1.324991951157234205e+01
1.113202281077274813e+00 1.204432026308704629e+01
5.171118740599658370e-01 1.249577108879304710e+01
5.260806204139077957e-01 1.252248497803169336e+01
1.435916410841520108e+00 1.253873140511737816e+01
1.291156813034528117e+00 1.196743070574882140e+01
4.305657200122322559e-01 1.262739672657716739e+01
1.704178959351183575e+00 1.250508129096112597e+01
2.112157994594571431e+00 1.239040409516539398e+01
3.787314263444699902e-01 1.312450752771620444e+01
1.412462972750225365e+00 1.191428030790618209e+01
1.040625008944419116e+00 1.186128168458936116e+01
6.711732875536030596e-01 1.192444885596620630e+01
1.509056751665561968e+00 1.252192971232054575e+01
6.760765633645395845e-01 1.202687881488864008e+01
2.181454364290561720e+00 1.202138949103406595e+01
2.053538616098315561e+00 1.294859611930828969e+01
1.140090701409784302e+00 1.243572098969246476e+01
4.665546727439611185e-01 1.267421278556023445e+01
3.773959228083224038e-01 1.316144088460997708e+01
1.864885748091745343e+00 1.289741250178914278e+01
4.396218586303578535e-01 1.306567513821100768e+01
9.306680880047880633e-01 1.244271192676278126e+01
1.949041070635304296e+00 1.098883953176575190e+01
5.521035153187564548e-01 1.284686507917549925e+01
2.140281388405743002e+00 1.164627170173518600e+01
4.963016103606995300e-01 1.292333177573626379e+01
1.019724446650422944e+00 1.175286420114841235e+01
3.009446566466856265e-01 1.348110082319800007e+01
4.808611847533647010e-01 1.218025067212975898e+01
5.995380769457515635e-01 1.223523998442690974e+01
1.187050038287093656e+00 1.244408556015561018e+01
6.351258180070089576e-01 1.239355834078694407e+01
2.110959490565747831e+00 1.220612684869872666e+01
1.255268121734127273e+00 1.179182939455143853e+01
1.851689824697867470e+00 1.271429850034221332e+01
1.589385319878807712e+00 1.210193743427444169e+01
9.224486314369588769e-01 1.210925068545009964e+01
9.157989287663185207e-01 1.222048481791625107e+01
1.141499773837977516e+00 1.264610497186321147e+01
4.210940293078950791e-01 1.312022026358703997e+01
4.934092932694695288e-01 1.236043082877458943e+01
2.102921819904999268e+00 1.162997508264835922e+01
3.959333614598252171e-01 1.316957115207519102e+01
1.613672388301738758e+00 1.268233117851096736e+01
1.047455689898772579e+00 1.232510397619663500e+01
5.918433802803362287e-01 1.256660369870371596e+01
1.208520626916342211e+00 1.232714105973077423e+01
8.586527953680292979e-01 1.188362061270049530e+01
2.004371853121309055e+00 1.124503149250507406e+01
1.500849402772937990e+00 1.250371359588541154e+01
4.625314265485737653e-01 1.212699295449522729e+01
1.826246743104625203e+00 1.256393193880184533e+01
6.018549407091865477e-01 1.251325780791268372e+01
4.714170401793623122e-01 1.264140552379768501e+01
2.107582266635436685e+00 1.084404974951806544e+01
3.991642629382519125e-01 1.263787770484359640e+01
8.869317413469776090e-01 1.210814569854411360e+01
3.642189933113650357e-01 1.323483864416059319e+01
8.908205089043977898e-01 1.223175418244748691e+01
7.879831854167399507e-01 1.222696075342324740e+01
6.881498252014468520e-01 1.225645297515092125e+01
6.036636507808600394e-01 1.231587201286512112e+01
9.100740941982213839e-01 1.251328841403841530e+01
1.213854561829578627e+00 1.209358037826016741e+01
5.088652300688156771e-01 1.302160478541058275e+01
4.847463270634465027e-01 1.309467097250459311e+01
2.053353192702012109e+00 1.200093976062051482e+01
1.678021985201511912e+00 1.215856249391467081e+01
1.272939417985226029e+00 1.203929430573490933e+01
7.299460878357949545e-01 1.255288908433738548e+01
1.629968875709299825e+00 1.169287643459468562e+01
1.220174944807739470e+00 1.241437354981786534e+01
5.850555573014144528e-01 1.252312911801733719e+01
1.805681828737812467e+00 1.235438017289495249e+01
8.103948829213356575e-01 1.181849277758952077e+01
1.973848813333652918e+00 1.173325277386434529e+01
1.936640618179241713e+00 1.168213267613761275e+01
1.555188995030320154e+00 1.178980338421089158e+01
2.051533888746102985e+00 1.260596797601448849e+01
1.929206899263916641e+00 1.262755072741375351e+01
2.210963653718424737e+00 1.135506732577302813e+01
6.092309640640151125e-01 1.253071781526722717e+01
1.748807445937021754e+00 1.269488145353542663e+01
3.832387151146108839e-01 1.292137101785791309e+01
4.275747115079512883e-01 1.264456792574491750e+01
1.394684132916821806e+00 1.227959076534164673e+01
1.843575371517266692e+00 1.262701230456023183e+01
1.905018723131060243e+00 1.298319861367193973e+01
4.460132079166382324e-01 1.258044539396823858e+01
7.040379051801120003e-01 1.233984658589580974e+01
2.179545695092904189e+00 1.287522229908477023e+01
2.011259240303408191e+00 1.267197251256759216e+01
1.983286996910361699e+00 1.073271925819945238e+01
1.902061251398578845e+00 1.100464450202243327e+01
1.867697048849996211e+00 1.309822671665707183e+01
1.687999549332602989e+00 1.301864185775163385e+01
2.085547437991639885e+00 1.240514668959123767e+01
1.937019041275575226e+00 1.242580034931754263e+01
1.654175902126840958e+00 1.233548858363647049e+01
5.662454551830451432e-01 1.250397471916447145e+01
1.158114309855621693e+00 1.260385180026662333e+01
9.640715473628483911e-01 1.220910994063736865e+01
7.652907621877071964e-01 1.212947428157757024e+01
4.386933779865752614e-01 1.257906500805875005e+01
1.071381476709926117e+00 1.182295853833405808e+01
1.190477485287554371e+00 1.183607585545604834e+01
8.516117010721787617e-01 1.262122952004865084e+01
1.046655194395206045e+00 1.270433345403293224e+01
6.548784252297150665e-01 1.284972482463361487e+01
1.923486900200703564e+00 1.310752542801480658e+01
1.923822577458868199e+00 1.310765176802879495e+01
7.150074073300368704e-01 1.253195073676677396e+01
1.830262496973914521e+00 1.255130858607001088e+01
2.159979979111802617e+00 1.092100541240791145e+01
6.154868101252549684e-01 1.283981406541856884e+01
3.321150400308152117e-01 1.314085512611669770e+01
3.434417893957741885e-01 1.303680219126104056e+01
8.278191932554562760e-01 1.266075155801704888e+01
3.696848773854107262e-01 1.323529167006772767e+01
7.811522643264225962e-01 1.226147585874382884e+01
1.819391422824407023e+00 1.202048734161005861e+01
3.392166666011676157e-01 1.331648756552794310e+01
7.867995584005679222e-01 1.215263158014088418e+01
2.019470491883625041e+00 1.164810973223697310e+01
1.120151379901612287e+00 1.253899977628223184e+01
1.876892126679865047e+00 1.109178240306978580e+01
6.621333011594280338e-01 1.238306973008874046e+01
1.937119592590033301e+00 1.237373702448900481e+01
5.146387895682820179e-01 1.202534152026196246e+01
1.423552025730809634e+00 1.237437868471465308e+01
1.029401539180853309e+00 1.240723627945192398e+01
6.796661950423802390e-01 1.221861793545976305e+01
3.470623539069412344e-01 1.305659596049662419e+01
1.671648275467741751e+00 1.253898329219779662e+01
6.413186307875164971e-01 1.224307030873232449e+01
5.192871459237881071e-01 1.232169486822875371e+01
1.924335582312070914e+00 1.157370442060009275e+01
1.647479592978437601e+00 1.178332540740930767e+01
9.847277066109465515e-01 1.201724460637375458e+01
1.524622752466137765e+00 1.222791538321650151e+01
6.384397663690907221e-01 1.249965164984007160e+01
1.527777113283593780e+00 1.272033184298365072e+01
8.349890453808802571e-01 1.242164151226339186e+01
1.971110683398983987e+00 1.304334919975593010e+01
4.521083035418037577e-01 1.307361402915901927e+01
6.888082379604096861e-01 1.253209983942037020e+01
6.934817250541698286e-01 1.252541294140363348e+01
1.694343400517226872e+00 1.218233613727436904e+01
6.499649365615165486e-01 1.206552014868456624e+01
1.154842309490272667e+00 1.196967303500472823e+01
2.083694216890142670e+00 1.214530514871777989e+01
5.478289783080967368e-01 1.261764147634614908e+01
6.552629500858254685e-01 1.245152837553456848e+01
1.355389025935687330e+00 1.266049295287523258e+01
1.901977399344013442e+00 1.287643906385337722e+01
5.909040563649304856e-01 1.256398015177878236e+01
4.508714706740719058e-01 1.296440058944859608e+01
5.516919362415109163e-01 1.254124285846700815e+01
2.094562320687674006e+00 1.254095633336378413e+01
8.442458394566199065e-01 1.210595663895687579e+01
2.069592744496483672e+00 1.273190616302600553e+01
4.710350459146368518e-01 1.248478791790401132e+01
1.388523955895085038e+00 1.254940584409670912e+01
1.373726728825088728e+00 1.262358881408637856e+01
1.970629905714087915e+00 1.267248729998287082e+01
1.593366834222904815e+00 1.248296647772808043e+01
1.663703660856267863e+00 1.250088551614771681e+01
1.275011153592280122e+00 1.270475226743704944e+01
1.999368389893317888e+00 1.201196289335052647e+01
1.322143510596510252e+00 1.253608199364978759e+01
5.027847104433812442e-01 1.205894899677080545e+01
1.056881000725358621e+00 1.170435323448261045e+01
1.268716313725310352e+00 1.251034662001128339e+01
1.674820522011039259e+00 1.248698442858694868e+01
3.782080529064146823e-01 1.299316142721446177e+01
7.880321117817810084e-01 1.236226165036989144e+01
2.027105851067432241e+00 1.282767080969746232e+01
9.012631805495767701e-01 1.194456284380618172e+01
5.942874868122923759e-01 1.188151109157547758e+01
6.052968066702915095e-01 1.279404563027352992e+01
6.781876402108956148e-01 1.196265535563015803e+01
1.239553162041583834e+00 1.200256543739712178e+01
8.226963152228291554e-01 1.180151143990164186e+01
4.649229985333271364e-01 1.221559300686083915e+01
5.117208702044216961e-01 1.264471561347443362e+01
1.816651051150710350e+00 1.269663518851939088e+01
2.001719726315874581e+00 1.301845813219653358e+01
7.586574740053793064e-01 1.244850045090385748e+01
9.574496475835488907e-01 1.212899492711820670e+01
9.652543615988400383e-01 1.210295135153290502e+01
1.403974670602765373e+00 1.232602658816999330e+01
1.674794762465561915e+00 1.212575506230488109e+01
6.339386020412277611e-01 1.221778634868700841e+01
2.020214066773187156e+00 1.105449319402049113e+01
7.466103152756281558e-01 1.239652905658852156e+01
2.029891682265039687e+00 1.164875557147821361e+01
1.934070110989578817e+00 1.189096907991960883e+01
1.736362153707487588e+00 1.201601029871838477e+01
1.919751246682443346e+00 1.208755214948762458e+01
5.261332515637727747e-01 1.208445160610633984e+01
4.682601075439834504e-01 1.222142817319465813e+01
4.589793699131151650e-01 1.237652409755213156e+01
2.059378773503091953e+00 1.134261912907978953e+01
4.086397257091536339e-01 1.312558243075426745e+01
2.143121116389961500e+00 1.117574306980094256e+01
1.284416026788781195e+00 1.263663804995172946e+01
1.596190520137682034e+00 1.213823588275194254e+01
3.811633268109670403e-01 1.270458044683964438e+01
7.760055481024606960e-01 1.235462815538866899e+01
2.045025965426582104e+00 1.295192351361841610e+01
4.693930456511803961e-01 1.219041203390629313e+01
7.265858796448941836e-01 1.189366823340418122e+01
8.078772785529597655e-01 1.184186946269220719e+01
3.427821529449444626e-01 1.284622689890720615e+01
1.194569530193758222e+00 1.193511413573568269e+01
1.434320433508504022e+00 1.250342047560831382e+01
1.913435292760420792e+00 1.091400349095956734e+01
1.697861536972546492e+00 1.291814774954869094e+01
5.564423730412795255e-01 1.269118213430016695e+01
5.667318486268054789e-01 1.220527448205450938e+01
6.102936866280541661e-01 1.273380295647919702e+01
1.966827375164873049e+00 1.261850860118306983e+01
1.968117901767408418e+00 1.199922216254581464e+01
1.801815577160034820e+00 1.202052719820630244e+01
1.839234472968461986e+00 1.208277078237625624e+01
2.207597278325212464e+00 1.256777734363357091e+01
8.899829603377856779e-01 1.232682647893412309e+01
2.007888000044773857e+00 1.259205441841465500e+01
1.747850903815630685e+00 1.256772920144192263e+01
1.321141818891124808e+00 1.153815550056104833e+01
1.752634064648507239e+00 1.282518534233017427e+01
2.017922092599216288e+00 1.231107980667827029e+01
2.162893576937046536e+00 1.222912502360648546e+01
7.822670119024671687e-01 1.208562900842877319e+01
2.208345636070456752e+00 1.251314134139384571e+01
2.382607076392103895e+00 1.165602887916340258e+01
2.080995718256117843e+00 1.278870873136311026e+01
4.986728077587631036e-01 1.230083322673464963e+01
1.026811080325584991e+00 1.221068218591576127e+01
5.339866813120910383e-01 1.218615200932119080e+01
1.214158179094112278e+00 1.197983016876198548e+01
1.615679677842555284e+00 1.190143618430682437e+01
1.247779116105965480e+00 1.239989244247098377e+01
1.315789716806670562e+00 1.240873996116436295e+01
8.134506551395319640e-01 1.219560517896690577e+01
1.338084181391713701e+00 1.217439637544090836e+01
1.501287407079854086e+00 1.298783656653458429e+01
7.122622370681326309e-01 1.233329251147968542e+01
1.503841611091048636e+00 1.200326796073208158e+01
1.314288645954230006e+00 1.215524033885094646e+01
8.793916119244106211e-01 1.235945365482348102e+01
1.065208388704848907e+00 1.244696159665325652e+01
4.677270602025062618e-01 1.316360007160566603e+01
1.370583537010518160e+00 1.242162493378240562e+01
3.092389129114437307e-01 1.342179148998864235e+01
5.972844621878998783e-01 1.197756781373940882e+01
1.598374647552408101e+00 1.247099132895666607e+01
1.447579105091747254e+00 1.175901192056307565e+01
1.716139247367565401e+00 1.151801111560704705e+01
1.920023523565090651e+00 1.195521429709481609e+01
9.991860460671111444e-01 1.159572950954589565e+01
1.111300727853635317e+00 1.236129178750286961e+01
1.601003313851797394e+00 1.267273545099563492e+01
8.493700498125164033e-01 1.227970224660855258e+01
1.683878337457611618e+00 1.197011385751482315e+01
8.624944096384008496e-01 1.224418242060416695e+01
2.949979549780933352e-01 1.355167026464191693e+01
9.525415367412984891e-01 1.202046530963693272e+01
9.629532752869546242e-01 1.248350001700518597e+01
4.008629955048522708e-01 1.305114636173067311e+01
1.061397335469008496e+00 1.271926883203587089e+01
2.147895762795204444e+00 1.194087442847232339e+01
4.823232296357517490e-01 1.297252935757262549e+01
6.529586702778007457e-01 1.266053956541972880e+01
1.385327519190506118e+00 1.256544659979286749e+01
9.751212277260692396e-01 1.220134314889322447e+01
3.714866024697728863e-01 1.321284750855223500e+01
7.058225048957180725e-01 1.251358627321794081e+01
1.561240764271093484e+00 1.246610739650393818e+01
1.364814974511922463e+00 1.212321493870560118e+01
1.032037672851816135e+00 1.186458258569055069e+01
2.091974015293610378e+00 1.164201776041543646e+01
5.293475354385925868e-01 1.295721354249223545e+01
5.081873121980673425e-01 1.212535523259538195e+01
1.286622396909092636e+00 1.214388341983840114e+01
3.869903482200522382e-01 1.275579503436434514e+01
2.101327616324774716e+00 1.244498259106475935e+01
8.467235528669216915e-01 1.223603877342430835e+01
2.077361222119815665e+00 1.171328254009881498e+01
5.984664067401141985e-01 1.195117874344296105e+01
1.979769497704536807e+00 1.168895511006344279e+01
1.511925258761043223e+00 1.216976373008372292e+01
3.596436313768753279e-01 1.325479885946627512e+01
1.556882167038496467e+00 1.266227349471990316e+01
3.999752136231669586e-01 1.253699036802582434e+01
4.010451210046008241e-01 1.253021072191576479e+01
4.603201538131549420e-01 1.242705172977379746e+01
1.547413211786759835e+00 1.203465288926013699e+01
1.451279307880960046e+00 1.257098368050604442e+01
4.938314357332333482e-01 1.224700830239321547e+01
6.558923663310686214e-01 1.228625534407750663e+01
1.353492122884000670e+00 1.226988337221710523e+01
8.288322672857729723e-01 1.213216909686627787e+01
1.215824417553803327e+00 1.189092671703334148e+01
1.590188410064748092e+00 1.238510092590189160e+01
9.159235954556969039e-01 1.198101492595328921e+01
1.965246678881881870e+00 1.142303550137084400e+01
1.175658578591121550e+00 1.212224082490502930e+01
1.351562759506566236e+00 1.223135725073401758e+01
1.058885661243325060e+00 1.250569546256002695e+01
7.632791572708153005e-01 1.236857104506025351e+01
1.590040004194153367e+00 1.307258309914344174e+01
7.863235544831593815e-01 1.212807205928660714e+01
3.874551156376652705e-01 1.314819860715975963e+01
1.048063662195779733e+00 1.238780259796166838e+01
1.113980781941100506e+00 1.218647636902241338e+01
4.551088229034067068e-01 1.223638114744513139e+01
6.682543300327393743e-01 1.210022118101418265e+01
1.969128953346853894e+00 1.253239687643987565e+01
2.215013838439127802e+00 1.238262547167805927e+01
3.048795063136806593e-01 1.347366323854363124e+01
4.312608905334744391e-01 1.275224237517410586e+01
1.942375075826205055e+00 1.291591378979424043e+01
1.966279130959778465e+00 1.213606507089087039e+01
1.576940307716981016e+00 1.220519019148942519e+01
8.258483336149823328e-01 1.257186600256672548e+01
1.517431216296414087e+00 1.288881909015577598e+01
9.886709582223032200e-01 1.279734430173946258e+01
8.883496918642838081e-01 1.151592694502224745e+01
7.610975687697029146e-01 1.224842472659431891e+01
5.376942453369861763e-01 1.248182057673180090e+01
6.589217384515774212e-01 1.179000492047062210e+01
8.801099211743205197e-01 1.177290217227469604e+01
9.245983352454795190e-01 1.200435932260483263e+01
2.069684951355828417e+00 1.073807957211031550e+01
1.506317327081770685e+00 1.241588047969974618e+01
1.749883247091284844e+00 1.223962238086562593e+01
1.882466070082284615e+00 1.136703213105593768e+01
5.906995687590439470e-01 1.259298124614302772e+01
4.230498847591027123e-01 1.262231394990671340e+01
8.035682174985183668e-01 1.217638483971593644e+01
2.155618696473225349e+00 1.236560008614014805e+01
2.140809720382919501e+00 1.237381358748578641e+01
2.075816716550308527e+00 1.186490561820322931e+01
1.694614242091999179e+00 1.257182573375806278e+01
1.096545831720081798e+00 1.224628624360607887e+01
2.015015071804489910e+00 1.152779859797145967e+01
1.605457506789313538e+00 1.165129731034993732e+01
2.178702617106297978e+00 1.296680874609868539e+01
2.126555233992623695e+00 1.297404469436177799e+01
6.665576660016823141e-01 1.187791914981821506e+01
6.622842029186692958e-01 1.187998673916477976e+01
4.030017183203103981e-01 1.309898058968696688e+01
1.644447161528392876e+00 1.263541067274329066e+01
4.971352350289341415e-01 1.257179610526856983e+01
1.629808863223741078e+00 1.181781361570042499e+01
1.953957168356592167e+00 1.309998551607495187e+01
7.745816494366888350e-01 1.253194018878280502e+01
5.192682808929252047e-01 1.245406843401154795e+01
2.035022857838646448e+00 1.034182295680295915e+01
5.984609162190706044e-01 1.249453277661362982e+01
1.613776778041707383e+00 1.264730228765276010e+01
1.851852800957866974e+00 1.156628417486945359e+01
6.396387898352667856e-01 1.191427525297418555e+01
2.132817107235325249e+00 1.194280616853562726e+01
7.742528316699607283e-01 1.175744414999996579e+01
1.823784726669256839e+00 1.228556062527688475e+01
1.936620696424266264e+00 1.291265620623814669e+01
1.115322571419107955e+00 1.248640598934722412e+01
1.651212830230326611e+00 1.252715475083205909e+01
1.295166091285826493e+00 1.235826373853612026e+01
1.645389490665283727e+00 1.209202092752492952e+01
4.334482743741052135e-01 1.274850947945396129e+01
2.019919552612632341e+00 1.261340358536061856e+01
9.129655547860986431e-01 1.216400487160234078e+01
1.201516093900769189e+00 1.275981489230047750e+01
1.003619774027778133e+00 1.265180701483892101e+01
2.081981474805999710e+00 1.159801616433377092e+01
8.865473668956836972e-01 1.223501818748127157e+01
6.963034539448957894e-01 1.256316737918777804e+01
1.919509818624949071e+00 1.259717506037885748e+01
3.536402403988380128e-01 1.325426283696665664e+01
4.693706397138922570e-01 1.255245564402926917e+01
1.735424731073985649e+00 1.156539857674407834e+01
1.258610565474865384e+00 1.226564892587667366e+01
7.417745923319982726e-01 1.236248557084058675e+01
4.104324840903424421e-01 1.293731621405526688e+01
1.909963635859161846e+00 1.260957002085990197e+01
8.506317548552717600e-01 1.187831610042355734e+01
1.493632124920430071e+00 1.247480756669730617e+01
8.118737366498643970e-01 1.215734984642416094e+01
1.008365335318155864e+00 1.259034775742164847e+01
2.249318438864608805e+00 1.171058325322229621e+01
7.473534291993707557e-01 1.273349264917113288e+01
1.280671020655490544e+00 1.216270051263240326e+01
1.797016850505825047e+00 1.200239224297469320e+01
8.263226694203966716e-01 1.220659845673170629e+01
1.969495341714020409e+00 1.184933951078825665e+01
3.724769673531633241e-01 1.321117428117688952e+01
2.253898299060955512e+00 1.301307729788690537e+01
1.930359340733944329e+00 1.134234677396170099e+01
1.929419248820500199e+00 1.142606394277923343e+01
1.580068616933032688e+00 1.285593230509230800e+01
4.684833870647590048e-01 1.220664808092067766e+01
1.685029624676401605e+00 1.234133777722327530e+01
2.028953374595898751e+00 1.057372835137604739e+01
1.721175304158298669e+00 1.124766608982851679e+01
1.791349473657358526e+00 1.261438849734359913e+01
1.308520902683951936e+00 1.186087115546706450e+01
3.688256273916615258e-01 1.323850189156751789e+01
9.003235045939969039e-01 1.182409962599427899e+01
1.660925577288195676e+00 1.141465543354854617e+01
1.914791181327015535e+00 1.295202279760096076e+01
3.104032444464031593e-01 1.344968762898082915e+01
1.193420392865290225e+00 1.204360000254825991e+01
7.833193929771826713e-01 1.190066858458833465e+01
4.901741891658575878e-01 1.272062772325131519e+01
2.041250059854455845e+00 1.254220021422166909e+01
1.645702455005027876e+00 1.255678733966194116e+01
1.487530849437948222e+00 1.244455575964629013e+01
1.764297736277973927e+00 1.268501472763585625e+01
1.176044027347455501e+00 1.233378613481416330e+01
1.479973060502158821e+00 1.243972874922845229e+01
5.216040288171570616e-01 1.224706702145164527e+01
6.285957882691275422e-01 1.210498921950479811e+01
4.152639295895075855e-01 1.313825802392243602e+01
5.097600176760433976e-01 1.275804288150773402e+01
1.303146017835694614e+00 1.206874744709014813e+01
3.913793404247201679e-01 1.281191234880458296e+01
8.111161260060067990e-01 1.224472384844951733e+01
1.910640523827467963e+00 1.307225106381126523e+01
6.293908508701939741e-01 1.269948890163438904e+01
5.295349871802143005e-01 1.222890487820584760e+01
1.367352068971816381e+00 1.207911473522102419e+01
4.193171040888609147e-01 1.308102003335960362e+01
1.607319742927051154e+00 1.207228479144583311e+01
2.060618780356830104e+00 1.204592312167277512e+01
1.521445844103732625e+00 1.263521112520341561e+01
1.113350656400051708e+00 1.248169045398918620e+01
8.822417073787295339e-01 1.219445687611010776e+01
7.195920346055717509e-01 1.214069401211048493e+01
4.168143804192239732e-01 1.252031136110998233e+01
4.593920014444611288e-01 1.234373709626673765e+01
4.103012785986682731e-01 1.286280686561346087e+01
1.795986464311705610e+00 1.298066580020995886e+01
2.132356763553281187e+00 1.267827088326491136e+01
3.404516183159742582e-01 1.286038142817040608e+01
7.923231149284306607e-01 1.181452389046974183e+01
7.553502535760302505e-01 1.208686009126426164e+01
4.568461038483683234e-01 1.266366037084103269e+01
1.496736675753719270e+00 1.211739827721667773e+01
4.003977125540860160e-01 1.309135800299251429e+01
1.724929984182303144e+00 1.164696809571790759e+01
2.143622083047919791e+00 1.326929465261241603e+01
1.061344435990241086e+00 1.242176195967021002e+01
1.252934588182466946e+00 1.253917988674528949e+01
4.379318792123709225e-01 1.311465003679931129e+01
2.244115258392111567e+00 1.158505208946986897e+01
1.433180249481325275e+00 1.299534922986787322e+01
1.818961385458272018e+00 1.314900975013497764e+01
1.869523986218216027e+00 1.304169178410782415e+01
1.843187287115553907e+00 1.302925255650326797e+01
2.025292311220872499e+00 1.308425449596819767e+01
1.405286941161501435e+00 1.255016971432487871e+01
4.553469681188793139e-01 1.310240277701763745e+01
2.204391399401099516e+00 1.194078332367489814e+01
1.192906448185888868e+00 1.245921243454760585e+01
2.168201734133040848e+00 1.323202152434116208e+01
3.571723644251758589e-01 1.325087385631081638e+01
1.869139794495988438e+00 1.169331242597177223e+01
2.063616304302924309e+00 1.320430468214478026e+01
9.239182217207116965e-01 1.207100362465480536e+01
1.586738904789343652e+00 1.221449090562737005e+01
5.859144738085161341e-01 1.251188481919996676e+01
2.111919361016691088e+00 1.270320066103527523e+01
3.237478067207497645e-01 1.331904841522845651e+01
1.970330140136540287e+00 1.153190818640296555e+01
1.103531311419424066e+00 1.252169322901280424e+01
1.894635312917248626e+00 1.227105591290140296e+01
1.953956769482429356e+00 1.227219797018679337e+01
3.955457425912067282e-01 1.264543454283536583e+01
6.808733492171795687e-01 1.222740720735529152e+01
1.086672208533699502e+00 1.204493450501629681e+01
1.797771858307627868e+00 1.293390516562143588e+01
2.082148795568510735e+00 1.295618912924589594e+01
1.599808258666318039e+00 1.190020565116987328e+01
1.276361512905879625e+00 1.263128919171718501e+01
4.400229614606547823e-01 1.299527133622182618e+01
4.960258060802065772e-01 1.282685629921882864e+01
1.547735233088988638e+00 1.269427994687183059e+01
1.519494577880916353e+00 1.287024890340388517e+01
1.151024894741575988e+00 1.266369751415964018e+01
1.062378879232511064e+00 1.261515725075920358e+01
1.220163166860604775e+00 1.269390224308011561e+01
1.078698728686375619e+00 1.216466554590907911e+01
1.035216084946983139e+00 1.213653541887782517e+01
4.504979238687965570e-01 1.258482642076060642e+01
1.384458953517561097e+00 1.239187088691376459e+01
1.882264306417720467e+00 1.229682995531799961e+01
1.378660003522770960e+00 1.205449583498877075e+01
2.891654143032073021e-01 1.356431128621502857e+01
1.648022818352830710e+00 1.247413172520522551e+01
1.004558382524336047e+00 1.257220192124387559e+01
6.873994824858028485e-01 1.251610167015475028e+01
7.954744350512091833e-01 1.252862327900253980e+01
1.595858860278706270e+00 1.254826778154741262e+01
1.614477780062715695e+00 1.254062033941310084e+01
1.333444963787655757e+00 1.253900782569635375e+01
1.307650999219982291e+00 1.242955600278662587e+01
4.870670813922399200e-01 1.253869377353467307e+01
1.071115528999649902e+00 1.263804830791127465e+01
4.232051773265425032e-01 1.316711710844286642e+01
1.984598979650992856e+00 1.304002733885485021e+01
7.475493929054148889e-01 1.270394783810412065e+01
1.945890587884175016e+00 1.201871011650850818e+01
1.152510098554444085e+00 1.205969346310731716e+01
7.876615599131634449e-01 1.218721741022866034e+01
2.245939765777973829e+00 1.246033120559948415e+01
2.067151899566905371e+00 1.254768566031016164e+01
1.862917661749805776e+00 1.264408649181808642e+01
1.385371739907564015e+00 1.203323512551589225e+01
6.431384425171017272e-01 1.184026289720591940e+01
1.381215959227845902e+00 1.173173701595175267e+01
1.966646284764582697e+00 1.085429861756295011e+01
1.116329097123359926e+00 1.208346230336335303e+01
5.598573546266895073e-01 1.282516469068490927e+01
6.283362104155911787e-01 1.232386942380419903e+01
1.293464074430817012e+00 1.225276507416886673e+01
1.272561318980629963e+00 1.249886470812790407e+01
4.520655218847938750e-01 1.300957728350332410e+01
1.209577546690502992e+00 1.241767015510174410e+01
2.854505039149742851e-01 1.362481868845260635e+01
4.927020417226359306e-01 1.200380944194866117e+01
9.392540338803483380e-01 1.251729762161447823e+01
1.075293572342009396e+00 1.256839264592548666e+01
5.531692511379641131e-01 1.283469884876927836e+01
1.643769268816972051e+00 1.180003587290908484e+01
1.871607517477329008e+00 1.237976326624026768e+01
8.180060803083363252e-01 1.256838554200125202e+01
6.197840893397932316e-01 1.273566234876160941e+01
1.352373451903533308e+00 1.199760684173497793e+01
3.119909780545920830e-01 1.335739315803520100e+01
1.065906283335450455e+00 1.218779102389756552e+01
1.928449268071277700e+00 1.185221268612311540e+01
6.845976230871336776e-01 1.244641734357544216e+01
1.452438358806273033e+00 1.213038618359932030e+01
1.465418932763300930e+00 1.228276678099777364e+01
6.733131343714700012e-01 1.211793502478934670e+01
1.207436911390884493e+00 1.220820297592821113e+01
1.543072482225199327e+00 1.239786768382419879e+01
9.870712890746887735e-01 1.252576771970102776e+01
1.519991626046351740e+00 1.294977308841980701e+01
1.975741907407939868e+00 1.319234984594006477e+01
7.951340881333437416e-01 1.215050850905783975e+01
4.164939674216284193e-01 1.275877937810325236e+01
5.579803196526994524e-01 1.206274179388436885e+01
1.030122578248761522e+00 1.201423021215533993e+01
4.192984712864221697e-01 1.275845962537499112e+01
1.358547460356572589e+00 1.172832288107096943e+01
1.838132247794887597e+00 1.112734388441211486e+01
2.126503591596816012e+00 1.253731930610365453e+01
1.544069832296433020e+00 1.222871493510845653e+01
6.277802985882463549e-01 1.235466768216587852e+01
1.756961746871228858e+00 1.241377920793467737e+01
6.040918696321355696e-01 1.216300303594210419e+01
1.899610263104684726e+00 1.176521904999787616e+01
8.469548919018279332e-01 1.184276987621736232e+01
1.747840565985953276e+00 1.249616552913058776e+01
1.673744519529742680e+00 1.193925076460365631e+01
4.467189954259234708e-01 1.275246905978993439e+01
6.647647606549049737e-01 1.233273146303430678e+01
1.364933542648739895e+00 1.194303339434874012e+01
6.609815010036428351e-01 1.206648156834246066e+01
1.866098930473589990e+00 1.244044008707419025e+01
1.989071733442489442e+00 1.252466065146541219e+01
1.512391641027473144e+00 1.248748290602361699e+01
1.951026269113762535e+00 1.159931822963208425e+01
1.777918184355747222e+00 1.185748237900298641e+01
9.176222386402077547e-01 1.231218279920282832e+01
1.588933355838650030e+00 1.272825210830257348e+01
1.944223782949034751e+00 1.257802974124381024e+01
1.045330254539285519e+00 1.212400533027572536e+01
1.534256136387042613e+00 1.204591898819111506e+01
1.046721240689781229e+00 1.186023233508560182e+01
4.649909950802864067e-01 1.253577623013042341e+01
1.914374042016195432e+00 1.304432780224273181e+01
1.104506263376949349e+00 1.235266214613406532e+01
1.585847625129082505e+00 1.213954386674238606e+01
1.821628473151931438e+00 1.271127162934001298e+01
1.180549656911757506e+00 1.234667557481715683e+01
1.182331446409615516e+00 1.265510713992602021e+01
1.646672215349322288e+00 1.202505426474297501e+01
1.375084270151202492e+00 1.228670860930515651e+01
1.445838425805838545e+00 1.278201935694471914e+01
2.262635171842612536e+00 1.277248732216519933e+01
1.681985193440254767e+00 1.192514575769188845e+01
1.446444216418130813e+00 1.198544789476061290e+01
1.932931939019868928e+00 1.272735169230695540e+01
5.625093287352758153e-01 1.242390972490783696e+01
1.178747796865627695e+00 1.225528791421055352e+01
1.769710595706575518e+00 1.224837929137409631e+01
1.010544013799771212e+00 1.183486832319582405e+01
5.537083394795065949e-01 1.290098917486363383e+01
7.848331767421826699e-01 1.237273723856502450e+01
1.050854284221484303e+00 1.242931954741065681e+01
1.771162585756701269e+00 1.191298589383241335e+01
1.496232693150773452e+00 1.198203512027293627e+01
1.527914877421769013e+00 1.237979083141408942e+01
1.243783430928177003e+00 1.240879294670926214e+01
3.182967481207774063e-01 1.334783892703889485e+01
1.768399981084140871e+00 1.130561057027699690e+01
1.814214610910486636e+00 1.240895587959781743e+01
5.544965489123969693e-01 1.199450381786227382e+01
1.877107226343769586e+00 1.265270135050968037e+01
6.031387069363371989e-01 1.277509748332207273e+01
1.567489777524459393e+00 1.251667634670592832e+01
1.853243034938889089e+00 1.246352721536134212e+01
8.788149757618641811e-01 1.183660906806103164e+01
5.136797143912393837e-01 1.303253421141691781e+01
1.477961452139808118e+00 1.238145659761912221e+01
1.412075015280445989e+00 1.226241577650371717e+01
6.290535223412609955e-01 1.211338086138658277e+01
8.207265325235324482e-01 1.251207591900871385e+01
6.755617771539210725e-01 1.223173540037156037e+01
8.836855578748299411e-01 1.209057785997369372e+01
4.626086927856611908e-01 1.290002874158716750e+01
1.517710603578889206e+00 1.261708147423852644e+01
5.558571208651651441e-01 1.266270828826615436e+01
4.223245401432876855e-01 1.308565233235290748e+01
6.803752587867091250e-01 1.257810187334754559e+01
1.969967782958380598e+00 1.155367455392322817e+01
2.099114278166718250e+00 1.128889793330315072e+01
1.162948587400503220e+00 1.236690586409556225e+01
4.743823602623086222e-01 1.299268780461571637e+01
1.445957755563240132e+00 1.227003764406069841e+01
8.756882835193092740e-01 1.234016451602685294e+01
6.093988933898348836e-01 1.266622172195500617e+01
7.171059030592691341e-01 1.257611196565885159e+01
2.238810001640630709e+00 1.231412866034795250e+01
1.021736209915989013e+00 1.217159198625178007e+01
1.861533693850059290e+00 1.198035490858271324e+01
1.734724921785506524e+00 1.205640392931110760e+01
2.006439634137420214e+00 1.219750342489898465e+01
4.240800347934722270e-01 1.236408001345810881e+01
1.123162988047708977e+00 1.198585251266660201e+01
1.686510657047406436e+00 1.190516611269587344e+01
8.552261398220093458e-01 1.165846209094698516e+01
1.171998060263340191e+00 1.162573313456593738e+01
3.958921884683933023e-01 1.310306104830337404e+01
1.940974096815722749e+00 1.278290322188927242e+01
4.492522840703772613e-01 1.247536403332568433e+01
1.416441221322843003e+00 1.281351308351213092e+01
1.803252867145364924e+00 1.122510983659723394e+01
1.507535874391788822e+00 1.274610482289605251e+01
1.573903243116496098e+00 1.179901452130581418e+01
1.391022289738313766e+00 1.180738333223212244e+01
1.679533445947567039e+00 1.281784386395734465e+01
1.993988402960641393e+00 1.299653998256916232e+01
1.809666076290631587e+00 1.288067559718395572e+01
1.576916061773447897e+00 1.278552363100539857e+01
6.705747804126527267e-01 1.221537511843534851e+01
1.527748187472368180e+00 1.248753255506768589e+01
3.893683982676752753e-01 1.266862171075224630e+01
1.838961722626068829e+00 1.280496795899264662e+01
4.493950148879856665e-01 1.310720288859338112e+01
8.446397024823217858e-01 1.242086460147377558e+01
1.226553145426235725e+00 1.245846722126235484e+01
6.202987331221381240e-01 1.264497590391812132e+01
1.212015081632532576e+00 1.234516442046719575e+01
8.725415321223065623e-01 1.246272963507401066e+01
5.242669803075443724e-01 1.217622282442775550e+01
1.930755569654719617e+00 1.056619286715693384e+01
1.919014716702154288e+00 1.268275599205451520e+01
5.586105240469614319e-01 1.228156373540909208e+01
8.992097198829661631e-01 1.251005715227845627e+01
1.733669638230797228e+00 1.210898449179058112e+01
1.771876968788834716e+00 1.128726427373953811e+01
5.778368018174131482e-01 1.223623587860249451e+01
2.004025840696694871e+00 1.253217289422424585e+01
6.306233167751383872e-01 1.266949567468897442e+01
4.711626101970003977e-01 1.316466822466622411e+01
2.024102428484521710e+00 1.230763001934905709e+01
6.834745422927204217e-01 1.205189293736975920e+01
1.314867691365540825e+00 1.219179393300699132e+01
1.592000459566301540e+00 1.231931261012051770e+01
2.179370057516089698e+00 1.199293612354384564e+01
2.221978647291952935e+00 1.253368041299735403e+01
1.226049097870409943e+00 1.199255087291720834e+01
1.646813764371250377e+00 1.188444921333401538e+01
9.523825787005955057e-01 1.168345419311373412e+01
1.821205895000352459e+00 1.106157431705916494e+01
5.353385763973397271e-01 1.263845117780748240e+01
4.289313183006390195e-01 1.298362937744089329e+01
1.355328904377455901e+00 1.224116528527001435e+01
7.783257100109368665e-01 1.192739626193831448e+01
1.100357263817145048e+00 1.255941243754796410e+01
1.755665570612304771e+00 1.306389337657997807e+01
1.789703076917753988e+00 1.229029630870307876e+01
1.933568458342247887e+00 1.188677596021896044e+01
2.364094152468140031e+00 1.174905415014178978e+01
1.889070192507408708e+00 1.186108099525299409e+01
3.413247532001238982e-01 1.321103414803084952e+01
1.804641730759472429e+00 1.289532064442218307e+01
1.168499821902686531e+00 1.250517110955269295e+01
8.204572882629358466e-01 1.179776432759098448e+01
1.390147209427210484e+00 1.223628565676578006e+01
1.030906865639182657e+00 1.217363003899333762e+01
4.828874045863913445e-01 1.281580437699794750e+01
2.123531334929074088e+00 1.147172009599518461e+01
2.278729218952855184e+00 1.230274921236978081e+01
1.807243482436316606e+00 1.256400152233851841e+01
3.878360123667017878e-01 1.310517566160364389e+01
1.839560143080788635e+00 1.200982759351647466e+01
4.487113880094595886e-01 1.286281469049921533e+01
3.549381373484303825e-01 1.285901779547564416e+01
7.300713143110222347e-01 1.241444970688217708e+01
1.390087287218818579e+00 1.270005762533761562e+01
1.162796507244898025e+00 1.239693170429486280e+01
1.820691946833197683e+00 1.294984037436679536e+01
1.352144962559586050e+00 1.239818657782357114e+01
8.343800862571759680e-01 1.208299309910890962e+01
8.125123584735216564e-01 1.207736659636544552e+01
1.931604466245617324e+00 1.314088973320760800e+01
1.629456906316978149e+00 1.282289201528729450e+01
8.166179623269599341e-01 1.254372522804440671e+01
1.165947444065015270e+00 1.243382078248616551e+01
1.051887576488464759e+00 1.249281054019445314e+01
8.988898483768804626e-01 1.191187945621928357e+01
1.839954548433862191e+00 1.290309115404722817e+01
1.359879238227683862e+00 1.262981154350279667e+01
2.018634929988763371e+00 1.087339884194535955e+01
5.610472200077908367e-01 1.181410147855166493e+01
7.257631961537759357e-01 1.177986522361702981e+01
1.233999353129065168e+00 1.197909833932938817e+01
6.208494530079737839e-01 1.227328274581547518e+01
1.365953455715852360e+00 1.273678967883237689e+01
9.528595364494568676e-01 1.268338815100636552e+01
1.990802664417071544e+00 1.259969726426460390e+01
8.394661124510347516e-01 1.204212819810428492e+01
1.916807557023801012e+00 1.120230224504477334e+01
1.137995280703256729e+00 1.250255816757362304e+01
1.474004735765121143e+00 1.273880406082426830e+01
8.264782984477321293e-01 1.214106927771261191e+01
5.492559847496433223e-01 1.227796666471282272e+01
1.624173644848690312e+00 1.242549820407588257e+01
1.484960114635198503e+00 1.241049874484256321e+01
1.747359923735913645e+00 1.301500959903927779e+01
7.282504440623684960e-01 1.187477680167406291e+01
8.747283473613933769e-01 1.214856793967872228e+01
1.773861805373708078e+00 1.197887493425221095e+01
1.268231133440581582e+00 1.209751304802786720e+01
1.178460138030944071e+00 1.263109639791550620e+01
1.348198967492727496e+00 1.273464874015013670e+01
3.344846482214264838e-01 1.329184812486320233e+01
3.905421826750387626e-01 1.279693091559299489e+01
6.292827259921727201e-01 1.212955908871185073e+01
1.287646725086867949e+00 1.207602854830431482e+01
1.057888677421053858e+00 1.200905710318642505e+01
1.257577162320969943e+00 1.250524948794089575e+01
3.693503441905710005e-01 1.322673424946263943e+01
1.187675179930014702e+00 1.235975478337332412e+01
1.366638609738659138e+00 1.242058432542728319e+01
9.627658115117241344e-01 1.238215995398792124e+01
7.624356309839851464e-01 1.186895433290696467e+01
4.096520172431072915e-01 1.245828832237676487e+01
1.779345458114952594e+00 1.246651933818891678e+01
1.477290798107848691e+00 1.260060579671145220e+01
4.655332058063836875e-01 1.232103587125200939e+01
3.195894441056251756e-01 1.341946950378865999e+01
5.292741252863787382e-01 1.221080429834805692e+01
8.206560345816479307e-01 1.197262649605801599e+01
1.113925641334171379e+00 1.200618187944816917e+01
2.138528235218638773e+00 1.171360975686179984e+01
3.864498329978000024e-01 1.316257821957941943e+01
1.774227152560145182e+00 1.258379410252456942e+01
4.217506180605145039e-01 1.242056533835653909e+01
8.723733968070078726e-01 1.270052848694136749e+01
1.620917315387536695e+00 1.239719906989384235e+01
5.943743273500580182e-01 1.230806058435133110e+01
1.079231247498085411e+00 1.241665887061290618e+01
1.857175610946383060e+00 1.263726119575484397e+01
1.084226540084727741e+00 1.220527895940946017e+01
4.753749521944044543e-01 1.213217458860276565e+01
2.055044835901080003e+00 1.302448409661143636e+01
1.705530044306362125e+00 1.292178248948153829e+01
5.094481019373131581e-01 1.258950557076501120e+01
5.724522363414690229e-01 1.217722582327904668e+01
9.981174851443426199e-01 1.202705972214635644e+01
1.533332215079706629e+00 1.226963791323792208e+01
1.587702237582522491e+00 1.286910494718710396e+01
7.515891312054511220e-01 1.252893336791733248e+01
2.160319591061687028e+00 1.283326675919691340e+01
2.044696474792629282e+00 1.282717577225022509e+01
1.622370121158874801e+00 1.291268691228051502e+01
8.419952223290044779e-01 1.244365935897901210e+01
8.145248030962104480e-01 1.241797023330493310e+01
1.530630404665467514e+00 1.215703233469718292e+01
9.201225422668057874e-01 1.190826677354315777e+01
5.751685298138958791e-01 1.235006134626119412e+01
4.016096050080948388e-01 1.244493733783975742e+01
7.957204315555507224e-01 1.190280375612040054e+01
6.583018271177114578e-01 1.236565784845310212e+01
6.879891461640978978e-01 1.234964131738840187e+01
2.042257297532957594e+00 1.227426856359493890e+01
5.375037113111480469e-01 1.266686655946335982e+01
3.413908368218702138e-01 1.288326258616749698e+01
1.912418267594717225e+00 1.162397078034506848e+01
9.424370418379177661e-01 1.226592617381606054e+01
1.023071637676778334e+00 1.170699164127159442e+01
1.813889750992399685e+00 1.273719470562791756e+01
1.358344033040516541e+00 1.252736930751887456e+01
9.401853387148852992e-01 1.241788682552794931e+01
6.976537103106875692e-01 1.228826302212310217e+01
1.310445939123225489e+00 1.192248579191238633e+01
1.156197732377922671e+00 1.220369621528454829e+01
1.851941674446833996e+00 1.263631582680368481e+01
2.145851733770371972e+00 1.297211345587992959e+01
9.079338284538253090e-01 1.149250610448983068e+01
4.076621404192489750e-01 1.276316951856362714e+01
1.132032366151450198e+00 1.212005343957835279e+01
1.108696638474399032e+00 1.176650743211257222e+01
1.298656803487719724e+00 1.174036619449948482e+01
1.910022265304163192e+00 1.135744108679101316e+01
1.951338575825775523e+00 1.271457324655528609e+01
1.750039787593079987e+00 1.265075484811302253e+01
1.612049204102653954e+00 1.267663564655134145e+01
1.844394592032077673e+00 1.279497067626121698e+01
1.027929030030499291e+00 1.271233292958098993e+01
7.332432158037689440e-01 1.280774404295645219e+01
1.232708352950624864e+00 1.206752802966868110e+01
3.988877436021417422e-01 1.268789660662685215e+01
1.478754313721761360e+00 1.175928776213092775e+01
6.479612332684755449e-01 1.197405585280568729e+01
9.261365408667617816e-01 1.261556627076535797e+01
2.081721288319804852e+00 1.309642251736900498e+01
3.902699981976152088e-01 1.248092652757930132e+01
2.931365195451436367e-01 1.353151745961178243e+01
1.230397520419886037e+00 1.274255520405493414e+01
1.799372877758452116e+00 1.249895869534578807e+01
5.387518262986701334e-01 1.223298010980435713e+01
1.694759969822282386e+00 1.241918353347787551e+01
5.211685253032543041e-01 1.229126898736120133e+01
1.883253616836056743e+00 1.289035173233322062e+01
9.605698030298907009e-01 1.247926971257286866e+01
1.101196556199290910e+00 1.253689113730673732e+01
3.699070290042215103e-01 1.277144585128418441e+01
4.956356861086528842e-01 1.215508654831370805e+01
1.261576030739107956e+00 1.203307755604387452e+01
7.091457662698523734e-01 1.206353103308885899e+01
1.279542642916660755e+00 1.186123014328810932e+01
1.333838850617580896e+00 1.263533188258368511e+01
1.544738660000661401e+00 1.230290569661487510e+01
4.031699851050933314e-01 1.319638666414607009e+01
1.141820012386990824e+00 1.228801996859336043e+01
1.020795793140839125e+00 1.217383519551699322e+01
1.150041715619441129e+00 1.223146080927899959e+01
4.089917563219810370e-01 1.262366559377168684e+01
1.445644384200460486e+00 1.217707358545097840e+01
1.867697212947373231e+00 1.229392381807697987e+01
1.177632122190491737e+00 1.252924734018144726e+01
2.083974390209586858e+00 1.240133072438826112e+01
3.882214952715130618e-01 1.295868572886120695e+01
1.655112149754365936e+00 1.265019459158950887e+01
1.915121432234005994e+00 1.278989871117206256e+01
3.414810246119027171e-01 1.330975261748912963e+01
1.148293930144777208e+00 1.182223339801062068e+01
1.042861950258092252e+00 1.190844415566780334e+01
2.124233303696911879e+00 1.118639258312548890e+01
1.522381730369406938e+00 1.168028741397581349e+01
4.513004251716712933e-01 1.268742737125366027e+01
1.700305517271384126e+00 1.293477423459833453e+01
2.002563946857181421e+00 1.242417088344421927e+01
2.116742256619051243e+00 1.236782616631063902e+01
1.563780113097600122e+00 1.191610532477482209e+01
2.140139637118161353e+00 1.222521798356355127e+01
5.390521864003388064e-01 1.243024095642998361e+01
1.136549326787628766e+00 1.217428078967250826e+01
4.715604284897909615e-01 1.243664886501947819e+01
7.357405628708545420e-01 1.203900185983972193e+01
1.032581329206829990e+00 1.210542338811911556e+01
5.861738549217059280e-01 1.247904051183355101e+01
2.188596980508859868e+00 1.222227833591470514e+01
4.212807169200179502e-01 1.247731492569401368e+01
2.023584864483920054e+00 1.092778442620875090e+01
1.656442773885587361e+00 1.144241636923277028e+01
1.078526330618482021e+00 1.218736927750705057e+01
1.020225522362370185e+00 1.227694311877928257e+01
4.690288093003275316e-01 1.255977329367744666e+01
4.405909698860818180e-01 1.268207734422162680e+01
1.435386973378687037e+00 1.208528701327581878e+01
1.588976921760293815e+00 1.194498843990086989e+01
8.455261892167521554e-01 1.200517237348774735e+01
4.199021305810762827e-01 1.274187098828993214e+01
1.992412650341309543e+00 1.204898287404220980e+01
1.393484322716389112e+00 1.267785243396118489e+01
1.393238956772489878e+00 1.267765135055636705e+01
3.842893238042495163e-01 1.264091859568027765e+01
5.154310500286130026e-01 1.249392734372252178e+01
1.448418780675351014e+00 1.247069403355476425e+01
5.502575642441905890e-01 1.221761808276319883e+01
1.951522882985278429e+00 1.097780704431951548e+01
8.058919111253217693e-01 1.237628147321426120e+01
5.857404230221073815e-01 1.245533468012330047e+01
6.949421141954389425e-01 1.252307155275433104e+01
7.097750676717511364e-01 1.225129437804051591e+01
1.808751114925071901e+00 1.261512315346458379e+01
1.233787045263948112e+00 1.228403101707644218e+01
1.977283688378060456e+00 1.306676819725475447e+01
1.588186264053338848e+00 1.265763260299478610e+01
5.322446763884605136e-01 1.235378804162746924e+01
1.606322632585102550e+00 1.262053723150037676e+01
4.769482044239017338e-01 1.317514896655211309e+01
2.194879582277491359e+00 1.274118702924474356e+01
2.108026643451613502e+00 1.211051112235946725e+01
3.600731187283797152e-01 1.304585117125298588e+01
1.624581022798066599e+00 1.229045190628865036e+01
1.203535458734887875e+00 1.258674429004229545e+01
7.526777537488286152e-01 1.241699578043389529e+01
1.382609492322103062e+00 1.224212105755624336e+01
8.700767911804389021e-01 1.221861396378294096e+01
5.938264757452174081e-01 1.210861761056267127e+01
6.383404194158970313e-01 1.211650550007766647e+01
1.031414516403942327e+00 1.209997653482660596e+01
4.439249347566838200e-01 1.225644017331686619e+01
4.695256593279082402e-01 1.216024954212017839e+01
1.718654730534374675e+00 1.238227993285386752e+01
1.962800092282893205e+00 1.235016290621256907e+01
7.393122535036497078e-01 1.225359632964913814e+01
1.816469124865410567e+00 1.296484695473901638e+01
2.128324403344378002e+00 1.146071595541600630e+01
1.373441308426758489e+00 1.245117690671141197e+01
1.851454401683387818e+00 1.252601296761075744e+01
1.839086180802915527e+00 1.292213322055388858e+01
1.397509296324688011e+00 1.245136252810042521e+01
1.547805462723145675e+00 1.253570508603032252e+01
5.462367636472490462e-01 1.269578080874930315e+01
1.988164374315486871e+00 1.208884687043095241e+01
5.655273053765960123e-01 1.242603013733441664e+01
1.852918217584655247e+00 1.231658312224498886e+01
3.372113630978316179e-01 1.290488059049599734e+01
1.048271114209335941e+00 1.181786340586615225e+01
1.627451249340839956e+00 1.216478734511662907e+01
7.684777685719097473e-01 1.194920645886358024e+01
9.060982287976402372e-01 1.193437564392975148e+01
7.171815208726620705e-01 1.191859820638268275e+01
1.052585198226660523e+00 1.261737105087525634e+01
1.026641163319509609e+00 1.260454546071806980e+01
1.778787035640303937e+00 1.273545962800275255e+01
1.981797802797812702e+00 1.268437829005691242e+01
3.745441497143871534e-01 1.302879888007711351e+01
4.155731443910884448e-01 1.251530647536477758e+01
3.196503207831002946e-01 1.332733517704591542e+01
1.207071466924503289e+00 1.221688169147683034e+01
1.981874870515510034e+00 1.262502123175397095e+01
1.942347513766633060e+00 1.262707182628420099e+01
1.843012176221078491e+00 1.243627754465540924e+01
4.916804288189942085e-01 1.259241263291698942e+01
6.861157922596697878e-01 1.196529802961194910e+01
2.187945450963189487e+00 1.241485246505733286e+01
4.412136574073249884e-01 1.300387841815864221e+01
4.267335118051795440e-01 1.311309591376528161e+01
5.139666922574095409e-01 1.212623306129776957e+01
1.058082465475726153e+00 1.220530234870176578e+01
1.447598532370833135e+00 1.263183631308608135e+01
1.200616484171468823e+00 1.246907769914662900e+01
1.567820476435760613e+00 1.224253762848288041e+01
3.617847116021006837e-01 1.295082622319041299e+01
5.232967056070738643e-01 1.233691836026202004e+01
3.403167327264302600e-01 1.329915230791179681e+01
9.092673472602634810e-01 1.226831348778388175e+01
1.653891576256063090e+00 1.214163254951834681e+01
1.906454695087789197e+00 1.204953118899826592e+01
1.635752042650390203e+00 1.259682620962023414e+01
8.923656524478447150e-01 1.212815447391351853e+01
1.614378285066336183e+00 1.283222470237486945e+01
1.110574765969290167e+00 1.251760983536087757e+01
1.659798494353364795e+00 1.137041940504922266e+01
4.326279220445263252e-01 1.230909903349471968e+01
4.242556766035078253e-01 1.234521002621784724e+01
2.043950024937036147e+00 1.232151332712681224e+01
2.079272878187778950e+00 1.226052108294457810e+01
5.585733678261486368e-01 1.212162723644576978e+01
1.422386705058058531e+00 1.253429140788350260e+01
1.532711727692494641e+00 1.275780052609877124e+01
1.145390584201641859e+00 1.264667476817111336e+01
2.059223356665869087e+00 1.129269264247632165e+01
5.106621991583212283e-01 1.199735050417278259e+01
8.978230546135967938e-01 1.180530416569658492e+01
6.200879625205270029e-01 1.260526231390094409e+01
3.114552633711640817e-01 1.345239888068314826e+01
7.514350974616162970e-01 1.201114386140070778e+01
4.713573137365613674e-01 1.294476055575757734e+01
7.117117093507622227e-01 1.187591390046079809e+01
4.626932652249873268e-01 1.215296721874808128e+01
2.161914691630729024e+00 1.260509729719774796e+01
1.139434070848234004e+00 1.252041926296996266e+01
1.803775535928133777e+00 1.287282069501189063e+01
6.189414644142723354e-01 1.248103711346460543e+01
1.896711465207129965e+00 1.295474812247016061e+01
3.518619332069782280e-01 1.295379760319908158e+01
5.826295762898823227e-01 1.204260138986045803e+01
1.799462943304471318e+00 1.219692882406111778e+01
1.062444108300069967e+00 1.194082629979327592e+01
1.979748720815898810e+00 1.259211087063188650e+01
1.583482398838677252e+00 1.259626081223495753e+01
9.577932816861181031e-01 1.257520126149697504e+01
7.230762064678407652e-01 1.252656176322211223e+01
2.068023583765375317e+00 1.270466888262181726e+01
4.300351354986669539e-01 1.238008033132052255e+01
8.568816844735688276e-01 1.198887687329046869e+01
5.508350878169562259e-01 1.235003066207943512e+01
3.596932712191059367e-01 1.318640947333456204e+01
7.484486315060180361e-01 1.248857378617167768e+01
1.129132836889700675e+00 1.251641140910693828e+01
7.809265926605263308e-01 1.256613200997402835e+01
1.320273342717255716e+00 1.243743490978622290e+01
9.338019606303205045e-01 1.221731605355767059e+01
5.576394361699206215e-01 1.228971932834005720e+01
5.053941577880596281e-01 1.309105656069096923e+01
6.672568876587020581e-01 1.246993614749340651e+01
6.902267846296160636e-01 1.245089326231910931e+01
1.924412007934793722e+00 1.184386636257728043e+01
8.116873362283575366e-01 1.198573888272592747e+01
2.989585055351269838e-01 1.346949562977341408e+01
6.774180501056221715e-01 1.240945677835275340e+01
1.878775631794365575e+00 1.308044649835703588e+01
1.962644471026059323e+00 1.262641457123064370e+01
1.241508485644666093e+00 1.238772115411378749e+01
4.257695596703269247e-01 1.262446893042497997e+01
6.296277442971631721e-01 1.222195618679298512e+01
1.789653899361009382e+00 1.267715336917476421e+01
1.975362787136298648e+00 1.157180973615692920e+01
6.952901398580562109e-01 1.265646105226176843e+01
5.314387671526209500e-01 1.286723182644621311e+01
1.952706992947574438e+00 1.249828574458169506e+01
6.920107736604302895e-01 1.187251441076920777e+01
1.636485113609160269e+00 1.264672863703717098e+01
1.034578633273631532e+00 1.226214205920038225e+01
1.057596090564444369e+00 1.214348392766880380e+01
2.233322439329541886e+00 1.231673294276657238e+01
8.077247077589341240e-01 1.231230592782474886e+01
3.483032217447320500e-01 1.312167471762523974e+01
5.051159456005329673e-01 1.229441522930856401e+01
1.809464916598630735e+00 1.230447249022375011e+01
4.839631659730467272e-01 1.215982907468299601e+01
2.977088693133758679e-01 1.353379232623320938e+01
1.015922418281651307e+00 1.224309822108153334e+01
1.325379202835552883e+00 1.236623257378708018e+01
8.116095955192912381e-01 1.269369752446807986e+01
2.367979458199048981e+00 1.225471990155339164e+01
7.222298948223999648e-01 1.194232755953040481e+01
2.159536692084824683e+00 1.258618970887620669e+01
2.145144617018866828e+00 1.258896164692886011e+01
1.243380690669650956e+00 1.244048272766017860e+01
3.960266587600965171e-01 1.290286862647407773e+01
1.640277943272023586e+00 1.234122603315364586e+01
1.611751306017311869e+00 1.237543505302947722e+01
1.525399288613915605e+00 1.235763342525313924e+01
1.646980393909114992e+00 1.191386058071073073e+01
3.754899012726782281e-01 1.303866689263108647e+01
9.330102356735318070e-01 1.215225030014910068e+01
1.589440107408531810e+00 1.256233939113292131e+01
2.213329060550714100e+00 1.237368828737112203e+01
1.976823823072388464e+00 1.255062879713255874e+01
2.052278398842794616e+00 1.262829994306209258e+01
1.696337501728737651e+00 1.254694049912477993e+01
1.540844358548875137e+00 1.262858550883573194e+01
1.553156579624452638e+00 1.263006050786331258e+01
7.887162629575662498e-01 1.201784283215286386e+01
4.067166221031102702e-01 1.305695463486246233e+01
1.172441553968750494e+00 1.260061048019417029e+01
1.462941631563476674e+00 1.259931190095707976e+01
4.147670765183734121e-01 1.250474543686243045e+01
4.044571067213602600e-01 1.276301705871294523e+01
3.549755612796778315e-01 1.313892989955150270e+01
1.706821955890701403e+00 1.262334660886429027e+01
1.998616677901372540e+00 1.254335746972857102e+01
1.692438822100797768e+00 1.246128040435294615e+01
1.808567563868277883e+00 1.241853956609579690e+01
1.848047136164209681e+00 1.305552887799538375e+01
1.797044436918375787e+00 1.259377226316144416e+01
1.052822049266996851e+00 1.241684492905742765e+01
1.762747875912245688e+00 1.282368044424997322e+01
5.547855800348436839e-01 1.267767314874527962e+01
7.244618127302251409e-01 1.251861766001661813e+01
9.866651855630899082e-01 1.212712127677558982e+01
1.603690771355379630e+00 1.215566548044712469e+01
1.711092991458309065e+00 1.200483368467581613e+01
2.981549281531900020e-01 1.344448779206863342e+01
8.637387519692286686e-01 1.212310478107881728e+01
7.105848663803250309e-01 1.211288098673517055e+01
9.202590706268676257e-01 1.181099899671398035e+01
1.896007426636573401e+00 1.242094042249279795e+01
3.636283932962595111e-01 1.307103037230187859e+01
1.693782533696951642e+00 1.203963315863579275e+01
1.700737497317093672e+00 1.226284577807652454e+01
2.073753666288700614e+00 1.218182561267659736e+01
1.740608923685005083e+00 1.260506787767280201e+01
1.515479525734149790e+00 1.238343295959656309e+01
4.344486597196438593e-01 1.311911437353232479e+01
3.921446441427649532e-01 1.292813578711524691e+01
1.799412889791513370e+00 1.255487447702604165e+01
1.707206375851501035e+00 1.208393312695435640e+01
1.759818316362348201e+00 1.249210127917193880e+01
1.977952438464072538e+00 1.178341409815545049e+01
1.440932902868834464e+00 1.220893916368060772e+01
1.893090124352659664e+00 1.231747157683255445e+01
6.450969938506488921e-01 1.206446624243529442e+01
1.171141286783599522e+00 1.205075927924111312e+01
1.379507494863361661e+00 1.233803748676203860e+01
6.150969128043715095e-01 1.223524742399348675e+01
4.095460568065473761e-01 1.242190400792865290e+01
1.914322945684377109e+00 1.246181561080802425e+01
1.521512340020186205e+00 1.226739244002238216e+01
8.795294544640470669e-01 1.184519988740939489e+01
1.468172602768303303e+00 1.179669041611377622e+01
9.170792366397401141e-01 1.246939538327036878e+01
2.246002480668901846e+00 1.212143206965446929e+01
8.503045774664748091e-01 1.209035296565659046e+01
7.736202495286849112e-01 1.207421941369934792e+01
1.901130391243553985e+00 1.243046666642803011e+01
2.025567137432505938e+00 1.234071389151071862e+01
4.688948296760079848e-01 1.306719402702939625e+01
6.452935730062392405e-01 1.269127581144569028e+01
5.445544793149146301e-01 1.197516433960922377e+01
2.041360050582454289e+00 1.222285304338443090e+01
1.024246095453453576e+00 1.254106508349485871e+01
8.285444321023224257e-01 1.189267157893717375e+01
1.466374873862036798e+00 1.204896569241701698e+01
3.916222457475971308e-01 1.307886281632446490e+01
6.513520065938305237e-01 1.255670485189246754e+01
1.221580453685126244e+00 1.172145762069749964e+01
1.084487530337239214e+00 1.199712316341225460e+01
3.369476068474686614e-01 1.330524649852489993e+01
2.096816757122847541e+00 1.098590755573804678e+01
1.968437125241654817e+00 1.126260142333962477e+01
1.868151013087987922e+00 1.241856728328233750e+01
6.163628241614693692e-01 1.210461745945340439e+01
4.764734259503415892e-01 1.286724235569188757e+01
1.178920697898524717e+00 1.255694926016892232e+01
1.850180803722044187e+00 1.285652155503515459e+01
7.120016079315830693e-01 1.231134039560297211e+01
2.208617718212238401e+00 1.284603384537751758e+01
1.052211322435486762e+00 1.219706334560674676e+01
1.361728562944983345e+00 1.281966452635168174e+01
1.897482731760158581e+00 1.294796767516418434e+01
3.839588516681093910e-01 1.290890202773469753e+01
1.831160712018396586e+00 1.183922909695332670e+01
1.166542161562292845e+00 1.232756615133771128e+01
3.133877532834385415e-01 1.329950075384824792e+01
1.956105558777990749e+00 1.282475215728924134e+01
2.034817649477394852e+00 1.188342514385183968e+01
1.367200034384066010e+00 1.146401171212840531e+01
4.625583104283164659e-01 1.212070388596966453e+01
1.928213936264718820e+00 1.217248322897842350e+01
1.651254282501621207e+00 1.223576042207096926e+01
1.320507664641778156e+00 1.267537658590997651e+01
1.330755972196425274e+00 1.240445099770306392e+01
1.482835748304168977e+00 1.234318895486957324e+01
7.449019102883870369e-01 1.179090646630007733e+01
1.096821708673935136e+00 1.187199872960283109e+01
1.792094005482346208e+00 1.150197252909510404e+01
1.049682520503976813e+00 1.262311492636418286e+01
1.084921463432740429e+00 1.262305400619954732e+01
1.468508287216190089e+00 1.186275306277907049e+01
4.826068031816142523e-01 1.243898655801951669e+01
4.732801463525856955e-01 1.238564671869213285e+01
2.030960058514949651e+00 1.260915561381407279e+01
1.629027640271578647e+00 1.226815602611650213e+01
1.181072966633585963e+00 1.248569379761977416e+01
9.932392599989628978e-01 1.239157937792663056e+01
8.850914289545313007e-01 1.232852608312628462e+01
6.385649866780889194e-01 1.203603846139684741e+01
4.497016153861589371e-01 1.243353283477049587e+01
2.034198543274177151e+00 1.131951711266194494e+01
2.140529735416283330e+00 1.157787401308580932e+01
6.373662524149912301e-01 1.283242721673584974e+01
1.351534403957686648e+00 1.271051227519327576e+01
1.440141650089498349e+00 1.273659645658683459e+01
1.277935284469559063e+00 1.233373465907277478e+01
1.267527421392518061e+00 1.251673299520977700e+01
1.454788194605167728e+00 1.259528288154760922e+01
8.346795605609608204e-01 1.256052155743695309e+01
1.785734348324276022e+00 1.305812848816935201e+01
8.371775736770352694e-01 1.230548165717919318e+01
1.588944088684804301e+00 1.251920018124064704e+01
7.272993771881391956e-01 1.238598102038235105e+01
4.967429398707674526e-01 1.273331167596276892e+01
1.994952716821714933e+00 1.204503963506467024e+01
1.321269334018803532e+00 1.261316036651089334e+01
9.958275703650475430e-01 1.251466872011795495e+01
1.829196131033478778e+00 1.255432259762336322e+01
8.871359323671718089e-01 1.183638584420057072e+01
8.440099237736773397e-01 1.183271034078163630e+01
4.769989534499932682e-01 1.250728402643038173e+01
1.936203797340903199e+00 1.293266074524196263e+01
8.519547507115615703e-01 1.219403220564311141e+01
5.565120854116980542e-01 1.284883119604210400e+01
1.446748046114982644e+00 1.214033122471500725e+01
7.020445283579371809e-01 1.244547160752910386e+01
1.069163967253390801e+00 1.232775641225348195e+01
2.180523578780496852e+00 1.227072260551203975e+01
1.204095662052454552e+00 1.233172521066009253e+01
9.697472999323937248e-01 1.258387474389594018e+01
5.050815185429341492e-01 1.280734859166667583e+01
6.387515325170677327e-01 1.230895237678925547e+01
1.623896172603372712e+00 1.272212270963120595e+01
1.362875968481359168e+00 1.234222794788284006e+01
7.459254612891229597e-01 1.216689942385517575e+01
5.530087894054602771e-01 1.228211957424931633e+01
1.386313860676233300e+00 1.248040239643648341e+01
9.316536201099278047e-01 1.229636637734348703e+01
4.015417304631142548e-01 1.295174430490573947e+01
1.607494328558860319e+00 1.198838840209075762e+01
3.813255473388285632e-01 1.263225297866340568e+01
3.829171590577308271e-01 1.262140503608866560e+01
4.638411641919860107e-01 1.247759231756583098e+01
1.930764110778635523e+00 1.111281183303239928e+01
2.018612293633770705e+00 1.078629935103649551e+01
4.001087317017408829e-01 1.312424736092908972e+01
2.086759822726821145e+00 1.250646058317569498e+01
1.997579567201095863e+00 1.250682443901593821e+01
3.236590267317022152e-01 1.338864531244255218e+01
2.138294221980525656e+00 1.227352570821171085e+01
1.891027608987170927e+00 1.256469903576479297e+01
2.138654287688550593e+00 1.122316221272082970e+01
8.786978980992714572e-01 1.184316629793116427e+01
1.094366974120446923e+00 1.244932507572190339e+01
1.225032877925144037e+00 1.245436954765093240e+01
4.653418375463801993e-01 1.223524237200562759e+01
7.006662514515058504e-01 1.189676494613124014e+01
1.344994080856611651e+00 1.259018865392998165e+01
1.701309739053408876e+00 1.285663077247632735e+01
3.872770209382299100e-01 1.316176988650709312e+01
4.467999846398763020e-01 1.282238155984901162e+01
5.091409585365316293e-01 1.233282905913129746e+01
4.675484951240913567e-01 1.279483496136807830e+01
7.882867026421184198e-01 1.240466076985773114e+01
3.237343237876084689e-01 1.334204592194275918e+01
1.875352482832128853e+00 1.233830709165188466e+01
5.101961170510047605e-01 1.214320480923361423e+01
2.024019103840835498e+00 1.148952977863708824e+01
1.706172088947185639e+00 1.260704367945907123e+01
1.344361270547571374e+00 1.263794522674442966e+01
8.827109896096968500e-01 1.237384514281855274e+01
6.557391619857300125e-01 1.269790284085341270e+01
8.313874127457500096e-01 1.232057306961458565e+01
1.887616215780483442e+00 1.249582573134100016e+01
1.089689578531897185e+00 1.271156474452825691e+01
6.938745349748095537e-01 1.273201186312399358e+01
1.786211367478856005e+00 1.241931354734234461e+01
6.887123760124824745e-01 1.219282225506253070e+01
8.559592788972193445e-01 1.259126986017535188e+01
2.051722820078128340e+00 1.311163356501386090e+01
5.386818491862009894e-01 1.230159879604623185e+01
1.460972175095183179e+00 1.220221402152220236e+01
4.140420559491958530e-01 1.270259686424345702e+01
1.516513064580363501e+00 1.283988884649323126e+01
1.194167947530138330e+00 1.260333563950493208e+01
9.823712658957571842e-01 1.220639280701712437e+01
4.174185139823918256e-01 1.300777253339707862e+01
1.188268929761842285e+00 1.233910443981645422e+01
1.513692489379321549e+00 1.204349584983666510e+01
3.044327034364979201e-01 1.348301616459162666e+01
1.388929172898275999e+00 1.235307468567453526e+01
2.064083284447965294e+00 1.054578750269102372e+01
2.006335928275467584e+00 1.135394350168484756e+01
3.821057329735481067e-01 1.315863968619443547e+01
1.684093357448451123e+00 1.201251633722881351e+01
1.487754284014332740e+00 1.286487892475723349e+01
1.946243393088429308e+00 1.244402111305833714e+01
8.959146264528694559e-01 1.194363548017003751e+01
1.376520150452455571e+00 1.276546566356917900e+01
2.231444419008150604e+00 1.223158396648205049e+01
1.178323308101648204e+00 1.244426348255245784e+01
2.041198308711115850e+00 1.253318700183364953e+01
8.881658524441131686e-01 1.221594346849332346e+01
1.537287484495314160e+00 1.283185450345204970e+01
5.253371864319740236e-01 1.281910591693583612e+01
1.160422707438910850e+00 1.278821205022333451e+01
1.203863084615058865e+00 1.280166112309139415e+01
5.711374452129868162e-01 1.246009556146176322e+01
1.121521661907337375e+00 1.248713504569388988e+01
1.947176628170960155e+00 1.234818586524122352e+01
2.107134624617827523e+00 1.226994353412827010e+01
1.542463742285593131e+00 1.258128926833641437e+01
1.731821873013282387e+00 1.244163702309710473e+01
1.501988085701279951e+00 1.233340456975157196e+01
8.227025923612679703e-01 1.191786308276904016e+01
1.079593205695085434e+00 1.207690050352255895e+01
7.502064196620406022e-01 1.272307363164231830e+01
1.621879811074045774e+00 1.268448170870039604e+01
1.231263342104228942e+00 1.254399770271621684e+01
3.047451822449854797e-01 1.330502570576651244e+01
4.754304044406417740e-01 1.255141308877982631e+01
1.004966097763868138e+00 1.217877712768571641e+01
1.801165965321204210e+00 1.217199558961016415e+01
1.586521093868240140e+00 1.261492623706954497e+01
1.582172684268776441e+00 1.284304774999752929e+01
1.602770099876507093e+00 1.218148779302905993e+01
1.449617893869731722e+00 1.232768243214632875e+01
4.712715454510288393e-01 1.221218693325896432e+01
4.967624937271871155e-01 1.258690695761428735e+01
1.065033844691009479e+00 1.245906266894164816e+01
2.081356335253606638e+00 1.202018758229798223e+01
5.267300417656300970e-01 1.270560032354072177e+01
4.374443591504311724e-01 1.314814261918055571e+01
2.022393897720202283e+00 1.114756781549594145e+01
3.543689114192836720e-01 1.306781003906671579e+01
1.142733377754709734e+00 1.190885151990150526e+01
3.196867736035075014e-01 1.312988601653419174e+01
4.492144189970496138e-01 1.220079160938696994e+01
2.082825744047265282e+00 1.149935104152005394e+01
1.495378587765105793e+00 1.237347562257762768e+01
1.242959255959709353e+00 1.224698820037007074e+01
1.685334402839605117e+00 1.266400764219558361e+01
8.849648055855684481e-01 1.218400468633882738e+01
1.959984498683079668e+00 1.291361969158521106e+01
2.037738342097928701e+00 1.294632179653791404e+01
3.608806622389523766e-01 1.307895622766783639e+01
3.814540936909580071e-01 1.274724307536858880e+01
1.436088842115557318e+00 1.241961039252441168e+01
6.349665353742968144e-01 1.246627600275704673e+01
8.958424300044184330e-01 1.242739294855744348e+01
6.038842964083164233e-01 1.216346763728300040e+01
4.177151711663000810e-01 1.292675384258099314e+01
2.031514026544420037e+00 1.241787749697149934e+01
1.221163492449981014e+00 1.231748007823111202e+01
8.735789575212512537e-01 1.234676004466164123e+01
1.765459552780148433e+00 1.292960816278423941e+01
1.226343889571173351e+00 1.235980259652724200e+01
7.951552481442978326e-01 1.219234282961194005e+01
8.114619467983952283e-01 1.239706486301225397e+01
4.473885419425714938e-01 1.256055867681328486e+01
1.293577213691055716e+00 1.266852012309641573e+01
7.360013378811757212e-01 1.191844393674815805e+01
9.517926687431104149e-01 1.196569033524600378e+01
4.844216479424882094e-01 1.265572795458656685e+01
4.725885448492787577e-01 1.230122848047410322e+01
2.114844362555822865e+00 1.148988392174756079e+01
1.422142755547796789e+00 1.213533689527476156e+01
1.701790212292843885e+00 1.271405300821236395e+01
1.367153159355194214e+00 1.220200213210379658e+01
1.994602277704469184e+00 1.220883868501753255e+01
2.050168693488382043e+00 1.208051426714280474e+01
3.357109471861171035e-01 1.294549758736899037e+01
1.996342053128227212e+00 1.262954529689903183e+01
1.323192052582147449e+00 1.227929759511156860e+01
1.165673481240500964e+00 1.213887550310974461e+01
8.935186512726840391e-01 1.271107264623048039e+01
2.211715581908179296e+00 1.275638232547974837e+01
2.115090261503939750e+00 1.215484635570486027e+01
5.716813784645717877e-01 1.253520773713497150e+01
1.476481381585906583e+00 1.265864203720430581e+01
9.657185829506755859e-01 1.177509183380103863e+01
3.307256431006583841e-01 1.319902869168802617e+01
3.583920560745175177e-01 1.268704849267405521e+01
1.032647952231110722e+00 1.201571711542440291e+01
1.744319361897919363e+00 1.258248426066191783e+01
3.898281734664011955e-01 1.296915603430786845e+01
1.781054742395121071e+00 1.182612377328586994e+01
1.960561710691904658e+00 1.167522902557909958e+01
1.652504673164395310e+00 1.275317045406901961e+01
2.085984357004599943e+00 1.278795542395396190e+01
2.160438035388783096e+00 1.308467467584346799e+01
5.657891848470620877e-01 1.258784918349435777e+01
1.750030431318378099e+00 1.258906132191805938e+01
3.567484439888964909e-01 1.301139451798436930e+01
5.121427244777639887e-01 1.307088570580970277e+01
2.292657112508429407e+00 1.243379006280790122e+01
1.687897082297897144e+00 1.277384103214847855e+01
6.853974788846780575e-01 1.216719103370224886e+01
1.376100051187140183e+00 1.214640154101629577e+01
1.296451668894196052e+00 1.237464305391216257e+01
1.137863472749236049e+00 1.234968268548564474e+01
4.983809656545875599e-01 1.242663497470380030e+01
1.939735314084166662e+00 1.261798266196102070e+01
1.247684192172095585e+00 1.258899453871300977e+01
8.597726550930292477e-01 1.261967430421534431e+01
8.369945846115759425e-01 1.223735137560912101e+01
1.329858613741962792e+00 1.250428057078998734e+01
1.409413264518014630e+00 1.232103921819035008e+01
5.702841530911024748e-01 1.237395433414926771e+01
4.735620147260650725e-01 1.239927977193504560e+01
1.650743648096985927e+00 1.203197195618042947e+01
3.340459219638390320e-01 1.329800945131698420e+01
4.949032460432865599e-01 1.231346235838003444e+01
1.569665611489727830e+00 1.278338153463955962e+01
1.525546810306768197e+00 1.259350258703136127e+01
1.974357309394649596e+00 1.269780820948552069e+01
1.012181328559578208e+00 1.218675764887942492e+01
2.047215062106666483e+00 1.301190165404277899e+01
1.997066760717752576e+00 1.170073191547785108e+01
1.926402397331054450e+00 1.181321477415015941e+01
1.128870954048485142e+00 1.169821654872582073e+01
8.236384499364435285e-01 1.203852678147708488e+01
7.642896115318179584e-01 1.202293472540099373e+01
1.642301134939733398e+00 1.266146289709199735e+01
1.848148254577963057e+00 1.263082685718388554e+01
1.817312545218776165e+00 1.212679212854454747e+01
8.124238755347746865e-01 1.225323252385951278e+01
2.019978356656479956e+00 1.231355249452352751e+01
9.305728250710152416e-01 1.237266944886597564e+01
1.927840002579719991e+00 1.259487517537788648e+01
4.638067654212844615e-01 1.209827391362738958e+01
2.884978186493445396e-01 1.357476604376847007e+01
6.124348983521604728e-01 1.286623211208187811e+01
1.982797670530379142e+00 1.287935871724094561e+01
4.535221514427489886e-01 1.224603242123064994e+01
1.399089944264680030e+00 1.252012506206132159e+01
1.602539953214578317e+00 1.260665836890802183e+01
3.783389420791522517e-01 1.278787860723370606e+01
5.099440940912672859e-01 1.220308669587269357e+01
1.218568206260919551e+00 1.246948400997390927e+01
5.381431745828181290e-01 1.243117137029384800e+01
5.530462048316932000e-01 1.216825464834960435e+01
2.180973690062874670e+00 1.302972361312273009e+01
1.690251751622514620e+00 1.289621788546928727e+01
1.177363307844323526e+00 1.241649983316485617e+01
5.760676299647533583e-01 1.221672588144403804e+01
1.584115471648831930e+00 1.236246175783776913e+01
1.491558706359707998e+00 1.233067533170760299e+01
1.105247995006255479e+00 1.261283104858640591e+01
7.859327169326504325e-01 1.248677209746195871e+01
2.247748819658354158e+00 1.256078728085276985e+01
1.803463300306702655e+00 1.272480431379166887e+01
1.187898181292534217e+00 1.195887449932393665e+01
5.257851429946672761e-01 1.207752858034482912e+01
1.502307234749957532e+00 1.245787344199344027e+01
1.496057349725335994e+00 1.268661590539253758e+01
5.070229236126282402e-01 1.296466510976880748e+01
2.079676403030706222e+00 1.190500969050566482e+01
8.886612159549974743e-01 1.183513648449341460e+01
1.654533318921394658e+00 1.185740865311730730e+01
7.352584188169756230e-01 1.227218384311187016e+01
1.646852577194777290e+00 1.239769111497338017e+01
5.762976552863258162e-01 1.266420099141305045e+01
1.967594428541656448e+00 1.259716355839206336e+01
6.565831728813048551e-01 1.198546006751772275e+01
1.684015312956413046e+00 1.269224667162403897e+01
2.126133975113733143e+00 1.115393210305838068e+01
8.895662078981747545e-01 1.174163035180438364e+01
5.247660381162615462e-01 1.254913878245929482e+01
1.865681130499541762e+00 1.165578683941498639e+01
3.712424468240327902e-01 1.297973287283892674e+01
5.610365184223592427e-01 1.251099597369558936e+01
6.917769120513925785e-01 1.238306576347064514e+01
1.036415192909867278e+00 1.207667608426696582e+01
3.982711698302779380e-01 1.284712024508098160e+01
4.404880337597991136e-01 1.274322217486094999e+01
1.429661608258533834e+00 1.204228706386227543e+01
1.194143878217719612e+00 1.216599915348822414e+01
7.026684436047240245e-01 1.199779777940472769e+01
1.112475798813272077e+00 1.242172043665351389e+01
5.024761599100645570e-01 1.271638990987153939e+01
1.119767995451544706e+00 1.228233895470166992e+01
9.336403071372564311e-01 1.201783031366107934e+01
3.782259090785750066e-01 1.284512063715324359e+01
1.575125584385608013e+00 1.230385171726201854e+01
3.941777217051157800e-01 1.314632908623140573e+01
1.631431461513653369e+00 1.269392987995374789e+01
1.447203984901110685e+00 1.252064394367962130e+01
4.904604344331818799e-01 1.258214800206211414e+01
1.963195144261663527e+00 1.135153511330181253e+01
3.242700473068222400e-01 1.337173198655299089e+01
1.653638275423881199e+00 1.182387417985217404e+01
1.298185411787643240e+00 1.169683095395565964e+01
4.286219005010199479e-01 1.237627520232491918e+01
1.584720285040697840e+00 1.216169963429286760e+01
4.191847591850024757e-01 1.300227661988430938e+01
1.031559603607269615e+00 1.211591473220128101e+01
5.343404415656659578e-01 1.240679378395074295e+01
9.385063857319084768e-01 1.219767059948940613e+01
7.920399430748330527e-01 1.206546646003614853e+01
1.575095242033319520e+00 1.237518981515360039e+01
6.308483191893371478e-01 1.284852072508082799e+01
1.092281388733642222e+00 1.265672463387008762e+01
6.404635520201109600e-01 1.198970585576987169e+01
1.083674765373940252e+00 1.202575675195382665e+01
7.922588079993938548e-01 1.261193881823761309e+01
4.598093998913305724e-01 1.305511704698530551e+01
4.106494328200577248e-01 1.278841960453831561e+01
3.643648919699146727e-01 1.312150804088767586e+01
1.253623490901580206e+00 1.286624761797724581e+01
1.025681268799070178e+00 1.279384522389658940e+01
9.032313923118011623e-01 1.198193166135209786e+01
1.069659501366641008e+00 1.209639520891921904e+01
2.074306268217418925e+00 1.150540215284495105e+01
9.890571793304336889e-01 1.263683407252561075e+01
1.947533270069483846e+00 1.255554243686515825e+01
1.753581516844018307e+00 1.253945799769960878e+01
4.499180141625103158e-01 1.224700649840848321e+01
4.358600000741140179e-01 1.230926848406128826e+01
1.560245941285380633e+00 1.261254245043198630e+01
1.824799254659368319e+00 1.301606931664770883e+01
1.462177659401950214e+00 1.284386752475865023e+01
4.725301456193821137e-01 1.212251950945553425e+01
1.739567043706309102e+00 1.297648587874992998e+01
4.215759223377426590e-01 1.314279095349828097e+01
6.297668773655331620e-01 1.239394116913518928e+01
5.018900299993102054e-01 1.260630661503820171e+01
4.418333133174170424e-01 1.307204356720047045e+01
3.506995225450098563e-01 1.297226616535408006e+01
9.510194399320174297e-01 1.198148196555888312e+01
1.080276242460350478e+00 1.224553816484690572e+01
1.888217262896674242e+00 1.275109915122646420e+01
1.970771741319619075e+00 1.266505591656870244e+01
1.954692181598997047e+00 1.119739683496039540e+01
1.955978695843804349e+00 1.115675586415613374e+01
8.222167973567969801e-01 1.189185559410592319e+01
2.018663237546298284e+00 1.267975191852257666e+01
2.040896355281423435e+00 1.232710104532432815e+01
2.083858046028728594e+00 1.232619992388896613e+01
7.120645846578370630e-01 1.223424588098410837e+01
1.066555476801194446e+00 1.202385908540013482e+01
1.462115365293708003e+00 1.270054575035362454e+01
1.245815414243570673e+00 1.262339762320293168e+01
4.637103657720072492e-01 1.298140181044692198e+01
1.426221405210146065e+00 1.274283754772396726e+01
1.980224661906419215e+00 1.293839868306599605e+01
1.442798244555040021e+00 1.280774117573712090e+01
8.869622377851331674e-01 1.216036130578137175e+01
1.853666218470091387e+00 1.178336889150524236e+01
1.993996592045105709e+00 1.292916444264687215e+01
4.183734998598076515e-01 1.281681569881599003e+01
2.088965742957800131e+00 1.280940213791878612e+01
4.323652551105549025e-01 1.244681707299731421e+01
2.073928218399442081e+00 1.238690217993690545e+01
1.805248444835703348e+00 1.260381447660422971e+01
3.306813431833275363e-01 1.330038483688895212e+01
2.105818243439851578e+00 1.154548186801893195e+01
1.482798046225038746e+00 1.228301500954111525e+01
1.883042995161939626e+00 1.226523043501085652e+01
2.046037651627938825e+00 1.227128065600181728e+01
1.991752750640468417e+00 1.274505529964163664e+01
8.169179806006490185e-01 1.250435527233321054e+01
1.476209858084592597e+00 1.273046169363076174e+01
2.129172204670603641e+00 1.279012483677903411e+01
1.939786445502242218e+00 1.288279611776550126e+01
1.836528011632485136e+00 1.284049496222469067e+01
8.018336059954503936e-01 1.216552251728233003e+01
1.652121838672756748e+00 1.240551068817154245e+01
4.304364149017428365e-01 1.243680713494692647e+01
1.376843335841757776e+00 1.190680706131663413e+01
5.542437623193058327e-01 1.264721061639135868e+01
1.954543422064314528e+00 1.229337520089032765e+01
1.323270737760252391e+00 1.199114681311651154e+01
7.162468203409501077e-01 1.239723742562917330e+01
1.576633655627685648e+00 1.282472906653390332e+01
1.533655802133547130e+00 1.273980419830539468e+01
5.172459185405164916e-01 1.282740002988282590e+01
2.173010949956207583e+00 1.157269396640040604e+01
2.073429687771324748e+00 1.178302390214020789e+01
5.766081829877023335e-01 1.210755560635566219e+01
1.907242898921454932e+00 1.234072007061542742e+01
1.117568933206206649e+00 1.214418982461008767e+01
1.772666417604678912e+00 1.244980742477059366e+01
1.735720422210225378e+00 1.284631055567418301e+01
1.892814864202855718e+00 1.284939303078018114e+01
1.549253299222123514e+00 1.220440472165402923e+01
5.955025059342949900e-01 1.212920635455366281e+01
1.072441405545373705e+00 1.244894163865411940e+01
3.512279718883808410e-01 1.281191520700206254e+01
8.872832876416024694e-01 1.186721559983818253e+01
9.458186414254112773e-01 1.214547343031129856e+01
1.046815170645898352e+00 1.221425853867606115e+01
4.348353848462944704e-01 1.297001142649285477e+01
4.089464344014618336e-01 1.311074676927853844e+01
5.511252868982501329e-01 1.229978245114498314e+01
4.226032342009781173e-01 1.287710403749829347e+01
3.541082020497702820e-01 1.301429751852146666e+01
5.638040855033278342e-01 1.206799091655510914e+01
1.901301544028050072e+00 1.205340406032863498e+01
1.033572377721512447e+00 1.267725325932403280e+01
6.561266892559789454e-01 1.257576495515081305e+01
2.010620780378578498e+00 1.238005123632137661e+01
9.026163172586608718e-01 1.253702960744856654e+01
1.679977923716738708e+00 1.304480823252982447e+01
3.906546655224121256e-01 1.303477580843833294e+01
8.840203738870336947e-01 1.210492084845994754e+01
6.953337411008791991e-01 1.171090581100662043e+01
1.576392205873286212e+00 1.221813396242180794e+01
5.318372192641569463e-01 1.205085483562967319e+01
5.018024595633724383e-01 1.210394725188240805e+01
4.904299334481447281e-01 1.309847008042232197e+01
1.923149021307855255e+00 1.187808353606624223e+01
8.010102081374442795e-01 1.225751299443958864e+01
1.002227217625438538e+00 1.224971540653708679e+01
1.235070305542332880e+00 1.237392214748395780e+01
1.652375364559998339e+00 1.161866062287421464e+01
2.051889877063997947e+00 1.111553822268044733e+01
7.942681967822438072e-01 1.182596081288107648e+01
1.457048443099568491e+00 1.246478763532395284e+01
3.626445761032346948e-01 1.321256270424819945e+01
2.075254340516395679e+00 1.247787211701898613e+01
1.926946874071440163e+00 1.247157003279686371e+01
1.120277824957179202e+00 1.211205363019399073e+01
9.339099621072008972e-01 1.237498194445680788e+01
9.930188837799160950e-01 1.239023606233815933e+01
1.047942828205368437e+00 1.246716526802605962e+01
9.584632949683149494e-01 1.240456795889114971e+01
1.538169131664639089e+00 1.138161350079471390e+01
2.006752566298192875e+00 1.142990291418709248e+01
1.453905807199870281e+00 1.216931474206039177e+01
5.773986635118985022e-01 1.208270792127188997e+01
2.114486532970700772e+00 1.083716800002438951e+01
4.314710201827048341e-01 1.310498454399675872e+01
1.981417346066145502e+00 1.095465400594080840e+01
1.498127665180019275e+00 1.208465614862592474e+01
1.721469520488679406e+00 1.183428563278730472e+01
3.959799931555535446e-01 1.247615931748748785e+01
1.596914326151531949e+00 1.209997254494796337e+01
1.179799405040222737e+00 1.256207653475760999e+01
2.136249191000387349e+00 1.242912991652585575e+01
2.149286557087468186e+00 1.198822404221505344e+01
5.654527236775283017e-01 1.213352558904410117e+01
3.543677039604034573e-01 1.278938123895884260e+01
2.226566682799854480e+00 1.241564003118478965e+01
2.948419884202878039e-01 1.353238982692801429e+01
4.176136745549743345e-01 1.236871661814421586e+01
1.589018615866092388e+00 1.215938047186227067e+01
5.271450021857451151e-01 1.224789731899901213e+01
3.404901167475525292e-01 1.323762504269691220e+01
8.031195977384730789e-01 1.259307734016962854e+01
7.467640877959177415e-01 1.259473876550803695e+01
1.951774379011505411e+00 1.225760045234098961e+01
4.068052211867531631e-01 1.319132254998557485e+01
3.782252329427410187e-01 1.317915875517592816e+01
1.083820290174965839e+00 1.247444800784025531e+01
1.129455978849306597e+00 1.220007188968456902e+01
5.000578458060284115e-01 1.247056476376724454e+01
3.572076700511407910e-01 1.275025784482994062e+01
1.757651886869911362e+00 1.161519634523850364e+01
1.747705417946644468e+00 1.243234355225178689e+01
1.446639709164232457e+00 1.237540257434959301e+01
4.806299826278289111e-01 1.227139298561461800e+01
9.843715687158310912e-01 1.251795262305346590e+01
2.108495902142382583e+00 1.225335747630640704e+01
1.064392641179248145e+00 1.193881564591589139e+01
1.002438204395226018e+00 1.246040705624920975e+01
7.563491381637597044e-01 1.204032289551954449e+01
1.781057617791127257e+00 1.201385670663935201e+01
4.358283546290892541e-01 1.290855006918237002e+01
1.443593282188885052e+00 1.281732959928207727e+01
6.782772842820083969e-01 1.199149074003681115e+01
7.454451596320321727e-01 1.252098416209522469e+01
4.304545702680733776e-01 1.308921170727804828e+01
1.277880458210868930e+00 1.265120050809282759e+01
7.381662447006255290e-01 1.247235811214412138e+01
1.936370607176937764e+00 1.210150483671416488e+01
4.680952868359880559e-01 1.314595233575471589e+01
2.063695522564539697e+00 1.152511265649780370e+01
3.722590264146369288e-01 1.317005833978861062e+01
4.221599263254110501e-01 1.312924195110328540e+01
4.155233818150326774e-01 1.316522306745590676e+01
1.446939781952987447e+00 1.278296548363980989e+01
1.715105573354775093e+00 1.292722099089973398e+01
1.844058925046754061e+00 1.211359532536261696e+01
6.756088780459167387e-01 1.181663671815745964e+01
5.081583639822065956e-01 1.262752578948646054e+01
1.312248066158535176e+00 1.234002340994478608e+01
5.199339796547821635e-01 1.242507377227641108e+01
1.823637203721441225e+00 1.249021645568745953e+01
7.314573416945573392e-01 1.230022715032940717e+01
4.466910404959552050e-01 1.277841915160278496e+01
8.992258547284689429e-01 1.198659035838831599e+01
2.321235027201975498e+00 1.127647169628411383e+01
5.743397461598306331e-01 1.213750308880707962e+01
6.037985203288719349e-01 1.219304413984549917e+01
8.686034028990239353e-01 1.208886650882321590e+01
1.053935798115991362e+00 1.239882629320100627e+01
1.794069122193541643e+00 1.257255352868381237e+01
1.666809755965029449e+00 1.265972843609723242e+01
1.002895396676932949e+00 1.205534183073671528e+01
1.758035451843189767e+00 1.214408692627238118e+01
5.880434217369524541e-01 1.273848508466011609e+01
1.390333820944377186e+00 1.238618838651898635e+01
6.102310382991671389e-01 1.243289070960315357e+01
8.359008663476473755e-01 1.236593719201942143e+01
5.178549309915346788e-01 1.250681451971481373e+01
1.802158913973705312e+00 1.242122574403039614e+01
1.278575028839020300e+00 1.198213089274464416e+01
4.143556008563489268e-01 1.237605715248841953e+01
1.381843366807480322e+00 1.198907511920163493e+01
1.914224194617017538e+00 1.184665810951416631e+01
9.176219251519799336e-01 1.159583895440071366e+01
1.992907940220652652e+00 1.171290560313573259e+01
6.703057795794205020e-01 1.187061113503396115e+01
2.126880768377481967e+00 1.124496702624558786e+01
6.211654330143315805e-01 1.202168845487542193e+01
4.509410323072574056e-01 1.249557322468880294e+01
1.417731919049112888e+00 1.205680070589224506e+01
1.576680224774675620e+00 1.219162015976551672e+01
4.579432509465815038e-01 1.281205055677919269e+01
1.158645569401369757e+00 1.255002865571825588e+01
4.875973702502363061e-01 1.247150758949958416e+01
3.642367123032949627e-01 1.295641383870263397e+01
1.043417567672733304e+00 1.250859356048033177e+01
2.118910212874443477e+00 1.302132568261228585e+01
1.805095484670658834e+00 1.144270707416653465e+01
5.781618670748510658e-01 1.201867032926112877e+01
1.759044623990891010e+00 1.299652850815991911e+01
1.680095834081356321e+00 1.297887162413062789e+01
2.335095969693500084e+00 1.238698092403360107e+01
1.166171892244207697e+00 1.277853954410766768e+01
1.577573860593296518e+00 1.216510876025459709e+01
1.600572406466515663e+00 1.261894217059566792e+01
6.288122067029080497e-01 1.206695252253058293e+01
6.261028932554999482e-01 1.206896709612600915e+01
1.157123943039922942e+00 1.227592137730649391e+01
2.067911679876158981e+00 1.192662461171344113e+01
1.029910759144885501e+00 1.227729806007655888e+01
4.847021866607528207e-01 1.264040294582504131e+01
4.547505314367629170e-01 1.239473041407104326e+01
6.803779771060661785e-01 1.273805591917846769e+01
1.810799728388462260e+00 1.255248830171293584e+01
1.230149420184112330e+00 1.237801679470028660e+01
1.331054962537410846e+00 1.276271486172826464e+01
8.164039587122957631e-01 1.231787373920042583e+01
1.919566691934648794e+00 1.213196453569603150e+01
1.930241810520183732e+00 1.212710261135444689e+01
3.693895382304741015e-01 1.286629511429804928e+01
1.883599389605544738e+00 1.292792155187455627e+01
9.446851413249676144e-01 1.265919545006507541e+01
6.955742011015189075e-01 1.211767684837325021e+01
6.953427713740293337e-01 1.211779938799716483e+01
9.725650874638366306e-01 1.225699024501716750e+01
1.349198316437568490e+00 1.226244839273814513e+01
6.384845161546487402e-01 1.227676575895164213e+01
3.098989481071378616e-01 1.343803973604699209e+01
2.169801501368821217e+00 1.255608732142176720e+01
3.879247105955074826e-01 1.314720903641280891e+01
1.865876287679445467e+00 1.222876976938705695e+01
4.063904387713810351e-01 1.312424753975812308e+01
5.325551871856708530e-01 1.263054618263532802e+01
1.801918669315923038e+00 1.145544392609513551e+01
8.471510113429854272e-01 1.168921148978115099e+01
2.171260996816675615e+00 1.112843663634810198e+01
1.903089455508448324e+00 1.182329816393646027e+01
3.928531295486114572e-01 1.313901802781200345e+01
3.357645615271179773e-01 1.335228276696959959e+01
4.021350561053658734e-01 1.278603519643348818e+01
1.729706907780082625e+00 1.301055589200115570e+01
9.221423633535643649e-01 1.196205767376846829e+01
2.097745549808232912e+00 1.216419865519313070e+01
1.929207066810422200e+00 1.274497603949710012e+01
6.434925702607645626e-01 1.212532802487523753e+01
1.935270573185450482e+00 1.232398002853745211e+01
1.441967045290439620e+00 1.230196545251589235e+01
3.472621926649341884e-01 1.321422661617563321e+01
2.008180501663951567e+00 1.150443853114702009e+01
1.384491085888882367e+00 1.225264629692139273e+01
4.329435484228824071e-01 1.291093361748252022e+01
9.814259295802962857e-01 1.169855097312293069e+01
1.351071408404085128e+00 1.270115538790603793e+01
1.822001602743943183e+00 1.297141953882899834e+01
5.078282816945594025e-01 1.209393817666351012e+01
9.082012806574150110e-01 1.199523361451367442e+01
1.615429660734071238e+00 1.174610851422314006e+01
1.657416813216836315e+00 1.237667994312552189e+01
5.721595208326154536e-01 1.249019482761153732e+01
1.873570223517375455e+00 1.224156418700414051e+01
9.480036602196627582e-01 1.216217458821069464e+01
2.140317106870383235e+00 1.240608852091588510e+01
2.134470942633918344e+00 1.240895921696192339e+01
6.451135766027926710e-01 1.267417512802063762e+01
1.358296428132586664e+00 1.258498491007629383e+01
1.299687125164704193e+00 1.198482081100895336e+01
5.722782147213646420e-01 1.223190579218165652e+01
4.082886452839730729e-01 1.265900403023914222e+01
2.065651257131866370e+00 1.301602249859919347e+01
1.265877133979322000e+00 1.267638098804184921e+01
6.963921215385330266e-01 1.168219628374012409e+01
1.971823846956911597e+00 1.116485877779232361e+01
1.088520229955655561e+00 1.246018770271261289e+01
1.932575805066900632e+00 1.250463457753497210e+01
1.911692128580005257e+00 1.260528859754757569e+01
1.209318952034853067e+00 1.160303930617879864e+01
8.188200575110440305e-01 1.162775014823570885e+01
3.871256601369888473e-01 1.302384456148931591e+01
1.590695015809928670e+00 1.249512906655928646e+01
2.204715957265134030e+00 1.153512765816309660e+01
6.346924663796688071e-01 1.242380345717666401e+01
9.708717307896820303e-01 1.174573019608050650e+01
1.174132684043657449e+00 1.178645187187598076e+01
1.972491509527318110e+00 1.205293674595165321e+01
2.029010988331535259e+00 1.197156080607879680e+01
1.657496460449055187e+00 1.200716101812659353e+01
4.155502370248438937e-01 1.316507360746614097e+01
2.896649087844591630e-01 1.360618882927269624e+01
1.924024216528974485e+00 1.206412288548657230e+01
1.527787188615054026e+00 1.293321067910705402e+01
1.356185420822461740e+00 1.282936114047321752e+01
1.288900937228175003e+00 1.272506402045030427e+01
1.493311518031774643e+00 1.280403010850598733e+01
8.212449432652381143e-01 1.207576903666850932e+01
5.209155009448491747e-01 1.220327184745713289e+01
1.183122356730592850e+00 1.241033772130598756e+01
4.087701161732049115e-01 1.319185801065710528e+01
1.337559221798690245e+00 1.227498383375511004e+01
1.044967378318453433e+00 1.201360769050351074e+01
6.908227502918589114e-01 1.199130416790889164e+01
1.971598507749366735e+00 1.132246893459398507e+01
5.584506258558701308e-01 1.265884727866385440e+01
5.969389369277888768e-01 1.259084409645727121e+01
3.546594607429379709e-01 1.302574375768102044e+01
1.267417279153486787e+00 1.200171006277703967e+01
2.124459821053723108e+00 1.144872711237342067e+01
1.126248760851917163e+00 1.202682111558554645e+01
1.963033004654900049e+00 1.268751546607106917e+01
1.688968890685248692e+00 1.274000527973347197e+01
1.790917809018598650e+00 1.223731465648159222e+01
1.896774832731783045e+00 1.216241545094191778e+01
1.182875045749834042e+00 1.257552607463719774e+01
8.383931194938181175e-01 1.242202617448141311e+01
5.148507963001693888e-01 1.260291055818438544e+01
1.703328580227075451e+00 1.257547631921405618e+01
9.296738673905590167e-01 1.244882072781430971e+01
1.613269968198435711e+00 1.164096785122045752e+01
7.462907952020259028e-01 1.203258089881884629e+01
1.667114023918988330e+00 1.272786679910931262e+01
1.765056251430850542e+00 1.277535409481968642e+01
3.573950400177025588e-01 1.271261439032461205e+01
1.637990476778618865e+00 1.291011698920089046e+01
7.754294878429829341e-01 1.269768430789056879e+01
1.215856318494831667e+00 1.248291652135792162e+01
1.992567199358417307e+00 1.204951484851719812e+01
1.642542080020955364e+00 1.245571671674977487e+01
1.758480709907271455e+00 1.247200662925837022e+01
1.348301509970486478e+00 1.189487517648047543e+01
1.846108371107419321e+00 1.191517991775065610e+01
5.361298421536765391e-01 1.286992048968555835e+01
9.763760365486887638e-01 1.245163775668702577e+01
7.206969265047362683e-01 1.259242868640101598e+01
9.285505353030527598e-01 1.238900194679005473e+01
1.287283872565742504e+00 1.156625185403205158e+01
4.511076676685344955e-01 1.277355726681401293e+01
8.851292831649044679e-01 1.189285911878651625e+01
3.775334221235222554e-01 1.259921128411957092e+01
1.181558581925622242e+00 1.219315201913501312e+01
1.306557132334652982e+00 1.147840959541504091e+01
1.949659699038830185e+00 1.086653813181794170e+01
1.932744098048901238e+00 1.294222765633592864e+01
5.605690688659069609e-01 1.229930390636813087e+01
1.279461229169765568e+00 1.254422221680064453e+01
3.480811480014803783e-01 1.324031711671831779e+01
3.773154251269991710e-01 1.314595844690978055e+01
1.805397936265691783e+00 1.277866316948648695e+01
1.076449539662503119e+00 1.181658256159119702e+01
1.950217046639731722e+00 1.131759115334844168e+01
1.264281868450069846e+00 1.264292828611567110e+01
1.088579672244006646e+00 1.268152114314043644e+01
1.547350516812224575e+00 1.168916460155041115e+01
1.242006564995830509e+00 1.217760694309838598e+01
1.418357563977743041e+00 1.228923290311117000e+01
1.638217970102260557e+00 1.295386937434326313e+01
1.690157266216114396e+00 1.298291500013229971e+01
9.920257947313489977e-01 1.218157452278161124e+01
3.036562522883090587e-01 1.341766021699758760e+01
8.062451106031378600e-01 1.193531112916081049e+01
1.259491126488010648e+00 1.193234342481999022e+01
9.842330900162292728e-01 1.207551586158152013e+01
6.926901503883140521e-01 1.207278723109445373e+01
1.998882489849541644e+00 1.255477027033786364e+01
1.266391557530883061e+00 1.214585976414940127e+01
3.708510917035554022e-01 1.270665144803442992e+01
1.235511697552554189e+00 1.234201858685679554e+01
4.826066769798580403e-01 1.248535243186628030e+01
1.824412325777937438e+00 1.205077279636063814e+01
3.353115805775938596e-01 1.296488864172996536e+01
1.433052765754402547e+00 1.233237284257949185e+01
7.461917766314577483e-01 1.200871576593233669e+01
1.303626411716811040e+00 1.201909709456553266e+01
1.507085247148435947e+00 1.205967543129164099e+01
1.449343598730477689e+00 1.277038069479628213e+01
7.511385111747252985e-01 1.255534912628480981e+01
1.749613311725762177e+00 1.148274986658097241e+01
3.952891883429070496e-01 1.268198724034744806e+01
1.926618109929750133e+00 1.147733841874784488e+01
1.670042595932486051e+00 1.159827622639978273e+01
9.529392638560605366e-01 1.215209763323646008e+01
1.972451372671733871e+00 1.098868317497226599e+01
5.509792074327376499e-01 1.237220199187795799e+01
4.683138072466342949e-01 1.258789159921570011e+01
3.729985160426550483e-01 1.311591110304035013e+01
2.170585197477251871e+00 1.137758226022425490e+01
1.838714016246570049e+00 1.187950967789202750e+01
3.307453544255023470e-01 1.303220689887968398e+01
8.513301206397565490e-01 1.163336931192820423e+01
2.191118492771328530e+00 1.261474583989475384e+01
1.174101639579713252e+00 1.267525166298815265e+01
1.902066230063838015e+00 1.223876376645067765e+01
2.325155874571743109e+00 1.167058731445639808e+01
1.083304124284937275e+00 1.237558190521596657e+01
2.157223823549889730e+00 1.130286224159556596e+01
5.994904160964743545e-01 1.262660466758045530e+01
3.760622700790702821e-01 1.296025051886266155e+01
4.066687136645898426e-01 1.315371600394279916e+01
6.940691086129168186e-01 1.175210565521871686e+01
1.935173004183520007e+00 1.302705010029740684e+01
5.355215642982457114e-01 1.284667088586156680e+01
1.816622009083039835e+00 1.299468771383418009e+01
5.472710169671962666e-01 1.258608057948841896e+01
4.532832520163908585e-01 1.287850024226130685e+01
1.978142598104685179e+00 1.217084372019367144e+01
9.407702493262799504e-01 1.168994261681530666e+01
2.264380332381062289e+00 1.139008828083035141e+01
2.013458393311765793e+00 1.214103487772480428e+01
1.725317366335093805e+00 1.291302388417284952e+01
2.179023946899282471e+00 1.269718261950093030e+01
7.490423612187431246e-01 1.233255211948411478e+01
2.361066503486753287e+00 1.221076378192973344e+01
2.397517939375153784e+00 1.211592442766766453e+01
7.184378672760038942e-01 1.202532507259235217e+01
6.007034595078172279e-01 1.226667040076275761e+01
6.080404088267451490e-01 1.225909210836099739e+01
6.318991036396456318e-01 1.228474517175664360e+01
2.119749556250957401e+00 1.154948904529117115e+01
3.420890457766595505e-01 1.298641441680689645e+01
1.971387669838365220e+00 1.173395515502699027e+01
1.842029351332602705e+00 1.185954952059441858e+01
2.023324828051041191e+00 1.163585065402494934e+01
4.487178202572895680e-01 1.247548468527316068e+01
5.077313985678263419e-01 1.250248564975848886e+01
1.720472719326384903e+00 1.261430958580107742e+01
3.847026124869871722e-01 1.261472553694097876e+01
1.850341663601092534e+00 1.248669129681898227e+01
3.912152767917573826e-01 1.286146180666358063e+01
3.273993946271623323e-01 1.337539892222644511e+01
1.192446945472046105e+00 1.206544918508269859e+01
4.733301649667757682e-01 1.208908067504046002e+01
9.130137521131103107e-01 1.173979315397611067e+01
1.109332629525364933e+00 1.223621042680805537e+01
1.727213873141037359e+00 1.251773379564622601e+01
1.945607583597664059e+00 1.252006395831723040e+01
7.118474590956440640e-01 1.259354685189241962e+01
4.696752733974610128e-01 1.280657095615898022e+01
4.296203553141623166e-01 1.298467163369764066e+01
5.724501550948702944e-01 1.214339868738477612e+01
4.463212664402457230e-01 1.233890949766095702e+01
8.107031872957588536e-01 1.210487952177696336e+01
9.162561615207233112e-01 1.216554158042132805e+01
1.639390464078865017e+00 1.172460990506958289e+01
1.154279617247440326e+00 1.222129318877030713e+01
2.080367714680507962e+00 1.159040555735768230e+01
3.324863738646876010e-01 1.307437817859923967e+01
3.962326751402729386e-01 1.273077335337147353e+01
9.766617979776182068e-01 1.205534916111186128e+01
3.231963214400299100e-01 1.335090706168896446e+01
1.876826496511122988e+00 1.227602024267189940e+01
1.982498626523105489e+00 1.157386419241086095e+01
1.729746782579445030e+00 1.175288360539427224e+01
3.326213154100164937e-01 1.326385375703327973e+01
4.109582216010913003e-01 1.233771238447669027e+01
1.304452671938293618e+00 1.163371427805346947e+01
1.941658359991041083e+00 1.110616265541459846e+01
1.692092007778160490e+00 1.275460370147329314e+01
1.703444574445190263e+00 1.276028573334452609e+01
9.382698486286968897e-01 1.183102114185994935e+01
1.970043823348137213e+00 1.129388006330786354e+01
1.179236435155081919e+00 1.244711514688775189e+01
1.386604691974203440e+00 1.172363671017659392e+01
1.842906644430201135e+00 1.151158611183372393e+01
7.992327881863282579e-01 1.223136753941543553e+01
1.011517514721969935e+00 1.218234472822057768e+01
5.297371655904302701e-01 1.273091156142911373e+01
5.953645227751507285e-01 1.204949284965173817e+01
7.691931402376158688e-01 1.219786992039221829e+01
1.549203975367530406e+00 1.230214899084506719e+01
4.924474119581571108e-01 1.255761633644766206e+01
4.362251422335722273e-01 1.272827953868583784e+01
1.262842182611959352e+00 1.251659402315422120e+01
1.604543727843145806e+00 1.212630629330281806e+01
1.107012702149825945e+00 1.183973642371429058e+01
5.844100414810562416e-01 1.215352287960983801e+01
4.007563869605086371e-01 1.282975991938085514e+01
1.763482540923065445e+00 1.249597512919838493e+01
4.888579139986624078e-01 1.314469159646266405e+01
3.377774443601541110e-01 1.290574095098936169e+01
1.014013371162693966e+00 1.178705353362112973e+01
1.788724272817227456e+00 1.255198584838788456e+01
3.719320407900188474e-01 1.278891238839989519e+01
1.243436671137394534e+00 1.234524521128362018e+01
2.054712634428742302e+00 1.276624838271699325e+01
7.279749945688052115e-01 1.211836604768779324e+01
3.865771345146739035e-01 1.296824560274531812e+01
6.411283568071129979e-01 1.222733716475925192e+01
7.055163493784805118e-01 1.217466615526643103e+01
2.119493539625314948e+00 1.280557073299538651e+01
1.661459242810724435e+00 1.275675251653785658e+01
2.050034066008019629e+00 1.257323859798050059e+01
1.557880628442551707e+00 1.238250751433969654e+01
1.126504633546972611e+00 1.199535649602395182e+01
3.570781775988504658e-01 1.319519769581810564e+01
2.226261455526564070e+00 1.148911299470046465e+01
2.203502288413977439e+00 1.157510145211727348e+01
3.439319630702627473e-01 1.305633121388565954e+01
3.790738467773676623e-01 1.285361660839964415e+01
1.592586196804467003e+00 1.203561000725596486e+01
5.780458012752273111e-01 1.295248597429026205e+01
1.479068260090930842e+00 1.280552366599690650e+01
6.061832189233485879e-01 1.244506824787736576e+01
8.031713123046648750e-01 1.197821006014771505e+01
4.636161426778677708e-01 1.222274465494213835e+01
6.111234054271182936e-01 1.251869196652196337e+01
2.207526863217924795e+00 1.211119601446134908e+01
8.561342755175953556e-01 1.223181391132340501e+01
1.194794769326395834e+00 1.198442240314348517e+01
6.665641837807085857e-01 1.233574152846297878e+01
4.312645765719676505e-01 1.231837549228356998e+01
4.166994025854563466e-01 1.297073387108492426e+01
8.276614738830367912e-01 1.235430199881507818e+01
5.374461176753988489e-01 1.246934290106351639e+01
1.967016917640187268e+00 1.239653103644620558e+01
1.227747136858237997e+00 1.230300068803023983e+01
1.087579534781747626e+00 1.223250373815155179e+01
1.980009997769318852e+00 1.288877456983611758e+01
6.396035182570810607e-01 1.220390495887730253e+01
2.013408623349839388e+00 1.241977138983373941e+01
8.227720131798892389e-01 1.231392744268597816e+01
1.977407820575562303e+00 1.251188850587527490e+01
1.710633203890569831e+00 1.255022593448123835e+01
7.256617357767539689e-01 1.232611746470301384e+01
1.008617639996759241e+00 1.256939577243061557e+01
1.924807537903835630e+00 1.139888701916393110e+01
2.113595240233639760e+00 1.104475351046623466e+01
8.145260592538375866e-01 1.236501159409784201e+01
4.888171132820900988e-01 1.264834658624319808e+01
5.910588148783127993e-01 1.243978823568608760e+01
2.152459519463662208e+00 1.167647298886558360e+01
7.066038829479628358e-01 1.244167427619435529e+01
8.975583009372050114e-01 1.244075819333872701e+01
5.442333859619178371e-01 1.258527958154755488e+01
5.309804873296473104e-01 1.261354160093633681e+01
1.953566237532450955e+00 1.233998250343437064e+01
8.463881199727368854e-01 1.256893893514248361e+01
1.069235841197323289e+00 1.260837847567753656e+01
5.286220998761913537e-01 1.244526256665872666e+01
1.584209931349586098e+00 1.226479772004835311e+01
3.489290683999209386e-01 1.328969049243070799e+01
1.616715405825232654e+00 1.290986107151409534e+01
1.313530466517837558e+00 1.285027838870758821e+01
6.775153035839343030e-01 1.270343764579450330e+01
1.075302888855578232e+00 1.189667208264552478e+01
3.928172381080193287e-01 1.246720175907367789e+01
1.842536080917611452e+00 1.128541310451328705e+01
5.628953828672130788e-01 1.229479431024463842e+01
1.746875284539362250e+00 1.284896908361477585e+01
7.379152145023413212e-01 1.260240101034036364e+01
5.541881051827270976e-01 1.228649780435944905e+01
3.012079134368863542e-01 1.349376928989624069e+01
1.450520961278222831e+00 1.181717895841063992e+01
1.934060020012470904e+00 1.086614419481540139e+01
1.410295000129678566e+00 1.176124793081719666e+01
5.542958035182210530e-01 1.292291875271199331e+01
4.758133124853676788e-01 1.313496595796239141e+01
1.154134703328449696e+00 1.246382230306586436e+01
1.776716380838175402e+00 1.270006221559356163e+01
1.919815647356334809e+00 1.255302847682391132e+01
1.930305560597896264e+00 1.255379515694021642e+01
1.619400611779671539e+00 1.291346543925628509e+01
1.983626606840753759e+00 1.273862921870329856e+01
1.946066539224982517e+00 1.191802392031290836e+01
1.945109216276688535e+00 1.258742617675849473e+01
6.175432536713206799e-01 1.219410091937865914e+01
1.851992033742394739e+00 1.292854534655451459e+01
2.143538862064978456e+00 1.184740398279592455e+01
4.980136344188677566e-01 1.248736095404260382e+01
5.804390002358259526e-01 1.231993809191418521e+01
1.267752857157203206e+00 1.253834811627354640e+01
7.913685362948590374e-01 1.245562741536764406e+01
1.866181634038929449e+00 1.281954094882287620e+01
1.260786684066002028e+00 1.245213563386317190e+01
5.269757851520994185e-01 1.211916266288000088e+01
1.568992977288744761e+00 1.212253188720214325e+01
1.883234293184232744e+00 1.289221258321236974e+01
4.979002988478979375e-01 1.273522879373571826e+01
1.415380617425810339e+00 1.219822779328406526e+01
1.579017867594130431e+00 1.236110317255831781e+01
3.095849065088105978e-01 1.323667645239269142e+01
1.954811298265195285e+00 1.173484848531407465e+01
8.204572094804194471e-01 1.193644634586054920e+01
1.131694614120274167e+00 1.182852154082608642e+01
1.615472757055871345e+00 1.194027428849443950e+01
3.039506152606451517e-01 1.337107739869712653e+01
5.500709672035786202e-01 1.194945497661036882e+01
3.930166176154903934e-01 1.314509658998215080e+01
8.877355501570211027e-01 1.243466599445826581e+01
2.207937335700544512e+00 1.190916045782317845e+01
1.871786652969107623e+00 1.271313112601367123e+01
6.616054481330544412e-01 1.208815121432586537e+01
9.517567992247144559e-01 1.207079747080393872e+01
1.904286091209613563e+00 1.190037094120525829e+01
4.100161763535277726e-01 1.239899835318537846e+01
6.177260029979917411e-01 1.246860290101805013e+01
1.992729407654065588e+00 1.232462620969371336e+01
1.565650343282217749e+00 1.222643204456199584e+01
6.679913534069802372e-01 1.221182685851084315e+01
4.057158145587502207e-01 1.282164393721101625e+01
5.725216749306324404e-01 1.261621015170182325e+01
7.806875564259931899e-01 1.249818025971341129e+01
2.864206995636223718e-01 1.363699470702704808e+01
1.581738856577143082e+00 1.216469871226257204e+01
7.277817281368597069e-01 1.225552043550393577e+01
5.358075882818831293e-01 1.246858960318196097e+01
3.658092887564024509e-01 1.325851238121164499e+01
1.437525659085988838e+00 1.280097009536018682e+01
1.117140830279812036e+00 1.266861870468629547e+01
3.433947070667146551e-01 1.326664501486530767e+01
1.694657376779014069e+00 1.267573562434503032e+01
7.442904067376306942e-01 1.223627059855535393e+01
1.144128680795666764e+00 1.240768770694924328e+01
5.243822112956811887e-01 1.253253812028798997e+01
1.073827149162914774e+00 1.210207450889757830e+01
1.084625500592394154e+00 1.232032570526378379e+01
4.007125445537355057e-01 1.282524179145796950e+01
4.262469983090055314e-01 1.249415091099938557e+01
6.001919151547476794e-01 1.208933714170168372e+01
6.727605649113356234e-01 1.234945760496616884e+01
1.978609933616757521e+00 1.224531695218802696e+01
1.929767368655739501e+00 1.229525397671123343e+01
1.038521488718880059e+00 1.249147218735750542e+01
1.143516634593884307e+00 1.248356653333424759e+01
8.017499887870666031e-01 1.196852302520372824e+01
7.697824723947029879e-01 1.196341308905545553e+01
1.502066366355764959e+00 1.176132543206735193e+01
3.618134755375454481e-01 1.278918005053528972e+01
6.408574166803097105e-01 1.277438816325519078e+01
1.815812916148586753e+00 1.181529066944282569e+01
1.574379783289606483e+00 1.216922836042421174e+01
1.622330626769600714e+00 1.216060678279686336e+01
1.524154044562055166e+00 1.238650179928263384e+01
9.142235392556014029e-01 1.256620387357123469e+01
4.391595422050699193e-01 1.280816001266225079e+01
5.030653404152709562e-01 1.247140566805185813e+01
1.009060925765278949e+00 1.237711205333806141e+01
1.596170461974405486e+00 1.221486800653581817e+01
1.916493303447700747e+00 1.213561934793163566e+01
5.064099874272947055e-01 1.203868680343422781e+01
6.827549728025197329e-01 1.179957245275739197e+01
4.912358164795559423e-01 1.257934111398104093e+01
8.559117446002731944e-01 1.216569507191244526e+01
3.635832228561907131e-01 1.310544039455825249e+01
1.991761067860815970e+00 1.253375669728074193e+01
1.215110918554354269e+00 1.215608502891335618e+01
7.264186959031362356e-01 1.199299818213818547e+01
5.054286217589257779e-01 1.212164895568684209e+01
6.390493071527107993e-01 1.185696762566317553e+01
6.755141411182570277e-01 1.240148102973297917e+01
4.837253390996892333e-01 1.243167656715464631e+01
8.120205409057236201e-01 1.226337985714442347e+01
7.464118074204509901e-01 1.226778772165029352e+01
1.087998270190945638e+00 1.254086159810688628e+01
8.151343401046868831e-01 1.172489101200277517e+01
7.266197978261358381e-01 1.233152590295497752e+01
1.492365198701014473e+00 1.258199884521668466e+01
6.951654726533972317e-01 1.231806021355031788e+01
7.377124185662625733e-01 1.228776790006813080e+01
1.619478488976287434e+00 1.244768532479116274e+01
1.014249208939741687e+00 1.204393362837739723e+01
1.326919462898970226e+00 1.221973804227780391e+01
3.618617155497527160e-01 1.314219807049836319e+01
1.379597260905147671e+00 1.261705239623618802e+01
2.213110611132127037e+00 1.208801326831171608e+01
7.483933104916309365e-01 1.217825107840937626e+01
1.140910982090244108e+00 1.208003359633887719e+01
1.320670653302428388e+00 1.203161534482432948e+01
1.060337958645573009e+00 1.243749227667770363e+01
1.496587809169156902e+00 1.268446819226697819e+01
5.075631681654303451e-01 1.287789656221193191e+01
4.585510450781196123e-01 1.304758810778200306e+01
4.852863797857172590e-01 1.201544654384324495e+01
8.889076678115168662e-01 1.153753584570182866e+01
1.026828250872078963e+00 1.211105091684306068e+01
1.930876612977762141e+00 1.216258586692782195e+01
6.713475354318475530e-01 1.197179569461041559e+01
5.000805218127833962e-01 1.269585739876124997e+01
1.894485253692854698e+00 1.157417702537462390e+01
1.031796648129871263e+00 1.207177748709372622e+01
5.771493556542055536e-01 1.238165598942813261e+01
4.068187083423184802e-01 1.238197385261985417e+01
1.630919211013219350e+00 1.244591682858515291e+01
1.773164421895782494e+00 1.275603135303113334e+01
4.078600798237752012e-01 1.280635610379534839e+01
3.541245336547438893e-01 1.326443183127374326e+01
1.393334014206661253e+00 1.264675928114600900e+01
9.399043402400892866e-01 1.215379204324488960e+01
6.120966199203740077e-01 1.210297876029370734e+01
4.081707822255333795e-01 1.287157663516818573e+01
1.044326711949626230e+00 1.239705644937306239e+01
1.504848885676057790e+00 1.193599663367124819e+01
1.476982822475062962e+00 1.193054983133100500e+01
2.180319906339343916e+00 1.273884531832615785e+01
1.409734853200593330e+00 1.279775917971616828e+01
1.964487782679247063e+00 1.291746423993406978e+01
5.342870260139662708e-01 1.260752872054334084e+01
9.058939156323038144e-01 1.212548550559029614e+01
7.008242310952770282e-01 1.189464351364211403e+01
4.471937853902350768e-01 1.225065938276784294e+01
4.093251798520791684e-01 1.272559155035002831e+01
1.058454924006226205e+00 1.208391504729158683e+01
1.488496130618803592e+00 1.285940912987168261e+01
9.388796987110233916e-01 1.228984012191273045e+01
1.115793028492884087e+00 1.245323928223465515e+01
3.621616147032709065e-01 1.297450375184898341e+01
4.874068595403304172e-01 1.231618390094792304e+01
9.376043111519644091e-01 1.198972148371554702e+01
4.569662497916694432e-01 1.232360216290727273e+01
2.003585776214133585e+00 1.189321315060429107e+01
3.374185078429309814e-01 1.328014842118463257e+01
2.187579756402090236e+00 1.173626228845821728e+01
7.653107032050868730e-01 1.268783190797689819e+01
7.497406908169558237e-01 1.269234535803146890e+01
1.021647840932416118e+00 1.218845616123765652e+01
5.990412606618145119e-01 1.215720579612970198e+01
7.604763423538755118e-01 1.265166293555798660e+01
1.919354858882442061e+00 1.181249362705864314e+01
1.979125196884563120e+00 1.213825570617609273e+01
1.899645898163354385e+00 1.224280848806336053e+01
1.614847304940649542e+00 1.201775975249994488e+01
9.242883139773808709e-01 1.193063661420061905e+01
9.045784778922011382e-01 1.214261141034155678e+01
2.210250364790242728e+00 1.191529432207349970e+01
6.128706956072141887e-01 1.230991790768041128e+01
6.283202513409039680e-01 1.229837200346687176e+01
7.591476562638582726e-01 1.226912545888298389e+01
2.211689079225779953e+00 1.208598829301580047e+01
3.470018528617101472e-01 1.304184187569577702e+01
4.795637915517822480e-01 1.227923606922618838e+01
4.867382315266226001e-01 1.204635009985886107e+01
8.547093662168250283e-01 1.197278613470589015e+01
8.752886696247719200e-01 1.219235304934267639e+01
1.161491296520609229e+00 1.231280518128014023e+01
6.583361938565982507e-01 1.169777888336004601e+01
6.157169414511787231e-01 1.174019654369108423e+01
6.689866635192017741e-01 1.208471017483476828e+01
1.739262224574293247e+00 1.208571879278330385e+01
3.408047744350242714e-01 1.323218542288266519e+01
1.990869526731438688e+00 1.269667627532442111e+01
6.621643838210038435e-01 1.221176186462414925e+01
2.104379894293388009e+00 1.284351701479699059e+01
7.100351326738433277e-01 1.246193013202229949e+01
1.520803829251388350e+00 1.246912393322402579e+01
4.220393588779531302e-01 1.293436186294178292e+01
1.296485808131838668e+00 1.268387361693281434e+01
7.151940577499984464e-01 1.235603291213561583e+01
5.801601459084148038e-01 1.213346966298596286e+01
1.143284483670624851e+00 1.247115880075931571e+01
9.674143647312303251e-01 1.252317179693958771e+01
1.580133884765281493e+00 1.259183259294340118e+01
1.969365520750594678e+00 1.149631833315365448e+01
1.863630133459551530e+00 1.255580292842863521e+01
1.384090545209000878e+00 1.245421706679524831e+01
5.030060990556197709e-01 1.190400838869300593e+01
5.713588199377400700e-01 1.172855234418701897e+01
9.149956403449751585e-01 1.225833115576944010e+01
4.928871066991015182e-01 1.253079492341274914e+01
8.653651507255765152e-01 1.242569439344985405e+01
1.810490596341999936e+00 1.158311535298195416e+01
1.785466630075407624e+00 1.245229733672991479e+01
1.881911025343475652e+00 1.196266831739387726e+01
3.229478643398824289e-01 1.312695045454095144e+01
4.177056318043866345e-01 1.285785687252549891e+01
2.147250717535142073e+00 1.278505611332336045e+01
1.798598407148832568e+00 1.253422409605467891e+01
1.819803175652673799e+00 1.253767220702238916e+01
1.928790380617811939e+00 1.262451923430703893e+01
6.206874278601121064e-01 1.247369443340894257e+01
1.627775150444123575e+00 1.269424552281401830e+01
1.900504228310713639e+00 1.247857909368720364e+01
1.748646130462823578e+00 1.206098093106624702e+01
4.706433418079364328e-01 1.299958622041028633e+01
6.354013379591713084e-01 1.263904512652037937e+01
6.684480929631777535e-01 1.243281369138108872e+01
4.954296075709964664e-01 1.270638363424058070e+01
9.808214194046038781e-01 1.227267807373602615e+01
1.481199074539994998e+00 1.260655240002565591e+01
1.582983652905120442e+00 1.243594126515422715e+01
6.061492527299608968e-01 1.206276155445106646e+01
1.276898764724896607e+00 1.218589658367557860e+01
1.963959899331490622e+00 1.239033448814303817e+01
2.070681065672864474e+00 1.239935504927100673e+01
4.379376513179674690e-01 1.273349403921572964e+01
1.681234299495720785e+00 1.169135387744013421e+01
2.142421542241493615e+00 1.156291696473781982e+01
1.284137680045128960e+00 1.240025187225867320e+01
1.264478310706856679e+00 1.238846701651284654e+01
4.159371654724830503e-01 1.259421090512443264e+01
1.245156139704262976e+00 1.241683289572476490e+01
1.338336692571159947e+00 1.246344289525353766e+01
1.163332735753162650e+00 1.251335981654873386e+01
1.075669678090180215e+00 1.205232408939464683e+01
2.051769379910604041e+00 1.220193569122732313e+01
1.083798674611937907e+00 1.238556315791397644e+01
7.635560750659767804e-01 1.228632904437741047e+01
1.423995328947958994e+00 1.276508059532018891e+01
5.139914367226094960e-01 1.309984614441212258e+01
6.147359439528388148e-01 1.188889116680743641e+01
1.971431327089604224e+00 1.235780556239728334e+01
1.751951339869100233e+00 1.207271427152332421e+01
5.893783401047181236e-01 1.201233330962138446e+01
6.076159971081205313e-01 1.211564283683946996e+01
4.943396414206280842e-01 1.241979169591625265e+01
5.132713654180794949e-01 1.236723206429731725e+01
3.108768421644071411e-01 1.345143027137742564e+01
3.832766846259529903e-01 1.277413231537847516e+01
1.277319083997114468e+00 1.236506183545234450e+01
1.593411190158909863e+00 1.293248645836000499e+01
6.511199923709168891e-01 1.254126514656495850e+01
9.680794479495009597e-01 1.227528089629033303e+01
9.498742485701249239e-01 1.226665072143050850e+01
6.819022845672495503e-01 1.256595415628879486e+01
1.852431671494551679e+00 1.226314683751073353e+01
1.234332533207853411e+00 1.214993227223584604e+01
1.076847126189448556e+00 1.268117477952387873e+01
1.865501230987548942e+00 1.262920794411800074e+01
1.410401408121973343e+00 1.263868781187536960e+01
5.712122676539715949e-01 1.268673411129584849e+01
4.969558936425655382e-01 1.231157656859335425e+01
4.531037546261726390e-01 1.246553848608470716e+01
2.049538652777010306e+00 1.229798171387731642e+01
1.674300137310449799e+00 1.228454068065993710e+01
1.830431653229815270e+00 1.222650570849178742e+01
1.706270547710784236e+00 1.221669459630122390e+01
1.955117654352116263e+00 1.128387038223420014e+01
1.983204673997495338e+00 1.118578699218450367e+01
3.131930259978353837e-01 1.329320452224134641e+01
4.915828205609124590e-01 1.280001745300026350e+01
1.879192678495590796e+00 1.220934945721791287e+01
1.165450538727838659e+00 1.223671817917360016e+01
8.923381914944054083e-01 1.222428994882261399e+01
2.104588962448329603e+00 1.236836417461182158e+01
7.912258370139780839e-01 1.178591512437468580e+01
1.453171477953899338e+00 1.191156334444239917e+01
2.046002640357847291e+00 1.064947538399840177e+01
1.682704497901147844e+00 1.275741035042344862e+01
4.666332932220279561e-01 1.317541447942035759e+01
5.615382874567241833e-01 1.245766878764077745e+01
7.957906971498596160e-01 1.233042320637432709e+01
5.474705133384192290e-01 1.185043551304868004e+01
3.171839769792864638e-01 1.316097110428141015e+01
6.105139336955939244e-01 1.210816170535957603e+01
5.691238275733104812e-01 1.216249528928685386e+01
8.824076800518932950e-01 1.209516527602130331e+01
2.095361970338008639e+00 1.148916405450616907e+01
1.997738421422243782e+00 1.266658601752579294e+01
9.213893939635001695e-01 1.232012250905488671e+01
1.694871356543922847e+00 1.268370224678917957e+01
7.069474021021181498e-01 1.217721683635734742e+01
2.113847848015102393e+00 1.258658507516451586e+01
1.513115559441783553e+00 1.270696674230818957e+01
4.576052673649269598e-01 1.250682104804797312e+01
1.283272119012241586e+00 1.225441335227512241e+01
1.128088577304650286e+00 1.215358893788854644e+01
7.951675303845863185e-01 1.200369661301630053e+01
8.665269675369264846e-01 1.248146942738867438e+01
6.303585520909477102e-01 1.258182443445256027e+01
4.190027383751404044e-01 1.255990511469453530e+01
1.672560797389044396e+00 1.260804944492898372e+01
3.477336251320782834e-01 1.320515267753703981e+01
4.345744370491249620e-01 1.235279869397211527e+01
2.108436936308764942e+00 1.166005808427109791e+01
1.153095958043959257e+00 1.184666587348094957e+01
7.145765239547455794e-01 1.208692608707413285e+01
2.135929681513139222e+00 1.271489892857986348e+01
6.942265357579230356e-01 1.257208677591655466e+01
1.506502222098231147e+00 1.203044553221258539e+01
1.015695126068896670e+00 1.181587159732300130e+01
1.894182180946004657e+00 1.154972916444686248e+01
2.032952990461529552e+00 1.259184499594713635e+01
1.980860337434860341e+00 1.298742625542003282e+01
9.549457140666974819e-01 1.245386250434687980e+01
3.271037018995447410e-01 1.305515444250719703e+01
7.794606092382787565e-01 1.229457358431169922e+01
4.213569962310809158e-01 1.246442305315354382e+01
1.560831726877601744e+00 1.251985871895105085e+01
3.494004203145030241e-01 1.322935088320795849e+01
1.167671103307551972e+00 1.264377647500077195e+01
1.958277066083634610e+00 1.226791722842554044e+01
4.442838153265643575e-01 1.298139495207815663e+01
8.655874794222740976e-01 1.186560635629578719e+01
1.876237979843071946e+00 1.181807517471473368e+01
1.722592788014305709e+00 1.190482357090999166e+01
4.724340495645500404e-01 1.234746454942185956e+01
1.686704819329246208e+00 1.255219471410768861e+01
8.826441222170566814e-01 1.167016760824971833e+01
7.686834734712947315e-01 1.215160096259782030e+01
1.283524509305705719e+00 1.203768407429526555e+01
5.809542795542090854e-01 1.188825424611746762e+01
3.748284049598192835e-01 1.258904062739174279e+01
3.217559105549202547e-01 1.310131266130039940e+01
5.104842708060988166e-01 1.199076881590556987e+01
1.997072779265222753e+00 1.263898651108068094e+01
1.935066833114982288e+00 1.233472287762859132e+01
8.184776735165464334e-01 1.204330953993619246e+01
1.269043978545065343e+00 1.255422489744386105e+01
7.435593449468756999e-01 1.191286307274237011e+01
1.616865970331227587e+00 1.261681909719934147e+01
1.762297287782211619e+00 1.265424347770070490e+01
6.820551933830472091e-01 1.203623022710534229e+01
8.160017656363999228e-01 1.194968029208974158e+01
3.134197660275674924e-01 1.329286372641245606e+01
1.594108257480883584e+00 1.230460430995346499e+01
3.935867843777418051e-01 1.300955061104535559e+01
1.453606702972920717e+00 1.228145965021546537e+01
3.379041945895766563e-01 1.302273148829664962e+01
2.039636116663164245e+00 1.256529923577066299e+01
2.008135229106972730e+00 1.187386268364823572e+01
4.167110209481050820e-01 1.264301695645643342e+01
1.760294422501632372e+00 1.261062827454145463e+01
1.430200122643834115e+00 1.256040334951659432e+01
9.032650833781884492e-01 1.196072172763452635e+01
1.395907323305921377e+00 1.258144330412052980e+01
9.546678350511647038e-01 1.197451251600685040e+01
5.412599366610347795e-01 1.208694926052013408e+01
1.099123258973389694e+00 1.238207414444105936e+01
1.056443780253142783e+00 1.234910116616978293e+01
8.219888007108605565e-01 1.254699708081359510e+01
4.572671238581400011e-01 1.254325612184082672e+01
8.347411947397715970e-01 1.222168857042533041e+01
9.307313873108657987e-01 1.236492183925009769e+01
1.546229552538612273e+00 1.224366014282077764e+01
2.073776064567117938e+00 1.215118081638412484e+01
3.587455266174864321e-01 1.297249403660571154e+01
4.183123348255733398e-01 1.255989615969121509e+01
1.692188091375327996e+00 1.251674452014093930e+01
2.129215126587314710e+00 1.266104943755564705e+01
1.201562687673708218e+00 1.237081464015184373e+01
1.497030161041076557e+00 1.233508403553961763e+01
9.721664588240118698e-01 1.228480516103028997e+01
1.977925772125757931e+00 1.257665731459716163e+01
5.014888539004292989e-01 1.276915833741120032e+01
8.482066512741384123e-01 1.247674144917168171e+01
1.970251806237022896e+00 1.179263495774783266e+01
9.609649992619090364e-01 1.243161850420811732e+01
1.089199680977353202e+00 1.248941509632077818e+01
1.060193481947927729e+00 1.200117118913844649e+01
2.018319957183493774e+00 1.085230741689416867e+01
4.243330273240641937e-01 1.259262025270765228e+01
5.537047740672556007e-01 1.212416405443621947e+01
1.451250614562923369e+00 1.240006951020317238e+01
9.156370027754991980e-01 1.243196886552992808e+01
1.887726692683181939e+00 1.293982284646511616e+01
3.965502498807843557e-01 1.319970465619350541e+01
1.230565941623773529e+00 1.218020369489215327e+01
2.900672212900257674e-01 1.356905673339520391e+01
7.419885481821610895e-01 1.191999417214098145e+01
1.326428006216720634e+00 1.221672494978227341e+01
6.061708382573571807e-01 1.242074593478551670e+01
5.772518355795789313e-01 1.206522675993976712e+01
1.482173774740789263e+00 1.269916520545863392e+01
6.821848029964219240e-01 1.230277959623256478e+01
2.099244112819720787e+00 1.293806921949059863e+01
1.340311367379656948e+00 1.275772090890063737e+01
3.963894245847596753e-01 1.314039102071893161e+01
1.757612244830612847e+00 1.252764710215180877e+01
8.696468117867569569e-01 1.206647188371078983e+01
1.788578725592965268e+00 1.279057011553446799e+01
1.069310533730813528e+00 1.235643031232404709e+01
2.065400098315190558e+00 1.315074514127925909e+01
1.051644741427650631e+00 1.259137536123812495e+01
1.941542962817424556e+00 1.220261376563764344e+01
1.549219224155381269e+00 1.260015138094860809e+01
1.420406758093815558e+00 1.270991872850864191e+01
2.011754552879038815e+00 1.299776059398095107e+01
1.117673057699742456e+00 1.233904760401016887e+01
1.941788341824938868e+00 1.245106804598507644e+01
7.716712572108346269e-01 1.201622442527227363e+01
1.645158937586599146e+00 1.216724722604639908e+01
7.570964078935615849e-01 1.204847227386255604e+01
1.844282946525232392e+00 1.192727977444088339e+01
6.525434052361718251e-01 1.247077369033620720e+01
1.010214255321799648e+00 1.242983376893841196e+01
1.986202890647731145e+00 1.212896487509606658e+01
1.829126092008996007e+00 1.248786626001541933e+01
1.155712705890642011e+00 1.217376186323650700e+01
1.620299837583442315e+00 1.286491200996530715e+01
1.340764737468705281e+00 1.274153055067628237e+01
1.171011062438352512e+00 1.235615876187856266e+01
1.704896084914178100e+00 1.265046175856160993e+01
1.122042022496171798e+00 1.214691140081488285e+01
7.444963715203254395e-01 1.188157596976805230e+01
3.666157511435936822e-01 1.292226413289581899e+01
1.694664346518523823e+00 1.245878051731316916e+01
2.086723289596151609e+00 1.256902266802370960e+01
2.948597376068869957e-01 1.347165276540015810e+01
3.884563361847655494e-01 1.312865399208710038e+01
1.939440593292747428e+00 1.283682856504404945e+01
6.306160186449837335e-01 1.262830802725222412e+01
1.374502523963255562e+00 1.272766737226343992e+01
4.238273408788035268e-01 1.308724834177017371e+01
1.141438102782885711e+00 1.258836079273869046e+01
1.048475376356829081e+00 1.238673455992096883e+01
7.558317584519169685e-01 1.227283500246061188e+01
6.862591630612435711e-01 1.259423003722075585e+01
1.664082738612943757e+00 1.241182857659577898e+01
8.815635088758313476e-01 1.214210597892901156e+01
6.656880047685425073e-01 1.238026180352663452e+01
1.744439062569467458e+00 1.269970568466591487e+01
3.868785320423345775e-01 1.245961424742290014e+01
1.429466024684868941e+00 1.165738571313871752e+01
1.580136322670410154e+00 1.253265870413551397e+01
1.466778314403255123e+00 1.260670290801034987e+01
1.357342662367440944e+00 1.230911694498590947e+01
1.513943609714550220e+00 1.241570424576154963e+01
8.321176442904493209e-01 1.232469244143616116e+01
2.058863722747493075e+00 1.227617309516115363e+01
1.713811901416860461e+00 1.234861179802124376e+01
9.135117269879347024e-01 1.200702082117806846e+01
7.150382005896274151e-01 1.218408616242694009e+01
5.542592957619638661e-01 1.233554518392793220e+01
7.489214193393107788e-01 1.247551539188609837e+01
1.782956606948520317e+00 1.238709497405441518e+01
2.014428613433096871e+00 1.228940452438684439e+01
1.430777501620589476e+00 1.245489256050120375e+01
1.424474627328896625e+00 1.221982379596872548e+01
5.680920623957581572e-01 1.267464389239991540e+01
1.111589255030936974e+00 1.238634596335427318e+01
7.702998320030600699e-01 1.176893424740578986e+01
1.131804137168288982e+00 1.197775321864620501e+01
1.733208956987812632e+00 1.220274670051363763e+01
1.069275484621661443e+00 1.245669713769212628e+01
1.866178290943042883e+00 1.301583907550928565e+01
4.050437994155497989e-01 1.236394098481931714e+01
1.267613663335538599e+00 1.263800513727456476e+01
2.242939637698526223e+00 1.269234494059329599e+01
4.748420034140380386e-01 1.208072255116167248e+01
3.508936366043199917e-01 1.278493996100271879e+01
5.669455865865007382e-01 1.210509737741465486e+01
1.688339698282879775e+00 1.224516293358447072e+01
1.159346491335339957e+00 1.203360584713333736e+01
1.723311848882674191e+00 1.202302335464656657e+01
2.178924556099233190e+00 1.155397183457241006e+01
3.729965131120551169e-01 1.324417102735190888e+01
1.995165057447593870e+00 1.213235376852481906e+01
1.511108645846661824e+00 1.255294062684876089e+01
2.027786360128398524e+00 1.267225483371879591e+01
4.635353415017675616e-01 1.223460137209163534e+01
1.496486694452940469e+00 1.235536118344298728e+01
2.170065691827296916e+00 1.150078898283527984e+01
1.247620801562148385e+00 1.203816923193176969e+01
1.819105186925566775e+00 1.236327572806478159e+01
1.676136837280193470e+00 1.233407047348612728e+01
1.561391342906932822e+00 1.193543800857167980e+01
1.698232768938102266e+00 1.188234823456573253e+01
1.534561008943276628e+00 1.281917554157418593e+01
5.231831896078968924e-01 1.257105509282821032e+01
4.759549884954373811e-01 1.257127171227317319e+01
1.249330297791604982e+00 1.236564927759797605e+01
1.154847342565016310e+00 1.226249381311438036e+01
1.415010491376254897e+00 1.270991573449245138e+01
7.503849251553330602e-01 1.236145494220989605e+01
2.160727364845658194e+00 1.271280230354531504e+01
1.837345133482552351e+00 1.270241714803035293e+01
1.665917698682909842e+00 1.192568543407794479e+01
1.942069218589331792e+00 1.180134640920201861e+01
1.664804137072453116e+00 1.286829762313868564e+01
9.264050021543243085e-01 1.243818853515471368e+01
3.092651365943840380e-01 1.338657634327132406e+01
1.945622436723289050e+00 1.123560581980745354e+01
4.889644568266386382e-01 1.256002305151820408e+01
1.087569572605956436e+00 1.222213778726565891e+01
2.164172382168227049e+00 1.195293566908158311e+01
7.117718621409082624e-01 1.232458175543047751e+01
3.517949919444786078e-01 1.318932277070924819e+01
7.714078446510126419e-01 1.216995236620103071e+01
1.558334955285460621e+00 1.278660059519017800e+01
1.203013154074034086e+00 1.269361172935413862e+01
1.845753138225728174e+00 1.277565145836117821e+01
1.965884587990927912e+00 1.251331085632840434e+01
1.139509349660444038e+00 1.258172398928204849e+01
1.472570608326037700e+00 1.276523038113846908e+01
1.974103550509187066e+00 1.169968849464565785e+01
9.466626346387136959e-01 1.229746134702219074e+01
1.961394585125884715e+00 1.284485940327133946e+01
3.667329170623276902e-01 1.270631678022905042e+01
1.121647375985037831e+00 1.225686416191937589e+01
7.888878496775922899e-01 1.225326726871635685e+01
1.452985468953203130e+00 1.233922632866736890e+01
2.065753609133222923e+00 1.206620200132563525e+01
2.209778391973820533e+00 1.183402310218487941e+01
6.739114224062551228e-01 1.171930884660495842e+01
4.634570940921503013e-01 1.240350091309136182e+01
1.463655935209028813e+00 1.160326559930020629e+01
1.112670721860717693e+00 1.193632997738358092e+01
5.053756196130165801e-01 1.227959085295647768e+01
1.284745946612723566e+00 1.184195155928966336e+01
9.569125128630435739e-01 1.229184449834415283e+01
1.335027447663821087e+00 1.227739527623244875e+01
2.007048361557634664e+00 1.131462580855362354e+01
1.877994457211957346e+00 1.266984988896649256e+01
2.188231160918579832e+00 1.209837168711518096e+01
1.957352989645615216e+00 1.221278208739014381e+01
7.708317765835762669e-01 1.219703163625715447e+01
7.920004894065544310e-01 1.251600562193199551e+01
3.819191967024100354e-01 1.319845139277132873e+01
8.378212015541218749e-01 1.227716749181380962e+01
2.174918693857170737e+00 1.196575152751278104e+01
3.969421206149689740e-01 1.308189083926884244e+01
1.872403593116810150e+00 1.182648880470695829e+01
1.673823217550375331e+00 1.186419766719386182e+01
1.673646736876467145e+00 1.229373524083896108e+01
1.043295608769386762e+00 1.244834225542781958e+01
1.889252087244402745e+00 1.273309178517356344e+01
1.479779660865988111e+00 1.258588256251986692e+01
1.462192562449160960e+00 1.231055860348788400e+01
2.262202783584441157e+00 1.206131900025402359e+01
2.980225187725916158e-01 1.344660084854345250e+01
2.034283161061757550e+00 1.243494707283248246e+01
1.385069821411702540e+00 1.225883806251597363e+01
1.495929137928385222e+00 1.254382024213927949e+01
1.498760807268282536e+00 1.254564261570105543e+01
1.048070379702795485e+00 1.229205921189942785e+01
2.056528343588743812e+00 1.249310737748457178e+01
1.555169174942128807e+00 1.258250400980113604e+01
5.939577895555735454e-01 1.258172514593491087e+01
5.678984393475104975e-01 1.203991810703731602e+01
3.384404399955007747e-01 1.315489835733366419e+01
7.969795089932684151e-01 1.231205931675459908e+01
1.479389132981743904e+00 1.204534630312721966e+01
1.064884936818082384e+00 1.177812338325889030e+01
1.872167908059077623e+00 1.260017485553836636e+01
1.658380206368620602e+00 1.195898164932448715e+01
1.620848801929046790e+00 1.198314065700999009e+01
4.113719070885407669e-01 1.256763020353010774e+01
3.510891874515322808e-01 1.302073618683631118e+01
6.422672089222466463e-01 1.231439203340102040e+01
9.058900698416301189e-01 1.226844822682295977e+01
9.767284943633790517e-01 1.207999062639900245e+01
4.261657451889674375e-01 1.259863942034714412e+01
5.885582960568404021e-01 1.258456780302475231e+01
1.911887322711326220e+00 1.203634251197772365e+01
1.723662714695025189e+00 1.174791803955260860e+01
2.014098949392307603e+00 1.088435017485300804e+01
1.727750816992046357e+00 1.231085941210988288e+01
1.821576169908624809e+00 1.229156545154134683e+01
4.499932562177914597e-01 1.217135990983381255e+01
4.430744684244692921e-01 1.288167264361552178e+01
1.235717647958948895e+00 1.253429839656806699e+01
1.521829600157482920e+00 1.246702262195024424e+01
2.267720662089851125e+00 1.182342302967755288e+01
9.310414304663690022e-01 1.222339227707097287e+01
1.761468329564300328e+00 1.276260592495063939e+01
1.757288138059040827e+00 1.273303004810888339e+01
1.625463025142596107e+00 1.267446057594500886e+01
3.596443101266742493e-01 1.296282026384926844e+01
7.722169164786906181e-01 1.197082537063202423e+01
1.005050651887840818e+00 1.201482899158922990e+01
3.177667672359116291e-01 1.343378475847236864e+01
3.782015184652948725e-01 1.316730035935111509e+01
9.912705726761467107e-01 1.251897737869127702e+01
5.004002276697019358e-01 1.268126182357542220e+01
2.200640752206820761e+00 1.152254174210057158e+01
1.319191247832398828e+00 1.214584582630570786e+01
1.919166834916326225e+00 1.235193939329371027e+01
4.514527573549881878e-01 1.311650743207353109e+01
1.511203278206684653e+00 1.179339696500176515e+01
1.047132121159993101e+00 1.179199571267824176e+01
2.223224495422169600e+00 1.215689160975739824e+01
2.264987197554339637e+00 1.207567496790809791e+01
1.516253252812753916e+00 1.231133500891430010e+01
1.540507378285103979e+00 1.236411747800689476e+01
8.475093452538414729e-01 1.203510169592728296e+01
1.670927614454770005e+00 1.243585744974289042e+01
3.475428523243572210e-01 1.327063355701373659e+01
4.052931177562016929e-01 1.314964475119509757e+01
1.377490339532330355e+00 1.274455256550721849e+01
2.090269151281779703e+00 1.235185883481014990e+01
1.643097549456239648e+00 1.187058275031989751e+01
8.160390783516835445e-01 1.175446800658240676e+01
1.333929188375281516e+00 1.188770283071494838e+01
8.486860733658539990e-01 1.161459534907770852e+01
4.208875670180802220e-01 1.232866460121566199e+01
1.193865555200156026e+00 1.266790603566369100e+01
5.125233862144368269e-01 1.270671480432685030e+01
1.011261634053535641e+00 1.222719887279694007e+01
1.780179763778568125e+00 1.271651651174797060e+01
6.668692740826083210e-01 1.191328662533742921e+01
2.974352316719086620e-01 1.354547232449116834e+01
7.729639178915062026e-01 1.223118618921412804e+01
7.323679051199895040e-01 1.225378423144017503e+01
5.944142413782683709e-01 1.261670465324953661e+01
1.716220379667956930e+00 1.221958307847532765e+01
6.255577950802329035e-01 1.189027312196011188e+01
1.061137076970600113e+00 1.199786949194156627e+01
2.018336559633030269e+00 1.183696724330620142e+01
1.643297435035229181e+00 1.225942780568450452e+01
7.613391778056379788e-01 1.218848785898978626e+01
3.872120471408804221e-01 1.300846698784160971e+01
1.411570489683282581e+00 1.227096948611876925e+01
1.399581177182050329e+00 1.239754434001409678e+01
7.368581935178625253e-01 1.260450981619438693e+01
1.789316114380458123e+00 1.278844393735031559e+01
6.262910378729121819e-01 1.250912292593913833e+01
1.532926748175457154e+00 1.254185339655855458e+01
1.090455987792448456e+00 1.212146939226877684e+01
1.123004875651489209e+00 1.214030946441969405e+01
1.508773321985170224e+00 1.247977248996402189e+01
6.698831461347526384e-01 1.193913564271254479e+01
1.413253478485860581e+00 1.211173807057531349e+01
1.307581080463305456e+00 1.209748645006427381e+01
8.708519572763134819e-01 1.261158778701144989e+01
2.102913878989975949e+00 1.110018915870017686e+01
1.301801267959117991e+00 1.246623837901274001e+01
8.083421803030328423e-01 1.219209337623832035e+01
4.353534280085255559e-01 1.265353010124297839e+01
1.362064638717732423e+00 1.247639214331242208e+01
9.667007917247304460e-01 1.228553237413153454e+01
2.147280797382520756e+00 1.255942863469694259e+01
1.816074196952224273e+00 1.191193913111078828e+01
6.320247980525304232e-01 1.202298874467937928e+01
1.215005699311944243e+00 1.241352177103992283e+01
1.840526348051248817e+00 1.258506760705094862e+01
1.710678318955753729e+00 1.231282715025773555e+01
2.031444726025216863e+00 1.265631466775277403e+01
1.234763186199904661e+00 1.277991686934163518e+01
2.230400166991137745e+00 1.244609836223099819e+01
2.094128285208246787e+00 1.190487963428726736e+01
2.135529230778710819e+00 1.133681158418897539e+01
6.652605004708797010e-01 1.249581910478987723e+01
2.174229243526479838e+00 1.122335490734534780e+01
6.587777008546681357e-01 1.235918783144856192e+01
1.369171853790998927e+00 1.217511138465439657e+01
3.268404584031836535e-01 1.320772303704001693e+01
1.175983674084011055e+00 1.181300152114545376e+01
2.038324699513058391e+00 1.161326249641966513e+01
4.733088040055131729e-01 1.213216924860658352e+01
9.516306251524850879e-01 1.158399789681107706e+01
1.472144852391051417e+00 1.253637428567071943e+01
1.841938591484727716e+00 1.270513343161983499e+01
6.211563887085473912e-01 1.208722949476553055e+01
2.009772361064147361e+00 1.256473207329766595e+01
8.758535482771601099e-01 1.204203771567384251e+01
5.051378821100993566e-01 1.216782004805511086e+01
6.621192295973120645e-01 1.201558011194042663e+01
4.680568884108427530e-01 1.210174109021831335e+01
1.827590310514999983e+00 1.197204058622243394e+01
1.979281172889354457e+00 1.107721408637349647e+01
3.955831201918910689e-01 1.297938251237135354e+01
1.647644038563923496e+00 1.273015224406476875e+01
1.761715321077956142e+00 1.159605717036633976e+01
7.901403547748248046e-01 1.224574220461998664e+01
4.262558246094433900e-01 1.291486677398833827e+01
6.179204588365683204e-01 1.239847035517855822e+01
3.636154908847348821e-01 1.319352190088183363e+01
1.177907513869162370e+00 1.245520779123509847e+01
2.108177758388412926e+00 1.238494852521783152e+01
8.893258288200697192e-01 1.233864086253781878e+01
2.071657125842112368e+00 1.284240557232611302e+01
1.933215385343298287e+00 1.301672809808743914e+01
1.487470985828951875e+00 1.277257799698794294e+01
1.606441513492223860e+00 1.236315453515616269e+01
1.784605989431716555e+00 1.215361962591100031e+01
1.684742486826850127e+00 1.218993841155319657e+01
1.570422465287622193e+00 1.234650355322287041e+01
3.810571081656863313e-01 1.251021206657294371e+01
2.038171476008185490e+00 1.204420755253343600e+01
8.937682663083729162e-01 1.226956405800832250e+01
2.052944176828733092e+00 1.207239797866058773e+01
1.681828231089973702e+00 1.244515355464613826e+01
2.030861584354437088e+00 1.143520019139515753e+01
1.236395759409878448e+00 1.185231698981555937e+01
1.768263637019475309e+00 1.231601052583099154e+01
1.837923219817757081e+00 1.231531110714524324e+01
1.138644656142598688e+00 1.172293784285353269e+01
9.635453358979217953e-01 1.170379683772971191e+01
1.269295166504306183e+00 1.229408011213181950e+01
8.309573276600054070e-01 1.221447381013115674e+01
5.373504744694362900e-01 1.224741603865765782e+01
1.706939748398627277e+00 1.252487366171225425e+01
1.857236869096957843e+00 1.263384243919382399e+01
3.922139384551596164e-01 1.283776869069737359e+01
6.434651636239315797e-01 1.201362172035952547e+01
1.942928371405886256e+00 1.255277199604122451e+01
8.867877819498284353e-01 1.226591048357669500e+01
1.727680458454287971e+00 1.245125726103422537e+01
5.769924641617374395e-01 1.243433896778814329e+01
1.410961025499137378e+00 1.228467574590074385e+01
1.444493321579644496e+00 1.230358747109310436e+01
7.693724344272340199e-01 1.228299337382501299e+01
1.254255409733381788e+00 1.247166598472013455e+01
1.853530660916503425e+00 1.252028165799788972e+01
9.842005701085706493e-01 1.220632401249817356e+01
5.805742921760856934e-01 1.271322186142141675e+01
1.835379814663999687e+00 1.293892538189026808e+01
7.289406085535210522e-01 1.252449116636153370e+01
1.416786344831359123e+00 1.194138833902301045e+01
5.185654193761713993e-01 1.223302127915850690e+01
7.296965445208627443e-01 1.208671511618370431e+01
2.098905667696972177e+00 1.076628202317285599e+01
1.729123462350953710e+00 1.178110228663003589e+01
4.799631282635683505e-01 1.230944421882477968e+01
2.054614490990183562e+00 1.256466782333166954e+01
1.612527122920995870e+00 1.245939204543992140e+01
1.271918925086984009e+00 1.247306915950401240e+01
1.022475445950587591e+00 1.235131185610528348e+01
1.904722176708059322e+00 1.273930128449895882e+01
1.439886275200972010e+00 1.262134131954824845e+01
1.272264039689392501e+00 1.251300558849427880e+01
8.574696163186664721e-01 1.224618247530918147e+01
2.155568522674413678e+00 1.212984696437066567e+01
1.250346418530269732e+00 1.229863909747919948e+01
1.655256438717008782e+00 1.243943640033057818e+01
2.899205045254163449e-01 1.359086291274996405e+01
1.799760237113842143e+00 1.266734788047051552e+01
1.958876160127580812e+00 1.279321491042579062e+01
1.862730889223336961e+00 1.274818792456431993e+01
3.943299542537442859e-01 1.282290051257502128e+01
1.067743059962218855e+00 1.193117967702140803e+01
1.086603776952240752e+00 1.193259614597071128e+01
1.007217138418888158e+00 1.189380960062340620e+01
5.525403851573087444e-01 1.225629299757731161e+01
7.153838878151682623e-01 1.213916616224442357e+01
3.312528191724246618e-01 1.331173094226542197e+01
1.057898517135209104e+00 1.242390540589747872e+01
1.462419273371281303e+00 1.228669756003259650e+01
1.720885735008224504e+00 1.245702328621320198e+01
3.918366915646699922e-01 1.245199464868047201e+01
7.227378432676967446e-01 1.186332625778938166e+01
2.045357423606132041e+00 1.284485868753258764e+01
2.228477197759507700e+00 1.282322904333708635e+01
5.283048493657347411e-01 1.248469565418866978e+01
1.596937781312495419e+00 1.272681694352520942e+01
8.833284487106497496e-01 1.219222856989320647e+01
3.789414466415825244e-01 1.276097077337274754e+01
1.611129486288550794e+00 1.232819776647874299e+01
1.181568946108712659e+00 1.215544783476043555e+01
1.934215696665468220e+00 1.128764855151747781e+01
2.040802445227078099e+00 1.105357599253806455e+01
6.595328625730260130e-01 1.277280694913527981e+01
1.764840078567471382e+00 1.280593915178420517e+01
5.353382434956414082e-01 1.253638046579081866e+01
4.811344264176392604e-01 1.267012067279592813e+01
1.197713118795708631e+00 1.233826996945608556e+01
5.165940719927354374e-01 1.271463255202022147e+01
1.991638188482222072e+00 1.243271534275455359e+01
4.314694832951485037e-01 1.274105329401311870e+01
1.321288129934707012e+00 1.204803648027348295e+01
8.313729362616109064e-01 1.201266021306287257e+01
4.875346159225252829e-01 1.216610114204104676e+01
1.013189146701338972e+00 1.214377810622021059e+01
5.248872689939123592e-01 1.223640195761398175e+01
8.327478789282704019e-01 1.207933674353391851e+01
3.696622823642036204e-01 1.299537793659242624e+01
3.963801188345097426e-01 1.314047505994567011e+01
7.924435241003935371e-01 1.185564943234667190e+01
1.122592062666568191e+00 1.216874422690673541e+01
4.741501331257342300e-01 1.250694809517030137e+01
4.356953401549918392e-01 1.228104067669275956e+01
6.878160171125818900e-01 1.192084436907235023e+01
2.017736834831249215e+00 1.251332148700620728e+01
6.151185483668297760e-01 1.265514482198481971e+01
1.254506185727062739e+00 1.224484524273261421e+01
1.849463553591553122e+00 1.220941400829046763e+01
4.541057111443455585e-01 1.236627743639365384e+01
1.039037629077456115e+00 1.208228289669312261e+01
1.430424056649270970e+00 1.226022225475068872e+01
1.382301498261599093e+00 1.219682273266403527e+01
1.024782341647878958e+00 1.220682679149238936e+01
3.420224928500670281e-01 1.324421013980876438e+01
7.923884191019107126e-01 1.205280611451230754e+01
2.320274301486999757e+00 1.198735202490622420e+01
2.042035064364601915e+00 1.244565617502883725e+01
1.538113019989205688e+00 1.224058215860145715e+01
4.050145661215094339e-01 1.315134387492909873e+01
3.479387274772711147e-01 1.313693257694021277e+01
1.176085890303287584e+00 1.233968487646273182e+01
1.746806689890811892e+00 1.130254026970619741e+01
1.871451952093216908e+00 1.115349325070655873e+01
8.351061360718161630e-01 1.164442630032899295e+01
3.039639666063511658e-01 1.351194745517668849e+01
1.576363262938289322e+00 1.165184456283253134e+01
3.023517315877412570e-01 1.348688497386936547e+01
4.835313278567216488e-01 1.276108442162664680e+01
1.768949605634031919e+00 1.109303474833568615e+01
1.723244407258000432e+00 1.204796457875601945e+01
1.303769928561179681e+00 1.239891699686872073e+01
9.231655431583191129e-01 1.178373738103964108e+01
1.783260671242231643e+00 1.195372574438905566e+01
1.614226837031822903e+00 1.250278672158314563e+01
3.925384686922565036e-01 1.260839249088940939e+01
1.919548651446366883e+00 1.187856804936510358e+01
6.314207764812550527e-01 1.221447220806412837e+01
1.128834629218445462e+00 1.234256095367207884e+01
1.603959427775405011e+00 1.251444111191459285e+01
1.346372856050413791e+00 1.273328525928453026e+01
1.310601021113885434e+00 1.272313687697016604e+01
1.559208102556100872e+00 1.273687566195905596e+01
1.668773335873829700e+00 1.278360221414527942e+01
4.456659569895294881e-01 1.298869314285412813e+01
1.688689039501220623e+00 1.226862054508218947e+01
1.680600587664167422e+00 1.287069665153301834e+01
5.405563401267885482e-01 1.255776260313170667e+01
5.342055811959706135e-01 1.246356774116742194e+01
1.162030952572544518e+00 1.222800748938064075e+01
1.842072783531331082e+00 1.188121407446036137e+01
1.314157967284068196e+00 1.245949822063646550e+01
7.826392672815610796e-01 1.218544145796839118e+01
4.330451193541910437e-01 1.290211407670920885e+01
1.620899196957454436e+00 1.248042259222725825e+01
1.443537280595655892e+00 1.242822474102315944e+01
1.629466322154434765e+00 1.284363419378930615e+01
4.280823370780981740e-01 1.240167039285017658e+01
1.812939544582630624e+00 1.301403606197214380e+01
1.248459229534920834e+00 1.263944396294656158e+01
7.590886163902048622e-01 1.215512583859370288e+01
1.881284545984259982e+00 1.254304970696639998e+01
6.007314059702871800e-01 1.221138099981965119e+01
2.073275413251318700e+00 1.210227662923559322e+01
2.115399799204695785e+00 1.200358414456347411e+01
1.395493856879773231e+00 1.217604159447987833e+01
2.095333903208094206e+00 1.230818599062408403e+01
4.051413796532931100e-01 1.301896150173392108e+01
1.219162668061595012e+00 1.248151376430515391e+01
3.397110109966795521e-01 1.327006420253478858e+01
1.465151187924064402e+00 1.220562485699552191e+01
3.259841066623447303e-01 1.337435160253438227e+01
2.151031147497520557e+00 1.263716243225876923e+01
9.083627369170789168e-01 1.239780920925438146e+01
5.511707833080579100e-01 1.255354794089901738e+01
1.149405039916001847e+00 1.262039042668916267e+01
6.415816224292087977e-01 1.245495595325013660e+01
1.458676203008739680e+00 1.222252781046283410e+01
4.544937737822054014e-01 1.235434224691527483e+01
4.313405938758738678e-01 1.282085178002300907e+01
2.073102724197365632e+00 1.225975146299402851e+01
5.578782803282549274e-01 1.208183439468342968e+01
6.308043206124668290e-01 1.215446234588993057e+01
1.971716309680076717e+00 1.261359880466026873e+01
3.906466129125673592e-01 1.266060374592492188e+01
1.237370422712721130e+00 1.238162060714264356e+01
1.884003665070930200e+00 1.166102429474349300e+01
9.297312818582607052e-01 1.232651374876080830e+01
1.266688127380265261e+00 1.247350180253163643e+01
2.228870919369663195e+00 1.138796594313321187e+01
1.897186895822771557e+00 1.243526805978600080e+01
1.396375544373003708e+00 1.231134979942743257e+01
1.804170665531813711e+00 1.238455287936922211e+01
2.157311819622385496e+00 1.180115319240888283e+01
9.419832172641572354e-01 1.187262943266309634e+01
1.998454164046594705e+00 1.307300270714914703e+01
2.046928039888039397e+00 1.150667528289850772e+01
1.155190401005113943e+00 1.220207354074814532e+01
2.070023057326037641e+00 1.239037049212010722e+01
5.734967881955228552e-01 1.279590173212474724e+01
1.471862835122240476e+00 1.281596390708904742e+01
1.185878695045157860e+00 1.175148925979692471e+01
3.490935602126750692e-01 1.305589527757314094e+01
1.674684975837241518e+00 1.215487259413212229e+01
8.829479679292283612e-01 1.245710130868040899e+01
1.773941001759183900e+00 1.160449473283654775e+01
5.830486946387687386e-01 1.252915977150615312e+01
1.514408522319092176e+00 1.268164054023558585e+01
5.541885450523548196e-01 1.234182802150246694e+01
1.046533353965339863e+00 1.226391772631746946e+01
1.948168355684974484e+00 1.110472799045599501e+01
9.534283982474751618e-01 1.225908682856217524e+01
5.752640973237911348e-01 1.245704757967848408e+01
4.439495059326756254e-01 1.285706075268752357e+01
5.216605572588540740e-01 1.258868882266390443e+01
7.079107565526747692e-01 1.200113897467154622e+01
1.099018776762451077e+00 1.207260018610251429e+01
1.874281510787741967e+00 1.218416820690781854e+01
9.022461669534070916e-01 1.255451012610971162e+01
5.910367199306111319e-01 1.275224313909035168e+01
7.251002820473737565e-01 1.226503165621499569e+01
1.066774236416138777e+00 1.241738243145312381e+01
4.567310495667933901e-01 1.245641608278341650e+01
1.742298560382371964e+00 1.151887332594452040e+01
8.090726442262813345e-01 1.172863404247654096e+01
5.279391752855373543e-01 1.208535776887220337e+01
2.085819547040424826e+00 1.227118691572044717e+01
2.016797410625798204e+00 1.227807976656102618e+01
3.937018264847803040e-01 1.288054611234744051e+01
6.119548153334196661e-01 1.219199244861350451e+01
9.808339519438464826e-01 1.244930496105856932e+01
2.034563289779978135e+00 1.119474334991064346e+01
4.579086434212656376e-01 1.253013073707304947e+01
1.844686750406654641e+00 1.264612176498570939e+01
9.811070574470110994e-01 1.216418899900890338e+01
3.905907972535613282e-01 1.296574078458671408e+01
9.430746576153962168e-01 1.209526518003191953e+01
6.556030362075057072e-01 1.215448080639711748e+01
7.645515918035767911e-01 1.213259615171735639e+01
8.228227549541019537e-01 1.219327892472083441e+01
4.656658142138742074e-01 1.255054874503936624e+01
2.080623344014485454e+00 1.243707121546612093e+01
1.751847016430243986e+00 1.218596192958460378e+01
1.246231670369651656e+00 1.259919338122298527e+01
2.045317003535727540e+00 1.231766968930542028e+01
1.938277946899813475e+00 1.211597721391139615e+01
4.683738738547659208e-01 1.251459108345584248e+01
1.560355300000450418e+00 1.238163224265757734e+01
4.301548625205794396e-01 1.269809218536380691e+01
7.670904483566889365e-01 1.194123033185245042e+01
7.094135520874585987e-01 1.194867663611465147e+01
1.041889875396218246e+00 1.235270936925867957e+01
1.575472822511318371e+00 1.259975279580597096e+01
1.291417368280633138e+00 1.209132027167740020e+01
1.020191689574178717e+00 1.245135262575441715e+01
4.471045094821484156e-01 1.286748300390374844e+01
8.514518584489138009e-01 1.217153762815581253e+01
2.061058143451980573e+00 1.281315331124388379e+01
1.925279036306293268e+00 1.222659419029971062e+01
1.211079806886025789e+00 1.200710077073028614e+01
7.866404217316651515e-01 1.187520043927764313e+01
8.977266942844823738e-01 1.179430097872480054e+01
7.466594910557444731e-01 1.236289517163806551e+01
1.732140419357767414e+00 1.260288951506145239e+01
6.434210326704044025e-01 1.276196497451024747e+01
1.649757276445426912e+00 1.262980598014834754e+01
3.552455937246848383e-01 1.302614698896263690e+01
6.452916926665905883e-01 1.206441607181632669e+01
7.811352515300166166e-01 1.216184353624112013e+01
4.092606462652877974e-01 1.277285021725958991e+01
3.098440947613145258e-01 1.347388052154799531e+01
1.718856164556267663e+00 1.258877944542540206e+01
1.171889390049706270e+00 1.203518355402304607e+01
1.600978266373294323e+00 1.224812373854850023e+01
1.644855105069437551e+00 1.196330685434301166e+01
4.304972977535089784e-01 1.236664915531813946e+01
5.585253215830536799e-01 1.197917285160844258e+01
1.846592936182994471e+00 1.183504333035453904e+01
1.588489169505193699e+00 1.261839542198569752e+01
3.150536071991804632e-01 1.334054040031883481e+01
8.805056726422308966e-01 1.208868744883908164e+01
2.098203367947158338e+00 1.229408288156908391e+01
1.269410476037205138e+00 1.204474689667765297e+01
9.226240795815354723e-01 1.187240103588179529e+01
4.329725405393433646e-01 1.305764524569244678e+01
1.644373324200521402e+00 1.256589064631425501e+01
1.206532792290921030e+00 1.224689733331574182e+01
8.205804084137556798e-01 1.212801222459043338e+01
4.077105022452948146e-01 1.254316303872544935e+01
1.805341623583010868e+00 1.262757489909100528e+01
4.621511238992321302e-01 1.228123044117927698e+01
9.633233076950659113e-01 1.257861842625034932e+01
1.958237208622494174e+00 1.110208357517734790e+01
2.059778171326790197e+00 1.194788929115872911e+01
1.098467014725000634e+00 1.237935132244062153e+01
1.914526429224508997e+00 1.271609144121578261e+01
1.425280301303692765e+00 1.260612862915972876e+01
6.099367590154352037e-01 1.245769412699360323e+01
3.506959711883010367e-01 1.312222795350784210e+01
1.570548929624583367e+00 1.249228714740604396e+01
5.942176426880557694e-01 1.242201333259927765e+01
1.881597792990106655e+00 1.130752342741637229e+01
1.806212932550999239e+00 1.246957638301759452e+01
1.855057346266105300e+00 1.247435378270320605e+01
4.237449572932934228e-01 1.263466322419928112e+01
3.377018292206936945e-01 1.329820692745724919e+01
3.096760836562374997e-01 1.333341418548655710e+01
6.011943431879813726e-01 1.203200052804160691e+01
8.322160306067349911e-01 1.186984450408703573e+01
1.343210774008696484e+00 1.264390473156105266e+01
4.931372844827440760e-01 1.295135042421643590e+01
4.539412817801678490e-01 1.273202702525446384e+01
1.125970985224654886e+00 1.232266446454138098e+01
8.200166419141827756e-01 1.223809992020282245e+01
1.128657199371893904e+00 1.239988029882935372e+01
7.721049942284147205e-01 1.207187096824503492e+01
1.950624955564370433e+00 1.195746376628706997e+01
1.329346297113455311e+00 1.239341373660324308e+01
8.076378246923366921e-01 1.257509272319297544e+01
6.749912301030461803e-01 1.266167371537362030e+01
8.835452568971583487e-01 1.217551241844166832e+01
1.357972657174399078e+00 1.209883769737392356e+01
1.711686630660635089e+00 1.162212205040280466e+01
6.506050996071655046e-01 1.228589728529141745e+01
1.217413683403744118e+00 1.211863765237878532e+01
1.732328506441525251e+00 1.219914864165477475e+01
8.782830902650121674e-01 1.175826418082886349e+01
3.022828595550590691e-01 1.349788661052054550e+01
1.266296413113429997e+00 1.202303488035369128e+01
1.483634728774680500e+00 1.281476804696373861e+01
1.666023228379600374e+00 1.292182655185806972e+01
4.836951220061977419e-01 1.274400880307408457e+01
1.207771736391293427e+00 1.250170254647849433e+01
1.721811504676735494e+00 1.222221183448731274e+01
1.317878851297409115e+00 1.260321272861566833e+01
4.239189099688586149e-01 1.291283155440046748e+01
1.419296995532432604e+00 1.237740089024319801e+01
1.684786281463843460e+00 1.215592184945708887e+01
1.392626720455975242e+00 1.206341632199300307e+01
7.626471501585708745e-01 1.192728649000678054e+01
8.238109553776261640e-01 1.192842456472419599e+01
7.172872881157814628e-01 1.195299700572414636e+01
1.256099141791287899e+00 1.214944953900677937e+01
6.551393112531521679e-01 1.262774538925870971e+01
6.210687045736150713e-01 1.204393644626852122e+01
5.292448514279504135e-01 1.216187185302821661e+01
7.448152345191959567e-01 1.209468175116906785e+01
1.722213821509050113e+00 1.258641111221175812e+01
4.992059275269013496e-01 1.243995565733576214e+01
4.156653816843177696e-01 1.230887438289652280e+01
1.444428710644243274e+00 1.225846588036317542e+01
1.330840293823195797e+00 1.242962047250285273e+01
1.962073074711442766e+00 1.229563029825558473e+01
1.888216852257954992e+00 1.278607793927070446e+01
4.489012981405600122e-01 1.286129600109648230e+01
1.988182970227860835e+00 1.281100252290010744e+01
1.618560901799979579e+00 1.264916060966494449e+01
5.093778041674116297e-01 1.229287285863641799e+01
2.012943596259635370e+00 1.243111175271879709e+01
6.894039659921856744e-01 1.225259239835015457e+01
2.126127573862798048e+00 1.238579165227412737e+01
7.198712089709128348e-01 1.201933839397543125e+01
1.591137867819754970e+00 1.257110382092056788e+01
5.562976109587256524e-01 1.243702083020443361e+01
1.315120261501196985e+00 1.223334052129894900e+01
1.007453286676041948e+00 1.219142487353674120e+01
4.778429233235526041e-01 1.255517909149824263e+01
2.160222114798076021e+00 1.273020525395035207e+01
8.052029870376996579e-01 1.245003384828753568e+01
2.009244729781781036e+00 1.178895134299185621e+01
2.149676392073169406e+00 1.224476635689418025e+01
4.882566747273163754e-01 1.261239867353544319e+01
7.413036862250574899e-01 1.192574983858711057e+01
1.312784962158541013e+00 1.217915678450698991e+01
1.131003446312505822e+00 1.244501245281076685e+01
9.361225094043987838e-01 1.244540945257524100e+01
4.667905194969315663e-01 1.210659731266756367e+01
1.793321679697326587e+00 1.207653434659797931e+01
2.100893964335572850e+00 1.241554780642137601e+01
1.276486772935340852e+00 1.216050099842681398e+01
5.595871559563740938e-01 1.224901145469708297e+01
1.031259585148258662e+00 1.241510401742462300e+01
1.300209415522252998e+00 1.250199163295357963e+01
5.578867783148450110e-01 1.219404886078292805e+01
6.894152065366115911e-01 1.209593080974562973e+01
1.920801512896788354e+00 1.221962588384680259e+01
1.726872518887972774e+00 1.227857971066746146e+01
1.588793481037804156e+00 1.279890013301841911e+01
9.680040330833740159e-01 1.263406315268793101e+01
5.966167822017202083e-01 1.283040470351794937e+01
4.876783127067660928e-01 1.308518724026030888e+01
1.399914833533286052e+00 1.237229019880430947e+01
6.356944493287682851e-01 1.208599069203514986e+01
7.019548979376767361e-01 1.165592264538243583e+01
2.017292986050008619e+00 1.118106049988978334e+01
4.141051981246612335e-01 1.275599748421280388e+01
5.247497136396196415e-01 1.202140917653999352e+01
8.842053658808347594e-01 1.212908654302757938e+01
6.573579492265796409e-01 1.215632815289095525e+01
2.077893956169656331e+00 1.261046269031877110e+01
1.900874024426087328e+00 1.261404329638773802e+01
1.800198763811628577e+00 1.218558899056176337e+01
2.209139675336961872e+00 1.287944985037565004e+01
1.634892576948508536e+00 1.245433643629817766e+01
1.237031387968095641e+00 1.254654388762618211e+01
1.848982916599263726e+00 1.276377220787123790e+01
1.932229605829822061e+00 1.240788658223059038e+01
4.917594004965690213e-01 1.280901998651939699e+01
5.039488725505600897e-01 1.253768605057848085e+01
4.502102507139336685e-01 1.272623289186336315e+01
3.661280512666010845e-01 1.325237415929366769e+01
1.662328546591248513e+00 1.217639604759206939e+01
4.668624856926909539e-01 1.264458924837679632e+01
1.113565097649059643e+00 1.244350797434890943e+01
8.399841554239553254e-01 1.254505279600032175e+01
1.833650511191162069e+00 1.256558837960092312e+01
3.408313315131527577e-01 1.319117088430824936e+01
1.294622220667488444e+00 1.192013337446375587e+01
3.892780200933265711e-01 1.284738552921532140e+01
1.414344323486632193e+00 1.223120378999430891e+01
5.639887042129650974e-01 1.206438353224787186e+01
1.617738999175488468e+00 1.185452173388716801e+01
6.740223023393974167e-01 1.228430831600010009e+01
4.637126837037586213e-01 1.263552056447172234e+01
8.231972446502345830e-01 1.258161599862691915e+01
1.586644260131659712e+00 1.266364415250943942e+01
1.580737099674806245e+00 1.262920424865693292e+01
1.615869291709985278e+00 1.261701054873322114e+01
5.482220014501760774e-01 1.242445054329233223e+01
6.748041193412197547e-01 1.228943592951475416e+01
1.904388041134254861e+00 1.193644357625908370e+01
1.680741328443700722e+00 1.204677860121943667e+01
9.901442464444231151e-01 1.221023485463176783e+01
3.988095691264857412e-01 1.253828150506162586e+01
1.798798741479665786e+00 1.209762240314701387e+01
1.419946171586952577e+00 1.205257613044713594e+01
2.112816097642996382e+00 1.253036768865514716e+01
1.317101738452947979e+00 1.274158756209251031e+01
1.896460267411933298e+00 1.260773849421130954e+01
5.100319011271621239e-01 1.256411294299594772e+01
3.651262445635328202e-01 1.325122276299122781e+01
7.634062163623765995e-01 1.223407768713267352e+01
7.355743417527198513e-01 1.223327557787531461e+01
1.938504072214937146e+00 1.199965100104746796e+01
6.334750061414105016e-01 1.232358393793206730e+01
4.780450222288590845e-01 1.225561597366142941e+01
1.433387867659733805e+00 1.235238895710039131e+01
1.478121120302205549e+00 1.278681782464711425e+01
1.156205646736302217e+00 1.256769400492959043e+01
6.842489850627667680e-01 1.270539448156406692e+01
1.985713721464726245e+00 1.164788518845126042e+01
1.963948326558511148e+00 1.284080896736776189e+01
3.810195992622872341e-01 1.309050924383615211e+01
1.649054858575148108e+00 1.185841984748117106e+01
1.236983794090095179e+00 1.254290159004270322e+01
1.848955376277134466e+00 1.207006931245603454e+01
1.099041406596692472e+00 1.200628424697833907e+01
1.964946009804193761e+00 1.184689707786973756e+01
7.570533785371030833e-01 1.206245050231850513e+01
6.446072241998983543e-01 1.209605327335681046e+01
5.698852661798128327e-01 1.191509961046005905e+01
1.998032387327345782e+00 1.121461306283073434e+01
2.151901870965762686e+00 1.236017564026214721e+01
7.820101733446677139e-01 1.202656460935996385e+01
7.712568708305254095e-01 1.218585891344048022e+01
4.351089900998234561e-01 1.271713460703429277e+01
8.305155319587865792e-01 1.171106831988402242e+01
2.099802485504373983e+00 1.103085477831020711e+01
2.092364020265053970e+00 1.269978707346548852e+01
1.440489138102484246e+00 1.266948248349909889e+01
1.519576998065589324e+00 1.270282037661106500e+01
8.941629496200870220e-01 1.196481521864636299e+01
7.983669502389705297e-01 1.197502769454396265e+01
1.853152036093363320e+00 1.228425275621845181e+01
2.123441904069685915e+00 1.197771410038521722e+01
9.841156213910718931e-01 1.206573121099367540e+01
8.825013986821426126e-01 1.203645888535977626e+01
1.549250889647093787e+00 1.277457089553952407e+01
1.786684884406251506e+00 1.212625992551400778e+01
5.039288720523122933e-01 1.229534204896869554e+01
1.946149896125732859e+00 1.238111940405637768e+01
1.448362565372313560e+00 1.242185132091347555e+01
7.743768481200771214e-01 1.258960882198989673e+01
8.565478356541027516e-01 1.201000052995408396e+01
1.135636014575327479e+00 1.208114368652610082e+01
5.872259160285017154e-01 1.210959002749837765e+01
1.792491119624293416e+00 1.267126005812045619e+01
6.830861304377822130e-01 1.219857994509063914e+01
1.747639769557706391e+00 1.224643089440093924e+01
3.939534685782104528e-01 1.270216906489162945e+01
2.207112709305903309e+00 1.148924034002312489e+01
1.959323236634740617e+00 1.208994648667321314e+01
1.230889729620357809e+00 1.222223194035162663e+01
7.998296415189095621e-01 1.205352844095884990e+01
2.177927415589601345e+00 1.276098212966180867e+01
1.006175192638524063e+00 1.247367061475312866e+01
2.013410471964095727e+00 1.254889016866231088e+01
8.359488268794960097e-01 1.234191569842351122e+01
8.267198580552063136e-01 1.187534444271005540e+01
1.103493365621422750e+00 1.194507645580951127e+01
8.721759807157684063e-01 1.192697127571267757e+01
2.071534999718267045e+00 1.239154539424891865e+01
1.529861679019628440e+00 1.262522627416624488e+01
7.871419344268018037e-01 1.264079482179532476e+01
3.936588015440935506e-01 1.248132030453952979e+01
3.990595091174603537e-01 1.244967247315296888e+01
1.582183889989442704e+00 1.259484108014591541e+01
6.049788719462659836e-01 1.272606680283677782e+01
1.336615461885654277e+00 1.275067453882742363e+01
2.102003845826067696e+00 1.183151854337233999e+01
2.107193483326184058e+00 1.182313133875851818e+01
3.893544081784507949e-01 1.296662370088520966e+01
1.115481491956339610e+00 1.214151770718141243e+01
1.118027245744618758e+00 1.210275395524696940e+01
1.615001428022833307e+00 1.230772545768039805e+01
1.880035431126822365e+00 1.124410307057877745e+01
8.808306648036986486e-01 1.195394234823980817e+01
6.470590571657199863e-01 1.247939589183319065e+01
1.712635701353116602e+00 1.204890008576900762e+01
8.726473240384582386e-01 1.224079605354569544e+01
1.819580143789676585e+00 1.219266676783397862e+01
1.408822203172888976e+00 1.219066890391615843e+01
1.896663284092479307e+00 1.131799219525338351e+01
1.189177161182177311e+00 1.208205875704881649e+01
1.686186019434296801e+00 1.237754304483485335e+01
9.509452731045241469e-01 1.215728337263092129e+01
1.958459859598610908e+00 1.229208409314485451e+01
6.576291942124762313e-01 1.193822195377349082e+01
1.959385696368422192e+00 1.181964400401275839e+01
7.263437396490013409e-01 1.179487991946774272e+01
1.842107038321788348e+00 1.251503238571702248e+01
1.171086872305886484e+00 1.222148299157822926e+01
1.831682976724713585e+00 1.239750936755492994e+01
3.353547727550656443e-01 1.310097897152530955e+01
1.067680816127682952e+00 1.228300239949836659e+01
1.105688156672780531e+00 1.225129929038359933e+01
1.680030637612190958e+00 1.230063187407141356e+01
4.694412156290144189e-01 1.247462347841211638e+01
6.491191657434050022e-01 1.213024695797590624e+01
3.541951818829878196e-01 1.299689043473065375e+01
1.439922721961977015e+00 1.258071314471651725e+01
4.096259206418738641e-01 1.263927334796573199e+01
1.923373245884636651e+00 1.272574052853841486e+01
6.570616380769367382e-01 1.250953004579702821e+01
3.614908736439386150e-01 1.298296552429788697e+01
6.256094986813511838e-01 1.207549175233356742e+01
5.270190069143922962e-01 1.237800247229176343e+01
1.514593029298638927e+00 1.232098060843144260e+01
1.751834663054459451e+00 1.223874705800224127e+01
3.323312287546190680e-01 1.304830544419953320e+01
4.259188549498568177e-01 1.234266142307245140e+01
3.860185453965190305e-01 1.276439730015946772e+01
1.038805326661201178e+00 1.164918343129916600e+01
2.015859148256060607e+00 1.255981896684528820e+01
1.963798270338002139e+00 1.073746462776752963e+01
1.316928915913563980e+00 1.212107194545723488e+01
3.978658686088522023e-01 1.305502079360272560e+01
4.912287246943887742e-01 1.262371208483252261e+01
3.626661049228984135e-01 1.316307225925306490e+01
1.006159815518144374e+00 1.231861571102785469e+01
4.177619468624909627e-01 1.285886699360805885e+01
5.371784738791628433e-01 1.218016757360826396e+01
8.884233351897787845e-01 1.177598053249950816e+01
6.315044452686154886e-01 1.257083315813377666e+01
3.534546413725248581e-01 1.287938896106480691e+01
1.679217281757934943e+00 1.282732317046551884e+01
1.748774118330967964e+00 1.286494297166613698e+01
1.874596198686487858e+00 1.287951154884128613e+01
4.537021470501049758e-01 1.223038606161047959e+01
6.846028102571336538e-01 1.189432149210668577e+01
8.407524673778250524e-01 1.241085760022723150e+01
7.088206287752081280e-01 1.240368750803945908e+01
5.299994288931016984e-01 1.252271663236478183e+01
1.739570404185291519e+00 1.210147846137553884e+01
2.097420496507599097e+00 1.189714952693165984e+01
1.434295447413553637e+00 1.275658260057019255e+01
4.574889761857383608e-01 1.287849347161706959e+01
2.064780304225987795e+00 1.147917425431254301e+01
1.333688391699803244e+00 1.187031177489706835e+01
1.750134334435705430e+00 1.255686448949933087e+01
1.688639739442898469e+00 1.253547648502255818e+01
2.071637846503966873e+00 1.183156638007580774e+01
3.781074346710226464e-01 1.300683906629080155e+01
6.690820100838016371e-01 1.203590883318086924e+01
5.945688533294694045e-01 1.207626645267429133e+01
1.503823427466507212e+00 1.241236276071928835e+01
1.372340946038042686e+00 1.236411658649998024e+01
8.109750890369989973e-01 1.201988796928126391e+01
1.165177888625904323e+00 1.217073706692363544e+01
4.161219593452047949e-01 1.297957660506842359e+01
1.696449300751115441e+00 1.223987601373008438e+01
4.582815482434843823e-01 1.276171487422596051e+01
2.209042071512010263e+00 1.258562810984194336e+01
3.131989404677774091e-01 1.336239197050115024e+01
1.659333023323588563e+00 1.272949022011567521e+01
1.864914070218196107e+00 1.270665807115657486e+01
2.176185159965340787e+00 1.065301426649284089e+01
9.218584564105490875e-01 1.209227797970746110e+01
6.709545418213719303e-01 1.218726552020972065e+01
4.953967791163865764e-01 1.243054082236118596e+01
1.344543582405697935e+00 1.237727075085479989e+01
1.234464477295094786e+00 1.233465419647459171e+01
1.974133946893851688e+00 1.143409801043890717e+01
2.083665961137359801e+00 1.130197721767907204e+01
4.316773495481951439e-01 1.313874119064518275e+01
2.101867871126224419e+00 1.241091942935927683e+01
1.803402251685721103e+00 1.227006563031767428e+01
3.679478273327757565e-01 1.266803581121437183e+01
4.281983818402299025e-01 1.233006985005498102e+01
8.904722185451232619e-01 1.180263551104565600e+01
1.743416470378855720e+00 1.200259264708033946e+01
1.425833283800936435e+00 1.207623415127016209e+01
1.069910958638417231e+00 1.197316801257417218e+01
3.590193074430468312e-01 1.277738915367753947e+01
7.649313480120326636e-01 1.189101907892334964e+01
1.157759536109234988e+00 1.200379619487561200e+01
1.757921893975200600e+00 1.253992847448381198e+01
1.855381483642859042e+00 1.253633727950788135e+01
7.009880425641858981e-01 1.198158748377576011e+01
9.110028803751732962e-01 1.241242306531686879e+01
3.920986827265669494e-01 1.311052243333696232e+01
1.076485467871563850e+00 1.269658577793841303e+01
1.223874336136998364e+00 1.273102149911247594e+01
4.567484279145953008e-01 1.310854841956512473e+01
1.707303125921709075e+00 1.196313646083667415e+01
1.431853508091157856e+00 1.234639211023515770e+01
1.712831145882072859e+00 1.284669479585484098e+01
1.086815390689344518e+00 1.263254258246956319e+01
1.495798031609536727e+00 1.278846157343132361e+01
1.018073826227775980e+00 1.203836599909565130e+01
1.613489672252453655e+00 1.181448325103946750e+01
1.568448972492030968e+00 1.281298453548407679e+01
4.532978621983480561e-01 1.266688500076341839e+01
2.141960998324242915e+00 1.285598501450369113e+01
1.440031463201651762e+00 1.220071241927279004e+01
2.025740071114835672e+00 1.237409489610024238e+01
1.662578535004595848e+00 1.223791336765752646e+01
3.996765448263292497e-01 1.272581043223428487e+01
6.170142035564162297e-01 1.236630926974077305e+01
1.687729052609258762e+00 1.247949183888947289e+01
1.119456027052975200e+00 1.191489249751493595e+01
1.926704858892716921e+00 1.198358917334845941e+01
9.809053788264968654e-01 1.199084047531971997e+01
3.025754345277193447e-01 1.342184101938674523e+01
1.016269934127533414e+00 1.208112720071227564e+01
1.291717676603130638e+00 1.227080806504205768e+01
6.101936680086981202e-01 1.194820545006796486e+01
8.467496601530603018e-01 1.214530446265041164e+01
5.471674854448378422e-01 1.223331477146926183e+01
1.879528988360068320e+00 1.228931704204937958e+01
4.302029761850917344e-01 1.290386023671470994e+01
1.145003832664264642e+00 1.247404657291776964e+01
2.085229495176511350e+00 1.187919981985062812e+01
1.620218028260288934e+00 1.206787052201218735e+01
9.873147448877988008e-01 1.220732317487082597e+01
5.925782350165429424e-01 1.216752920109396996e+01
4.755564283779690204e-01 1.279354826408325962e+01
1.362684100513682495e+00 1.229633130276436859e+01
8.530422880745869296e-01 1.210812572073077575e+01
4.562766827089169697e-01 1.245243841892603065e+01
7.157038376562407933e-01 1.192444967885160878e+01
1.397500145205309519e+00 1.228651424592255204e+01
5.104982265589881330e-01 1.279011633755586885e+01
1.788299316223566082e+00 1.100914559347233812e+01
7.405587282514319858e-01 1.161250121545758418e+01
5.354751697911165342e-01 1.214496105815079119e+01
1.261836376119103376e+00 1.232866100998810488e+01
4.851286714204078310e-01 1.279205265012480019e+01
1.835906855493642853e+00 1.256045723770953337e+01
1.827101132461391275e+00 1.172652432823254642e+01
1.359062969170315993e+00 1.220018524801845494e+01
6.910825319613570494e-01 1.225257068231795188e+01
1.959175142437439066e+00 1.274523129148461464e+01
3.613542602221018751e-01 1.314556003251984961e+01
2.009399273937949371e+00 1.217570527950343973e+01
5.186435860961470246e-01 1.220415668137764165e+01
6.385711326271263921e-01 1.203632778777250500e+01
4.341004479761814694e-01 1.261735719570249792e+01
1.617992688627796438e+00 1.224672756952666752e+01
1.835160026520870735e+00 1.276975128700566664e+01
9.363085031216457077e-01 1.211653787044461517e+01
1.681263365078591754e+00 1.242290962032069679e+01
7.005539096220493311e-01 1.241547995469720966e+01
2.038835862929774922e+00 1.162658285043805684e+01
2.051515958382027716e+00 1.161508628957842681e+01
1.332755224575167929e+00 1.273899242041335178e+01
6.809370616865715320e-01 1.259638420549877758e+01
1.804355711827170916e+00 1.222480690032796247e+01
4.481702673733425346e-01 1.276871862424301973e+01
3.678519168026339603e-01 1.317615218907455166e+01
4.399127488468012048e-01 1.272119990334592288e+01
1.415559195528565128e+00 1.250602225235611620e+01
1.229837007200907051e+00 1.238447018837133662e+01
1.502545144017332079e+00 1.242547205154637879e+01
2.004045345930989264e+00 1.257845505920614393e+01
2.079417328196476067e+00 1.208955282315470825e+01
4.508992622458917188e-01 1.303821507086553666e+01
1.111871845848234175e+00 1.218020553060543243e+01
4.047431048417206023e-01 1.255030592143952894e+01
1.825255745071549640e+00 1.248469027429895917e+01
4.836030168882835545e-01 1.242059681038982433e+01
1.096086019392485955e+00 1.194127794734378867e+01
2.037771802617091677e+00 1.169952779337860171e+01
2.121068172390157436e+00 1.212437584217657083e+01
4.347936861331480607e-01 1.244441855720502588e+01
1.610646185543209485e+00 1.174955208359525116e+01
1.179362097069560633e+00 1.191308495585112048e+01
3.031211194074981408e-01 1.336227795789366191e+01
1.989731072803230472e+00 1.209349364220097200e+01
1.128536029513709682e+00 1.196830625878689425e+01
1.580231506581912582e+00 1.242546290123575581e+01
1.750174431853557921e+00 1.250760302510229671e+01
1.811043574093684549e+00 1.296672577792797476e+01
4.360783923936464856e-01 1.241981690947355510e+01
3.498372114677296141e-01 1.298621331818337232e+01
2.142699359228649403e+00 1.177757720450862067e+01
1.621126753544868349e+00 1.213759001576824126e+01
1.470291596464406991e+00 1.266574464428590119e+01
2.151425446580798706e+00 1.229903993215639879e+01
1.271796786710504668e+00 1.241466358731827491e+01
1.560701046173092577e+00 1.250647315357369393e+01
1.630204059670952388e+00 1.183725240081390417e+01
8.330114517657222217e-01 1.255704034108989120e+01
1.633652433480524691e+00 1.282584898102127724e+01
1.895611167377261985e+00 1.279704677469431395e+01
1.360566234237531535e+00 1.224009477375389743e+01
1.637497795756125640e+00 1.236116362155865822e+01
2.071567751094485654e+00 1.096256633472871123e+01
1.812337597684294366e+00 1.272209652942952474e+01
1.374704994400553382e+00 1.254573604366644801e+01
1.159392976003542630e+00 1.270708812237800345e+01
1.431474311308007064e+00 1.280938769157485879e+01
2.134424182522819180e+00 1.313276096604595899e+01
2.035640603347103283e+00 1.308115636889135480e+01
6.334520047430650669e-01 1.222161689640812732e+01
1.640796688122937885e+00 1.233719814253872293e+01
5.091651655558270262e-01 1.270410070375405986e+01
1.779870240325291730e+00 1.238557665624375836e+01
1.101291777522860782e+00 1.205840490870107473e+01
6.436233078130603191e-01 1.212430233799694790e+01
6.855600617926115303e-01 1.211216410898942719e+01
7.705949476124476227e-01 1.226619644185801938e+01
1.828515395845587754e+00 1.267450221759705187e+01
1.810847320544711314e+00 1.266479098176305840e+01
1.549300244943808025e+00 1.256562346728691537e+01
1.991913711581458246e+00 1.274701759749693331e+01
1.216359221143572311e+00 1.241419886098186254e+01
2.115243995719525483e+00 1.187609353182004313e+01
7.187490703953351989e-01 1.188082389322656240e+01
1.323592000676850233e+00 1.239647026275002339e+01
5.021105417531936954e-01 1.257416098464347698e+01
7.899609708651609274e-01 1.215961671671439959e+01
1.892440621673501022e+00 1.273923229111553113e+01
5.664011775998875065e-01 1.283805899642569237e+01
4.872229615224216159e-01 1.304323253159970974e+01
1.136343853914511870e+00 1.264011419744328890e+01
2.085105412573450945e+00 1.211549916222788248e+01
6.590539789643283797e-01 1.256554717262257626e+01
1.200479100022246559e+00 1.249864012870546581e+01
1.555053124632357342e+00 1.243508568614611143e+01
6.129235916745543467e-01 1.205074569257139316e+01
8.340980797111813283e-01 1.209391584917926288e+01
1.718470926395393672e+00 1.223418841819074210e+01
1.775310463877844303e+00 1.187945546920874129e+01
2.041296995584351848e+00 1.236460170814906334e+01
1.997655946353598999e+00 1.236343029854472775e+01
1.714988813310257321e+00 1.150987486470857490e+01
4.388734727608125108e-01 1.285253161712388525e+01
1.456207758048502443e+00 1.171158779211352652e+01
3.914109338956459627e-01 1.264640887410598857e+01
1.822223947325511517e+00 1.186766669535363405e+01
6.578771505660732100e-01 1.190515882648151802e+01
1.198243323051203513e+00 1.152632229113899243e+01
1.686674736726379464e+00 1.275847342661478478e+01
4.010175673470806612e-01 1.250921123140756208e+01
7.610426345193320730e-01 1.193880677256339951e+01
1.224217666193912368e+00 1.220220952395145098e+01
6.033434347969766076e-01 1.247885128234390706e+01
1.068523752780389913e+00 1.250619919560827320e+01
5.147322885039120610e-01 1.255508936034165757e+01
4.467359969325198632e-01 1.272535626126880537e+01
5.555336234951847585e-01 1.239706311564375696e+01
1.761781644804494062e+00 1.283802486730480652e+01
1.988493581515034858e+00 1.285661610187285042e+01
8.052647248732467400e-01 1.196422449149999068e+01
1.559823823148548616e+00 1.243359967046333914e+01
1.378317718060282138e+00 1.235397735448939116e+01
1.093113298571286585e+00 1.250790217601112353e+01
1.520330072189669757e+00 1.254729214886996935e+01
2.084328144051897702e+00 1.103333078242166820e+01
4.183818641331764621e-01 1.307365160720666886e+01
4.890765359830032688e-01 1.264962845475557529e+01
1.401493547537479678e+00 1.274669096645493482e+01
1.597089370872384340e+00 1.212406905589941175e+01
1.758151518895896270e+00 1.260693435235213933e+01
6.471162870198609030e-01 1.197139222338538112e+01
9.264994111501189122e-01 1.184406085027261568e+01
2.235796625852654707e+00 1.140239462009404292e+01
3.347582006811748445e-01 1.321445388632101547e+01
8.085724872774471272e-01 1.237147188146266608e+01
2.021942156379447741e+00 1.296388294163585186e+01
1.984681174984853413e+00 1.185791220699305804e+01
2.136728401410870060e+00 1.163809466559114192e+01
7.785192099485382933e-01 1.247488812668757241e+01
1.327137505140202123e+00 1.229447959151901593e+01
1.265552709115803642e+00 1.225592775238159859e+01
7.012233279106500072e-01 1.238218379124752744e+01
9.013499218933097579e-01 1.208509021330692512e+01
1.192142362547285783e+00 1.175338731346834287e+01
1.876308058144169122e+00 1.186257975709539103e+01
8.421927445060503059e-01 1.242093315576885892e+01
1.946607121986003053e+00 1.292059078132027139e+01
6.676314931687287180e-01 1.229066672088640999e+01
4.613785168074451826e-01 1.274664635745511454e+01
2.164427108442906977e+00 1.261977967302703973e+01
1.132508756741017253e+00 1.234945152923266676e+01
1.226458806752556363e+00 1.268478964765235517e+01
6.501507906244845536e-01 1.226610759253377125e+01
5.549266684040661257e-01 1.237441330575998677e+01
1.955547734018014294e+00 1.278638270463352811e+01
1.754230523674224163e+00 1.278199258950819228e+01
3.727268537053504138e-01 1.292707873253793949e+01
1.381285526930396745e+00 1.245551379028688821e+01
1.790167780516652041e+00 1.269615221574079911e+01
5.877455580034163241e-01 1.277313361309038520e+01
1.448279622559484947e+00 1.241590436148743315e+01
1.172195237992091688e+00 1.199894294493164892e+01
7.410484798537017026e-01 1.194274164122423088e+01
1.615777924869130855e+00 1.194991824138737968e+01
1.279178592585157759e+00 1.256502469849783843e+01
2.003079928497659257e+00 1.263402314543637850e+01
5.648679194112204982e-01 1.237966177752160846e+01
1.142042221283895209e+00 1.209858192029828494e+01
7.760073894621600799e-01 1.202439965522112786e+01
1.175831996039543803e+00 1.221332898057957017e+01
7.568900909782095843e-01 1.217814567948110138e+01
4.903752383599002673e-01 1.252245848223666513e+01
9.347953592242306264e-01 1.202425305374654663e+01
1.545328482215439836e+00 1.214572862108996176e+01
2.174547829757707884e+00 1.235099059609366101e+01
1.849186709270794537e+00 1.240762216071011181e+01
6.545212888450706590e-01 1.242175633935787538e+01
1.422281817330635745e+00 1.249785840664904057e+01
2.131497557480156235e+00 1.246540698888196097e+01
1.841579030390917859e+00 1.248746739680425222e+01
1.317049125369799789e+00 1.217821779060416887e+01
6.950741848761939901e-01 1.220282116397515182e+01
4.674597414334384360e-01 1.252728788168831642e+01
1.644255703658582757e+00 1.186193523312333475e+01
1.555035858537416216e+00 1.261351598247383698e+01
3.841398080833053896e-01 1.270261933327533299e+01
1.522844118627339149e+00 1.174141780955060455e+01
7.110478315313965014e-01 1.179416716992655978e+01
1.829593400496575484e+00 1.258266312429503486e+01
1.265299895359675242e+00 1.238866668940550930e+01
8.086457310184334002e-01 1.237770681561612740e+01
9.395290702932833637e-01 1.240333460174340452e+01
1.919218755188145664e+00 1.293186660431357637e+01
2.058917673676970317e+00 1.295803865241259878e+01
1.994870890428767307e+00 1.222144974177982668e+01
1.443194287813269305e+00 1.257922171396550404e+01
4.930955405063647268e-01 1.223845541422457650e+01
1.230962604802713356e+00 1.208079868794349565e+01
2.165795666683943743e+00 1.186629520549764649e+01
1.868570969181908348e+00 1.223480280500240092e+01
1.955277493841092840e+00 1.123269591082344476e+01
1.987231639487452739e+00 1.238981466712905544e+01
1.952868289747982766e+00 1.210861176531397021e+01
1.158531977830503878e+00 1.224777712328826773e+01
9.770444139472617140e-01 1.227499608263990183e+01
1.992875298909246196e+00 1.289947266380091584e+01
1.423206245116506841e+00 1.235294474446858004e+01
2.087978262535403751e+00 1.173180443550340790e+01
9.094534270954761634e-01 1.232949384163626227e+01
2.139231360295853701e+00 1.273511563575743288e+01
1.614974069724600225e+00 1.267595082333467893e+01
3.956724425426892400e-01 1.274173032228424063e+01
6.189163348005729537e-01 1.209377308973847143e+01
1.920381416266021102e+00 1.246317518894620235e+01
2.191297026978114015e+00 1.276073478157380059e+01
6.731424865647877009e-01 1.211163473475771646e+01
2.068182152123253292e+00 1.261122360680059451e+01
3.447801496213925287e-01 1.330497924103467433e+01
4.001920879990901736e-01 1.285088467161742720e+01
6.545504768043245436e-01 1.213955835759756852e+01
1.392769810729448388e+00 1.225064240095414902e+01
8.473311169799860876e-01 1.212710111602048002e+01
1.002547149505096380e+00 1.202501335274385141e+01
9.224465202699606570e-01 1.199504888476253051e+01
1.339213148364501116e+00 1.184511312976649933e+01
1.533623297080444203e+00 1.178877090963494645e+01
3.855998024193565965e-01 1.304893261211164379e+01
1.534777190189073215e+00 1.236994958617273532e+01
1.609056289156748809e+00 1.248044842018673961e+01
1.401237244827558293e+00 1.240308009579536730e+01
1.857972929959987196e+00 1.260531663491549637e+01
1.484765089137972671e+00 1.244836666927949231e+01
1.129100606204324286e+00 1.241238762250711503e+01
1.242406229514104510e+00 1.240716040958424493e+01
1.276931648599759272e+00 1.248884037466648067e+01
1.869784727659050239e+00 1.205777933785143397e+01
9.695653396557377679e-01 1.263281401632901968e+01
5.115171682977579515e-01 1.293215392012027820e+01
5.521250456138001583e-01 1.252722586588306974e+01
1.503018132363388437e+00 1.264628089410766343e+01
1.879399199453948066e+00 1.241401766900073689e+01
8.966648121630977908e-01 1.246278697972807059e+01
1.823712962971170581e+00 1.189853041064766082e+01
8.622034001215408416e-01 1.227051980067981241e+01
1.651472180541819768e+00 1.266465159129050377e+01
8.937002605106596498e-01 1.224715359729258957e+01
1.849397853966678662e+00 1.253234757609043903e+01
5.727931380160077302e-01 1.229645330433432093e+01
8.568659196433662251e-01 1.231931983886236281e+01
2.220848499572732226e+00 1.188681578069187239e+01
2.155503279444015874e+00 1.196468530227245708e+01
8.849055432689134637e-01 1.210436350447493403e+01
1.100667700366391388e+00 1.222933832261212572e+01
9.309226788737916536e-01 1.217188794812055619e+01
7.727048180975002456e-01 1.213108711275819473e+01
1.030839255892938455e+00 1.219295038073191861e+01
4.304004771540273500e-01 1.270465594874376869e+01
1.900436754823309649e+00 1.193728581177551007e+01
2.223190117760013518e+00 1.210966278729138601e+01
1.258532468161305262e+00 1.180448963290472797e+01
1.087243412674824938e+00 1.213527946133471325e+01
3.604496833289117519e-01 1.302601313233589053e+01
2.079114494774916722e+00 1.151614203530353997e+01
2.041927741098869209e+00 1.155311081387178085e+01
2.052892206197628244e+00 1.197868241252386490e+01
1.935097767345550057e+00 1.204175863309645145e+01
3.660821691184251159e-01 1.269550252023079118e+01
2.098346045198692167e+00 1.266566914977596525e+01
4.586107672966862059e-01 1.286627951475804821e+01
2.027387695283636937e+00 1.196604119552641876e+01
8.399802767953638005e-01 1.179266065936773522e+01
4.604447667539602329e-01 1.275989555984796198e+01
2.027423677344446507e+00 1.217678997009356934e+01
1.223447554431070117e+00 1.205924172960661167e+01
9.884300135735885062e-01 1.235434706829556895e+01
5.993319732978025227e-01 1.251108941478750403e+01
9.221504627703349666e-01 1.252094129919684562e+01
4.515142440908516130e-01 1.301202693477486783e+01
6.419123399876319747e-01 1.193994114205821333e+01
5.405810794600554026e-01 1.215087622392577771e+01
8.521489305746180465e-01 1.210571007375184038e+01
2.190602273393107424e+00 1.156538996241721406e+01
2.141762926663652866e+00 1.170229210444675516e+01
7.190539458208642376e-01 1.258679538734394576e+01
2.038563031372492951e+00 1.194289014951773886e+01
2.088250421000196422e+00 1.189506913569693758e+01
8.689315937990140792e-01 1.192891115040670691e+01
1.906494928898686103e+00 1.234894349622354781e+01
1.502039492966805945e+00 1.197147488219843403e+01
1.116972008157679941e+00 1.220112937684081267e+01
1.943324278130897254e+00 1.213151889758183088e+01
9.429977315261510729e-01 1.262941366919253028e+01
1.725520733299833909e+00 1.257250963790100506e+01
1.398527713344089873e+00 1.248293547140300674e+01
4.273173835734953574e-01 1.318219950087217995e+01
3.285228894780284903e-01 1.334836910879151262e+01
1.603511624330425045e+00 1.269663554655735638e+01
1.876875754470285651e+00 1.206668924161972534e+01
3.791945404625396976e-01 1.258690948427361889e+01
9.759713170215554845e-01 1.195633992011556934e+01
1.999941442547620740e+00 1.231119644230437515e+01
1.465820903446267698e+00 1.225737956447811072e+01
5.344999709334609106e-01 1.262686086026490173e+01
6.979693840942378102e-01 1.240218209286185669e+01
1.053445433843628987e+00 1.213745221404897201e+01
1.147828835288522642e+00 1.262138961338242460e+01
1.359169173940857567e+00 1.243417041080500951e+01
8.119431298827836097e-01 1.244331958038953800e+01
1.672390729507871265e+00 1.288303073917324149e+01
4.449001661249958883e-01 1.235794498004971942e+01
4.723769108337113054e-01 1.225665637441465350e+01
4.756651514830670946e-01 1.242279464556037283e+01
3.603926417496223222e-01 1.306722229743972008e+01
1.905650993675588989e+00 1.242563800573089594e+01
2.196164175934325780e+00 1.097013784734057040e+01
1.991528415277733277e+00 1.179907302486641996e+01
1.953572859171011089e+00 1.296707366396281103e+01
8.850284153994217862e-01 1.243270038566413760e+01
7.396556353277210505e-01 1.207119017364802538e+01
1.661968707372712073e+00 1.265616420821666033e+01
1.965507783540102693e+00 1.144836574218433078e+01
6.232604411702662439e-01 1.221202109947029335e+01
4.505107801950237745e-01 1.256517626792959597e+01
1.590392327039604536e+00 1.200534492113466634e+01
7.391487674280875497e-01 1.214241854876614646e+01
9.285793573452557625e-01 1.203595056166648014e+01
8.719950521004953270e-01 1.200026580729993242e+01
8.789570634107428670e-01 1.239536437183794071e+01
1.169881023662653341e+00 1.198756446638394557e+01
1.682438756636869703e+00 1.212573286410358087e+01
1.111553066195470008e+00 1.200496387582989932e+01
1.952846119146553816e+00 1.222975819653648877e+01
2.156490524529474762e+00 1.152758396053231849e+01
1.748013197071800473e+00 1.222925399872410424e+01
6.928219158766101282e-01 1.200923743000621968e+01
1.816254480908320978e+00 1.268226422796280772e+01
4.184812771075109294e-01 1.273431828401447063e+01
2.052191240710662612e+00 1.168131136005567683e+01
7.489489868455386778e-01 1.225520914706690867e+01
7.337815007764467712e-01 1.226401426566741826e+01
2.071342508114981662e+00 1.144469201779335954e+01
8.491025328373181802e-01 1.182820919339860488e+01
3.857237168470228905e-01 1.309568218058588229e+01
1.495730965089320685e+00 1.245940261860275200e+01
7.294846713002473004e-01 1.219453036686461189e+01
1.298685880748132071e+00 1.218296667398737121e+01
1.860547938996552464e+00 1.294575377200185073e+01
1.351146840336435506e+00 1.268918251699720301e+01
1.807631039489063118e+00 1.256563468364930003e+01
1.898401380740411648e+00 1.256660290721973183e+01
1.936720137322913926e+00 1.297924464243016196e+01
1.595913356488271484e+00 1.284748068532328169e+01
6.778351128263893077e-01 1.179480096901606778e+01
1.111949465978298246e+00 1.180917273340769569e+01
6.023855307031475981e-01 1.192243927547740334e+01
1.319051863898623278e+00 1.196632883415242610e+01
1.668956656640851133e+00 1.203896423086725598e+01
1.710659861399092652e+00 1.226325274561042811e+01
6.944795745961656053e-01 1.183824311330179491e+01
4.759056378953248068e-01 1.217553417286612039e+01
1.858497828200801338e+00 1.218435541688487866e+01
1.698647257203055538e+00 1.218157013007891187e+01
5.656550364934997965e-01 1.205132584735874346e+01
5.012351383377597891e-01 1.253468801635620444e+01
4.922184148130882009e-01 1.256100296082157008e+01
1.621379666235571504e+00 1.234137632983135369e+01
1.684589678733930729e+00 1.231311469101646416e+01
1.787257657420163071e+00 1.111556654105932296e+01
1.570547617515265726e+00 1.185948729274542579e+01
1.941715206058818532e+00 1.156840089561516471e+01
4.863091370690052484e-01 1.238678220639692640e+01
1.534341792070454957e+00 1.263169886922826812e+01
3.749925899377849481e-01 1.289804183181093222e+01
2.075308878558543846e+00 1.237665855596063835e+01
1.912794569124113275e+00 1.223081878754132745e+01
2.045053454601911458e+00 1.072562670248150773e+01
2.022472360771101485e+00 1.107557557541068682e+01
4.270917714593048808e-01 1.258475271635409953e+01
2.135012398595097505e+00 1.243196212012660773e+01
1.625652016398925204e+00 1.181794324854304534e+01
7.297921470710064806e-01 1.271172943339309569e+01
4.665896873623047170e-01 1.316929175225865833e+01
1.563272739754717700e+00 1.231672384168237855e+01
1.268339229292773540e+00 1.220054673422293057e+01
6.046412884201598503e-01 1.266371002778109833e+01
1.615132416681757110e+00 1.277885476454695279e+01
1.700186137321229252e+00 1.224321749290403893e+01
1.895161061586423168e+00 1.228427222467098900e+01
9.807435501257696364e-01 1.227030559820740052e+01
6.332056205915220781e-01 1.209541118666222737e+01
7.631271994176959117e-01 1.254833911756934661e+01
9.275320555844661641e-01 1.212647296152221976e+01
8.144913573937828666e-01 1.225372144583146472e+01
9.956137199369404778e-01 1.224930276963092446e+01
1.090840538886778788e+00 1.236053652264518909e+01
1.398089817014022795e+00 1.245456610820184729e+01
1.759544342349840917e+00 1.257440516697956312e+01
5.980476734870204814e-01 1.212060578371329989e+01
2.055168455504678082e+00 1.211221218036592973e+01
4.976476959118224519e-01 1.247840727909409608e+01
2.162245916835441761e+00 1.219340520940817463e+01
6.020859456629242823e-01 1.224761181297112778e+01
1.084744250805798504e+00 1.177627666765216929e+01
1.716545549697842343e+00 1.139662415476851898e+01
2.124609169960902655e+00 1.198513235106058339e+01
1.860071635611835639e+00 1.140778966050040744e+01
1.365770692340135151e+00 1.185328082189422361e+01
1.705921863408117245e+00 1.180183651361356567e+01
2.051334528236556487e+00 1.256903173132565854e+01
1.873120890485879153e+00 1.254767684046761111e+01
1.404444688339174574e+00 1.178450515780934182e+01
1.271723564522310168e+00 1.253053910518582015e+01
2.160478374024674242e+00 1.270846759929320058e+01
2.063510222042697073e+00 1.157558617219142327e+01
1.354674105536081807e+00 1.256897967908282965e+01
3.415311933631736685e-01 1.324133684034351433e+01
1.921745446001599245e+00 1.293348658130001816e+01
6.055784215486598177e-01 1.241296475644787378e+01
1.405800961770707236e+00 1.248312256708410040e+01
1.337459607294882558e+00 1.201807116183102764e+01
1.011858961631117548e+00 1.205503447186018740e+01
1.936919438153301698e+00 1.177345490627946489e+01
5.944934161416212115e-01 1.232059131561853960e+01
4.248711898030356204e-01 1.299168561004698574e+01
6.628743189513960354e-01 1.250538023566494417e+01
1.987413044458339328e+00 1.280407832157040282e+01
4.297959348913148458e-01 1.240976803608539747e+01
5.570297633545211458e-01 1.218121247592211986e+01
2.035855152184284922e+00 1.261889875067615208e+01
5.275178915890958997e-01 1.210203497698399033e+01
2.151928862318333469e+00 1.239978760671191083e+01
8.835096645869976451e-01 1.247309744303572288e+01
1.989755929937486734e+00 1.288261417446662271e+01
7.674904028122484512e-01 1.251876544341582509e+01
1.080224264374907372e+00 1.250179268435354096e+01
1.699716923013637970e+00 1.176243504880773116e+01
6.720241534281863327e-01 1.179988183804505653e+01
9.169135937837856742e-01 1.204057400384858489e+01
4.190245407419856405e-01 1.283490813035799150e+01
1.512505110216972870e+00 1.255215646527455675e+01
1.164086868052256918e+00 1.236164066517438087e+01
3.797297839042214074e-01 1.321998603308719744e+01
1.524195081729350365e+00 1.123660257254631567e+01
4.195992982262808924e-01 1.227093041046566313e+01
7.258887932042495938e-01 1.212238603395248049e+01
6.323763586236524903e-01 1.201415728143458672e+01
1.475145199883251657e+00 1.231642091295286079e+01
1.146651106874140957e+00 1.225309081004962763e+01
4.772612753389083307e-01 1.241137775095656082e+01
2.195738821047400258e+00 1.217298975146208662e+01
2.062750242863778283e+00 1.085496641620178160e+01
1.103091049596019557e+00 1.185089849163981590e+01
2.958510552670222671e-01 1.343343830551142126e+01
1.750073567213224601e+00 1.203274788713662247e+01
8.316214605782366043e-01 1.217500806385055689e+01
2.083027497346173540e+00 1.264303720189031033e+01
2.145019485370539769e+00 1.166243060679578925e+01
1.956261618597841201e+00 1.183864411949818951e+01
4.336830222605004281e-01 1.304829493077613733e+01
4.445415812845877057e-01 1.299662672961868815e+01
1.564238623338608303e+00 1.260968472532950102e+01
1.105426840055917515e+00 1.231884746221387950e+01
1.000365237348386005e+00 1.217167259515149347e+01
9.229164792488209201e-01 1.167565885525927882e+01
2.064247709520667939e+00 1.270099727843646420e+01
1.220631774964737293e+00 1.230522984470992398e+01
4.021733484718170715e-01 1.285592046707184899e+01
4.056581395614679564e-01 1.283430163313585304e+01
4.252490396050696009e-01 1.226888261125317925e+01
1.174819551819448860e+00 1.236400145959034091e+01
1.687633518946552780e+00 1.267534665671803573e+01
9.862071803771974565e-01 1.222278134080274015e+01
7.096900882032419755e-01 1.213358466632525889e+01
5.182744922925285325e-01 1.304913774741830501e+01
6.036673206407696668e-01 1.287750925036816696e+01
1.738082998168459792e+00 1.200559800629090113e+01
3.082127744866964836e-01 1.328145952347126091e+01
3.267877042780143459e-01 1.303671714716874774e+01
1.734384379959228450e+00 1.218704021211138944e+01
1.232903888780747526e+00 1.211332324306678210e+01
1.373881422610900627e+00 1.232906280397316046e+01
3.913694413130872074e-01 1.307324361940022861e+01
8.089491574765650395e-01 1.214604874089020470e+01
3.000765329912830626e-01 1.349944260657526840e+01
1.942175273669642044e+00 1.295597190134366983e+01
6.921614762230191564e-01 1.248250958070031835e+01
5.003408926000245671e-01 1.235853443245963135e+01
1.656370143963530550e+00 1.252872475698496224e+01
4.210009475758113018e-01 1.268705797147088532e+01
1.052330261105570042e+00 1.164939593584870003e+01
6.500958933820604191e-01 1.258925166507035520e+01
4.490397969736835138e-01 1.307036767114611031e+01
7.889594511369323326e-01 1.216666735339442518e+01
1.223205608308481906e+00 1.231458509341288199e+01
1.492423427257852486e+00 1.222306506748798327e+01
1.336243519050960504e+00 1.243961188157373066e+01
1.119288931534343501e+00 1.229762060428341108e+01
6.683735315026065882e-01 1.276594124294529919e+01
1.397777444403176972e+00 1.255561731995550367e+01
4.387494199446355103e-01 1.287949731232346195e+01
5.508978070912921021e-01 1.251962880667037759e+01
1.872406289541931779e+00 1.246625923846541362e+01
1.381119554469640631e+00 1.214537283088362507e+01
3.758232485458559147e-01 1.282010852488664732e+01
4.444170281741966488e-01 1.248435915852783040e+01
5.072232673435200789e-01 1.227988867201472800e+01
3.572941511745499898e-01 1.323379012079000283e+01
4.635040059288375591e-01 1.258364848493901711e+01
4.343558475612852021e-01 1.312575044246118239e+01
2.233066158622619035e+00 1.207249590392044780e+01
1.996604605326295134e+00 1.254132484854407892e+01
7.508548116755147106e-01 1.236356093618629082e+01
2.136649674634068852e+00 1.240371416413878336e+01
9.674044309129635755e-01 1.247705093667195797e+01
1.528239201556186311e+00 1.195595867909660726e+01
3.914038173698254908e-01 1.291419313129964586e+01
7.365314416568655709e-01 1.251154917349647278e+01
1.697876949082197662e+00 1.275622759156076391e+01
6.880990548830809850e-01 1.197331851533033031e+01
1.676249706532273231e+00 1.256523122937044512e+01
6.591715889704368170e-01 1.199116493334026856e+01
1.268758252440728374e+00 1.197154764833870821e+01
4.456661963851490937e-01 1.249371004916791605e+01
4.490843188594070834e-01 1.247945499851282136e+01
1.015104081577595796e+00 1.198555160430909794e+01
4.250081119826564779e-01 1.270062562588881150e+01
4.356591065578890309e-01 1.247730386233656930e+01
5.423749530405206354e-01 1.217072998881633694e+01
6.200845722543611993e-01 1.250874814394105172e+01
2.048081606105461194e+00 1.191916843513690871e+01
1.235746590669425826e+00 1.232575387834244118e+01
1.402599099335290145e+00 1.259670450216245108e+01
4.874612734519259138e-01 1.244971128646959357e+01
9.181335452670850161e-01 1.207346275302713323e+01
4.132260140695951378e-01 1.258522244653424771e+01
1.984312214704462507e+00 1.278016575699544966e+01
1.586947555502091323e+00 1.225993998454414324e+01
1.055288421067332338e+00 1.225539753004900589e+01
9.287054302414629037e-01 1.222774933292945221e+01
1.698536895920075951e+00 1.267198269522469189e+01
7.866943229679239646e-01 1.193035872777838691e+01
4.623946486059892225e-01 1.239249605585555969e+01
4.419347097497040577e-01 1.252615417255023011e+01
1.422264394212124028e+00 1.235039342926367212e+01
1.435421926416563965e+00 1.264826179062107059e+01
5.086770259977290154e-01 1.249346408403279796e+01
6.220102312429054425e-01 1.231937238602460916e+01
7.237816382772067625e-01 1.213419141077336683e+01
1.921954473688881171e+00 1.244662825331129596e+01
1.338664892727964961e+00 1.199855207274872804e+01
7.796568220069203248e-01 1.230393623225991817e+01
1.622514474986317845e+00 1.222584339536695452e+01
1.831439686356435725e+00 1.268931236620321634e+01
1.916530031752642582e+00 1.272888537911962636e+01
8.915091711411713415e-01 1.182207467554433933e+01
1.526591486521631680e+00 1.212210787352793417e+01
5.058471004392475212e-01 1.203683994090887488e+01
1.184968509778466572e+00 1.234066834539517110e+01
2.002791643836206781e+00 1.276764803699816753e+01
1.193103752386891481e+00 1.224127943296575260e+01
3.173153925513932938e-01 1.328011023385843004e+01
1.938272814347218098e+00 1.193968562010052814e+01
1.055430767525266544e+00 1.204349744721434234e+01
2.161201629040852001e+00 1.264363098337034863e+01
1.515930687704981183e+00 1.252988261642994772e+01
1.477026481592881080e+00 1.254517833454961462e+01
1.337097376825361783e+00 1.277525305846394765e+01
5.770256547712271367e-01 1.181301466086207697e+01
8.814809889811221488e-01 1.159710549018837789e+01
2.071072457679697720e+00 1.115374889840989603e+01
1.516862797414333830e+00 1.187186323205412108e+01
2.085074676009784689e+00 1.283902236261655183e+01
1.686706608358886639e+00 1.178948120366345798e+01
9.778290040960607721e-01 1.216719140803957622e+01
1.412118506640293036e+00 1.208780552746542192e+01
1.744612098537721145e+00 1.210847387808575526e+01
2.004820601381105405e+00 1.245136670782712329e+01
2.228290753056001883e+00 1.238154261212221741e+01
2.092520115627796606e+00 1.133928091039046926e+01
2.075273980850317113e+00 1.137030357914489720e+01
1.233451430848429675e+00 1.211437685656174246e+01
1.954808351707427949e+00 1.076502119340941732e+01
7.916157110086227133e-01 1.188257800237719231e+01
1.669005334580222266e+00 1.237179539842050069e+01
4.247721101423989065e-01 1.297164171386622300e+01
7.391572408433633168e-01 1.203564769749567454e+01
2.064647739800209880e+00 1.293335982814119411e+01
8.326022826284293910e-01 1.235280988385357226e+01
1.778369021373164438e+00 1.229722726405210587e+01
1.070726163550966392e+00 1.213119188367719303e+01
2.213739465422556840e+00 1.292811647719134349e+01
5.042098384325514049e-01 1.284925808509023604e+01
3.611856364366900496e-01 1.266785616977787576e+01
4.309868671647618110e-01 1.234504479745453942e+01
1.366706092388309868e+00 1.266958664594293893e+01
1.829851523023581450e+00 1.223057929349353223e+01
1.318578859817202797e+00 1.222093836427320568e+01
8.656926268479020470e-01 1.221130273544239841e+01
1.390082413788822802e+00 1.242433668291856108e+01
7.082119772145594183e-01 1.232821525256813189e+01
1.022231984526887683e+00 1.240149728949397812e+01
8.474073388684961738e-01 1.235811855559032324e+01
6.260832032865720764e-01 1.245140106313269435e+01
3.364516216986340735e-01 1.321451499143898012e+01
1.123036911616190237e+00 1.198736213099049408e+01
2.144090752943092593e+00 1.273483657362319121e+01
3.600696940389764844e-01 1.327173615165071752e+01
2.157383070482679077e+00 1.224249077699499644e+01
1.945369842163717555e+00 1.240176373434364088e+01
1.629792602759572606e+00 1.226867325450757207e+01
2.085663402366784158e+00 1.228212346694044577e+01
2.108873221971022005e+00 1.215830185518128026e+01
1.901158544698372532e+00 1.143983338782962811e+01
1.917571807618160706e+00 1.226515255072615318e+01
1.640545833946117860e+00 1.231571508181796126e+01
8.291887536239220813e-01 1.202122136035383448e+01
1.854368902280588260e+00 1.135108161958328665e+01
4.763422446836785840e-01 1.262292757486809336e+01
9.543480675443661854e-01 1.230563714046512303e+01
2.042383059005417945e+00 1.236332927700757267e+01
1.276609153209104619e+00 1.209405146896757621e+01
1.973571499480993419e+00 1.263705882520254065e+01
1.676428463946795233e+00 1.259519817815143305e+01
2.018870153799458667e+00 1.288303776397310152e+01
1.505722631048366233e+00 1.267414359257787204e+01
9.256907029771581641e-01 1.208114360000543996e+01
8.516887047145522693e-01 1.233654927028322312e+01
1.265505019117360463e+00 1.224443905900841578e+01
1.058438247267750709e+00 1.249537159972839717e+01
1.303766691370104258e+00 1.202229027829720209e+01
1.184248298669630328e+00 1.223465204953177299e+01
1.793739684013678781e+00 1.155481325867488707e+01
5.414044824173115389e-01 1.263612047413777795e+01
5.358439787305964153e-01 1.229991856323715282e+01
1.429453146147166676e+00 1.248684047028698707e+01
3.945811777973105006e-01 1.290812647247768474e+01
1.966295608305115517e+00 1.247507248595834639e+01
6.537437373761004755e-01 1.205809212262050956e+01
2.930559434405324293e-01 1.348488912378303795e+01
1.142529971860070770e+00 1.248105535649374431e+01
4.910282094845106471e-01 1.269431925623892532e+01
1.283747331405481473e+00 1.232175791542036158e+01
1.271811022017514281e+00 1.231954959572100528e+01
6.003339633372659634e-01 1.248231295271926733e+01
1.558655727344092634e+00 1.246294957350142596e+01
1.976494889236505959e+00 1.244186929921214002e+01
1.203079631580469488e+00 1.135902510944626975e+01
6.055314518511355493e-01 1.189413329359006077e+01
4.279819678739393840e-01 1.297315766202239828e+01
4.227143671932967472e-01 1.300292279557919350e+01
5.459032577549983722e-01 1.206621476652685132e+01
1.937648602721300239e+00 1.266157705293020896e+01
2.276962004360539638e+00 1.247037798487060734e+01
2.298959306607298636e+00 1.244503479893694653e+01
7.589720152040974055e-01 1.232104494240892834e+01
1.974459713747653167e+00 1.284292859957997379e+01
1.647587660461176773e+00 1.255146971886903273e+01
1.011843638093116837e+00 1.221163750680851123e+01
1.197636657549675299e+00 1.222026647053117365e+01
1.971463559180788749e+00 1.179754246204160673e+01
9.875999063497096220e-01 1.209106069808325579e+01
5.070417372227051800e-01 1.212976098313113482e+01
2.060036141621327310e+00 1.016549400178463713e+01
1.981067069915318557e+00 1.071123858477162649e+01
7.309952038500280302e-01 1.229731827195537797e+01
1.372288146504044404e+00 1.212094291432579496e+01
1.381562124260097946e+00 1.242559049429355333e+01
3.957684053543757963e-01 1.298537922441332881e+01
1.231484420248432077e+00 1.224134095564765801e+01
8.728218328227446143e-01 1.218879743676417249e+01
8.789148828092588905e-01 1.228457353322306567e+01
1.746269174573301219e+00 1.273844249388455729e+01
1.583579692825668683e+00 1.257586550686597349e+01
1.823118075425532947e+00 1.184926237438556207e+01
7.511728765307675859e-01 1.183088735699991645e+01
7.676685144262176408e-01 1.193307475449285526e+01
2.064381529238354940e+00 1.149971696580658431e+01
1.592184028241243166e+00 1.173545341133830178e+01
1.933694103342340931e+00 1.213955742299832430e+01
1.064825258259196605e+00 1.217203797646533481e+01
6.429593634762326149e-01 1.227311085665818702e+01
1.667386610325199747e+00 1.199510283363030538e+01
1.017378572115343882e+00 1.192446161216473044e+01
8.866112739563833944e-01 1.162736562429221543e+01
1.898806708237131158e+00 1.164538990500506976e+01
1.836799091470753487e+00 1.168638321095114385e+01
1.279309232049351763e+00 1.247644970283019106e+01
1.913501233683370772e+00 1.177727333037588764e+01
1.297159687141034246e+00 1.183427156782124179e+01
1.158669994374283529e+00 1.266693085569936983e+01
6.146274554364041798e-01 1.204303316401594159e+01
5.885366259193184346e-01 1.207667429309323204e+01
9.259649157363500915e-01 1.221503245053470899e+01
2.039496173208764862e+00 1.134709169528638206e+01
7.845031465755513134e-01 1.205397406244699532e+01
4.928486012723202192e-01 1.270276987536674618e+01
1.127833273269917669e+00 1.253225708157961726e+01
1.687763697453234180e+00 1.217138664798774350e+01
1.031113641614822551e+00 1.237336494152472532e+01
2.026956845030613685e+00 1.149004870183388505e+01
1.508514058224406762e+00 1.213118833877112301e+01
1.549747440447869273e+00 1.212655182514370367e+01
1.546650160823978215e+00 1.229228896029922424e+01
3.832915540404105426e-01 1.300144328482423184e+01
4.214803548184602455e-01 1.262644608959953807e+01
8.817572002006577314e-01 1.208390636497159498e+01
2.190110015182592296e+00 1.210032420755528193e+01
4.795474894257364396e-01 1.292010392323551393e+01
1.781447821027659639e+00 1.248326593901223269e+01
5.475506612735303591e-01 1.196167748046502233e+01
1.983454576607199815e+00 1.190294585237480973e+01
9.952831917440198017e-01 1.233399791655082467e+01
5.429238494619289535e-01 1.237161519974321422e+01
1.856710142236644767e+00 1.242092445089732955e+01
6.117602275567601833e-01 1.269140808541381205e+01
1.735804313750789696e+00 1.223062956540179869e+01
2.070185944383765797e+00 1.215784541777651562e+01
3.157683667472038214e-01 1.341965519010987862e+01
5.810116269331159211e-01 1.193162852504736016e+01
1.152712203010877401e+00 1.201006152840039753e+01
1.701419523446881632e+00 1.173126483315825297e+01
1.927152610578027891e+00 1.128327491393367232e+01
8.946970526747578534e-01 1.197877862894631207e+01
1.851907779778724894e+00 1.232225229267044142e+01
1.343940651671705844e+00 1.238128185742253429e+01
1.031055385125513757e+00 1.226077836310604852e+01
4.090457255507832790e-01 1.231757976412277955e+01
5.652090076465426938e-01 1.183414500011086190e+01
1.204630225854761205e+00 1.215883709641816601e+01
6.202330545535933437e-01 1.212219754135561622e+01
1.835677720367358656e+00 1.169988315429717574e+01
1.028644525916070585e+00 1.188722394603643551e+01
4.121994860553241935e-01 1.295325881059413931e+01
8.242436005731929027e-01 1.181511449374349176e+01
4.981814239169095604e-01 1.231686173494258441e+01
2.101382220855787075e+00 1.167048908691222309e+01
7.545492018356996233e-01 1.195865981742540818e+01
7.880738925526920013e-01 1.188575368848015756e+01
6.309551225432601385e-01 1.194856975063994931e+01
4.705174125132152163e-01 1.222517426051606471e+01
2.110044586038818615e+00 1.204293534388813214e+01
8.549768401714892274e-01 1.242448644455859430e+01
6.256101749235324361e-01 1.246046758206915328e+01
1.987464555611988981e+00 1.271937786305935880e+01
2.049451537472308349e+00 1.271866421579201401e+01
9.363996445619007236e-01 1.191413752855017627e+01
4.682091521455930550e-01 1.278830663033636483e+01
1.875497203800707169e+00 1.280717568913446947e+01
5.039004503527966250e-01 1.234319827688563898e+01
1.745595886285135290e+00 1.217730950702507720e+01
1.753849860732018096e+00 1.217814159062053392e+01
4.439900705758679234e-01 1.283762094272397292e+01
1.000537798423104974e+00 1.215091603073645388e+01
4.082115766877126295e-01 1.239810931058232590e+01
8.223679255879198235e-01 1.205260719327375085e+01
1.550745686076384189e+00 1.237183571655949343e+01
9.262608289007565610e-01 1.211178300676061248e+01
6.043516099246036832e-01 1.243570406726540334e+01
1.255261453371329550e+00 1.226276928005424338e+01
6.267370739268677271e-01 1.225820370047761365e+01
2.107437288359408800e+00 1.180624466149784446e+01
2.133280815113556717e+00 1.177211618342117028e+01
1.391246273770273545e+00 1.256751599578265655e+01
1.503339122001892569e+00 1.268158147731915619e+01
4.660082178009099518e-01 1.289921722348848654e+01
1.542516467349313913e+00 1.264669381065746556e+01
2.039950763655670407e+00 1.238239315819515163e+01
2.008639936366459100e+00 1.240023686797260360e+01
2.062887984109005757e+00 1.220820496648801701e+01
1.335464928610220037e+00 1.180566351866920982e+01
1.412063501915401753e+00 1.177594548745837777e+01
4.291663583078005328e-01 1.306142622305628187e+01
4.605821812950570138e-01 1.291828586635180720e+01
6.601186984788240952e-01 1.210831581244437771e+01
1.770522344103408807e+00 1.180532820358652124e+01
2.107021752979856721e+00 1.261445219365103121e+01
1.126016340914443470e+00 1.240837781641018367e+01
7.303357315072991351e-01 1.226793329036058466e+01
1.702378245940787238e+00 1.225132439069254353e+01
6.687231183917244914e-01 1.247698104717379941e+01
3.891628204566269789e-01 1.303091116109370340e+01
1.339815831138397195e+00 1.236531970518944235e+01
2.005504098077346420e+00 1.290351676556525362e+01
7.256261880114112106e-01 1.230823941556752033e+01
1.916319262258137091e+00 1.258616439807130227e+01
3.918767577897945276e-01 1.305542026144795997e+01
2.016335244168590890e+00 1.276918859318898214e+01
4.639208877051181346e-01 1.258620834287474111e+01
1.193283372180811153e+00 1.253540084320410308e+01
2.261958256282947666e+00 1.207900291514108915e+01
1.785365928679672143e+00 1.220292162894360644e+01
1.550751631019529508e+00 1.193765239663574107e+01
7.876566889431578788e-01 1.216541093421382058e+01
1.339369996330626034e+00 1.150583601573814008e+01
1.369697059234486147e+00 1.251812448060815974e+01
1.125907252608504105e+00 1.222341912085083493e+01
1.329632135454051678e+00 1.220545842136565895e+01
1.120155579657311273e+00 1.215906682157221930e+01
2.074251548988236493e+00 1.213620196653296013e+01
1.398110544462678462e+00 1.248305387343319772e+01
1.412047975041045955e+00 1.211399728227248929e+01
5.207944856445416715e-01 1.261161280044983890e+01
1.906441335756888122e+00 1.286206267272843817e+01
2.132759674468855948e+00 1.199647588209518645e+01
1.474240201718103549e+00 1.243913093618743559e+01
9.634730302965871518e-01 1.213997346379099618e+01
2.010000363924161704e+00 1.273092786937296417e+01
1.894198557529587434e+00 1.124722211293065222e+01
3.028480944528641472e-01 1.346175708533241711e+01
2.112428694323663869e+00 1.217265690065318218e+01
2.104110582065382928e+00 1.044029836571365166e+01
8.876117422921512290e-01 1.166892107595549000e+01
1.790865084614414959e+00 1.168726986397420475e+01
1.148682838534209827e+00 1.241589198203547006e+01
1.998970788110834285e+00 1.272806364708461579e+01
1.670271853664915263e+00 1.237517227017303156e+01
7.394816126145138391e-01 1.215124152327389773e+01
1.699201066909012514e+00 1.200359321112046729e+01
1.483983574186156451e+00 1.210992372950133600e+01
4.532514047437462001e-01 1.298328274978905306e+01
2.137521668709088551e+00 1.228947749028734115e+01
1.870660714233717048e+00 1.203968236082870824e+01
2.033278044007189589e+00 1.174479810848490047e+01
2.070371617990847124e+00 1.168028328934681426e+01
5.874486456574663507e-01 1.242725434396926154e+01
2.023279821873226414e+00 1.290645322984711463e+01
1.742337836532024120e+00 1.266159930929940813e+01
1.418183731583833262e+00 1.211499898629957528e+01
2.115333537039280287e+00 1.218906686293065356e+01
3.247889405122381112e-01 1.334958279798201453e+01
3.305988699600795333e-01 1.327962084017928035e+01
8.405715718866567654e-01 1.218902738708969480e+01
3.384864223644475367e-01 1.333879265578901574e+01
2.281626691591148948e+00 1.228778023942883912e+01
2.044185913425216494e+00 1.248588270824059876e+01
7.723174233277469991e-01 1.226970982421304868e+01
3.805855918473650679e-01 1.283431965776059691e+01
1.560549341452580174e+00 1.226772614242851667e+01
9.004261200300274215e-01 1.205725069179430520e+01
6.647347424547330741e-01 1.200622507987140253e+01
3.224419976471971649e-01 1.336877325854524479e+01
1.284163986175183902e+00 1.170335263321056907e+01
9.988382802098650926e-01 1.235639366441059828e+01
4.482027859822734217e-01 1.245133198866367330e+01
1.124037623975707945e+00 1.217519658589627340e+01
8.939917656653528777e-01 1.214647326189663801e+01
2.261103314536228037e+00 1.227813692341483609e+01
2.117022247907497601e+00 1.193120590944706905e+01
1.453787533439709234e+00 1.253801134078499402e+01
1.184418043989360125e+00 1.207745918176551747e+01
4.458294544949698568e-01 1.262621747684982410e+01
3.738849874559477260e-01 1.305045780095560914e+01
1.693670021603875808e+00 1.266259957166776928e+01
9.359583587428562668e-01 1.222014947583015143e+01
3.794776557009417184e-01 1.288892015484360343e+01
4.813282468355518651e-01 1.293337325540253957e+01
4.630449329625928034e-01 1.227050854545354319e+01
1.550473893838220985e+00 1.237396600135727098e+01
1.107270950483077776e+00 1.217427754409325047e+01
1.708141582334264941e+00 1.233044840837361100e+01
3.328383223380442235e-01 1.331054317742875526e+01
1.770892546091632047e+00 1.282705758778925542e+01
1.767901274802591516e+00 1.282720326789605814e+01
1.389342444722325265e+00 1.222955268060507450e+01
3.601000893441300699e-01 1.285991498858304283e+01
1.726163091721738541e+00 1.208978102446182135e+01
9.577243163942696924e-01 1.194449600801537592e+01
1.108714304333864975e+00 1.202987834072241746e+01
1.006881639513390825e+00 1.170162724367631313e+01
1.956266613635220697e+00 1.115869311265574559e+01
1.769509887637549017e+00 1.206340310879395084e+01
3.800086512187754173e-01 1.312203686771366584e+01
1.005156088834002093e+00 1.217817663876253853e+01
1.329501030243168236e+00 1.190149908893931929e+01
4.886921852678969280e-01 1.203978374935369011e+01
9.642514878310030069e-01 1.194331664706528251e+01
5.200167510673151527e-01 1.203834368627900453e+01
2.057146295470867248e+00 1.047777262316250280e+01
5.887782062449541387e-01 1.216809731983196663e+01
5.566136642915729960e-01 1.230689419661388229e+01
1.364608617008789215e+00 1.179330643376920129e+01
7.307667314292038974e-01 1.201177284409710211e+01
3.108930185969178139e-01 1.345310999077172731e+01
1.263747444617261184e+00 1.219956970295029031e+01
3.994855559919399668e-01 1.262747950286054710e+01
5.938143343744386460e-01 1.198275244743475376e+01
6.465108113291004877e-01 1.191317520546771824e+01
1.975117067869285536e+00 1.191455939854550827e+01
2.113579160254443590e+00 1.169254757456618599e+01
1.765267801157745398e+00 1.156439497947440209e+01
1.679665570881029746e+00 1.160489357593499271e+01
3.984580107043098063e-01 1.303253482597258106e+01
1.964439134661893460e+00 1.277142434288372463e+01
3.602426989695518555e-01 1.280173522477063841e+01
9.839473991013184540e-01 1.208929895387235121e+01
4.174472639860128953e-01 1.283781260686273207e+01
1.531198616951476632e+00 1.250010222300991458e+01
8.146706735477385886e-01 1.200887238378534860e+01
6.066787787888676675e-01 1.209915737291576754e+01
5.384309018558630644e-01 1.275405310555410132e+01
4.781461716598444656e-01 1.292914599554252852e+01
2.045442667808051063e+00 1.094276431825277207e+01
1.625138058643595729e+00 1.248462753455793894e+01
6.127187653545357326e-01 1.200211028568056015e+01
1.919482539874892923e+00 1.185086155590372137e+01
1.737072234378131297e+00 1.216323959799692567e+01
6.089334736185056940e-01 1.219800191104670795e+01
4.584575888767496443e-01 1.237016135178125076e+01
1.232219443150886828e+00 1.268123019664271567e+01
4.373333119643879052e-01 1.313362296781206418e+01
9.866641785629117756e-01 1.249207121280803356e+01
1.526920567039700805e+00 1.273220733254607850e+01
9.240106939687432464e-01 1.216578297049913715e+01
5.130561532326931573e-01 1.241991677833559393e+01
6.281049410645128672e-01 1.188325260481174261e+01
1.414659336508102161e+00 1.176782029248497530e+01
1.946214093955793922e+00 1.244401503772734507e+01
1.989365188083487723e+00 1.182182946340333629e+01
4.632560495379285936e-01 1.308962114737357751e+01
9.362245263438799814e-01 1.189487082185940103e+01
6.445169386940076128e-01 1.188856397547053234e+01
6.373982167969547419e-01 1.200987884902933445e+01
1.839425706140502825e+00 1.227926954171725349e+01
1.604052426273767873e+00 1.226483689377769082e+01
1.803039678340377039e+00 1.252159179630277386e+01
1.926564861169229204e+00 1.192644033342662979e+01
1.940688155541156812e+00 1.191279460516925681e+01
1.790525685042059001e+00 1.172233829555053930e+01
1.004535586272526704e+00 1.171125860720097300e+01
9.993296261686814841e-01 1.244106365506458012e+01
1.918120628849226739e+00 1.202455800625636861e+01
1.718900289601295706e+00 1.262997208476031474e+01
8.010623297050083469e-01 1.205812524254421447e+01
1.867804956968317054e+00 1.213698591937636273e+01
6.647272321332845513e-01 1.215166039461383107e+01
1.056752636804324519e+00 1.225124648638141878e+01
8.510805944251995658e-01 1.203913773112657459e+01
1.522585713800954199e+00 1.250198562259374135e+01
1.992910499889081644e+00 1.284138762770511022e+01
5.793435949309496680e-01 1.241405247580519600e+01
4.607864220832759150e-01 1.299181743331890360e+01
5.032579144960679374e-01 1.247729273646886838e+01
3.672501814470290338e-01 1.314939505701845057e+01
6.343778450847464834e-01 1.197164175829788668e+01
6.643030438023873607e-01 1.256170649505279968e+01
5.972030669506036560e-01 1.266478961473277742e+01
1.078455240018149519e+00 1.240276945272771236e+01
5.198923028022185422e-01 1.278144663621079147e+01
7.159730310246406049e-01 1.177725314101483889e+01
1.993092819962245077e+00 1.234712422202715487e+01
1.090726245846016740e+00 1.223275379856810474e+01
1.924252773837393349e+00 1.256661210929665273e+01
1.895309870989740464e+00 1.237377851435129017e+01
1.144226767093708297e+00 1.258130200006535127e+01
1.731774067090679825e+00 1.275728532172540675e+01
1.735311056770783011e+00 1.205274297853952703e+01
6.329973873542322771e-01 1.243082890563243126e+01
5.886183285449756442e-01 1.209626964687881134e+01
1.001124090087585294e+00 1.183497683839178904e+01
7.935092515181132455e-01 1.209068314628100183e+01
1.831686604811298302e+00 1.229315719605169477e+01
3.181113310361412538e-01 1.313529773052704996e+01
1.617007943563553818e+00 1.249661726744089663e+01
8.003377642674979198e-01 1.222098888046414089e+01
2.035442225343167877e+00 1.286800794744693022e+01
1.533074121643640320e+00 1.216827738336636955e+01
5.303151893360017466e-01 1.219617360645815296e+01
5.068377302490268965e-01 1.222030160942710708e+01
3.679150815589516954e-01 1.283917834180414630e+01
2.265689361555410120e+00 1.238652716888026362e+01
1.766560745511261743e+00 1.180555064173570834e+01
4.620126346005999918e-01 1.282838094124791617e+01
3.323045060233940640e-01 1.300253042316176710e+01
1.816799119015720887e+00 1.231605859284407245e+01
5.450889453978760013e-01 1.218323776445563844e+01
1.540409917851839561e+00 1.258257899656024925e+01
1.623313273195338580e+00 1.271144583830820629e+01
1.431781005025744236e+00 1.265804241670043062e+01
1.893411147755314161e+00 1.120879167142868482e+01
1.503970746359381216e+00 1.155611140755620703e+01
2.147080134123959816e+00 1.181803832112485253e+01
1.936324002953728085e+00 1.198554926617386229e+01
1.461859016008199008e+00 1.228892608348498428e+01
4.313226636947619097e-01 1.304169862062754426e+01
3.958464114564564929e-01 1.268623551906098079e+01
1.023252339123762455e+00 1.199629038127175029e+01
1.642130302298710376e+00 1.214377206976324253e+01
9.440840249666909711e-01 1.201502243874566211e+01
8.607856620246202572e-01 1.221870193441380259e+01
1.370543991162547215e+00 1.253827873409518112e+01
8.571889660732171512e-01 1.238708840074899875e+01
1.043968665036746568e+00 1.247811280529382394e+01
3.046753041342611934e-01 1.339725065785317071e+01
7.476798764763604721e-01 1.192424155060033364e+01
1.454863814328834826e+00 1.211415826847086485e+01
5.291954680143557965e-01 1.238593068482790294e+01
1.119220132965218495e+00 1.183981897352408907e+01
1.248409497104767008e+00 1.176639173073013822e+01
1.057809966255028211e+00 1.203350542288907832e+01
9.521805712529304300e-01 1.200379197016256683e+01
1.455900217157649834e+00 1.247747501468139042e+01
2.110019264055592370e+00 1.224607346459258750e+01
2.039058431135309934e+00 1.170402162219003372e+01
7.470590041167335382e-01 1.191756042802606963e+01
2.260759491413818267e+00 1.215175341909036888e+01
8.057369199110921976e-01 1.258730257446450018e+01
6.988305187205015034e-01 1.246030969847760339e+01
8.981426424701975941e-01 1.231177918364461021e+01
1.717652678979888492e+00 1.255750605185249391e+01
3.673790285254852073e-01 1.260413659192668234e+01
1.170998736644685012e+00 1.252229962359713333e+01
1.656915698784024116e+00 1.271189604059122757e+01
1.205144168023119189e+00 1.168809080395520006e+01
8.610305351197127255e-01 1.207690365065196580e+01
3.580476916712765356e-01 1.327310684391679274e+01
1.796543820477101594e+00 1.138437471441576676e+01
6.544834498605663908e-01 1.193263030331549501e+01
8.476393402280733014e-01 1.187910350338258070e+01
1.131118757782102691e+00 1.192478957762838121e+01
7.903218610718925063e-01 1.185466499552708619e+01
3.358220089098215011e-01 1.294443330414647697e+01
9.057637959742063094e-01 1.184856337726064446e+01
5.771690336362144125e-01 1.243754881989494265e+01
2.075841844221016252e+00 1.114983694558333127e+01
1.030208946691054228e+00 1.224681404050058653e+01
1.300094192831211304e+00 1.225234667621221440e+01
5.870324843487496613e-01 1.206370656960502252e+01
1.466010232041394357e+00 1.219632024484786825e+01
3.171274162616181669e-01 1.343603820751568456e+01
3.170184490923791398e-01 1.343748132625755787e+01
8.368440357266000440e-01 1.199001214655057446e+01
5.607160841047706956e-01 1.200356549103507930e+01
1.829061817912485788e+00 1.168467628279772086e+01
1.730962337069925194e+00 1.178709368334099139e+01
1.425861023541632244e+00 1.239126326722000471e+01
3.473627669350531910e-01 1.327887354015963695e+01
8.816955134731973009e-01 1.227371216066543447e+01
1.241940549549599648e+00 1.232890532021255225e+01
9.662024187170455969e-01 1.182428954554978517e+01
1.373327499037657606e+00 1.239250698684539387e+01
7.009259856726968163e-01 1.224218207692422666e+01
3.606240853630345300e-01 1.274263223968051584e+01
1.680477365077076790e+00 1.213434363641365188e+01
2.080170849229493690e+00 1.245003030773778718e+01
2.139737428152562515e+00 1.243727187609493967e+01
2.200675069850964949e+00 1.200308529670595448e+01
1.118881709472911101e+00 1.256725807128080241e+01
1.511070007300199691e+00 1.249488895790320164e+01
2.059987362686846346e+00 1.138999223691288343e+01
5.868238871140654123e-01 1.262156661679536995e+01
2.022935959500617553e+00 1.083780742912713890e+01
8.173523886441097508e-01 1.186685398379989920e+01
7.649076801569800743e-01 1.243162930447395276e+01
1.828077080511900210e+00 1.274980347322210505e+01
1.136968453610769592e+00 1.214904513856755131e+01
1.147945055580487539e+00 1.215512697577815970e+01
4.849500798492415443e-01 1.214538199333028246e+01
1.286444875955009337e+00 1.221037494449009664e+01
5.715086911602392794e-01 1.213538458365319350e+01
5.047668973518091295e-01 1.211695202938757809e+01
8.476615568860732530e-01 1.199546476322801070e+01
6.740904974499599689e-01 1.188029260612350413e+01
1.082687566382650513e+00 1.202757144612770013e+01
3.289215516743407286e-01 1.328937346605100700e+01
4.870933630781290602e-01 1.258496169552758026e+01
1.745633678082014306e+00 1.246267184255440874e+01
1.564805254673142132e+00 1.189062300684403084e+01
6.596926423472538881e-01 1.203113677814983795e+01
1.794748640612714663e+00 1.192526172473875334e+01
1.715656247100525222e+00 1.200718635513680077e+01
9.376225336571528679e-01 1.218718708064268164e+01
1.830455000308753633e+00 1.259370013291916379e+01
5.169270551164958372e-01 1.191598100072965494e+01
3.572100692432749747e-01 1.328068759112594677e+01
1.811213013030317009e+00 1.158621212298057124e+01
1.392163092770430488e+00 1.221071213975080028e+01
1.173815647965868791e+00 1.212269969275172876e+01
1.041543886720320389e+00 1.191412501538824209e+01
1.325527402825132706e+00 1.196429195703274395e+01
7.973156459208772251e-01 1.249140240117342060e+01
1.953058183292712746e+00 1.184087096982942455e+01
1.181069378548882609e+00 1.239308478342138464e+01
1.863006271050380525e+00 1.164642092745665636e+01
2.123434388484282564e+00 1.257252288161250142e+01
5.259125910574670160e-01 1.243190220924783240e+01
6.144121623661302767e-01 1.196972198990950531e+01
1.671649883288528926e+00 1.213973018853952190e+01
2.088909725982647902e+00 1.127003298985940916e+01
5.993650267425353340e-01 1.248295489164572736e+01
1.541977631390296644e+00 1.273492717650405126e+01
1.483750137057286311e+00 1.271070410677701013e+01
2.075445746306323169e+00 1.250309459983845528e+01
2.125198311541173002e+00 1.108592727589816107e+01
1.864365413646583480e+00 1.281764831744343347e+01
2.160735054000829436e+00 1.176831011737425392e+01
5.657769168927493375e-01 1.245044375080866672e+01
1.452397554880622721e+00 1.185706206807716256e+01
1.016028182909445965e+00 1.194573548598541635e+01
1.448470879881254891e+00 1.278973540397292652e+01
1.926157523388008608e+00 1.277349345056635954e+01
1.617442467274711415e+00 1.228526043676591684e+01
1.930785556765095778e+00 1.237168246759348733e+01
9.831751819717066132e-01 1.208166428586175911e+01
3.888180450419883583e-01 1.283063800409702182e+01
3.701262334581657543e-01 1.297190462642515563e+01
1.814109152686632198e+00 1.255450092659494565e+01
5.097493839103094393e-01 1.224893171342565878e+01
1.726616053209746759e+00 1.269025914901592778e+01
4.629087355321327424e-01 1.240992819391178514e+01
1.892770401565429195e+00 1.267147413319837135e+01
3.935240115133624705e-01 1.265531824876794786e+01
1.230860294406627364e+00 1.229308316282541114e+01
2.051722598736761327e+00 1.121483982603891505e+01
1.888577937667940132e+00 1.158348994869486859e+01
8.396316356617588017e-01 1.204455538266823211e+01
1.529762793582568392e+00 1.170460998306167077e+01
9.322923857589365815e-01 1.205814230115898944e+01
1.224105409076109874e+00 1.224887167458879311e+01
4.487253269556050195e-01 1.242711841231574788e+01
1.968230287205963824e+00 1.180093575115971660e+01
5.340076354340113074e-01 1.242173264633217578e+01
1.381026200025296635e+00 1.225202856881483271e+01
3.208295783783611244e-01 1.313913630028978297e+01
2.199483276912982621e+00 1.185471817038749265e+01
2.111107086393785970e+00 1.200825802424662925e+01
1.870455526419759762e+00 1.223930068863823628e+01
4.530109040473928039e-01 1.274289093566023290e+01
8.823914096881044777e-01 1.220172269404296017e+01
1.434701809557495045e+00 1.223252677359936769e+01
2.063869982776601830e+00 1.167383018030068875e+01
1.381280868057491951e+00 1.232481208438166931e+01
4.377303207346654457e-01 1.254796646648541980e+01
1.751658153884471547e+00 1.169910052270801337e+01
5.302806498755223696e-01 1.224441534167722878e+01
3.626682710685708577e-01 1.317202397150711413e+01
1.735726972647142041e+00 1.167379649466006164e+01
5.696632997352778505e-01 1.200381114307333164e+01
1.545630998958187341e+00 1.271263381339787202e+01
8.757776108870810594e-01 1.233240396638752934e+01
6.805827416209756509e-01 1.182493344591825490e+01
5.085200842338765126e-01 1.260770302453359903e+01
5.243977453181976056e-01 1.256875598553605400e+01
2.087536144529681614e+00 1.285635465206943628e+01
4.926573270773026425e-01 1.240084515118650188e+01
1.979342298165426506e+00 1.220556109381544374e+01
8.954709534765054046e-01 1.226213682707108532e+01
9.103190330312519452e-01 1.234317189582736241e+01
6.469331257417008096e-01 1.206716879629679440e+01
9.756714355147546591e-01 1.190854606773719482e+01
7.105679436061431709e-01 1.192985943237837887e+01
1.426421130061227949e+00 1.199600139853262526e+01
5.147499923444316394e-01 1.245662050662602027e+01
1.112714940944014907e+00 1.193753613948022441e+01
8.794034358602873525e-01 1.238362581231197623e+01
5.739351187202109683e-01 1.245783827251535314e+01
1.338228814005724132e+00 1.228018798142635504e+01
1.622799505922366770e+00 1.231726819959816055e+01
1.921231868092370787e+00 1.236568384310269053e+01
4.466069247057401492e-01 1.248134096985980257e+01
4.035785851497849519e-01 1.271150293353830030e+01
8.810631340545859169e-01 1.193052930038591875e+01
5.107919937287710432e-01 1.210829840030269544e+01
1.930437322936958244e+00 1.233456239712589486e+01
1.019678218802434921e+00 1.195278007488497352e+01
6.483096990234921142e-01 1.201452396457891858e+01
8.607288532651962143e-01 1.191634155012068419e+01
9.890333579432984967e-01 1.257946697524020507e+01
8.654155675126692371e-01 1.208510811071686497e+01
2.148104972238186416e+00 1.276428041383107193e+01
1.075582766175886773e+00 1.242014224868427874e+01
2.010864524951898602e+00 1.191560004630489900e+01
1.193408643192881424e+00 1.215433510027897768e+01
4.966538443039459905e-01 1.245501982753595271e+01
2.131268455603560597e+00 1.273838265018486737e+01
1.720916711410820810e+00 1.269511507351632851e+01
6.869791020170074036e-01 1.207813355066757666e+01
5.776451012934255003e-01 1.214866685911786348e+01
9.614411226006469580e-01 1.236406571106545371e+01
2.112843729210729382e+00 1.138062517229560555e+01
2.128719829491500626e+00 1.236438670159185627e+01
5.184117883078855904e-01 1.253633446509676475e+01
9.365172222024307214e-01 1.222031261434271876e+01
1.900430361357734466e+00 1.192570007662593845e+01
6.174832869613499087e-01 1.251085134475156124e+01
1.164807646627206150e+00 1.226023196629054546e+01
1.264672183185485022e+00 1.231148151361916909e+01
8.056026551517838641e-01 1.223951353876301518e+01
3.795479699205804303e-01 1.313232889720559804e+01
1.079579555463329177e+00 1.209743930776906495e+01
1.265314388270755819e+00 1.185216980299885314e+01
5.830611229252095074e-01 1.187894819883862496e+01
3.640017955645691305e-01 1.279147251150318176e+01
1.135720046961583574e+00 1.231233396262453184e+01
1.727916476151809100e+00 1.268462144522433377e+01
5.220188430604073559e-01 1.217147792431652853e+01
4.068416814993219277e-01 1.290829320065896546e+01
6.108111292668250147e-01 1.229568219894452774e+01
8.663609748006418920e-01 1.199026694092979817e+01
6.142840980611459223e-01 1.223195672461912231e+01
1.795725061934597466e+00 1.238181913474257101e+01
1.996401019504359997e+00 1.230645645518677966e+01
8.884023039271279343e-01 1.211543580499164818e+01
3.975623274951542996e-01 1.270464765863950340e+01
1.620759583453027952e+00 1.242418360601470084e+01
1.714567001420534531e+00 1.141054802791985168e+01
2.057731455002858922e+00 1.100861834301198527e+01
1.191171433172234284e+00 1.230409915181311931e+01
2.031353333942672368e+00 1.257971780309552123e+01
5.678698832250965722e-01 1.263386735632655622e+01
1.075902642994468028e+00 1.247020402323940935e+01
1.857379545954121802e+00 1.245223218014612954e+01
1.827858094018189883e+00 1.185676696885443526e+01
6.976081245928780206e-01 1.179572351349955817e+01
9.130292870353318158e-01 1.247630308252591824e+01
1.872463242552738771e+00 1.234197980204253220e+01
1.926008302043237475e+00 1.241889151146446579e+01
1.041486942415602579e+00 1.217075265464992917e+01
4.328065060480221771e-01 1.270641360525419472e+01
1.348628123275915192e+00 1.216638822618280535e+01
2.151128331424729812e+00 1.217284953255630597e+01
6.580853957184631398e-01 1.238022130204564597e+01
2.008463393386698659e+00 1.298501449291251397e+01
3.975723920216668317e-01 1.301693147721484323e+01
1.437099812118042053e+00 1.235520355563702033e+01
1.305052902459531872e+00 1.234369745844363209e+01
2.188531623266251280e+00 1.140271712608362087e+01
1.002762353347798951e+00 1.218631272573607305e+01
1.149736876271573838e+00 1.205902433874387292e+01
8.594517592429122832e-01 1.194698231682314749e+01
2.028922603002272229e+00 1.114315564628193655e+01
3.654421256735182477e-01 1.319242059116058208e+01
1.270565196996914725e+00 1.181483013382343294e+01
6.749697237636804736e-01 1.201895788137780485e+01
2.172848381704933995e+00 1.216743578237272772e+01
1.646195192928495921e+00 1.258346181787356421e+01
1.685206177559744445e+00 1.243455165569282350e+01
1.385019870525428631e+00 1.240736859159569505e+01
1.828593073998363794e+00 1.219186575415502283e+01
8.458250821757208326e-01 1.229381254924104816e+01
1.929038679957815416e+00 1.197123697391126740e+01
1.516275299321420134e+00 1.217477976864135414e+01
1.991204342896451651e+00 1.135919365858993935e+01
1.551100774500895119e+00 1.224156494684016572e+01
2.072795235032041106e+00 1.138632718871628668e+01
2.102364086941769905e+00 1.126544455328452621e+01
1.505016748833602813e+00 1.221485488287281029e+01
7.419135907001392916e-01 1.240483628231761237e+01
1.240709483502932642e+00 1.261715711260065476e+01
4.516115740082067287e-01 1.216564573198549404e+01
1.406425827271279072e+00 1.249929895798999624e+01
1.056410430708234927e+00 1.244980899533291563e+01
1.128814354279066512e+00 1.185848291996514270e+01
1.870593582370972285e+00 1.128211043168243677e+01
2.065637030926912310e+00 1.080418247135347620e+01
8.155780830634903333e-01 1.250697988885513823e+01
2.166774183851463143e+00 1.292414264114142775e+01
7.391085909522592257e-01 1.195285538495303790e+01
2.094110583508103751e+00 1.238787466912762802e+01
2.111785572808730471e+00 1.259592889973200336e+01
3.436870702382848197e-01 1.295421729274757361e+01
5.252810113308848949e-01 1.209374545538140033e+01
1.093645373785796515e+00 1.231543875475112060e+01
1.290548849587201730e+00 1.243646956045401808e+01
8.856533005462094987e-01 1.227951689145135283e+01
5.828959685853437600e-01 1.229321482787224085e+01
3.511115777343949973e-01 1.280606286934006022e+01
7.795793875921727123e-01 1.233425962202404236e+01
1.783209947043471022e+00 1.276008073052816982e+01
1.292307574568271500e+00 1.246880595708022099e+01
1.982905120095190821e+00 1.242072755209256485e+01
1.836597409091039301e+00 1.197944009689506117e+01
4.212733667660908399e-01 1.230968302706586393e+01
5.072449166759127603e-01 1.240430639476423558e+01
3.058470557522376398e-01 1.332778070250386371e+01
6.399458859699279634e-01 1.229079433051793835e+01
1.830188087390075768e+00 1.243930430665713516e+01
9.808308225915464140e-01 1.239148954520492296e+01
1.620582293025263798e+00 1.208615556112417266e+01
1.843495085960140445e+00 1.211611335165594916e+01
1.089391033744370629e+00 1.248371987196991917e+01
3.056104417117942451e-01 1.348193447732142936e+01
1.503542597289692528e+00 1.257652537182877950e+01
1.149044763601748675e+00 1.162281356318691294e+01
4.466146481548818326e-01 1.231924856631414755e+01
2.244322804796519577e+00 1.276710627142076859e+01
7.505252748011110864e-01 1.186819933176041530e+01
2.119864093755209122e+00 1.266011776158199353e+01
5.331140267660179344e-01 1.283985955586198280e+01
1.676471344051052803e+00 1.281720963667734736e+01
1.271103511502005068e+00 1.230762736718262040e+01
1.334225678990181629e+00 1.276003514573890030e+01
5.223963098615497236e-01 1.295873372747004737e+01
5.985448940693075537e-01 1.280735276460083405e+01
5.379182428930640025e-01 1.258709040142024804e+01
1.478867936827657603e+00 1.240243677839725578e+01
1.929937664349036464e+00 1.108423539338508412e+01
1.234773950249623109e+00 1.163625359903254974e+01
5.569083072553758784e-01 1.220671455580420961e+01
1.843100143151471748e+00 1.177150024429224473e+01
2.172832758302221556e+00 1.152010293691837894e+01
5.708297798416731572e-01 1.271867820601133658e+01
1.092864622732408586e+00 1.221491378607991862e+01
8.952056071380030122e-01 1.247807346431432940e+01
2.054621107743894726e+00 1.146418468784585798e+01
2.073734273185974253e+00 1.142675406422147688e+01
1.675110751551693422e+00 1.260590514905134896e+01
6.831169929849050249e-01 1.280074702151064336e+01
7.819397294712331359e-01 1.251989347490285276e+01
4.696836509509480506e-01 1.303072375644159031e+01
2.047667529969310785e+00 1.218223343505755274e+01
1.059150789149292171e+00 1.228536669920460866e+01
3.527110568762092946e-01 1.319968061517978342e+01
4.307152906988136465e-01 1.303354815478192030e+01
1.902415474455781963e+00 1.163992443576409919e+01
1.762466448673587704e+00 1.259298737698448534e+01
2.098184266496323502e+00 1.268097227250756021e+01
9.509532002277503171e-01 1.226985848341584351e+01
6.460715776537333532e-01 1.225803757076543477e+01
1.242454234973687566e+00 1.217556111310817357e+01
1.852080198988171222e+00 1.225010528048040115e+01
1.340887684647540823e+00 1.259607580928631521e+01
1.567018625762472306e+00 1.265274703184451610e+01
5.009902314559429026e-01 1.265898496525332817e+01
1.805844260489288811e+00 1.256598930832026006e+01
1.511615797222109148e+00 1.239407033556730475e+01
5.921541878087881461e-01 1.242966711210916664e+01
2.014235418253281562e+00 1.122867484775395575e+01
1.758841524084300723e+00 1.153955800513132068e+01
8.789326741632254025e-01 1.238439306555492081e+01
1.544468510993613597e+00 1.268988743622873017e+01
7.573911802138166838e-01 1.178864182268262617e+01
9.481673979657936346e-01 1.180509052516728374e+01
5.992839254213269129e-01 1.208553983173772295e+01
3.174127095656914532e-01 1.342520500853714971e+01
1.482392324047999921e+00 1.215423779194618881e+01
4.091625384441081037e-01 1.263190337663176877e+01
1.651755022329427947e+00 1.233440706475105841e+01
1.834067708964930876e+00 1.197253634794322075e+01
1.957745766388701014e+00 1.230514210438174949e+01
1.648729809232485355e+00 1.226154046778242801e+01
9.729367981233773000e-01 1.213922534040506918e+01
1.562821516516190501e+00 1.251144425946414529e+01
8.554265715649014279e-01 1.212197272411918192e+01
1.630675160665131296e+00 1.257926917013727142e+01
6.506906369671885404e-01 1.246010617842692447e+01
1.290047010375128922e+00 1.241950163595733692e+01
1.774053496277955499e+00 1.256363531680275614e+01
1.035802608581935846e+00 1.217406406013846798e+01
3.751791857066515412e-01 1.314992603162208873e+01
2.070308017317848748e+00 1.096404922133055670e+01
3.604805893659088767e-01 1.295260234330882021e+01
1.479394521000715557e+00 1.250257220187501339e+01
4.963253677645811934e-01 1.314422108836943437e+01
1.516800015245888478e+00 1.204685015871287135e+01
9.084787830264728914e-01 1.198981067686259827e+01
4.030697727622270521e-01 1.316905594550845215e+01
8.082269058840657605e-01 1.220634510134795292e+01
3.446913227894389253e-01 1.285838057152376912e+01
2.074430202083410446e+00 1.204399601659316410e+01
1.602748008256849488e+00 1.258887883567712684e+01
1.495817122048378245e+00 1.200268101169671198e+01
2.147844580832669159e+00 1.158415379262910072e+01
1.770939639397090204e+00 1.289752772888251187e+01
1.738931831645519344e+00 1.288006163494089407e+01
1.790805112915902830e+00 1.219412032069718421e+01
6.397673512427173304e-01 1.256309700743509516e+01
1.662556654017948388e+00 1.207697388944730932e+01
1.241796149848817699e+00 1.194742957233508029e+01
6.467884781624305690e-01 1.235529467756466460e+01
1.838178149963899832e+00 1.157501295312739842e+01
3.607852135548141326e-01 1.300970392882037885e+01
9.718750614048425884e-01 1.220815129495806595e+01
1.649069984252810928e+00 1.161028191760994233e+01
1.010731092270010123e+00 1.231339413753062040e+01
2.064203105667134164e+00 1.163580989377307162e+01
2.023340412987820525e+00 1.197552168639299452e+01
4.417704193141624991e-01 1.219267131685504602e+01
4.899802025092508395e-01 1.214781391998919347e+01
6.145218325126077241e-01 1.200113873268183617e+01
5.187944040978452742e-01 1.208583506197962976e+01
1.802859290855887586e+00 1.252895482891165635e+01
5.277964583982748259e-01 1.229709252668485497e+01
5.280765498205650665e-01 1.249377234572615158e+01
2.093664253870197722e+00 1.229915791961101590e+01
3.394421707182589398e-01 1.304577651553636386e+01
6.787832696729578785e-01 1.234349659892812312e+01
1.894602159748370207e+00 1.157817763609917172e+01
1.068559776435096476e+00 1.152657180612517962e+01
1.916233171892125497e+00 1.250256392136560102e+01
1.124278424972252388e+00 1.231486480310827325e+01
2.148118311100661426e+00 1.157672321761654644e+01
2.081063481827768236e+00 1.172515818061737392e+01
1.097208306622115215e+00 1.221403461286063141e+01
8.522009095126561462e-01 1.216280645908930147e+01
2.075182205326045803e+00 1.252631708160428481e+01
1.700731420118416493e+00 1.269241679092375108e+01
1.993201671336785052e+00 1.271136053935500598e+01
1.848992388104103934e+00 1.265329803049656299e+01
3.240283098931962535e-01 1.323856178112866644e+01
3.308718397163575853e-01 1.337113832222877008e+01
2.018140240558790488e+00 1.178839078429524356e+01
2.045918975189975786e+00 1.271241270555326253e+01
1.384334326032711004e+00 1.264795912119868859e+01
5.272415687278277918e-01 1.246308437452403162e+01
1.917438045522171564e+00 1.187912823351674163e+01
2.142083817780903843e+00 1.243017995696606093e+01
1.997122910298392728e+00 1.129488797153782542e+01
5.355751093920819716e-01 1.268473124273813823e+01
1.931003316512159396e+00 1.234239645304003474e+01
6.230160730056837348e-01 1.230690222933466060e+01
1.098825067984218640e+00 1.230823652646646416e+01
2.153654596468002058e+00 1.198888597018319402e+01
2.094529892058759390e+00 1.238155151942811649e+01
4.000745002077407131e-01 1.283918270035272613e+01
4.181771494241727782e-01 1.268924706325487506e+01
3.557034714422708799e-01 1.314218818907642472e+01
1.022782022853259143e+00 1.196942439878743869e+01
4.994424316703751088e-01 1.211795172330113779e+01
5.331543872708072174e-01 1.209423328418700549e+01
6.431017087433223978e-01 1.199193550843117251e+01
5.708732689676080385e-01 1.219860852967487475e+01
4.199840228752663163e-01 1.260941833083639452e+01
2.070938725947356840e+00 1.200173277367018443e+01
3.538083994083042194e-01 1.322415747126296637e+01
1.997877358681853899e+00 1.148885919458021121e+01
3.725246001119948414e-01 1.298978920185406238e+01
4.863283412419650564e-01 1.240363507076472516e+01
6.685417445678359938e-01 1.206272418685749948e+01
3.484805105178360174e-01 1.305062437365890915e+01
1.979723576220420167e+00 1.261891000495258908e+01
1.983148137679935585e+00 1.235102486068655914e+01
1.934200571198104734e+00 1.236421563831155801e+01
5.719929537607781889e-01 1.252777036131783106e+01
5.533112243130996477e-01 1.219047015181101834e+01
2.097999051844526619e+00 1.049348160788378692e+01
1.317660719659086155e+00 1.209321051126457292e+01
8.346933156468557824e-01 1.185479057353702181e+01
2.144517740421030272e+00 1.194414126024066469e+01
7.365533775385929571e-01 1.242080362491213918e+01
1.731586009569448414e+00 1.249732136766554014e+01
1.848966365453520888e+00 1.175171967739565737e+01
5.875555968302962340e-01 1.279667649875860747e+01
1.142082313133477411e+00 1.189124487546517983e+01
1.182713454525085917e+00 1.213423197379151119e+01
1.212017309267185317e+00 1.214438892013006921e+01
1.107494651289147924e+00 1.181489395230534889e+01
1.154882572366508375e+00 1.183083173660298648e+01
1.664236410085802254e+00 1.273517822170667380e+01
6.042998669864044770e-01 1.279410034773254523e+01
4.144737192939064729e-01 1.309565055370081055e+01
2.184896102408651064e+00 1.150022297010789707e+01
1.933858020172479986e+00 1.179081176566292477e+01
3.893026430258277881e-01 1.263263939495933030e+01
2.046367143782335418e+00 1.145551231865972319e+01
1.778093550627778852e+00 1.193312584780444219e+01
7.309023157977392327e-01 1.165897459495206512e+01
2.131601255698027941e+00 1.180634890187876529e+01
1.703191511578437733e+00 1.203149930905711784e+01
1.316585831985680244e+00 1.230061626010102849e+01
9.387206919386400505e-01 1.204958851261177344e+01
1.436772939238648128e+00 1.210905702151251440e+01
2.128567961880309944e+00 1.178360624293965309e+01
4.189929789039075203e-01 1.316286661877173714e+01
2.017252481114937712e+00 1.148838910448506745e+01
1.369079263344743724e+00 1.256804143664072981e+01
1.474408001128343360e+00 1.263244536653521877e+01
1.910508932382703140e+00 1.231395355262776903e+01
1.909379571851325563e+00 1.199336182519763483e+01
1.741665406038650055e+00 1.211586789663389041e+01
1.196122283075557569e+00 1.212492388537467924e+01
2.085636581149374447e+00 1.248646991373930604e+01
2.170020661162723297e+00 1.144197648440803938e+01
1.628286955785423373e+00 1.227221730505053188e+01
1.501983375719147862e+00 1.207387803299410223e+01
1.053567349747818405e+00 1.221516720459281657e+01
3.717050759938819171e-01 1.294581587357073538e+01
1.821585956882148860e+00 1.179873564021929688e+01
2.006936176714286812e+00 1.169631348305042984e+01
1.396177965187902270e+00 1.164932739377359461e+01
6.629908242175173161e-01 1.269659357361340923e+01
6.908464973730911174e-01 1.213242358350900396e+01
1.619008412659726615e+00 1.179966500945864638e+01
1.360051320019765697e+00 1.251789206328566806e+01
5.268550911002927162e-01 1.189508676728788750e+01
2.037936635765892124e+00 1.135277734497111091e+01
6.361465783091307946e-01 1.207453187499385550e+01
1.670415117150186868e+00 1.207265992248756525e+01
2.043400685706236786e+00 1.017505867523934704e+01
2.038693049745626595e+00 1.022971029446769897e+01
1.397604567055018787e+00 1.239837120098180101e+01
4.770455148200507534e-01 1.258848000756074015e+01
7.025551527749219760e-01 1.228294455953421505e+01
1.041007374808992081e+00 1.218769983884751973e+01
4.373853494101375694e-01 1.252532721542156047e+01
3.603905922730918920e-01 1.307554567195653661e+01
3.565424086552300698e-01 1.284498387285227672e+01
8.096300086085659320e-01 1.179849214464544360e+01
1.225329046265153821e+00 1.207116791353666052e+01
1.331312959175230848e+00 1.249416693146060631e+01
4.404483894677492795e-01 1.267631840478710359e+01
9.015650637491645636e-01 1.214275104114205028e+01
3.482877608903037214e-01 1.321407035799366270e+01
1.319610287440604823e+00 1.215956451875717548e+01
1.073902454839292364e+00 1.209291352073908499e+01
5.357822452311332695e-01 1.235355086005021796e+01
2.071851347338580673e+00 1.235237544378995622e+01
3.605594155402984113e-01 1.294286536361186535e+01
3.997509208821529714e-01 1.265440517780785434e+01
3.965117932465998529e-01 1.313960728412496337e+01
1.403470552526671522e+00 1.262311172414204563e+01
2.147475966176039197e+00 1.260491305322549316e+01
1.800888577659092382e+00 1.261203395302943875e+01
5.610090209733363809e-01 1.222877169475662562e+01
5.234644547440969742e-01 1.229857226124254765e+01
1.693116178992626342e+00 1.227594989556259542e+01
2.010832219986953273e+00 1.100890837835110503e+01
1.936274151838775381e+00 1.123897988349182064e+01
1.749871090289623510e+00 1.288350836930570509e+01
1.287289610858759037e+00 1.233592409630736597e+01
1.762233852105307363e+00 1.184870581608739215e+01
6.705891616948794764e-01 1.210451505017173979e+01
7.743377985274505493e-01 1.219113917563153748e+01
1.568872630796798839e+00 1.184133075103516042e+01
1.036922424824620936e+00 1.255642102867436627e+01
1.172567098066268132e+00 1.255970228520001442e+01
6.286760566724286514e-01 1.248711653227998220e+01
1.148117384217854031e+00 1.248913758519978323e+01
8.293423794493560708e-01 1.232271753815807180e+01
1.367830140385137172e+00 1.245056673124992130e+01
1.363697205530173706e+00 1.184114138472491362e+01
1.108521072119134310e+00 1.238696426440723286e+01
1.028421545051369623e+00 1.237333884187388300e+01
3.723865397438022584e-01 1.322195578840709906e+01
9.184589191043857070e-01 1.238643446685905758e+01
1.664295491743188027e+00 1.215632688391596261e+01
1.006136046024526109e+00 1.248536866198282880e+01
5.014067372891981567e-01 1.256884321954440509e+01
1.531265418106977805e+00 1.263530368484635780e+01
1.366759712988901310e+00 1.247044617880847284e+01
9.712053656992770678e-01 1.228146576529380596e+01
1.389797335627735331e+00 1.235025414651634712e+01
4.541177786037276509e-01 1.217566115453973907e+01
1.346777386896381490e+00 1.214956525572251600e+01
1.908804714232081201e+00 1.262217665888591434e+01
1.584237123356193822e+00 1.254496847706738549e+01
1.018211181242570706e+00 1.217550171581739171e+01
4.745361090295815987e-01 1.309023650085123869e+01
1.709243264459569867e+00 1.204630679716638930e+01
1.033425503732381623e+00 1.195715642038622839e+01
2.013086747004201538e+00 1.110375235397659388e+01
2.035326542331034716e+00 1.101614484161476604e+01
5.436331962637092063e-01 1.274396588230529126e+01
1.076664378612318229e+00 1.247530330005740495e+01
7.928259461208374548e-01 1.207120375507564702e+01
7.341269553047250485e-01 1.207291413316446516e+01
7.182422475625047653e-01 1.235366076489502873e+01
8.563643243597990340e-01 1.208590875723150582e+01
6.657394343828112460e-01 1.214592269281294357e+01
1.202415889595411125e+00 1.200754091009179092e+01
2.026242555757066466e+00 1.279271052334224734e+01
1.685319212024686042e+00 1.273807736378503819e+01
6.236564758428315702e-01 1.243553397008321326e+01
7.498539212019641464e-01 1.220685432867500708e+01
7.280158184405929322e-01 1.277067279160475799e+01
6.023767960709787150e-01 1.291893543391844013e+01
2.118640667583327364e+00 1.224527995804206881e+01
7.531440222017002917e-01 1.204579788831255449e+01
2.057365605653831864e+00 1.211040321049341451e+01
9.151187456732562397e-01 1.183898828820392879e+01
1.390657057917568107e+00 1.234329681917229671e+01
1.190737645461453997e+00 1.239038703904156158e+01
1.623887812305174982e+00 1.230680291948245753e+01
5.663863085734833769e-01 1.266860798140449518e+01
2.172743290369352209e+00 1.276699219562886789e+01
9.477214451681635898e-01 1.203997479849980401e+01
1.813525927068931898e+00 1.222654359894584886e+01
3.616272872230676394e-01 1.315088678102118003e+01
1.166301547051947551e+00 1.233773793237061511e+01
1.598482473032089013e+00 1.252229890290772474e+01
1.873021286082345638e+00 1.247584087076963222e+01
2.058815920509632136e+00 1.274280798358101485e+01
1.875007048052957925e+00 1.197508861258141444e+01
1.510624048475698089e+00 1.224186214343401780e+01
1.979869035995808435e+00 1.246051304510594271e+01
6.264632639232856626e-01 1.235312312472824026e+01
5.782652740694129712e-01 1.243147836117962157e+01
4.345490607055343402e-01 1.262517701594386921e+01
9.284849147106665201e-01 1.214067104864667890e+01
1.520249684363401688e+00 1.269061788138516178e+01
1.023429977257537926e+00 1.248832634229896854e+01
1.578895360676599857e+00 1.250845901059141774e+01
1.819944119755070977e+00 1.214677954274864113e+01
6.059251749649313679e-01 1.209451778163569102e+01
4.816954568451876084e-01 1.265072853606356063e+01
2.192944409373015269e+00 1.149361321435833538e+01
8.952773280040455806e-01 1.207065275415112104e+01
1.406581755936238798e+00 1.239124881747479279e+01
3.376605488375645225e-01 1.331747059835233671e+01
1.459934134769366176e+00 1.262071363961757164e+01
1.678552776571543337e+00 1.267327447370508686e+01
6.561837514840508367e-01 1.238955203927970494e+01
7.473820980385113000e-01 1.243272881609965275e+01
5.123230447731100812e-01 1.276057925830240158e+01
1.443254896582805813e+00 1.243367271478727965e+01
1.578353933429918143e+00 1.249101687833753616e+01
1.474820391334339176e+00 1.195204341696984862e+01
2.018804416546127634e+00 1.208890010976427654e+01
1.283342384076165743e+00 1.203330883247464023e+01
1.606712895208588288e+00 1.230854938715537017e+01
1.861411959363287849e+00 1.139363072059070703e+01
1.963761220845124056e+00 1.118755241748876905e+01
2.083747838317304257e+00 1.140271515972817262e+01
1.571265943025133671e+00 1.275708078979028315e+01
8.426691862304828140e-01 1.268582888345914839e+01
2.104364208317607066e+00 1.246237554796148039e+01
1.703913477087936057e+00 1.271288640511516554e+01
1.132401647608064499e+00 1.163456651026127631e+01
7.691900681959435992e-01 1.253122988117819503e+01
1.212682462590054078e+00 1.212996526138209319e+01
1.529921844665117714e+00 1.226871849848241069e+01
6.571204318692577262e-01 1.187212174667864950e+01
1.714184939656826501e+00 1.230590931295821022e+01
1.342532609578003244e+00 1.236796629381779766e+01
1.237699222117607301e+00 1.203217919772339961e+01
3.877656609761428452e-01 1.317407428915617906e+01
2.233690467085955422e+00 1.176765952654259983e+01
5.659490774671070978e-01 1.254001662890868296e+01
6.427037300158899846e-01 1.217952893222343569e+01
1.654591015952825872e+00 1.231314561284331610e+01
1.884883009954244182e+00 1.228427345326814724e+01
5.209717476855486584e-01 1.205161582606652004e+01
5.124451479466360926e-01 1.198539900248389500e+01
1.998562428010212777e+00 1.253485742667792380e+01
7.809633614576830807e-01 1.216926446673827655e+01
1.183843074700548170e+00 1.235962964457653257e+01
1.396523898758464277e+00 1.265233104894776517e+01
1.290592039183340090e+00 1.263349338645604192e+01
1.102081265073526550e+00 1.250667778716297818e+01
8.535615884705273215e-01 1.239514210385721427e+01
6.247067912669592715e-01 1.253151727142447669e+01
1.081723537500006049e+00 1.249886483082686262e+01
1.924559179545883625e+00 1.216209716885650494e+01
1.155239665120126435e+00 1.202511015885351853e+01
1.305783694617991708e+00 1.243596517900649445e+01
2.140970015775721436e+00 1.178039863060114278e+01
2.057293717804773436e+00 1.289016637776134111e+01
8.101888166416088000e-01 1.227308026408084984e+01
5.571740814788929130e-01 1.247068746018133822e+01
5.727486993890570366e-01 1.244503421219764583e+01
1.419820419940759360e+00 1.223440445939904109e+01
5.333702650593848960e-01 1.258974088301856931e+01
1.495016783314564002e+00 1.263285701943642003e+01
2.038070940504713491e+00 1.288560493535002038e+01
3.909490084461287873e-01 1.304262974314998225e+01
4.626102038664449689e-01 1.263724288480405988e+01
2.108001907402171415e+00 1.263094594722893582e+01
9.381743665946629118e-01 1.196982302878038062e+01
1.057750545952265364e+00 1.210868405231506095e+01
5.417084515297876379e-01 1.221853275062457378e+01
1.212991990901745254e+00 1.253262567584658527e+01
1.465977219914582852e+00 1.270638579958853143e+01
3.314507156227269880e-01 1.327404533494023653e+01
1.458869385774770988e+00 1.233485793908863748e+01
6.083631237011650761e-01 1.272820654419702180e+01
2.148278447231022348e+00 1.283193467314966085e+01
4.620135851752302236e-01 1.240933948201531578e+01
2.037232136048231279e+00 1.202603983818614886e+01
6.406097096174269145e-01 1.224304307847306639e+01
1.349505905973973352e+00 1.186346782817034828e+01
1.877553097281673633e+00 1.165584091454346982e+01
1.904949564222296887e+00 1.263295015145619438e+01
1.374562342983690177e+00 1.245514795293466648e+01
4.959832196681736027e-01 1.244262752358638302e+01
2.111892511346978196e+00 1.170369807201774393e+01
9.083686016997948309e-01 1.188787484867743949e+01
1.003995727144340933e+00 1.211121825380045713e+01
1.300639209058929602e+00 1.217620697513598316e+01
1.123393076650663014e+00 1.236631112467955518e+01
1.929506095199740923e+00 1.256636253219349264e+01
1.050021429064881717e+00 1.214307033407389014e+01
2.041881063841897603e+00 1.284734228746993878e+01
2.070114567785410031e+00 1.285461487780651346e+01
1.856237758992754561e+00 1.260146878374266599e+01
3.403935353870186087e-01 1.320079120769447023e+01
1.935552541685320760e+00 1.144982292593637929e+01
6.818552243703532856e-01 1.185827353500209114e+01
7.777525124979935978e-01 1.192646270585128576e+01
1.952604125485932540e+00 1.282935391510574696e+01
1.922500125192187825e+00 1.244246090672202598e+01
9.330257835112528708e-01 1.260456302912330528e+01
6.348833964590504531e-01 1.203463607525415568e+01
2.011208617178965596e+00 1.227915107225054392e+01
4.065336676055968934e-01 1.258727057895599089e+01
1.434004812283501851e+00 1.245952071328377997e+01
1.767939304671842349e+00 1.267515939959148596e+01
1.234884810419430101e+00 1.232095844391577621e+01
9.787388777623853287e-01 1.218866885449891946e+01
1.120344996217165656e+00 1.219222889253882869e+01
2.216480930550248196e+00 1.198174015419816385e+01
1.283408692283856567e+00 1.253417519905572242e+01
1.756404131444095462e+00 1.124348339064114732e+01
1.777769147921213655e+00 1.207752185453333382e+01
4.482054554610207520e-01 1.229041272078750247e+01
1.656985926337062986e+00 1.171762507570078604e+01
9.898286296033290688e-01 1.197256461430959007e+01
1.486693302457857246e+00 1.266981369060949270e+01
2.136567563186675400e+00 1.255047367401598102e+01
4.738402930348519781e-01 1.244505774636302320e+01
1.603223313674722039e+00 1.224814961120926959e+01
1.455362184342471554e+00 1.255420274033397376e+01
1.048659914756018940e+00 1.189793822352927144e+01
3.973242016895238704e-01 1.278841166831563214e+01
3.772672981956281535e-01 1.292857961437562331e+01
5.544798498472268689e-01 1.216439558611348204e+01
8.876904876252211807e-01 1.216103777151155008e+01
8.184733806613285756e-01 1.216090707995810227e+01
8.055380306717607741e-01 1.192290513515492378e+01
1.668763038090884221e+00 1.213524709336024898e+01
7.547856804639333506e-01 1.254453416724270376e+01
2.180894793320075298e+00 1.237625462385880226e+01
4.044092333955954244e-01 1.243785055831919273e+01
1.725484386489343658e+00 1.243937497045716967e+01
4.624471612676104293e-01 1.279912838099854788e+01
1.378087303002839548e+00 1.196263796383196265e+01
8.427005318032286807e-01 1.204186121808146659e+01
1.978723942363973309e+00 1.150342826060570545e+01
1.987037489892494735e+00 1.143710934022059966e+01
5.750033083484364926e-01 1.213837224306455731e+01
2.056870734423739577e+00 1.242243202252486789e+01
7.624941215351727086e-01 1.198585527216024538e+01
1.594732552541948012e+00 1.194338473015864821e+01
1.356434533235387541e+00 1.273117463460073040e+01
1.950738695694965497e+00 1.259987252057137930e+01
1.553915723343778366e+00 1.260644238559545549e+01
4.505982350782468671e-01 1.302717000968937811e+01
3.909281617398006059e-01 1.279868400839704989e+01
4.273623484514730286e-01 1.258782832660423345e+01
5.101906582052335715e-01 1.244452549068350855e+01
2.223770604239809323e+00 1.237695383031600649e+01
1.582214378155535783e+00 1.277546907295908518e+01
1.724080867107143922e+00 1.228877135080277938e+01
3.991882046857507249e-01 1.310936790041583855e+01
3.712597574009540158e-01 1.318355444291946910e+01
3.703499135599398473e-01 1.319094199578094617e+01
5.918236401629598520e-01 1.190293115280061187e+01
8.084493982849367821e-01 1.208552268441433064e+01
6.464113568824414457e-01 1.231885378772366124e+01
1.798335220286882752e+00 1.265032718456047967e+01
4.150849241162479775e-01 1.231978382512730796e+01
3.919210565952285785e-01 1.245116009694508996e+01
1.838836275494406314e+00 1.278526170324717626e+01
1.788355924639960737e+00 1.275739371781751252e+01
1.419225308321218737e+00 1.246182765637333745e+01
4.911154464855104762e-01 1.211959638951295481e+01
1.650933162361962525e+00 1.251317827908316893e+01
1.881006951214816425e+00 1.220538370536291950e+01
9.389177813588598376e-01 1.212639514283911524e+01
1.783106780695776550e+00 1.274068346334568069e+01
8.914471731596731452e-01 1.263450238021825989e+01
1.991275021668498679e+00 1.196134906302009071e+01
1.434171756168372225e+00 1.245763532307398691e+01
2.026030790006887905e+00 1.174940103254173174e+01
1.780197524242717932e+00 1.184507059992514932e+01
3.246685290667094548e-01 1.311219179167019000e+01
1.680981120746066093e+00 1.253976966065222776e+01
1.811145960395616150e+00 1.260893230109413388e+01
2.023968741891470469e+00 1.241876876168297095e+01
7.485724984457843290e-01 1.254232995801918449e+01
6.090380739837921720e-01 1.266969096033828635e+01
2.139878677809473828e+00 1.215458867512541552e+01
1.399117846900023165e+00 1.258615887291701085e+01
5.846430322185028894e-01 1.236095076235432622e+01
1.124955425663864528e+00 1.244898548327415178e+01
5.092544390546969169e-01 1.206280591124638413e+01
5.382138815262854648e-01 1.201170982188229175e+01
5.078593603460088701e-01 1.285834588803091272e+01
8.758982676548568991e-01 1.217180906724170519e+01
1.480894191960061557e+00 1.224369191448199068e+01
1.202975632298006747e+00 1.221424475738252902e+01
7.527487184963392863e-01 1.201485913996609867e+01
1.181694817834128886e+00 1.192977864603152582e+01
8.020608282654728693e-01 1.181908500786145844e+01
1.334756907279027738e+00 1.206447207811431532e+01
4.582550118586677934e-01 1.230919608612173199e+01
3.661516172606811281e-01 1.272936093998217899e+01
1.087679236191757104e+00 1.191359064191533790e+01
7.209393652345352788e-01 1.189203012108073843e+01
1.133127985401383597e+00 1.246164864499651159e+01
5.526264192879222215e-01 1.214975117421175810e+01
4.627162612173953971e-01 1.226893760760746233e+01
2.101774115395468545e+00 1.214069406556716224e+01
2.084588950443095001e+00 1.221751769210618654e+01
2.200058422288686977e+00 1.214591700190913670e+01
4.052859727440958348e-01 1.301390008288626632e+01
5.436490718142317213e-01 1.228322672525552406e+01
6.540082988692084154e-01 1.217361699585778112e+01
9.627924299381539486e-01 1.225411520852577851e+01
1.751402559190511798e+00 1.179318821957068053e+01
8.521986368221428076e-01 1.201820973905356205e+01
1.241850311370147342e+00 1.221968289695599630e+01
1.390897849876610248e+00 1.208732073657828998e+01
3.355953780124107388e-01 1.301773978204834314e+01
3.401824956529235777e-01 1.326133559891322911e+01
4.389281179944863331e-01 1.256028174286795718e+01
4.826150712984323965e-01 1.238860137955346907e+01
8.282845589175891199e-01 1.204348960628870913e+01
1.267198182493859404e+00 1.208989187220305439e+01
1.237127753884671444e+00 1.216072400804055142e+01
6.322712155020236979e-01 1.189616590028111354e+01
1.207289529308157139e+00 1.199263990226811671e+01
1.559780493564531856e+00 1.205151475001528105e+01
8.869132102564103448e-01 1.221293669385141456e+01
5.820347878392292396e-01 1.214551699693714326e+01
1.106697087690860393e+00 1.221958559331722149e+01
1.887432455293492906e+00 1.239133618312500928e+01
1.974249258469799040e+00 1.231264453199496778e+01
7.273258939511432208e-01 1.277944399752260196e+01
5.018236337777397527e-01 1.311143918285399046e+01
2.025047800400410214e+00 1.245750136975811095e+01
1.827993913417951033e+00 1.243736503245666647e+01
3.681085196550393790e-01 1.290982690806703026e+01
5.463568930533616586e-01 1.243965270965611403e+01
8.376801694255417985e-01 1.220568042553533772e+01
1.042894349297926126e+00 1.227548291899582900e+01
4.884806046892272158e-01 1.272855982894610349e+01
2.004284485410372518e+00 1.232732700323473018e+01
1.600557388152897387e+00 1.246645805928859829e+01
1.176609199383480631e+00 1.228468684599545568e+01
2.132455717367856884e+00 1.268503058918767223e+01
1.029448402369916860e+00 1.262904828023010140e+01
4.120047375900024456e-01 1.234671507881641439e+01
6.626839205197462279e-01 1.173056671039399390e+01
9.040748634659908634e-01 1.211618044033821384e+01
1.077959846015949852e+00 1.215691606818897874e+01
3.845910745255488039e-01 1.318986139334277929e+01
6.576906249237278734e-01 1.228489126365931305e+01
1.432439877208060652e+00 1.211091829078354465e+01
1.017425715276544906e+00 1.179384410340852263e+01
1.898192279441325292e+00 1.239078037941687960e+01
2.986677943405500191e-01 1.354379496405435290e+01
1.468010723875112111e+00 1.184259554010825610e+01
1.300812472090784766e+00 1.261560061177937264e+01
4.249925759993926633e-01 1.301416314251986606e+01
4.586363786293205513e-01 1.236653849912534930e+01
9.527687930091307544e-01 1.209997087408617666e+01
5.551195096632726145e-01 1.270632925959601245e+01
2.024656229595325652e+00 1.215037864689519687e+01
4.856563785699149483e-01 1.212634035043885028e+01
6.117947661168158247e-01 1.191456244432257527e+01
6.287765397452919069e-01 1.183261724465595144e+01
8.559580977770194776e-01 1.245608482744567169e+01
1.051111819415499138e+00 1.205303287583150151e+01
1.654670734072702931e+00 1.238704717620308671e+01
3.914623534983737718e-01 1.275295100634078516e+01
4.305814486228736748e-01 1.278336624992316573e+01
9.996997131807392467e-01 1.229602594677482763e+01
2.987267570328979716e-01 1.353474868877657045e+01
1.013481688531690184e+00 1.194115525584981263e+01
5.472253270427823724e-01 1.233153243365180707e+01
3.509927055970445964e-01 1.325881386241658788e+01
1.397418597223857528e+00 1.256043530554362775e+01
4.034029361744737030e-01 1.283609315304701681e+01
7.372564913877011072e-01 1.185675518651129146e+01
1.391542774076256039e+00 1.202303573141502646e+01
1.969484904481760168e+00 1.222309692564509298e+01
6.717935410940217844e-01 1.218981026713968951e+01
1.908743224299776831e+00 1.209214605128491726e+01
1.886488045936814295e+00 1.209654190798328521e+01
1.914576403473845945e+00 1.208759611667986711e+01
8.689808414933862801e-01 1.205386559569618043e+01
3.940146246759456683e-01 1.316730220920756445e+01
8.200848255095382067e-01 1.221785793190388070e+01
5.112837279641417876e-01 1.262187880843531040e+01
1.068632417625748898e+00 1.196839435508840488e+01
1.575328323241325545e+00 1.239600099704516367e+01
1.872515326006898739e+00 1.226810554989517144e+01
1.565276165793766605e+00 1.240241139228581524e+01
9.798028993132809061e-01 1.205460127698452055e+01
8.292397901914380087e-01 1.197900300427483700e+01
1.968597186739399429e+00 1.142721843039916862e+01
7.423371960364738564e-01 1.222697061166896404e+01
2.280288158360619821e+00 1.200965199331578326e+01
1.847916017795052435e+00 1.239867228798831889e+01
1.981146398645798001e+00 1.150716061286391501e+01
1.368015582850446776e+00 1.183979797532140132e+01
1.423801467225769501e+00 1.218802923224934354e+01
2.122491782300518270e+00 1.172806622419252243e+01
1.071586035763619993e+00 1.235688781270296133e+01
2.234716141564079717e+00 1.227069292674848811e+01
5.704277183908725846e-01 1.206979921914493659e+01
1.220998153664795804e+00 1.223605296397232145e+01
1.071482491089709388e+00 1.248616016884410307e+01
1.534203200140857204e+00 1.251694431556102671e+01
1.443705990739055034e+00 1.215455903356518874e+01
7.421818286358828898e-01 1.187433132214536968e+01
2.016377534087429257e+00 1.259571073040321743e+01
8.137741155853800423e-01 1.227447939647500164e+01
6.392730350231359271e-01 1.233508044157614236e+01
1.424851919749603457e+00 1.151623930239697913e+01
6.010195182355916321e-01 1.186686293272080128e+01
4.983728522154137752e-01 1.245612870469801159e+01
7.247493198005020565e-01 1.222961156004493510e+01
9.773782436900702031e-01 1.219679811457919349e+01
1.000576967461399347e+00 1.241168512183043582e+01
2.009812209190243948e+00 1.282732395158031657e+01
8.087167907698050717e-01 1.222581056852587089e+01
4.587229971970872011e-01 1.260303380042294030e+01
5.291296518805606031e-01 1.211470635619805591e+01
1.041768065708704061e+00 1.189307537122769531e+01
1.674421043619952698e+00 1.179825292287064542e+01
1.890039450666801679e+00 1.160992394329766242e+01
1.800452664403465075e+00 1.259021744857982661e+01
1.608478744767175561e+00 1.266620639562403383e+01
4.173293168433076517e-01 1.258412940441285421e+01
7.814049558633721082e-01 1.189516588019869481e+01
4.991612921399832814e-01 1.205446763744198435e+01
1.088933277493896457e+00 1.172257515343298628e+01
1.473880185290355138e+00 1.229912666255044051e+01
1.353665064176309940e+00 1.223130978087538168e+01
4.137041243304560578e-01 1.253118822096227625e+01
1.657485812331882302e+00 1.206887350936594672e+01
7.566569198469950130e-01 1.227019586405232587e+01
1.685850036286126841e+00 1.187611501407971559e+01
1.858741778908376663e+00 1.178301210244453756e+01
1.067892571353129316e+00 1.205687037993692989e+01
3.397862724910798993e-01 1.325440452352381726e+01
1.627338264901400988e+00 1.283487048806514075e+01
2.096375878297053852e+00 1.259892020062002338e+01
1.271539858315962723e+00 1.226172936956422710e+01
5.260026708568403819e-01 1.296127013718120757e+01
4.030425495115504408e-01 1.263912748815795872e+01
1.368625073301248385e+00 1.250249944156525395e+01
1.979516347252631592e+00 1.137229922655561687e+01
1.010773595192818952e+00 1.220197963406419994e+01
2.043574542036664887e+00 1.094834899118357363e+01
5.049021973162347576e-01 1.249288629625543656e+01
1.957074181045875605e+00 1.262356884528744061e+01
1.809263886266282650e+00 1.259937465885871077e+01
5.130083272670390437e-01 1.290507821230952601e+01
5.424480286010184837e-01 1.223832182666173907e+01
4.525895988869024222e-01 1.248255121236647192e+01
5.476586038723718630e-01 1.204447025099667989e+01
1.529824291798823621e+00 1.186746457081594919e+01
3.953768608920575911e-01 1.300793404962048427e+01
8.654303453244218680e-01 1.226699938031680581e+01
4.708089426090223406e-01 1.259524286892639289e+01
1.669768732012124834e+00 1.268881875880040155e+01
1.444441651490666167e+00 1.257954261448361244e+01
5.742241010433981607e-01 1.199431140673993923e+01
2.160409110938762645e+00 1.250141451573832896e+01
1.742557951758607171e+00 1.223035105059747174e+01
1.971906950026861560e+00 1.249706486037202602e+01
1.132439538771386145e+00 1.223674790394051293e+01
2.182771569534405209e+00 1.146220763867104253e+01
1.737939956783944639e+00 1.253734715905191521e+01
5.358388630813009090e-01 1.223664229128146808e+01
1.589208083704500840e+00 1.232544706590443795e+01
4.919288078870820424e-01 1.270725527789083742e+01
1.482681135883335166e+00 1.256395042541304363e+01
2.084160826119976662e+00 1.241777461311724551e+01
6.503532473167998873e-01 1.183210061642664179e+01
3.947487411640582811e-01 1.296149246992568216e+01
1.276022260194502156e+00 1.242737032701625033e+01
4.167044334551075480e-01 1.235660297917721806e+01
3.786162509258926279e-01 1.319771083227938213e+01
2.054029669488780740e+00 1.241673974799366142e+01
5.755390445894105200e-01 1.202770030314311001e+01
2.101004825188162783e+00 1.184575533060159458e+01
5.579922728066104565e-01 1.296353524642937138e+01
1.594337787162407150e+00 1.226251402562140314e+01
1.989639503306723123e+00 1.281898499521434509e+01
1.497812201161875079e+00 1.260352529961676282e+01
1.253913589919988691e+00 1.239253329376974833e+01
9.014025859751015890e-01 1.227478590072908737e+01
8.713216529601951477e-01 1.230402339415898716e+01
1.986629500951827776e+00 1.267728438694938831e+01
3.651422237386020009e-01 1.274537999989489023e+01
1.196187408467152880e+00 1.216313630429042725e+01
1.574886587304609620e+00 1.273407833346287887e+01
1.687777599287792141e+00 1.238617605680544465e+01
6.463793187859284695e-01 1.231969351870949403e+01
5.546061693026851369e-01 1.244563113487244266e+01
3.843405072036406023e-01 1.256300282817332281e+01
8.956636319361019893e-01 1.233985433092853690e+01
1.280732681107857873e+00 1.259156713110196790e+01
1.134361162158531888e+00 1.179223026366734395e+01
2.138766671531201702e+00 1.164500238396093756e+01
1.386216076947157205e+00 1.229111467469204655e+01
6.903208558789855065e-01 1.180856517172975551e+01
1.289909150788027814e+00 1.172365096436506526e+01
4.367375197124737096e-01 1.255380373279130524e+01
1.045236601885694894e+00 1.212286557526994457e+01
1.574945209464111429e+00 1.204992501132469584e+01
6.747221637231507474e-01 1.222575882664599867e+01
4.322911486419782623e-01 1.240085274224175649e+01
1.851388694954222203e+00 1.090830161907386753e+01
4.434946576083639846e-01 1.267146478343505400e+01
2.076651596858460014e+00 1.180957919726212779e+01
2.113240710830363245e+00 1.173924677893080037e+01
1.732301750205254232e+00 1.215092594099655088e+01
7.789364774424707427e-01 1.209414673936596607e+01
1.318947331309511917e+00 1.228080855125112514e+01
7.825051747223698007e-01 1.187801406332387977e+01
6.127048377762231990e-01 1.192037665147023517e+01
5.298889801647760356e-01 1.213532034759805711e+01
5.669923685953496273e-01 1.206042061170719748e+01
1.970962065571524757e+00 1.257048222174124241e+01
1.268918512185630787e+00 1.219344890463974806e+01
5.044083516137439771e-01 1.302184112155911677e+01
3.800216270589482637e-01 1.309157781590186609e+01
3.851343553950512533e-01 1.305334840602260726e+01
2.046872817229261621e+00 1.160653783737401668e+01
1.164364485772331426e+00 1.189462309254088268e+01
2.050815904758966468e+00 1.190616792049316075e+01
1.242840192936105481e+00 1.213712879293447422e+01
1.577498669932953401e+00 1.231357783328656552e+01
1.546257952621532317e+00 1.230476924664646177e+01
2.003809474282671754e+00 1.281078914439214245e+01
7.993124993637490405e-01 1.245826105646544413e+01
1.210531195001916416e+00 1.231321195096909804e+01
1.357756104266859776e+00 1.239799628339047821e+01
2.127129891209732726e+00 1.150016761544662280e+01
7.846793000998684153e-01 1.199819133817248051e+01
1.952442665693668866e+00 1.239512090867285465e+01
9.707612051851611801e-01 1.196824991814662020e+01
1.898399745395838334e+00 1.272077931925657879e+01
1.985405963873467572e+00 1.169198728765949191e+01
3.426564882731255035e-01 1.312671999459877803e+01
5.382502285042313206e-01 1.210087735751177718e+01
1.738154098441482498e+00 1.237888374919386969e+01
1.447459200557967618e+00 1.236558166938258729e+01
6.714890871750303081e-01 1.192146819896976240e+01
1.866743752536337508e+00 1.185417928656569053e+01
1.708641631152432616e+00 1.258614335325394329e+01
2.149149588635326680e+00 1.223142628600553650e+01
1.952027477183131632e+00 1.204226270500117479e+01
1.413297446142546265e+00 1.203471743147638406e+01
9.015365163078128408e-01 1.231919947302764484e+01
1.306060669546987629e+00 1.247853109659303250e+01
6.170443309266079313e-01 1.181092964724373040e+01
5.511878932545721810e-01 1.230097293229588296e+01
3.022122234757362302e-01 1.346882625223493513e+01
5.803278168392822511e-01 1.194513334205846000e+01
9.656009478835712034e-01 1.168197914901072210e+01
2.281027127193259396e+00 1.082922698883762180e+01
8.705567519226861117e-01 1.187857539029387688e+01
1.650016347118086646e+00 1.242510011902298572e+01
1.643743699284487159e+00 1.242316576741122880e+01
2.007820565369013099e+00 1.059786911123179820e+01
1.951760021449153282e+00 1.071604789708871941e+01
1.119878742073812106e+00 1.226354524605413587e+01
2.121123593617769476e+00 1.213576360325445869e+01
1.066327351272201129e+00 1.165466226588123533e+01
1.413023941306733144e+00 1.232643688497681822e+01
1.771595351723119549e+00 1.247679356366490566e+01
7.249626856529192143e-01 1.227512480505501635e+01
1.202374935757716701e+00 1.228695456463916003e+01
6.088028900188096060e-01 1.226726728860540838e+01
5.032629402574793076e-01 1.248075604287239315e+01
1.114474973806875102e+00 1.192600358399486637e+01
1.672982053323926577e+00 1.173374158182984495e+01
1.239394595171342761e+00 1.240567387876536642e+01
3.435859310271655587e-01 1.293105013739760700e+01
2.116468319850452140e+00 1.187489528277726869e+01
1.710474504234068105e+00 1.258912568013116484e+01
5.510277247306455406e-01 1.234228085106806638e+01
5.374137220728018027e-01 1.199007644800277106e+01
6.458685391453853342e-01 1.182594730065612154e+01
2.119672162711562002e+00 1.120427334891927273e+01
2.047545852086630980e+00 1.132160452026791475e+01
2.106996246819793583e+00 1.215479516164107565e+01
3.594671107077076488e-01 1.309315963159319907e+01
4.566449206671563399e-01 1.293721828748133085e+01
1.729764458818570549e+00 1.215292516792976052e+01
3.427644802271928026e-01 1.300426728708001711e+01
1.220973540194316920e+00 1.232707632480920523e+01
1.522169210701290520e+00 1.251931924500175342e+01
1.364371066826122636e+00 1.253167162443482141e+01
1.645370914053321254e+00 1.215112832182413349e+01
9.158117630809322618e-01 1.185615393683623253e+01
1.046137708865932048e+00 1.213298243589997938e+01
8.733033438747077604e-01 1.203614427343189064e+01
1.515749991339401248e+00 1.226271867223814205e+01
1.007371332881855874e+00 1.189373416674791173e+01
1.660595104596802374e+00 1.166480342125302805e+01
5.762007494085474857e-01 1.254035534600832946e+01
1.057701154392637122e+00 1.211757496620416497e+01
1.249283963731600666e+00 1.238455187161133786e+01
1.961032337538526349e+00 1.236993828427126374e+01
1.480659143675578715e+00 1.222039871330161098e+01
1.341451730722071911e+00 1.200588360269638422e+01
2.131399653407886952e+00 1.208378596566422303e+01
3.897225487540416644e-01 1.310264786150309568e+01
4.179828993011672766e-01 1.292489288812239856e+01
6.669610600155900793e-01 1.175919229280234113e+01
1.250476745069298401e+00 1.172380419168335131e+01
7.697885665898278607e-01 1.193112072985499239e+01
1.422834053056278192e+00 1.235718562000951692e+01
1.324471484532659060e+00 1.229695505886062712e+01
1.345498610131485417e+00 1.240022179288344972e+01
1.422155788618158390e+00 1.222716009862859465e+01
6.744056290403965814e-01 1.235743161486987063e+01
2.147387498963343688e+00 1.239051508194146223e+01
8.883798339634263463e-01 1.237794934711517314e+01
5.767439014819631948e-01 1.209292156179777145e+01
1.935596080208000336e+00 1.224287058969629527e+01
1.466441684148826141e+00 1.190495596267316181e+01
4.416130900573919660e-01 1.233704628180484519e+01
1.079886775765116269e+00 1.173261461941086736e+01
4.794240095551849934e-01 1.280139534730686357e+01
7.661077354066798684e-01 1.240738777041782193e+01
1.477002124441428865e+00 1.211455786571112014e+01
1.526968228385913617e+00 1.214785096081692650e+01
9.745600281806615639e-01 1.201077586296317001e+01
1.897864555312531509e+00 1.273788779895351908e+01
5.586568314026659765e-01 1.205422450585755811e+01
4.257327663774624904e-01 1.275905612757853547e+01
1.110594026334762230e+00 1.228807597052501777e+01
1.109227165590882302e+00 1.228719140238736074e+01
4.441673120341440018e-01 1.258414810579672682e+01
9.080816863331782063e-01 1.214215388300357823e+01
1.828475687215254109e+00 1.266001346164061836e+01
7.012455585849518558e-01 1.196412411174913082e+01
1.612308389565987543e+00 1.199755048581547534e+01
1.162457006547198413e+00 1.208409992189262816e+01
5.672091282933969802e-01 1.200348690864446155e+01
1.410584532608894159e+00 1.244188039468708595e+01
3.273797175496406808e-01 1.315591753752131865e+01
1.057722918952825886e+00 1.200279557543186293e+01
1.771225039312870564e+00 1.252455873268034736e+01
4.477675037459502017e-01 1.299423810032016746e+01
2.094890034664516065e+00 1.231780855952837328e+01
1.197975918371731341e+00 1.258397030925423188e+01
1.534694843144286835e+00 1.239723148600933200e+01
8.353204711349234701e-01 1.199927164289202963e+01
1.404811488846169354e+00 1.249714914876180671e+01
4.840153659980876433e-01 1.317389283212180473e+01
6.457322352531862375e-01 1.202585495503232771e+01
1.182660112892472082e+00 1.171617449015761281e+01
3.648595772441293739e-01 1.265969415076966875e+01
6.619408399141627486e-01 1.173574947873536445e+01
1.857421814233214619e+00 1.225334920204616118e+01
1.784281509818375300e+00 1.224363265354442198e+01
9.230815530618617926e-01 1.194238486869227067e+01
1.825638019938805146e+00 1.232071005310746692e+01
2.025391310461569727e+00 1.107009358051214321e+01
2.009533909087304782e+00 1.295456504655012075e+01
8.004311513391079158e-01 1.246380596568333132e+01
2.000133825459885273e+00 1.287544073842190429e+01
7.899838494030658742e-01 1.215777538483386344e+01
1.015887708733043571e+00 1.236973710653628622e+01
5.793458326854338258e-01 1.245780606437365279e+01
1.921172215785535320e+00 1.251617479032970692e+01
9.107578955368844653e-01 1.215094906948233522e+01
9.360275610280179848e-01 1.196728764833267000e+01
1.536159382100109605e+00 1.213660579772801285e+01
6.869143672272697287e-01 1.212544121933723318e+01
1.429038966086531914e+00 1.248728423954560007e+01
1.570243476303024632e+00 1.262229568903754284e+01
9.405423071857175188e-01 1.235467185956292724e+01
9.363915398906719201e-01 1.218435354406536142e+01
8.607037548861690146e-01 1.220725425736533865e+01
5.692583375196457185e-01 1.222280907243664139e+01
2.059988075601357771e+00 1.262714168023119399e+01
1.241584241761240825e+00 1.234313565853314465e+01
1.069834181455007194e+00 1.232407975602645855e+01
3.393783656569689389e-01 1.332026996162952415e+01
1.859589166127923798e+00 1.184827596355754409e+01
1.637029359053747468e+00 1.190151589876313842e+01
8.691705707599294284e-01 1.167531356615027605e+01
3.567154620336861481e-01 1.270953784721408475e+01
4.378814860514448903e-01 1.268763842088215554e+01
1.873647919865383482e+00 1.195822696806209073e+01
1.976184525521252899e+00 1.162389260810833669e+01
1.090443427826444101e+00 1.222106962112836293e+01
1.494325506593630282e+00 1.234980392162093388e+01
1.430954458696626297e+00 1.226457654593899349e+01
1.481596000164546068e+00 1.229032914484282557e+01
1.036437488304174259e+00 1.169398303860055499e+01
3.346320859694083549e-01 1.297673421040486552e+01
2.210375972360726582e+00 1.179838118277566572e+01
3.614979872320718268e-01 1.310139256448152878e+01
5.671726377221734117e-01 1.225523867191846250e+01
1.096734187270641758e+00 1.205640629901725269e+01
1.298392898927571926e+00 1.216070414775728104e+01
1.404072341227965870e+00 1.205019108536464323e+01
6.272275765541079906e-01 1.223061569374611146e+01
1.233740328802153785e+00 1.197361639150150303e+01
4.249109283228364453e-01 1.249602844165340976e+01
1.915787944545123800e+00 1.261140923596524210e+01
7.539838714834800060e-01 1.184462760406841042e+01
1.600287562116801121e+00 1.168889639903204092e+01
2.014219452110436404e+00 1.112781992606306680e+01
1.931685819969545470e+00 1.169298741335724046e+01
2.164527820414895665e+00 1.203824420629827152e+01
4.522217626994645134e-01 1.256073130155958850e+01
3.550212554561705258e-01 1.317195301376031047e+01
1.852003649773452887e+00 1.218806713988816348e+01
7.632390913130628896e-01 1.208238493091673327e+01
8.345183244333402861e-01 1.209578357338616428e+01
9.228173995958222076e-01 1.233170501922781881e+01
4.342258122553996347e-01 1.278689298890829740e+01
1.265356568204550003e+00 1.263876476967713813e+01
1.244323311750856975e+00 1.221035794109852546e+01
1.167684419612902813e+00 1.206729745963337308e+01
6.604182073818136711e-01 1.215234249176182857e+01
5.870097978864384780e-01 1.201706736690250210e+01
8.937515697299805995e-01 1.213505757867916479e+01
3.527410518381058901e-01 1.324429853329136897e+01
8.858881290952472787e-01 1.237307557775730693e+01
1.971074306326657588e+00 1.267342247782397102e+01
4.768914882630060359e-01 1.216976779849104595e+01
7.288469929299836725e-01 1.197101931927772434e+01
1.463074441645936252e+00 1.235976712513450693e+01
3.041914021435930260e-01 1.342049458538336637e+01
4.321119704388708405e-01 1.233320418618821535e+01
2.205139847744820081e+00 1.091795918998696102e+01
5.183018421537148868e-01 1.263658297487018878e+01
5.905520446257368494e-01 1.238425304564792029e+01
7.027048594456867248e-01 1.194354966125230710e+01
3.750490337991734813e-01 1.280782123937760275e+01
7.700103602196393116e-01 1.248802170208610640e+01
8.776896505002645954e-01 1.260447168271941187e+01
1.204221053926028961e+00 1.217044211996018710e+01
2.151761481076241100e+00 1.226353629580417959e+01
9.778834029031383546e-01 1.198647337896245801e+01
2.171633282283646604e+00 1.165553242664947575e+01
6.648633978210409801e-01 1.230329107558096347e+01
6.180268431236939364e-01 1.215567602758136978e+01
8.971714494098287362e-01 1.211443499572019178e+01
8.692825614072376972e-01 1.200818449125683784e+01
1.013534060962739458e+00 1.199557099607751276e+01
9.157047478653372874e-01 1.212925301484545848e+01
6.590699110262066007e-01 1.182046348353085996e+01
4.427543844966624897e-01 1.261551723789523116e+01
1.705353836080784946e+00 1.232365107561471440e+01
1.175603422023733025e+00 1.238008260957043660e+01
4.296115625742181754e-01 1.262638212167723850e+01
1.183644244358846631e+00 1.226232646890938938e+01
1.724790968454359863e+00 1.260686831454703594e+01
1.989742195612636211e+00 1.260584784545075543e+01
1.265333058674921407e+00 1.232246325025965739e+01
9.874586236583058341e-01 1.206280436290609970e+01
1.664625254756603834e+00 1.227118044046891399e+01
3.892001999169654725e-01 1.285286856377979703e+01
1.963094984280435940e+00 1.230931527312052509e+01
4.532158655795583968e-01 1.267979203240722264e+01
4.361453065806533691e-01 1.275678706751284963e+01
2.057488885978740800e+00 1.144286482857082454e+01
6.117062939178625758e-01 1.283295354774024766e+01
1.094376924138390494e+00 1.227113653533398718e+01
8.103702044903173807e-01 1.215358596718959028e+01
1.751467682551974159e+00 1.233037971349452810e+01
9.216884892655040629e-01 1.198254665352015458e+01
2.067363836636756158e+00 1.258396002526186663e+01
1.505363174750180777e+00 1.175909912459377615e+01
2.041231805515948849e+00 1.143957936537588971e+01
1.400191240478508625e+00 1.220764174326846074e+01
1.244637164917677064e+00 1.220000998077211740e+01
1.432780982425287064e+00 1.219025453953818428e+01
9.018028248142291314e-01 1.199560223595105590e+01
8.487376462193237936e-01 1.186143259732243394e+01
8.603751492530775646e-01 1.244285150158042796e+01
1.083751840917697828e+00 1.233561218534895154e+01
8.547544881338854372e-01 1.206840638708291280e+01
1.447804656392910339e+00 1.239764552292641220e+01
5.879198091259305592e-01 1.205523210827483993e+01
1.677231253991527504e+00 1.236014185217269201e+01
9.986008805988465520e-01 1.221391389194348776e+01
1.570363368486175304e+00 1.195967873117586855e+01
3.648925966220874506e-01 1.292444352261198048e+01
6.347714729309964499e-01 1.251745805050742533e+01
3.429975749294669196e-01 1.331328731106370533e+01
5.417199186486189033e-01 1.262502481895126394e+01
2.074210595147683023e+00 1.267177097817995524e+01
1.438015596239726746e+00 1.258322493122977370e+01
1.899443450909839237e+00 1.208589894948956101e+01
1.786176125634520107e+00 1.209147491376598360e+01
1.668258286839551685e+00 1.239306804665245387e+01
7.042370500496055730e-01 1.229255803061364283e+01
1.220142777519003241e+00 1.252668195738754520e+01
2.054530481131477515e+00 1.248741093916525813e+01
1.367077678078179925e+00 1.243317581184368059e+01
2.068402922022908097e+00 1.267224285371518455e+01
2.123396524998327539e+00 1.196418728247813945e+01
4.454741378475347013e-01 1.301746780996758268e+01
5.128214943399918013e-01 1.269368545651118652e+01
2.008415802657935512e+00 1.212278542967849404e+01
1.679372065463577313e+00 1.220874090602189810e+01
1.488017458649157909e+00 1.220255609437487720e+01
8.937005766784325012e-01 1.243386800715957818e+01
5.652973511434317144e-01 1.271345263596122699e+01
8.031206443714576926e-01 1.226621644308549541e+01
5.485405938380473190e-01 1.243821718665025600e+01
1.004083830348604600e+00 1.181314598284875039e+01
9.358255869208670363e-01 1.181187658475968583e+01
1.034158430427140285e+00 1.247379100035917077e+01
2.102197788600072670e+00 1.228979666209159483e+01
1.689357141569459930e+00 1.256234560529398436e+01
9.058902999327909100e-01 1.228591278930550601e+01
1.281034376060488755e+00 1.206042139017238668e+01
8.070014378020240464e-01 1.188309946593414956e+01
4.225046995793133031e-01 1.308050012581902166e+01
2.066953455199091128e+00 1.183026385592620855e+01
8.354001899238715501e-01 1.237633234820576789e+01
2.130279336301442061e+00 1.284565411537836077e+01
3.694156238321305019e-01 1.274599007448403576e+01
6.249784012001567968e-01 1.221642200047446458e+01
1.419636847460121531e+00 1.243137639070470790e+01
1.660850496519963970e+00 1.240955175235371577e+01
2.161292950998526585e+00 1.178914917602014079e+01
2.048439454764102052e+00 1.188463335602646254e+01
6.640929237464426871e-01 1.236811546616145563e+01
6.631542862005999073e-01 1.257083607340891440e+01
2.224159086037448940e+00 1.176578921703213076e+01
1.420412862655863862e+00 1.225008111739886196e+01
3.812667292438087774e-01 1.261997047225990265e+01
8.668234819269509117e-01 1.190689624438611283e+01
1.829431481536629267e+00 1.197872852503730279e+01
1.374128622597107441e+00 1.231642174787890021e+01
1.755779864036101534e+00 1.229058846501697033e+01
1.858169687178175433e+00 1.105477540339295572e+01
8.137526350947241749e-01 1.208894393719777938e+01
1.382443725011257563e+00 1.236757693454115348e+01
1.332071208199364643e+00 1.228018351677197728e+01
1.197862716992535326e+00 1.232022419249082468e+01
1.385223162880527159e+00 1.231170288468054963e+01
1.115606626627890119e+00 1.241119296766733093e+01
1.896364346119495004e+00 1.132243988264781009e+01
6.230989828080381043e-01 1.189734829523800386e+01
3.738601678602762046e-01 1.318582658035189148e+01
1.792840261089985843e+00 1.278213364063350710e+01
1.465391612538269550e+00 1.198899156388242560e+01
1.789660584244973540e+00 1.195514846144752141e+01
1.505647162345309598e+00 1.258202395926880257e+01
3.281079151198004751e-01 1.334009196417418508e+01
1.897547017920776291e+00 1.264964336305974690e+01
9.594705153668605657e-01 1.257381254701611439e+01
1.015172176127086212e+00 1.258464729825451656e+01
1.067379872413036113e+00 1.223602343949251292e+01
1.713673412127972417e+00 1.233961987353326961e+01
4.677413042044695768e-01 1.269372275157333263e+01
1.937031400263829806e+00 1.275013608010252320e+01
1.357249348497328922e+00 1.255828732208587262e+01
1.407880868334892233e+00 1.266715597650605929e+01
1.541633533652940979e+00 1.272366270490381801e+01
2.228439184216077784e+00 1.238553860754990232e+01
2.007110905399389189e+00 1.248628276719981400e+01
6.913336526887994271e-01 1.232647328816757337e+01
6.115681520987672481e-01 1.240434995363912307e+01
2.015262167446351782e+00 1.245326797890733772e+01
4.355479748942574503e-01 1.292689078971781313e+01
1.976579304345135846e+00 1.151338299270437027e+01
4.299787170784136192e-01 1.248897326829769661e+01
8.899231826379150334e-01 1.178131727295629005e+01
1.140933650889494277e+00 1.172376741878168360e+01
1.898480889611208866e+00 1.182091997810560358e+01
7.640911356111039776e-01 1.203495186355229052e+01
1.914225778128627820e+00 1.231023121172676404e+01
2.070276166705973697e+00 1.231589019535274865e+01
2.091040091451635607e+00 1.204115600853058687e+01
1.152659992734156758e+00 1.211352176248805534e+01
8.022660637783263216e-01 1.216317918540761056e+01
1.204859007156633188e+00 1.228458458169821910e+01
1.620507146236072060e+00 1.268726468995561518e+01
5.708532537472349455e-01 1.236918435325798882e+01
1.254672628649645016e+00 1.221033545857006430e+01
2.047679447892502669e+00 1.236043524650147241e+01
4.384888431684673682e-01 1.278041125553855650e+01
2.123694836554860466e+00 1.239203808452461431e+01
1.970653998867291090e+00 1.133512644794899948e+01
1.426961566442808582e+00 1.187662160894524277e+01
1.859603118107826969e+00 1.167875811847670064e+01
7.812697888402680979e-01 1.193351361274182310e+01
2.009461393078047386e+00 1.245483179975516563e+01
1.151502348702160727e+00 1.218201749773403009e+01
1.848441215304196250e+00 1.172133751266079926e+01
5.304688847271352703e-01 1.293010688402833708e+01
5.364502975074110225e-01 1.291561262556471412e+01
1.590991525112728899e+00 1.180570228992880644e+01
2.175012790575887589e+00 1.241579808496541837e+01
1.871335971690311517e+00 1.246239331725258914e+01
4.149465202244978501e-01 1.245260082862641049e+01
3.430418476690281215e-01 1.311815514682751882e+01
5.554378623088027656e-01 1.214714237051821577e+01
1.756508669126958244e+00 1.216153578790105172e+01
7.531417792376287057e-01 1.211545445778277674e+01
2.213000052577034804e+00 1.135722024894035975e+01
4.985060769441044815e-01 1.212200968684318525e+01
1.895776410145267654e+00 1.245225107293487987e+01
3.455057025925520886e-01 1.282872242603066226e+01
4.112315690088994558e-01 1.258743565876048365e+01
3.755986729958054604e-01 1.315301156992906151e+01
2.083462781722387192e+00 1.234597077600183113e+01
4.158993150478935141e-01 1.302061846420291857e+01
1.513116076381491704e+00 1.184406699677787955e+01
1.528946915720952093e+00 1.191344404260185819e+01
1.321733940686779407e+00 1.247730987787111268e+01
3.707331424122755625e-01 1.302006338270463104e+01
6.688791951633794586e-01 1.207664172707287342e+01
1.426211973284938761e+00 1.248577034700365473e+01
1.507838412530460248e+00 1.240669226097687350e+01
1.933827888833084652e+00 1.278035023866675957e+01
5.022268156240617953e-01 1.226651525413057975e+01
1.124848477133961744e+00 1.222598433767500126e+01
7.194051456958882040e-01 1.211706870652008128e+01
1.571042104401393580e+00 1.245902878055916396e+01
5.058767600995370817e-01 1.222082615874259659e+01
1.283066520521321863e+00 1.239911346736320752e+01
9.470351726518962954e-01 1.180068776188415036e+01
1.215353383860348524e+00 1.183753580513096004e+01
1.893820119753541587e+00 1.222107145608015166e+01
7.457442964779678052e-01 1.217437131400555828e+01
6.399384950149342721e-01 1.245278315189649199e+01
4.042526192708965072e-01 1.314506295948560499e+01
8.199980958968189348e-01 1.237490546467272523e+01
3.891936810408618830e-01 1.317127494151318956e+01
1.970496202181014622e+00 1.214595312105131519e+01
8.816484903725697597e-01 1.203465033972817722e+01
6.306299584839210048e-01 1.200898808985280120e+01
1.721861812738070485e+00 1.264539742150135027e+01
4.053948473123961116e-01 1.274404960203290393e+01
1.562387227984213922e+00 1.217362318582305392e+01
1.099415654322552172e+00 1.218378266548719679e+01
2.027082993264843758e+00 1.098305137116247998e+01
1.713646800483149990e+00 1.152402672013500151e+01
8.017472788788969629e-01 1.177107534038978187e+01
9.035192446696160840e-01 1.226931890858315377e+01
1.449488891166317073e+00 1.196246442727625414e+01
1.891010299623880897e+00 1.198154428649644387e+01
2.028460322984750874e+00 1.127296215815321823e+01
1.414400085224901682e+00 1.177725096519279013e+01
4.052773455523699941e-01 1.285231297921913907e+01
1.523047533452811297e+00 1.192815180625185789e+01
1.209103322894709898e+00 1.191249665917805345e+01
2.253111727751320181e+00 1.215283029426988648e+01
7.013396363477972795e-01 1.199024293060529978e+01
5.803518467234826117e-01 1.210254829945213473e+01
1.594728310250239867e+00 1.233263690543172331e+01
8.913963048935323874e-01 1.223178192329077696e+01
3.758380474271484917e-01 1.287135517208777635e+01
1.329479351472352411e+00 1.223991816381609077e+01
4.018446964457848547e-01 1.280849017281240521e+01
1.828810036744737966e+00 1.252164912373176620e+01
2.077025159631269879e+00 1.254794200272913329e+01
1.456160648501086952e+00 1.268828973727569753e+01
4.195553879854698742e-01 1.310558678175212499e+01
6.009484281957846452e-01 1.197170163409927390e+01
8.912117461487153447e-01 1.192282855077052517e+01
1.750597132409758006e+00 1.204672391139479970e+01
6.770873723480000939e-01 1.262185280860313519e+01
8.812816083330183847e-01 1.255553961333640700e+01
8.028223073360318818e-01 1.227230166436604009e+01
8.987822619618257569e-01 1.249956033226847651e+01
5.519450116928606986e-01 1.293203821980398693e+01
1.238049841495055592e+00 1.227018963049272138e+01
1.736663834283026286e+00 1.235692111396397053e+01
1.803050495883327997e+00 1.237226806184402683e+01
1.628078771037495764e+00 1.185426369926297951e+01
1.571767518348000658e+00 1.225603437244883587e+01
2.062747502001748057e+00 1.273933854912162111e+01
1.722246341433645744e+00 1.226252359023060912e+01
1.242741455970602704e+00 1.253635394473415765e+01
1.674118693477099740e+00 1.221602971613167377e+01
3.251723722615325052e-01 1.310548540624278147e+01
1.345990437239053206e+00 1.214465147500417963e+01
1.501024858912387794e+00 1.221817514345584144e+01
3.038022349290616098e-01 1.347247745458738422e+01
1.752061449016069750e+00 1.252542662317339506e+01
1.902692335230466547e+00 1.252442945647888095e+01
1.490176887018693774e+00 1.246438637274899008e+01
1.414652826253028906e+00 1.212069358664923868e+01
7.698495999363269560e-01 1.203496016808846925e+01
6.338409552348234222e-01 1.205371438098753600e+01
2.046733100131712391e+00 1.154119284151509461e+01
4.988489241054844259e-01 1.311150340056325625e+01
1.210478423429990569e+00 1.234521632827532400e+01
1.434264668168848456e+00 1.236933861117202049e+01
1.882348577117122224e+00 1.249506882236722127e+01
3.993658585990075838e-01 1.243914838236046805e+01
1.067134888889792022e+00 1.237707370657171779e+01
4.005726804738897751e-01 1.283128382801302259e+01
7.661608660166978613e-01 1.220679150755301734e+01
1.447578087710844619e+00 1.269183378233190673e+01
1.044128346489509029e+00 1.180990816317411074e+01
3.307841188051909853e-01 1.298606428004268309e+01
3.712910696094981478e-01 1.263143170005157678e+01
3.351902854591238823e-01 1.331968579641588768e+01
2.222976872330471920e+00 1.269488642068268014e+01
4.846630086699773021e-01 1.229556932444277884e+01
1.197497769115620336e+00 1.219544045061902438e+01
7.430979759873050927e-01 1.223553634556219194e+01
1.600596120407990153e+00 1.253182342378853420e+01
4.889895206492962942e-01 1.278784532183585476e+01
2.052816057357852220e+00 1.136872431989698207e+01
1.058586759526217502e+00 1.212799421504018760e+01
2.079933085751655586e+00 1.257034590223931758e+01
1.584140905134817645e+00 1.246641698018295763e+01
1.885548915048575358e+00 1.228383286721916789e+01
1.125709833957660555e+00 1.231817283214947700e+01
1.783837515004554453e+00 1.242352631885583669e+01
7.270160514367618454e-01 1.215884066179777534e+01
1.175882715037956938e+00 1.210914861388885910e+01
1.124107088673333976e+00 1.208333421279626485e+01
1.469854459009617198e+00 1.203720020905923604e+01
2.131120808402180433e+00 1.273640367469530510e+01
6.879648129058020256e-01 1.218252974732066463e+01
5.197607642367069181e-01 1.267035314180468220e+01
1.642069065912600268e+00 1.175343147638925601e+01
1.369827357592057426e+00 1.177694421158300919e+01
2.074868485093317449e+00 1.117053964870486205e+01
1.516703045339318656e+00 1.157799523060729108e+01
1.852059704688869823e+00 1.175725457048549849e+01
4.171931252409097901e-01 1.245967339029375509e+01
4.815168514637256370e-01 1.243341375104748892e+01
1.727027617463334108e+00 1.260713150523249482e+01
3.376437320941354514e-01 1.312159549613794596e+01
1.730597560514010036e+00 1.250366571942167582e+01
4.692867858562545513e-01 1.218628044981617897e+01
6.142633502854449867e-01 1.195852821640321473e+01
1.299293338919170315e+00 1.252322824904417153e+01
7.741675767453284340e-01 1.194373941259317817e+01
5.607989043464968182e-01 1.198531038321958420e+01
5.301726528212773459e-01 1.225910840808304414e+01
2.004438613888956056e+00 1.224894371087563272e+01
9.462401681466252601e-01 1.180524447615262140e+01
1.865555901040436559e+00 1.205820328397784102e+01
8.715305997111369996e-01 1.190886466711209124e+01
1.459846498798898384e+00 1.198962876258873322e+01
4.189770505008080792e-01 1.236579054421897439e+01
2.957125055791638424e-01 1.352833503860681041e+01
5.774488442702887525e-01 1.284155327076866548e+01
1.972522218594107812e+00 1.214610938011722396e+01
1.724198722147023188e+00 1.213647012949826021e+01
1.262896507498693977e+00 1.199742501014019780e+01
3.939892440654728656e-01 1.284511367445665897e+01
1.803308013856018688e+00 1.259789406901419717e+01
2.195760951925230131e+00 1.257642916274337708e+01
1.423268782868802207e+00 1.235653202680969365e+01
6.908587455804466870e-01 1.195221438616982645e+01
4.136727314138799461e-01 1.260570482811959181e+01
1.184438454288274878e+00 1.213131451037289743e+01
1.746037453507273129e+00 1.206988330729637049e+01
1.203579358074965633e+00 1.208968923591178068e+01
3.504342611255482076e-01 1.322396295266181454e+01
1.380835741391389426e+00 1.192882325923391384e+01
1.704162436674244052e+00 1.186669959369545602e+01
9.706281186146991091e-01 1.235946199847738214e+01
8.070239457683701101e-01 1.188696820448169866e+01
1.427195842511977730e+00 1.223081118773830589e+01
1.890656366124869425e+00 1.259352866991652142e+01
1.149979209815220837e+00 1.222058853642843346e+01
2.136875806166149250e+00 1.210567291655970301e+01
1.204549091057848464e+00 1.228752614372198870e+01
1.587491946811557142e+00 1.180986812660581897e+01
6.235660377429356194e-01 1.255781467249147987e+01
9.492293686492807581e-01 1.200345317638193521e+01
1.871962646169229139e+00 1.242467252794342158e+01
1.419494744089416560e+00 1.233155906774071475e+01
2.021642739725841409e+00 1.199869474580821027e+01
2.039712661962877149e+00 1.196366885700955685e+01
3.704864648169147179e-01 1.307151260801444792e+01
4.834289054994277413e-01 1.247277252802784808e+01
2.148921652292189233e+00 1.258423878371175419e+01
7.963283032686159224e-01 1.243927035621618415e+01
1.969881482312735743e+00 1.138111641676169761e+01
2.084003362911360124e+00 1.275257367968808175e+01
8.976559599517777155e-01 1.231626375679566721e+01
1.992055185668255790e+00 1.242608406021416734e+01
1.432932612061383004e+00 1.227323570380540119e+01
5.453867812931182391e-01 1.196503644569737190e+01
7.290844782857126560e-01 1.185605437809281248e+01
3.681745541110524322e-01 1.320887721977934781e+01
1.491843923209935419e+00 1.271058751759640870e+01
4.451668397253463194e-01 1.256057178055043622e+01
1.653783352227858883e+00 1.195044483945724068e+01
2.104467665611257310e+00 1.112969534024096063e+01
1.650702247355210428e+00 1.174112942164988560e+01
7.096148823412831153e-01 1.213823096677296043e+01
7.312307459214688610e-01 1.211772958094924846e+01
1.417188803373735873e+00 1.250529091082550437e+01
6.732175496891973365e-01 1.190376548976106186e+01
1.626808336477633343e+00 1.175184814094587615e+01
1.143117699327518277e+00 1.218129810803702284e+01
4.221309902878350173e-01 1.271904855158778425e+01
1.727853735530529011e+00 1.204050433079031279e+01
9.155343945918753557e-01 1.186696934596963438e+01
4.599512276500611341e-01 1.289279350580081029e+01
6.838674073315182955e-01 1.247092181135263544e+01
5.695690128095438620e-01 1.206182814715767115e+01
1.131252030555645938e+00 1.210110136656605917e+01
4.126131041294928137e-01 1.250561418541173708e+01
7.758845640216845974e-01 1.248075317771565551e+01
1.885330189322123706e+00 1.255207953456339887e+01
2.012982889135541686e+00 1.243310980539533261e+01
1.777686569315428011e+00 1.249419415044225268e+01
4.239126305878002654e-01 1.264437707018480594e+01
4.070077048657231855e-01 1.274285514770018324e+01
2.016213614783793240e+00 1.273453962265468675e+01
1.152059937135476719e+00 1.240737716061549278e+01
1.008953405321683983e+00 1.207072756445203154e+01
4.136124757116274031e-01 1.273120022919432870e+01
7.784613548829268925e-01 1.189858473631037228e+01
7.300304502158655451e-01 1.210855794794051832e+01
8.922580960099705250e-01 1.209534771409564868e+01
4.959281676381442905e-01 1.218700052996131333e+01
3.506649638589284246e-01 1.286823222517680421e+01
5.645937860010620257e-01 1.186715029565567825e+01
3.349413281041321300e-01 1.325268043754715031e+01
1.767998107265749130e+00 1.235137981395322804e+01
6.231737812778522789e-01 1.229138438644558384e+01
1.356307203477443046e+00 1.198711170982293162e+01
1.064264919676375598e+00 1.193045161220429229e+01
1.776838754175382284e+00 1.197253035071616090e+01
1.727622788582888091e+00 1.151855042078972602e+01
1.450152508991277900e+00 1.163059659134669488e+01
1.349721837973299809e+00 1.243508323141671568e+01
4.700042992728024061e-01 1.244673653797834234e+01
8.892582092736470711e-01 1.226843232794135297e+01
1.445986732254756157e+00 1.244112325690194076e+01
1.191596855636124941e+00 1.243561746005829427e+01
1.538538848134311632e+00 1.249922293857388667e+01
1.056584028891773830e+00 1.267825076801037731e+01
2.054352982512159809e+00 1.228520378462033769e+01
1.322807722000926001e+00 1.192532473547338334e+01
6.717161459314253680e-01 1.197828460226088687e+01
4.536047262448965611e-01 1.227878116149260634e+01
2.109742782912282788e+00 1.237653388858224979e+01
4.525734259117538127e-01 1.236916928251757319e+01
5.612156167119387584e-01 1.244749318198131682e+01
1.438451098885497936e+00 1.234773504406398636e+01
1.128553589837695936e+00 1.216026016194136972e+01
3.798433607159384384e-01 1.260777946530605753e+01
1.118967058930997238e+00 1.173747363134517840e+01
1.356056489469930737e+00 1.224713926440157152e+01
1.263750020854142564e+00 1.187374617143562006e+01
1.300047700052439748e+00 1.161866014539961789e+01
1.660259569059132856e+00 1.147946910060021253e+01
1.615165699601319949e+00 1.277970346156038062e+01
1.728921209921713276e+00 1.277880478836762457e+01
1.816480991224149077e+00 1.172231442038791727e+01
2.022657334842909549e+00 1.135544004987872846e+01
1.886741609938494157e+00 1.275046463343946890e+01
4.657147844520326818e-01 1.240867464088585059e+01
1.504444982869595160e+00 1.210273958059428701e+01
1.671675550734631255e+00 1.215266786580051317e+01
4.533305328493114628e-01 1.260878418402962176e+01
1.991036280307982631e+00 1.259120922879090010e+01
1.481101971441286302e+00 1.248369828013643179e+01
4.224766889817963000e-01 1.295659342396097991e+01
9.314766775463767523e-01 1.204088666622777737e+01
1.364891473219713269e+00 1.231541613940491864e+01
1.375475913143232365e+00 1.232766655251709764e+01
5.985224740914533159e-01 1.275994431825091979e+01
1.713411875755449953e+00 1.207084774591308829e+01
1.949600176433172960e+00 1.144478578918037392e+01
6.329709225963486841e-01 1.210027839084439272e+01
1.405444858882544334e+00 1.241407662367437936e+01
1.342028826272813058e+00 1.238423357034699990e+01
1.708401877903703125e+00 1.261403893461660175e+01
1.572959869871317196e+00 1.256333625989037017e+01
8.958787403147597805e-01 1.218058594878382728e+01
4.964243486456964560e-01 1.223641571106962900e+01
1.177310350658150373e+00 1.182691911277862751e+01
1.933036200069145671e+00 1.217848710954092439e+01
8.229808176846444834e-01 1.232275731913545158e+01
1.275942872197474598e+00 1.255647667113773736e+01
8.858576552771771917e-01 1.232101638924901543e+01
1.716810901149836255e+00 1.224142942684930091e+01
3.433460148655458899e-01 1.299180314976930362e+01
8.916035685652918819e-01 1.191327810369158868e+01
8.268682314076206685e-01 1.219930029319562870e+01
6.559376043803804013e-01 1.219203427311413002e+01
1.460716266541026265e+00 1.232790324601013232e+01
2.003732085271353380e+00 1.254591063474184587e+01
1.980669494859008450e+00 1.221408732776544959e+01
6.778467265644837481e-01 1.193847541283152935e+01
2.140115644162867703e+00 1.188747355251103954e+01
8.058781547350997165e-01 1.183946462543571521e+01
4.782010638055129714e-01 1.217112378736670308e+01
6.260914201455045625e-01 1.222144431610802151e+01
7.476649379791890926e-01 1.235587359101594451e+01
5.949027948216903949e-01 1.254232951236930838e+01
1.999721774340267988e+00 1.205035471471497566e+01
1.246230440538246276e+00 1.222339452382366609e+01
7.649112621806772871e-01 1.225245004671342386e+01
4.419457408105579854e-01 1.291764205395542930e+01
1.938076651962922003e+00 1.216889597421613090e+01
2.101837696131734212e+00 1.187539724145906739e+01
1.854250851879909678e+00 1.215802088388898916e+01
8.603682606628904050e-01 1.193374864709276295e+01
1.086889566182764666e+00 1.199797529075924096e+01
1.308583912930161075e+00 1.223994958736963490e+01
1.400476376826852443e+00 1.239217972234962772e+01
4.735627159651806806e-01 1.267263000966085329e+01
2.100738750720619663e+00 1.255317601138136752e+01
2.008880546843763160e+00 1.237194999180205635e+01
6.561974696672906449e-01 1.184187703630605881e+01
1.979397146622823067e+00 1.279736973815945511e+01
1.914587189134119072e+00 1.251530524188524574e+01
8.823739619288678560e-01 1.273130056176436220e+01
1.938558537376376956e+00 1.241843772380382127e+01
5.452488998768429962e-01 1.226759078137326142e+01
1.558636015225302263e+00 1.158240243675713188e+01
1.949476210663753761e+00 1.126186195905782661e+01
1.836487124075228294e+00 1.163908108142475051e+01
6.187460567684903712e-01 1.215640369110619901e+01
1.000461344118664275e+00 1.215424696352029699e+01
3.795123668672271688e-01 1.260820496455555073e+01
7.068373489756432093e-01 1.177491026553953368e+01
8.207499451135568114e-01 1.230788594397440150e+01
4.444961615309283576e-01 1.280844325378986959e+01
2.929791635209909595e-01 1.356367525980805588e+01
9.110121883950932364e-01 1.234592479726348557e+01
1.198020384123401172e+00 1.203200210565436912e+01
3.692455428604725087e-01 1.307521253043386444e+01
1.203215297583735577e+00 1.236790871967340344e+01
7.917596900691675765e-01 1.222742970933871653e+01
9.960709463007511033e-01 1.227840992958175015e+01
2.168928793349286011e+00 1.180116992771916529e+01
1.895326105310625175e+00 1.183993293205408293e+01
1.758749310187599724e+00 1.190872365401887834e+01
1.024389955133591323e+00 1.220019518339018028e+01
1.790327189289957932e+00 1.250096977157533473e+01
3.735367214389819224e-01 1.258643729972020253e+01
6.105836376398457999e-01 1.227296394826941395e+01
3.903038105144724934e-01 1.297155511916458792e+01
5.672414327287477187e-01 1.207822997482935712e+01
6.171853558557982566e-01 1.217167429971713766e+01
1.244942803648244389e+00 1.216720672083567578e+01
4.985322217505934184e-01 1.244067028354754001e+01
2.071356668507490895e+00 1.235928109893670346e+01
1.136942657303432913e+00 1.253134640071377426e+01
4.539736981913954916e-01 1.282148962288790450e+01
7.862671822961011525e-01 1.193906354703601380e+01
1.685398768241310741e+00 1.247161338320125346e+01
6.175176944311435712e-01 1.196143889362555157e+01
1.067104013586786193e+00 1.205077953209446484e+01
2.092718158954006480e+00 1.248286268465759008e+01
2.043645866326375238e+00 1.264931787772034610e+01
1.092696120972732610e+00 1.213134102038716833e+01
2.858790569842174500e-01 1.361703928975386724e+01
4.613516608580021106e-01 1.213245622292278725e+01
4.552977824475196167e-01 1.238126379739594718e+01
1.327305433762147713e+00 1.216478014169348931e+01
5.773721227216914720e-01 1.211656177770943543e+01
7.310651510871059022e-01 1.196103447789131202e+01
1.867760808032341346e+00 1.265125054884943623e+01
1.996470256965348078e+00 1.291316405684209201e+01
9.805536991247828515e-01 1.239330424278262122e+01
7.021256921692516917e-01 1.222920944745396277e+01
1.981285759341824049e+00 1.254563754272592213e+01
1.296551482921321830e+00 1.239539242965856758e+01
4.997047463711821735e-01 1.223323059441266203e+01
6.930069082111838252e-01 1.215591472181991506e+01
7.685771092925766101e-01 1.175690945885390981e+01
1.595516421826313147e+00 1.165201281903872221e+01
1.894877813280960499e+00 1.186546161578807457e+01
1.994455000233268827e+00 1.182228247824662404e+01
1.369678079652161262e+00 1.247700866387133090e+01
1.714293661809354941e+00 1.211282852649851449e+01
1.740876231618450953e+00 1.211596164903189532e+01
4.076234228059817943e-01 1.298768065434958707e+01
1.901454356407479729e+00 1.272927217829255220e+01
2.092277764977566790e+00 1.133026799769318238e+01
1.579637780073407827e+00 1.168665635313942275e+01
5.780889920657154013e-01 1.237084444288619345e+01
7.006767318256861277e-01 1.227843818444436685e+01
1.619796454772517880e+00 1.254739095613233957e+01
1.926730122236668619e+00 1.256100912179961071e+01
2.164289799847331608e+00 1.240423877405865305e+01
1.240685461670264722e+00 1.252330666731453057e+01
2.079547443105666638e+00 1.142330117856156946e+01
5.206746682381664382e-01 1.280251558012285962e+01
1.133820215823978739e+00 1.200991357937534509e+01
1.091114982174348658e+00 1.199249533825002167e+01
8.776707106865258012e-01 1.223978392647359925e+01
2.043071204917866979e+00 1.245386574137318370e+01
1.747202253875324907e+00 1.250354432197823584e+01
6.676983768733090185e-01 1.219440491477067035e+01
9.828147329878035299e-01 1.222455414811465246e+01
5.268927117445639796e-01 1.233175740548656130e+01
2.042449015945947632e+00 1.241939407701528175e+01
4.930915638617960894e-01 1.216402457868440123e+01
1.410415219123262176e+00 1.219157206018061679e+01
6.542949056352318493e-01 1.240209950496209323e+01
7.083305232729577572e-01 1.206576360655556179e+01
1.388072257614982208e+00 1.238178046591628423e+01
1.538458590854716146e+00 1.202201159821577647e+01
1.640116440409444598e+00 1.216387767271611686e+01
5.604395370101039608e-01 1.278137676580356974e+01
1.212672690728705982e+00 1.257351083725052021e+01
1.950930135694810996e+00 1.258181879506235923e+01
7.971126692352086263e-01 1.213086128565116084e+01
8.456058585114299975e-01 1.198664981960945752e+01
1.170146241839858270e+00 1.213220124059344407e+01
1.712907016986290110e+00 1.230794985455694679e+01
2.224330520452479920e+00 1.204664157158298821e+01
6.297449754723745130e-01 1.230670786956629215e+01
3.874615415342365643e-01 1.302810850389180430e+01
1.522012588629276131e+00 1.268514934821888041e+01
4.356711114385977690e-01 1.268436901611806178e+01
2.189548809419861186e+00 1.215357290784061739e+01
1.507363319107312583e+00 1.219215537736052113e+01
1.681558775687583607e+00 1.248688337724243347e+01
1.881423095294893155e+00 1.275549037774380601e+01
1.931562809194099950e+00 1.269896847844631260e+01
1.258601210029104855e+00 1.231146121363001100e+01
4.807871329820210260e-01 1.242113453646640053e+01
1.284027085261062906e+00 1.215073171685520492e+01
2.052096625030447541e+00 1.168561754763533855e+01
1.551540257389038668e+00 1.220429695505511525e+01
2.069946947407514504e+00 1.228917979338137378e+01
1.501909879786837099e+00 1.161347709926735838e+01
1.698933441893256235e+00 1.208271255790254628e+01
5.056289380845176984e-01 1.205152796636470391e+01
2.040590611390850739e+00 1.217722768888315699e+01
8.502160088582462194e-01 1.242037517862678264e+01
1.848347139017475715e+00 1.118990374110029862e+01
1.359562067551699505e+00 1.222492729139063350e+01
1.709888961341328617e+00 1.230907812813977742e+01
4.131788530499339585e-01 1.267630135539381264e+01
5.068346951563929004e-01 1.191521080831502744e+01
1.763145318680813034e+00 1.247882963896489450e+01
9.408401825458839740e-01 1.213135026342970235e+01
6.990781286579954568e-01 1.213281019988688669e+01
1.238232444661270248e+00 1.176182502552194364e+01
6.499209284427094335e-01 1.211656333603115243e+01
1.808747546860085986e+00 1.242145529876498067e+01
6.028924517368207114e-01 1.192631947511794799e+01
1.621933820048623520e+00 1.195742231648198128e+01
1.418891460508392877e+00 1.256323816735280907e+01
1.372346424177022906e+00 1.256839520180831826e+01
3.327745514567732599e-01 1.336399038668251116e+01
3.628606732167481974e-01 1.306161353795122437e+01
4.822783662649340886e-01 1.245515437533921776e+01
4.026027895846445714e-01 1.280889577160626658e+01
8.965747180193757160e-01 1.199263504137207015e+01
5.383338724598411007e-01 1.222369552515653623e+01
4.138024629962674394e-01 1.296613111638582971e+01
4.674217865260684168e-01 1.271567148730208352e+01
1.646885670628699172e+00 1.224874168757875381e+01
1.800038543446315975e+00 1.209946968930455569e+01
1.281702320254942684e+00 1.212183922729326646e+01
1.787114057518231824e+00 1.255881785437550135e+01
2.024162258528959146e+00 1.180031507531751700e+01
1.700884277852930060e+00 1.233223448383195731e+01
4.257396259116769666e-01 1.257276495828089757e+01
3.283647140370622997e-01 1.333134941445834265e+01
5.580716472153136598e-01 1.199617294083987140e+01
2.119277412944175598e+00 1.119889976074434834e+01
5.304289719830256322e-01 1.207928812701057097e+01
7.538240517775327554e-01 1.223278641940549782e+01
1.084035930344572130e+00 1.212222286371031110e+01
2.079190493852124177e+00 1.226525707602326776e+01
6.111375999877504128e-01 1.217681514531810727e+01
1.384540903025485381e+00 1.224443455193471664e+01
2.119974129124351236e+00 1.208431837260090980e+01
1.381778544150597643e+00 1.233938804208193751e+01
5.081155069092855303e-01 1.238413891231460262e+01
1.943165875136861676e+00 1.200931758233889646e+01
8.996835176337550921e-01 1.171881053760957059e+01
9.944337984759429316e-01 1.254402889915473907e+01
2.177755135620630611e+00 1.200942171383343116e+01
2.057125918031195599e+00 1.169007991696415516e+01
1.562674956259976877e+00 1.219184375733619241e+01
7.416869156421825870e-01 1.215913967710062593e+01
1.857506528732766560e+00 1.273593354566915714e+01
9.986133418104646831e-01 1.189017713205838511e+01
6.545067001832299836e-01 1.195681376657659101e+01
7.113755718610134116e-01 1.206191506227530041e+01
1.485039805390878653e+00 1.232080170252221407e+01
1.908485739429423456e+00 1.179933437249057526e+01
1.602704669641580981e+00 1.198526452637713646e+01
1.792262942285382188e+00 1.220033055900960761e+01
2.160228914604420236e+00 1.144504179755444184e+01
3.138857219500237328e-01 1.344652957892756362e+01
3.897618649584672079e-01 1.250415229845287080e+01
1.915107066598685570e+00 1.129387056071022322e+01
4.343601681804083459e-01 1.294930294660081138e+01
2.096946010257165760e+00 1.242760068070523438e+01
9.946013520474201730e-01 1.192801220574885690e+01
4.199971519003458109e-01 1.268675838956877122e+01
1.708237516836800030e+00 1.251920406880587322e+01
1.129505007654603821e+00 1.223168342701681510e+01
9.253504472919115154e-01 1.212086058281673040e+01
2.039864975575547579e+00 1.215934072961680634e+01
1.353353512383505874e+00 1.216169006053021029e+01
6.288337843145032080e-01 1.182603703754974589e+01
8.181160180067758025e-01 1.214485563252420164e+01
1.762057485593124806e+00 1.204850814893601196e+01
3.393320967448816283e-01 1.286577139976517792e+01
6.066115341922619919e-01 1.202283425404188044e+01
1.021782371310663740e+00 1.262195534283649323e+01
5.790810764238608632e-01 1.281503706967542833e+01
1.172190103099670644e+00 1.250278594080518069e+01
8.085003688239217334e-01 1.185188254730037016e+01
8.822429837627419058e-01 1.252620560152003293e+01
2.111633565103542054e+00 1.171900353911505732e+01
1.509953959565347725e+00 1.217912971685917611e+01
7.324607748139722041e-01 1.185163303220995701e+01
1.104202948693732367e+00 1.185349128745543368e+01
6.616602181599319232e-01 1.183757549349447302e+01
9.797954123197712972e-01 1.201293150602682047e+01
1.570882292161298599e+00 1.245028742794602650e+01
1.816273489640894079e+00 1.251283036360414513e+01
1.797298212890213964e+00 1.152935045027714445e+01
1.312025079350843226e+00 1.199605155730926853e+01
1.315936300620967891e+00 1.204712115752479917e+01
8.286673026517913376e-01 1.227346531904771432e+01
1.267503448154978063e+00 1.205509340898165860e+01
2.045907416268094359e+00 1.172888869383826460e+01
8.518462077654036513e-01 1.205965683749900386e+01
3.789582805724936998e-01 1.279343172582624000e+01
3.739316659108555263e-01 1.319711033510385967e+01
6.754386898883981694e-01 1.232485449663379740e+01
8.157123536716813783e-01 1.224001624000230493e+01
1.649274231688259817e+00 1.182941104169239743e+01
1.484247557495237180e+00 1.203496098970273032e+01
7.494764394347804837e-01 1.190523166096014052e+01
1.050788609438202181e+00 1.196188948892764259e+01
2.185555673859115533e+00 1.166300488273156155e+01
8.228969031149925284e-01 1.220791601058750864e+01
4.986415368702013517e-01 1.210760662458840464e+01
7.132935677593247314e-01 1.188430628956133006e+01
1.026184206206844696e+00 1.217373427889458348e+01
7.880697791885994397e-01 1.228492998078638720e+01
2.196149650363961925e+00 1.141667177713469350e+01
2.173414327558539139e+00 1.147224269789593443e+01
7.396616799739251791e-01 1.217720551480900326e+01
1.108959402931828153e+00 1.221065902930917701e+01
7.621179539487404897e-01 1.190263569140192068e+01
1.858769197225188741e+00 1.259214490500515815e+01
8.338119185913730469e-01 1.225496292833113898e+01
1.951399618640989209e+00 1.283589841320018543e+01
1.539919872858490413e+00 1.263953491188385492e+01
5.869724796946019785e-01 1.233104638813655285e+01
5.933337609890352304e-01 1.213196853246755680e+01
5.050869659114675114e-01 1.247436285659238386e+01
1.169290499044592702e+00 1.236269750456070327e+01
5.974243002828374394e-01 1.232238605271229304e+01
3.629543537699502775e-01 1.317378003341230119e+01
1.950549865322741772e+00 1.256832019094958497e+01
1.188871842130358569e+00 1.237818322971436658e+01
1.326544405815041960e+00 1.255880846247936411e+01
2.059783867873062668e+00 1.281742962828824517e+01
4.437481835344087577e-01 1.264636011132531834e+01
1.670706214876695794e+00 1.212352778520728513e+01
6.603465864307739297e-01 1.184910543299118224e+01
1.890941278586384833e+00 1.186221584136218787e+01
1.190830749503431374e+00 1.196885360690387223e+01
1.594301793152071989e+00 1.258785217417389113e+01
3.929412685688271623e-01 1.291889948495508555e+01
5.892599470673176576e-01 1.291757140711183283e+01
1.094956729317525301e+00 1.262495774656294323e+01
5.030455871334191809e-01 1.247093124253321683e+01
1.758030945292002656e+00 1.251166664256446914e+01
9.245495248276123235e-01 1.199349000222969330e+01
1.401719180642810425e+00 1.233556186089696993e+01
9.273686901058476595e-01 1.208288397305548934e+01
1.534184054515335571e+00 1.260370199483677744e+01
5.042318334174685779e-01 1.247793977815574351e+01
8.163343008523848976e-01 1.221293237781210372e+01
1.168643239965022840e+00 1.235511169082582406e+01
1.929465458367261022e+00 1.231885254543983699e+01
1.700099684313812531e+00 1.234874099869035469e+01
1.989290155786935355e+00 1.234806170781645385e+01
3.994932159903190616e-01 1.277187471667886243e+01
8.519704318494665252e-01 1.229810605047202721e+01
1.253495093196087540e+00 1.200998490504549387e+01
5.395644110748363254e-01 1.212389007672808816e+01
3.618195470556574977e-01 1.288255604145293809e+01
3.263180712383057513e-01 1.307698889353721405e+01
1.510544590526017528e+00 1.205532195018845876e+01
2.011549189107409319e+00 1.287091568693362120e+01
8.492385198656212664e-01 1.206024763375717157e+01
6.330847234349655794e-01 1.207100847122858056e+01
1.711936376074861821e+00 1.230579862884332698e+01
1.149144739031718210e+00 1.240020569757447966e+01
7.296420599372771543e-01 1.221221107371997583e+01
1.496697094197508182e+00 1.218594393205167670e+01
1.249112841378038796e+00 1.223602978985835321e+01
1.741035446552274601e+00 1.263403270759860320e+01
1.128409465986651261e+00 1.200124791367606214e+01
1.027771248602188381e+00 1.198504881316680759e+01
1.774873378127079571e+00 1.140717763439671550e+01
6.385412979242902631e-01 1.230243468919539396e+01
1.387406544622670657e+00 1.238595925639126527e+01
3.872373847298439253e-01 1.269790814284903746e+01
4.917117286227286610e-01 1.295317318336441481e+01
1.525889775535908433e+00 1.273382405037070875e+01
1.541630618249673290e+00 1.184535619043103338e+01
1.959447814616847028e+00 1.154452208383278666e+01
1.344123256076170225e+00 1.226492049748929958e+01
2.997736290056570163e-01 1.344578738973916288e+01
1.081448019630399049e+00 1.229733646544919878e+01
1.206404268682268244e+00 1.237071190277178268e+01
1.076315515677450207e+00 1.195514002676653043e+01
9.696641989733773004e-01 1.191422375844943637e+01
8.028920336291357485e-01 1.203833938899957978e+01
1.105690770149429403e+00 1.218340830435733224e+01
1.238246919753927200e+00 1.232190735628400269e+01
4.333059673625299091e-01 1.314617233937843288e+01
7.135245734373489856e-01 1.202947330755124611e+01
6.926016194581586793e-01 1.186214753446107473e+01
9.830842873112812796e-01 1.191819760207755330e+01
1.895699743433630236e+00 1.199322308486065580e+01
2.152189772775403576e+00 1.162395540062947852e+01
1.463900825009337492e+00 1.242781094755153681e+01
8.725060060749887381e-01 1.241211047618202201e+01
1.921720138199025207e+00 1.204590182926515851e+01
1.498563711630874096e+00 1.238525007280156309e+01
5.719161556794357670e-01 1.218372229420959307e+01
2.018291959431314453e+00 1.277716863034625483e+01
1.813833197790057028e+00 1.228108776897974508e+01
1.522179029184943300e+00 1.231183101076071118e+01
1.121984523269299094e+00 1.249710193899429100e+01
1.985962053636620483e+00 1.226208598932817750e+01
3.933271306268729672e-01 1.301842028089124526e+01
1.912863296088651799e+00 1.246059448684239968e+01
1.212916719395648046e+00 1.194516096401060068e+01
3.517070302491021039e-01 1.276413283261160814e+01
1.852730298259838593e+00 1.257890150594890777e+01
1.175026596459282313e+00 1.221705227853790809e+01
1.324022254588648417e+00 1.215592538496332686e+01
1.662520875719131430e+00 1.218645058850936103e+01
1.274794216755481990e+00 1.209263091997923567e+01
3.860405792071303077e-01 1.251759697253197245e+01
1.226966016085212718e+00 1.226950718474575552e+01
3.094227214638601842e-01 1.341917837399504165e+01
1.000922789858788020e+00 1.215062643745221749e+01
4.070162134476265625e-01 1.236356072521951788e+01
1.116558570030501851e+00 1.190372026393751526e+01
1.764625950417925582e+00 1.229646103281077529e+01
1.677903694684421243e+00 1.228618600788238879e+01
1.547851340623058736e+00 1.236806106267600036e+01
1.756714424893543347e+00 1.269966130327120624e+01
7.120707751585927392e-01 1.189011387121888319e+01
3.885242388637614730e-01 1.321544373702091413e+01
8.338854755878430947e-01 1.195154240156225889e+01
5.376275434385245910e-01 1.203595254737724396e+01
3.413939700455027593e-01 1.328891837596417957e+01
2.130524946741542358e+00 1.173221736767893653e+01
1.119676416047700629e+00 1.230549734699521380e+01
8.065923535814771839e-01 1.231448360553283905e+01
1.193860600227687696e+00 1.239320622144085071e+01
5.791952181834234548e-01 1.195943874468697388e+01
1.137356926102974564e+00 1.213053084103343515e+01
1.460954860168103941e+00 1.191131086861387445e+01
1.104996848997942926e+00 1.242370048082527667e+01
6.643044135132240013e-01 1.234289734856793963e+01
6.756324538523176271e-01 1.183244500488654438e+01
4.660318079336051578e-01 1.271178119657818506e+01
1.230631530274243657e+00 1.199598631727562825e+01
1.630437757762028372e+00 1.261744335785913229e+01
1.561283185196352008e+00 1.258676836557805601e+01
1.097693283145042109e+00 1.187822808975677091e+01
1.558460406695312495e+00 1.210436180884017077e+01
8.244721748870659228e-01 1.188292068121962686e+01
4.479559584494247071e-01 1.227372907755525056e+01
1.534601834017371713e+00 1.207235738952139137e+01
8.136586885594322416e-01 1.191089258675344098e+01
2.019083048816842307e+00 1.269889874702617050e+01
5.270938892708986190e-01 1.253527394423159258e+01
6.939154372502800427e-01 1.203272917959471222e+01
2.030844600754279750e+00 1.237712794113874182e+01
1.772020605335021814e+00 1.247434460756103469e+01
5.048413978847183792e-01 1.255315438502265124e+01
1.729277550089792337e+00 1.210125091464507463e+01
1.507328539241226117e+00 1.211990732876959775e+01
2.144669696688041860e+00 1.194320003939340324e+01
6.367358364384395619e-01 1.211798921202681001e+01
7.825682819281692959e-01 1.199497883317765101e+01
4.059184624672416142e-01 1.267099655651222712e+01
7.510000671202273770e-01 1.260643530482866126e+01
1.474440164341723314e+00 1.262848079074445629e+01
1.481542284316424318e+00 1.243462065230102098e+01
3.977658302697675285e-01 1.287188891592506756e+01
9.722556348357589417e-01 1.246071868934178184e+01
2.120405735618642762e+00 1.249909979645174474e+01
6.068247851671615400e-01 1.256202827516170473e+01
1.446552336611767631e+00 1.233189878172011511e+01
6.713939592235136367e-01 1.220331166678464108e+01
4.298065332408873562e-01 1.238395799652791496e+01
1.507385489954878866e+00 1.212714230491044454e+01
1.009990048087932024e+00 1.233807706473301558e+01
8.219622190292835695e-01 1.232886332707917809e+01
8.011999011505365198e-01 1.229393417502214980e+01
1.259871551719202731e+00 1.245295961843974020e+01
2.115936845524987397e+00 1.053695729730072372e+01
1.762028113414557895e+00 1.249347777603914444e+01
1.000641371676930902e+00 1.210993114301786733e+01
1.869926350053082054e+00 1.199757695155199677e+01
1.575582969675454414e+00 1.208658315126193195e+01
1.773987688239210936e+00 1.234348752295551321e+01
1.222315389651132511e+00 1.199495998489610216e+01
1.393209234489762194e+00 1.200729081263616926e+01
3.648165706573812117e-01 1.315445954327674549e+01
6.349470999914965663e-01 1.253506264437485029e+01
1.454206611782734804e+00 1.254825247418354905e+01
1.900406330965942470e+00 1.232335561547367675e+01
2.189873599261097592e+00 1.220651323374863040e+01
1.896409095491921049e+00 1.111244532553540232e+01
3.760069328979380177e-01 1.294274279196392108e+01
7.479597303377720774e-01 1.191826475229288462e+01
1.118150444295155310e+00 1.241204036438077019e+01
1.306972777143303510e+00 1.167366613245737739e+01
1.779009224492207331e+00 1.139408292280164403e+01
2.063929687245727340e+00 1.232054930090608380e+01
8.194718391960578163e-01 1.215069664867680466e+01
1.747896445643640329e+00 1.222276632796438811e+01
7.170706526158773242e-01 1.217666764491771580e+01
1.002433969471180797e+00 1.210800971751855926e+01
1.560242195710288549e+00 1.212354606728266049e+01
6.043028609700867859e-01 1.208457566129174765e+01
1.045576286333968818e+00 1.212301837769604518e+01
1.640657334372618070e+00 1.246153058273118397e+01
8.355853558487053023e-01 1.234185729431736789e+01
1.253084402106265260e+00 1.183226423862813448e+01
1.972823426044510553e+00 1.079437047586603349e+01
1.892481316769325517e+00 1.258335496456459701e+01
2.192828910968633860e+00 1.192391533582434704e+01
1.666311634439658018e+00 1.232761944816316557e+01
9.849430906630970428e-01 1.229054978185496516e+01
2.037770878910532435e+00 1.262628711656644320e+01
2.132271994209548271e+00 1.231081922986330390e+01
1.141298850819916444e+00 1.231757646253874761e+01
2.033172586352402611e+00 1.244249222831068558e+01
2.041392214231549040e+00 1.202096175990361715e+01
3.687130943737676469e-01 1.325177251764579367e+01
5.057224150943137042e-01 1.235531810305499434e+01
1.705885728594134898e+00 1.206985556736983156e+01
1.634084502387819660e+00 1.229221722300841435e+01
1.433849787233737016e+00 1.220305107821627999e+01
1.441974415037068580e+00 1.191138255236889520e+01
1.182827834623454866e+00 1.244976742315936669e+01
3.020351592642735450e-01 1.338197061513615971e+01
1.599042476192851447e+00 1.219325564468236323e+01
1.714726479680861004e+00 1.246394053230197940e+01
1.684872853689018957e+00 1.244995019179801865e+01
4.648872624752329874e-01 1.212918817874808575e+01
2.109926389051127504e+00 1.193131699471864593e+01
4.638744084517900101e-01 1.266831894125609281e+01
1.893144727401545602e+00 1.159666481209518807e+01
1.068803637898694703e+00 1.191964601578063387e+01
7.096392798012479686e-01 1.229749719683341525e+01
2.015356239496427282e+00 1.193892407125642485e+01
6.110912271901047799e-01 1.270898177170680299e+01
8.603750690128176837e-01 1.250930953572249038e+01
2.248881858659517619e+00 1.246972641345793598e+01
3.681689927041364441e-01 1.316225113749309017e+01
1.162561142273559556e+00 1.224525270429271195e+01
1.663201127799195378e+00 1.229764526175145534e+01
1.541435175836525229e+00 1.209145418505443104e+01
6.615897368199319395e-01 1.208150859521825815e+01
1.443272328517503977e+00 1.234041978777670323e+01
7.954739954713685446e-01 1.191137463399777019e+01
8.711512714471290053e-01 1.187996075654438677e+01
5.938785165747524353e-01 1.201303605424107701e+01
1.551806956598154263e+00 1.244386810890880213e+01
3.735682886971319894e-01 1.281523134506257477e+01
4.969465961090173134e-01 1.267375125083435172e+01
5.729394611335898446e-01 1.200364794507332178e+01
5.617222797853208549e-01 1.275396964665392474e+01
1.511060625199011520e+00 1.224641709337821638e+01
1.959028115288668381e+00 1.278325513749598308e+01
9.679623386241460459e-01 1.175932491043334061e+01
3.336016628884142521e-01 1.322621561492054099e+01
1.979228514691473872e+00 1.237796013894334912e+01
1.861964120755385421e+00 1.224339556021185871e+01
1.373347010141739766e+00 1.233541850606183488e+01
3.185813331884717603e-01 1.329309648907123531e+01
3.957875409240712572e-01 1.244551366205467602e+01
6.059764504431983667e-01 1.196363376532068301e+01
2.023638794680684416e+00 1.145897004795318530e+01
7.577560646878839234e-01 1.239732857840048830e+01
1.965379077315758449e+00 1.198131198223050475e+01
8.875945449523513497e-01 1.239916491021365452e+01
2.131617308369444519e+00 1.287670722457100858e+01
4.215049710827797336e-01 1.310291161285435990e+01
1.847487761058572708e+00 1.178200481221241169e+01
2.107524592141844622e+00 1.164486197127397915e+01
4.262313628519442399e-01 1.292907225615353717e+01
4.250481956112905912e-01 1.232088004560092642e+01
1.408139667624504598e+00 1.222499060350031996e+01
9.637262987331414177e-01 1.208565624728255727e+01
2.017563790213923181e+00 1.225419768422416666e+01
3.511774281685291488e-01 1.297632948336176284e+01
4.007479671497847229e-01 1.259455156008778332e+01
5.794778847911881137e-01 1.193966800193686417e+01
1.339129236251358046e+00 1.193676666334288683e+01
1.707905539747738732e+00 1.247203831818821840e+01
1.747266616699097330e+00 1.248715160454472439e+01
2.067198751344084595e+00 1.281097268480787754e+01
1.180789019302016962e+00 1.173839901519007434e+01
1.997009833727669825e+00 1.138606153196062465e+01
3.072333495042234852e-01 1.345801124886289024e+01
4.395127584921876829e-01 1.257304891358464438e+01
1.685978000715107505e+00 1.248689511611321024e+01
2.025437336085643025e+00 1.189308853996398341e+01
1.366342021011220265e+00 1.216220594462542515e+01
2.099900539407780986e+00 1.222295801012043448e+01
1.218915153753377334e+00 1.233210662051557804e+01
1.595786513551909369e+00 1.165539097714560768e+01
7.387207142142983018e-01 1.220091506585409391e+01
7.561385993806135630e-01 1.219272955049171792e+01
1.836183504329080618e+00 1.151579066271014007e+01
3.046257093739791477e-01 1.331860368780004755e+01
5.030921001930516168e-01 1.251781658681594855e+01
1.930252801118351735e+00 1.262557111228812978e+01
9.518717275195336391e-01 1.235570553092205692e+01
2.094058626373029863e+00 1.264201987461570020e+01
2.087857871475221838e+00 1.216216323508504082e+01
3.176535488377457694e-01 1.334898179841999877e+01
1.382631909847614304e+00 1.225124995024832941e+01
1.093900527033131453e+00 1.242869142481585776e+01
9.910351913487148723e-01 1.213390143468487992e+01
1.076073774741816536e+00 1.207064137231925294e+01
1.505370539027281351e+00 1.234091654376802971e+01
5.482968165524911841e-01 1.216515407323284848e+01
6.848316913564562736e-01 1.230795674360557612e+01
1.913601178366019173e+00 1.240917106846233864e+01
1.980630195588684028e+00 1.263451819024439438e+01
5.586848126106728207e-01 1.232662462904977296e+01
2.093110725540619832e+00 1.238074324957251626e+01
4.472892997595329101e-01 1.303549621224003197e+01
4.457380250905194075e-01 1.304239458086519754e+01
3.845692422574094604e-01 1.256283511211210246e+01
1.443645498125412763e+00 1.223024148400271827e+01
4.913559218451897803e-01 1.212637847796715640e+01
2.159233739708513955e+00 1.270997943747245174e+01
1.175738272716382316e+00 1.248163516751717594e+01
4.664168259277026718e-01 1.256651487439319048e+01
1.839424830458268323e+00 1.233683910364816150e+01
6.253427633767679739e-01 1.236271834117174784e+01
7.589989278134282591e-01 1.193421561144305088e+01
1.215055675930940771e+00 1.175658072869024906e+01
1.452524859297092519e+00 1.227481124063704421e+01
4.926257442147512489e-01 1.216023027077905283e+01
1.148379702930238055e+00 1.215236580755896689e+01
1.165241117705958729e+00 1.207561594816732153e+01
1.901661764702000434e+00 1.233566157123230234e+01
2.116162941582971246e+00 1.232560685208535922e+01
1.725529844666002344e+00 1.187975824186665008e+01
3.392688716707664143e-01 1.325883754098918743e+01
8.115266485001303431e-01 1.218761358639217995e+01
1.760374363224698202e+00 1.272708221518401928e+01
4.906149812668183507e-01 1.240022413166319915e+01
1.446619143903440374e+00 1.212284695318592043e+01
1.780063562229646346e+00 1.211683122584674344e+01
4.182508899760969401e-01 1.239653996312901896e+01
7.203984792428963502e-01 1.238698259091121301e+01
3.806368306979715510e-01 1.315792226895577954e+01
1.795304727224035224e+00 1.235324212389315512e+01
4.652694205494120050e-01 1.219876473453643939e+01
5.477924932377590261e-01 1.258395956973395791e+01
8.175667650897684435e-01 1.189120605561816824e+01
1.477099131534842957e+00 1.236404889297908660e+01
1.896546945651337079e+00 1.216131404661285309e+01
2.060272092408068190e+00 1.210922994526452179e+01
8.572101111381857930e-01 1.211654928854324353e+01
2.145970817372651496e+00 1.256157926164072158e+01
1.141134077675497682e+00 1.207360339366283242e+01
1.133668993468896824e+00 1.210210145983938368e+01
3.924141981664492906e-01 1.261673276632238405e+01
1.533425336562395103e+00 1.237040141696354922e+01
2.107662528680149805e+00 1.088553231115312236e+01
1.463014271245158593e+00 1.185452009630223280e+01
1.334903089837761625e+00 1.264069823225029054e+01
2.240558440575284305e+00 1.211971294149497069e+01
1.436310621911102148e+00 1.199883134210732116e+01
1.481210323528932449e+00 1.211244781079804689e+01
4.951032303219007336e-01 1.222591123371235788e+01
1.307649437828088512e+00 1.247713256530176551e+01
1.395148318094923345e+00 1.215696596647753758e+01
1.034753168636940002e+00 1.197739589060789633e+01
1.099128351823252192e+00 1.225046956478955984e+01
1.424381330464518536e+00 1.264763402665792746e+01
3.589718494279504624e-01 1.294217790961572057e+01
2.036981749768616456e+00 1.238832796153402249e+01
7.991097856560593904e-01 1.185974269914343004e+01
4.765153981581768394e-01 1.218997423856441920e+01
9.073287295988052836e-01 1.201625238318294997e+01
1.415731107967056479e+00 1.258058958422669882e+01
1.180823461297332733e+00 1.261178848395668162e+01
1.471921073583698947e+00 1.216733366281278883e+01
1.255030772889963897e+00 1.208656892775480429e+01
1.841450605275339880e+00 1.207503912875334073e+01
1.687042303747810168e+00 1.184264011453093346e+01
7.378437391921315314e-01 1.204192337273600266e+01
1.207484272961980354e+00 1.183417145835894146e+01
1.650284384567070717e+00 1.240804855908095305e+01
9.960420748276515024e-01 1.217028899037677547e+01
1.800505677635935387e+00 1.269858864077177607e+01
1.432558227371502735e+00 1.223628550244259827e+01
5.072069022583624021e-01 1.274941787726122833e+01
1.160606948431718077e+00 1.245913002597957231e+01
2.079226278905994096e+00 1.258420925589819817e+01
8.301525335527613070e-01 1.205437543443348680e+01
8.807167250444274398e-01 1.214423257483711716e+01
6.080851166338879787e-01 1.186914242821392840e+01
1.940659424168777791e+00 1.224512669058275449e+01
1.061579804883489242e+00 1.199942527108792945e+01
4.719979597043510999e-01 1.229213558327592182e+01
5.980482807828856329e-01 1.219162930318234039e+01
8.179903949783454697e-01 1.222328329589903362e+01
1.782869614005716086e+00 1.199649512884016644e+01
1.986912010030285503e+00 1.193074104856789752e+01
1.717017760244246238e+00 1.192608798189580277e+01
5.433633341192544153e-01 1.222734085291883588e+01
4.323320418862540149e-01 1.223761543561387555e+01
8.585811355569560321e-01 1.194810628060846192e+01
9.420225055847102347e-01 1.199647059915663938e+01
1.280327982909932771e+00 1.235583293281572637e+01
1.216416374381417809e+00 1.235451681434256344e+01
4.708222448017209683e-01 1.293384575150945892e+01
1.100758168156061201e+00 1.182761055952850526e+01
1.235399559342588161e+00 1.183138545402124109e+01
3.548403263076296277e-01 1.279580114589796835e+01
1.822073887640298429e+00 1.216457727598421990e+01
1.712001952956548889e+00 1.178772540671103464e+01
1.562077989025378644e+00 1.251109277492799521e+01
1.519718031185500751e+00 1.249956848096389805e+01
6.559270988438361538e-01 1.225293842602707173e+01
1.872522635594687568e+00 1.265058370589259162e+01
1.410429624511033708e+00 1.252215066414851741e+01
2.070401560258109619e+00 1.269184644232855952e+01
7.426520553480082665e-01 1.197264384837260920e+01
1.513773054324595302e+00 1.193628156048990974e+01
4.376043429105257454e-01 1.235643119548905133e+01
7.433803578810335155e-01 1.190222044023868442e+01
1.297649473301612399e+00 1.249463247824658829e+01
2.981545918145275809e-01 1.353527980862302194e+01
1.591748948383422846e+00 1.213972309474738154e+01
1.329019557556701425e+00 1.214792604913681906e+01
1.896958997005120828e+00 1.239558390445691316e+01
2.113716895435847398e+00 1.124191358684876541e+01
6.124337665521437657e-01 1.215159654801289513e+01
6.630855590085097395e-01 1.238493718364862062e+01
5.176038888224983037e-01 1.258344687738865808e+01
1.033629079696285036e+00 1.189875785279063791e+01
7.399216514803761413e-01 1.183675466673793331e+01
1.214128102886018024e+00 1.170397950439756052e+01
1.900926625669701719e+00 1.143490419381464562e+01
1.611659126431060907e+00 1.227366660735514081e+01
3.378973815578743545e-01 1.331235437507364239e+01
4.581102744160479578e-01 1.249721279747267211e+01
3.530124959044090849e-01 1.294981278366458533e+01
9.931994630729678031e-01 1.227699442289922693e+01
5.288095883161768596e-01 1.252966217061104004e+01
1.324790194634758222e+00 1.228002288658178820e+01
4.706740370559181486e-01 1.247901510846124218e+01
4.879351273076287798e-01 1.254219870433026607e+01
6.175737875818965161e-01 1.229587503120236391e+01
2.027879935507660658e+00 1.197757927182469828e+01
4.510949422120065777e-01 1.223454007818976486e+01
3.802696388557642582e-01 1.286657020802344675e+01
1.269480395469413825e+00 1.219112842553014175e+01
1.575181909350059639e+00 1.210825388942297387e+01
1.985833492226825925e+00 1.207375331518821682e+01
8.620395309563200215e-01 1.193252901162263413e+01
1.240029025884258118e+00 1.213576810863886202e+01
2.142287557695466749e+00 1.213693719335629417e+01
9.986670456077759717e-01 1.229739453148769712e+01
1.213067984272037769e+00 1.226991805839969629e+01
2.008456261081205341e+00 1.272303235973962110e+01
3.696291523706777826e-01 1.319147916483009730e+01
1.791402665916485448e+00 1.243130506537192659e+01
2.006140997167691786e+00 1.223713893724016799e+01
1.504448913945194422e+00 1.172656212748574056e+01
1.385838719807500174e+00 1.172533370813521358e+01
1.126180106055737706e+00 1.245871960359012220e+01
5.830354165483000450e-01 1.239612217057228172e+01
1.150845534552356941e+00 1.210547511671756205e+01
1.357687838028821981e+00 1.160499113863769693e+01
1.426709171178685009e+00 1.230599649058139633e+01
2.185178947744642830e+00 1.147508265529279647e+01
2.099803772900979748e+00 1.208044024017847384e+01
1.989448940834390056e+00 1.234328519742874697e+01
1.536338510216816333e+00 1.225498575563963222e+01
5.798942673803761938e-01 1.242363068661074799e+01
6.530811762126695896e-01 1.203362012711491857e+01
1.058245479113143928e+00 1.200614262324353199e+01
9.293550585758291183e-01 1.199793510205655167e+01
1.876983119903220976e+00 1.189183042234831333e+01
1.998423483857888261e+00 1.170006280905300677e+01
3.405908150586658412e-01 1.320741804104335060e+01
8.356404882534334000e-01 1.205280663737559976e+01
1.787707215373984582e+00 1.270838191072778933e+01
9.025525281295163627e-01 1.253371217659926096e+01
4.442789229152271369e-01 1.235813116103486919e+01
4.021807590565521506e-01 1.258255851690733884e+01
1.081732793685817207e+00 1.166783823173483903e+01
2.021016379646722427e+00 1.150710537695475111e+01
1.554784056468284881e+00 1.191250708729903174e+01
6.601360968870121360e-01 1.214702174867131568e+01
3.589659640920923045e-01 1.286673580539449091e+01
8.218127193873026037e-01 1.178475797863743502e+01
1.134835319695082667e+00 1.222241955959279380e+01
1.512786625356304038e+00 1.214531346181924754e+01
1.839233563458393617e+00 1.193719578439107210e+01
6.701207335585710467e-01 1.210254764609219080e+01
4.246932129721496252e-01 1.251800460083809163e+01
2.088069811333160164e+00 1.265624257297706556e+01
4.403227161628996966e-01 1.263345468421817053e+01
8.242385537671170770e-01 1.208028999779055823e+01
8.041483446632023968e-01 1.241141978722482264e+01
3.055833609173686516e-01 1.339527534775490025e+01
1.212885499861323879e+00 1.157969080008252760e+01
7.849395172945102805e-01 1.221440716802870874e+01
1.572980478334267129e+00 1.217816103063030830e+01
8.704320678611298101e-01 1.251370101405377966e+01
1.046409119179284808e+00 1.233696594322529805e+01
5.819373738185250611e-01 1.203857277731149189e+01
3.353672699267576940e-01 1.320745029349444977e+01
1.088609290380159855e+00 1.185027517654925866e+01
1.978102667905035750e+00 1.239210812551430863e+01
7.945055843446497956e-01 1.205967596086554217e+01
2.083659151259580788e+00 1.147836264722582911e+01
1.574135117532371897e+00 1.234491269653676504e+01
6.475127572131900155e-01 1.206841066111093852e+01
7.758634474299411776e-01 1.214245741106674537e+01
1.662831393971652583e+00 1.182585625215966907e+01
5.379141321806377718e-01 1.242656025708253509e+01
8.148714377225322325e-01 1.225706589596584983e+01
1.176036940673844677e+00 1.188384723510870877e+01
3.262957274676473451e-01 1.324772554704248151e+01
3.690308423937178617e-01 1.296816582201270940e+01
2.114787264601098560e+00 1.234957262909279585e+01
9.418543043798807135e-01 1.204608974381766018e+01
6.280363795078857114e-01 1.205003679137158201e+01
8.605547601893650533e-01 1.197139895240547069e+01
1.131141308796136169e+00 1.222824023516578684e+01
4.210171742490980140e-01 1.226457265827007426e+01
7.441433431487696204e-01 1.246378753825226759e+01
4.903546642745377770e-01 1.292010060029021012e+01
3.562034773311835156e-01 1.327524415492046472e+01
2.000285624270747853e+00 1.105883223376258684e+01
8.077537631645581584e-01 1.205421559505331075e+01
1.431094251981351206e+00 1.199782299921105633e+01
3.789323779092024780e-01 1.267411785075097974e+01
3.762490100138742855e-01 1.296356439502373803e+01
5.282125595299372867e-01 1.197266407550689138e+01
3.856820160398669595e-01 1.247863113675076008e+01
7.735775624948542095e-01 1.219406036028679630e+01
1.410283805401202573e+00 1.251546761049108980e+01
6.068874039190617076e-01 1.217979805932171899e+01
1.033419943279468400e+00 1.213951278961471480e+01
1.339800409049145546e+00 1.221065836989728481e+01
7.619373085647523913e-01 1.201138736840936971e+01
1.267680107325245276e+00 1.213948177828500263e+01
6.441317459084097141e-01 1.217019105095915243e+01
1.455170532950986750e+00 1.212170392779616712e+01
1.658109548075592299e+00 1.248260854807965181e+01
7.126382322321055396e-01 1.195822977770787432e+01
1.912832887908738178e+00 1.137063749049037398e+01
3.917688683549541140e-01 1.279278293287251600e+01
6.123605766358645175e-01 1.213185256833504866e+01
1.385399616898909336e+00 1.223109510338552752e+01
1.490614321067932568e+00 1.255821188169605129e+01
1.932354234282307237e+00 1.153930020504868814e+01
1.077248949177304738e+00 1.191267560682491400e+01
1.397453625452488746e+00 1.199120752724367378e+01
8.204862048000819419e-01 1.194015155869725575e+01
1.792832992839073381e+00 1.211849895744595429e+01
1.628395907543946697e+00 1.265273387853405218e+01
2.072768609178916588e+00 1.202409017097036426e+01
2.097666084415774623e+00 1.236301432361632102e+01
1.726196794963550385e+00 1.226373627733765836e+01
1.513659723857732287e+00 1.242099813051805057e+01
6.016100332654659155e-01 1.208008286195203418e+01
8.677734808011151602e-01 1.211875267234233000e+01
1.724748796012756991e+00 1.185390568842115400e+01
1.883765993324512777e+00 1.199649107566894735e+01
1.236715673596557874e+00 1.189289122093291695e+01
4.253173452736195292e-01 1.269252767478077004e+01
4.926556898393928408e-01 1.302088944542453675e+01
3.897526880251694359e-01 1.306277168519763343e+01
5.489119326013289779e-01 1.264002776510435133e+01
1.071335845890863947e+00 1.230973972636683378e+01
1.068948855394283637e+00 1.193867493673805313e+01
4.813051630083263754e-01 1.245811589542852893e+01
1.380109014348816387e+00 1.251348801952631007e+01
4.478172656339631241e-01 1.292671627160994952e+01
3.244144402171517672e-01 1.328246067311509293e+01
1.426396047221320185e+00 1.236897925160834255e+01
3.847471965142765238e-01 1.292584057747568771e+01
6.850136705155907002e-01 1.192696968716078487e+01
4.501338443005041823e-01 1.256611468341483295e+01
1.776018155663295461e+00 1.208145564854395637e+01
3.646759930645127601e-01 1.299217060120830780e+01
3.939937585263196818e-01 1.276896939409680698e+01
6.889035852002317606e-01 1.202611386389567016e+01
9.937865150298803574e-01 1.237529180055422451e+01
3.939958430920616483e-01 1.312429756442036322e+01
1.182898567338747098e+00 1.225151497419916780e+01
5.310475561952516799e-01 1.212820565879609624e+01
8.302863003459377556e-01 1.179283910333685093e+01
1.853543838788518361e+00 1.249988230501456954e+01
2.115724918277125166e+00 1.250339384709531032e+01
3.928149170736666695e-01 1.299035898465529115e+01
1.667655895087992945e+00 1.195960648429166007e+01
8.540205086098492382e-01 1.178404905405941605e+01
2.289823815976421262e+00 1.208030631178252889e+01
7.953300497770748878e-01 1.214382957471261193e+01
5.435063799506231197e-01 1.226028954475470378e+01
4.999572263696356877e-01 1.246695829775827669e+01
5.480331720853972577e-01 1.236561474536200578e+01
5.427877424022498065e-01 1.209232350749070939e+01
1.658485595451495209e+00 1.259196884744313572e+01
2.101811775000814730e+00 1.236629093620940800e+01
2.054936595673680699e+00 1.240106805713828209e+01
6.276822875710982297e-01 1.234681615802407961e+01
4.437320221431652612e-01 1.252174713593229605e+01
1.789279050444709140e+00 1.253569241433332593e+01
2.009276732480505423e+00 1.174519996349947526e+01
1.409939719460471252e+00 1.237240313617001952e+01
5.053579490105004624e-01 1.216967107237086410e+01
1.465037398260445656e+00 1.262410909224831990e+01
1.915295275620796600e+00 1.206468077715975440e+01
9.041925828347648908e-01 1.195627904420189047e+01
4.437947208528697507e-01 1.237564790850798602e+01
6.342348331105687187e-01 1.209018258987442884e+01
1.943626842751025485e+00 1.277259705175771565e+01
7.641253354090195016e-01 1.204124562159600131e+01
9.296002934991632882e-01 1.161546548392512612e+01
1.563436076273371667e+00 1.243315031588759290e+01
6.765152339213530430e-01 1.205522433314589748e+01
1.737139645653373199e+00 1.214423605187575816e+01
1.978678671803040690e+00 1.213331683560599394e+01
3.327972047592333005e-01 1.332393680020357074e+01
2.066689837762613724e+00 1.263296253935746805e+01
4.337696337455079210e-01 1.238652928602113334e+01
1.022805294946910193e+00 1.196653351944875610e+01
1.090702312913023775e+00 1.197392289154303668e+01
1.704847465744812718e+00 1.198325361696223190e+01
3.966639606942258811e-01 1.239484441689754846e+01
8.668299205850973355e-01 1.223956361296024653e+01
1.035349051611682780e+00 1.230900584358024474e+01
8.046918467773378492e-01 1.185619038908109069e+01
1.595311715321591661e+00 1.211277352567160115e+01
1.634427248447158698e+00 1.211577276818049143e+01
6.999562394267798693e-01 1.206070845862922347e+01
1.174496930959630703e+00 1.208035477514828848e+01
3.187802086346699371e-01 1.337967035510887470e+01
1.815873099197847340e+00 1.198381432065177954e+01
1.121626244928924487e+00 1.190842901982034618e+01
1.816480328134735700e+00 1.202195540585762856e+01
6.977707029359435653e-01 1.243110076130391839e+01
3.838472490196397358e-01 1.301656344678341348e+01
4.518206070314282341e-01 1.258003364441236016e+01
1.213404364662257651e+00 1.221101926616823619e+01
1.982562202445429467e+00 1.158938874197352753e+01
4.662543786597601603e-01 1.231152542538186800e+01
1.822878172063397972e+00 1.208075413647839724e+01
1.214204309750246402e+00 1.251055570093134506e+01
2.145443883701420695e+00 1.173876089903803965e+01
5.167294883039719178e-01 1.252334159114402468e+01
7.002760132213593502e-01 1.205399278478959424e+01
1.459900722453948863e+00 1.254750612570543922e+01
4.404867808808412555e-01 1.223160916214077432e+01
6.828165250229437655e-01 1.204289591336444509e+01
2.103135880370758493e+00 1.084698856418475721e+01
3.506517038876176828e-01 1.327100901246453724e+01
6.827926486555461194e-01 1.218481594695528969e+01
1.175738909040723090e+00 1.232852479782481936e+01
1.408425403397850717e+00 1.212528830993818829e+01
1.456481359107886453e+00 1.251447788433488384e+01
7.042534622570135738e-01 1.201014704792965837e+01
6.485662903221615094e-01 1.190604695872199059e+01
8.191308959750560614e-01 1.206421637699850358e+01
1.207396858927368699e+00 1.220628494821612797e+01
6.125617263443811078e-01 1.267272733835991083e+01
1.739223784128603567e+00 1.264294955441354240e+01
8.552240396758566954e-01 1.244411725611729302e+01
2.179358700303190233e+00 1.179954264831268418e+01
1.770087723244470501e+00 1.217983514827570879e+01
1.968811771857580384e+00 1.218387132774690862e+01
1.967798523042852077e+00 1.218431301027584368e+01
4.203217520208019087e-01 1.280434079045090634e+01
1.417586158524781315e+00 1.232425545005352951e+01
1.172834579414469669e+00 1.219485474132935110e+01
4.541636428788947688e-01 1.278029102083204371e+01
1.983850744085993822e+00 1.164080686647347562e+01
4.861321911738834545e-01 1.301321395495099509e+01
1.750756599038115757e+00 1.255412153182993684e+01
8.536353488425191260e-01 1.195838470597541203e+01
4.286762284139965518e-01 1.256228092442315614e+01
1.356151030345240649e+00 1.242052528390893507e+01
1.641508884272459667e+00 1.247846494147770535e+01
4.384956609989296150e-01 1.294572209521262174e+01
1.445546886917179918e+00 1.226097825527043028e+01
1.281478649122339553e+00 1.168966765675011565e+01
4.188183920511732716e-01 1.277581042476634110e+01
9.330496694926914136e-01 1.213959329442973534e+01
1.468692414640426103e+00 1.229137119922975785e+01
4.760337841803288783e-01 1.241874381322032228e+01
1.856068389839634181e+00 1.193231879163999132e+01
6.192577194767904247e-01 1.187954552460345603e+01
7.952124541466492058e-01 1.182741172057536438e+01
2.083952605456081297e+00 1.241661085471145043e+01
1.114113168837943535e+00 1.225911945427713690e+01
1.912871898119265390e+00 1.224741360297256776e+01
3.805231429503603824e-01 1.316533848810472129e+01
3.944957880220699153e-01 1.306570460844316095e+01
3.108238361088330737e-01 1.338093737876319267e+01
5.791798957580694962e-01 1.254097354829514188e+01
1.524580253686597109e+00 1.240823537861723658e+01
6.926928479918451620e-01 1.206569564499141123e+01
1.093397168553745802e+00 1.203518453839757640e+01
9.834761959365284634e-01 1.261687629227772156e+01
5.963805793709896497e-01 1.290475951249352171e+01
1.229025777720075707e+00 1.251423199694516519e+01
8.342035823548180629e-01 1.231000986432568922e+01
1.800892714730246702e+00 1.253901547056295129e+01
1.351022970948766666e+00 1.268300543946917358e+01
9.500791318642715089e-01 1.212598625165798616e+01
3.712701151416714640e-01 1.275434003164203567e+01
1.314440059018087359e+00 1.221547919906707769e+01
1.879680411160131515e+00 1.212487888135029657e+01
3.817956096602228566e-01 1.316983874038256275e+01
5.647717395763799386e-01 1.245204941303470392e+01
1.872604089113161230e+00 1.222655332335520129e+01
1.272015272272844388e+00 1.248523073205431011e+01
9.680786046499670894e-01 1.185987817184679471e+01
1.970775625737416714e+00 1.189428345726674863e+01
4.659383654079814474e-01 1.245650356294792438e+01
4.456629527837199234e-01 1.282459329570898277e+01
4.244480845256634050e-01 1.293026914628550372e+01
1.678546855631596335e+00 1.225634811822305004e+01
1.624333268948457532e+00 1.223656834623397494e+01
1.520483630108794504e+00 1.223877046952876668e+01
1.312583695799034444e+00 1.227523859364974257e+01
1.382522626285997980e+00 1.198558415271264188e+01
1.745704099513596175e+00 1.201834508348302144e+01
7.980281792289982690e-01 1.234105654259915319e+01
1.464361268562223595e+00 1.208897317140231564e+01
2.180897712348178086e+00 1.181209627185910449e+01
1.239638713521795443e+00 1.195046246569728865e+01
3.846973236891102488e-01 1.302466694316530749e+01
9.913535596675469019e-01 1.202405045000296724e+01
1.677959041851151412e+00 1.227971595121186077e+01
2.158151163010630036e+00 1.190730091376137700e+01
2.057297796970214865e+00 1.204005698544277259e+01
1.283364442631587776e+00 1.224445171436401836e+01
6.908931887261559046e-01 1.231061729419929662e+01
5.582066367504757709e-01 1.204048575641534491e+01
1.719582139379974173e+00 1.179507076075715410e+01
7.376169565696765185e-01 1.207722150451399656e+01
7.640939517252101076e-01 1.207220358464502752e+01
4.808537062561605291e-01 1.254937864032393868e+01
9.847790861119577466e-01 1.215464702643513029e+01
5.767316934633782699e-01 1.202236342873813868e+01
1.952098244678164507e+00 1.169488382440325402e+01
1.534846211781823344e+00 1.215149712748230648e+01
1.722914571408018736e+00 1.254271215522447847e+01
1.820979748631366357e+00 1.255838502700007098e+01
6.527907887114429153e-01 1.205298252430782213e+01
1.195331016261065749e+00 1.238203965957746533e+01
1.562624348118652584e+00 1.240369942928423441e+01
3.612193315943030281e-01 1.318056582729126802e+01
1.667036754817962318e+00 1.234285739689232386e+01
1.443488270354962966e+00 1.224809078798088002e+01
1.011573507103979308e+00 1.166149653819613441e+01
1.894068858987389081e+00 1.256231014239269861e+01
1.880932100964213260e+00 1.246809802091662611e+01
9.439830771162585066e-01 1.192047727315707384e+01
3.603637214814722767e-01 1.320916530320152837e+01
9.148953878648922178e-01 1.217935689520400899e+01
1.106305247326222041e+00 1.212827902423590132e+01
7.271411775689207158e-01 1.184206756743552447e+01
1.374446693059770963e+00 1.222939460016458746e+01
9.013363888052953188e-01 1.189507088739113350e+01
3.368919225058992772e-01 1.298100351450177392e+01
4.524718219626122639e-01 1.305062919795729215e+01
1.413942640623729208e+00 1.250085760272068214e+01
1.478490754463987145e+00 1.254545937864067895e+01
7.713881501785778694e-01 1.193649966626893288e+01
1.107877581625363872e+00 1.205376620707792235e+01
1.787043379713899371e+00 1.188455757572683424e+01
4.323539418078568008e-01 1.280544716892144130e+01
5.015644877405909252e-01 1.241997561739515099e+01
1.553177803563625003e+00 1.206201935239243639e+01
1.754825819198375658e+00 1.166373362872481145e+01
1.083035985465150342e+00 1.194164226034506626e+01
8.705411815919171792e-01 1.184993104471663550e+01
1.752121031242208637e+00 1.174453345882603195e+01
7.746949855387006423e-01 1.198968366458267276e+01
2.019957049452607567e+00 1.183762888648278810e+01
3.678329898536037978e-01 1.306220243691903349e+01
1.784115456057036253e+00 1.132938323958621751e+01
1.067869315898148486e+00 1.185012453909646268e+01
1.311619069656450476e+00 1.198747303404637421e+01
5.544419014131367618e-01 1.224767636188320274e+01
4.711657269270012049e-01 1.245759425289463707e+01
2.062463321882916922e+00 1.230793496288296573e+01
1.117894232983454028e+00 1.202869267224032512e+01
1.219403737228332174e+00 1.201834168218770849e+01
1.770851330034451276e+00 1.203723837346032433e+01
1.393973352034740820e+00 1.254933248575628113e+01
1.214063585274175905e+00 1.246096960184901548e+01
4.850692251413794565e-01 1.300367843482173313e+01
2.172309181528280231e+00 1.074642858821274061e+01
4.167664707054565265e-01 1.283353726919312443e+01
1.683113925665603361e+00 1.263909783778002449e+01
4.355103141941014111e-01 1.267006732361948984e+01
1.425512531908545544e+00 1.255189889734679198e+01
1.514849799915999551e+00 1.209093726342375597e+01
3.354478576222977848e-01 1.314462453399378994e+01
1.305675724986360420e+00 1.217940280819785492e+01
1.979237333722857484e+00 1.213975980079245076e+01
5.983948769800079281e-01 1.239359418649299371e+01
7.011347912319232378e-01 1.224435727738912938e+01
1.416849994823817349e+00 1.221409462491565101e+01
1.573559331716801069e+00 1.263819747672179084e+01
1.201977155479784232e+00 1.173894931696492172e+01
1.664135483530276849e+00 1.238073460294188166e+01
7.995478097791961503e-01 1.178129707723541664e+01
1.129434482865263156e+00 1.214981067056582376e+01
6.154962247519184526e-01 1.184892466739197303e+01
2.067776045217959435e+00 1.105858202225767606e+01
7.871282802062492534e-01 1.243466492788208910e+01
9.100225871812647194e-01 1.214979587868556798e+01
9.381901355725850156e-01 1.215102363679564768e+01
4.847811971590421654e-01 1.239904503042392392e+01
5.704301428835926169e-01 1.199641906797554114e+01
1.914505943338056682e+00 1.123318599496117720e+01
4.164707491870054956e-01 1.278595378880039135e+01
1.812767558297391002e+00 1.224120738594405111e+01
9.117735314706796323e-01 1.193952534331864435e+01
1.765580005329129287e+00 1.209803980062893380e+01
1.514744870413079258e+00 1.254169243409940826e+01
1.615596500051223128e+00 1.230692481413372796e+01
7.554486578501020677e-01 1.183968462637960606e+01
1.895917212120823869e+00 1.241429939809197514e+01
1.334532282248821033e+00 1.247707855568478585e+01
1.640609888207988920e+00 1.257779971922377804e+01
1.157877782487965801e+00 1.248271494263201653e+01
1.087626719869653202e+00 1.234970975853121899e+01
2.221664315532561496e+00 1.218342946034553442e+01
2.311521663564116036e+00 1.172467343245889460e+01
7.369626577155288238e-01 1.181305908085043299e+01
1.663644902646751023e+00 1.168188938073549643e+01
1.774184096908806074e+00 1.224065036700478082e+01
8.960098884185984103e-01 1.198769492208748844e+01
5.313021031839941788e-01 1.210742348370019883e+01
1.843336556089684164e+00 1.245305216487844646e+01
1.115264835749574912e+00 1.214444484439382244e+01
1.053789275791770841e+00 1.190610149657836025e+01
3.180060428583883492e-01 1.328241355232231591e+01
9.844255547961711095e-01 1.214424927638499341e+01
9.468507113421410493e-01 1.192911504844743575e+01
2.302879189681840355e+00 1.172431485851522837e+01
3.277198529533538740e-01 1.305010140991545065e+01
1.145934977621247075e+00 1.217361152361477217e+01
6.333132425037270030e-01 1.198579560314881221e+01
1.522194110214770024e+00 1.216186658048785318e+01
4.396057236318936523e-01 1.234891269479111386e+01
7.985698998275545524e-01 1.231489553913768553e+01
6.095888774128341847e-01 1.267909288818544411e+01
2.113453289286961301e+00 1.252248578600394779e+01
6.505915142739653323e-01 1.209941853980968496e+01
1.729393397460157189e+00 1.260174434233497820e+01
1.348518213479015460e+00 1.239594855191058720e+01
1.261866800463968596e+00 1.194230208634963475e+01
1.306418547211145365e+00 1.196036856299592444e+01
4.396650907633125605e-01 1.228065524559830557e+01
1.204680967187813811e+00 1.210148429721766838e+01
4.654240933785226408e-01 1.250617839981940271e+01
1.842574498766883728e+00 1.274653761931700657e+01
1.969985182058349826e+00 1.282427225074337152e+01
6.632632046126472058e-01 1.232923985977856418e+01
1.982292038328445694e+00 1.182591210543520077e+01
1.930938057665566143e+00 1.213008785563573078e+01
1.073161916854875608e+00 1.173225943348847267e+01
1.093552176099982676e+00 1.172471611423174309e+01
6.996570793983938330e-01 1.270996406394275091e+01
2.018193093165949747e+00 1.211893526513842900e+01
1.749448511020287311e+00 1.229501621112496679e+01
1.870849153682771604e+00 1.148316142789869332e+01
4.658219036133462443e-01 1.292839187267215273e+01
2.106877091720725570e+00 1.089871793580867276e+01
2.123193938779441847e+00 1.200031083634774731e+01
6.289144458223430156e-01 1.205991801361341764e+01
3.966414015814060945e-01 1.306419352574828530e+01
9.453264633348037460e-01 1.223945192239316349e+01
1.621489004133554568e+00 1.213467408400952507e+01
1.039169433770678275e+00 1.222239559742585691e+01
8.518414147380866108e-01 1.185416987498675745e+01
1.390787714447414558e+00 1.214210695775267368e+01
1.450970395938647073e+00 1.248607651634115534e+01
2.008050731730959271e+00 1.208796829310566245e+01
1.000545467848011905e+00 1.214860635425069368e+01
6.072670018444644713e-01 1.209716483708282020e+01
7.453439778470146715e-01 1.256761653515717647e+01
1.381968229834408479e+00 1.237337569627333167e+01
1.619108795521590816e+00 1.233915473652390737e+01
6.486139613586044961e-01 1.205905697670113952e+01
6.053849582359656090e-01 1.209192794103913648e+01
1.925207198962025412e+00 1.255207566812837072e+01
1.731812839361343004e+00 1.201069166732005300e+01
1.534501857281678427e+00 1.202061416817105766e+01
2.116218299021793037e+00 1.195592379167845642e+01
6.508183584951103828e-01 1.199188614811839848e+01
8.863142073898100382e-01 1.183615289694993677e+01
2.000332329827149369e+00 1.136849580644256896e+01
1.659922011065881442e+00 1.271437003696793155e+01
9.268449399417009182e-01 1.235256550473709858e+01
1.945200880873071636e+00 1.249438204445851319e+01
8.932582159150911361e-01 1.223776480172414338e+01
1.008649264243130395e+00 1.266628745507320808e+01
1.146784083123002729e+00 1.263392468181703521e+01
8.813391579779937812e-01 1.210767998260982736e+01
2.122435768496833575e+00 1.235683441752194867e+01
3.484061505186185070e-01 1.324461378516703292e+01
9.671851222700214024e-01 1.176481086823281608e+01
1.675330910241656035e+00 1.206176686099663620e+01
1.233410418349748294e+00 1.226920714051675709e+01
1.402191646462686458e+00 1.251434503739767479e+01
6.957595986744087302e-01 1.197610533131117982e+01
9.204430690706276730e-01 1.191511663930219633e+01
3.376614622335131211e-01 1.288873430735527315e+01
1.967395861140939450e+00 1.228726571574977378e+01
4.224891450064179876e-01 1.309760880663135829e+01
1.625577286288306000e+00 1.212244702230947979e+01
4.067826860349467166e-01 1.266815636960335567e+01
1.932646554784393622e+00 1.094438601031384373e+01
3.329305756644706515e-01 1.294854782288618900e+01
3.591596380958475554e-01 1.291164170748909257e+01
4.751647183010809794e-01 1.282492082243807907e+01
2.159599638146035616e+00 1.207453139669505937e+01
1.490055899272001438e+00 1.221864714439969823e+01
3.479604942038527216e-01 1.323791005023392131e+01
5.065134548820013904e-01 1.203940377620380531e+01
9.033698627159282291e-01 1.251389622090270315e+01
5.644432188014777418e-01 1.261813001260544631e+01
5.701733132942461424e-01 1.246651632878125149e+01
5.361791235306738734e-01 1.215586587980061317e+01
6.059098681925847441e-01 1.240252620115985316e+01
1.798422121746376501e+00 1.226866662164893462e+01
9.771473446595215773e-01 1.232234631971305205e+01
1.837014469642261227e+00 1.182369881999368566e+01
9.343086251724755931e-01 1.196628361071493529e+01
2.058715501261823011e+00 1.199022173266211766e+01
1.977929706163970902e+00 1.209993683507434170e+01
1.182474740959938542e+00 1.247750343170944376e+01
9.187678228178413065e-01 1.255076778213010336e+01
1.039853202143955269e+00 1.229392733148445060e+01
8.462190429345975984e-01 1.215394002586018907e+01
1.318811196460101476e+00 1.207899045192384335e+01
1.083742860077085091e+00 1.238778072297823307e+01
1.700739751118607757e+00 1.238088730018870365e+01
2.067639154688956538e+00 1.217601006030823108e+01
1.144633670873784315e+00 1.230945675757704016e+01
8.716378923232723785e-01 1.177495481516014486e+01
1.998207690421285321e+00 1.237346826339050132e+01
8.867227688851178069e-01 1.205460781170607376e+01
2.055914948619114391e+00 1.179672858463897533e+01
9.568057072596789503e-01 1.176503706419604889e+01
6.984989650239816772e-01 1.176481238732984558e+01
1.103478263714259278e+00 1.210812257135399328e+01
2.047281106703183085e+00 1.215716856366069543e+01
1.475843589002891143e+00 1.228694512867645194e+01
3.933246448846711707e-01 1.263868934772809283e+01
3.961672330408130827e-01 1.257777399542572283e+01
1.884837829694063105e+00 1.277150907135880864e+01
1.872294757511365759e+00 1.205347520394660243e+01
7.951981553241125322e-01 1.233239676434786602e+01
1.802457796401193857e+00 1.250272813813220907e+01
3.960929722105266393e-01 1.280074902007104143e+01
4.458603529825689304e-01 1.253468302216261598e+01
1.507830356984509068e+00 1.227644395579021719e+01
1.867277308167005545e+00 1.241556065754963001e+01
4.713600993386155569e-01 1.252508034424902128e+01
4.076781263714730486e-01 1.281321582617965582e+01
5.576603903585125588e-01 1.214326133974622302e+01
1.912011043251113263e+00 1.197871269669412087e+01
7.297122154246425962e-01 1.174878611781197613e+01
9.795486030597168048e-01 1.178335315453507448e+01
1.011571654236514961e+00 1.212776286323111563e+01
2.063159472142731321e+00 1.262302646055778332e+01
5.018618986458509568e-01 1.271878338436405187e+01
6.936445676218342404e-01 1.238525008037128217e+01
2.028807146953891305e+00 1.246522063233232736e+01
1.923781452104728729e+00 1.250924633275907283e+01
7.778251173414552078e-01 1.220888477383472903e+01
3.496835078141801723e-01 1.329211990942751598e+01
1.594400394914179842e+00 1.175687223505779322e+01
6.049683686651082803e-01 1.245357796204801382e+01
1.483885500608929542e+00 1.260000635407278580e+01
6.215423207709972475e-01 1.235286963528575654e+01
1.474534812443492937e+00 1.193423957390091594e+01
6.630110203895146492e-01 1.185273682765528136e+01
1.972233181795967738e+00 1.217948960662933544e+01
7.516133144336059058e-01 1.220753457236817852e+01
1.101232996578354495e+00 1.223175251282740916e+01
1.445447996084001208e+00 1.242488731238292132e+01
1.604388329456071682e+00 1.219866980394377443e+01
8.002181045871484821e-01 1.206999412532450400e+01
1.063764301918080024e+00 1.251443376694692766e+01
1.868263327490594428e+00 1.267597407751087601e+01
1.898051313595705780e+00 1.254237686732452062e+01
6.615001897454816371e-01 1.201789438522118125e+01
1.102133241098939731e+00 1.246099341405076899e+01
1.710999415603673635e+00 1.227572071404811993e+01
1.676857252630060247e+00 1.228426369950553010e+01
4.128696140469442222e-01 1.272457354366413718e+01
1.559389863305462143e+00 1.213453927977066726e+01
1.517383903823386504e+00 1.205218491859451113e+01
1.323356841249663907e+00 1.200240824328527722e+01
2.149137313973694230e+00 1.222716838059069744e+01
3.741710856961521503e-01 1.307856133055384795e+01
2.068262178226841552e+00 1.253155596028020291e+01
5.235465392586181599e-01 1.239834607802527700e+01
1.703685695502066721e+00 1.240676476765401404e+01
1.275654979304619463e+00 1.227220404929148323e+01
1.996470453549765267e+00 1.102362992813994857e+01
4.416132633116532924e-01 1.254413796785995672e+01
6.436032450392116244e-01 1.211649695216598488e+01
1.131414014663600698e+00 1.200630198725187014e+01
1.642333514710098585e+00 1.137188770386333303e+01
7.682779814499081095e-01 1.192653354965131740e+01
9.514483254582817295e-01 1.190517937727049613e+01
2.025304229690727986e+00 1.264534756791880099e+01
6.147190136775868563e-01 1.214634455734396745e+01
1.654627805203293445e+00 1.223477921430548498e+01
4.300663420001027415e-01 1.300607890927095411e+01
1.843649869299159638e+00 1.144449523184671236e+01
1.852231156242667653e+00 1.214673822656162727e+01
1.672846983336597759e+00 1.169367744271186638e+01
1.349986767214057970e+00 1.192201859954120380e+01
7.810527405200315965e-01 1.187407827035194074e+01
1.742809751136472185e+00 1.254702483376232358e+01
3.898718121597651298e-01 1.252087973074692684e+01
2.023206446122941760e+00 1.206676172618523424e+01
7.104208269595678749e-01 1.219382114626805347e+01
4.217421775027282993e-01 1.235212346596958177e+01
1.034227174900504753e+00 1.182328494724869117e+01
4.989717120801117067e-01 1.250093897389993280e+01
3.940900150567577809e-01 1.252793244359117253e+01
4.369372169184880250e-01 1.243165956314713938e+01
4.579768750256528187e-01 1.260340038729102652e+01
1.641449453203951858e+00 1.255582779391745873e+01
6.357110355364916643e-01 1.241187896085180853e+01
1.161018546854868161e+00 1.212219772370062110e+01
1.905314658996597910e+00 1.218348864130885723e+01
1.482045044064024264e+00 1.245421743817440152e+01
8.389227079701797596e-01 1.214099659928060326e+01
4.010040073604007049e-01 1.275198187328805943e+01
8.572817446430579524e-01 1.215799094371089417e+01
2.219609968697971336e+00 1.179488539573125827e+01
7.835887555116388681e-01 1.199049848721187850e+01
1.058051228039068592e+00 1.202031303375222571e+01
1.677649760965516990e+00 1.239244933352008005e+01
1.742172330241184008e+00 1.261151675199135624e+01
1.787704934170331050e+00 1.202814636469743981e+01
1.062885868570444536e+00 1.213116161033995688e+01
1.939384771638634763e+00 1.264714734542001651e+01
1.818224112563323613e+00 1.232935275067780090e+01
1.331444230545828722e+00 1.256543009137514666e+01
5.992967696540237865e-01 1.224939567576738497e+01
2.183565733229859696e+00 1.170454088034523821e+01
1.057006612923302669e+00 1.231585617954815781e+01
7.592140102686383285e-01 1.219339199712625543e+01
7.439588784293035273e-01 1.212587257234911675e+01
1.977260851485637572e+00 1.118938798619103459e+01
5.570648467628710465e-01 1.196860528962824688e+01
1.973708955038472102e+00 1.188541617791293170e+01
1.815021951293754654e+00 1.178698045347342038e+01
1.880061903991189665e+00 1.176724828589920868e+01
4.837936573223330927e-01 1.211466079134563678e+01
9.729433360729559110e-01 1.233443037443750612e+01
1.031467585030398926e+00 1.232812584439612991e+01
2.058277660782535268e+00 1.265392051404357510e+01
1.919051518685383595e+00 1.235515914227912226e+01
4.292955374758893328e-01 1.269569335160795909e+01
2.059214950198658300e+00 1.238446567533906517e+01
1.024420315400677906e+00 1.225100993284888773e+01
2.061583092485555824e+00 1.092389749025428181e+01
1.064391391509415863e+00 1.206904571295829243e+01
1.314120744802447671e+00 1.239572825969144532e+01
1.391470167797420165e+00 1.244159165001242862e+01
1.588888852584998679e+00 1.244477446040012936e+01
4.855021969022856321e-01 1.252809904062564428e+01
7.742071765124645122e-01 1.196662097113927814e+01
7.205723410625598513e-01 1.211368013011219524e+01
1.650296280470519461e+00 1.238818886288232690e+01
7.528570076779064202e-01 1.220896251444437475e+01
4.573925123515953373e-01 1.224134618332660907e+01
2.148744749187099679e+00 1.154688609571297242e+01
1.483239499597134081e+00 1.181329020873850233e+01
6.080187175771626373e-01 1.253705609673722954e+01
6.376886423923586733e-01 1.245923140319889910e+01
1.007985174577962439e+00 1.228037810711553490e+01
7.952402792946808852e-01 1.218175906070089454e+01
7.374666880546524306e-01 1.187898010820338790e+01
1.030671703903561331e+00 1.187757102853585067e+01
2.207464456224203175e+00 1.092252826862396198e+01
9.350534807302326445e-01 1.204625426245178410e+01
7.210359741366426656e-01 1.211289246310854395e+01
1.697711123766729502e+00 1.232086687140496650e+01
3.106932142674831421e-01 1.339962575079482221e+01
6.377928004119048921e-01 1.208218031513604629e+01
2.180378162471802828e+00 1.223500638492687997e+01
2.082853411936711474e+00 1.212374583540172068e+01
1.149377531593458901e+00 1.225943002542711113e+01
9.166506917799654985e-01 1.227910288637786884e+01
2.090145781988862694e+00 1.194321196300155208e+01
5.970690158707486761e-01 1.219335458870411415e+01
3.803702802494590141e-01 1.322857571355639728e+01
7.000725722247629346e-01 1.230569454407852170e+01
1.697224073189693483e+00 1.267473119220868760e+01
6.396948885614333058e-01 1.225052370736380958e+01
3.991052176092908521e-01 1.313492836753041892e+01
7.294785118837546767e-01 1.195271073406427398e+01
8.667512695011390100e-01 1.171848299901843049e+01
1.254701490327836177e+00 1.208211378892095844e+01
1.033378156344722187e+00 1.200863091016239714e+01
4.593851565266988124e-01 1.243846515302375266e+01
2.129456490652426481e+00 1.211276543930335592e+01
1.961117970787829901e+00 1.231949859627256672e+01
1.120102007885351192e+00 1.224457939244093119e+01
5.416156761174509837e-01 1.197007174956549136e+01
8.388528652615652170e-01 1.167893683126366078e+01
4.290762241313504921e-01 1.256072560413944927e+01
1.917889306892716528e+00 1.214851737568711698e+01
5.976077893348328285e-01 1.214900619765848333e+01
4.564438986138896204e-01 1.242167085159467455e+01
1.330826280837979381e+00 1.206317269100827083e+01
1.332933380713134053e+00 1.206399687045839997e+01
2.103392859950218075e+00 1.091471857070783003e+01
6.882488355738625163e-01 1.177707732998279866e+01
1.145709628682862080e+00 1.206761899601794141e+01
1.159168840032166692e+00 1.210514218664826913e+01
4.799141035652441101e-01 1.226551720743187524e+01
5.968805909153541700e-01 1.195668177430806622e+01
1.556787653198008492e+00 1.254397697379433119e+01
3.651259293687986740e-01 1.263318025358733898e+01
5.274114895207197007e-01 1.209249478481987516e+01
1.246407993978365214e+00 1.177507979188357723e+01
1.077285320906470556e+00 1.239855271447129503e+01
5.965917542890456504e-01 1.199242092983257457e+01
4.057596309102510790e-01 1.253878699222720172e+01
1.296873684669906268e+00 1.230779183232404961e+01
1.789784496325678820e+00 1.121666492744417631e+01
7.818042792056811852e-01 1.224693232416974098e+01
6.734230955176956357e-01 1.229601316459624805e+01
1.551245589511694778e+00 1.228818007741271501e+01
1.848895797112770634e+00 1.178075156019403202e+01
5.962514924291517637e-01 1.260989668141609776e+01
5.751712239733748344e-01 1.230572365653223521e+01
6.322160861586871849e-01 1.259946787250076206e+01
5.151217216174762692e-01 1.250923931130330935e+01
1.727392358342434431e+00 1.195026654728988191e+01
4.171272426194295724e-01 1.261098671410807448e+01
2.007836878112882140e+00 1.198864895026556709e+01
1.525854269756117487e+00 1.236472754219995629e+01
1.393785185604688781e+00 1.228992490874813193e+01
1.803223396314175941e+00 1.231531304667893600e+01
1.524322401184365239e+00 1.226688658691804434e+01
1.619604796695396587e+00 1.202034074080713744e+01
2.097878517059212466e+00 1.120626418479304931e+01
1.928134805954760278e+00 1.179061484532185844e+01
1.060119856877395295e+00 1.182928666218413127e+01
8.690948309158683660e-01 1.204015242542024922e+01
1.731377819452584177e+00 1.222968550307334645e+01
4.760217747555882117e-01 1.309350312893115209e+01
2.132161651905148947e+00 1.128215324858962987e+01
1.520623676736078567e+00 1.262575674088575362e+01
2.111185029003955105e+00 1.208800712231241903e+01
6.019809155353350594e-01 1.239538080687311528e+01
1.872961891273053459e+00 1.259513526030024799e+01
1.904455614935414154e+00 1.204439457828149251e+01
1.455569459934705323e+00 1.231718692518444946e+01
1.867667518422092554e+00 1.216175434613346162e+01
1.896617002937553309e+00 1.154580889254623344e+01
6.714515678466383974e-01 1.234564883920210221e+01
8.393180381167202331e-01 1.209290693639280967e+01
1.427963255849784341e+00 1.238540290315111214e+01
2.071058175345791064e+00 1.194625756513760173e+01
1.369513377909099994e+00 1.199693511063793494e+01
1.269901072605255532e+00 1.203485803830632683e+01
3.406111550378062569e-01 1.308818880150147557e+01
4.553369778606950469e-01 1.227026229626453535e+01
1.005467530076074700e+00 1.189151793428069404e+01
4.549490152588676062e-01 1.265693482755895971e+01
1.905075004451605380e+00 1.222572720097911336e+01
1.525943418003272045e+00 1.172336233935021710e+01
5.176039059847363788e-01 1.209842427617315863e+01
9.151053702720670646e-01 1.153103745869637464e+01
1.048912222039699138e+00 1.213251444497994136e+01
1.492751336287315267e+00 1.204127084400685810e+01
1.266253829889600002e+00 1.216756670274330254e+01
2.176688396562110217e+00 1.180090716508978765e+01
2.100663050671168541e+00 1.189753273066043349e+01
1.902946280863098583e+00 1.261081802655178130e+01
1.241331307867303613e+00 1.178582055715162547e+01
5.585687934285602507e-01 1.200340438494152195e+01
1.147773787545748769e+00 1.241447323562786487e+01
2.134050077473296891e+00 1.283095096724196083e+01
2.006854305259839322e+00 1.124922227218114834e+01
1.796918828540429613e+00 1.149178714844637028e+01
1.571117404199970702e+00 1.255708033391774237e+01
1.740738798273718579e+00 1.260266030952536553e+01
8.767395010196832317e-01 1.207975817660184781e+01
1.849455844617376554e+00 1.243593879978054417e+01
1.403083969990081004e+00 1.208600936141876048e+01
3.913644235522724668e-01 1.267747173428175778e+01
1.527334929448797451e+00 1.230020921671449052e+01
5.401102973817836217e-01 1.222500273465698584e+01
1.239371432392315286e+00 1.169669074503856088e+01
2.123722692363359865e+00 1.219180268364511122e+01
5.049067690084048099e-01 1.215246407293783903e+01
1.036195209713261844e+00 1.191836543269784343e+01
1.892033209684862882e+00 1.226411716669026042e+01
4.509321196544686106e-01 1.301446617507691883e+01
2.214821947947383407e+00 1.255611437142230180e+01
2.121847001707873659e+00 1.251436612476843457e+01
1.063477649765668387e+00 1.230998281520965421e+01
3.633947299709532897e-01 1.314809338152107365e+01
1.425276850234518333e+00 1.231457356498585298e+01
1.695180220860089237e+00 1.242213407390319269e+01
6.948115060535959842e-01 1.185512744024274845e+01
1.539437434457003873e+00 1.207663050517039594e+01
8.806896030654925989e-01 1.211141301644203416e+01
3.346516350512548366e-01 1.297609122604293219e+01
2.172111004571484649e+00 1.215572054535426183e+01
1.721714123843335331e+00 1.229109391540576723e+01
5.587299075954035299e-01 1.193200815441422158e+01
4.127415490297380862e-01 1.250731078999674217e+01
9.505756714929303186e-01 1.219465393502415473e+01
5.770643917330058326e-01 1.194284472110611084e+01
1.156706785850142971e+00 1.227803957226238474e+01
9.436721328975862244e-01 1.214656845045045763e+01
6.487565906766816770e-01 1.195555644885539337e+01
1.685229388583520338e+00 1.156152753297434899e+01
1.639765907176387261e+00 1.181778210075149360e+01
4.686118009534457340e-01 1.247989524833562491e+01
1.259075342691444943e+00 1.175937714337111828e+01
8.868459263194305997e-01 1.232605574341802424e+01
1.628007147271232302e+00 1.207277947382326744e+01
9.674860041803833299e-01 1.244406368695741705e+01
1.849930872210208133e+00 1.252081433422526402e+01
1.844402213794138934e+00 1.231126094494426226e+01
9.242564298891045027e-01 1.175783589707599930e+01
1.711158588906043665e+00 1.174380291431711676e+01
1.681908747443727759e+00 1.196777921120227006e+01
1.412372772766204987e+00 1.243067614382329467e+01
7.613787785207538628e-01 1.224613367081001947e+01
5.819086175837477892e-01 1.199918377783877332e+01
5.586607466671043021e-01 1.239804088300799556e+01
6.396171453983957589e-01 1.208235988695837371e+01
4.041635596737183644e-01 1.305898301084115332e+01
1.828232925682278687e+00 1.256682738126165511e+01
1.870202404255677520e+00 1.202928621470068116e+01
1.287299213714111934e+00 1.192842529274509822e+01
2.073574452835881488e+00 1.228160546453329793e+01
5.298237959736219471e-01 1.279985531300567381e+01
8.461182008286021183e-01 1.204821781817483561e+01
1.690176520872312738e+00 1.144553991879333488e+01
7.492577027410218804e-01 1.237232753918350880e+01
1.994706578079900039e+00 1.284497657744369903e+01
1.817605754801079332e+00 1.246744794858864047e+01
1.950671202625154033e+00 1.258246289046015320e+01
1.618159798514829051e+00 1.243057609791246065e+01
4.945593510565099993e-01 1.205712421767412756e+01
3.058454041831232817e-01 1.330340719246659731e+01
1.365580780548782514e+00 1.238337122993142181e+01
1.620584303804169402e+00 1.254896554347570081e+01
1.151702513925426441e+00 1.213125968183056536e+01
1.985183597374377884e+00 1.213120609792996696e+01
3.635558907671800899e-01 1.269353497716923940e+01
2.153584722691499476e+00 1.172731438278105109e+01
1.498898061713657137e+00 1.243209058035485981e+01
1.020258175132634282e+00 1.212712188054193518e+01
4.341024901774079292e-01 1.248744638821546538e+01
4.832138510146302690e-01 1.208189874374486905e+01
1.049935583044591114e+00 1.228168610275461603e+01
1.806666884510952364e+00 1.172037587829197314e+01
7.485504233547860542e-01 1.181481775797919376e+01
1.051914660181922478e+00 1.186655979615044743e+01
8.347168193811608239e-01 1.232156559262137918e+01
5.036582660952125812e-01 1.252509527742430251e+01
2.063995118887585800e+00 1.244035282724342295e+01
9.196990729226928174e-01 1.206861771444963694e+01
1.392667812348438394e+00 1.229338433094304683e+01
7.098185930468270399e-01 1.214195288006836826e+01
3.818139808253977474e-01 1.289946964828572540e+01
8.983803537157138974e-01 1.220643911534458681e+01
9.390891426920783269e-01 1.222763395498069272e+01
8.279202298513853586e-01 1.198889625762495292e+01
5.564267096129624779e-01 1.207684798672511484e+01
1.566383256014696856e+00 1.221425498655371555e+01
1.761472279993956835e+00 1.216623446419580290e+01
1.655145652762752606e+00 1.192395435982392016e+01
1.588432504284905900e+00 1.214932781691119956e+01
2.101714369209569444e+00 1.250055914776994292e+01
1.530683227491644871e+00 1.215940009962257662e+01
1.773079045032541323e+00 1.225425188674234711e+01
1.053258906707230658e+00 1.194326981620671191e+01
9.346257176128938138e-01 1.195051950770818472e+01
5.709298357013627978e-01 1.262495839230015626e+01
1.834065811109038657e+00 1.231358609174601071e+01
2.039486785906973410e+00 1.236651014695141626e+01
2.102295860776057346e+00 1.072438186196694154e+01
2.066007605452443663e+00 1.171048634702124680e+01
7.470737264123130661e-01 1.196148211077489343e+01
6.034403705110584770e-01 1.208216627626447170e+01
1.066330849040461271e+00 1.198584617981205547e+01
1.974596076942177536e+00 1.152988652920050860e+01
4.370819777438049725e-01 1.252740169988063457e+01
5.114316614960563445e-01 1.208994543900023899e+01
1.843007455883926893e+00 1.260597028877852033e+01
3.314674156199073352e-01 1.315974340032278711e+01
1.826047692489094043e+00 1.228751474619236816e+01
4.819524013234958715e-01 1.292557941380332842e+01
4.493365166663144117e-01 1.248946396916363888e+01
7.009279409455698717e-01 1.173212541854651469e+01
1.072657654430373420e+00 1.175100933878839093e+01
1.414705781365577009e+00 1.252751692485446533e+01
9.469938484931134104e-01 1.244550848564072965e+01
1.342992600819429727e+00 1.211004596981367243e+01
3.897780859226854244e-01 1.250877257571464796e+01
3.625914501353696417e-01 1.270827245246402626e+01
1.651414631967538682e+00 1.164531332284087739e+01
1.851816125767877130e+00 1.149088096818489468e+01
9.101537057972768352e-01 1.220271262291569059e+01
7.333246370933870217e-01 1.216446419526523393e+01
4.358647607513588262e-01 1.308357473625297374e+01
1.614076314427425940e+00 1.229355918256851332e+01
1.631109137150227983e+00 1.238083926578813454e+01
1.447023756629967739e+00 1.211536229550727839e+01
5.679899991454158137e-01 1.251517399785284645e+01
7.385565309378785415e-01 1.181727047629870242e+01
8.412240734469388359e-01 1.185680094161654097e+01
6.143991422673698022e-01 1.188097845194758762e+01
3.175678427403772486e-01 1.324993499478725667e+01
1.849709312234518954e+00 1.223484708334773785e+01
5.294818699233142523e-01 1.216136149277713585e+01
1.094458437353675428e+00 1.212309319219382431e+01
1.202595124081230260e+00 1.222997599377382727e+01
7.916579018583734806e-01 1.245898077794956293e+01
2.040784313187280929e+00 1.166729802750046296e+01
7.492413405530601311e-01 1.230550973307796525e+01
1.219765118881902755e+00 1.220654182899896689e+01
2.923569577040036060e-01 1.356407171610194240e+01
1.923349380092943539e+00 1.112472305340572554e+01
8.710747956284785598e-01 1.202749892836848744e+01
1.625820456987761897e+00 1.231965445570615536e+01
9.221965598455758029e-01 1.226556761316166444e+01
1.123085284257385519e+00 1.235339603167446043e+01
1.838141361368341276e+00 1.167338138982772655e+01
1.321461177196104897e+00 1.216535149522612258e+01
2.067066853671189364e+00 1.117695751366813894e+01
1.925860683611625879e+00 1.142096873300519988e+01
6.524394361701960632e-01 1.211980726852642221e+01
1.387755206343227243e+00 1.259638559522820245e+01
1.933275713221364933e+00 1.230138894194359445e+01
1.494772952986666681e+00 1.241290652753511914e+01
3.880615513953248330e-01 1.279799096341197817e+01
1.259326236447227076e+00 1.199390549424940566e+01
7.213864245813533804e-01 1.190995655349258620e+01
1.986309481628388829e+00 1.211982277570268351e+01
2.048334022524000098e+00 1.208936988029842752e+01
1.079304107177564198e+00 1.207220364483106501e+01
8.417808202758647607e-01 1.197115789322437784e+01
1.839048098156429667e+00 1.245782710521402237e+01
1.231243059781220728e+00 1.229703042351839670e+01
3.242193525697393275e-01 1.321592322806988840e+01
1.564280923369855136e+00 1.208336848914687778e+01
4.020841600254798642e-01 1.294775722834150322e+01
1.951313091258830568e+00 1.247669568641233973e+01
3.601911410162154104e-01 1.301483491737388221e+01
5.443804688207638520e-01 1.200856614168763592e+01
2.090100304449264534e+00 1.188766872558626275e+01
7.234049261252060159e-01 1.198925756685790844e+01
6.094917713911470747e-01 1.257361269369103240e+01
2.003426066126206884e+00 1.241945374716073580e+01
1.196386358115158810e+00 1.224820109382601530e+01
1.490184002716021583e+00 1.234327077149019658e+01
1.126197235621115400e+00 1.211070980273047049e+01
1.268414169934499069e+00 1.207030409893697076e+01
1.831936738311979340e+00 1.139298668405324477e+01
6.864732135584639128e-01 1.244050308408783501e+01
1.487828961352632096e+00 1.216704402111960981e+01
1.514165202103670893e+00 1.217382062144480415e+01
1.355455466353606253e+00 1.254065931660071520e+01
7.601480699725954304e-01 1.265404821279191161e+01
1.713052251509849633e+00 1.238183428805964148e+01
1.352522780608019781e+00 1.158985733299066823e+01
3.406756215792311471e-01 1.286023437932592550e+01
1.868571277203978420e+00 1.191566722442483695e+01
1.510534491238545218e+00 1.205130998180152702e+01
3.310729633745458367e-01 1.307714285448913749e+01
3.598300182401461544e-01 1.305616505346113776e+01
4.674548942947800434e-01 1.239301281886074513e+01
1.593553956318106923e+00 1.184253358670665612e+01
2.140991458424782667e+00 1.259731112461213343e+01
9.155473531035276391e-01 1.204979769910748999e+01
1.113002844542493097e+00 1.192337701886951429e+01
1.378253890172387974e+00 1.250415991837737550e+01
1.634410193992215987e+00 1.235478025258126600e+01
9.465631594515577785e-01 1.209662301810827856e+01
4.708717772817120895e-01 1.232578207526480085e+01
5.426859204239299350e-01 1.265424453121158344e+01
5.162313616326839050e-01 1.247677886294264660e+01
1.373534163227707827e+00 1.198200128489038363e+01
6.371177978667929009e-01 1.220494109301128383e+01
1.177433750980162896e+00 1.215987388776107636e+01
1.440972978143532313e+00 1.240525785686558180e+01
8.941018438303028892e-01 1.225779147234992550e+01
4.169993136603403761e-01 1.275396795690237539e+01
1.170919825231420353e+00 1.155599105788065373e+01
1.572946335954958030e+00 1.196087503978724342e+01
2.936086070968316752e-01 1.353269842401431866e+01
5.715297351664307968e-01 1.296925280332779984e+01
1.733201992221847787e+00 1.177504045310308278e+01
1.718730606726554644e+00 1.220213666608886349e+01
7.020222227408777771e-01 1.214873185123696153e+01
4.303055879612548429e-01 1.228942181823398982e+01
1.152349593599787836e+00 1.228979578906526093e+01
1.497291951309345892e+00 1.227231271559251979e+01
6.782111570876111495e-01 1.209304605412250311e+01
1.349670065097071880e+00 1.230630221715738593e+01
4.510422263522645969e-01 1.288779897479926184e+01
9.816870056773148168e-01 1.259127689241423909e+01
5.398725980451277717e-01 1.234660200045701117e+01
4.533852056276470033e-01 1.223789953443852063e+01
4.944029334991382196e-01 1.209162837357726339e+01
5.797695370276680915e-01 1.203584562224694210e+01
1.593584672653093781e+00 1.207074124954069561e+01
7.691130749238888065e-01 1.230301439690279963e+01
7.029015814275485496e-01 1.199487560342197767e+01
4.463895606568792918e-01 1.246663009182060300e+01
1.654405289971757398e+00 1.221041379534729110e+01
8.961198154972187524e-01 1.206573960879589613e+01
1.598236811977871374e+00 1.241183507476700854e+01
5.365391784806341491e-01 1.224532146619272943e+01
1.902508955592083106e+00 1.234757620459357064e+01
6.498285829393053437e-01 1.186976609131530402e+01
1.975283063171110021e+00 1.171142237880363624e+01
9.359074143766645815e-01 1.214198166372044874e+01
2.176225249756917446e+00 1.185188268991516836e+01
1.909720504950310316e+00 1.258088021120474664e+01
1.518376011324304775e+00 1.239961912581527059e+01
1.450601126809226926e+00 1.223516310763372772e+01
9.057969406104848797e-01 1.238016156929854539e+01
5.630854274425036721e-01 1.230056857918124003e+01
1.463176452514356018e+00 1.179462387593972217e+01
2.146762650374978598e+00 1.260979651677619273e+01
8.268554436484345516e-01 1.216123409270035793e+01
8.992489171493367461e-01 1.206923570151452374e+01
6.711558702827986611e-01 1.196053976020225029e+01
7.930115125315491120e-01 1.182710332474102444e+01
1.746394502925316505e+00 1.265026068596544206e+01
1.839851457245822663e+00 1.244718681817343509e+01
1.183891135355315871e+00 1.217933405067002361e+01
1.756593987954198743e+00 1.223002122102872669e+01
1.998818691962144678e+00 1.258219533834625814e+01
8.855354064253007085e-01 1.232631235502330291e+01
8.127950909241726807e-01 1.219383117312218268e+01
1.601817462619539167e+00 1.253099024552841456e+01
5.028619479100598921e-01 1.234540281654281024e+01
1.220092426624136861e+00 1.215280828764393739e+01
1.378518039058128863e+00 1.186137264178737105e+01
3.455883985175917661e-01 1.288740982870448093e+01
2.047397922085092414e+00 1.202236994352849209e+01
1.389777721966103385e+00 1.179187012157577819e+01
4.598284842636907732e-01 1.244523106050758443e+01
1.974469708783134436e+00 1.222057685328041643e+01
6.636575241619427912e-01 1.230542676426759030e+01
2.071466305272934072e+00 1.263234059906698725e+01
1.230450241019295454e+00 1.171049982615787854e+01
1.426656917597919128e+00 1.159487383059303234e+01
1.492264126543811908e+00 1.155979470297730494e+01
3.556014965469874167e-01 1.324459839594253374e+01
2.129893348623561167e+00 1.185784588523992511e+01
1.385047363306821655e+00 1.196339625137862051e+01
1.570401999993987996e+00 1.237546926544005288e+01
1.942692739506128197e+00 1.194424404127957295e+01
1.865190598158627422e+00 1.244802238709698727e+01
1.242772526836679159e+00 1.240370685006967300e+01
1.752333600710032302e+00 1.266302100105366257e+01
1.498698192098679938e+00 1.240226375772907552e+01
2.175609858756469173e+00 1.266692448282539374e+01
9.559689524566418184e-01 1.231498655685190080e+01
1.929231826847610298e+00 1.157492668480106346e+01
3.999827587308466548e-01 1.285473697683673144e+01
1.354780457949811279e+00 1.177545987565488517e+01
1.294520033040942542e+00 1.176875663981928533e+01
1.635045042212756927e+00 1.243820553079244462e+01
8.570807903009128870e-01 1.206869564321958421e+01
9.447955136739069060e-01 1.178340841342683376e+01
1.333723945916174047e+00 1.225792405022952991e+01
3.384721074094355631e-01 1.326863035166794269e+01
9.416293255352430336e-01 1.233591133453159649e+01
1.490085253797485798e+00 1.259684304155475054e+01
3.260336959734016493e-01 1.320571936053126372e+01
1.264402079303785342e+00 1.200001495130044837e+01
1.636577315588861881e+00 1.139789139919194660e+01
1.128071641027483585e+00 1.163211113755073889e+01
3.453452917882949280e-01 1.313923881631775359e+01
1.267824980302488802e+00 1.213708194397595008e+01
1.921666187234043033e+00 1.244162863492970139e+01
9.462572639542723429e-01 1.197045970932931702e+01
1.276956738366298083e+00 1.211354039182351272e+01
2.164691727631106399e+00 1.166249982962303022e+01
4.441045786504576043e-01 1.217888234006394654e+01
6.185234889558649529e-01 1.207676018888090930e+01
2.083433861193479952e+00 1.234507582265727166e+01
5.468730989182282176e-01 1.263841487610074310e+01
1.390063903957974523e+00 1.205665645362221383e+01
5.515862018660684374e-01 1.208189489462586508e+01
1.053715875609103625e+00 1.252197406442512140e+01
8.291026279433889590e-01 1.258448752356469669e+01
3.357693473781037108e-01 1.299273017745078995e+01
1.888101209629460264e+00 1.216149628374043701e+01
2.193037332859680610e+00 1.187451472439067501e+01
2.047332645152140973e+00 1.076509130091684163e+01
1.212438007490054037e+00 1.205804651539748740e+01
4.266273367769407021e-01 1.236660778329260424e+01
1.204228070348782209e+00 1.190977813680241404e+01
9.756596635266011619e-01 1.211713790449980266e+01
5.650970745957822894e-01 1.193424220341827002e+01
6.428390037543727509e-01 1.207742130690024318e+01
1.133041100936840850e+00 1.201643753629431188e+01
5.199764139703841881e-01 1.284839853378080221e+01
1.010309825581348964e+00 1.252983253106078187e+01
9.254376871526017734e-01 1.227860374384619924e+01
1.230524729797376704e+00 1.180990757991718887e+01
3.867278352746383319e-01 1.269006249989747559e+01
7.549118164213874937e-01 1.212329662292561672e+01
2.054935585574015011e+00 1.245634010896804789e+01
8.420653789366964181e-01 1.218516233066234200e+01
7.350169186775222796e-01 1.224108340236647763e+01
1.157114247844829968e+00 1.189731774925325958e+01
1.586090817333804415e+00 1.213405388289359088e+01
3.762459922842306681e-01 1.275594255155075096e+01
1.074217513306459537e+00 1.174199520268302699e+01
4.592036563541892491e-01 1.241802120013451649e+01
1.328848392880153995e+00 1.195339444836136877e+01
1.640773272107010960e+00 1.227375985955591631e+01
6.014127942687448325e-01 1.225497858677814911e+01
3.333823628998007771e-01 1.295997731191157420e+01
6.270944818018993061e-01 1.254252780042377680e+01
1.343905875037889830e+00 1.218925735832900692e+01
1.089676790731466838e+00 1.213677889412740285e+01
1.022912124932624955e+00 1.211700653031076058e+01
1.808574396293596509e+00 1.235609890345865658e+01
2.142495677092729256e+00 1.231804765839559579e+01
9.635675847149236528e-01 1.211102476653285365e+01
1.473844783217262755e+00 1.237543575062528056e+01
4.605913787913475388e-01 1.228324552687653615e+01
2.034181108182086195e+00 1.274019821601208591e+01
1.950289958688292247e+00 1.211235163788066949e+01
2.074604962321124901e+00 1.263640501894363055e+01
2.124511963008362869e+00 1.262970163467905671e+01
6.468903267361334475e-01 1.246450591271705299e+01
1.260539745490602215e+00 1.168449645395569902e+01
1.306082087634742095e+00 1.223502514546030184e+01
1.981360281908369547e+00 1.253898542252269088e+01
4.106152697489018344e-01 1.256938715364310966e+01
9.646538497805643431e-01 1.192049136821702149e+01
2.034201253073395499e+00 1.129852784884765704e+01
8.030754533804042028e-01 1.170334689711628329e+01
3.076650935724169478e-01 1.327503051099869502e+01
1.121915948946556663e+00 1.230359023333831203e+01
1.029124683937008955e+00 1.226910557324871931e+01
8.807063528598431112e-01 1.221109044532354737e+01
6.904152027349645948e-01 1.220019320786609995e+01
1.131694188753227914e+00 1.201035309508047000e+01
1.267861980775474517e+00 1.218163276563518593e+01
2.040014335954208224e+00 1.254839091469627022e+01
1.456351770579414229e+00 1.232000522126104691e+01
8.678822161262673696e-01 1.188764310487384890e+01
7.773972944095011162e-01 1.274694516518072618e+01
8.922974008149183733e-01 1.269094103068835544e+01
1.989995236547742907e+00 1.234803270689509880e+01
3.434903616999985809e-01 1.314237040309853199e+01
2.192384269911658912e+00 1.268723117540196021e+01
1.664427989383738593e+00 1.265696558367200630e+01
1.982598721956936316e+00 1.255709169883205334e+01
1.521952174069477026e+00 1.171468482299134628e+01
5.383111865334454516e-01 1.202711915069920323e+01
4.443587998686428508e-01 1.230398141813931367e+01
1.957072976142838261e+00 1.264510909418319606e+01
1.153682749653449413e+00 1.232839579382407180e+01
6.468399466664879194e-01 1.271499603043427484e+01
6.416681502812041638e-01 1.257863954162868758e+01
1.681931621731717508e+00 1.213173205383730568e+01
1.845918254927000346e+00 1.267127285679370452e+01
2.124515205250145922e+00 1.269643825602225462e+01
3.670281061992800575e-01 1.287513501430711926e+01
7.564401176828967621e-01 1.208491246117241857e+01
4.687526091434222608e-01 1.224502549092437320e+01
9.973450619075977519e-01 1.171853466257441134e+01
2.132970072683588736e+00 1.208508913395463935e+01
7.843362746101566474e-01 1.200211986269334297e+01
1.190073561825576665e+00 1.223604656574035765e+01
3.760046162287291605e-01 1.313918983755546677e+01
2.068878797442334605e+00 1.208180423168676221e+01
1.354989335806971340e+00 1.197530437680944182e+01
1.619512167379892453e+00 1.195147543850283611e+01
1.615103799353606373e+00 1.233244425938900335e+01
1.072878585166155974e+00 1.226598065277501703e+01
1.852379466201085734e+00 1.215834411011660521e+01
1.245339998799718462e+00 1.198580499829596313e+01
4.346793843938410173e-01 1.267288350108632144e+01
8.075385760177227201e-01 1.201257715375455071e+01
1.687685912019563306e+00 1.220660242574785848e+01
9.731754598079846996e-01 1.192154307437730765e+01
2.064457368864823117e+00 1.179663317720907934e+01
6.033417255425854719e-01 1.214759587885889403e+01
1.544857293214850102e+00 1.238886888168798528e+01
1.646547549844427527e+00 1.244540221929879920e+01
1.809597258147673360e+00 1.175217611550597852e+01
2.111380226784326020e+00 1.217502228318519641e+01
5.057745748184271362e-01 1.253403671235717809e+01
1.276863655570312339e+00 1.179065315322923091e+01
1.172367527793115594e+00 1.188723957486761584e+01
7.365853641539478192e-01 1.199048761454334056e+01
1.899292101436512947e+00 1.205695643323835498e+01
4.042876222892600180e-01 1.256533677625792755e+01
2.082388977250242412e+00 1.186010049848482062e+01
1.208420315167631154e+00 1.169631263395648268e+01
1.497108108356913547e+00 1.213442211178747421e+01
1.905367529796821779e+00 1.259795585481925428e+01
1.372794066329950269e+00 1.241081426594620041e+01
5.131680583092630421e-01 1.274502358059586804e+01
1.915217913837636399e+00 1.252817565551013068e+01
1.665607067828724919e+00 1.195054807832893218e+01
1.885388397889346868e+00 1.155384048666445373e+01
1.934537126616562741e+00 1.167659849276039985e+01
8.038881910208961479e-01 1.187762770940337553e+01
4.107888321388564745e-01 1.269669322036171977e+01
6.347025213649247766e-01 1.209103580178792825e+01
3.338135495757380555e-01 1.309090257397607893e+01
1.735404562336102297e+00 1.230607920846832926e+01
8.681503919965197769e-01 1.196726345982485640e+01
1.781394505445118570e+00 1.197932800205279591e+01
1.038423317746936858e+00 1.187983185245678719e+01
1.828102748624198970e+00 1.202765717978000204e+01
1.064766558649461681e+00 1.220870724252992012e+01
1.743324651459576824e+00 1.255881894477026606e+01
1.023183167140409688e+00 1.226242976567913345e+01
1.404060060684096500e+00 1.259166372789895938e+01
2.204484115697979973e+00 1.243804111975749649e+01
1.779020746968981159e+00 1.209194873572888973e+01
6.603272400634450090e-01 1.211074503485513887e+01
1.024359769748995896e+00 1.208306357059908720e+01
4.862450779152742153e-01 1.229544333274639989e+01
2.003481023657436300e+00 1.229501937561865610e+01
1.888943625942456794e+00 1.236912494696445286e+01
4.418205755623310083e-01 1.237146042725876960e+01
1.985116896510622730e+00 1.205594212719896774e+01
1.035867860037736010e+00 1.201147506371472495e+01
1.025507337049959222e+00 1.181030035433181347e+01
8.551696180501962008e-01 1.201228573033315072e+01
3.287332927375932190e-01 1.304238708215481601e+01
2.088529407960939999e+00 1.210728729873701681e+01
2.085442605804313843e+00 1.210902869484088207e+01
4.844816983716696002e-01 1.284354487452029225e+01
1.304271478555632413e+00 1.217369946555939464e+01
2.008892564871573416e+00 1.164331371540364835e+01
2.142585009473714219e+00 1.145922141191328336e+01
1.267651973627613948e+00 1.223331091152905792e+01
1.693950424334178750e+00 1.174721089231005244e+01
4.971815143559119021e-01 1.219295413247258786e+01
1.867514224134068090e+00 1.260087945279909327e+01
9.623799581558588612e-01 1.268406804543953648e+01
1.582520609583786930e+00 1.147938464324820806e+01
5.495802457804069840e-01 1.192751358747329071e+01
1.751995655657806017e+00 1.249915946818979151e+01
1.804361046284825632e+00 1.223717868214520621e+01
1.650158112319917825e+00 1.223722537923043774e+01
6.338797926722579135e-01 1.217370088813862239e+01
1.540379612773053797e+00 1.245395616688160878e+01
1.317841186696363964e+00 1.224890556409803644e+01
1.871786688807796084e+00 1.212858804013897007e+01
4.315823426515111860e-01 1.285867583824374272e+01
1.377366655090914715e+00 1.183298321543555964e+01
1.191983309642856925e+00 1.211281608171941393e+01
3.989642790986367427e-01 1.245659244817563760e+01
3.990998128521552890e-01 1.297564821608269980e+01
3.557761126609776392e-01 1.303255195978590031e+01
1.544035812593649304e+00 1.246953940868631960e+01
1.422336749283757973e+00 1.229123767642395748e+01
1.219233257258837355e+00 1.197113398070084678e+01
7.538935072903757417e-01 1.191581790333013835e+01
6.630685872224648669e-01 1.202413790222176360e+01
2.180772567670301143e+00 1.261930151070897743e+01
2.030940151144928318e+00 1.216699118991006934e+01
2.116279538989697784e+00 1.224874057544129258e+01
1.338359378162291335e+00 1.208422651402844039e+01
4.066447309240734942e-01 1.251744652324606477e+01
5.468521255937964787e-01 1.218986587834929303e+01
1.522404749891679954e+00 1.190693152229042795e+01
1.621137894474096619e+00 1.187647288316555105e+01
8.540860924041433488e-01 1.188413661866600712e+01
1.245664189158341761e+00 1.245834536586577279e+01
2.003741017575213945e+00 1.241774508594709658e+01
1.680971340045096296e+00 1.191373349392672942e+01
3.612480789687800842e-01 1.323532365571925240e+01
4.384984487426805133e-01 1.284699917448739726e+01
4.214150669841186247e-01 1.244809542116255940e+01
1.106901011345962083e+00 1.221604367865870877e+01
1.096275827035972705e+00 1.221057078239026872e+01
1.278836761706176217e+00 1.231849319196246029e+01
4.136842568988290947e-01 1.267817679665344066e+01
9.339507324583459225e-01 1.170932289437007334e+01
1.359883337999850506e+00 1.164729040135998694e+01
1.358083950199701739e+00 1.217281189774273109e+01
1.975892531388508289e+00 1.187729428912275687e+01
4.340644017612624306e-01 1.306445191910810522e+01
6.650449936289536401e-01 1.251711014549125167e+01
1.004155844664572639e+00 1.201289173337672800e+01
3.759879672699183439e-01 1.276455806115579605e+01
1.466102583323341202e+00 1.213074049130431398e+01
9.492475100528681153e-01 1.189182986555955424e+01
8.003533804042792799e-01 1.200825841193628740e+01
1.522746018977582549e+00 1.227186417850178124e+01
6.848050213083679560e-01 1.197076924622135508e+01
1.239101198014938676e+00 1.232140303366898948e+01
9.096619608744639374e-01 1.186931527345006288e+01
2.124043543778642018e+00 1.222426609732730540e+01
8.349031086705169802e-01 1.223425599477965164e+01
3.200877164871741565e-01 1.340546003503394701e+01
8.210746640283955733e-01 1.234483894253169112e+01
9.560259916824934701e-01 1.192729196678287096e+01
1.451674841424645424e+00 1.222708994492301215e+01
2.139932360424957825e+00 1.165944932784162447e+01
4.391944537786127700e-01 1.240414708121991794e+01
4.085255626207601742e-01 1.316815173750270418e+01
3.934280378719511861e-01 1.312080979172423234e+01
1.723563010733716538e+00 1.190871839006760702e+01
2.064051882138050686e+00 1.255391486313063254e+01
9.253114452775572651e-01 1.200474640345372457e+01
1.228371487156764585e+00 1.166454213730202127e+01
7.256082345990111371e-01 1.177082170674637673e+01
1.294716823434059361e+00 1.208864039903622078e+01
4.777868282178081571e-01 1.247034749056270186e+01
7.015877891819214396e-01 1.205295612784917658e+01
1.038990413840261695e+00 1.184536672672131274e+01
8.330750827938893099e-01 1.188461820969959959e+01
7.671609683497385701e-01 1.211466433702479328e+01
1.857430130189855033e+00 1.192990163773312240e+01
1.496189866362495291e+00 1.222923521209439990e+01
3.180170458703676650e-01 1.340588550755540531e+01
2.151837510291296329e+00 1.202647816347320742e+01
4.180094341869164953e-01 1.262917885448312916e+01
5.397512453865437321e-01 1.222921501905293162e+01
5.382294632157292869e-01 1.217171277277526009e+01
1.023741095604009388e+00 1.218050441724670385e+01
1.930124249845575957e+00 1.203893612947958935e+01
1.055840997137388992e+00 1.245555224849145226e+01
1.896934619165506541e+00 1.168691059359632689e+01
7.935554938802815705e-01 1.183489558115382856e+01
1.372100306588761365e+00 1.200093544050644390e+01
1.245179313159375356e+00 1.238429495972474115e+01
1.263740098350607521e+00 1.237520315654360203e+01
2.221082722626604777e+00 1.225127629544624774e+01
5.916764228201164544e-01 1.228312167834290491e+01
4.105979038545020110e-01 1.283411009308510842e+01
1.568828144988410056e+00 1.250638775883640896e+01
5.468940077455752835e-01 1.205919547822140814e+01
1.993113730391421257e+00 1.262150615202811998e+01
1.883914271249850003e+00 1.260766675332086173e+01
4.890168368487976536e-01 1.266100240331965487e+01
6.960529786426398191e-01 1.266251992885262467e+01
2.050040537133154928e+00 1.260691364590964980e+01
1.515600781201936753e+00 1.234544716461129177e+01
3.438111863015684277e-01 1.280510667141256320e+01
1.914485784245754330e+00 1.164953750332388616e+01
1.884769412069059236e+00 1.240453774137792387e+01
7.834757637822202803e-01 1.178421288339365702e+01
3.515974026575895972e-01 1.278146258498032140e+01
1.523624350868892252e+00 1.215728076077003728e+01
1.092751590217479141e+00 1.181241661319324798e+01
1.982432014755151961e+00 1.147867941691316851e+01
6.390152210732960025e-01 1.186995896230554060e+01
2.135239468383718364e+00 1.230620436260149830e+01
1.066464535843676398e+00 1.236662041884290275e+01
1.310879184758918514e+00 1.255110112830900349e+01
8.978704213555923630e-01 1.248472456166539857e+01
1.267271831561905149e+00 1.204516160021500149e+01
9.707359556718639926e-01 1.208978725697124368e+01
1.428465847197623040e+00 1.251726738647482051e+01
3.597463005407074976e-01 1.281025435873282525e+01
1.209508380583561138e+00 1.198693449596016514e+01
4.214005921713953051e-01 1.315367965046850429e+01
1.762267782783934367e+00 1.160083892290446883e+01
9.998550257620439918e-01 1.170063132143217111e+01
1.137564679149698721e+00 1.165036133215900804e+01
1.528089972190736834e+00 1.248270476670286655e+01
4.914706984337186002e-01 1.206738839262697205e+01
1.416550845910189649e+00 1.233910179096833382e+01
8.490108552687062327e-01 1.236723944243327544e+01
1.256090688195832472e+00 1.219045316940224488e+01
1.768798146344300770e+00 1.232513385660902649e+01
9.789830916500016356e-01 1.209900316710837664e+01
1.150059550435245104e+00 1.218767339074005385e+01
2.230883542514235263e+00 1.245228047075378441e+01
7.442851343199163860e-01 1.186604436047386990e+01
1.545559646089464501e+00 1.208576820079382763e+01
2.172001028727101435e+00 1.187432734278611157e+01
7.922145886807600013e-01 1.177541617988048550e+01
5.065811584400793377e-01 1.223879022320776677e+01
4.769791231196056080e-01 1.232185116432048666e+01
3.957652104326855880e-01 1.275052881939645388e+01
3.419277266831172724e-01 1.322698082866567937e+01
1.368635835665373168e+00 1.240083401395245666e+01
1.051549615228939860e+00 1.219982563515845442e+01
9.148294998174182346e-01 1.189404680177288398e+01
1.010166466582890665e+00 1.172602278846781232e+01
1.144737591744411365e+00 1.199904690967658993e+01
6.782225964786867678e-01 1.196409999141724612e+01
1.572137670810221932e+00 1.206586610037081719e+01
1.544014363845142235e+00 1.202547289538142294e+01
1.471800384847935739e+00 1.201693565071922798e+01
1.317582795358325010e+00 1.226397165299281866e+01
1.911630751154197005e+00 1.269176085059604375e+01
5.670820128989195741e-01 1.216420526372385424e+01
1.575904835052004849e+00 1.217166211453923985e+01
2.205143588351891282e+00 1.152592189494969510e+01
2.069766580423723301e+00 1.204713332111242607e+01
6.294417131567171531e-01 1.227746221702455465e+01
1.588491324451195119e+00 1.236354705885283956e+01
1.185818109801873632e+00 1.229253400514500427e+01
4.795564545791103916e-01 1.242247713248462837e+01
2.067586875623201426e+00 1.165543659490098705e+01
1.016414602860534089e+00 1.207199095285217005e+01
2.039453097809420523e+00 1.204601360572089419e+01
6.916972263076416327e-01 1.192343791532249853e+01
1.950130746597187326e+00 1.232965205756374694e+01
1.787115497807653108e+00 1.258930777306147775e+01
3.785430594340675192e-01 1.310194477010448466e+01
1.602093151637840496e+00 1.229380195811485166e+01
1.576487232626945900e+00 1.227458862937419504e+01
6.206875277526436863e-01 1.193424652863534163e+01
9.356820144614362844e-01 1.199702628001230309e+01
1.543319622532387525e+00 1.210727523102217518e+01
1.844922966699158673e+00 1.170892079295133392e+01
3.422644844995705316e-01 1.315533370756018172e+01
4.663427274858695792e-01 1.234542654014434504e+01
8.865893550703295434e-01 1.241720188881553888e+01
4.565065430906644628e-01 1.290069565695703346e+01
1.918213964641141578e+00 1.206511868671719157e+01
1.726040541921713078e+00 1.246750895410506743e+01
9.637911866498971580e-01 1.225631450538439005e+01
2.074892114658437592e+00 1.227449925191378988e+01
5.359756250567814240e-01 1.208787059857065493e+01
1.646421003573099062e+00 1.253401693769029990e+01
4.765813971607380517e-01 1.224195929829391716e+01
3.783366816524110221e-01 1.283345198727658065e+01
2.102770771057156818e+00 1.104677385871016604e+01
1.932513223334741292e+00 1.227618150836907063e+01
1.515913837627203220e+00 1.218773344514896451e+01
1.177601509930894297e+00 1.241004136160273319e+01
1.167573015475773746e+00 1.206523766501922346e+01
1.807307641127014142e+00 1.160847420574333100e+01
5.672828523649169341e-01 1.212281612189247326e+01
3.670772352766219493e-01 1.317624041596602424e+01
4.712700238939185327e-01 1.210623041383598419e+01
2.205341908448929189e+00 1.184766672676588861e+01
1.280954518147987109e+00 1.190074974494864612e+01
1.405672252591681826e+00 1.226510443056427846e+01
9.541255084065805026e-01 1.198074197116522654e+01
3.335782421395529496e-01 1.314060444266447725e+01
1.300987586123923512e+00 1.238787931739157955e+01
1.864034303946540350e+00 1.220066604218330397e+01
2.073352942591988768e+00 1.140613496553791606e+01
2.039303962407003290e+00 1.145458163351901071e+01
7.577966716592554608e-01 1.236494997485642244e+01
6.155207800912139149e-01 1.241113332593540619e+01
1.439427182972720765e+00 1.206181665813196702e+01
1.027505415823742663e+00 1.187910605730859537e+01
1.600549693810521923e+00 1.228078199577103113e+01
1.663055564578093115e+00 1.227223686658727786e+01
5.182934631508714363e-01 1.239149735270040864e+01
4.472421806977556202e-01 1.250533202604384186e+01
4.411040180520789389e-01 1.227828200127912517e+01
9.452677560418952796e-01 1.169665697104349000e+01
5.411156139587930403e-01 1.219520453039042884e+01
1.887202997553817152e+00 1.163468578248004270e+01
1.274391039386071123e+00 1.212645307998458222e+01
8.665348852509695554e-01 1.205084874788038363e+01
1.264603895014825286e+00 1.232882044933901433e+01
1.719883714159752941e+00 1.247629000575912883e+01
3.274959792189456320e-01 1.315335477115921847e+01
2.114521356666656526e+00 1.143293535993113963e+01
1.696983115218077653e+00 1.234198785788639974e+01
1.323875147556317300e+00 1.228247018374935173e+01
1.930752030120369112e+00 1.152275589132588429e+01
6.795950085899723492e-01 1.182079677723239719e+01
7.011967444311633102e-01 1.208756866144359066e+01
5.029441136594653416e-01 1.232304227977074973e+01
8.473433299896473425e-01 1.198107799221040182e+01
7.235289628442879151e-01 1.196395173847316151e+01
7.628466088369201259e-01 1.202088401411237939e+01
2.061024867170757169e+00 1.213184655479189544e+01
5.634698385451895053e-01 1.244641619578777991e+01
6.291610155903957224e-01 1.176349393319362058e+01
9.995205102946391751e-01 1.155582422339590210e+01
5.703877329330753199e-01 1.201003440975362935e+01
1.328278547572489643e+00 1.241869660387986585e+01
2.046976418181449375e+00 1.132205089849585455e+01
1.237404982931511688e+00 1.203991157377515009e+01
7.950269454198490848e-01 1.190353043854673842e+01
3.720995692823815260e-01 1.269274593696328957e+01
1.543758273439389317e+00 1.197233984590430467e+01
2.069575017831232433e+00 1.184893948468012681e+01
3.730997166215392347e-01 1.310310204341779006e+01
1.935893048988304610e+00 1.241460996178367182e+01
1.795627552144612560e+00 1.179036818154902377e+01
4.521550670588413423e-01 1.286040999729383216e+01
1.811626575145763418e+00 1.227945376674695410e+01
4.783612058250022447e-01 1.276446836991323153e+01
3.222758769142812785e-01 1.333855252131583136e+01
5.740868303668771322e-01 1.198373005081871945e+01
1.007481578454243687e+00 1.189804061666780655e+01
1.964709180034341252e+00 1.244588013936188453e+01
1.646474535229236258e+00 1.241633705084888994e+01
1.027925186361891896e+00 1.197369258763507638e+01
3.258938217964600370e-01 1.332138991781349979e+01
1.503404738959979614e+00 1.208007431585085278e+01
1.860359457862438060e+00 1.246390361822159498e+01
4.925739364748072391e-01 1.217642671658661691e+01
1.722387371910130360e+00 1.213790495370073330e+01
1.362131406561187585e+00 1.192613158415274377e+01
2.116918702425480525e+00 1.200481618168267417e+01
1.272702850645257122e+00 1.194842720329044461e+01
1.943494076015583438e+00 1.130819987167427598e+01
2.072053972474282357e+00 1.253237104687389269e+01
2.052979705358825679e+00 1.172053762088894402e+01
6.529259514360526984e-01 1.210077234403440016e+01
1.956338775080104009e+00 1.249307815177590086e+01
2.056897905923717129e+00 1.177116608322516811e+01
5.079843081764664481e-01 1.284843574531640087e+01
6.403900831038065178e-01 1.210412899479221238e+01
3.191023839601523360e-01 1.336060487377253558e+01
4.704354313348168559e-01 1.230344806490001908e+01
7.888083670296375249e-01 1.198451678275349508e+01
2.057057432580080114e+00 1.253864374702112272e+01
4.811521574632199871e-01 1.202271402495797403e+01
1.433914103921800631e+00 1.142562885073985157e+01
1.353531845095999220e+00 1.168201022137972345e+01
2.924779447608729654e-01 1.358695477902777249e+01
1.626411685441676136e+00 1.230043088382645244e+01
2.913648107971706369e-01 1.358434791854859824e+01
1.312313861650599822e+00 1.192689723823190207e+01
5.531721224438672646e-01 1.266298672381867974e+01
7.566074905776282167e-01 1.237963856049494993e+01
8.644126359221090405e-01 1.243603867993999934e+01
1.534350064658507762e+00 1.216211125159099637e+01
2.047079157723471265e+00 1.182657969555359401e+01
1.067183495251114111e+00 1.243333955603199037e+01
1.773289626825496956e+00 1.242255456603839114e+01
1.884762837485403963e+00 1.209643029198028330e+01
6.361880777048244395e-01 1.193558836545360080e+01
2.083197695954274398e+00 1.216398430788499496e+01
1.703497158294328573e+00 1.236307185447454948e+01
1.365334427555602748e+00 1.233211907407361352e+01
3.390350380141648468e-01 1.307287498573408513e+01
1.717797806241825098e+00 1.244624410977760753e+01
2.115923450940435213e+00 1.189864978311810795e+01
4.495632745961553045e-01 1.219254479911067435e+01
1.426397995605412250e+00 1.239470943805452130e+01
1.962326363435824339e+00 1.238268236903249075e+01
1.697967159381523539e+00 1.234122393841527021e+01
1.425993042147214895e+00 1.217087884959156874e+01
1.790596521163067445e+00 1.178462328862289965e+01
1.934336383466286557e+00 1.167732045475681701e+01
1.396742433327127886e+00 1.209553320528922171e+01
1.870332702548670678e+00 1.238418937729705149e+01
6.302152377107533843e-01 1.252369446675880305e+01
5.666765198122075686e-01 1.232622269966327266e+01
2.013340398979244661e+00 1.177087209107718202e+01
3.135694302019417790e-01 1.319652346488271455e+01
1.936159817424370821e+00 1.196109756847558714e+01
3.862129367545253933e-01 1.259254812864049100e+01
4.104972009617212647e-01 1.249510389012094969e+01
3.361552933997790649e-01 1.324154304447631425e+01
5.558721793376025788e-01 1.287614608241614889e+01
1.745397030426078633e+00 1.179309437785799908e+01
1.271587336414258917e+00 1.213454329485601058e+01
8.948871107180654816e-01 1.244329504416177556e+01
6.581255880740156661e-01 1.207047403227613991e+01
3.985206109062264246e-01 1.274442229256545822e+01
1.015258081057766493e+00 1.194362111591417985e+01
4.588249161992250524e-01 1.253052797193152834e+01
1.487656464649666166e+00 1.234935358366976921e+01
3.563959492602821744e-01 1.306770123525875782e+01
1.575053893425631513e+00 1.245124173191247685e+01
9.304851740474848754e-01 1.202870944521896313e+01
8.578984944195282569e-01 1.212092692848305830e+01
2.083528600841747291e+00 1.147397109530316861e+01
4.594947598704443581e-01 1.234181258867629616e+01
5.354467109386343848e-01 1.242904270963883206e+01
6.869252680734813099e-01 1.237110643401617871e+01
1.330089440776616838e+00 1.210672611679410515e+01
1.249511413352409228e+00 1.212316293011174118e+01
4.956317001567049352e-01 1.225133710833832801e+01
8.889481075911291885e-01 1.164581098174558171e+01
8.436018495897563696e-01 1.209263944586105488e+01
1.220465989947339791e+00 1.222609409348201659e+01
2.037922689541120214e+00 1.254357128685179212e+01
3.907102937873253579e-01 1.307253069478219665e+01
1.971936025133010251e+00 1.222729250214493391e+01
3.630925286592517898e-01 1.285546390328403099e+01
1.912638182293582956e+00 1.275146154765182160e+01
2.066283166504492730e+00 1.163542996001944374e+01
1.910071664165187810e+00 1.186400003450055607e+01
1.586472150113374946e+00 1.258429078425072589e+01
3.362888424457463055e-01 1.300616619183066014e+01
1.873026315819480203e+00 1.242371981260772351e+01
2.052145019241696122e+00 1.231487400779555230e+01
5.096600577940559873e-01 1.250536313206799299e+01
1.605104336092266770e+00 1.196594597805966309e+01
8.106893236937927627e-01 1.191680177476019686e+01
1.100167246365165719e+00 1.231241530515477223e+01
4.051024598759888629e-01 1.271286738068384992e+01
1.820830449048437938e+00 1.226703085347861055e+01
1.970158784262977969e+00 1.270093333464067875e+01
6.762291681380999675e-01 1.240683597466639654e+01
1.673472274586690345e+00 1.254227698302841709e+01
7.547684956749438623e-01 1.250309009096530488e+01
1.082433411691302583e+00 1.242835215638579882e+01
7.982167398517898693e-01 1.206677111745178976e+01
1.320051449465917015e+00 1.221718641587891341e+01
5.131751742070336242e-01 1.229391817432543199e+01
3.272397641090462606e-01 1.337045636791978787e+01
2.055715267838307270e+00 1.184312859047047972e+01
6.608107256027366816e-01 1.218526557999054383e+01
1.424216152108710887e+00 1.178750405605862461e+01
1.708799905276329856e+00 1.245288863111244204e+01
2.130969234414351821e+00 1.276595065449574662e+01
1.407461980021315506e+00 1.183573577225128481e+01
1.111309614660317857e+00 1.242187065115502520e+01
1.147237443003767066e+00 1.167943938636167900e+01
4.655427911140287978e-01 1.220011584976940178e+01
3.730552715616247128e-01 1.274584503370011390e+01
2.042365427415778534e+00 1.194771301509238093e+01
1.497736371964369484e+00 1.198087448988826864e+01
1.534948189651003103e+00 1.196927802139337160e+01
6.196831904321572493e-01 1.232993641244545735e+01
1.180844140227852224e+00 1.211271339513636391e+01
1.932277653043773968e+00 1.218488297987487456e+01
1.646269665310362562e+00 1.214166731691930146e+01
1.330292869420335533e+00 1.244333909476802447e+01
1.435645468650033729e+00 1.229355298682486364e+01
1.933228185518472753e+00 1.246626320771946617e+01
1.519382986997739104e+00 1.218077933436274130e+01
3.598853759435924893e-01 1.316194067303278992e+01
2.037005466090524575e+00 1.122899405042574550e+01
4.007537463998110394e-01 1.251098971259665937e+01
7.015668957405235551e-01 1.215855684851659646e+01
3.775658856876295544e-01 1.272424440753411723e+01
1.707595946844784329e+00 1.250220380467464665e+01
1.665216678698598685e+00 1.209918880809836494e+01
3.557272994433361979e-01 1.304104431986911194e+01
1.847630725382676919e+00 1.258017365334337789e+01
5.994429236652117909e-01 1.273201622438473102e+01
1.629916137261527620e+00 1.232747357682761802e+01
1.220366430419627113e+00 1.247407065960520178e+01
5.515338982806103907e-01 1.262191071866003966e+01
1.107352576041340297e+00 1.238483090267742348e+01
7.938289796519927277e-01 1.212322030501546521e+01
4.941473675696195222e-01 1.220533680243782548e+01
2.049434185125884600e+00 1.086750044483206246e+01
2.009648029636412758e+00 1.098308831175743983e+01
1.399748437327923867e+00 1.196526599001387758e+01
1.875129538183797129e+00 1.249402410731640245e+01
1.887673429324842500e+00 1.175666526621741959e+01
4.745282049755455978e-01 1.224301177263336271e+01
1.787735394904307107e+00 1.239331464794864246e+01
1.908232029087297166e+00 1.242673147484172524e+01
9.068473503823893944e-01 1.225418404000814476e+01
5.887808021148273063e-01 1.243772102633131205e+01
4.486483948340918571e-01 1.281640254068228657e+01
7.699187763981588661e-01 1.166428667876475522e+01
1.675721063757036999e+00 1.190507287733867336e+01
7.087086890526287375e-01 1.188427121844275902e+01
1.134095940785478929e+00 1.214664080994440276e+01
2.146004994158337453e+00 1.109093760244926941e+01
1.370946708664039448e+00 1.234517505502144274e+01
1.631584572347069217e+00 1.241544557570023066e+01
2.087762423156611646e+00 1.113378016958249717e+01
3.025914579156430140e-01 1.349433502714734523e+01
3.094362545802962217e-01 1.337806152649679525e+01
4.158852253536413635e-01 1.241250156552340655e+01
7.649154299760384523e-01 1.209868233035845186e+01
4.647111958596102377e-01 1.274055657812068887e+01
1.731272348537075789e+00 1.206891324466672266e+01
1.718764971075480652e+00 1.224481442466453451e+01
1.375733460153742316e+00 1.237354583392056817e+01
2.101488674821378133e+00 1.223472287454840668e+01
2.007765100319364837e+00 1.259433819135208132e+01
6.863641030767964057e-01 1.262564932311545363e+01
3.091176783222000513e-01 1.335691891572492374e+01
1.099164242446555306e+00 1.236606077265813752e+01
3.657367188865641716e-01 1.295264968926392690e+01
4.407140565547950084e-01 1.247420331023593398e+01
9.658833696885609221e-01 1.211964515229215422e+01
4.727489675443623529e-01 1.216132490273630395e+01
7.789040980149579685e-01 1.221157777137974598e+01
1.031528110722386149e+00 1.230527104397045868e+01
1.376594874102985644e+00 1.221469832165514369e+01
1.090937219123796709e+00 1.210786342588261633e+01
1.826773963879505747e+00 1.192457642142408680e+01
1.650132265287431066e+00 1.205894162231790112e+01
4.799731275914425055e-01 1.208296463288621325e+01
1.114038946448329570e+00 1.215675032768748309e+01
4.324189660979936844e-01 1.246580730964181782e+01
1.108116076675811579e+00 1.203752110758914640e+01
1.609993587125474246e+00 1.235936572846252091e+01
9.759978524376763387e-01 1.237957002226487546e+01
3.998715678261107187e-01 1.309782275362331028e+01
8.828713080308719929e-01 1.224823474056809935e+01
1.427280646873906544e+00 1.225752480730767324e+01
7.095500006119919156e-01 1.182015946413360297e+01
8.667749892254308364e-01 1.233249974115103420e+01
5.136045817013356052e-01 1.229373852398127021e+01
2.178716124137545229e+00 1.198493849101811648e+01
1.851198053593231529e+00 1.234809081938708886e+01
1.791281876293337794e+00 1.196987995475810962e+01
7.933601418772118219e-01 1.233449885670737523e+01
1.345753475090760265e+00 1.178572659248725252e+01
9.658860184161716100e-01 1.209510522676003674e+01
1.854077746493882239e+00 1.146654495812343022e+01
1.528438663192597025e+00 1.241423574767302007e+01
1.800054128604530401e+00 1.189034833147639425e+01
4.576137871190959494e-01 1.233208667025788863e+01
2.187928182483780404e+00 1.213838999820749542e+01
8.080306379711471587e-01 1.166592763959743273e+01
6.230387210409055188e-01 1.179005169463058422e+01
3.745101225705844694e-01 1.306926794512253309e+01
1.031038142552169745e+00 1.202354749123036548e+01
1.890347694882731799e+00 1.231594613584826625e+01
3.330444220298114932e-01 1.314128266609220574e+01
1.672785620691066510e+00 1.212268185330835557e+01
1.391888742163622794e+00 1.240741867596402770e+01
1.769257698467308515e+00 1.202171924890691024e+01
6.110722538970182471e-01 1.243729604483061912e+01
1.634178089059975747e+00 1.233732778760051296e+01
7.632214201360648653e-01 1.228041951404324905e+01
1.745919987799682049e+00 1.211805224128714720e+01
9.045821201786408139e-01 1.256671234895988754e+01
8.559683997692364432e-01 1.187158812556906362e+01
1.740495745449316178e+00 1.207643980026852404e+01
9.866618954212473813e-01 1.202085656443246009e+01
9.824667955128644214e-01 1.212293498087496246e+01
1.457186546762801793e+00 1.220388748735241435e+01
5.010703176124683411e-01 1.242496020261314982e+01
1.841890825685118305e+00 1.182327333648967560e+01
7.693218012689583274e-01 1.163292060233912650e+01
1.951993174797039599e+00 1.171685508223153960e+01
3.822758861456845847e-01 1.254551885872615102e+01
1.713592548213055844e+00 1.239528296636636995e+01
9.275190950524867528e-01 1.183481794313494895e+01
1.796489706327046409e+00 1.248547548083413083e+01
1.963703581214171434e+00 1.223195503470154932e+01
4.341351211844379221e-01 1.226836431766792046e+01
4.663748719337879045e-01 1.232811609417632148e+01
6.610637344055605435e-01 1.184836852959039888e+01
8.114196175401925393e-01 1.201232589202365197e+01
1.516092672196100111e+00 1.234699737079754556e+01
2.132231895741311778e+00 1.233092691412282882e+01
2.009304986889626665e+00 1.251766517503066645e+01
1.945358618039766174e+00 1.251385088055088168e+01
1.083204436641591384e+00 1.219777362792491004e+01
8.013630888700109534e-01 1.230764522744454936e+01
6.448296915586828604e-01 1.208267990404773684e+01
1.758008065667607589e+00 1.213111550237837299e+01
9.563654388268422180e-01 1.198400114477232137e+01
2.111605015859124634e+00 1.120572910097252262e+01
2.172280518832832019e+00 1.221087694304790894e+01
2.116808346521516615e+00 1.189162348043121575e+01
1.707625718536219139e+00 1.190611036226677300e+01
2.019006498214440892e+00 1.258780906994981486e+01
1.656225803759027393e+00 1.207176327938605986e+01
3.092883550591250530e-01 1.345652498731316271e+01
4.605490726020237680e-01 1.233267476280676611e+01
1.430579910711693659e+00 1.209854501286246631e+01
6.297320459525707070e-01 1.195993068275403992e+01
1.979941503903788647e+00 1.210715498117324351e+01
1.661276844655679374e+00 1.221339632658807872e+01
6.809758544561554938e-01 1.251674301046210047e+01
1.959991650038142241e+00 1.271613101404772372e+01
4.099584260885510978e-01 1.256198663729040810e+01
1.207493822436583653e+00 1.200503437940573548e+01
2.131839570269348005e+00 1.182988815157918339e+01
9.543021069357868758e-01 1.216604588188678981e+01
7.972751165432711007e-01 1.206981469241880767e+01
2.164520960814007022e+00 1.262305949703714525e+01
2.165373859627451658e+00 1.254969119759238971e+01
8.507253564144878766e-01 1.218607768816494819e+01
1.113794627397537873e+00 1.229298961805466739e+01
1.212895360950259072e+00 1.212115178725893649e+01
1.883309222309152542e+00 1.256996666229563075e+01
1.705066551354779136e+00 1.251829441282968070e+01
1.355831417162116193e+00 1.225012501571735335e+01
9.260000327720414592e-01 1.183708225165184658e+01
1.957478027593075653e+00 1.248985848245710883e+01
1.191098494972126609e+00 1.207720433074170785e+01
1.156844463871990358e+00 1.229687092989322750e+01
5.246456652805592258e-01 1.232757748533271958e+01
2.018050028339492208e+00 1.167377317967692107e+01
3.756275986208165163e-01 1.280375361915332988e+01
8.227097638388266576e-01 1.212578709288446710e+01
1.641279788496828651e+00 1.176315113063662565e+01
2.006506404442036651e+00 1.244729565322167275e+01
5.079273125689803825e-01 1.223473623919163344e+01
1.844117906415438712e+00 1.164337526741946149e+01
1.929110733161228275e+00 1.153186529429499707e+01
1.026075109924010187e+00 1.227388665956186209e+01
1.605478152714607365e+00 1.246413330092992844e+01
2.129046713845040628e+00 1.244643159638937568e+01
4.701226285264665794e-01 1.218829573942302780e+01
1.954309509092388986e+00 1.173464300413503736e+01
9.420576670868694436e-01 1.201005786231740657e+01
5.567616330378701850e-01 1.198090991896723700e+01
3.899928220273558566e-01 1.257882168195909500e+01
1.497426967835419509e+00 1.246662590604325693e+01
1.142407185407481984e+00 1.228972432317205410e+01
2.960404461185379144e-01 1.353790876409214761e+01
5.854669884237352351e-01 1.239564849663628188e+01
1.682534558515904832e+00 1.220780939285647548e+01
2.175769625163122889e+00 1.241856570494610068e+01
1.698763115358822295e+00 1.248675702982652069e+01
9.101954650560760696e-01 1.241209273041838834e+01
4.934951676498957607e-01 1.276704028204714447e+01
1.764098197061703122e+00 1.247730653704008574e+01
1.591212725807003459e+00 1.246727148716273703e+01
1.464316748186196726e+00 1.239171671874036562e+01
4.105181756604424081e-01 1.249637405962797132e+01
4.951423920399436462e-01 1.217036630201499037e+01
7.533947405916463502e-01 1.210134334193585204e+01
1.499061298517710750e+00 1.224235664194666562e+01
1.288900626890648882e+00 1.200098490288185715e+01
1.773355839511752130e+00 1.159512814330917330e+01
6.029268858648442198e-01 1.246054721272470012e+01
5.310370685630231291e-01 1.225828027950211485e+01
3.863600986863301445e-01 1.287852133448011216e+01
3.806174919897841735e-01 1.320195731773718961e+01
4.877867287767118643e-01 1.292333202248483914e+01
1.335497231755870873e+00 1.184546397893701020e+01
1.164817013845014904e+00 1.212003790605033338e+01
6.727158476409824672e-01 1.208569619245131221e+01
3.466832648651336224e-01 1.316573847245318518e+01
5.790534803747540149e-01 1.199664458010457757e+01
1.864072610624235127e+00 1.246174542995616008e+01
1.557760068688869293e+00 1.214239442861213369e+01
1.478006679713524951e+00 1.212583651027768639e+01
8.465883643769266387e-01 1.223731785471936995e+01
4.063839263056542861e-01 1.293632714675621109e+01
1.763337005956874037e+00 1.246740627236837007e+01
3.723859273362088995e-01 1.304274082361234299e+01
1.502745483349511746e+00 1.164269647871450353e+01
1.245809576327265855e+00 1.168882319811948989e+01
3.906719269625368862e-01 1.258148692948504532e+01
5.136314948117237655e-01 1.236405710322515539e+01
1.723309490538552424e+00 1.217793003340043789e+01
1.598841563617920736e+00 1.260449526230548756e+01
7.865954993332024969e-01 1.216610303531497195e+01
1.835238302258863863e+00 1.141129097760097899e+01
1.571078470405602001e+00 1.224389229411877444e+01
1.920012222712822680e+00 1.135235058915000828e+01
1.208717757841331286e+00 1.167379501972120082e+01
1.334718492614135332e+00 1.222308279802002495e+01
1.513270357153206458e+00 1.222358244048285059e+01
9.479870603583739896e-01 1.200821225386608226e+01
7.308813368798871002e-01 1.218432761918431595e+01
1.105673006680614634e+00 1.221779696551826078e+01
3.506380727136890751e-01 1.328407278643957490e+01
8.247625068610971999e-01 1.217147168924383038e+01
3.408886924932413853e-01 1.329427465919641982e+01
3.953418424110723417e-01 1.268052405218850787e+01
2.036394252515645320e+00 1.121185556003241501e+01
3.821958197923208123e-01 1.298412125147588725e+01
2.077015922148160332e+00 1.257875952397224673e+01
5.261310591335300879e-01 1.217284383919257351e+01
1.850761085446741339e+00 1.145959890217676147e+01
5.125174272843473489e-01 1.262114057109197773e+01
1.520306641397084046e+00 1.245593481114235956e+01
6.266526221979575872e-01 1.273365572722937245e+01
1.541339325665564530e+00 1.205016210172778024e+01
1.568739891692950694e+00 1.235349693484442568e+01
1.715519896099854780e+00 1.220328016260803494e+01
1.793788356612213031e+00 1.149156645642254482e+01
1.805978530092720691e+00 1.239503144045339411e+01
8.881735034793024619e-01 1.213675663425256523e+01
5.028771299139096485e-01 1.238476886148403011e+01
1.411844637870960817e+00 1.242496759952649654e+01
6.536059623811631969e-01 1.193226317867549291e+01
1.068630184453163601e+00 1.186559379317767160e+01
1.345976506871341183e+00 1.168704125669009208e+01
1.469898155297788112e+00 1.239735524622130036e+01
1.404044885008461918e+00 1.204643174695451080e+01
7.575192823836454092e-01 1.210392811383819200e+01
5.683926146303593940e-01 1.223275801826385489e+01
7.810564630859669899e-01 1.235927892335328337e+01
7.247916350064581570e-01 1.209975278710618340e+01
2.003977066412812924e+00 1.185227693622690381e+01
6.711546817373248430e-01 1.208776569828480163e+01
2.277615055729536930e+00 1.231018673523000828e+01
9.465897363908234441e-01 1.192677821583660069e+01
6.791014951069023198e-01 1.186036871492696498e+01
7.115420255817868078e-01 1.187707563392554810e+01
1.539007908762497490e+00 1.239775486414658623e+01
1.888497349946746784e+00 1.270360992884314655e+01
7.510687121305216207e-01 1.238801641828151467e+01
8.927331605138957293e-01 1.180958451437689583e+01
1.369188461333559204e+00 1.233121614107871622e+01
7.867156789477529610e-01 1.213457971410132785e+01
1.984578497266860531e+00 1.150567915969045529e+01
1.778058745850883859e+00 1.243565803296050909e+01
4.451631917384342163e-01 1.317683160555793265e+01
2.146083367209360659e+00 1.203942857695301960e+01
1.076412898532352447e+00 1.205840799197962276e+01
1.792550032683656980e+00 1.197400118707034444e+01
1.291750923755679681e+00 1.212887655897838002e+01
1.576866255689409968e+00 1.191612908935086956e+01
1.081767024152252787e+00 1.183274789639259694e+01
3.951337317663192739e-01 1.254659670588686105e+01
2.205185440686987963e+00 1.177852694518772836e+01
3.132113167443493218e-01 1.330065253503848588e+01
8.017248044285076869e-01 1.208370886349286621e+01
1.486750422336797328e+00 1.158832821664528900e+01
3.615519220636518316e-01 1.288443206164546950e+01
7.459116791034215987e-01 1.216450199565511880e+01
8.713661559901346720e-01 1.178769869962076022e+01
1.343591229480224802e+00 1.247232917844070599e+01
3.663593172464491565e-01 1.266225719208854628e+01
1.999819018016170125e+00 1.167501154549381681e+01
1.246289680765572783e+00 1.231159704127856003e+01
1.637896750101754284e+00 1.260897888703530967e+01
1.505876226809998775e+00 1.236859016201547412e+01
1.944389035041137914e+00 1.191257210372816289e+01
1.665928768143247751e+00 1.195633542485211009e+01
9.116319448732167485e-01 1.243648201232055506e+01
7.442464630318973429e-01 1.217777985897664017e+01
1.701591277265207092e+00 1.238726458419336929e+01
6.427729133478439216e-01 1.213207156420464017e+01
2.012825976754267998e+00 1.240431227272154757e+01
1.115765569364858489e+00 1.213363654314827222e+01
9.490602935458911649e-01 1.205472078111159639e+01
5.129397966614677173e-01 1.263144059709981271e+01
9.148954171734979823e-01 1.186155465408162968e+01
1.112086478596120420e+00 1.206567368297384668e+01
2.032446585831039432e+00 1.142790691914577650e+01
4.832054942930714136e-01 1.218928148954642765e+01
2.157470197960137615e+00 1.239428255112555632e+01
2.131966400455118649e+00 1.196102472264456118e+01
2.151108030149611938e+00 1.152351133272608585e+01
1.934605409191339165e+00 1.192886946162957074e+01
4.733365659807532433e-01 1.263336847958887610e+01
1.702921439387284686e+00 1.260980147564889009e+01
5.690259093475197316e-01 1.267250453155211787e+01
7.915317296138467684e-01 1.231751716113551254e+01
1.373191520182140968e+00 1.177937779890106285e+01
2.078378681073623557e+00 1.149605987864509515e+01
1.666964839656822850e+00 1.185978652689185608e+01
1.737573350763341073e+00 1.237893928335742544e+01
7.484854225475897627e-01 1.198283647796138141e+01
2.117986106420107095e+00 1.266250178835363194e+01
4.972643983032018489e-01 1.201786463845310315e+01
1.464921613520388632e+00 1.251757512776391046e+01
1.836341862144069248e+00 1.238669444583793400e+01
3.040012853329484566e-01 1.349028774769726979e+01
1.952775892525346446e+00 1.212169483708609796e+01
1.728153234517712189e+00 1.260331959958800319e+01
2.050033643151918827e+00 1.110630906081245328e+01
1.744035027346739541e+00 1.218101231875496282e+01
6.050401229819658555e-01 1.279011448292041386e+01
4.455544638087137188e-01 1.305116598491113677e+01
3.589332302955591802e-01 1.280605091776237892e+01
5.273756618375436966e-01 1.253844837590696137e+01
4.528417161363182397e-01 1.211971694890542928e+01
2.012052711319781473e+00 1.197771126482994042e+01
9.742149351206079722e-01 1.226868702833327163e+01
1.762345514566236115e+00 1.221772965125992449e+01
2.113619615125635232e+00 1.154547289528815490e+01
3.573418711581248242e-01 1.287147852852335816e+01
9.650111743094571537e-01 1.174870627447692861e+01
4.622633908426537763e-01 1.293657954048896741e+01
1.956516352006363313e+00 1.204640688995240794e+01
2.054210409651727076e+00 1.120198695805837197e+01
6.593462052518281880e-01 1.234627269786548887e+01
1.071237724567660088e+00 1.196985405216991438e+01
5.798875401881242730e-01 1.221524633715642771e+01
8.046980999882453744e-01 1.168863584139844392e+01
2.963956769007528025e-01 1.346532328274309798e+01
3.392467155641940568e-01 1.311507151925416004e+01
1.118623572132779520e+00 1.194628913109333546e+01
3.958732202918582854e-01 1.286975046607092565e+01
1.714042759568802143e+00 1.180716577741758044e+01
1.449233506700475571e+00 1.182429589586861951e+01
1.982832214943899274e+00 1.247462880783912276e+01
6.599102438903367007e-01 1.202238721296915003e+01
2.035305911365425935e+00 1.253515936835616351e+01
1.409682941583493054e+00 1.236560690853838373e+01
5.981396544533440496e-01 1.247048193389437465e+01
1.969049277439852919e+00 1.240364036756758637e+01
6.860063585867629543e-01 1.182623852589282265e+01
5.484842146761362836e-01 1.215576944884511690e+01
4.309580944106494171e-01 1.258268515356275508e+01
1.936848091457969101e+00 1.204869795778746067e+01
2.048238066355933640e+00 1.144509884963121316e+01
7.678454044125613276e-01 1.243508917206832898e+01
1.653749918384252782e+00 1.211739691502800653e+01
3.334488176624583189e-01 1.326395854665593710e+01
1.362299603745789067e+00 1.175296409062628022e+01
9.281892130013024156e-01 1.189368501703859771e+01
1.995639215916202858e+00 1.137689688377687247e+01
4.541745881164624410e-01 1.264319492197815009e+01
1.913819098165534527e+00 1.151381774890576004e+01
1.866278338238080980e+00 1.137772377609418406e+01
1.510252025437022416e+00 1.233361938668923763e+01
1.041490587098541587e+00 1.224962742425873863e+01
1.234693514350909016e+00 1.188280312220556745e+01
2.224481000420145627e+00 1.233656517252785534e+01
1.772777075299032390e+00 1.203684527884811395e+01
4.728955176619116796e-01 1.206521193232619282e+01
1.819674157987141383e+00 1.188992361899007300e+01
1.617568557596002821e+00 1.168971871698283316e+01
8.881149563943850911e-01 1.236377058391614803e+01
1.109720486561914354e+00 1.192479655982268483e+01
2.093315829557354402e+00 1.199283401128981019e+01
4.121991549228389284e-01 1.284711818681625850e+01
2.023522089890143150e+00 1.236037959655397955e+01
1.420858425548277681e+00 1.242000506219081579e+01
5.053123737356151057e-01 1.258651087831568027e+01
2.101134963730917793e+00 1.160533198529376442e+01
5.717346204629389916e-01 1.280044154343267593e+01
3.552606138974060412e-01 1.272826589852650159e+01
8.877834393895195353e-01 1.194907185001976835e+01
2.183752550297242134e+00 1.179499888590571999e+01
6.454114630493360538e-01 1.236417419439612253e+01
1.296740081617523632e+00 1.226941648864219658e+01
7.150768083175998990e-01 1.198523818601976210e+01
1.662699719659500586e+00 1.249725597103206276e+01
1.110556563219893711e+00 1.199082593398020080e+01
1.802306613639634847e+00 1.192128308241721157e+01
4.725170998559622415e-01 1.253539293990157510e+01
1.122382363171357644e+00 1.191544173249120675e+01
9.906528458981832541e-01 1.192183741243503015e+01
2.006170756410511125e+00 1.179950244900460632e+01
1.227242793415436406e+00 1.191152296403761923e+01
9.715131176849748362e-01 1.185089293010507028e+01
1.254404601789349094e+00 1.159176348896119713e+01
7.991946071752580316e-01 1.191916360961460519e+01
3.537693206291677717e-01 1.321324644132839232e+01
1.707651241355574889e+00 1.231075718353583071e+01
3.780943790530503779e-01 1.306003581889994258e+01
1.310599800256374348e+00 1.220151759676449288e+01
5.735774057579757779e-01 1.211002552745959804e+01
1.904302499794968462e+00 1.262668467407686101e+01
9.352426545617597009e-01 1.211632940438261663e+01
1.681274727902670296e+00 1.228476377023936195e+01
1.623165677224463588e+00 1.228730619782395728e+01
2.028848144191966796e+00 1.256252737457500324e+01
1.436995913421901916e+00 1.245001216566662272e+01
2.293439212901832835e+00 1.223834785800065816e+01
1.945846264190526531e+00 1.220459627241144140e+01
1.616689600166813623e+00 1.246403955189342305e+01
6.988119888372511523e-01 1.211345844187225040e+01
4.987999001631790441e-01 1.230689277309016560e+01
4.150607406690557388e-01 1.249494051497015334e+01
1.440475681472917824e+00 1.227723346641655588e+01
1.510814249602392190e+00 1.257599200756841995e+01
8.163116702741901598e-01 1.268134779157481162e+01
6.277082729744797307e-01 1.258551068089001745e+01
1.616338969623172250e+00 1.198313731944309701e+01
1.684184495587661035e+00 1.247442502022387778e+01
2.852147035052632340e-01 1.361663373686456602e+01
1.455347909651557581e+00 1.222748379391870444e+01
3.728565992429773712e-01 1.313491069084934004e+01
2.078759309649856668e+00 1.129355902308698312e+01
2.170841631885698231e+00 1.249355731122442670e+01
1.004579839870751501e+00 1.180712151452402736e+01
1.071973271205294509e+00 1.205804712729182526e+01
3.633915695577219496e-01 1.272465181948497026e+01
1.735250393716668338e+00 1.243601953312121999e+01
4.380657255101741421e-01 1.277611504083440686e+01
5.870884400375523393e-01 1.271043767935664093e+01
1.006143260928551664e+00 1.213082156366376729e+01
1.869077558257995042e+00 1.204115267152210933e+01
7.309422471603157501e-01 1.198944359627676270e+01
1.419847743005112406e+00 1.211805386045842425e+01
1.361444596005017660e+00 1.191803495896381015e+01
1.586671379010417660e+00 1.213186686139423820e+01
3.456779490838444713e-01 1.322612747821491297e+01
4.098375982116284622e-01 1.262333630457790612e+01
1.427676259045894236e+00 1.172722047103768617e+01
3.760869200130116941e-01 1.280675832154653193e+01
1.849678221670476130e+00 1.172580532109064322e+01
4.741159833272294288e-01 1.208290442334931747e+01
6.030122514695199776e-01 1.221867713731954730e+01
8.080032829034873298e-01 1.205847572017631997e+01
1.193437868973263649e+00 1.245087093394329791e+01
1.395645815657780231e+00 1.250012356505995470e+01
1.676295223333798434e+00 1.263789571930747435e+01
2.093603518772155336e+00 1.210712930449504121e+01
1.526259944058289131e+00 1.244319874326590991e+01
3.869463256305102350e-01 1.263183527104373383e+01
3.630565299376286026e-01 1.289598794801721304e+01
3.788905323977768691e-01 1.263746262931752007e+01
2.020521718840936565e+00 1.207021041807360184e+01
2.035872071229954727e+00 1.159027758525052043e+01
1.742202894013690218e+00 1.176908380845185320e+01
1.922640738608329958e+00 1.161375852560400723e+01
1.504945865384926584e+00 1.220467731826703606e+01
2.148380765907556889e+00 1.214613955340450779e+01
2.987798568645155806e-01 1.344390017438205831e+01
1.013968771347592668e+00 1.191352619585404682e+01
1.920229713784664449e+00 1.221712653989877140e+01
4.646384970625149768e-01 1.224139421515264026e+01
2.158804022252445165e+00 1.243082786995860367e+01
4.129766117464634956e-01 1.294298604861940660e+01
8.810356326852007980e-01 1.206174766472223148e+01
2.131384797146326449e+00 1.258302115112379660e+01
1.241761506045856223e+00 1.211478024502977568e+01
1.044261502253428509e+00 1.175274877792246819e+01
1.074843081916915022e+00 1.214449004680333744e+01
2.062076392987224782e+00 1.254902125493862641e+01
3.360509650239482116e-01 1.309313383019512678e+01
1.361986296590429912e+00 1.216856542167276878e+01
1.553574248047969508e+00 1.238288292266161328e+01
1.962011283440086462e+00 1.256605797741238106e+01
1.094491826765985776e+00 1.191794410509206870e+01
3.710709681144368499e-01 1.319769990169464791e+01
1.402933318455944711e+00 1.172450219481712352e+01
3.963346447271866024e-01 1.251034081716713509e+01
3.219553247129706142e-01 1.328801357715465414e+01
1.795609536913284510e+00 1.228837932136151068e+01
1.974928652767773629e+00 1.160749709253473938e+01
1.511469047164871293e+00 1.207038237987914187e+01
1.994971826416660710e+00 1.185580738536968148e+01
2.042984486602389627e+00 1.218628815567603318e+01
8.432606973245037052e-01 1.206978090642806833e+01
2.243496028435330025e+00 1.208299478151769435e+01
1.676786071835886016e+00 1.248138073583319319e+01
9.126493702927659379e-01 1.200901094193414842e+01
1.730304967093848179e+00 1.228362948299592539e+01
5.549949948918475595e-01 1.263696267907920578e+01
1.668671562851852697e+00 1.252385350499522865e+01
1.359873327383273933e+00 1.229492623400645535e+01
1.911304620444878699e+00 1.229552580738275935e+01
6.723780048201210002e-01 1.210060123497744833e+01
3.067258167035398220e-01 1.339803766399735174e+01
8.877525055892979688e-01 1.209055838284572815e+01
5.670909291933329266e-01 1.223287660596671067e+01
1.416107327763492796e+00 1.201416885385749644e+01
1.011718634592000399e+00 1.244778256603111721e+01
3.130233021645955072e-01 1.329553441644123346e+01
4.634141396433647531e-01 1.270285743072030371e+01
1.475632539541148258e+00 1.244976963055713348e+01
8.488301372042469373e-01 1.178816802037286493e+01
1.259998226228530971e+00 1.184841538577737019e+01
1.523263027444337947e+00 1.230371665273915660e+01
1.674630658191927690e+00 1.264258347600693355e+01
2.033418615744682967e+00 1.165738564672157551e+01
4.216251515940974692e-01 1.247471830617929633e+01
4.279734317251051579e-01 1.251415963757907690e+01
9.455545351475433957e-01 1.180234899432198148e+01
1.640142810161310694e+00 1.208447812295660562e+01
5.261453857513161969e-01 1.249180332054154441e+01
4.649280660616682548e-01 1.268467587620050452e+01
2.079004647687206386e+00 1.190219571006614885e+01
5.719807608792276676e-01 1.209723445408288889e+01
9.497619601989621962e-01 1.213226213515934582e+01
1.139071284495126735e+00 1.227543958189513518e+01
1.353961820814288730e+00 1.235637627276638284e+01
4.483974297028958667e-01 1.241657423224412682e+01
5.647439281975485947e-01 1.192891828275702437e+01
1.024320168336847914e+00 1.214173451680450988e+01
4.968818651963121669e-01 1.297867711844054028e+01
1.834667368008108701e+00 1.188680091834593533e+01
1.713345823971301973e+00 1.248196045158169909e+01
2.191822041805513877e+00 1.185556345693071378e+01
4.912144491659616308e-01 1.275028142438102563e+01
1.613646237800018701e+00 1.246693434188920513e+01
8.479291611589483413e-01 1.168227463349446893e+01
1.507316648446046958e+00 1.247529564458916873e+01
2.076015876863098963e+00 1.250027377917245452e+01
2.021832814128847744e+00 1.161888324997778099e+01
1.230165216955804830e+00 1.216743506326456092e+01
1.134068168162704504e+00 1.211698875700096423e+01
1.042563132684018345e+00 1.192225674121116796e+01
2.069569630813949512e+00 1.090818388247344473e+01
1.947775204355176371e+00 1.206074391842536819e+01
9.235009817416595101e-01 1.196276284342133422e+01
8.346326862389121803e-01 1.194793568169952813e+01
1.119027270833712118e+00 1.178497645158259743e+01
6.775042577895047380e-01 1.198050818505252479e+01
3.136305975266672763e-01 1.339573542657096894e+01
4.098310736262498755e-01 1.240269890197982861e+01
3.610230651260122881e-01 1.286542214983892407e+01
1.654258325152847542e+00 1.215899579167202127e+01
1.502781406331418657e+00 1.201786369846524138e+01
6.432052349286240256e-01 1.255787473247974795e+01
3.736170823244822636e-01 1.312887649429432635e+01
1.051109011851115271e+00 1.226753381380689945e+01
4.300533766304691086e-01 1.251835571531131386e+01
6.232782395292296718e-01 1.201845661401550736e+01
3.277791110080392478e-01 1.299180485704451371e+01
9.293729338343338364e-01 1.217594399210063294e+01
2.134668095153573919e+00 1.164111358056304901e+01
4.931113806617787865e-01 1.266563756337278512e+01
7.486731631342542492e-01 1.198831616439793990e+01
1.262363085558227738e+00 1.237984345133495268e+01
1.708145250175163499e+00 1.184997082132454516e+01
4.190383628516328174e-01 1.260404848086971974e+01
2.002961084539525594e+00 1.172554306006233027e+01
2.165332868537084288e+00 1.224422617569264560e+01
4.876602782125276092e-01 1.237047532317581755e+01
3.480761736567016262e-01 1.310657181364448043e+01
5.629709343712800962e-01 1.261654276569841748e+01
1.616664840241936130e+00 1.197264222243925325e+01
1.784031919941162503e+00 1.253429741634148087e+01
5.659552112292529635e-01 1.228309442042625577e+01
9.535809094088089077e-01 1.242124902257436503e+01
1.428276325375581468e+00 1.224796548216312253e+01
2.200112830738616854e+00 1.235078999423491730e+01
4.697579194164951399e-01 1.240610077284303081e+01
1.460069476529535448e+00 1.233324166203939676e+01
6.435045749456976827e-01 1.264436039135908274e+01
5.546404667704565306e-01 1.238662566074316551e+01
1.875086324204064514e+00 1.212103828152269891e+01
4.734807146799636102e-01 1.219805155230440263e+01
1.939639989625861816e+00 1.171708069600973090e+01
8.962873567801304953e-01 1.262194253905407137e+01
1.904956241670800354e+00 1.254729725155957709e+01
5.852919365102247085e-01 1.197434724063549893e+01
4.632515050339971463e-01 1.216802162377202023e+01
5.869156303704449185e-01 1.241839326188994086e+01
5.270686708081558924e-01 1.226126961376063740e+01
9.378856669006095936e-01 1.205339244268902732e+01
6.196445213223711335e-01 1.187344486758764894e+01
1.717064268560204887e+00 1.192722598292027847e+01
8.266879044027800605e-01 1.241306639599279649e+01
1.869178572772151048e+00 1.213292740751331422e+01
1.073978697555346029e+00 1.223725451466939695e+01
5.873206754562132481e-01 1.226022934574380763e+01
3.700367239338606673e-01 1.301582495282458751e+01
3.471970035264102528e-01 1.302880617521754303e+01
9.515359145507602534e-01 1.213191804078019409e+01
4.005093198647779462e-01 1.273472250787794735e+01
2.026364710906636279e+00 1.267474346230920190e+01
3.575840754493748164e-01 1.301051086006398094e+01
4.527509269500443745e-01 1.295682246037065788e+01
5.591543461792113368e-01 1.260745554418713965e+01
1.762811027877465353e+00 1.265073336496446821e+01
1.587291981710201805e+00 1.228588755991368409e+01
7.325613763302909476e-01 1.228093278009268197e+01
9.418950761897283419e-01 1.190041507324269787e+01
6.045086322167902981e-01 1.242987483650131431e+01
8.593578925221245779e-01 1.208299868206543870e+01
5.405042008151199617e-01 1.239641150480062670e+01
3.090932800039766226e-01 1.341534514665416822e+01
7.101350247788671410e-01 1.188178195473182441e+01
1.388758940413241438e+00 1.226677418773399353e+01
1.227658151117500873e+00 1.174765424208688813e+01
1.749933427823503695e+00 1.163549953185996344e+01
1.356990146004977582e+00 1.197922982126683777e+01
1.781170818765599462e+00 1.249884634431707653e+01
1.377430240136899187e+00 1.227631096817255774e+01
1.781071458130011553e+00 1.213976439027272392e+01
2.046279455458664298e+00 1.175708677752738751e+01
1.494986637826444253e+00 1.230433101255514217e+01
8.535939660663991457e-01 1.184980603589942483e+01
1.582231246014377701e+00 1.219516216766778527e+01
1.157631581210792682e+00 1.203153141502444790e+01
4.577628731900021952e-01 1.225707186641358781e+01
2.019802069140592682e+00 1.165013308044761686e+01
1.918604435222928561e+00 1.232548444144824096e+01
1.752082401232023079e+00 1.260646655112693537e+01
4.503039088958746827e-01 1.240147455330106396e+01
1.960139983798176111e+00 1.230275038126587361e+01
7.935449149313431594e-01 1.204087201305517141e+01
9.557578967849199580e-01 1.204311122786249300e+01
7.001789513049722080e-01 1.208804087124404880e+01
1.006986768338430371e+00 1.186652902178417257e+01
8.772503762547361195e-01 1.254722947957018242e+01
6.609307897835419165e-01 1.264308882937742595e+01
1.930531228772183194e+00 1.222160203323639394e+01
1.654036307932248873e+00 1.231791045891337966e+01
2.097807424566115131e+00 1.235931743879683253e+01
5.109789631741229465e-01 1.231239903147520742e+01
5.491302315362316389e-01 1.235336466759082619e+01
1.881783813298146590e+00 1.238973589492415961e+01
1.122037345504584449e+00 1.231494940477754518e+01
1.897623499437811612e+00 1.141785525762355569e+01
1.670330016097351322e+00 1.155264266227236192e+01
1.633263517378542362e+00 1.219241833728758628e+01
3.548661918108172442e-01 1.294352692815573391e+01
1.538966056098754809e+00 1.189340859069350032e+01
8.673329936221544356e-01 1.213034025899922952e+01
2.090105863950539877e+00 1.157784030423307975e+01
1.950392707331296993e+00 1.156623304097480442e+01
1.549686049403422139e+00 1.137011880293281330e+01
4.140516011453267420e-01 1.253671156073806259e+01
1.533321679506905122e+00 1.181348354080683372e+01
5.641337356132043457e-01 1.192085657462952142e+01
3.520143787672097568e-01 1.324293606908806531e+01
4.169198557116417514e-01 1.258769533346211311e+01
3.745266243014723218e-01 1.265570117304391395e+01
1.857352110261293765e+00 1.226720171260124737e+01
1.392969628579543429e+00 1.214536532270720315e+01
2.170142788908981046e+00 1.176803180402070836e+01
5.683361547089165189e-01 1.200313603641596671e+01
3.620089883699332822e-01 1.267529374123688868e+01
1.165917878111607298e+00 1.188005855520391663e+01
9.405035514538263586e-01 1.192933135206438067e+01
1.895286397289606795e+00 1.244249128468167775e+01
9.509140186421268792e-01 1.249139092977094379e+01
1.305244324161310754e+00 1.199456889659528791e+01
1.457629124097262308e+00 1.213399884508675441e+01
5.978835164622676723e-01 1.220446714493997220e+01
1.216259124299121641e+00 1.262077115293948459e+01
1.376530574454355005e+00 1.264124083870570558e+01
6.714715091018242932e-01 1.247196059575989580e+01
3.305091992604394235e-01 1.329076704668779563e+01
3.238778232796092338e-01 1.313040150153597097e+01
8.321843950028599002e-01 1.178754242353349291e+01
9.050973801471526858e-01 1.238610505267952178e+01
2.069321406391960938e+00 1.214317977485361766e+01
9.511069534619144283e-01 1.206373896911638788e+01
1.638033177094558202e+00 1.227208056127544289e+01
8.543674757253729712e-01 1.209980129919060943e+01
1.375263862436935991e+00 1.197173942648355371e+01
6.559464387857971701e-01 1.202232452095113047e+01
1.984657370259679920e+00 1.245000782102630232e+01
3.152558818357570347e-01 1.337347096885286035e+01
8.141981023879736323e-01 1.221353565571659772e+01
1.353855011103635819e+00 1.154839597168507481e+01
9.595974248983535349e-01 1.233104318513627717e+01
1.904286757213570214e+00 1.225288956502085469e+01
1.522806363611155955e+00 1.213282693079317021e+01
2.305178676968224316e+00 1.221385398214041018e+01
2.111059467419611035e+00 1.160036480625429256e+01
1.904963065511152243e+00 1.245744138468120532e+01
1.905823038877029640e+00 1.193798726292686219e+01
1.938919782663188984e+00 1.254709326588418605e+01
1.516946371060765575e+00 1.230590587675473202e+01
9.008123254208444397e-01 1.196963560795797044e+01
4.956590055298849551e-01 1.226851594954402636e+01
4.056482657754476584e-01 1.268963820652713714e+01
2.003212978388991150e+00 1.158305898253411215e+01
8.392573223617442180e-01 1.215493445761467584e+01
1.890003961095422014e+00 1.120836847997353125e+01
9.136709991923168683e-01 1.206609774594646467e+01
1.165902101310851258e+00 1.211125295857602779e+01
9.393409130264174234e-01 1.217515334874196675e+01
3.270976203303717633e-01 1.333142714612427149e+01
1.848988995376398048e+00 1.265613360512646146e+01
7.672884995754509774e-01 1.196017930102228100e+01
7.375730980568264705e-01 1.197578421450125319e+01
2.066468660391868273e+00 1.154485159597702726e+01
6.551709669435257233e-01 1.205726921260227513e+01
1.985808602041424731e+00 1.150300219682904235e+01
3.463102582661354845e-01 1.291803481637775697e+01
6.544216100022295368e-01 1.209083897565067112e+01
6.828190463075975991e-01 1.206696962183792898e+01
3.070713830357968965e-01 1.341507868001577641e+01
2.036859317640959066e+00 1.210417573166800409e+01
4.260690115991168647e-01 1.275605086935938637e+01
1.674509842613416399e+00 1.266254491559499407e+01
1.698814685109152123e+00 1.216043035304667264e+01
3.992851947138049140e-01 1.314100334042963603e+01
1.869668823175482997e+00 1.176456125800783070e+01
5.571026270793543178e-01 1.194229195297352319e+01
1.982227106755141799e+00 1.167244071495529312e+01
9.789066822352828767e-01 1.218375016824344570e+01
1.569349227572989003e+00 1.200701031949799358e+01
6.862086267825340258e-01 1.226918354192051730e+01
3.472153408287790288e-01 1.299721342940715907e+01
3.460720574255162219e-01 1.331618495390507562e+01
4.851817003384263360e-01 1.244099395397928376e+01
4.322848089397171023e-01 1.281396305654469892e+01
3.304170315615552744e-01 1.299461175930040113e+01
1.803142849462933572e+00 1.141104467886878560e+01
1.049485011183295624e+00 1.210355770241150353e+01
5.269821442654143429e-01 1.223322462945707301e+01
9.334113099462471030e-01 1.188144172139882748e+01
4.967486746683151266e-01 1.203299343190415804e+01
1.350615612299006063e+00 1.185606133117447847e+01
1.157462943293327440e+00 1.225581775452110023e+01
1.957193105107318143e+00 1.193252306905054994e+01
1.203684133745865470e+00 1.189961946134007320e+01
1.744421921946589737e+00 1.225235606108143216e+01
8.414848918658207610e-01 1.179334684969414226e+01
1.237986550725077572e+00 1.184797755833019295e+01
1.745042948941597727e+00 1.223809161590918748e+01
1.696784572677554115e+00 1.241901070277106278e+01
1.894789671187081748e+00 1.244665477272283027e+01
7.281501386189062064e-01 1.268035471714819806e+01
1.376190766444052249e+00 1.228731556497465860e+01
1.767755359349519662e+00 1.243818719201222756e+01
1.799615259312207005e+00 1.262464115661112629e+01
1.876747914925118277e+00 1.205140890843743051e+01
1.779917125241686993e+00 1.196610345733477310e+01
3.279547272900669719e-01 1.309060748580080613e+01
4.098157629252326406e-01 1.242119924319344193e+01
1.205284520164649154e+00 1.205773375161345129e+01
3.343611531401959880e-01 1.309836287524799303e+01
8.551501884925978292e-01 1.204450062971302060e+01
1.905394167169340625e+00 1.222427650286888046e+01
6.826854974198450776e-01 1.194090942205932926e+01
1.225074715231090794e+00 1.187637863630319401e+01
5.258159231106579456e-01 1.213098936048984910e+01
1.150928431738529101e+00 1.184136224284854499e+01
5.450739619027635818e-01 1.239145625255317817e+01
5.043995669531181614e-01 1.239409627108019940e+01
1.774856394998108655e+00 1.217583247062922425e+01
2.128632141872881967e+00 1.212374747389264584e+01
5.080168231151667158e-01 1.225780438173006992e+01
1.429453010972214999e+00 1.235426641032077555e+01
1.772236485541937689e+00 1.180309243227316607e+01
1.402459789959374925e+00 1.235487957022155392e+01
7.065257306779897384e-01 1.214154686068307676e+01
6.525661158911302273e-01 1.195505025158803747e+01
5.054126502685521993e-01 1.266116647580971488e+01
5.033033684263186203e-01 1.259130976439536376e+01
2.030501959503503429e+00 1.181812882966086775e+01
2.130049457351983033e+00 1.226172985126294002e+01
1.601359898061148090e+00 1.202884022912376416e+01
1.722505617172443104e+00 1.244090444943678619e+01
5.095554665553917451e-01 1.265734298917293721e+01
5.708463075816184729e-01 1.204083313515360487e+01
1.506213520394676708e+00 1.173484774237836881e+01
1.121330356119479399e+00 1.202698809997065865e+01
3.194905916769540943e-01 1.336256960609056677e+01
1.883835661760719704e+00 1.231073159794514460e+01
1.084388104401949438e+00 1.191379490558415455e+01
2.076566999337964070e+00 1.266503764688940414e+01
1.653896390090857205e+00 1.182059761629560057e+01
2.929500097611759668e-01 1.349128262277765344e+01
1.606857012010537211e+00 1.172825214480692502e+01
5.159585655742111587e-01 1.245593396521706886e+01
1.334910241842895751e+00 1.187262238781828216e+01
2.020060288492317557e+00 1.238192176711374159e+01
1.897600560520469104e+00 1.220068882482982708e+01
1.213087043392234055e+00 1.207715758660033600e+01
2.003219779448868643e+00 1.220350477741150463e+01
1.946919072632791847e+00 1.222365882794208680e+01
1.886909447256422734e+00 1.250349020573118786e+01
3.096874475166563889e-01 1.336707856566233943e+01
4.141961622862946335e-01 1.255594647099896655e+01
1.771583428932845150e+00 1.238417335911004891e+01
1.669435891939603733e+00 1.147478807109525611e+01
1.390298811371443177e+00 1.210617940919097713e+01
2.147896623428741769e+00 1.130814961173923727e+01
1.260051304275789708e+00 1.216420894733218994e+01
1.828085080003415186e+00 1.180864314344052701e+01
3.414675448899284205e-01 1.315478390626692651e+01
8.602458110940476299e-01 1.211386268615672535e+01
6.451333844958507813e-01 1.214759015336489156e+01
1.743445616497772965e+00 1.233143419455293177e+01
8.817792879065396994e-01 1.259439955364920749e+01
1.176809355453148909e+00 1.220436949563593210e+01
9.388874261255054643e-01 1.244820832805069877e+01
1.231468570847032540e+00 1.226650537165601662e+01
1.598604690492679392e+00 1.149174726298880067e+01
1.044594789234756460e+00 1.193022590858036125e+01
7.266184929452240704e-01 1.202769122135068258e+01
6.425571654122602672e-01 1.269867092674442155e+01
2.090987274053152767e+00 1.135767888469957931e+01
2.122900329607139369e+00 1.142717589352260177e+01
1.980979379179507838e+00 1.178575249402071634e+01
2.076381259924188871e+00 1.217895647668711057e+01
3.831947654943120285e-01 1.261285793307298064e+01
1.651017353641394791e+00 1.203469611132451789e+01
1.460514910937039668e+00 1.197683518556143767e+01
9.118503419655080711e-01 1.222526214634242869e+01
1.545691014838703303e+00 1.148660408943263533e+01
2.009542022314633858e+00 1.263855044830224905e+01
2.083724325450288628e+00 1.176341841668599919e+01
1.966031725375580796e+00 1.234590762148445542e+01
1.694768917275248921e+00 1.254543477796081952e+01
9.691676073977296690e-01 1.204431618897690370e+01
1.340247523819020792e+00 1.211136983885730700e+01
3.658731928952346779e-01 1.318167388048473221e+01
9.811273606727968222e-01 1.201233306985338878e+01
1.153276742332194571e+00 1.205940335261215601e+01
3.283939954377624315e-01 1.320911085945425611e+01
3.790876082800563318e-01 1.301573300278338685e+01
7.290324508171701634e-01 1.268489156497314596e+01
4.689803046428753230e-01 1.286009311486496820e+01
1.794708885863652181e+00 1.211307415783509356e+01
3.069865347634779806e-01 1.346160949199474643e+01
2.074858612467914920e+00 1.234543041008576125e+01
8.292222991494699880e-01 1.183462615542538288e+01
1.026284636343859802e+00 1.200500714219817233e+01
5.455915240023312407e-01 1.208194401934296813e+01
8.030241819760843835e-01 1.213284781112583133e+01
3.140389260974575936e-01 1.329174615045504204e+01
9.936128698208731569e-01 1.197855351724632378e+01
2.128715501499548690e+00 1.234928359371057205e+01
2.137579809864576852e+00 1.205941041416731174e+01
5.181621937094191832e-01 1.211712717679402473e+01
1.806870527291199791e+00 1.159653001814368700e+01
1.353672637408529944e+00 1.206531579520913766e+01
4.191966189916061514e-01 1.238719392687268162e+01
1.820299693705567545e+00 1.232121899652561581e+01
1.737900455425710922e+00 1.223043510849150373e+01
7.811032147311733898e-01 1.185682589715034219e+01
5.889096393962727216e-01 1.195647398925841287e+01
1.334547918102658270e+00 1.223351293129155870e+01
1.342370368092669297e+00 1.227110006871585668e+01
2.040548969772300936e+00 1.163140912731084242e+01
7.183628834972949351e-01 1.186329882762152899e+01
4.485461114278029293e-01 1.311741584884710221e+01
2.014154172618987548e+00 1.176856350288617215e+01
1.945293197549585740e+00 1.198062429308412824e+01
3.979367677533606207e-01 1.243675630290085898e+01
3.439331514896317721e-01 1.328567746795744675e+01
5.154926613828620940e-01 1.220217817114431824e+01
1.556502552748758150e+00 1.222072766803108301e+01
1.431944651795886259e+00 1.237739968048076200e+01
1.509079625654447199e+00 1.187662623591591426e+01
4.401650954599484189e-01 1.268740122481183796e+01
7.481914189361088541e-01 1.246294908713861815e+01
1.821324149450092911e+00 1.212158295093212246e+01
1.699924938795970286e+00 1.261776685128322129e+01
1.150060746006227319e+00 1.236214424993014127e+01
1.805933068769871364e+00 1.144669894489484641e+01
7.746890538797238657e-01 1.194860486545412748e+01
1.822115079907785207e+00 1.203958440887362613e+01
1.274528437185099339e+00 1.237962867003849965e+01
3.057528766629227235e-01 1.339565284347513163e+01
1.095469550145983684e+00 1.204637078323750821e+01
1.506196202067610956e+00 1.235456547989209852e+01
5.372334753173020339e-01 1.252160914492125698e+01
2.050160363400672647e+00 1.109381873123966322e+01
4.816101279564675153e-01 1.245676168560167696e+01
1.238830371361061555e+00 1.212045437363941502e+01
3.553763945226882104e-01 1.273430218020109450e+01
1.350706456609706452e+00 1.230005384272877578e+01
3.414249006522001584e-01 1.298577607251258570e+01
1.319848957588235949e+00 1.249957099959589613e+01
3.511074920267283073e-01 1.314954559444596605e+01
1.367766736089524482e+00 1.179193121393833366e+01
1.001228131932474064e+00 1.206928746614991077e+01
3.690952160809999882e-01 1.295692836862183484e+01
1.549933480738490799e+00 1.214263286762718330e+01
8.353332531294386243e-01 1.258760246133875604e+01
8.473978452991073329e-01 1.182487529098774282e+01
9.583411083914226136e-01 1.177160441626297249e+01
1.949511570263962934e+00 1.170922019637303890e+01
1.911656680443677647e+00 1.271746628985299310e+01
4.152080288859797963e-01 1.263890840567134077e+01
1.630790630196627955e+00 1.196971697964688097e+01
9.863880803735675107e-01 1.204202725366390325e+01
1.540482867810048617e+00 1.157536853064826232e+01
5.026959794410652549e-01 1.252943274503753557e+01
1.498872311269292323e+00 1.202105603639140696e+01
9.971704517715646032e-01 1.189604077280141148e+01
4.584388151974262415e-01 1.210361235697516236e+01
1.348713690806647714e+00 1.239904043494018104e+01
6.614005061021259735e-01 1.249311520316897450e+01
3.434805244442964423e-01 1.320471278071972954e+01
6.514860422583744759e-01 1.196835209073566908e+01
2.051715623561733981e+00 1.266577327020355881e+01
1.345138586884188747e+00 1.160055345298172647e+01
2.129263433455289789e+00 1.132685708038331285e+01
1.335792725756641319e+00 1.227152513146949531e+01
9.783074623350755950e-01 1.194563871490123041e+01
1.993162279479083754e+00 1.164259963329477543e+01
1.133335097598135555e+00 1.204786389098023491e+01
5.564717963329797179e-01 1.189673243938593217e+01
1.381303412854985035e+00 1.184385568539230427e+01
4.292473064109484926e-01 1.278537537836830573e+01
1.481710705644175841e+00 1.146146313325705002e+01
1.945412302656023718e+00 1.237766476713039410e+01
1.301556315806715824e+00 1.195900788788246771e+01
1.243360845691528382e+00 1.195654833164404351e+01
1.115601038368617681e+00 1.189136148438494622e+01
2.020647967970285119e+00 1.110851405398767255e+01
1.944878726018739901e+00 1.216879987071347635e+01
1.929331448563031737e+00 1.256118972911549214e+01
4.458370953933909475e-01 1.259437012167158976e+01
2.088386846024866905e+00 1.126855545572422024e+01
1.011516404253224755e+00 1.197726100833749818e+01
2.124506126687728536e+00 1.227599118720978666e+01
2.020462434833630638e+00 1.164190948029687434e+01
6.707920661128845552e-01 1.207658276356468718e+01
3.602073498692263676e-01 1.300035516482797071e+01
1.415643528116234728e+00 1.185761974888995063e+01
5.363194360276888339e-01 1.211672378803220340e+01
4.144325363036837628e-01 1.260911212566969830e+01
2.182264401686861532e+00 1.092244700875518681e+01
1.274246142241082902e+00 1.194223002039043990e+01
5.345009807440167515e-01 1.230247408002395382e+01
6.876771836077365530e-01 1.208898398670953966e+01
1.490747807535672598e+00 1.234683125095952150e+01
1.235148819135368559e+00 1.211489632490772017e+01
1.086623744119206370e+00 1.256743569786822512e+01
1.669664105363843021e+00 1.244305030290052549e+01
1.969628889091825652e+00 1.127556886479632148e+01
1.389571391817338242e+00 1.246693394883265071e+01
8.521886745963096477e-01 1.182044661348567161e+01
9.047992149955254026e-01 1.260507049472479402e+01
1.350131554437093540e+00 1.183477100810311455e+01
2.198706879813415060e+00 1.143380524812050325e+01
9.692985461378418321e-01 1.177648523029780314e+01
1.068123591867107702e+00 1.237076976722941879e+01
3.679457463946546047e-01 1.311650931261822883e+01
1.693599947985036103e+00 1.224600020350279550e+01
1.254515281901588786e+00 1.198260065852990053e+01
9.508095320557998775e-01 1.185393423770374355e+01
3.137299863614093631e-01 1.321240352580861632e+01
1.199167558725967364e+00 1.197976684481078813e+01
3.840258433040903974e-01 1.292039360128306313e+01
4.927257416488449726e-01 1.201575566809755102e+01
1.601562748569023364e+00 1.203050448190952437e+01
1.564231555094653059e+00 1.246389570066732588e+01
1.299673958643667193e+00 1.239189946166051826e+01
7.144117045057379878e-01 1.203170516115553035e+01
9.065971993487408342e-01 1.214959045901037804e+01
1.435246708112852598e+00 1.222302497942878219e+01
6.252262290723454852e-01 1.282832621816187135e+01
1.626674079053144428e+00 1.216859557027906114e+01
1.246556038667997468e+00 1.224852122446957559e+01
4.854938084802533083e-01 1.231474067167205000e+01
4.528607885423434065e-01 1.256481032971832690e+01
1.069172413236282093e+00 1.222246181884852234e+01
4.830744280029167781e-01 1.219024652878146142e+01
2.055972068027714261e+00 1.242847525534047115e+01
2.035482987539279698e+00 1.169054825889156035e+01
5.010564024752964807e-01 1.236473284960733920e+01
1.684257110899716414e+00 1.223271234483905445e+01
2.067104285615531722e+00 1.111218260192001495e+01
7.036209610336582321e-01 1.199381948087368421e+01
3.612837281294866698e-01 1.289689420321595925e+01
2.868055979767790142e-01 1.363297584278989660e+01
7.896025183829400440e-01 1.236829370076613976e+01
1.895166711989478392e+00 1.263564250245311804e+01
6.859074210944294814e-01 1.188656170783555588e+01
2.173666548092933137e+00 1.153158756879941294e+01
1.230765787319172411e+00 1.197524404613390381e+01
2.073943721389954309e+00 1.235489534416116975e+01
3.304538824873279323e-01 1.313696045329896123e+01
1.069253894362968138e+00 1.193470597296187918e+01
1.303814010362090325e+00 1.156203345677586469e+01
1.654757790817509733e+00 1.244996917440687234e+01
4.676440961428255383e-01 1.212724453682461245e+01
9.008722210209039183e-01 1.181905116493796903e+01
1.913215919149820810e+00 1.179503905744758185e+01
1.738364572321243973e+00 1.229754515541556437e+01
1.360209799112877649e+00 1.218542661263307991e+01
4.925214161111973188e-01 1.231904217385009837e+01
4.056420896221674122e-01 1.314757539351758631e+01
1.872014661010898529e+00 1.219169548910629253e+01
2.030212756748836611e+00 1.250635156069870568e+01
8.598030230280757635e-01 1.210392057775407082e+01
1.176788338528479416e+00 1.225094163464568986e+01
1.867184495571170055e+00 1.240715240951306164e+01
1.981611193477933242e+00 1.143347008829441158e+01
1.282825040912474401e+00 1.203157206185245442e+01
3.855639341010511645e-01 1.271877657135384787e+01
1.412683360518310005e+00 1.195277402221270791e+01
1.769059716686662176e+00 1.243601497650128707e+01
4.116272774218898700e-01 1.275352571132911983e+01
3.783933084671700087e-01 1.297156583083223857e+01
9.427828224663422629e-01 1.237680827327394795e+01
1.678500053746156295e+00 1.181623529399860573e+01
1.016534218329123274e+00 1.228617346116486431e+01
6.939435542178796767e-01 1.219694677198205213e+01
1.672952551625682238e+00 1.218939506086817026e+01
5.467191578643634253e-01 1.233309919290391932e+01
1.226687927736396233e+00 1.213294209048707550e+01
7.871323412048308876e-01 1.193153253900959321e+01
3.868971694057884436e-01 1.288575481167917225e+01
6.198826592011530412e-01 1.180435876901009351e+01
8.015133846068178691e-01 1.203091558611768974e+01
3.476932051234760124e-01 1.326558044658638025e+01
4.060226708296564291e-01 1.315936510000519988e+01
1.593468493668326325e+00 1.214648822736470102e+01
1.304110395135606559e+00 1.192809416210039686e+01
2.061036333180082281e+00 1.201176558746274736e+01
1.704372921499604621e+00 1.204225567297381794e+01
2.121069341204512959e+00 1.257148878227346067e+01
8.136022769221941120e-01 1.184480499868551817e+01
3.395638132837373035e-01 1.318307443755077379e+01
5.463443987280471870e-01 1.252164892688522890e+01
3.639048012395829090e-01 1.318856308210006922e+01
1.932202189740465315e+00 1.196964675514528587e+01
3.749994132119316981e-01 1.298360760016601567e+01
9.532916006279353871e-01 1.204965470346319734e+01
1.194617824638201542e+00 1.210786322367144230e+01
1.557364533327695089e+00 1.190695329154353210e+01
2.130106267001557807e+00 1.211478980224536706e+01
1.108842050451869676e+00 1.212868934945710997e+01
3.685528109233192628e-01 1.266148459686666428e+01
2.087188868122985763e+00 1.215602341460450475e+01
1.178857196244483596e+00 1.211591069700821954e+01
7.663654873734975226e-01 1.211123714798552520e+01
7.203174246766536060e-01 1.193124484064619040e+01
4.799620093268271437e-01 1.238513757245213043e+01
4.166104395082178002e-01 1.261712585006082143e+01
1.492770510864119826e+00 1.213613676011262221e+01
7.302544850974515001e-01 1.194636755852641308e+01
5.153365743137965360e-01 1.267131816585090398e+01
1.106375341876639329e+00 1.200672462013764807e+01
1.732734459835316043e+00 1.222016379615411097e+01
1.972462428752843389e+00 1.107766950241292214e+01
6.506897352445273341e-01 1.204965032385599955e+01
8.386870756208056887e-01 1.180262184938511361e+01
3.609359756169930877e-01 1.269101203686888546e+01
7.814377881899031708e-01 1.249581919934631102e+01
6.104497481144027793e-01 1.197327852496150591e+01
1.582380569383348812e+00 1.227591140596317310e+01
1.092644136166250446e+00 1.266451344713344440e+01
5.464965070842857653e-01 1.238353128954133631e+01
2.004204874115155022e+00 1.263930475499852157e+01
1.702711378460167735e+00 1.173375283651648360e+01
3.855490983208743061e-01 1.301284766999170017e+01
1.002278219104287826e+00 1.182600476470074824e+01
2.142513686778017235e+00 1.251861647064665028e+01
1.103081904520754275e+00 1.187180074209083358e+01
1.303393239353943134e+00 1.203391511464422514e+01
1.908953023694572648e+00 1.162147108561021192e+01
1.813606784474141032e+00 1.234017611467515074e+01
1.079772304340776312e+00 1.228385151795375307e+01
2.067496866950941925e+00 1.258486509215567040e+01
3.078295116499255024e-01 1.348187042610957498e+01
4.762989438768924222e-01 1.236970115324462682e+01
1.566445595237057509e+00 1.191890866516153125e+01
2.062091916082622767e+00 1.260202577802474089e+01
1.230152111798969994e+00 1.249464616152981122e+01
1.823156434783054447e+00 1.200093909196515796e+01
1.710805908016863164e+00 1.228638271809948890e+01
1.332384529724860212e+00 1.227054184822891614e+01
1.491953549045859306e+00 1.205926429765013275e+01
1.883002725814259426e+00 1.223147318092844671e+01
3.573667602360799944e-01 1.321620327470192890e+01
1.243097874562963945e+00 1.193801710555289475e+01
4.198683747867919536e-01 1.241944504719543474e+01
9.261005804613722248e-01 1.234929265760695039e+01
7.065160135735908398e-01 1.201774581166771227e+01
5.633121973278466532e-01 1.214035821540047166e+01
9.688329458052745702e-01 1.161673387415374314e+01
6.734921146939552017e-01 1.227056541324820316e+01
6.404749452663444087e-01 1.192457231974573872e+01
7.210210007805788468e-01 1.200102081660805986e+01
1.287738373097234712e+00 1.227393349296532143e+01
1.525398928381202834e+00 1.240058486962790063e+01
1.688792957546158879e+00 1.191116786563466512e+01
2.082671701246699314e+00 1.262981840966082103e+01
1.764071348453285726e+00 1.231144773497050338e+01
1.865544965596561022e+00 1.187126070763757646e+01
1.480058800230611427e+00 1.225918010993975216e+01
3.692611956520937544e-01 1.288515069594514273e+01
1.001798295743317579e+00 1.204450695789577708e+01
6.120708601629579748e-01 1.266650418343879281e+01
6.860122934697214792e-01 1.180487719886329678e+01
4.671685586857314831e-01 1.249628475824733442e+01
1.919214437870353507e+00 1.196923765490718239e+01
1.907736266458154972e+00 1.213378280745689075e+01
2.150422486023280566e+00 1.246453263782641763e+01
4.440122650031127494e-01 1.278794370674291159e+01
1.833679942788324801e+00 1.242432215413503727e+01
1.436045883741829732e+00 1.171903452059830997e+01
5.511864177524639086e-01 1.202439956742604288e+01
3.860140961352408473e-01 1.266880389833988652e+01
1.152496330226355781e+00 1.202022894738070491e+01
8.848980814911350246e-01 1.228575411697045006e+01
1.747384479396076884e+00 1.229765361406293422e+01
2.007872239224396171e+00 1.195696141932061352e+01
2.226384148675023322e+00 1.200493557834986369e+01
4.390062884648053831e-01 1.285621976142007661e+01
1.193391862799505043e+00 1.185629484882747242e+01
1.094305287916657488e+00 1.215501994701647881e+01
1.377445122436097957e+00 1.221248601186363736e+01
1.772186650139216058e+00 1.251577533290546818e+01
6.464562058091196661e-01 1.173512381312348474e+01
1.280184001260228577e+00 1.235386282285199044e+01
6.455009057408654938e-01 1.203010217419257089e+01
8.661304413189484519e-01 1.194547763621947922e+01
6.998476491806372435e-01 1.193133447947457704e+01
1.491435293157588271e+00 1.254083351840158755e+01
2.083497393006926046e+00 1.234691928247005244e+01
2.109929045637023215e+00 1.165338088972831798e+01
1.256379959162515103e+00 1.247644360467788616e+01
4.934470675846509002e-01 1.241782074519640133e+01
1.315496526569067459e+00 1.205044161102341249e+01
1.700521252540829087e+00 1.225962331738336708e+01
2.153318070529216310e+00 1.251820797446883482e+01
1.345313041542541166e+00 1.236827270697012970e+01
3.512338621823500873e-01 1.278992290535715881e+01
2.041889811495836149e+00 1.271329462481783246e+01
9.756950632067855622e-01 1.188585903623421380e+01
6.313940951179454197e-01 1.194640079536008592e+01
1.132090667805215611e+00 1.217579094089559533e+01
8.551157593105217503e-01 1.208935505408771860e+01
4.302356924694573093e-01 1.309526595993114384e+01
5.728017735450130488e-01 1.216521370919266509e+01
7.563987435928722913e-01 1.225931377294292268e+01
1.201599327910399806e+00 1.200724138489672832e+01
1.009851924168280402e+00 1.228520790839721855e+01
3.989023325158888023e-01 1.271432580175048876e+01
1.054805640158029245e+00 1.219690667539960671e+01
1.932924085112263546e+00 1.192216710541878832e+01
1.751230676727241420e+00 1.261896523698657724e+01
2.955922517438726027e-01 1.343773396760995453e+01
2.158031248147172398e+00 1.243571947782474751e+01
1.287085675750600178e+00 1.230207115779278304e+01
7.708652014995893698e-01 1.196165623224953123e+01
1.879232493559246375e+00 1.162200610566619829e+01
6.298564752011105439e-01 1.238424521008071544e+01
8.901320195051313222e-01 1.166210601564660898e+01
3.050156756145392389e-01 1.345634362141544038e+01
1.010116184907771553e+00 1.203007774374128580e+01
5.428740208492187636e-01 1.238257121023776541e+01
2.262310556115258997e+00 1.192687147264127923e+01
1.327195952091293041e+00 1.228912045058578784e+01
1.364089112117096381e+00 1.235003955350564731e+01
1.603327621829700789e+00 1.174111027420283726e+01
4.032650013302060410e-01 1.315715106306976345e+01
6.869522338950956319e-01 1.251588580702927445e+01
1.875004776315888799e+00 1.134360029723025143e+01
1.272095993711643613e+00 1.208349788162850480e+01
2.107639127226945686e+00 1.139868128270671654e+01
3.542456560584847924e-01 1.289329849132642103e+01
4.235265106596430296e-01 1.261652572516439896e+01
1.646615550817265072e+00 1.238756668068912603e+01
1.567151790523125143e+00 1.232548327425586798e+01
9.563376704049463273e-01 1.180268109042634883e+01
1.163764111768658571e+00 1.218530772374361071e+01
5.143154683213289058e-01 1.197659959445537758e+01
3.162651704183443435e-01 1.336778912719275603e+01
2.125432578949291607e+00 1.110456027831157755e+01
7.100491818246447151e-01 1.183647613700002665e+01
1.250787456430850098e+00 1.242065663389397123e+01
1.795970880903487554e+00 1.219229721410314582e+01
5.895192029620681673e-01 1.208503679339495918e+01
1.850703555589342741e+00 1.179085295611891127e+01
7.159565601278952141e-01 1.214797297270159859e+01
1.326877445150599133e+00 1.204708487498671765e+01
2.955796307405038070e-01 1.343427698349454147e+01
1.785882129018697251e+00 1.240448666119725374e+01
1.217119273980335370e+00 1.223378288564930827e+01
1.252627002284738111e+00 1.236505276458057168e+01
1.526380804710102401e+00 1.169188297530557108e+01
8.685482182318966515e-01 1.195755363140263405e+01
1.792300605558351245e+00 1.221805945930150550e+01
1.930449176472176065e+00 1.189530727173456981e+01
5.260530018036836397e-01 1.223080525452152401e+01
5.612765210606659450e-01 1.179580760971538034e+01
5.250516981706346842e-01 1.249075643947312919e+01
7.183904266367924230e-01 1.194305153426791577e+01
9.343700137553628826e-01 1.253863330268839427e+01
5.001000481315718282e-01 1.249268807903594336e+01
1.177497480382980966e+00 1.180565685788377195e+01
1.580423170438616909e+00 1.208134387574333424e+01
1.937003147893753718e+00 1.178897448252068081e+01
3.033230750871366288e-01 1.347197770612735468e+01
3.494333960730777733e-01 1.326258047425494802e+01
1.946114950578635039e+00 1.237255194786731849e+01
7.535259230391143648e-01 1.209625069797849939e+01
4.838958139504799250e-01 1.211341196922864505e+01
4.937272557742999890e-01 1.222421552452396121e+01
7.132266555808622899e-01 1.235040977143176555e+01
6.390649632143856618e-01 1.195834534727752008e+01
1.336920033086659965e+00 1.195940113227768364e+01
8.826243845515086006e-01 1.240423023515053735e+01
8.886214214250292009e-01 1.182623521317833415e+01
6.629534062418828144e-01 1.168708369474250652e+01
1.937166121836980226e+00 1.150399432871805061e+01
9.143961561744048394e-01 1.195960438590691588e+01
7.063081011934925213e-01 1.238534964754730083e+01
9.032183032770473297e-01 1.197502088123027697e+01
1.435401240920896937e+00 1.214814419264241607e+01
1.358534463029605233e+00 1.238443962501820828e+01
4.295736641385917709e-01 1.275036987552123158e+01
8.083947135712556964e-01 1.186655531312641720e+01
2.046948453442209104e+00 1.140829228778399695e+01
5.263135443656270507e-01 1.237758032329954894e+01
1.992942930442136662e+00 1.212675459539471845e+01
1.219769650083013524e+00 1.238243802687997075e+01
1.900927447818400173e+00 1.242019226140368993e+01
1.946820279642132112e+00 1.158121964800589865e+01
2.170922247060577792e+00 1.216821302753242406e+01
1.324943740607485987e+00 1.191219530597750520e+01
1.522156645199826519e+00 1.218840533911623503e+01
1.912834960596413891e+00 1.251721528590844557e+01
1.182030793718769512e+00 1.202969196007001251e+01
1.471056446995109734e+00 1.195852983660062741e+01
9.141456429619785329e-01 1.190252448284095443e+01
1.630819319781591004e+00 1.237716587219248332e+01
2.156431218423994434e+00 1.199186482011653965e+01
1.925990847886716706e+00 1.203351435197996722e+01
2.023863218447831791e+00 1.220352521505757082e+01
3.148912716798953904e-01 1.335003621732027490e+01
1.974478703039512117e+00 1.166464652284386538e+01
1.505687931914907463e+00 1.255278022657451054e+01
1.047623359398557330e+00 1.259037883740067265e+01
1.169411827591055442e+00 1.241014212207728562e+01
1.414506691071391487e+00 1.218784150547916312e+01
1.235289865447259716e+00 1.159091799394748890e+01
9.642147933576903363e-01 1.183160055081461159e+01
1.509587021085392111e+00 1.240979339968682993e+01
1.795391097888769938e+00 1.220613944508009574e+01
1.103658346721949401e+00 1.153232795794508725e+01
1.099140541539560978e+00 1.198833218535117418e+01
2.122743538997352797e+00 1.133907513309549309e+01
2.041597171451410730e+00 1.189697234501594458e+01
4.064029185783062381e-01 1.251834531655214455e+01
2.195429296766592930e+00 1.106692551402916891e+01
1.783639023249632416e+00 1.242018162479920029e+01
1.685762213982469504e+00 1.224253342100181463e+01
1.573220846077047819e+00 1.201224564265256056e+01
1.432008152390803035e+00 1.199164308837213788e+01
1.534966548325790159e+00 1.190276560021707475e+01
5.723460079847058068e-01 1.220330069756233904e+01
1.531069587357396733e+00 1.196534425680790825e+01
1.034242086431765628e+00 1.201313383054549533e+01
8.133526575657941127e-01 1.207798967406391455e+01
4.538651445270558971e-01 1.299514193527431516e+01
1.836058659540033666e+00 1.237612193669055394e+01
1.690876821782902439e+00 1.226582089404250908e+01
3.007830773985911699e-01 1.338450967943084180e+01
4.157727125211007069e-01 1.252407322248470933e+01
1.057259916700814539e+00 1.216671611725191049e+01
4.300570636540048119e-01 1.313486723726520822e+01
2.039746040689902173e+00 1.160007406645883421e+01
8.950178529399228644e-01 1.237766806311505086e+01
7.978330397682843467e-01 1.200491234113296990e+01
1.235243172990058813e+00 1.166927174918984988e+01
1.695655053983518235e+00 1.221748397604117464e+01
4.344711976621276062e-01 1.248805906630271778e+01
1.213848601743569011e+00 1.228332414201755007e+01
1.004309293314729290e+00 1.236379822773870352e+01
3.177416863375116529e-01 1.338553679801298024e+01
1.257328413035425640e+00 1.195276473711598442e+01
1.479468847041560675e+00 1.215602231044120174e+01
1.725832516942809702e+00 1.225044500897792332e+01
3.683034235204479256e-01 1.314486955710962590e+01
6.661757669972370177e-01 1.204254470730669802e+01
3.497499857215539132e-01 1.299013363395914133e+01
2.051539913569831786e+00 1.210108899603018706e+01
7.665412417220303087e-01 1.185637216447707054e+01
4.250069365688151635e-01 1.237236236346376117e+01
1.750732496155597895e+00 1.197225007662263430e+01
2.126417808973135593e+00 1.058659300414244875e+01
1.400609194886912157e+00 1.193468508286305507e+01
1.430538066184868562e+00 1.214814007685565400e+01
2.161709749809543002e+00 1.161690515143235025e+01
1.026403025192837104e+00 1.203690069232695592e+01
1.111074872725791751e+00 1.209647616563418815e+01
2.013365948304672415e+00 1.158766732097249985e+01
8.570004402258998288e-01 1.216180827436219403e+01
7.952726572892108159e-01 1.200541772516293371e+01
2.022834563851554357e+00 1.234000571857288975e+01
1.948185158655896920e+00 1.188652915085631356e+01
1.517985454057024564e+00 1.212221930539067394e+01
5.232903528426527950e-01 1.228109866417603868e+01
1.062072417951430481e+00 1.190519249169556204e+01
2.143836765552139756e+00 1.105198471667397975e+01
1.153056409653018033e+00 1.248731125458437319e+01
6.089291581125277908e-01 1.219563855646453376e+01
1.850839979920941847e+00 1.203293497556898473e+01
5.009154212158832831e-01 1.216344176038525937e+01
2.001260666146684741e+00 1.156224582991078798e+01
1.650368807140186522e+00 1.210274623355102008e+01
8.265211352136113687e-01 1.197440589711983705e+01
4.932545156902328753e-01 1.230020108355295605e+01
5.004095049169978715e-01 1.276666669945388399e+01
1.640489038638143660e+00 1.190538051134427810e+01
1.783197390238224767e+00 1.228556147605691606e+01
4.783166809247244022e-01 1.242584001091921664e+01
2.044029238484222244e+00 1.250918326629591704e+01
7.441481902355635558e-01 1.200961213263585847e+01
1.058216583857849891e+00 1.183457970586292873e+01
2.098090679415759219e+00 1.218544129164624934e+01
1.537227648334939190e+00 1.222345372842251976e+01
2.079820621988023976e+00 1.183096593722107315e+01
8.178249948898852484e-01 1.202985884339853406e+01
2.102524826009811942e+00 1.270496047194901301e+01
2.105820878495352932e+00 1.166079821916525106e+01
2.042120582182624489e+00 1.265474547759986201e+01
9.702331822996902444e-01 1.250414594199509999e+01
1.842543619713328473e+00 1.165878912352125418e+01
5.989136703426427566e-01 1.208782062347673047e+01
1.810416216647172005e+00 1.200767808706013717e+01
8.177028643957129361e-01 1.242518523941911468e+01
1.710391133969868305e+00 1.139687688719968151e+01
6.683838221846929439e-01 1.221182664540327600e+01
1.958024314046656666e+00 1.223652093651883099e+01
1.926116976032840933e+00 1.203446457269373404e+01
4.458961499799880546e-01 1.262068371297183234e+01
8.737368219715919704e-01 1.191250921682852493e+01
4.112778746866619928e-01 1.233314215100319977e+01
1.742991487549679475e+00 1.258267867562567588e+01
5.927273518856718271e-01 1.204933323906293374e+01
1.758236686725349829e+00 1.234656948422140665e+01
5.555804818596592476e-01 1.255503198697611467e+01
1.509556528681236465e+00 1.208175629456484401e+01
1.590463032408956812e+00 1.208251736136059229e+01
2.165441880125694940e+00 1.171229674753969618e+01
3.449160330810069341e-01 1.327122935866899844e+01
1.106795795962779660e+00 1.224190292007767056e+01
3.752854589888748871e-01 1.253498524334657560e+01
1.480755932691504517e+00 1.230618204998701870e+01
1.523244411159325962e+00 1.242027400441653562e+01
1.247198004213212252e+00 1.238766674413912305e+01
1.303057876685068228e+00 1.169180098422558345e+01
1.424082804859395646e+00 1.201093584333576203e+01
3.486618923570151130e-01 1.277693479565677315e+01
3.007867899492426278e-01 1.342978140584691005e+01
3.573922879217684145e-01 1.310845844759301926e+01
3.965108729464100756e-01 1.263235130995804134e+01
3.547090352688658799e-01 1.295522947582502304e+01
7.895326186280390290e-01 1.172513070808860647e+01
1.779656754618332615e+00 1.220765741192120402e+01
5.650247239875213490e-01 1.230632423917980134e+01
1.647083548798393915e+00 1.217132699243025407e+01
7.736164305627912796e-01 1.217676229008126043e+01
1.175787616507601108e+00 1.203400781609871473e+01
8.301150808196516850e-01 1.215968157610893563e+01
1.914139192501071784e+00 1.179600395840514437e+01
6.108600578828313754e-01 1.219302295402138014e+01
3.414261841263608876e-01 1.309768330266564540e+01
1.594351191238881027e+00 1.246599137080222874e+01
1.636460014091808635e+00 1.221253840268391500e+01
5.035173410275730621e-01 1.218807484487457948e+01
1.452562651823938955e+00 1.222725368954828085e+01
1.198168437331899483e+00 1.252812130385358103e+01
8.891074244291108375e-01 1.220225648543115682e+01
1.979457416823223292e+00 1.203515629840959100e+01
1.580266851749014823e+00 1.213262914204092624e+01
3.650104771412643889e-01 1.320444445898247565e+01
1.636828577699749765e+00 1.219260097546018429e+01
8.748038758445888519e-01 1.222486426688417538e+01
1.841942819950392662e+00 1.182782396774955735e+01
9.987726056931335306e-01 1.238375443281836041e+01
1.579146441491793507e+00 1.204215009262653524e+01
1.744823679533930028e+00 1.232498335829610703e+01
2.110637451822061639e+00 1.154065012690912617e+01
1.898456373611845827e+00 1.246947813461885701e+01
1.352621763851094450e+00 1.255185499514930569e+01
7.996595439477539591e-01 1.213154142032144378e+01
1.232890194052208122e+00 1.191885147106379961e+01
7.650135735842993334e-01 1.207776578917435373e+01
4.464315972846433778e-01 1.270261847498418106e+01
1.027375317718040026e+00 1.219376378058937327e+01
1.600996947981799812e+00 1.248215637388010357e+01
9.442430409025293070e-01 1.230208778516980317e+01
1.968071416640582161e+00 1.252326159502541714e+01
1.131224195056673265e+00 1.200452881062260424e+01
3.361598934864512556e-01 1.324144035820306264e+01
9.308987425790061776e-01 1.193331626940356038e+01
5.698411499908092592e-01 1.187147642514172041e+01
1.802606598682544803e+00 1.223247043810713741e+01
1.059718165442800952e+00 1.206213744160380230e+01
2.126014718882537569e+00 1.094924559989660828e+01
4.409956101881545298e-01 1.229508402267872036e+01
1.748022705926601583e+00 1.256682878071706355e+01
7.542596312023409633e-01 1.200094988143464292e+01
1.908583868772540715e+00 1.249006635627506157e+01
6.157527977264607433e-01 1.207182492996767564e+01
4.555322458649979644e-01 1.298589387712922871e+01
5.553818847915721335e-01 1.197908290912723395e+01
1.814260106743833090e+00 1.255764948537708925e+01
1.008604042719311256e+00 1.202870709420538553e+01
3.359953578196134827e-01 1.320762137303625749e+01
1.927765894639247746e+00 1.170916017267693299e+01
6.964418686740507791e-01 1.184777785665020033e+01
3.555742615081842750e-01 1.293617760223034274e+01
2.096534562422663672e+00 1.193620580817326982e+01
1.849407952267211996e+00 1.216789492530535277e+01
1.726264026714747102e+00 1.192672527631760104e+01
3.100508280014209195e-01 1.344124895197653480e+01
2.002080274462992637e+00 1.134615027768632167e+01
5.949789455495086976e-01 1.182618858885919444e+01
7.723239493862319449e-01 1.250631770973178547e+01
7.245652726097409069e-01 1.189314549044076585e+01
7.999923055579256648e-01 1.228669207648862916e+01
2.069566171453115722e+00 1.251110638803913488e+01
1.363207236983360549e+00 1.237051451810737213e+01
3.055394554223357928e-01 1.345199834727648458e+01
1.509748718013190105e+00 1.220387846294733691e+01
1.455580391702852250e+00 1.182847538865012638e+01
1.629698721294169816e+00 1.257925648977321842e+01
7.612647055755817904e-01 1.189912557740022514e+01
1.124707546789254220e+00 1.222965113390668712e+01
1.352782425692915291e+00 1.234071264338716389e+01
1.991757315422075569e+00 1.257386607325240035e+01
1.027820381475736289e+00 1.189567993366394383e+01
9.657802664252101987e-01 1.162634350754126622e+01
2.128026208175864298e+00 1.245280764057291378e+01
1.796622020771172945e+00 1.234214021275813522e+01
5.467314355580717988e-01 1.194805144512891104e+01
1.840623705173410896e+00 1.157434606794942411e+01
9.061264801001300828e-01 1.171345514421314071e+01
2.236408015529066873e+00 1.229306754021424020e+01
8.422979127839845814e-01 1.180355111707762106e+01
5.271861485150136639e-01 1.189457913309061432e+01
1.173639213752160737e+00 1.219020395902745690e+01
6.229971528137301373e-01 1.216010059666385423e+01
2.202928039404453475e+00 1.123485412498338398e+01
6.628573061441482839e-01 1.221131072642014814e+01
1.550969771049796719e+00 1.206249640290693215e+01
1.727623673039435426e+00 1.204501616673586817e+01
2.031757833342669795e+00 1.194511224804590732e+01
9.734556773395379725e-01 1.181869266028854781e+01
4.312805156972305265e-01 1.293031538929301583e+01
2.097370182801683303e+00 1.225154641994251392e+01
1.088427213540319460e+00 1.222878422727402103e+01
1.506791266990324285e+00 1.213144045357747203e+01
6.199355935374654125e-01 1.270111441357041748e+01
3.593578108899371237e-01 1.310180267982207525e+01
1.391008324401012519e+00 1.228259728780956905e+01
6.776920540156210482e-01 1.193307185952811444e+01
1.907769345990632415e+00 1.218158928084515225e+01
1.469001494842383515e+00 1.198808955073888427e+01
8.932403870064482554e-01 1.211309069040201081e+01
1.180028711251513540e+00 1.218198435510714361e+01
1.552106131688180568e+00 1.212717274058958772e+01
1.204237854858462908e+00 1.219785694837516488e+01
1.845260251899764059e+00 1.255657828323885106e+01
2.063903382076405446e+00 1.075569606420507185e+01
3.754453434427988956e-01 1.282413650215893242e+01
4.309964956389364943e-01 1.253692609890688026e+01
8.998338686359821370e-01 1.203325997976226702e+01
4.094135319772241322e-01 1.279870666241714083e+01
1.780917481485021492e+00 1.247081859218938327e+01
1.895523022798208501e+00 1.232323558233230187e+01
1.902361939393279355e+00 1.218119561909309745e+01
2.139978949328417812e+00 1.233861558645842749e+01
7.382270772003131087e-01 1.173495253047177656e+01
1.433873852429545348e+00 1.245332198560421055e+01
1.380294353701367660e+00 1.211281768128249325e+01
1.858643033666053546e+00 1.156446899806514850e+01
1.247199767580495333e+00 1.198833289124570811e+01
2.034912027742573848e+00 1.166757808924968565e+01
2.069907620490738509e+00 1.179266187481730910e+01
1.668287576256994864e+00 1.228974200895946289e+01
1.945312049260830234e+00 1.165570880943858256e+01
5.070284993466298573e-01 1.245371127529725364e+01
7.557923559095709454e-01 1.201082051067836787e+01
7.221235692265991490e-01 1.234641075028431167e+01
6.244463659731648297e-01 1.209305139658646944e+01
1.060405766726932875e+00 1.203172250046489111e+01
6.152021528072487699e-01 1.187200109469274700e+01
1.453565187971690875e+00 1.224270178739826243e+01
1.202133660408237548e+00 1.179187090850020780e+01
4.359535306406910893e-01 1.276669332868065432e+01
2.129968596728565089e+00 1.130837325489268430e+01
9.653826999458855473e-01 1.268725648708625009e+01
1.870864290314028455e+00 1.232071404913010326e+01
3.398511728153153499e-01 1.327056022290397586e+01
8.631789767995355911e-01 1.204875131184863868e+01
3.229737005659047977e-01 1.320174794658532669e+01
1.445948745065472885e+00 1.223050848328269602e+01
5.715557036185964224e-01 1.205777886140669075e+01
4.195353379156608331e-01 1.266500658866023876e+01
6.226465098322783165e-01 1.213174128147095843e+01
3.029851202004205102e-01 1.345831489877808629e+01
1.695732364569382922e+00 1.227736712167017430e+01
1.330414667770737358e+00 1.194306554704443535e+01
1.133030300137944701e+00 1.256995330716692827e+01
2.057542455113548829e+00 1.185943521028397640e+01
3.328920906647110933e-01 1.329356141078918263e+01
8.284445384323858574e-01 1.191361413134818825e+01
2.007747619412938889e+00 1.241240249706761212e+01
5.672083065275449476e-01 1.236201841303312676e+01
1.976176130370398187e+00 1.202575744044865047e+01
6.486928669799661984e-01 1.190777844638004268e+01
1.235099165720083603e+00 1.192454236767489917e+01
1.198738877894783394e+00 1.206376109958462628e+01
8.870992258915468831e-01 1.202980650100397675e+01
6.770405057281271288e-01 1.189074583120860673e+01
1.363157795389623672e+00 1.172742156725535345e+01
1.289943998048117324e+00 1.189989872571995200e+01
1.421220450490336074e+00 1.213328163945047500e+01
5.910154043401052437e-01 1.236011761100730233e+01
1.482523900657765292e+00 1.187644572719625380e+01
7.473169684842804195e-01 1.182076808138546120e+01
4.843904215632641175e-01 1.299951026874532189e+01
1.456350578931002504e+00 1.234263750212326904e+01
1.220919537124156129e+00 1.234290933605867480e+01
2.115657747929022836e+00 1.202050122413264077e+01
4.279278413921429047e-01 1.253295670400584605e+01
1.942116217622577468e+00 1.245474565493162267e+01
4.296448128563287727e-01 1.222390107394980951e+01
2.102545355582567055e+00 1.182814758103614672e+01
2.248791699756384155e+00 1.194495788988698592e+01
1.723347906032641097e+00 1.213211743305355483e+01
5.993723734456333219e-01 1.208887447628154455e+01
1.502698869946216265e+00 1.173981205364596647e+01
8.707525755794952582e-01 1.178805645289220649e+01
1.431529467653414045e+00 1.248450969599243265e+01
2.033343251609647240e+00 1.231528271630546278e+01
2.112125171036408400e+00 1.202360351335439326e+01
1.606255878757939959e+00 1.208111508097415587e+01
8.455109720008863183e-01 1.198237943623144908e+01
1.684190363644266775e+00 1.235800542743618990e+01
1.339975675560333146e+00 1.218965326061818111e+01
1.837713104288006605e+00 1.240197777560313419e+01
1.822439338850574853e+00 1.257616243419199975e+01
1.364976203589051806e+00 1.159487949645193083e+01
9.899550871532858398e-01 1.201703340627393146e+01
1.874929916742237745e+00 1.234072092154965894e+01
1.086185464412988688e+00 1.212368358702884485e+01
1.733808903410896995e+00 1.187579063861863915e+01
6.460651677445935492e-01 1.188145702094069911e+01
6.744673317569593873e-01 1.209469397755586328e+01
1.789562878827568593e+00 1.239039661487244359e+01
6.527371891550628469e-01 1.261382199636347146e+01
1.405931637004419699e+00 1.169434071932391461e+01
4.003914339920825460e-01 1.266913718815505518e+01
4.191795778559456176e-01 1.252148088145561111e+01
8.686825944888078022e-01 1.160481517899218318e+01
8.488388466727012638e-01 1.188885007005150030e+01
1.300682989972677506e+00 1.236407435281980405e+01
4.312584618547763426e-01 1.231567070871536451e+01
1.345141148979201340e+00 1.218312787479478487e+01
2.086907141386364017e+00 1.204829570044005216e+01
1.786762089755683514e+00 1.142382367860121661e+01
3.372272020490739708e-01 1.290827252636383093e+01
1.014639365200363574e+00 1.189729970628954270e+01
8.601090586477162514e-01 1.208356083629082001e+01
8.690067543410096018e-01 1.212916360706345387e+01
1.676997712004065555e+00 1.175375531905173609e+01
2.249983051041643645e+00 1.186878218130440921e+01
4.946769860622941550e-01 1.222432083485320931e+01
9.345730485246216412e-01 1.199338987809997548e+01
1.518415220029138535e+00 1.229052062141997936e+01
3.283956434109018829e-01 1.324879745256833985e+01
4.367744169167955270e-01 1.232088134240513710e+01
5.151822999707019735e-01 1.235390694139657342e+01
1.784613783861210390e+00 1.194974449441071762e+01
1.613650372662042365e+00 1.173597786704231005e+01
1.472793260308339125e+00 1.238548449907230520e+01
6.499520287884591463e-01 1.255932239765347624e+01
5.829302144891320703e-01 1.218257373199931415e+01
2.290087334867040525e+00 1.144468133233246476e+01
4.402500700864347971e-01 1.220378682751872290e+01
3.461071359147793736e-01 1.310414066025544422e+01
1.415340768715706465e+00 1.221997750402985616e+01
6.866242065588614718e-01 1.186818665945456885e+01
1.861965707356497468e+00 1.212658895244619828e+01
1.850900908101099862e+00 1.197020326176849281e+01
8.237387933455746492e-01 1.201478944040845853e+01
1.936563374318944986e+00 1.206163440496085926e+01
1.827962888821105469e+00 1.224607192106476994e+01
2.146526568841605975e+00 1.237196911692018908e+01
9.903012811760658618e-01 1.226124845574698696e+01
1.991854034994417155e+00 1.221618088162917104e+01
7.632272866435478864e-01 1.208167944412477723e+01
1.097139012776333855e+00 1.225628376270269548e+01
4.947625809952457265e-01 1.215976716587705120e+01
1.501305228207383768e+00 1.242983880140252140e+01
8.351484297457534289e-01 1.244458255275598191e+01
2.107049470079596531e+00 1.243172907863858612e+01
1.897843781532454033e+00 1.110861577612750395e+01
1.234279939814970639e+00 1.206001406108540053e+01
2.107781623051725006e+00 1.258456834881054220e+01
9.886840658537957571e-01 1.220078001130007017e+01
1.388037470915509441e+00 1.245384818629197810e+01
1.555001154282198872e+00 1.234307866417151622e+01
2.004214254937878525e+00 1.243634254220599544e+01
1.860675498691439111e+00 1.256076142815947350e+01
2.135559374845280356e+00 1.212551226574150576e+01
1.916258479877875898e+00 1.210179911413561626e+01
1.858544429162036327e+00 1.258401914162567437e+01
1.367765334658510357e+00 1.165063460082856928e+01
1.737879630467410230e+00 1.217387134138869520e+01
3.469252583323289563e-01 1.303093278775324038e+01
2.067897527608212993e+00 1.173899298212768549e+01
1.454299251713727203e+00 1.214670851465031198e+01
1.824282114849383296e+00 1.150050317740359418e+01
6.362408126990594104e-01 1.225016034437527956e+01
3.600518212711074639e-01 1.288256677907090086e+01
7.005353453876171921e-01 1.187120036785479193e+01
2.039468904909239377e+00 1.134226607117620844e+01
1.177181068573704747e+00 1.239097332535027007e+01
1.201708516278440664e+00 1.176307095962159366e+01
1.129088141401055401e+00 1.226550036658110621e+01
1.058301359121341267e+00 1.182459550959381822e+01
1.417987825191518780e+00 1.224904717001171939e+01
2.073535835405178940e+00 1.197919661505164335e+01
1.489030918483738919e+00 1.235229895623479734e+01
6.069338461310612720e-01 1.266427420485769595e+01
9.497045439773823539e-01 1.209775470890646609e+01
3.556090293348583842e-01 1.288294106484462453e+01
3.702151205113716759e-01 1.301320094158974960e+01
8.282947185535450840e-01 1.181681064278355642e+01
1.057329432723870255e+00 1.233688691925900116e+01
1.873661405648244793e+00 1.235610495531458675e+01
1.297714032171691345e+00 1.211579058735616954e+01
1.553186986496208011e+00 1.238415820087560704e+01
6.290167096710970185e-01 1.197384621487244694e+01
6.632481602232546125e-01 1.209335447003878805e+01
1.103903279167923079e+00 1.205845668255301639e+01
5.920519062868068172e-01 1.230554250712239828e+01
1.130612575818699561e+00 1.185242551439847958e+01
1.944003342237572429e+00 1.256023050461272206e+01
1.627631517735145916e+00 1.251282070495688181e+01
2.129895865680043077e+00 1.117720537305007511e+01
4.227392139472423982e-01 1.228480349181540277e+01
8.239693610748692887e-01 1.199059609920056069e+01
1.731759509309596767e+00 1.175338292940194052e+01
1.972477176484579209e+00 1.235949223422209187e+01
1.828469422603785421e+00 1.240765161610388390e+01
1.916168782495489609e+00 1.236933360052558406e+01
1.382370190825979561e+00 1.222903597544716980e+01
6.236739114374512116e-01 1.245304650697424265e+01
1.616526972635520698e+00 1.210133160212043890e+01
6.340876502302438267e-01 1.210675346006648212e+01
4.140931672793996543e-01 1.251930210755681827e+01
7.507200252873534874e-01 1.181520173899563808e+01
2.203350450061126065e+00 1.136074625496016033e+01
1.708308866760426925e+00 1.168087437207442925e+01
2.054834841168286630e+00 1.206453685166021650e+01
1.118284206177901918e+00 1.221394539374371035e+01
1.320895804427431708e+00 1.220668064680479148e+01
1.456292179328232184e+00 1.208243382955549450e+01
8.051159761823822869e-01 1.205414723488255646e+01
5.762343233872924131e-01 1.220494254290738212e+01
7.937634272732152496e-01 1.194270743520321965e+01
6.839999156003487846e-01 1.184675947556659814e+01
4.083244384673485605e-01 1.294715169401903587e+01
3.254528243208598681e-01 1.319571201284157347e+01
1.954575339210559148e+00 1.136453384782208076e+01
2.190622998421628775e+00 1.097399732909518377e+01
1.172877897088467236e+00 1.185272377358616502e+01
1.862011399024653180e+00 1.241063409002664031e+01
4.578322136724469194e-01 1.246498309652823444e+01
6.160858711092938034e-01 1.169657490863117566e+01
1.585719936829703247e+00 1.233292222494038803e+01
9.338654736104123888e-01 1.181629136817364234e+01
1.938163607272577638e+00 1.225751835090986042e+01
5.555428894559588660e-01 1.195865224592467335e+01
7.904989286832757589e-01 1.207340594678771240e+01
1.818487438018315805e+00 1.217460853770882601e+01
9.681112722912721402e-01 1.209348843279573060e+01
1.884596764555775739e+00 1.258453827027438265e+01
2.160827324897848456e+00 1.141751347127575222e+01
1.475252307789887141e+00 1.157140397171675517e+01
2.255537683674006200e+00 1.133511132745570471e+01
5.844782415261238206e-01 1.190892298894947388e+01
8.128207077511541145e-01 1.179648089408243372e+01
3.142484529963780471e-01 1.317403938935065888e+01
1.310266234858180168e+00 1.215553123278832715e+01
2.170703848358497279e+00 1.259145046504117538e+01
4.052836163101903866e-01 1.234755740672977709e+01
3.340707512434382132e-01 1.334804987940069765e+01
3.092083866281411519e-01 1.344339111484678995e+01
1.298468926531339607e+00 1.235132901382694293e+01
4.121434328552576187e-01 1.280506438035784811e+01
8.192472176395737549e-01 1.189075877107034884e+01
1.980710791125454895e+00 1.253874524558752235e+01
3.614556904255250558e-01 1.284984575864360146e+01
4.885480342335818404e-01 1.229047924625046129e+01
1.700512294959654502e+00 1.258851017044317722e+01
5.206058174252091719e-01 1.271395824346575232e+01
8.841459090699945733e-01 1.175754039078706192e+01
5.492593873587686693e-01 1.208346259070427919e+01
1.486890694557528869e+00 1.212924205831285818e+01
1.074973903590853430e+00 1.194989641077335918e+01
1.011672609826929081e+00 1.196226114439615529e+01
1.031925261415951089e+00 1.196667448264597233e+01
1.790359262285490471e+00 1.191299059072609445e+01
1.121167148677652881e+00 1.164746749791346403e+01
7.700727357557990427e-01 1.222013463654353238e+01
1.686369195487922301e+00 1.178116955790373233e+01
1.925614762605632579e+00 1.177976940692519570e+01
4.864891154274890162e-01 1.290597831136387263e+01
5.465863173389430285e-01 1.223557146543776675e+01
2.135894180401562981e+00 1.116351235818012810e+01
1.146593185344330079e+00 1.228057731953110476e+01
4.280122668667113439e-01 1.236563217814403792e+01
2.007995673820371696e+00 1.231962528134337909e+01
1.779550395839245125e+00 1.185462375346143205e+01
2.019107873380612261e+00 1.208572860268314386e+01
2.094266972122718951e+00 1.081853960583407215e+01
1.621411083072072712e+00 1.224121860164208719e+01
1.048852831785807016e+00 1.204518863217650626e+01
9.636629298441575786e-01 1.188249354492075582e+01
1.484888445452015260e+00 1.250628909043525994e+01
1.879183381072687009e+00 1.213523317388500367e+01
1.940725687471769767e+00 1.261670399272571075e+01
1.181059951579306100e+00 1.193785873347276905e+01
2.002779947205102218e+00 1.252350349811942998e+01
2.037362517242146787e+00 1.149329128093259911e+01
1.543245233302225072e+00 1.234931157630428977e+01
6.677925923322179935e-01 1.195060332453673446e+01
4.936212232138699196e-01 1.288526819295427828e+01
8.059679177877078216e-01 1.225919140966025012e+01
8.741263396166133459e-01 1.174696178818706649e+01
1.427650649834130370e+00 1.234799714359357559e+01
1.631879201739629304e+00 1.195917160485912056e+01
2.201082316131529382e+00 1.252943919226476766e+01
1.629409314238003947e+00 1.240049606617830236e+01
1.029334998994262840e+00 1.233775260167195675e+01
9.875013380284225484e-01 1.199161188318130300e+01
1.770881110857153606e+00 1.237785041055067659e+01
7.523142572370525860e-01 1.266777584732448858e+01
6.224493009555871481e-01 1.185746323961116211e+01
1.434264496462952510e+00 1.183566667048020982e+01
2.044865079878544822e+00 1.225696874501372413e+01
1.379054277994137490e+00 1.178220829039729445e+01
1.765690280793601463e+00 1.234969051423502151e+01
5.542025480193256692e-01 1.223868968818296921e+01
1.044074992779558730e+00 1.172429234343005966e+01
3.979393818525676640e-01 1.271047920285024269e+01
2.056147854086856963e+00 1.213274783984933691e+01
1.471409878514833736e+00 1.217013136191356892e+01
2.142019945856049379e+00 1.185916437302151394e+01
1.919219554044931941e+00 1.216215200370367455e+01
8.236159014345605378e-01 1.216084569341795252e+01
1.728192647171827856e+00 1.196377950011147462e+01
6.920440420773807944e-01 1.210587302195431114e+01
3.755673391729189570e-01 1.270176307837316543e+01
1.275935190121417317e+00 1.185433558506234775e+01
7.951614990853044240e-01 1.230139450676810497e+01
1.173128019222094531e+00 1.206020633782639351e+01
5.379907947566666682e-01 1.227272092689627847e+01
6.975316418176092936e-01 1.224213854880131080e+01
1.263923289240018510e+00 1.204435419957650133e+01
8.865147060894366104e-01 1.206509409964306556e+01
8.271843487822908569e-01 1.211158907337026669e+01
1.901699323849246559e+00 1.149627744147516140e+01
6.551643109619321725e-01 1.180424140863615001e+01
1.108617899602539758e+00 1.216839613204077430e+01
4.693387803504075473e-01 1.217651499269275384e+01
2.059852690193143321e+00 1.207772073655453227e+01
7.587371640689730690e-01 1.208900706167312755e+01
2.115419143008434144e+00 1.240025023016196393e+01
1.927054777451596701e+00 1.250192042035729578e+01
1.787926233535712672e+00 1.232557121060347249e+01
8.496612304618916811e-01 1.200286968586327774e+01
1.363985971845447231e+00 1.189068225941198698e+01
4.389430483797856497e-01 1.236966969598775279e+01
1.537934005204609100e+00 1.244261574749826238e+01
4.739847379233601554e-01 1.237969509011263547e+01
1.676360785941376053e+00 1.248570491241407332e+01
1.750171538895364254e+00 1.239114791683796390e+01
9.935076146293914112e-01 1.221523001087509108e+01
1.300995803877485368e+00 1.169400428706286554e+01
3.132241489761163900e-01 1.332584554096914609e+01
4.901755001706652459e-01 1.229255629996256260e+01
1.811216819090246011e+00 1.172543214998315975e+01
1.761921371668278447e+00 1.216426516215389597e+01
1.114169708463593977e+00 1.221088937682683273e+01
1.908316785375465452e+00 1.205724428116101343e+01
8.699980341694042441e-01 1.211128789325487531e+01
4.303040480042946148e-01 1.296315000024649144e+01
1.408243673428571707e+00 1.231382770855054254e+01
8.796936031963143998e-01 1.212607203255747379e+01
1.265985147988566206e+00 1.186271936120377113e+01
5.961046197625542442e-01 1.217358500722694004e+01
1.476413331717651323e+00 1.223989894388417632e+01
1.657718196039484893e+00 1.177717334350358236e+01
2.078142885200169765e+00 1.170191078016219244e+01
9.630641059719138308e-01 1.181619912571360764e+01
4.217046474814172830e-01 1.248405310050096340e+01
8.928573217137493190e-01 1.192186408501426875e+01
1.304617130652621304e+00 1.230306225044005508e+01
2.193248349912781947e+00 1.217907958577963612e+01
1.514190498841405885e+00 1.156813877156651849e+01
1.478582169845553240e+00 1.173088371663627250e+01
2.101853187930830646e+00 1.185891156935157653e+01
2.042818305504396914e+00 1.234854444353375591e+01
4.348158949382535665e-01 1.257883838637549268e+01
1.447206892464149020e+00 1.165637912738812076e+01
2.996203534741356811e-01 1.343435800430635041e+01
2.035308096116232868e+00 1.258851354752781582e+01
1.088734377269687581e+00 1.204264733768631324e+01
6.399861242167950159e-01 1.218803617018444996e+01
1.560971713110205439e+00 1.238829559633074062e+01
2.100802530594326534e+00 1.178619010267113332e+01
2.062649084498654695e+00 1.245375205849479272e+01
6.559888741278742108e-01 1.204114010603942297e+01
3.187569509909478627e-01 1.333900359595619634e+01
1.198435363888052052e+00 1.214343904710504773e+01
1.248884055736623200e+00 1.194800851493894100e+01
1.074078226200140262e+00 1.199591727184983370e+01
1.022803828058323594e+00 1.196285329735769487e+01
1.548251697718164843e+00 1.171956773182542833e+01
1.500920181541668841e+00 1.219250407280212123e+01
1.910777445747223080e+00 1.218370204948713464e+01
1.771765457486115469e+00 1.243541503039733342e+01
1.172527953380038790e+00 1.228103087880920086e+01
2.044907285794091312e+00 1.192172521302958188e+01
5.107113802890720367e-01 1.222331504397181945e+01
5.690570143263712355e-01 1.266180278912753110e+01
1.632191155153794870e+00 1.189710753924154396e+01
1.380432558025827872e+00 1.195632700773148827e+01
3.143536639917434150e-01 1.327999316018071418e+01
3.173329781464336308e-01 1.313442932591231127e+01
3.713739965686572719e-01 1.274172891319225975e+01
4.235906109340666359e-01 1.292563568110433359e+01
1.192999134926649996e+00 1.201219858517869454e+01
2.022568451018906810e+00 1.204202145264592794e+01
3.405142275824136755e-01 1.293414891163424585e+01
1.931083953008305487e+00 1.179765966964550827e+01
4.035374036986357216e-01 1.235389075146425775e+01
2.163476854952952166e+00 1.209236154271266273e+01
1.923439405515165568e+00 1.122668595118871693e+01
1.700043987462212414e+00 1.253282196418247629e+01
1.911471833385752772e+00 1.147266124506765905e+01
5.728770909580495063e-01 1.194364063236553619e+01
1.139929822838380957e+00 1.186229699679735639e+01
1.984457955349026692e+00 1.242289809088603825e+01
5.676819250855593690e-01 1.216512113752659019e+01
1.688894678397852456e+00 1.239472728713290017e+01
4.649149077746512759e-01 1.239548964129500952e+01
1.580311744900654514e+00 1.255245430910029647e+01
1.104669183045845271e+00 1.220242852002464673e+01
1.562682113758478319e+00 1.221312756956070977e+01
8.278037378394095258e-01 1.218040732675706117e+01
7.797938347528244885e-01 1.189045609816701798e+01
3.452270458062204894e-01 1.310859827010110479e+01
1.606184231024415654e+00 1.205021535814834088e+01
2.074819561391803902e+00 1.180831019012316574e+01
2.031252680344366901e+00 1.150711709387176818e+01
1.075519524453341091e+00 1.200832935597864370e+01
1.610737654568733968e+00 1.233843011502038500e+01
1.683992008310534416e+00 1.255172391977368562e+01
3.017649155330341393e-01 1.344412011394250150e+01
5.919107968201218206e-01 1.200312237099135615e+01
6.076130269005425300e-01 1.218326198439517327e+01
1.524498897345896831e+00 1.176610733182344326e+01
1.972406480776024207e+00 1.220204168866127681e+01
1.576273103968482747e+00 1.191977872189283438e+01
4.975253926177938824e-01 1.249533641920520388e+01
7.244981716701781593e-01 1.177730962690098515e+01
5.923064185541184745e-01 1.199754518785544377e+01
1.055595260346955166e+00 1.185441209085990444e+01
1.233015202551164036e+00 1.203931425222521945e+01
4.198319454596330380e-01 1.227847006824392118e+01
8.140679933431195225e-01 1.196710354266637211e+01
7.576968978493663354e-01 1.194209693661589000e+01
1.628033372099866760e+00 1.155259606873011435e+01
1.281448726956592399e+00 1.185921044343086628e+01
1.790263134252239041e+00 1.247080129610557719e+01
1.048425098510878284e+00 1.196900106114429185e+01
2.163257974856397148e+00 1.206952201871315999e+01
3.482914463912047953e-01 1.314596818887115681e+01
2.106133648958001370e+00 1.203833936804197080e+01
1.092748560959461379e+00 1.204635876877811462e+01
6.878584756070164064e-01 1.190332962262172956e+01
1.475187240809873623e+00 1.245948190687563439e+01
1.765780370494615337e+00 1.195372278249877951e+01
1.617836895949487541e+00 1.195448807258996382e+01
1.485671248653631427e+00 1.171855632377636169e+01
3.756006876381632331e-01 1.272408847490435235e+01
1.181941530648402017e+00 1.227231004539561532e+01
3.778824313363753906e-01 1.313451075982427518e+01
1.141234163935484158e+00 1.204483102608359424e+01
2.035664649739956644e+00 1.195092580363665036e+01
3.071445759830228051e-01 1.346324534999000377e+01
1.101846499200693552e+00 1.204545813769263951e+01
3.978361887833742894e-01 1.261242757791398539e+01
5.645401212393769130e-01 1.224347815102455606e+01
1.992443939544092713e+00 1.101057141977971732e+01
8.511582313873911065e-01 1.199201648882911364e+01
7.265286575022080751e-01 1.201346483139171184e+01
2.234953391491534269e+00 1.216177876761230792e+01
1.446479807022701403e+00 1.220716836780176884e+01
1.604996059125689989e+00 1.246918345138058726e+01
6.683523842098944012e-01 1.194874301516177439e+01
5.757328716596662455e-01 1.212385304901972560e+01
1.700241063660294039e+00 1.172295320985184830e+01
1.015129078603941304e+00 1.215809610154733456e+01
1.751979582074419728e+00 1.132736866058936798e+01
9.409638581258037426e-01 1.195358340920763141e+01
1.572912072500435743e+00 1.215967288512093702e+01
3.961830160224036890e-01 1.301856985841481773e+01
8.617123944177745853e-01 1.206509981504330398e+01
2.113301436568739700e+00 1.131487570509424856e+01
1.529669948928854994e+00 1.191713655394236859e+01
2.065439953358363390e+00 1.166539867916596052e+01
1.474201505820708968e+00 1.227482780587280153e+01
2.180409521468691825e+00 1.235529112339096081e+01
1.864013616891979863e+00 1.161461890660898355e+01
1.120138884294699988e+00 1.214340837696614450e+01
1.628766597582382625e+00 1.222675190781634846e+01
2.066633437590526423e+00 1.133375591861837961e+01
1.945890448940407413e+00 1.175647471824606605e+01
1.697862350430235256e+00 1.258435402131095593e+01
1.885304843343369896e+00 1.214140968278259081e+01
1.536253655983552013e+00 1.223403028077563093e+01
5.249652703104975560e-01 1.244428013506623465e+01
1.047038602096670878e+00 1.209621286621490732e+01
7.194753140494396515e-01 1.200890305203653341e+01
2.962821749358716672e-01 1.345823338529961966e+01
1.990283568373060863e+00 1.194555453062268136e+01
1.166799927806337900e+00 1.221911141669020751e+01
1.661521270475576406e+00 1.205200002508133217e+01
5.071540182206420999e-01 1.200538654085630696e+01
2.167261824941738801e+00 1.205129450556360737e+01
1.695571380059181399e+00 1.220288961717344378e+01
1.005335079075077021e+00 1.188410489189005403e+01
1.628936072287002323e+00 1.198601923503082034e+01
2.254532868134743406e+00 1.209839323767274344e+01
1.293768822228876347e+00 1.197745303845016984e+01
1.771765333200511439e+00 1.193441013767035130e+01
1.252826061891303633e+00 1.186442506729647661e+01
1.414263652860965781e+00 1.200039007648640066e+01
4.037576679217387277e-01 1.252899547269691283e+01
1.978637670033011053e+00 1.221306421143347620e+01
1.813667379118368173e+00 1.225958761240436168e+01
1.885164336967727783e+00 1.166972375467935130e+01
4.978470123607916520e-01 1.207207892356586498e+01
2.082172471144002390e+00 1.190342573285963823e+01
4.328287913723053992e-01 1.252183443835836307e+01
4.981976841912518217e-01 1.202201912519994664e+01
6.154721028599784427e-01 1.245657588246860925e+01
1.087502911601556432e+00 1.165649525298362299e+01
1.459496491795950979e+00 1.173017142126352041e+01
1.640140904216621953e+00 1.194629215394575183e+01
6.618039142315231826e-01 1.200989002845135012e+01
1.979143267835613562e+00 1.216040949916191671e+01
2.210911518525012109e+00 1.151738883697811744e+01
1.984759365986275004e+00 1.240357979964111479e+01
7.899187977593447041e-01 1.180760200428035489e+01
7.205096632568813719e-01 1.208314974773731088e+01
1.505009947271784831e+00 1.245292531194740171e+01
1.397148125219428882e+00 1.218211663816701140e+01
8.911012964478665088e-01 1.221075947120476002e+01
3.296048011800941091e-01 1.298840334635989002e+01
4.034397402290300083e-01 1.255424875251178918e+01
4.043734995571587887e-01 1.281794197674699198e+01
8.847329838894930631e-01 1.166417777459270333e+01
1.787745954766624124e+00 1.197738465906918748e+01
6.590842597618007392e-01 1.190213930462346426e+01
1.760382361406744645e+00 1.229544795181867123e+01
5.008054948495324066e-01 1.213138944243937978e+01
1.434866956757144818e+00 1.216545988230502218e+01
8.615390394910680261e-01 1.195091924332219868e+01
9.099329702952992927e-01 1.231064439081848860e+01
3.182819853534478161e-01 1.325079537848107059e+01
3.150138380901986723e-01 1.316970101360129242e+01
5.719669816083500224e-01 1.220479207243066355e+01
3.533257095585747298e-01 1.281691334667414139e+01
7.445262080895378443e-01 1.181078091627477455e+01
4.769531670535683276e-01 1.221374080617032298e+01
9.354631277153828695e-01 1.214191126816801436e+01
3.878534174251791478e-01 1.306850998877619396e+01
2.031416109962726591e+00 1.202949824188877059e+01
4.038556382970509007e-01 1.295288920633676533e+01
1.152912112543299505e+00 1.225460359291495038e+01
1.061645339982477232e+00 1.192264183128001598e+01
5.556952868033311344e-01 1.219183573169484980e+01
1.448678059438688548e+00 1.214601267035792631e+01
7.204313115118697874e-01 1.190505988856477870e+01
1.950079621415572007e+00 1.208914032677817119e+01
1.253520570598781081e+00 1.223826993325369195e+01
3.437619184590745558e-01 1.328868259928524331e+01
2.131976345680445029e+00 1.232088086780163394e+01
1.171523218865756721e+00 1.215175577305232935e+01
1.228482874581867668e+00 1.196282696033615878e+01
2.101761424258398847e+00 1.214556220880759341e+01
1.383594833639979704e+00 1.173017572402903852e+01
5.396477405378464764e-01 1.211824333275405152e+01
9.102856300176659365e-01 1.211199978177288550e+01
1.043760409520650079e+00 1.189210233466173605e+01
2.122950583461923113e+00 1.176482039108214472e+01
2.117525085458583867e+00 1.097192179993533934e+01
8.094689583681997647e-01 1.203536317075223039e+01
1.045012194119034898e+00 1.207771517630692770e+01
6.940208613080587341e-01 1.247469716519998073e+01
6.860269175255152563e-01 1.203789711110584904e+01
8.984786880381131491e-01 1.183948518559360252e+01
4.922800094710553243e-01 1.236669600982259531e+01
5.403135144446430393e-01 1.220016583073851812e+01
4.528281000852690252e-01 1.257310950927200643e+01
1.425727506890959173e+00 1.229690396913911243e+01
1.852875437789216706e+00 1.197014115811431090e+01
4.687032351357531268e-01 1.236041750240782733e+01
4.301115961551307265e-01 1.234034497176188516e+01
1.214964326200390410e+00 1.261427097467331038e+01
8.732191318406247182e-01 1.176482717738785055e+01
1.940239083023415967e+00 1.226136022995819097e+01
1.355183674618532619e+00 1.228022614129642953e+01
1.250829999130599779e+00 1.224598784343388935e+01
1.639756903929445286e+00 1.229615237415731954e+01
1.636793494435283991e+00 1.199911694369063930e+01
2.088046042255361279e+00 1.225604359860773407e+01
1.249944982984508624e+00 1.201252654107802087e+01
1.323755330697523602e+00 1.219931265865993275e+01
1.555025958010216591e+00 1.209534118186721408e+01
2.009433040807523163e+00 1.170426254614832295e+01
5.019331559368165330e-01 1.268708317801350027e+01
5.155419562412345558e-01 1.251354168146128387e+01
1.640422405304324815e+00 1.211510568534770016e+01
1.221007355442725206e+00 1.180993653048948389e+01
1.149826308536696873e+00 1.212556629111180939e+01
1.439182125193136708e+00 1.240556827531759687e+01
1.649629573059889776e+00 1.251758443739219828e+01
1.135606222404479615e+00 1.196701231749294614e+01
1.016819859283169869e+00 1.203956081004537459e+01
8.456688933993077306e-01 1.187286517713775424e+01
2.060285875928708155e+00 1.136287324830247236e+01
1.813242818261953548e+00 1.206190722784539027e+01
7.869553390572456841e-01 1.263050450283765258e+01
4.873600703842101978e-01 1.254293681937604177e+01
1.487573072890967296e+00 1.198104445744569624e+01
3.995315805510422091e-01 1.316154217978403906e+01
1.946378122677877132e+00 1.177835711022202858e+01
1.093814819709308717e+00 1.215452759106022107e+01
1.458196181380485568e+00 1.194912332139582567e+01
1.798068968658284694e+00 1.216278078515385452e+01
4.762513004378306491e-01 1.259148300473795956e+01
2.051503333179953703e+00 1.265512624398976094e+01
4.626876628314757767e-01 1.298505990832656387e+01
4.298849081870654287e-01 1.281947593570538757e+01
2.093651781385468702e+00 1.218162424886746820e+01
1.123358576166031630e+00 1.183763857612457571e+01
1.451762992297024102e+00 1.234166429561139111e+01
6.044165578654797644e-01 1.205793509447406109e+01
4.740298491246189849e-01 1.248987127659203011e+01
5.298187142314707554e-01 1.205057759924579841e+01
1.693831077046599853e+00 1.213045835078789558e+01
7.423475421982350664e-01 1.197134635957968918e+01
7.780698112458460658e-01 1.241992812044156658e+01
5.445289414786522730e-01 1.193881327304525009e+01
1.030223235540337789e+00 1.202464293326443112e+01
1.775084136120441469e+00 1.221323391579261219e+01
1.094495045086417706e+00 1.197354567651714596e+01
1.558457977929076144e+00 1.203437917418896497e+01
3.612656063520979233e-01 1.319797942380694522e+01
1.752860039456737518e+00 1.151752362524008610e+01
1.854893353426878333e+00 1.221812284818209982e+01
5.203298359728961708e-01 1.225572956926983359e+01
5.860430012795750931e-01 1.288827731294629331e+01
2.165386513641795574e+00 1.215531619092188009e+01
1.416640487756459121e+00 1.184041049992427297e+01
1.293903157434976858e+00 1.198553598612090099e+01
1.384982285431018090e+00 1.210126213078734914e+01
2.132712759580011497e+00 1.194761564321826874e+01
2.048084014420635590e+00 1.142157256209363503e+01
9.930554337467836223e-01 1.218860245575329948e+01
1.451744773097954022e+00 1.231053993441791938e+01
2.131257252747488451e+00 1.191967810994068877e+01
3.284836688229273993e-01 1.332183827950717259e+01
1.373030863948079050e+00 1.237183955030465121e+01
1.815849228692328676e+00 1.173472164884999813e+01
1.771264973764522521e+00 1.152930964492001564e+01
1.428915852954545374e+00 1.225753372299114474e+01
5.364907997801874329e-01 1.239160089059767955e+01
1.509860742818303736e+00 1.207375287157098143e+01
1.852853623250275472e+00 1.133717715491565414e+01
2.026773285730219420e+00 1.102847136744040313e+01
3.173149319492864495e-01 1.330864455010082104e+01
1.838102420157588179e+00 1.225661679580140451e+01
7.499916281108236493e-01 1.173895145409251484e+01
1.839125757534974426e+00 1.161506937167949260e+01
1.285015419184897034e+00 1.217303770135779573e+01
1.625472576300944549e+00 1.237952973808108759e+01
2.164879153730867145e+00 1.164261702287402223e+01
1.996699141237126662e+00 1.232972060875023956e+01
2.066778115749589251e+00 1.236113959138969598e+01
1.828495584959945131e+00 1.185096987586825357e+01
1.414437871500905830e+00 1.157692752829740002e+01
9.608251539783220219e-01 1.228713921283406485e+01
5.650847346114337144e-01 1.247793754158589685e+01
2.127568738228395429e+00 1.162872367489098657e+01
1.253244172218568542e+00 1.163629964124730520e+01
2.122989441624140383e+00 1.176251213307779686e+01
1.179953373049843712e+00 1.222771347210098014e+01
9.821067243469872032e-01 1.240443536955251602e+01
1.390953672568217225e+00 1.234281026175822404e+01
1.477687785421214706e+00 1.211935540237828590e+01
4.857463923992647592e-01 1.211614872347258220e+01
5.951998340084425632e-01 1.218864220280575772e+01
8.779874422695586045e-01 1.182508146619441014e+01
4.448185078856876640e-01 1.221520182140030464e+01
9.622199365925918624e-01 1.203896841740946755e+01
1.753618615888769883e+00 1.228075724839042238e+01
1.054508162909270297e+00 1.183509367207219576e+01
8.539133492540005310e-01 1.236757751473934341e+01
6.415946946094874814e-01 1.186765189752522609e+01
3.893039430231098330e-01 1.273878174877616409e+01
1.223898884415540733e+00 1.184034945271085526e+01
1.050741208672788529e+00 1.205203326671602149e+01
5.565347735993041445e-01 1.194238796868708441e+01
3.053731952004457018e-01 1.339328098127566236e+01
2.079985310283467559e+00 1.208257545222610041e+01
9.707031642739758492e-01 1.218474645707674142e+01
5.916776914773800300e-01 1.226004349483838318e+01
4.154877799717775488e-01 1.311911719601771331e+01
2.020732116338607831e+00 1.219496896329274094e+01
2.029335739684118955e+00 1.224194358522826498e+01
6.774338879034418337e-01 1.173591481231761335e+01
8.237633952386426150e-01 1.185530393768847013e+01
9.279376778135320913e-01 1.209122231943227099e+01
1.530161830964217762e+00 1.212603079261297445e+01
9.597822713366664926e-01 1.202292458467652558e+01
1.816315240159851463e+00 1.194089351682343825e+01
1.067273849743653802e+00 1.207870303420353864e+01
1.566840313581669086e+00 1.225057937025666277e+01
2.052387537997415468e+00 1.190918196914902971e+01
1.833570125214421864e+00 1.255029220880941665e+01
5.676190170267165769e-01 1.253973022576984420e+01
1.665985802942433258e+00 1.217390270266417929e+01
1.269452351643043819e+00 1.230082332230745834e+01
3.788553301346281876e-01 1.300559667196761993e+01
4.543032493663944904e-01 1.215374585494108040e+01
4.547684714383541382e-01 1.300903917902028439e+01
3.411905991606573596e-01 1.321946705985875958e+01
1.589099862675831032e+00 1.202441537142028416e+01
1.262542656848213207e+00 1.207640021427897992e+01
2.009968844643527319e+00 1.155609481130267646e+01
1.219510990024409214e+00 1.187072310557960719e+01
3.316918276604707838e-01 1.324127814951992299e+01
1.635121950200962848e+00 1.238082784248891599e+01
7.509648799037167421e-01 1.218129471901574590e+01
1.880867541955790312e+00 1.179893743723467736e+01
6.087033924945816077e-01 1.191487438794376708e+01
2.038220695674134664e+00 1.213235133040060987e+01
5.676478882654645286e-01 1.189524200544957289e+01
5.368227149698605594e-01 1.287302570278788494e+01
9.406811760196007732e-01 1.184418637725777046e+01
6.245496262594680825e-01 1.260798586365201324e+01
1.811684431340516932e+00 1.207439987935195980e+01
1.899066916130206284e+00 1.144149868992840879e+01
1.322629072950816331e+00 1.216484334080998408e+01
4.910642395914030511e-01 1.221113919086362287e+01
1.721156431317747870e+00 1.210008514390993639e+01
7.429045235514577517e-01 1.217357365651902512e+01
2.963405695434720433e-01 1.351662528243976169e+01
4.855188386038510329e-01 1.239530032088260647e+01
7.045286176303550141e-01 1.183773218626041412e+01
1.075153702390452715e+00 1.189450287668453932e+01
9.356181921117160405e-01 1.184446872187982969e+01
9.210965797302862468e-01 1.208900673275437931e+01
5.249817450456427670e-01 1.201849083263321560e+01
3.565333103298456430e-01 1.292274285831284253e+01
1.632953877638957607e+00 1.212184619425375409e+01
1.178105438766703816e+00 1.201407909122357687e+01
5.964653097020347072e-01 1.238283002989365045e+01
1.909003126928354277e+00 1.206599273570827435e+01
1.672782990168238726e+00 1.242136662331726171e+01
4.704551649087526655e-01 1.215759500096260481e+01
1.449637009827292378e+00 1.232310803690691969e+01
1.913402027109070147e+00 1.150402023373903226e+01
1.950095614408831501e+00 1.158433649090975948e+01
1.379284623857255809e+00 1.218585948360818172e+01
1.199264416290262814e+00 1.225489400657326300e+01
1.729148410143341197e+00 1.229866878396319407e+01
1.397218152984451844e+00 1.221440572267478863e+01
1.647016081863359238e+00 1.222560485548448206e+01
1.752513513690431068e+00 1.227047492297939257e+01
3.943700765564123745e-01 1.256473640613163667e+01
1.847275429844811967e+00 1.229730167863623258e+01
5.557833329949505297e-01 1.243733534976823307e+01
6.215652652745573548e-01 1.199006284883419227e+01
1.742716321627931331e+00 1.234239191125112178e+01
3.550482842336785128e-01 1.274628107316608983e+01
1.622827996733889000e+00 1.218692820248276654e+01
1.090054913829049177e+00 1.221149204878583383e+01
6.742100853131016702e-01 1.224582442044841102e+01
1.220320233391386067e+00 1.174408046135287265e+01
4.213051585099968910e-01 1.225694192289338957e+01
1.071235041129995125e+00 1.187166324366753756e+01
1.660903501474400468e+00 1.231261659101767236e+01
7.127986128988079706e-01 1.224917846903410457e+01
2.094515511271527686e+00 1.224262972775397351e+01
1.367841246053635773e+00 1.147691481457819762e+01
1.747114164136175152e+00 1.212092756766284296e+01
1.255288520701646870e+00 1.193899199849816561e+01
1.380929787585252644e+00 1.205072695345746503e+01
4.006399190162204804e-01 1.313304129573885781e+01
1.648984148838519292e+00 1.182705993683838663e+01
1.886648834469435210e+00 1.220268658079252155e+01
8.500398608209134288e-01 1.217138787848571368e+01
1.784779274002286975e+00 1.235733797536325440e+01
8.168926505891773715e-01 1.176978058774253988e+01
1.326753332781635208e+00 1.204644548490828981e+01
4.170048529966935424e-01 1.265018445302053429e+01
1.644050422454821136e+00 1.185803851055855951e+01
1.862533368043507664e+00 1.243266585154957582e+01
1.341258256336835375e+00 1.220137077286956817e+01
7.076189166265651753e-01 1.273199385949702211e+01
1.511580521229278107e+00 1.240617697184623935e+01
1.827884832102273815e+00 1.219525299723478895e+01
1.085096779417922264e+00 1.192725089541902150e+01
7.590585403955349975e-01 1.202633212392548501e+01
7.216575307352209867e-01 1.229621550450498724e+01
1.054889819506419357e+00 1.222883804350247061e+01
1.110190475877988359e+00 1.185712111626440723e+01
4.186359745726742076e-01 1.239591296892406014e+01
1.097267128485488907e+00 1.201782230633289394e+01
1.897155025565391284e+00 1.256332949369071805e+01
7.375402827931125671e-01 1.239612345486948186e+01
1.416844029466900468e+00 1.239534987917358144e+01
9.924730100248115860e-01 1.237121084248743941e+01
1.417072380618326077e+00 1.211612791202744077e+01
2.123045644682395761e+00 1.169141782447746714e+01
1.966307968962634822e+00 1.199879032800486556e+01
3.612377269257598389e-01 1.310571770982244466e+01
1.477802091840618059e+00 1.207536531752767672e+01
5.137220135898712403e-01 1.293816749412113865e+01
3.403274990664991728e-01 1.321474524249940430e+01
1.986897920327425293e+00 1.185812369625413254e+01
1.398556567718259647e+00 1.199103244133053359e+01
1.218764646399318030e+00 1.216894543599351763e+01
1.240997548388172556e+00 1.211242857357947855e+01
2.882289087569888664e-01 1.359102560525197845e+01
1.165401011220642991e+00 1.214084422781800932e+01
1.147866305966737333e+00 1.230986966017308859e+01
4.356520499706346139e-01 1.238742666452313301e+01
1.977153188091264946e+00 1.199508354728066983e+01
6.103373461653796017e-01 1.213912849797683791e+01
2.213735777193853060e+00 1.188889272840272859e+01
6.183598481742419439e-01 1.210861820041167114e+01
1.920322732996393666e+00 1.223181620638978728e+01
1.184503942609129501e+00 1.214388929950691676e+01
1.965062486198101865e+00 1.224839848435876810e+01
1.634806544056536470e+00 1.200248069257432348e+01
1.916470283661262597e+00 1.179892025925752463e+01
3.273116291277236023e-01 1.313496731895193648e+01
4.648635082266991958e-01 1.227789953811911339e+01
5.313843174726120555e-01 1.208271705522833628e+01
4.314623238627903756e-01 1.247213592745342758e+01
8.042066681237359793e-01 1.213952844254305852e+01
2.204660979904942142e+00 1.167969295892515369e+01
2.218318620019369636e+00 1.194735903820306966e+01
3.678848808154610572e-01 1.300069874265038727e+01
1.771266015709462849e+00 1.169883058665888598e+01
1.468783675413463108e+00 1.174630788540159188e+01
6.452954934464267822e-01 1.180150620036646281e+01
1.614960904508748740e+00 1.201131419084089558e+01
5.700348623716672281e-01 1.211267258183704243e+01
3.388447184898312758e-01 1.316764561320767690e+01
1.779197549431720260e+00 1.176196560762570975e+01
1.339740564957643709e+00 1.178948019827055660e+01
1.141274712860360196e+00 1.216696404220907723e+01
1.880841460593636327e+00 1.162179788102821831e+01
1.254481831352152854e+00 1.221239046664228489e+01
1.293586347858479257e+00 1.234571577047000090e+01
5.124252737890978571e-01 1.223504994163361914e+01
9.625883160324055776e-01 1.198560959636582801e+01
6.723686059851411434e-01 1.227581610812853796e+01
1.181243520452272211e+00 1.195679355651956577e+01
3.582751189236304534e-01 1.323966581053679548e+01
4.544980616157348607e-01 1.249804033341988152e+01
6.815320371502829877e-01 1.232237404743741926e+01
1.961848112810240297e+00 1.191928396663211132e+01
6.187163973582802123e-01 1.188256825291762908e+01
4.463841542117313321e-01 1.264391815321853585e+01
1.768172603906616125e+00 1.237164152626155555e+01
1.966337107786343852e+00 1.185083897066198055e+01
2.105736750794968692e+00 1.204472340851023837e+01
8.818603365120969428e-01 1.185919158325805078e+01
7.183265541145982258e-01 1.233994750364597159e+01
1.440560906094333626e+00 1.211057195590367819e+01
1.376872045605633810e+00 1.159697117644552655e+01
8.289051454326964441e-01 1.177923741570266891e+01
4.829362727558174084e-01 1.209716910651173372e+01
2.069061732609418947e+00 1.199441823404408147e+01
2.014101803570639948e+00 1.211179858261593800e+01
8.841231785130237997e-01 1.174225821506601797e+01
9.933633408474698001e-01 1.192362911210852694e+01
7.136592142117047510e-01 1.181276118216446314e+01
5.207938255444385378e-01 1.208568766459494981e+01
1.332175538273053794e+00 1.193244537164976293e+01
2.030168679893671779e+00 1.133928267952620317e+01
4.223158879353774431e-01 1.312068140747702216e+01
1.687643238593822481e+00 1.247986475985470989e+01
1.317197087669933264e+00 1.206553514970569907e+01
1.004528334151341573e+00 1.227920633358879421e+01
8.250880464616512366e-01 1.225778427565666107e+01
1.308030467116379159e+00 1.194979519389040767e+01
2.182165689094368144e+00 1.189565006294516003e+01
1.820564782815464078e+00 1.191091013753499439e+01
9.676295359624542680e-01 1.180517186973537846e+01
1.325576530869997827e+00 1.217178128270462700e+01
6.493271340888542298e-01 1.221639500315461824e+01
3.628896201280452094e-01 1.321441726590065713e+01
1.981142924765030289e+00 1.256188699936237896e+01
1.881319466641281579e+00 1.204347062007125402e+01
1.125761676790369092e+00 1.167817237156383747e+01
5.750445381009565704e-01 1.263150962454528958e+01
1.630572070002873630e+00 1.223150569662360532e+01
5.329692700453785292e-01 1.202695016618986656e+01
3.586032835641573824e-01 1.305567669039870360e+01
1.407574245275589497e+00 1.250449396444480854e+01
1.710425970247558158e+00 1.245708797595181672e+01
8.016220734990522345e-01 1.213976852316739752e+01
2.214883730496890912e+00 1.175655424383485226e+01
4.237071704113820059e-01 1.238136635297919597e+01
2.001649693316464251e+00 1.179449066669705815e+01
7.342438180882877585e-01 1.193630163188388416e+01
8.427506867791009215e-01 1.201002840736134836e+01
7.188370407431416975e-01 1.241547636327590531e+01
7.430603942559131925e-01 1.246666729354554803e+01
2.055901265953135937e+00 1.246613356351555169e+01
1.086912589963774600e+00 1.205555897545828792e+01
2.060953666468282375e+00 1.204379199503490305e+01
7.762355702178094230e-01 1.189381670188213391e+01
3.695502839480027113e-01 1.267685728340648588e+01
7.980896058191341291e-01 1.208525604163045486e+01
2.125045288044010494e+00 1.172143824890790320e+01
1.899102200738852053e+00 1.233566875497818671e+01
3.765352444058063797e-01 1.254469539155957669e+01
1.222040691447279226e+00 1.169818454463637281e+01
2.939954720519746822e-01 1.355542238077803319e+01
4.052546638915790478e-01 1.293989165095733718e+01
4.150963950864527408e-01 1.274554916565030815e+01
5.724596364558475203e-01 1.260337501207847133e+01
1.212370662256390785e+00 1.210781281805728149e+01
1.713495500327146148e+00 1.205237315770416373e+01
1.061559548235634143e+00 1.210785276954083045e+01
1.593872356230633613e+00 1.202071515468697527e+01
2.126146108491596465e+00 1.230385330437398217e+01
4.205014301003415222e-01 1.263698788722803812e+01
9.459862267801251168e-01 1.207806125729298863e+01
3.225716168679900742e-01 1.321526387236689004e+01
1.494865367220187924e+00 1.227496935476356654e+01
1.968034509071264981e+00 1.165556624717868672e+01
7.141679842402303136e-01 1.215670714695540511e+01
1.710082004055476057e+00 1.244301256369863395e+01
6.335822102798530642e-01 1.246002724058826949e+01
5.285443903448712177e-01 1.207512227062387389e+01
9.451585329034057903e-01 1.208356915503543760e+01
4.224727958087816093e-01 1.296045673282324806e+01
4.351870111550802389e-01 1.237635566094507489e+01
3.822862158543348654e-01 1.275378715494492710e+01
2.127996042692061884e+00 1.217560977082159823e+01
1.928086195985786899e+00 1.201622433439895232e+01
7.193597232403409203e-01 1.246849898965278669e+01
3.021101358229489886e-01 1.346441890111672457e+01
1.952170653543769285e+00 1.241174754018024373e+01
1.219645609128591879e+00 1.193390983444809450e+01
2.045940229805431443e+00 1.224304960855862667e+01
6.092007876950517042e-01 1.220608143362921183e+01
8.523832164385809484e-01 1.214698930771999308e+01
9.979364596329867165e-01 1.205905955884664493e+01
3.490945815929514806e-01 1.328744879539723911e+01
1.248589519806891035e+00 1.212871556532762796e+01
1.680371678795297363e+00 1.194290120011267931e+01
1.164792101139781488e+00 1.205261260460516048e+01
6.398699674654158009e-01 1.186223010808611100e+01
5.329980703795067498e-01 1.260958954976776170e+01
8.158506956920944519e-01 1.182862378735468312e+01
1.875305137547994772e+00 1.255500694653745342e+01
1.245644835170550024e+00 1.215394267174287712e+01
2.139584639215817763e+00 1.161577351089245091e+01
2.166407933817028120e+00 1.154529035013671923e+01
1.237836559709106776e+00 1.236716959625357148e+01
2.125013761389211275e+00 1.132357270460344445e+01
1.686571082939312349e+00 1.241080332763716498e+01
1.967876593913688632e+00 1.238160713715333294e+01
5.521751478374168354e-01 1.249981720717917888e+01
9.540828560366161337e-01 1.218782081809477269e+01
6.638661830054963797e-01 1.180296099760800210e+01
1.232239063580307992e+00 1.211446631684422570e+01
4.066372438424902813e-01 1.311673505110601390e+01
5.391958468986873809e-01 1.224944687380107844e+01
1.556104789995004900e+00 1.241107765919674222e+01
1.808561839717308439e+00 1.205541661871122727e+01
1.747379486581533081e+00 1.163257659530056820e+01
1.685258211454077504e+00 1.199934179139417978e+01
2.102536031043825471e+00 1.215841064329816668e+01
3.292929534621230059e-01 1.323055876217975779e+01
1.185792253586058553e+00 1.200672019109265598e+01
3.743899344053679967e-01 1.288843350812087962e+01
4.156301505378678374e-01 1.270432298659314796e+01
9.527973833669585169e-01 1.213674222024913618e+01
6.060197332536354509e-01 1.224141271366709383e+01
2.150886056052106365e+00 1.186167359903819651e+01
1.395041662074677502e+00 1.210144301730318439e+01
1.014688896053348666e+00 1.173906474219922025e+01
1.071490400611795124e+00 1.187269200400087676e+01
3.944730609721659453e-01 1.243298176160989499e+01
2.003270944315780788e+00 1.206532610475867351e+01
3.744630453153696137e-01 1.268675704903222190e+01
6.715029616214803765e-01 1.194505261932745377e+01
3.940646526598601262e-01 1.251141124804248328e+01
4.197936764295966405e-01 1.289322619858836028e+01
1.210050280023565294e+00 1.219540010103668948e+01
3.183737785240590146e-01 1.320242449419695596e+01
1.488821150198877508e+00 1.217246078188101777e+01
5.783709137323476135e-01 1.204451631523313182e+01
9.860214099317705649e-01 1.223155752277083863e+01
2.209165715826391541e+00 1.192339207056702044e+01
2.159335951130492148e+00 1.123334524684442925e+01
8.706073410440609006e-01 1.156022058564447619e+01
1.166912440058408773e+00 1.220521353215921501e+01
1.525761536182063560e+00 1.154328540035761463e+01
1.884875671616496717e+00 1.178469815628876027e+01
1.176265218318593320e+00 1.183988683862195757e+01
1.574276759591761055e+00 1.229590185822507387e+01
1.234761580202043962e+00 1.226105671266027031e+01
1.149671934467628054e+00 1.221601237735433187e+01
4.171047790020120383e-01 1.290114061712688986e+01
1.663208772788305811e+00 1.210547941057237864e+01
4.198388180493866084e-01 1.269266927423912250e+01
1.210848213438059151e+00 1.209664706114243060e+01
1.175709795417208881e+00 1.194485852690615779e+01
2.070619260162301245e+00 1.124497191446494959e+01
1.104957742622211025e+00 1.208067117128665835e+01
2.092349263553770822e+00 1.254102614973369079e+01
4.099841349851169880e-01 1.309674159196202936e+01
1.459997133295026117e+00 1.232758163684395569e+01
4.433545208526417092e-01 1.258901673564830759e+01
1.841126994441370845e+00 1.213270483189642235e+01
6.127283403160517228e-01 1.197678089780970723e+01
7.194510605311055240e-01 1.181327339849438829e+01
8.022580979665659973e-01 1.204743161621483338e+01
7.444161818067410730e-01 1.189611298018719587e+01
7.088368130354500973e-01 1.212661659702604666e+01
2.167839896443072067e+00 1.248996508110369952e+01
9.557006416473204924e-01 1.191768173571104228e+01
9.500269233276588121e-01 1.210400129474504460e+01
1.981041492501324219e+00 1.194331259136394685e+01
1.234428495208488741e+00 1.209971862625373440e+01
4.953833337328810704e-01 1.258768590212575234e+01
1.421650937319253183e+00 1.211488017195966549e+01
1.987634480142158822e+00 1.241688203465694329e+01
1.774996799145244664e+00 1.248563002336425320e+01
7.300916098536843757e-01 1.185348223320747252e+01
1.965182601033721665e+00 1.240040791384864072e+01
1.636458174144471700e+00 1.243206913071606223e+01
1.036202401710436094e+00 1.190433252644349338e+01
2.057164410945983679e+00 1.218893810911586684e+01
1.836458350840785014e+00 1.164121579164084075e+01
1.431696067785282356e+00 1.212398102754957563e+01
2.138994811990179379e+00 1.140208853875454587e+01
6.235373690792165302e-01 1.189052688734311580e+01
1.480881716004732063e+00 1.215866342139218226e+01
1.824230185147440064e+00 1.177822676097382271e+01
6.863601340081380009e-01 1.174718510557752360e+01
1.635379556102345644e+00 1.214279538692882277e+01
8.658779920257034801e-01 1.183571289694265261e+01
5.879121752205708207e-01 1.215374697638337054e+01
4.189863495246463065e-01 1.235559929809432766e+01
1.457505740224485091e+00 1.181716600658868721e+01
8.729850319012837367e-01 1.222545952790184209e+01
8.846578082742935223e-01 1.237193079194607392e+01
8.939894541947037698e-01 1.185676174993686871e+01
1.015095967219872053e+00 1.218186765182099229e+01
8.347495402725494396e-01 1.185061862632196927e+01
1.371808234593006270e+00 1.238558391864958530e+01
1.229016101075350420e+00 1.210336463841430898e+01
7.710479700184577068e-01 1.206247334740860921e+01
1.825983700267901355e+00 1.198132170542278274e+01
2.890080447096438632e-01 1.359091140664465414e+01
1.285699689113260602e+00 1.199279635827000412e+01
7.225581757655360482e-01 1.193973329664367178e+01
1.715844500286782148e+00 1.171759322149995519e+01
2.078227292414889682e+00 1.186086456741961648e+01
6.806358765514333165e-01 1.213494047600495485e+01
7.234233838686118245e-01 1.237336536584024493e+01
4.909331882926035173e-01 1.204590539476214417e+01
1.639150619608597870e+00 1.198092281101051881e+01
1.106255630521645550e+00 1.236273600007993245e+01
2.050348344419465452e+00 1.205985844754275327e+01
1.638204324688984581e+00 1.185438207997484206e+01
1.872251763606348929e+00 1.225936717424268885e+01
6.334790031809413025e-01 1.242734693259005141e+01
1.988053536381027220e+00 1.222621566425994821e+01
1.532272792857587440e+00 1.237292522735283207e+01
2.138677702197084418e+00 1.215925214240418484e+01
4.559641391339941396e-01 1.281795237625782136e+01
5.726537985491348959e-01 1.232606245274907231e+01
1.993284763173902130e+00 1.174083914665981965e+01
1.739354248052072505e+00 1.161251228253146550e+01
8.821687932431122592e-01 1.191714463766033560e+01
6.742515763681035112e-01 1.254162531352329957e+01
1.880881175551035067e+00 1.138561856050603005e+01
1.007849708171560277e+00 1.225782562573206924e+01
2.189480937884385359e+00 1.141796103401473239e+01
1.295915357818618219e+00 1.186640877690301821e+01
2.000611112996814711e+00 1.234669941073409305e+01
1.206279028834507550e+00 1.224227984133734282e+01
8.278355730353883501e-01 1.209297798519403244e+01
1.519208786398982935e+00 1.237834057315863490e+01
7.747597701355740663e-01 1.185420518184619176e+01
7.810135788768702847e-01 1.194272669668150222e+01
5.590811248639513398e-01 1.225257732168221914e+01
7.465728523231307534e-01 1.203496879937770281e+01
5.334127981486381787e-01 1.227818949545795313e+01
4.586019020433290128e-01 1.224766845203498811e+01
9.686657084613973234e-01 1.213458043596831892e+01
5.957555328740755662e-01 1.196710812282793768e+01
1.672902911557640149e+00 1.230956026518064839e+01
1.024721607660403988e+00 1.227158419590939609e+01
1.268170117951515019e+00 1.206674357258270014e+01
4.848704426403382395e-01 1.268914008962995688e+01
1.696174164203933632e+00 1.187963298721079930e+01
1.796441085362010748e+00 1.196154058973912093e+01
4.117875070485849665e-01 1.271989604149868391e+01
9.638271857866392844e-01 1.263790118818005581e+01
6.761427778322955939e-01 1.231125044899734178e+01
1.611778132079142667e+00 1.200979276338468971e+01
1.839559563769649575e+00 1.138403772132642366e+01
4.624872163157922045e-01 1.221961427719876703e+01
4.103416743479127993e-01 1.275600119409572741e+01
3.193992835899928662e-01 1.337315360051722557e+01
1.756625784137333390e+00 1.178742163925250352e+01
2.152721862180060342e+00 1.233860029588076301e+01
2.066009317308636462e+00 1.216223165524679928e+01
1.749277781725127712e+00 1.136629647223368700e+01
1.847776009108710538e+00 1.192851036448106683e+01
5.910063701008524406e-01 1.203039551650048011e+01
1.525085910169657888e+00 1.202158954476511532e+01
2.187593904370114917e+00 1.216693550423562087e+01
1.976918190720735602e+00 1.210332170792998241e+01
1.983262088694427439e+00 1.203576496065129220e+01
1.677808378144004964e+00 1.187779323651014352e+01
1.830021419328311083e+00 1.236290197887631770e+01
1.402323216012693274e+00 1.215050270296802459e+01
8.324483084918211651e-01 1.239676620779318306e+01
6.210594737196725168e-01 1.217824198895422327e+01
1.696269934494023079e+00 1.239004086271058824e+01
8.612885569948274256e-01 1.179803336831734661e+01
7.776384944378956776e-01 1.213651310143684015e+01
3.431872828776578732e-01 1.310427579225431849e+01
9.979741717263305167e-01 1.201179686708250927e+01
3.518938750792588444e-01 1.322237535295692723e+01
1.376793105731356714e+00 1.197829491658666612e+01
3.772583942879717545e-01 1.300023298525642090e+01
1.393451665262792627e+00 1.178380155949435704e+01
1.897783847458933693e+00 1.193127880699357313e+01
1.403726583480792156e+00 1.210750092942428147e+01
2.215315725165741600e+00 1.218005250923212834e+01
3.507621494958706454e-01 1.327770433773095426e+01
1.058570307364981922e+00 1.186091311531962766e+01
7.840506707524349528e-01 1.187368895622937082e+01
1.796147595052880686e+00 1.244179688811076723e+01
2.023111827290616116e+00 1.208665357411754826e+01
4.497405991295546079e-01 1.259139568365773876e+01
1.194525628176870580e+00 1.210684344575802385e+01
5.607728431796493718e-01 1.226232817512935114e+01
1.106829660479507149e+00 1.234769624402502330e+01
5.630684551995716047e-01 1.196689721740453649e+01
3.132703210585472964e-01 1.320232251474894980e+01
1.789431321325090085e+00 1.142919123332930909e+01
2.118019719304881754e+00 1.198762874602504347e+01
3.229648038240541252e-01 1.310503993173944615e+01
2.030889325704168247e+00 1.204404124381087726e+01
1.848400627606016089e+00 1.251705335635625005e+01
3.968789723288472793e-01 1.263888677770952640e+01
1.972902441682082619e+00 1.162768621704242200e+01
1.495931383145762128e+00 1.219422073982850208e+01
6.165919791538646555e-01 1.189913453734266824e+01
5.905208177490034460e-01 1.286575702755410511e+01
8.858829397890205515e-01 1.209213723840293220e+01
1.521423873503770396e+00 1.198934436734612596e+01
1.056415915166880160e+00 1.205258647055855903e+01
7.716333154474470657e-01 1.206912944367614493e+01
4.165749564232625879e-01 1.233489353775039099e+01
1.180752271609023296e+00 1.197367356794775262e+01
2.030301500855715702e+00 1.215912672342517808e+01
1.869086222145943665e+00 1.194086390032152245e+01
1.013066797503783034e+00 1.193592005195946371e+01
1.743904235426281479e+00 1.213161418630579291e+01
3.661468456659401904e-01 1.260388848502693726e+01
9.296271741424128043e-01 1.188676015251236961e+01
1.563005194211494198e+00 1.175187123321225080e+01
9.531904914154450958e-01 1.249756407266577618e+01
1.430097257869581640e+00 1.209652254789786419e+01
1.639506270344011973e+00 1.209560211859235501e+01
1.736930678192459387e+00 1.250856806172364699e+01
1.665866594083605046e+00 1.205660036460402651e+01
3.000488392907827429e-01 1.341426855292701248e+01
9.891124178598629246e-01 1.194740374716190701e+01
6.306044523455691664e-01 1.183831504050569450e+01
1.427039264460945533e+00 1.233749816623111073e+01
1.160955758576279306e+00 1.203629293614251594e+01
4.640127983573374415e-01 1.214932650966206040e+01
1.107933828596885828e+00 1.210582926678664961e+01
1.487639219163754634e+00 1.181151226874215787e+01
1.711803309342150081e+00 1.169609084729837534e+01
1.350528489434980939e+00 1.211659287372292049e+01
3.611641706667210738e-01 1.290326659927075958e+01
4.546130502614721958e-01 1.227366465182119271e+01
1.435029838446828299e+00 1.230827537384418768e+01
1.225709664301818824e+00 1.222059268690444078e+01
6.377154696544139467e-01 1.223428710107148198e+01
1.398305504049417003e+00 1.205887607823791186e+01
1.779787621016258869e+00 1.233569320560544469e+01
1.422148377845070533e+00 1.234742870337112741e+01
8.613531038553751129e-01 1.200102526951946835e+01
2.147802852333597912e+00 1.198202714887162657e+01
4.487563919590549788e-01 1.224565047392655792e+01
1.286746543131233711e+00 1.231565612287219835e+01
1.163987508595417442e+00 1.198082588844354568e+01
1.159848566785725454e+00 1.172554367512642415e+01
3.974848230103826263e-01 1.249075533453218334e+01
3.872594942882714997e-01 1.302065027302774602e+01
3.740618654747743244e-01 1.259621907887090408e+01
1.401903873210595952e+00 1.205799575232238752e+01
1.091773777253258748e+00 1.210442649151379158e+01
4.294894806666572640e-01 1.264206928764622972e+01
1.678147990262793154e+00 1.221276907250511634e+01
1.014851406819923474e+00 1.170448040597072570e+01
1.716879160296028939e+00 1.234256969298374607e+01
4.861588340079945336e-01 1.252073733405718770e+01
1.890155825773573328e+00 1.208572567708253587e+01
3.635657912390338198e-01 1.271916172369756559e+01
7.465015617550544436e-01 1.202769803586947717e+01
5.086271660050240007e-01 1.199449346560601093e+01
2.086900247287633903e+00 1.225713144177329994e+01
1.096478619411677347e+00 1.202641429324233613e+01
1.523552240842781735e+00 1.197708109743113347e+01
1.482665275915717507e+00 1.220999394305312968e+01
1.258426939402016442e+00 1.178973848330615937e+01
1.641757635444181407e+00 1.171342378572991549e+01
8.133212301077131778e-01 1.205860227449821842e+01
2.124965916565836110e+00 1.214561316400875057e+01
1.181600556143168834e+00 1.237899214548036397e+01
3.130358057255619442e-01 1.320651172837775889e+01
1.058144052079926123e+00 1.204158962418066992e+01
1.749314498041087296e+00 1.200149852377849413e+01
2.215464915639506760e+00 1.238802105943453746e+01
8.818273635401600030e-01 1.226156372486628854e+01
2.136079796951304566e+00 1.161284526556645780e+01
9.848033689995333573e-01 1.168590758434452859e+01
3.407430172575371952e-01 1.323284399409412693e+01
1.482964428355789899e+00 1.206480353948457562e+01
7.569887106386308240e-01 1.200078578467970658e+01
3.975587182293747746e-01 1.260874707797185046e+01
7.800364864443266599e-01 1.244498121990751649e+01
8.974889505165153381e-01 1.195628260402670406e+01
2.105920034669980900e+00 1.170770683541681301e+01
1.855179013977344749e+00 1.177046982331536640e+01
4.883856201004517783e-01 1.227172156516602541e+01
1.689625229837214526e+00 1.164827052792006867e+01
7.388002350335441948e-01 1.219534196543726345e+01
1.444879505713207113e+00 1.207770230709974335e+01
4.713449205688039489e-01 1.269226829846805416e+01
3.244732124258706274e-01 1.305160532868339907e+01
1.061218546929496354e+00 1.187804033763937817e+01
1.798263574345554838e+00 1.235005016617567009e+01
3.263297011230711364e-01 1.315028445427970283e+01
1.202001287911741212e+00 1.231492028466079880e+01
4.477260746851958739e-01 1.239066861803910413e+01
4.484424646194317132e-01 1.309409000321271854e+01
1.766084931317818407e+00 1.197600551532952196e+01
1.255025230826061211e+00 1.192412967755849174e+01
1.801670088899001820e+00 1.217454770458115298e+01
2.080162139753594097e+00 1.135418295994267268e+01
4.943330124258062397e-01 1.294705923854988328e+01
1.422858771596172911e+00 1.204892706232744715e+01
6.467223445658467629e-01 1.207291729313066853e+01
1.377249360267620348e+00 1.211210485296542494e+01
1.348147388838443650e+00 1.233562870586633409e+01
1.205199818254562683e+00 1.236055794324958867e+01
1.839492455458082043e+00 1.154924547230807441e+01
5.089893027413383564e-01 1.206107222148716041e+01
1.990256472612913496e+00 1.188259758469747318e+01
6.404600634341371945e-01 1.223655286288594368e+01
1.298890286948944928e+00 1.167305258437852800e+01
5.862737074549067007e-01 1.204409661909511087e+01
8.410752151829977707e-01 1.202964905254611061e+01
2.991232620289381305e-01 1.343320808592288351e+01
1.178124133141879470e+00 1.207272998034125600e+01
3.759819749891485929e-01 1.305085899194000909e+01
5.361022902975638438e-01 1.274347776593860537e+01
7.652194494215575071e-01 1.204602708807017919e+01
6.119746372532600676e-01 1.183100983476445300e+01
4.293777092487437996e-01 1.283062445488498327e+01
1.982047980697337008e+00 1.224565581198460507e+01
1.679918123822731424e+00 1.182254027051732415e+01
1.238914451968118779e+00 1.188174422858052459e+01
9.605865189337609023e-01 1.241391451061453211e+01
1.908806610417750349e+00 1.158934713541732897e+01
9.830289825431757222e-01 1.170717867637580945e+01
3.334809308246384218e-01 1.326358884857102716e+01
7.935839468918501893e-01 1.194745619677188309e+01
7.444265861183473332e-01 1.195086313686752533e+01
1.692510097886998910e+00 1.246039143401202054e+01
5.514271470151564936e-01 1.235548980719947210e+01
5.196027343981740598e-01 1.212090537120232625e+01
1.034406564006278062e+00 1.204637352474457046e+01
4.892005581612680065e-01 1.235344693032406482e+01
1.458356503340033195e+00 1.233201602790060036e+01
2.008111340449780347e+00 1.154166358282570215e+01
6.523057057728116614e-01 1.204701184440046013e+01
4.193071912929950407e-01 1.233002890012922848e+01
9.436973214579322811e-01 1.206300003986283365e+01
5.276015476121879155e-01 1.239466781520425975e+01
4.170904937174541027e-01 1.271559881818523152e+01
6.018625430365937001e-01 1.197138211320018186e+01
2.061613271486345322e+00 1.175654922523200696e+01
1.262977831850063737e+00 1.219562907058453582e+01
3.456455725178191329e-01 1.303520394967701002e+01
5.635706912580803474e-01 1.199330909881456009e+01
3.843830445671610474e-01 1.273641969970315380e+01
6.995701918456020962e-01 1.176990476276007769e+01
1.693750288438724327e+00 1.235304176186884817e+01
8.878654982851359456e-01 1.203250257618047492e+01
1.322560790002343722e+00 1.166877546079460970e+01
2.056490616889812273e+00 1.219036003516969124e+01
5.456302866038533761e-01 1.193553772615109843e+01
6.011810704347014811e-01 1.203430024933881981e+01
4.359782219524747093e-01 1.276415278040774481e+01
3.315359631800289253e-01 1.335069695388459543e+01
3.805023818351644938e-01 1.276606949559753268e+01
1.992402689350723177e+00 1.225662416049992132e+01
3.611867571633553542e-01 1.279680124116235618e+01
6.921608358438352537e-01 1.214024355692565926e+01
1.183497244676174454e+00 1.217703674259933422e+01
1.673953455784427558e+00 1.210257689731263397e+01
4.752671699865912980e-01 1.213899560552292911e+01
5.611468959443144389e-01 1.207324157443556167e+01
1.234075098910021318e+00 1.197695210855868631e+01
2.117437915852192987e+00 1.210577259165005337e+01
9.952441280709342086e-01 1.205953476458419260e+01
8.903230587111736760e-01 1.176347307601518999e+01
1.376333891321074310e+00 1.191279608681187696e+01
4.904967149025561968e-01 1.283782154547754040e+01
1.415298086163479852e+00 1.212501748129419532e+01
5.869855815066393756e-01 1.222559605203676547e+01
1.218877335322599453e+00 1.221045020104687140e+01
1.541144084670378556e+00 1.216167775423891761e+01
1.360511429481134682e+00 1.242396776121537627e+01
1.249885245286033397e+00 1.215029228312342902e+01
1.552968342663663348e+00 1.186450645344183563e+01
6.959782040518021073e-01 1.230858746178349072e+01
9.813959576490975945e-01 1.212988125140149798e+01
1.435050752243114180e+00 1.210003543792593739e+01
5.852542284823202268e-01 1.240877271397033788e+01
1.195212721618778007e+00 1.181966261652354611e+01
3.557466084299096831e-01 1.291712948691086105e+01
4.829998634606961772e-01 1.211386198170577089e+01
3.099016043576366397e-01 1.326470945835031578e+01
2.099617869622411259e+00 1.172463743010999337e+01
5.077269329171415491e-01 1.241822345565232055e+01
1.545944556221685140e+00 1.222570494874334024e+01
5.278063526376769454e-01 1.217110383138558838e+01
6.639046525484642025e-01 1.205599583027754385e+01
5.687593200002702964e-01 1.249901909776217224e+01
1.073205258420108610e+00 1.210109631943074682e+01
6.851948248400451247e-01 1.199424084929100154e+01
8.998090857694128752e-01 1.193011435316354074e+01
2.046458228550494862e+00 1.236139151525061308e+01
2.168094446948113152e+00 1.197918236985560547e+01
1.010889976746234931e+00 1.191776776911818736e+01
8.695115662590700012e-01 1.209422257608230389e+01
9.988367543855919406e-01 1.212349036646375744e+01
1.793183770032480417e+00 1.193227652583633613e+01
8.639437751832254042e-01 1.252230565655823114e+01
1.980258561671167872e+00 1.198492734320286246e+01
4.117228896347858158e-01 1.232944079879446342e+01
4.489529998507291175e-01 1.229707062462397005e+01
9.757270819475785117e-01 1.204844080595615097e+01
4.243124832376161115e-01 1.232995162831760538e+01
1.933540512275624623e+00 1.113694856372571351e+01
2.075082218056449435e+00 1.255722359281213407e+01
1.152315178738105406e+00 1.199069991115234579e+01
1.887776091558286184e+00 1.239321535341920644e+01
4.518775527065349573e-01 1.289752897168639834e+01
8.056910109397010800e-01 1.185087884225928256e+01
3.900122820718078254e-01 1.284369439330729712e+01
5.364761860767045532e-01 1.218143158632714140e+01
1.927279303166411717e+00 1.223817593271838433e+01
1.486740972164606989e+00 1.230611979397716915e+01
5.425412498609586409e-01 1.214304171217771966e+01
9.245730832228988838e-01 1.218645650830670490e+01
3.029670095119021411e-01 1.342200068034213523e+01
6.573941360083128682e-01 1.225975524847121889e+01
6.987113180115396283e-01 1.197839401970854034e+01
1.083144750768744169e+00 1.195192708697736528e+01
5.384140792585697666e-01 1.269363709302076337e+01
4.509496108992858687e-01 1.235894501122218969e+01
1.623794267946743641e+00 1.178879091938059709e+01
4.386576751760631887e-01 1.220975851002728341e+01
3.650649365756198916e-01 1.324544082457853733e+01
3.496328101869556337e-01 1.327737692404189929e+01
1.981484313217518833e+00 1.179591029390652857e+01
1.739960736013751452e+00 1.187832508825500177e+01
6.577266332283678851e-01 1.223363245595051829e+01
1.177114455285132921e+00 1.191347783889148815e+01
5.708124011181346935e-01 1.193381617354049773e+01
8.376672350004604750e-01 1.188131464829734085e+01
1.987198915576247504e+00 1.230173176749121389e+01
1.876353979008403394e+00 1.225317978345532488e+01
1.804384087008470416e+00 1.191025154995172741e+01
2.017755683494900421e+00 1.166082968440976053e+01
9.330829619511668005e-01 1.168110069036277920e+01
8.567782499532770046e-01 1.182356076520400734e+01
9.981039426087733313e-01 1.197260730842615395e+01
8.229881596225249174e-01 1.185971000334174086e+01
8.718105982263439913e-01 1.206412469704177681e+01
1.148457748355733887e+00 1.180597493413656096e+01
3.694208697476696890e-01 1.306257166554481053e+01
6.690101571026439986e-01 1.212015874075348698e+01
1.950255176817550451e+00 1.110218226724993684e+01
8.708037235722612124e-01 1.181175816573325932e+01
4.795121758143212065e-01 1.237655902393335694e+01
5.915819925903194054e-01 1.204564742672612887e+01
3.520658529431299755e-01 1.307593793241009372e+01
4.854149443717720169e-01 1.222193676253730921e+01
1.892923411490227137e+00 1.245573955766294638e+01
1.595027528929582994e+00 1.226791600059166321e+01
4.764350133013965372e-01 1.265194842836228162e+01
1.827828783062270812e+00 1.172319566687669834e+01
1.999998768484489542e+00 1.237576620816500395e+01
7.108444045205212225e-01 1.246624453410099775e+01
3.829299083320820696e-01 1.269861568847699296e+01
4.940212811426784589e-01 1.261895294876374685e+01
9.060166177632535955e-01 1.207463931369610144e+01
8.998287988805622195e-01 1.205920620860317705e+01
1.746794548334692054e+00 1.202052223714620283e+01
1.737848143902964271e+00 1.200114600765348705e+01
5.267739176645528376e-01 1.221218834142980469e+01
1.023024028125368856e+00 1.197243569092026938e+01
1.369132464702391250e+00 1.194366067328134307e+01
1.457804616005900167e+00 1.221820968321885204e+01
7.466737986733388288e-01 1.239149135590637307e+01
7.975643680947168690e-01 1.217765448643534931e+01
6.428379283964941182e-01 1.172626816686005569e+01
9.989764214700130873e-01 1.182511484931656476e+01
9.400047723006725864e-01 1.220836711527455343e+01
7.496076613459418114e-01 1.188362631416828208e+01
2.868641928699715016e-01 1.358859278531164705e+01
1.337068046446535430e+00 1.227997334870541479e+01
1.452644704728297098e+00 1.200808893596352611e+01
1.440827751305941762e+00 1.226880853258916382e+01
2.139292364751785414e+00 1.216134682209927043e+01
2.036665653719813562e+00 1.186128985697935079e+01
6.745507526545291288e-01 1.192632431343835009e+01
8.471352076022599098e-01 1.182356772713742998e+01
1.346497636557053790e+00 1.227198773141387456e+01
2.095894372979348219e+00 1.231212442062716228e+01
1.841868492762786191e+00 1.176651274428954963e+01
1.070058720873036995e+00 1.209780682774448124e+01
9.235195459301541732e-01 1.196121382481594964e+01
1.419107187068731513e+00 1.228163750259039233e+01
1.680056441711178739e+00 1.191779948596292016e+01
4.672265840587305208e-01 1.206566620931864442e+01
1.620823776850860876e+00 1.210533657530056928e+01
6.377450959543999875e-01 1.207778143729546372e+01
1.344816894630883386e+00 1.229007498782201502e+01
1.007974417665179478e+00 1.209442886601701694e+01
6.538773228764583889e-01 1.198761180117430669e+01
1.071408458472350889e+00 1.242416380302668344e+01
1.506774126008583403e+00 1.228260593580704629e+01
6.316144072631819650e-01 1.199503267215029112e+01
9.517882334680780598e-01 1.200597757622936257e+01
1.903503289491969896e+00 1.132823344781007791e+01
1.798772842433020491e+00 1.184327621551356913e+01
7.235278940187280794e-01 1.211885264332649470e+01
2.102620743797936065e+00 1.236555627862076712e+01
2.120415212717837061e+00 1.129077601899245487e+01
5.016960465102209277e-01 1.251498352580861884e+01
1.996772980498859207e+00 1.228868975960243937e+01
1.327575527155254731e+00 1.232229278762303437e+01
1.039247447890953913e+00 1.212056054700449081e+01
4.721384130770628351e-01 1.210916475519481139e+01
8.489086565540862050e-01 1.196973940544312853e+01
1.309002011228379780e+00 1.202420744785900197e+01
3.597341204804621606e-01 1.274669800202294212e+01
9.453300764291705516e-01 1.196451259250312837e+01
7.451722328406168439e-01 1.193326127119669700e+01
2.197912421071684719e+00 1.122576612730508216e+01
4.021519119905032080e-01 1.282429203474336532e+01
1.856800948900510617e+00 1.210688068382368598e+01
8.537614609775723284e-01 1.202479097752030057e+01
1.971093398428100940e+00 1.164066415855170611e+01
1.228465491701797419e+00 1.180087154330019317e+01
9.963010449088383069e-01 1.200964957426332091e+01
1.043557810182142331e+00 1.205922442957067808e+01
4.079380385249872232e-01 1.242047930196698680e+01
1.392912504088073433e+00 1.150098034436068239e+01
6.503449028994731096e-01 1.204956865000810673e+01
5.186587682235754837e-01 1.219668954790391524e+01
4.749242412037127936e-01 1.207216412571308162e+01
5.676200620868430136e-01 1.233009875188586335e+01
4.338522681625945898e-01 1.229394206613168983e+01
1.131474401327871249e+00 1.204245462537644151e+01
4.776787389301145881e-01 1.223185013381757358e+01
3.494763234719179823e-01 1.302335720458000701e+01
2.120964170569641372e+00 1.221182075064689876e+01
7.559823531199852953e-01 1.188567516703465898e+01
2.118717404445630059e+00 1.175555864441612286e+01
4.589134349564998883e-01 1.272665430900259587e+01
1.270650930621068708e+00 1.221879773011314896e+01
8.147817447400215185e-01 1.195555263055458894e+01
1.691231722571058027e+00 1.200286359809047987e+01
6.725613957418510314e-01 1.189718791182090918e+01
7.855030604939401417e-01 1.192314689632945779e+01
1.661262487212124661e+00 1.181918964012180062e+01
4.068811491874511077e-01 1.263700815583057668e+01
4.904076709591123628e-01 1.201911950907534532e+01
3.610466511903850928e-01 1.281288753978366479e+01
8.766026730091659447e-01 1.198231474405879204e+01
9.766913418703710992e-01 1.237896192262514106e+01
1.228364839330717828e+00 1.223825842950822995e+01
2.109284253329001491e+00 1.140114061397003020e+01
2.108919049434597959e+00 1.205799784985859624e+01
8.708384255049346212e-01 1.201323639792732401e+01
3.665132600636849536e-01 1.276251070943274968e+01
1.973229436801255954e+00 1.209057288857466794e+01
8.761412781107414949e-01 1.202116894093271071e+01
7.280379034743924560e-01 1.193433715343151746e+01
1.387750187177391625e+00 1.213801751258391626e+01
1.507420019451118254e+00 1.219644526845450550e+01
7.165787517117860883e-01 1.187339789021252479e+01
3.556109741016379444e-01 1.321064728048395409e+01
4.425058831372437051e-01 1.228087461088036569e+01
2.050673403397822891e+00 1.211383151219621013e+01
3.972505103969409257e-01 1.282608397538270140e+01
9.039614048628100695e-01 1.197360606910350711e+01
9.261957333630631561e-01 1.191653034270953349e+01
1.584374859934696067e+00 1.228889959948389254e+01
1.882443637469198405e+00 1.178724920006373722e+01
1.770536890862874913e+00 1.172155919751341280e+01
4.513132908086241457e-01 1.228653498705886449e+01
3.820157028174505087e-01 1.288374907707323125e+01
7.674478987951485198e-01 1.207318479451170212e+01
1.150770639568965414e+00 1.196259743029948375e+01
1.846548936702399057e+00 1.246034368866068753e+01
7.858736759703772723e-01 1.208807797213480129e+01
1.231896973079467550e+00 1.182033940623575319e+01
1.680874065613613411e+00 1.167932530423163229e+01
1.822331995195826115e+00 1.198621166271876959e+01
1.576065529842046509e+00 1.222818681825464182e+01
8.091834975349124770e-01 1.202240371954101761e+01
8.760041510627931682e-01 1.225098628324257888e+01
1.666750613767915334e+00 1.179702417482408450e+01
3.395708534061286921e-01 1.296768958865559185e+01
1.433538179987076111e+00 1.195464239097732140e+01
1.418770937110060526e+00 1.181904417011294228e+01
1.909607474187970722e+00 1.207909235254963143e+01
1.432678491664986842e+00 1.230893940277520748e+01
3.964204591412307521e-01 1.269008674386786595e+01
1.166102079838490901e+00 1.215764085969476582e+01
4.256092052172548157e-01 1.250057158223814113e+01
6.995163566356937812e-01 1.218036849405081945e+01
1.712785130909674436e+00 1.231309309300869259e+01
9.030900335310367844e-01 1.189777479858991960e+01
1.226049581338902739e+00 1.224180908221815223e+01
1.425131722969249282e+00 1.194887159822831180e+01
7.545530592177857043e-01 1.212144722391030705e+01
1.075903982849436336e+00 1.220443768739698776e+01
5.384877746535378096e-01 1.206386576355651741e+01
9.235929970104788111e-01 1.249159486975478472e+01
5.350718098497658781e-01 1.228854354903620028e+01
7.027876037842927248e-01 1.207486819760831942e+01
3.833095268109926179e-01 1.273712858665837011e+01
1.633958958521714466e+00 1.226974293651675829e+01
4.049515589019134221e-01 1.275850679256805620e+01
1.591641853312381505e+00 1.237504710014903253e+01
9.526245404869260192e-01 1.178935448552631016e+01
5.672729123778230687e-01 1.227726204920684161e+01
1.227062260074006872e+00 1.206415926471693645e+01
1.697130457786082181e+00 1.242218066278256394e+01
3.186502632637278065e-01 1.334899484247351253e+01
7.797279159716750119e-01 1.194550535004106528e+01
1.521960491939674087e+00 1.197236699842800789e+01
1.206231099989373723e+00 1.201011205378550528e+01
7.726254883252157146e-01 1.189122589325573820e+01
7.950071366520751193e-01 1.201629003061627898e+01
3.751267453198497970e-01 1.300526768399618582e+01
1.749026839822839463e+00 1.237503778549992184e+01
3.652838405041084480e-01 1.283010494347335850e+01
1.507870989589189303e+00 1.150061727275238432e+01
8.764562570771406991e-01 1.170111248889158517e+01
5.579667106157711887e-01 1.196670516391122874e+01
1.773739539181077296e+00 1.203154514986303703e+01
6.802200278452823490e-01 1.187114693546375932e+01
1.261376386059635868e+00 1.202371954084595451e+01
1.275147321265271971e+00 1.213409098138076203e+01
4.445529700703119702e-01 1.238255586437692379e+01
1.092083463130246512e+00 1.207701260744532590e+01
1.915564904044082084e+00 1.143954125735793248e+01
1.091514689295682183e+00 1.232311738644367871e+01
9.772229577583081417e-01 1.197963157832671577e+01
1.466162474919630032e+00 1.226128136148849102e+01
2.975355748045305782e-01 1.354093539035858562e+01
5.277863005008307518e-01 1.265145953053189487e+01
9.296542072274728286e-01 1.209119076744501520e+01
8.796367095307469075e-01 1.204209578164300964e+01
1.585410184384582255e+00 1.240208787680455238e+01
1.271781254567836639e+00 1.196076601682246654e+01
9.817083619461695054e-01 1.199810702672727025e+01
2.073714143672760635e+00 1.181104344361925484e+01
4.416254647103693975e-01 1.289326380694020102e+01
3.707995865175126027e-01 1.289866773525827348e+01
1.201814516915707509e+00 1.203854542148012285e+01
1.890509924175999501e+00 1.207435893310183417e+01
1.574212391049494286e+00 1.210705893128060673e+01
6.976348953723108259e-01 1.215114866490165646e+01
3.112858687729943008e-01 1.346626483056396673e+01
2.016284546246446485e+00 1.231417612169834541e+01
6.160267513934922778e-01 1.202185233724866364e+01
3.482836045080849874e-01 1.284599073212381981e+01
1.830523773933445453e+00 1.159370404209600913e+01
4.645951539177447520e-01 1.260755096154243304e+01
1.938102439610353889e+00 1.224344573222556853e+01
8.060174190157179952e-01 1.183336651897928959e+01
4.007312970035479816e-01 1.238150674964806086e+01
1.746081543205993736e+00 1.229029850574570304e+01
1.478316971456954176e+00 1.204785912782681478e+01
8.562117012559097295e-01 1.202654645236727760e+01
2.933240048175315140e-01 1.351538635571610136e+01
1.680103558132237218e+00 1.192281648611790779e+01
1.534377921778969478e+00 1.201698137853415282e+01
5.212240641639532823e-01 1.205363231894426690e+01
5.762119952502814391e-01 1.208851310018085456e+01
6.449890064974379555e-01 1.218498253240146489e+01
2.088953836032515721e+00 1.243743514076777323e+01
1.761938048332070572e+00 1.207761245545910889e+01
7.230878649941051561e-01 1.219366362249053104e+01
1.226937446100251128e+00 1.219689601087018538e+01
1.810235617677415032e+00 1.248758439272083187e+01
3.044631596042958743e-01 1.349908939357910143e+01
1.533000646280726631e+00 1.236259373218286761e+01
5.270213479546986823e-01 1.219471585603189112e+01
7.021128081014944566e-01 1.179249398303285190e+01
5.572404737171302580e-01 1.214395345631104384e+01
1.311426800160593986e+00 1.227889637074878593e+01
1.680251659230078021e+00 1.205630194173541092e+01
1.657944338164985876e+00 1.249031437639106379e+01
2.014606234477259950e+00 1.237569550970837184e+01
1.227638332658762321e+00 1.204127871556390517e+01
4.371070096834513419e-01 1.252906098321456163e+01
1.591389516737099941e+00 1.222152719700737400e+01
1.604009348752780895e+00 1.202353522423143062e+01
1.768724491620660810e+00 1.229159324708895262e+01
1.799230846407391615e+00 1.248211459267226431e+01
6.668479651470512470e-01 1.178424080710908939e+01
1.745880946153931079e+00 1.232724952130013207e+01
9.511605425561759919e-01 1.203738638136905692e+01
3.310314754860871900e-01 1.322010398951186971e+01
1.179353843775239996e+00 1.211341085624465563e+01
4.945041693816878414e-01 1.240900051167478324e+01
7.147673111026291437e-01 1.212931994305163919e+01
1.349384381050316328e+00 1.232939121709161689e+01
1.141601403863381492e+00 1.220334549834644378e+01
5.711725790675956649e-01 1.230316629067850087e+01
1.719357261071658538e+00 1.194794428075013748e+01
1.932232025391601882e+00 1.238943096229509244e+01
4.580001061850765831e-01 1.209573208378005482e+01
7.754867847663795555e-01 1.190373613960254850e+01
2.032346327515770490e+00 1.176232877654772402e+01
9.367108981881329122e-01 1.227741782374469537e+01
2.048405340915263384e+00 1.234135615998581592e+01
1.790602679555097332e+00 1.237318157512254757e+01
3.146252616445495698e-01 1.341720459962334466e+01
3.849070415925778255e-01 1.247489744045073401e+01
6.373215398301220747e-01 1.192329709706507401e+01
1.325186117010763054e+00 1.207846965203649425e+01
4.172516671059110505e-01 1.282804788612272517e+01
9.315182237062665793e-01 1.198167618230629294e+01
1.195766240021343796e+00 1.216213216194715585e+01
3.926303419941780115e-01 1.282345344542527599e+01
1.552980462165136410e+00 1.241187164833469758e+01
1.423461368293766682e+00 1.218292719308864136e+01
4.694346833890830628e-01 1.221990825851337270e+01
1.688863106466364172e+00 1.224059422413878906e+01
2.231969573824453601e+00 1.210835405530771247e+01
3.208897357741616330e-01 1.338716108595811605e+01
7.448476503401054716e-01 1.230699178010734229e+01
1.752907661558202879e+00 1.196897383271361193e+01
8.334672044249447076e-01 1.186521997840244858e+01
5.032379270988728281e-01 1.258998669377475821e+01
1.581022407920667172e+00 1.212149610247010756e+01
3.999338436332784963e-01 1.289127033082060336e+01
3.628956981298817608e-01 1.292752267190009796e+01
5.188454707503358243e-01 1.217045573609599884e+01
3.660273071700166359e-01 1.288854410590858279e+01
1.249265332106898718e+00 1.177386831922144950e+01
1.390973149226113703e+00 1.186123858420434729e+01
5.679668271025327675e-01 1.224520349259279151e+01
1.872864724348577647e+00 1.187524272734077257e+01
6.241923125936464922e-01 1.185898382641018323e+01
1.744720921546522030e+00 1.200089197289994836e+01
4.526114244144071597e-01 1.267964357243929996e+01
1.706482588617847407e+00 1.179927025316308331e+01
4.036980389829645799e-01 1.280710026958117176e+01
5.106353459552818164e-01 1.201975098179333834e+01
1.189788050341575421e+00 1.181822092512802946e+01
1.466740336611852324e+00 1.201060524788759132e+01
7.199568041254262862e-01 1.189410879925136832e+01
1.043603376231792446e+00 1.159371916899754495e+01
5.892809476530731505e-01 1.225637212455558789e+01
7.574622050078579916e-01 1.216092513093965444e+01
2.091544600443508095e+00 1.150109198284693512e+01
3.567581936039108115e-01 1.281596830919041530e+01
1.150736096467576353e+00 1.220592545256287842e+01
6.462138793317196983e-01 1.221362275724758106e+01
5.363159922685578618e-01 1.243998336377506675e+01
5.905047463237513838e-01 1.206615740028108696e+01
8.652356393773138477e-01 1.188800038659798730e+01
2.140030041265619687e+00 1.155871091694250019e+01
4.366744631960818857e-01 1.285558488437562197e+01
1.899557472717189111e+00 1.232175782636813643e+01
1.442724347058534473e+00 1.205035646226420454e+01
1.657588205146372395e+00 1.172151142883366681e+01
2.050053638880986906e+00 1.187109242149886157e+01
5.669745699984013454e-01 1.193567713199743707e+01
1.281305853364494984e+00 1.211457092993109441e+01
1.708945195842693110e+00 1.166652093570624160e+01
1.551498086284042843e+00 1.220680356275604339e+01
7.227275472597425310e-01 1.178749009404844905e+01
5.513185618111957620e-01 1.207712027321798054e+01
7.630486289607283368e-01 1.182316197254238332e+01
2.182471731383365920e+00 1.122014813015512580e+01
1.833472730673750606e+00 1.232123400731842011e+01
9.797703123628441757e-01 1.182539045490985430e+01
8.482079529839264831e-01 1.198188216427010744e+01
4.870740277486496628e-01 1.259635248085802672e+01
9.658184945609514793e-01 1.221595344461511345e+01
1.943464768664464826e+00 1.152216284046728845e+01
2.065766500511212023e+00 1.184963012809992300e+01
9.061117015049557910e-01 1.202368589407400457e+01
1.835159887139449442e+00 1.246116537022510506e+01
1.162692819307222347e+00 1.201810700472521631e+01
9.442718426227554307e-01 1.195447062743139632e+01
1.719362653317227929e+00 1.206950230596207696e+01
1.260751104444254977e+00 1.217967776121569301e+01
1.574339841578207499e+00 1.222792499034318325e+01
9.718506316209761797e-01 1.212730198579898300e+01
2.115538013926895999e+00 1.228209706363305997e+01
1.898896632775287863e+00 1.207223751554071178e+01
1.646243571362616676e+00 1.226933583593073784e+01
9.884575914589204260e-01 1.218190216843857954e+01
1.138570905286644397e+00 1.218744719094493867e+01
1.364283464031878612e+00 1.195712979921733954e+01
1.879511659100695509e+00 1.195346640456673981e+01
1.544416848497040418e+00 1.207811112631629058e+01
8.602440989609153599e-01 1.208141206024112613e+01
5.295084181039604321e-01 1.242096073794915867e+01
4.500135439002268534e-01 1.230890155205473313e+01
5.992273639476660696e-01 1.191962401247254988e+01
3.008933588494245859e-01 1.342811777941148321e+01
3.856149642416750734e-01 1.263252960031314487e+01
2.016146126575284914e+00 1.166361630826660445e+01
1.593322559433976604e+00 1.177393638792359809e+01
3.805591827785849146e-01 1.256208933623601887e+01
3.350771243348549810e-01 1.311357281588813706e+01
1.966051165806632861e+00 1.128041381398836229e+01
1.801849131627824674e+00 1.245459966719409728e+01
1.687536443866685554e+00 1.215205089401517036e+01
1.434951199832156465e+00 1.207736027781754728e+01
1.109150051616799804e+00 1.182224762686832520e+01
3.595078557203097436e-01 1.267622969665603172e+01
1.238991074596108133e+00 1.206648342582803757e+01
1.208922740018848030e+00 1.206163667716037402e+01
3.012337606590789751e-01 1.339448724865274265e+01
3.029196037702102107e-01 1.350659468603821267e+01
9.657024548093274818e-01 1.205367443636893299e+01
9.332370015964491783e-01 1.186738663914804626e+01
7.763611537977305188e-01 1.193626696010958632e+01
3.956429005888574268e-01 1.313267902005875776e+01
6.598393660479499045e-01 1.257964370961785505e+01
1.013379309148505492e+00 1.194152048072547245e+01
3.369519468504207360e-01 1.289648644688358381e+01
4.972774229227980847e-01 1.204027656513617117e+01
7.480725405392090188e-01 1.198544729852586777e+01
2.095442566320096400e+00 1.214560673137791902e+01
3.513649269430302868e-01 1.299296007911567052e+01
9.364597718438177898e-01 1.224631894904539031e+01
7.360657851007252894e-01 1.205056311860203699e+01
1.095773023686541281e+00 1.167919530533158401e+01
1.450693458278751624e+00 1.192679286563389773e+01
1.868284443269459638e+00 1.156160067007621706e+01
3.981364697151518195e-01 1.257802795557903153e+01
9.685998547108718437e-01 1.232113927299934630e+01
1.680574672164093730e+00 1.239061609505512784e+01
3.231634349397279893e-01 1.317920761533474838e+01
1.018829734494099526e+00 1.214384614260754347e+01
2.143308628148298922e+00 1.223126316276310632e+01
1.534085113702833736e+00 1.186911548346379064e+01
1.303808252333585660e+00 1.209694660370663044e+01
1.708813085681333055e+00 1.220581415306698325e+01
5.165591458354706900e-01 1.205026055149888897e+01
1.945936685603807170e+00 1.187341548958751325e+01
2.077106232239109396e+00 1.194613037742298367e+01
7.846085616831141030e-01 1.181964990007395677e+01
2.082719990501106899e+00 1.203658098979461855e+01
8.727244044304038884e-01 1.252638028214070509e+01
1.432138228472829455e+00 1.181771215099312400e+01
5.625496732236422437e-01 1.221043239336282937e+01
8.492797066851860421e-01 1.201508097987836621e+01
3.966627987607866945e-01 1.308601799991102688e+01
5.450220706184023545e-01 1.212192019213418703e+01
3.477683416597088240e-01 1.298199554153094581e+01
5.227560555574396473e-01 1.234467603297423643e+01
1.945695139036336618e+00 1.188039728850625032e+01
4.927000062274456416e-01 1.254066889800229134e+01
2.139799936383688816e+00 1.190303900861372455e+01
3.855448691673117878e-01 1.274342202000142699e+01
3.546623008985332337e-01 1.298261769292916412e+01
1.728574097688628353e+00 1.228154190752615627e+01
2.101719741852889900e+00 1.223118511910467809e+01
2.104575348650888689e+00 1.213284256102374492e+01
1.498396899949395733e+00 1.227964184461752595e+01
1.123518062639845994e+00 1.180538565690673636e+01
1.685765165262041787e+00 1.211710346995082510e+01
1.850009066959674042e+00 1.242993732409557772e+01
2.856867573638018354e-01 1.362812670108782775e+01
1.479290936374257237e+00 1.214963444448577690e+01
5.043331876466757846e-01 1.262851787332632192e+01
1.417670829582359682e+00 1.202726542502900031e+01
9.154329025498718631e-01 1.207143552425368149e+01
1.227472569909139555e+00 1.229309973281085888e+01
2.151017328631264380e+00 1.133106612577623018e+01
7.847366198276995997e-01 1.209274606758402903e+01
3.340825964397522996e-01 1.334132996561415574e+01
4.606644445248078146e-01 1.255862904054531803e+01
2.061035364534815617e+00 1.165416410176972661e+01
6.100186942446399474e-01 1.205934415026531603e+01
2.107483226194739601e+00 1.174342168723590163e+01
1.506477934230977977e+00 1.229698101851016112e+01
2.036797470748181293e+00 1.214029545519508346e+01
2.142337765006698369e+00 1.214434509610590673e+01
8.686942196394367155e-01 1.215442468723818870e+01
1.599941000355055376e+00 1.212371741961675653e+01
5.672461779685159522e-01 1.209987184237989410e+01
4.441183899107875588e-01 1.233065565351933301e+01
1.387675949586808066e+00 1.221888792184505590e+01
6.309286339410637989e-01 1.215524137216261735e+01
2.026861169830761256e+00 1.218433971853330711e+01
5.522937903816700356e-01 1.193633872632380033e+01
1.499639439302672184e+00 1.184141612600554261e+01
1.673299176470501637e+00 1.150252705936130759e+01
2.077264248650759537e+00 1.136684244125104470e+01
2.031329106521477801e+00 1.213879661468169679e+01
8.772903912774064894e-01 1.204680532618386479e+01
2.123490749129135047e+00 1.210259045180430704e+01
2.161082374571246412e+00 1.127233062113876905e+01
3.582647411509048974e-01 1.282288203098844193e+01
2.156265204432801230e+00 1.168306039620430248e+01
1.108604420351236186e+00 1.220229623207652558e+01
8.513578084461387308e-01 1.206226112978273335e+01
2.122635947810871837e+00 1.217488526925236414e+01
5.980853968592410030e-01 1.239981255390211246e+01
1.536096737477022689e+00 1.220285170512336137e+01
1.266581345659292479e+00 1.222052481116621969e+01
1.434176139086508872e+00 1.232426761129172021e+01
8.355076701022480234e-01 1.224018784902968626e+01
9.917895210028976338e-01 1.211960178297432833e+01
7.700260773829545879e-01 1.196480968052449612e+01
1.572215624248934240e+00 1.219215632832558072e+01
3.816448624203147566e-01 1.259623166692442098e+01
1.786012901581694789e+00 1.166795042251421322e+01
7.886805167798591754e-01 1.246892444066322092e+01
1.625192975384247340e+00 1.221833773819681213e+01
5.767269599723896523e-01 1.194267771201074346e+01
7.879222507264873610e-01 1.182553277281445503e+01
5.083126941169302526e-01 1.220281017893317888e+01
5.124871609063573752e-01 1.197762789930574812e+01
8.795213602757784299e-01 1.183193750083241547e+01
1.249860184913373251e+00 1.204883365917758553e+01
1.603194940929772994e+00 1.202786025765381694e+01
2.141563109299088108e+00 1.186283686653347758e+01
7.213516828286923310e-01 1.205725966755638190e+01
9.201448967891707742e-01 1.227197160665125608e+01
1.627686205319178292e+00 1.212711277205531957e+01
5.038966555528269220e-01 1.221356329928319617e+01
1.753997903723271801e+00 1.240629746809305090e+01
9.329606226045542572e-01 1.195294721351667988e+01
6.402699136020435500e-01 1.191782447036529469e+01
1.571633956897734441e+00 1.212119072963837851e+01
1.803889611217775357e+00 1.197812348196066701e+01
8.333141456719467266e-01 1.174530595280451450e+01
6.494562464408071278e-01 1.197479410306096526e+01
2.133568371050905910e+00 1.203361721916859217e+01
1.408793891609552373e+00 1.231456727346188096e+01
4.386900267528740516e-01 1.230367455965278722e+01
3.604328272633374186e-01 1.320547699501416439e+01
4.008898952385211989e-01 1.282695611835133320e+01
1.562063768167188949e+00 1.192637649284033863e+01
1.743785090293861417e+00 1.222323003026738597e+01
2.198376954243305370e+00 1.181336919956674869e+01
8.709338780918384204e-01 1.186133819477721651e+01
8.574207972173927272e-01 1.178467785640918564e+01
1.937245577946523412e+00 1.127227242481802882e+01
1.299006859257172408e+00 1.237970496854272717e+01
1.360248753709562886e+00 1.225699722090528887e+01
5.218678735823467640e-01 1.236627003798012225e+01
2.048300359665971015e+00 1.177466877566283365e+01
1.602761750606829017e+00 1.220738209862006585e+01
2.040800501913474285e+00 1.240417213041738798e+01
1.405662870933273911e+00 1.222360670724482290e+01
2.181443517718768987e+00 1.224965721210091196e+01
6.604333475634773798e-01 1.183888170381203686e+01
7.515691008882793289e-01 1.173360696333628539e+01
1.990791753530932962e+00 1.152057027768975317e+01
2.032348161390523433e+00 1.196497626652377377e+01
1.473564261415338139e+00 1.190674046322078894e+01
1.152167918103464306e+00 1.200125263009768517e+01
3.926333727452823719e-01 1.309777961819888326e+01
1.898296667544554284e+00 1.168281968405676530e+01
8.867568301644961348e-01 1.169411486970021663e+01
1.662694253866917604e+00 1.212908149872878560e+01
2.010746378352761266e+00 1.127572011298698129e+01
1.759539504023482470e+00 1.216395901388434631e+01
1.242439343935070051e+00 1.183625575228301052e+01
2.106587237228287446e+00 1.181156843319799954e+01
5.812532445342961651e-01 1.262494181692469830e+01
3.816798088591477622e-01 1.283442424738058385e+01
2.162133568274838158e+00 1.209401190334905252e+01
1.090534172022278536e+00 1.197294675859595436e+01
7.753717419165104818e-01 1.212840344816511795e+01
1.519356667847922226e+00 1.210385822418881752e+01
2.057227884722712563e+00 1.220670909059637310e+01
4.742616174101313420e-01 1.212073851071125574e+01
4.155863232248051542e-01 1.254611579756962314e+01
3.108843651661257756e-01 1.337434468961004796e+01
5.161102350765209845e-01 1.232549846786978343e+01
2.021642401784474075e+00 1.108601243589428798e+01
1.149736982835257493e+00 1.194633758165123361e+01
2.097661053574015000e+00 1.098166713312648923e+01
3.711214831181516849e-01 1.304193383775655235e+01
1.492747203509836584e+00 1.204071209419294419e+01
1.968961154207173214e+00 1.209312282752495449e+01
1.084504348725229050e+00 1.174199740131273018e+01
4.612520379388303504e-01 1.226293321778273260e+01
1.269803991622268535e+00 1.233124198418303585e+01
2.094112648561372136e+00 1.244202557321911762e+01
4.837550248219636972e-01 1.204812064519595438e+01
2.156549125296598035e+00 1.142757713093872951e+01
1.678069446937580311e+00 1.242157599927091205e+01
3.604022667124712753e-01 1.308779985564828330e+01
3.266488200967692657e-01 1.306176008584711390e+01
8.586000705974220493e-01 1.229345887805914472e+01
7.509922188735477233e-01 1.196315094573781401e+01
1.112271114947747330e+00 1.213520989694131025e+01
1.928791047693046989e+00 1.162283246400140158e+01
1.168615238560654968e+00 1.207380101628774938e+01
2.136350553871924962e+00 1.145673070941361438e+01
5.172710188508966578e-01 1.230086016283084582e+01
1.368903459308831172e+00 1.199839455123984067e+01
1.082076888498993528e+00 1.191176380010172942e+01
1.421022602608869922e+00 1.211166799625693535e+01
8.167711518507958512e-01 1.206158654436369737e+01
1.892869364199625926e+00 1.230526097450541378e+01
9.292580263711899269e-01 1.187357432740635765e+01
3.357633892867483705e-01 1.295155186954655946e+01
1.124363336380991729e+00 1.217398751660184786e+01
1.680151415908298862e+00 1.204180733815705651e+01
1.386444907482530686e+00 1.210171571578279881e+01
1.183819992141533994e+00 1.167908183089739360e+01
2.132323024404296774e+00 1.087621099301535210e+01
1.853003293943870311e+00 1.250018114821259196e+01
1.112069521044953824e+00 1.189209097110115643e+01
1.180924347309243450e+00 1.189544744204148863e+01
1.135898803709179505e+00 1.201863752454938172e+01
9.169416248650266166e-01 1.208123530533385015e+01
2.013008910620726066e+00 1.200043223315607754e+01
1.657575646374388478e+00 1.236168992514549281e+01
4.403556711526471212e-01 1.254316056698521642e+01
1.086214681543949068e+00 1.210721370135074260e+01
1.531519600326391561e+00 1.197266181175332811e+01
6.075225959246866037e-01 1.201397835434879369e+01
1.571476864439978138e+00 1.227142541733620007e+01
1.073553734565245055e+00 1.187996117240131078e+01
2.209127635419314117e+00 1.202893987730392311e+01
2.299884821816978953e+00 1.201044500220314326e+01
2.146469012073345173e+00 1.151397543596223905e+01
1.081559337943084342e+00 1.204399836122339096e+01
5.582298021775410346e-01 1.209094026541652589e+01
1.907417250386107099e+00 1.226956427329556476e+01
2.965325463713683884e-01 1.350731617483192615e+01
1.998712154866627566e+00 1.256568848658875304e+01
1.615156416009085216e+00 1.216729141358388055e+01
1.129063287730810883e+00 1.215879637273743086e+01
1.872221798873892284e+00 1.193277297049249697e+01
1.467668843582152771e+00 1.224853689006027579e+01
1.072283225718745792e+00 1.187869510957997043e+01
1.069579608759689382e+00 1.201012932372290010e+01
8.019159793689913940e-01 1.187604695216836426e+01
8.985589984806087172e-01 1.199586351790662242e+01
1.746945562358418691e+00 1.159667126813565829e+01
3.078082103544440007e-01 1.339437894083982528e+01
1.790425951812552929e+00 1.196202445825825222e+01
2.019350827503353596e+00 1.254238037870925204e+01
4.518051203663515092e-01 1.232085874420389793e+01
7.839398172143079435e-01 1.195011402369073572e+01
1.405205882631119119e+00 1.226570125030416492e+01
7.109394865465243907e-01 1.175569423990940621e+01
4.900309239369892711e-01 1.204094258475087820e+01
3.134647910822179195e-01 1.329440005147590576e+01
6.278389730232716293e-01 1.227624176995954208e+01
3.705813235004637440e-01 1.271822528765186711e+01
1.812519554949089118e+00 1.215921712283075351e+01
1.558135119759167964e+00 1.193409117535127173e+01
1.416166746783819930e+00 1.238617970616486375e+01
1.173389495831690610e+00 1.186109607385616549e+01
5.855271715643968200e-01 1.191414724587913199e+01
6.103965493966688749e-01 1.203834120613453251e+01
4.642141718065244116e-01 1.212259437117091387e+01
1.780920914955348877e+00 1.219055364081534520e+01
2.176548854787659693e+00 1.196227308783293708e+01
1.889957748484142552e+00 1.213857922884249163e+01
1.507213377394370113e+00 1.216038658844360398e+01
1.446208964994072810e+00 1.171729151354179876e+01
1.082825351203063002e+00 1.220856455009568187e+01
1.554215661302016827e+00 1.201960156508249078e+01
4.654869203955788737e-01 1.253385831275121554e+01
2.128979111397095725e+00 1.210666964256980016e+01
3.806931441800144866e-01 1.322130828644784906e+01
1.383638838218829825e+00 1.179236780992823341e+01
2.134641553351961374e+00 1.179639447504719740e+01
9.540423744092944025e-01 1.219937706375405462e+01
1.861440718170092712e+00 1.148076414228845898e+01
1.011815932500084170e+00 1.206511337129526140e+01
8.748692766118808528e-01 1.218738668881821674e+01
2.001232371710938374e+00 1.181630850964238100e+01
2.064142102394830758e+00 1.206133253956672924e+01
1.411710622410363936e+00 1.186947102877073057e+01
1.219439745032904865e+00 1.202837913821908344e+01
6.088787949489993245e-01 1.191524961847152042e+01
8.958182974521919917e-01 1.179909969666200276e+01
3.351637388937265816e-01 1.324319440836553419e+01
3.203724098957277389e-01 1.324230122778593355e+01
3.688090834210464575e-01 1.318924734397756637e+01
2.165030971767458734e+00 1.242291284935321727e+01
1.255013421274308927e+00 1.166068639530998219e+01
9.683778840316011882e-01 1.201702344187571647e+01
1.922686510356763412e+00 1.180534521473887288e+01
2.158535831140652839e+00 1.147192098269403360e+01
2.039994237488296669e+00 1.231491852576586687e+01
8.166766046933112699e-01 1.183882822838850402e+01
1.830041835146222429e+00 1.246303728910472941e+01
1.096420829798701035e+00 1.216389657374191557e+01
1.786408602558966940e+00 1.160078675745638144e+01
6.742089562024700111e-01 1.192900091441972954e+01
2.047610425046017646e+00 1.166932936523411257e+01
2.029995393982047425e+00 1.216971212763337462e+01
8.231300759368488373e-01 1.183910013509182413e+01
1.057593935925141615e+00 1.203226942374107011e+01
1.423721470997902916e+00 1.220695154734345422e+01
3.293605049944701157e-01 1.313469664186549402e+01
7.767928268803507841e-01 1.200844374400590375e+01
3.703489765049766125e-01 1.268387199887768091e+01
1.790639039311462621e+00 1.211396876300435821e+01
1.242493585208698237e+00 1.183783833490692494e+01
4.678146714046525489e-01 1.213146028404010401e+01
1.003841426461899777e+00 1.187037909240691214e+01
1.748326044722833705e+00 1.179837832413213761e+01
1.398832235590627526e+00 1.188429514230081985e+01
3.535883089036773175e-01 1.277909928870361078e+01
1.322180810633384773e+00 1.224861726851787225e+01
1.921805397572169394e+00 1.195398511966461363e+01
7.213374085654250534e-01 1.193264489494017333e+01
6.788443526097972525e-01 1.205781790385866259e+01
1.986406169462354487e+00 1.209791120395016328e+01
1.818181359492037075e+00 1.244841056666704660e+01
7.630843293004502259e-01 1.255003953470010813e+01
4.416661448119707511e-01 1.272902573577538909e+01
9.458297240602334677e-01 1.221468330540352909e+01
5.111879576071769460e-01 1.233288575438573709e+01
4.145642483502049447e-01 1.266582825618099228e+01
8.712328677762718465e-01 1.199637020803676180e+01
2.076128261956728505e+00 1.227453170549255113e+01
1.491251671193712269e+00 1.199971583784119389e+01
3.327750839049926634e-01 1.333765940377276316e+01
2.075230614530630291e+00 1.187598191468790176e+01
1.614551782105208666e+00 1.226333938796639167e+01
6.974341300771701446e-01 1.185330931969040336e+01
2.170889362082907947e+00 1.201967876557311321e+01
4.509632394653819154e-01 1.219365760059266535e+01
8.229262328228135193e-01 1.195910044566770125e+01
9.552781571597102062e-01 1.182780502228128761e+01
1.831973123131502179e+00 1.207288007340222080e+01
8.493472648638773492e-01 1.208330852790864895e+01
1.021736586632273847e+00 1.213439275787624361e+01
1.316722945857781601e+00 1.199221663712534891e+01
2.010640198156627978e+00 1.158327542119949172e+01
1.766644426745933361e+00 1.198467898031084111e+01
3.095745004969454595e-01 1.340100225037888215e+01
1.391727350492511173e+00 1.226579570384744855e+01
5.115409847305052438e-01 1.209934850082994018e+01
5.229262725634071796e-01 1.221301597775240921e+01
4.084488642752123200e-01 1.262546391760500342e+01
1.742897054649567679e+00 1.139282240015189451e+01
4.120346793335779578e-01 1.289388681144491144e+01
3.170924484750079486e-01 1.333428782805173007e+01
3.075055176374820176e-01 1.346791909294662304e+01
2.039323329682025232e+00 1.160694604485897585e+01
4.676384196647521696e-01 1.242134866719910491e+01
1.298843609812657007e+00 1.225700757946559882e+01
8.388851361589464428e-01 1.182543905708810961e+01
1.471552740639986201e+00 1.216830959182827776e+01
9.756711050290408638e-01 1.187617172249928110e+01
5.243455837660759844e-01 1.276360676766598878e+01
1.024689565514833367e+00 1.207040432083025294e+01
1.493785255674704882e+00 1.192976457198656703e+01
1.251203177447168358e+00 1.213343085722701709e+01
1.285494538820008747e+00 1.217359768715898483e+01
1.253964501912700591e+00 1.216705268174011501e+01
1.723229552920868102e+00 1.208956899527484552e+01
1.757694909188922683e+00 1.207136677857901930e+01
1.430332521967067727e+00 1.234759547089336884e+01
2.050632839854638956e+00 1.191833403322479690e+01
9.321893427348598715e-01 1.202674523931475115e+01
1.807721457761108486e+00 1.223761628492028741e+01
1.484450978609324956e+00 1.243134062976601584e+01
1.147212600394498017e+00 1.202776950683769286e+01
5.997383604831381110e-01 1.211231412916030514e+01
3.449552983927893779e-01 1.305107156500135090e+01
7.189576593422721817e-01 1.173666401992246655e+01
1.601171041163532704e+00 1.199262552956211536e+01
7.415570574916794389e-01 1.201205031361816467e+01
7.886705122469522822e-01 1.185433867147169273e+01
3.119944036451001157e-01 1.333107488526159123e+01
2.204956268220704896e+00 1.153503929771550496e+01
1.209411166298793638e+00 1.193267357467758671e+01
1.803293452738012670e+00 1.146442243884252221e+01
5.606589756555044879e-01 1.220299017682239118e+01
4.085624526373274890e-01 1.258923996064849860e+01
3.195605038443463664e-01 1.316191432340816903e+01
1.351897721599795599e+00 1.194927481607793851e+01
6.680454580960735189e-01 1.245405302377932522e+01
1.432991891020040320e+00 1.194135667284377611e+01
1.887812189883915970e+00 1.233408619574147203e+01
1.926271674452529226e+00 1.159625252912758775e+01
7.580420750590329826e-01 1.217588913040336074e+01
1.065246921141116410e+00 1.227104980576626936e+01
6.210274663443561272e-01 1.231596352099868952e+01
1.827574170251946795e+00 1.226581622331620380e+01
1.610030190151138463e+00 1.186188245300585464e+01
1.779872974543514230e+00 1.247187528360005970e+01
5.394850527211294544e-01 1.194247744173003412e+01
4.216793063735508329e-01 1.226969413296727751e+01
2.117239886682120709e+00 1.225623356246330076e+01
3.022291482727296197e-01 1.336610820563989144e+01
1.041046549134539978e+00 1.202949151268343186e+01
1.010090437569811650e+00 1.192371001931822327e+01
1.347507100272523184e+00 1.202725906727803640e+01
5.218844687705407326e-01 1.237246647631135232e+01
5.744320494086605500e-01 1.208133536922652063e+01
9.009375743423537752e-01 1.244379320659130883e+01
2.068085552893640600e+00 1.226565998071884422e+01
2.090970647193035603e+00 1.203253628768956673e+01
1.261349206438100889e+00 1.218449441534279565e+01
1.827326247034912754e+00 1.239848685859034028e+01
6.332835611517215746e-01 1.222836744473495685e+01
3.761360167173503077e-01 1.302382087387625198e+01
1.633787136860359146e+00 1.236915002052910140e+01
1.542100270986692445e+00 1.197969720019333018e+01
6.089842620123322448e-01 1.187006920031725343e+01
1.982924644841391082e+00 1.182664134370650366e+01
3.915164005660980440e-01 1.294099435204155668e+01
1.740548067485208517e+00 1.227202465081621163e+01
1.313674659134157929e+00 1.210002248608815734e+01
6.710151402490097672e-01 1.204154658684779022e+01
3.215018747747064309e-01 1.316580940248970855e+01
1.857224045426487669e+00 1.216411707741589510e+01
1.578546677543230192e+00 1.224033506458117593e+01
1.817865785689628977e+00 1.204165482186634861e+01
9.514159766710585941e-01 1.170760936684127174e+01
2.002708983515901764e+00 1.181946468046586318e+01
5.376937193773756452e-01 1.197914503959318111e+01
1.667699187743650890e+00 1.239049999518496215e+01
4.205100619617799240e-01 1.245054659841041378e+01
3.366555668106910315e-01 1.294449819439489779e+01
1.448885474785680749e+00 1.226476250193288564e+01
9.218245231893918978e-01 1.166880925089431997e+01
2.080686802506116262e+00 1.211866206966929127e+01
4.705895720039047214e-01 1.217861121313222483e+01
7.069456087380561193e-01 1.237056253662919403e+01
3.571467172147155811e-01 1.305467960229917601e+01
3.865417881152951041e-01 1.306204723673647017e+01
1.657910443541071865e+00 1.199073391430888513e+01
5.076641307897591382e-01 1.203258275990299175e+01
8.896651916052992215e-01 1.206430231571130030e+01
1.900248508404512426e+00 1.163081698840518996e+01
5.350519919122468382e-01 1.212978409519539724e+01
1.099082534810527534e+00 1.196841904583308569e+01
1.810504944387260062e+00 1.155673139346781575e+01
8.400432644071365029e-01 1.190955442027476785e+01
2.090951441272305811e+00 1.234615336797880047e+01
1.307012733710032348e+00 1.163255667384880887e+01
7.402074459783754001e-01 1.179913305980208982e+01
1.629775854869222496e+00 1.163335585435923392e+01
4.059542154544386605e-01 1.255846572836535735e+01
1.319191016804815764e+00 1.187153052663255437e+01
1.623019727814801749e+00 1.201814803699471668e+01
2.078363077906773437e+00 1.140475149022432255e+01
5.490746610970714814e-01 1.214717059451397319e+01
1.971885503713297627e+00 1.185662348309350378e+01
4.264262340203449630e-01 1.268572492757047954e+01
4.148390668527406344e-01 1.233500197876060156e+01
9.097933334414949336e-01 1.192372610445933034e+01
4.015549661334124609e-01 1.271091445819847543e+01
3.277614726781512000e-01 1.308370075605265015e+01
8.531997406836380193e-01 1.230855448122742857e+01
1.104051519820457239e+00 1.219147084176696438e+01
3.710120995310088876e-01 1.278928123962517382e+01
1.431013011457013651e+00 1.182387817537892616e+01
4.615252339100914258e-01 1.259486760471091138e+01
1.834372228631313995e+00 1.166516568828607170e+01
2.129144757903593366e+00 1.196640898225023442e+01
1.360913811849663757e+00 1.208676484957132224e+01
1.817249477984636874e+00 1.169278885634243537e+01
2.010325844806746254e+00 1.201593613415534811e+01
1.188344845332404143e+00 1.196275739296008567e+01
1.001923159364284333e+00 1.213010560262028115e+01
3.224514739027896093e-01 1.328043325819765030e+01
1.479624762966841089e+00 1.215144193552664476e+01
1.361323516785383658e+00 1.212588684298119546e+01
6.586606181146983374e-01 1.181509165405501527e+01
9.018091317159258047e-01 1.171234345741291349e+01
3.784617664643707413e-01 1.293164796165110353e+01
1.206701132012678590e+00 1.201148666377645924e+01
7.725624567238684737e-01 1.166283231380317886e+01
1.239052761028157423e+00 1.207955887806823903e+01
6.666120996672114662e-01 1.181546026900972635e+01
7.875057844779195237e-01 1.221223504424544792e+01
4.513532121710223666e-01 1.219395341456493398e+01
8.794503959158598283e-01 1.186996688807708011e+01
1.275669265649522321e+00 1.186498619502558327e+01
1.849770587689373746e+00 1.230451433113779203e+01
3.282780610919165398e-01 1.317830650314224172e+01
2.035969920412386447e+00 1.204514203305430975e+01
1.967697420434456834e+00 1.243498976330359440e+01
4.259388795881891565e-01 1.255918126391805778e+01
1.653114363917511875e+00 1.192837723834627717e+01
1.142883672956226615e+00 1.213932312951670411e+01
1.967824556388330981e+00 1.182275055471338554e+01
5.189104345381774230e-01 1.247822926277068234e+01
5.112519540509302685e-01 1.225521959646811432e+01
1.727990276608947662e+00 1.226409667178429430e+01
1.361407158497156766e+00 1.218390812429759151e+01
7.337548396303187337e-01 1.227231146047066623e+01
1.962809310088322601e+00 1.223987096793284834e+01
7.435543820144255855e-01 1.190505528005355984e+01
3.186153710372392478e-01 1.325406979885466185e+01
1.988528783342699446e+00 1.233096719923690721e+01
1.484976443626719655e+00 1.198774479483066280e+01
1.470355621384676903e+00 1.226071652971224424e+01
9.208076129240261309e-01 1.216317523707944837e+01
1.860410423300808525e+00 1.237969053734452274e+01
8.166957062985173987e-01 1.183260178217200043e+01
2.125661006162440358e+00 1.171526486052680482e+01
1.226218045721447325e+00 1.214501773787443462e+01
1.595775885790127413e+00 1.203926536592351937e+01
1.122348252806580904e+00 1.189374448101026793e+01
8.676175550777194267e-01 1.184085095375901275e+01
1.397764395906750945e+00 1.192163441978927985e+01
1.337567108553173290e+00 1.188083696826657309e+01
3.757063600966168981e-01 1.266790051161406971e+01
1.084199637008579353e+00 1.180089260177749466e+01
1.892955059493447667e+00 1.245387189668043071e+01
1.385530098079905237e+00 1.199708933897830931e+01
8.466888110860930627e-01 1.243189166245990407e+01
1.421907389358513463e+00 1.211344301144680458e+01
1.892296927710714227e+00 1.124778343563674632e+01
1.057569277701771782e+00 1.225700126148291780e+01
4.633086224435934986e-01 1.254858204858084747e+01
1.699297321398500094e+00 1.186622624125478964e+01
6.058621548617382224e-01 1.202436720276618765e+01
1.654841837381942238e+00 1.180806827400357051e+01
2.035265040124616398e+00 1.216369942037154139e+01
1.931028748336089729e+00 1.219138718084449913e+01
1.665255146026373145e+00 1.189280947500419394e+01
3.742857829121517543e-01 1.261167224940973774e+01
8.432259375126628376e-01 1.201773751719793459e+01
6.076131332783903938e-01 1.207057465263318186e+01
3.832845788070292636e-01 1.268188419490448027e+01
4.909467609288548640e-01 1.237522761915103686e+01
4.406346679113595788e-01 1.253265608895743100e+01
3.784506390626014016e-01 1.257439382765095637e+01
1.457707787539448629e+00 1.239651445859102274e+01
6.558258675857199238e-01 1.233647510301736006e+01
1.190968953864828039e+00 1.208043151225384371e+01
1.334376316744724678e+00 1.179810392978334832e+01
1.620392387343077001e+00 1.226902835380089485e+01
1.053135393475336690e+00 1.217766643091081136e+01
8.406178005333909686e-01 1.188688225118124464e+01
2.147970210294556370e+00 1.196991024258872471e+01
1.259275674131574929e+00 1.209225873957031361e+01
8.268986723987176157e-01 1.214392486988704967e+01
6.187158302140987054e-01 1.219763574688540153e+01
2.084911310414455432e+00 1.175170030352589023e+01
1.435172381463699409e+00 1.233396702216442620e+01
8.001726553893051541e-01 1.203185166338172785e+01
2.089508912520961381e+00 1.236952945599453280e+01
1.230101171601504229e+00 1.214740487589707563e+01
5.521098623383803305e-01 1.267727771069125886e+01
9.276997491414882280e-01 1.189004490924249957e+01
1.874350387012411634e+00 1.216992962535547740e+01
3.294704370539472404e-01 1.307312421309383588e+01
1.535121396147364203e+00 1.222409669308443014e+01
5.968410500144850639e-01 1.234237415170746388e+01
3.439557246694308623e-01 1.304590541008070836e+01
5.867385030370735333e-01 1.193344292767232773e+01
1.632069978401460952e+00 1.215570560640000686e+01
1.945113965166756387e+00 1.178996486726400938e+01
9.267119802951729879e-01 1.203112819922919385e+01
5.250560184276580333e-01 1.200903108619345083e+01
1.751434940263233431e+00 1.224183070430112785e+01
1.318624027071847449e+00 1.197274915731560263e+01
1.903686512337629200e+00 1.174946851635253608e+01
1.007324681359661689e+00 1.202309240454479777e+01
4.414560126167057508e-01 1.225070816794541706e+01
1.957770905379228044e+00 1.167262657379012580e+01
1.224145862756824910e+00 1.203341980345163797e+01
1.560084270327207534e+00 1.167277758482724970e+01
2.226536084336496302e+00 1.180919642101082268e+01
1.369088049678340413e+00 1.202920968853153205e+01
1.482471358733874922e+00 1.182722572901132274e+01
5.630561537814010586e-01 1.234059293839981741e+01
1.530044195804814322e+00 1.209174189715614922e+01
1.143687572853593348e+00 1.181129685496020443e+01
8.506631880304056370e-01 1.192882955274799883e+01
1.315247312868446983e+00 1.207482012876863386e+01
9.757878851933122766e-01 1.197974883452622663e+01
1.047654571727625994e+00 1.206236346587966857e+01
1.249372396000767438e+00 1.199305046345759962e+01
1.345005421249521937e+00 1.229469194421471023e+01
4.169795417014370287e-01 1.242060096128606084e+01
3.892401798248794620e-01 1.306112573922483655e+01
1.364621601480074276e+00 1.214341442286140804e+01
2.072154558433483729e+00 1.099064352463913785e+01
3.390581309004290222e-01 1.320953444955803135e+01
7.702655871459751502e-01 1.246529199783671693e+01
2.887803340615859304e-01 1.360680141213316219e+01
7.318844793316434671e-01 1.190500385103863223e+01
9.869908603241763778e-01 1.194045588920028678e+01
1.792551657396630027e+00 1.162608051758806837e+01
5.829044924476574074e-01 1.203184973556959747e+01
1.282073496773930898e+00 1.190750504424731204e+01
6.124027790502245550e-01 1.255988482302866238e+01
3.514835963816793085e-01 1.302986909243817060e+01
9.798177078631922221e-01 1.202246025822419995e+01
2.076982739040786008e+00 1.154311788104991265e+01
8.507469246995007506e-01 1.179965939527225594e+01
1.144059271873433703e+00 1.166432380927385815e+01
7.586023313797640721e-01 1.181864271602947980e+01
1.377961287455715889e+00 1.210790907536752314e+01
1.896484363595496658e+00 1.185604131700459440e+01
4.004920953404853545e-01 1.246261997487890483e+01
2.079979177358953102e+00 1.181040760234132669e+01
1.567605999065249112e+00 1.233048961440965741e+01
5.179866516835601731e-01 1.226080413983433814e+01
1.838550277849609449e+00 1.241940114931476380e+01
1.282962640677781652e+00 1.210729189561542363e+01
1.631703717749836802e+00 1.228154263001512980e+01
2.041521033117361661e+00 1.216475095603801115e+01
3.509596836460616709e-01 1.302614822232443359e+01
1.825360306969348922e+00 1.189345385499635910e+01
6.885052755093559185e-01 1.182982989259333806e+01
4.390193560964196218e-01 1.239869161727939328e+01
3.315079465232922962e-01 1.299237846634037297e+01
1.732900777492552891e+00 1.149515254063160796e+01
4.097694649282674351e-01 1.273331788556505728e+01
8.965675409401405727e-01 1.206555770759267787e+01
5.279125852314351386e-01 1.216626150828833453e+01
1.031453403066550978e+00 1.200200042435149506e+01
1.171614497757502926e+00 1.179688862543415517e+01
8.704839142765959936e-01 1.201928712056749227e+01
1.358974490020027570e+00 1.214319602769963602e+01
1.971149492609495457e+00 1.192263213062441984e+01
1.077202402107588775e+00 1.197956641420387669e+01
5.385176263357180915e-01 1.194409994755481819e+01
3.594527899982600250e-01 1.300898897213269656e+01
1.569951655984379579e+00 1.183267243946219871e+01
8.887712433863763639e-01 1.228339795917813149e+01
6.722090354344798513e-01 1.191456808827376967e+01
1.615534170682351833e+00 1.228955944085294583e+01
6.518928884493745413e-01 1.182041451363053675e+01
5.806820997825121733e-01 1.224102335499802408e+01
1.610525993606999329e+00 1.198418724311971850e+01
3.286109536139046328e-01 1.331192761597377228e+01
3.393758536550707250e-01 1.286581613944487579e+01
1.250451443202716950e+00 1.176346445777067906e+01
1.193433778055973615e+00 1.192463877285298857e+01
3.943359840387507531e-01 1.253085323653253447e+01
2.893493899930491553e-01 1.360813518788315335e+01
1.832624499429097664e+00 1.191049076367978543e+01
1.138990624916822458e+00 1.176503082534792100e+01
9.047455494943879017e-01 1.199617706040496934e+01
1.821804509681903772e+00 1.151330862191967519e+01
1.247697413077125006e+00 1.188420038199351225e+01
6.232691960957781330e-01 1.197841652759307784e+01
1.263956092905837769e+00 1.201619095362958944e+01
7.412256795445126833e-01 1.198152865937051814e+01
1.961749524362136787e+00 1.203992822666070950e+01
5.542817944872264757e-01 1.193181546456883169e+01
6.079336445136948042e-01 1.207620606569798838e+01
9.779217205424669546e-01 1.179095894343932116e+01
8.843880607852119269e-01 1.195456109952299784e+01
3.322894157339079668e-01 1.329976051648034208e+01
1.983526832492350733e+00 1.121123670577829934e+01
2.240073691265686673e+00 1.197398626989011028e+01
1.422342782415683349e+00 1.227232512773290729e+01
9.012012446382271502e-01 1.183455947437108691e+01
8.373943731905074683e-01 1.187758599819292726e+01
3.350360156308314075e-01 1.308048985060865377e+01
1.552301713097851810e+00 1.192648629158258267e+01
2.093184319447366715e+00 1.158362709562118198e+01
3.625627613701147833e-01 1.274855205545200221e+01
7.661750691037189087e-01 1.187455595328128233e+01
1.470282735463664281e+00 1.202852515322416949e+01
1.497369019829265957e+00 1.230217215758237259e+01
2.035443348670137098e+00 1.194336284552163718e+01
1.605892543223371716e+00 1.226052378223447903e+01
7.469999967211808922e-01 1.224399062295954010e+01
1.980254487508891659e+00 1.206945820877442621e+01
1.072404425061249000e+00 1.235511153989866528e+01
2.132436810154072493e+00 1.177828813507287364e+01
3.629791881965588884e-01 1.267156843429483892e+01
1.715044406536636146e+00 1.194570694921549148e+01
1.572825091288472699e+00 1.197028290714561471e+01
1.994545277556445617e+00 1.163500046370005947e+01
4.070503648238603667e-01 1.256943315872281630e+01
3.013675920064909364e-01 1.350809288390250629e+01
3.425344926423961600e-01 1.309070380831164115e+01
2.088402277427412024e+00 1.132169997595241462e+01
3.351375325699368912e-01 1.305162244476000311e+01
8.845574210779314495e-01 1.187217416341905007e+01
3.457402286103918865e-01 1.287281031263870901e+01
4.389739931328134892e-01 1.235055350607786551e+01
2.099737130754558034e+00 1.175821322965129134e+01
1.213543049299892429e+00 1.216165956749738619e+01
1.329592449224567208e+00 1.199756092745668923e+01
3.343051590367254744e-01 1.323683567589088383e+01
1.745310129994672943e+00 1.180391937891314669e+01
1.862444348386530724e+00 1.225008097644895244e+01
1.573353603630980535e+00 1.209162136430327728e+01
1.660217825874081621e+00 1.228367455970684574e+01
2.038979139108113792e+00 1.163815465233599156e+01
5.654818971471096134e-01 1.228552962334849674e+01
1.244912276639202675e+00 1.221212150970837840e+01
1.666385253544999667e+00 1.237116370561905399e+01
3.601137836005521287e-01 1.308936508894350581e+01
2.014570428733442498e+00 1.126758505090983498e+01
4.856826027302935667e-01 1.223565882725700504e+01
1.280120510068840423e+00 1.196153469528872115e+01
7.020495219577151946e-01 1.190223630639637165e+01
5.813612204849111231e-01 1.192913110828539835e+01
1.834600287854583067e+00 1.172489051923534120e+01
1.110553226972823104e+00 1.201325504565339841e+01
1.640805740213632236e+00 1.211917018246098188e+01
1.021437691599983877e+00 1.203182233962254521e+01
8.841673762412096682e-01 1.184169044835617335e+01
4.482224468676563878e-01 1.225402271416983524e+01
1.235614664746434332e+00 1.194785171629008325e+01
9.669000305528283601e-01 1.193524732804943334e+01
9.348937644104838851e-01 1.209434696496793116e+01
7.139284245189850830e-01 1.175977445695871104e+01
1.742380758837487109e+00 1.215215967083579685e+01
6.277577894049787277e-01 1.189286112708998822e+01
1.951030751074144698e+00 1.185140537658532089e+01
1.830515405191714073e+00 1.182586115787920100e+01
1.339360334226654015e+00 1.198290062456033134e+01
2.135765812998892343e+00 1.190600638566361802e+01
1.569758612675949294e+00 1.171869952986678420e+01
4.151683500804573823e-01 1.299534385369398670e+01
1.554753295005279368e+00 1.210524951765429513e+01
1.899852043559616677e+00 1.246819945783648187e+01
7.715848402405676154e-01 1.228183243348019893e+01
3.182182528902325336e-01 1.339333777725646257e+01
1.658611220110757234e+00 1.241550302742097145e+01
4.076820962842890861e-01 1.268500975894927230e+01
1.179492999754004234e+00 1.196163603037682854e+01
1.818563437103743574e+00 1.196049199461894297e+01
1.721565778562554661e+00 1.186568194519818675e+01
2.943739693490113885e-01 1.347005355304035135e+01
1.301775221688597828e+00 1.228224877544535509e+01
1.241353649321001562e+00 1.163853893640451531e+01
4.682023639932450521e-01 1.290991411055774840e+01
1.138530443269016423e+00 1.204040882876581975e+01
9.853885049984577593e-01 1.191840192578790969e+01
5.289179734008750966e-01 1.204236825232048069e+01
6.696527233604935292e-01 1.180149719569826416e+01
1.158980486736171045e+00 1.169803076040014211e+01
1.805387343272096157e+00 1.234024837107834927e+01
9.486605305185862314e-01 1.230748304798642856e+01
1.071977095663247947e+00 1.186918339867291117e+01
4.632951968982705893e-01 1.225013794492538821e+01
9.424609281955809159e-01 1.188371188713265170e+01
1.094877421736341061e+00 1.184554973527439792e+01
1.199659036326400585e+00 1.222785831886761621e+01
1.847956795171976641e+00 1.223384918332420668e+01
1.912304197891123714e+00 1.218167085531736404e+01
4.414889099792589922e-01 1.219739772279193879e+01
1.899677830365333442e+00 1.236271172046350486e+01
1.237848517754901456e+00 1.207355506213494145e+01
1.055423921240990826e+00 1.197564015217704458e+01
1.788134525092587745e+00 1.225377419984230620e+01
5.586064480133774435e-01 1.195652622545669708e+01
2.076691826777509853e+00 1.186812771736264516e+01
5.858485755304663201e-01 1.240459838813399429e+01
1.115658792438121605e+00 1.200653338670811365e+01
3.084781161850697062e-01 1.335261444104514617e+01
7.443087330747231167e-01 1.219083479460493002e+01
7.026165140901829975e-01 1.187790569676672980e+01
1.236752680871737287e+00 1.201121639057806867e+01
1.458736683772448250e+00 1.226805789382674661e+01
1.376180709872164565e+00 1.216964400661133894e+01
1.257913415954926339e+00 1.208138777565805633e+01
1.079828454060174359e+00 1.187540946153988308e+01
8.312724671590614456e-01 1.217509398994586434e+01
7.363710646039867136e-01 1.189365641267448126e+01
4.467682759631641520e-01 1.237624675031007015e+01
7.126500571049063648e-01 1.182052380808128689e+01
1.201116822151444996e+00 1.193967005755963484e+01
1.448018413736216869e+00 1.216516744837103481e+01
2.073280249934404296e+00 1.182096382412467328e+01
4.051691769362115170e-01 1.261680340842604231e+01
8.903316363248768850e-01 1.187254447475518049e+01
2.091069939588530158e+00 1.235249258381877269e+01
8.935546362262696274e-01 1.184709645003931300e+01
7.130938485029569840e-01 1.189326553955760701e+01
5.716069164437788119e-01 1.235588541751065783e+01
1.096543985023552104e+00 1.181367569448373089e+01
2.145525830842432757e+00 1.218067340930115172e+01
1.533188034558635504e+00 1.209487491935602854e+01
1.832505539011520357e+00 1.194431890158974419e+01
4.138449073652905597e-01 1.237462620752106268e+01
5.017104894505026724e-01 1.249820480611856510e+01
5.719096837504353825e-01 1.196806722172859772e+01
5.527427660424424349e-01 1.242390056558733846e+01
1.922211458831546649e+00 1.191861765016616026e+01
4.735687055102080767e-01 1.234523500134157281e+01
2.000221555346980207e+00 1.187374797066582133e+01
5.553297346824259684e-01 1.191362992372563490e+01
3.766190010906084740e-01 1.258644540607065920e+01
1.403706500024173076e+00 1.170249016527109021e+01
1.762311941200358056e+00 1.193678325629741188e+01
5.037928652678503871e-01 1.239666742871029115e+01
1.583253094973201547e+00 1.232575931318199203e+01
5.603082526332958668e-01 1.203763679276837095e+01
1.973495345074431917e+00 1.184945531183603862e+01
5.060486625314800646e-01 1.262659477482355186e+01
7.427204125950156444e-01 1.167363955159454569e+01
1.685818354060510948e+00 1.208803874216102692e+01
8.007407686480880749e-01 1.177396129120863222e+01
2.951202212637414335e-01 1.352095513398495541e+01
1.197918297607908134e+00 1.206709540654806823e+01
4.651979939692684751e-01 1.250710881206399705e+01
8.775060393259984659e-01 1.195049298811942329e+01
1.869654672240119053e+00 1.232155548083665231e+01
1.395056181581366683e+00 1.198238425469002699e+01
1.007039372356354878e+00 1.201913908330996961e+01
1.363958457501772470e+00 1.219575415803032925e+01
1.818405987569986948e+00 1.191943162854914107e+01
6.354750234365647010e-01 1.236474807250648666e+01
1.481412991957725245e+00 1.192433495377936481e+01
4.368265695393694359e-01 1.222040019822178181e+01
7.609870628201335085e-01 1.195333999121106849e+01
5.204488929525812324e-01 1.241178774991798228e+01
2.872750313714049764e-01 1.358114477899543182e+01
6.620085613945743130e-01 1.184945283515101977e+01
1.192087950748045522e+00 1.211161597914253640e+01
9.087975693034459068e-01 1.194177246836081352e+01
9.598686879729371180e-01 1.194017326574359394e+01
1.711669132852066122e+00 1.204141841917638622e+01
5.751261595286942807e-01 1.194282770298418050e+01
1.238798532830554411e+00 1.184723907087561834e+01
1.693618273090055970e+00 1.201957705412691269e+01
7.006867541960760670e-01 1.216889116679609373e+01
1.057720866145707816e+00 1.174277035709989647e+01
1.881885864134448694e+00 1.212028012541460065e+01
3.836352166687997389e-01 1.307096050665855635e+01
1.594456398799784624e+00 1.211416063497682849e+01
9.954727465084555194e-01 1.209068767222301055e+01
1.714863912589917438e+00 1.239554868706439450e+01
2.113279693921346958e+00 1.151443322470405306e+01
1.411796346760161081e+00 1.224145889009413324e+01
8.863913661602577099e-01 1.188731750257121078e+01
3.258457534508053532e-01 1.335361523074830359e+01
2.092968027263728104e+00 1.181878264145815471e+01
4.496579449686738394e-01 1.261430683830161747e+01
2.145851910086004732e+00 1.231170851330489313e+01
1.894109471495758479e+00 1.238815054154134110e+01
3.140282768039903138e-01 1.341222380914514822e+01
1.091457665786037312e+00 1.194534962805550826e+01
5.010951463850170651e-01 1.250156833726370031e+01
1.029791478120149817e+00 1.209313764016100912e+01
9.386934328323328636e-01 1.208196901829705361e+01
1.560977178753352845e+00 1.218562451158948079e+01
6.076856191233424020e-01 1.201225551883191045e+01
1.056275726326189046e+00 1.198756682784919647e+01
5.836064607446945773e-01 1.194371737392719091e+01
1.256909928814497590e+00 1.186564599100285378e+01
8.235593037930509785e-01 1.209334890818102082e+01
1.966234540134965902e+00 1.214701814666775270e+01
1.932658717805055160e+00 1.223772465360000439e+01
5.704108985018192524e-01 1.199822679016150495e+01
3.734610569522386347e-01 1.259870690608006960e+01
8.691901540621927991e-01 1.170853499302911160e+01
1.889396186794878973e+00 1.210076058374191099e+01
6.679696381400311855e-01 1.219376503214098051e+01
7.321373250992513348e-01 1.170244288080574790e+01
6.888905126221444020e-01 1.230232028195142746e+01
1.318555510103039952e+00 1.206483264831191882e+01
1.790059034576167107e+00 1.172088904811411147e+01
1.133883299872329387e+00 1.219738653784397719e+01
1.580652905332300850e+00 1.202212344708926750e+01
4.733548644662589067e-01 1.280422421029024349e+01
8.353663274572457054e-01 1.220948617703376726e+01
6.728637707657045830e-01 1.193407666715897086e+01
1.216075517669116257e+00 1.206598644519321617e+01
9.021826925485166848e-01 1.211585372114523373e+01
8.215292286896552776e-01 1.183356230243699336e+01
3.581545248174621277e-01 1.269110426282291293e+01
5.068512626249630504e-01 1.222676749121586504e+01
1.495878250486584626e+00 1.207439561548912366e+01
1.670544035028517671e+00 1.229426179110485506e+01
1.444292988286586699e+00 1.214119778549656914e+01
4.837036194564361957e-01 1.207760908632543817e+01
1.867182106480562265e+00 1.176621478119766984e+01
1.162307762707432968e+00 1.165648839533089820e+01
4.083970929924299331e-01 1.258299908236021558e+01
6.057363150182426548e-01 1.221482084769955634e+01
6.339463532294314918e-01 1.177520096462970045e+01
1.020233777801008879e+00 1.222659535224500083e+01
8.137895138078109492e-01 1.176974114971387131e+01
1.151587855029818863e+00 1.180135471644638656e+01
6.330140137696138591e-01 1.235255837941813084e+01
1.870105785373858076e+00 1.209379755011862301e+01
5.024472603629048795e-01 1.259123490033791448e+01
3.985312801160038609e-01 1.255907193019723600e+01
1.919331689747982406e+00 1.186813353219763556e+01
6.350528293205445207e-01 1.184297763165389661e+01
5.688156690158983064e-01 1.194296478766885983e+01
1.241333290449038396e+00 1.212853987079404128e+01
2.877048951984012559e-01 1.362048566852528886e+01
1.190200521827561975e+00 1.183897045549168503e+01
1.222425179259119199e+00 1.216112468721719608e+01
1.211087577147416550e+00 1.196612444368785333e+01
1.091918359740640554e+00 1.222460114255885877e+01
1.003043112898622802e+00 1.190617884997163500e+01
1.990721367790367902e+00 1.212844437343754578e+01
1.925455222940423150e+00 1.188757566191124759e+01
5.467933596098710769e-01 1.192223484585696980e+01
3.014338617840127132e-01 1.334712351095860150e+01
6.730518961788282128e-01 1.180348189661872027e+01
4.171611099568163783e-01 1.243307865520524835e+01
4.929261433458980712e-01 1.204657361824327921e+01
1.312892676154687299e+00 1.225515055741131221e+01
7.980738083038623198e-01 1.177258771500140355e+01
1.422292397089962135e+00 1.155651100253600561e+01
4.856615125935133115e-01 1.224454027283303859e+01
1.569445555426231653e+00 1.212299584537456987e+01
9.920957211361383088e-01 1.213930788179297515e+01
6.374943773416907877e-01 1.203969892795925745e+01
2.131593648449246814e+00 1.221909421116343708e+01
2.090763676561318007e+00 1.190818591035448648e+01
1.958611566398110737e+00 1.227242220371847559e+01
1.878222497739233443e+00 1.155662255489511026e+01
4.069904312411881109e-01 1.249847703899800599e+01
1.272957508889951850e+00 1.204502073715720023e+01
3.669374749431061344e-01 1.264138855704594455e+01
7.714819567012756174e-01 1.191462590180478109e+01
4.812393714917960752e-01 1.248755238541120427e+01
1.766036916674353474e+00 1.175180753328411321e+01
1.450889129306640601e+00 1.216644818705442077e+01
3.759321882739404819e-01 1.251682336513216676e+01
1.011252738022052400e+00 1.206246893920972774e+01
1.198378660982212685e+00 1.231262758823402415e+01
6.308048305368720854e-01 1.186237508011972963e+01
2.012954563224278459e+00 1.220215590026278996e+01
1.664504632730581690e+00 1.202347798520128208e+01
1.013168744135647614e+00 1.195993677643101449e+01
2.107997578520304227e+00 1.119227334268411589e+01
4.479319407580136247e-01 1.312578865751567569e+01
9.123111659173201993e-01 1.211065918687629228e+01
1.554893552592996775e+00 1.198640576454852003e+01
7.696738040717933105e-01 1.183931720512828356e+01
1.024358979143710879e+00 1.208253107357023914e+01
3.503494483375497737e-01 1.279694516653136560e+01
1.785560986525276617e+00 1.187181510552566088e+01
1.470765323761943577e+00 1.218466295906223174e+01
4.689776191459810728e-01 1.228618321999056739e+01
1.662882167254440491e+00 1.221715509906142216e+01
7.422302286122339776e-01 1.192063871320656787e+01
1.373218077539136495e+00 1.184522776526322652e+01
9.661221987261855437e-01 1.204904172751649050e+01
1.091640383137259640e+00 1.196615041783853961e+01
2.036894321580001055e+00 1.111138055787524159e+01
2.997004392328709299e-01 1.347627147802528924e+01
1.862522311479701154e+00 1.197083973274911450e+01
8.623339266339039577e-01 1.206710334622162684e+01
1.079315246909714032e+00 1.186796411588467137e+01
1.917560604893713716e+00 1.204727192419062654e+01
3.924197652833774086e-01 1.278614368949372171e+01
2.086876173509126353e+00 1.204930320101571262e+01
3.454633644157190653e-01 1.289571893437678973e+01
6.780668637828733969e-01 1.170958679790531320e+01
2.079500363525971007e+00 1.152273055545251523e+01
1.220886246917245677e+00 1.176637605396999575e+01
2.023802035193556836e+00 1.170294729919676868e+01
4.821072369183123096e-01 1.250125162126144218e+01
5.589888522721834230e-01 1.223346537363973674e+01
3.615789468147231345e-01 1.306823373227692642e+01
2.111980893846674867e+00 1.221094455407044421e+01
3.709139451425387257e-01 1.324736071274977256e+01
8.548628724074994745e-01 1.194974936118840780e+01
4.959971385761827722e-01 1.235223787997756872e+01
1.841157689547236576e+00 1.204631556873187037e+01
6.956235882705026352e-01 1.189218433613575954e+01
1.778604797661652803e+00 1.164500679244381232e+01
4.492549856910735273e-01 1.274186770458252482e+01
1.448200681376820675e+00 1.212108395230130142e+01
1.570284813158205006e+00 1.223686658716086129e+01
1.918524618463592457e+00 1.217080597512935292e+01
8.179413588848827299e-01 1.193449153126146633e+01
1.456692688937963887e+00 1.214434526945582604e+01
5.924534908996036409e-01 1.191025828350068494e+01
3.318831923239417558e-01 1.300806017779555468e+01
1.422838553518488647e+00 1.214240901803634287e+01
1.909447995497675521e+00 1.214540687077154146e+01
2.108099842571895977e+00 1.161999060022327868e+01
1.921791414816668819e+00 1.170805377919228896e+01
1.475574525018180205e+00 1.205148198279764493e+01
8.919295583844087938e-01 1.206753602950962723e+01
2.097497265892656504e+00 1.156535533794631654e+01
6.010294671805874733e-01 1.239293523215795823e+01
4.069501754592069753e-01 1.255534240032604920e+01
1.458944645646769178e+00 1.192948993707551431e+01
7.788446912899421593e-01 1.196277163825179635e+01
1.114371696565222392e+00 1.177805517791011880e+01
4.610483880143089186e-01 1.229592274178116540e+01
1.602647358807057998e+00 1.217044136839771795e+01
8.686909088536478585e-01 1.176671112150413201e+01
3.422547376715948664e-01 1.305133054421562200e+01
1.028562520893659071e+00 1.200218107211199126e+01
1.223593906295058042e+00 1.168863872587604469e+01
2.148172552202171293e+00 1.187964433672933318e+01
5.416959346494339966e-01 1.216057720220194227e+01
1.090803942022678941e+00 1.199664563825578512e+01
5.920082172522892483e-01 1.214524862956947437e+01
5.305746998767222333e-01 1.211744071047447413e+01
1.864048065923243680e+00 1.233278543817994688e+01
1.713519676405653058e+00 1.221050664150403797e+01
4.970384557427030003e-01 1.210329998459928014e+01
7.462439718117844789e-01 1.184603621144476193e+01
5.162387504881889022e-01 1.234057643845331675e+01
1.537938035895574096e+00 1.216403738941062507e+01
3.689334314379334456e-01 1.282809991685468631e+01
7.145828974922319166e-01 1.181527965790445478e+01
4.950242842261376452e-01 1.214019406315775207e+01
5.567767861599389745e-01 1.208375172239319717e+01
7.046080737126915183e-01 1.181018648493048673e+01
1.224966303086298280e+00 1.196295044036588884e+01
5.110626391690165082e-01 1.208837006573249440e+01
1.939956848530222544e+00 1.210819671235039685e+01
1.744271920475231274e+00 1.217825001666275497e+01
5.233841595975200489e-01 1.234942521125389980e+01
1.725619630731692444e+00 1.213263481875038252e+01
1.937248364152923230e+00 1.229722147883836669e+01
2.142605348053112646e+00 1.157894420215441222e+01
1.100291969360134514e+00 1.218907627128836957e+01
7.614774672509686537e-01 1.201249326499235792e+01
1.611484671010854575e+00 1.192674039493957316e+01
4.803336161030944407e-01 1.270125055868886221e+01
1.830856664579083581e+00 1.188912914987041169e+01
1.334748798358092126e+00 1.212976040629880714e+01
1.918353731402786089e+00 1.222407139912422913e+01
1.320327607610967124e+00 1.180313975945136917e+01
1.066033596108099779e+00 1.198679558470627526e+01
1.200375622155523514e+00 1.181687058053828565e+01
8.743973193253148368e-01 1.180736746700339879e+01
1.642425301083159761e+00 1.184095598211376377e+01
2.119048137905554796e+00 1.220052360987390827e+01
6.043383967754670794e-01 1.198964700197829814e+01
6.524897336475232734e-01 1.178385944862047019e+01
9.188250259205930082e-01 1.186388407603228679e+01
1.868723840932647207e+00 1.169221458388797430e+01
4.558634303205840732e-01 1.235437125239748823e+01
5.881422542670784459e-01 1.201895244059103263e+01
1.856004902465341111e+00 1.198928624972622359e+01
2.120277968803668145e+00 1.150702157489490496e+01
4.128792777913590784e-01 1.287094778432709319e+01
1.650657005776844821e+00 1.207378048099032597e+01
1.202015841126036433e+00 1.201491201092140670e+01
6.624710460342762008e-01 1.194077424172063751e+01
1.117847813689891057e+00 1.206856855618534574e+01
1.626400821886389902e+00 1.179531374992798121e+01
3.472098540523178012e-01 1.297910054450501605e+01
4.058977101387384323e-01 1.254602512985518814e+01
2.004053301584332036e+00 1.218804154350751823e+01
6.425147400350161853e-01 1.184074475906056811e+01
6.358992001357727242e-01 1.189670719387100029e+01
6.773188204785505206e-01 1.204024582837235968e+01
2.172240990810839989e+00 1.158432715345326081e+01
1.394425219160960960e+00 1.212065886953738492e+01
1.476420621883122619e+00 1.203098637691346262e+01
9.997496066392388414e-01 1.199184333113891832e+01
3.871071968445456979e-01 1.286251387445184236e+01
9.142244253094293782e-01 1.233658376898672948e+01
2.918006944718109508e-01 1.352003633295951346e+01
1.896858203181077451e+00 1.186490767617554098e+01
8.727412017076516815e-01 1.198728481330978290e+01
4.178614801746462493e-01 1.236311874627750385e+01
1.162007375961978894e+00 1.216433450049120424e+01
9.394171049221967662e-01 1.184318450256013122e+01
9.605741145297229666e-01 1.202797186328808721e+01
3.046790484860841808e-01 1.339086791724712278e+01
1.060230341244257524e+00 1.200038428275331448e+01
1.772247729157771845e+00 1.207000655950793089e+01
3.417430583497861329e-01 1.323908104707302691e+01
1.407132311196852559e+00 1.212026585796333222e+01
1.222316005181604659e+00 1.200405838015075055e+01
4.629022956756356777e-01 1.210109249643235785e+01
8.421532823451235439e-01 1.196118436536638008e+01
2.027568930830986105e+00 1.162313258304483199e+01
1.179720762332853612e+00 1.200676368252020332e+01
1.057568046172011167e+00 1.198830059120545144e+01
1.440897043869872052e+00 1.224679360211275281e+01
1.274170804116002920e+00 1.222139255502462873e+01
2.269810521321222296e+00 1.209988459810743500e+01
8.480373924095218063e-01 1.171803936881100583e+01
1.683058705294495194e+00 1.180322273143133316e+01
3.201625122587902772e-01 1.315151362531559798e+01
1.307277027157631277e+00 1.198782346124880682e+01
1.834417753291281761e+00 1.196171745202000736e+01
2.013394182827104473e+00 1.211986853406919451e+01
6.883746759033992912e-01 1.189540232207079740e+01
4.091433151821529668e-01 1.251398883546651497e+01
9.936136802570899595e-01 1.188838455979531616e+01
1.197258394712859886e+00 1.208821554460460845e+01
1.223257399145496027e+00 1.209943909503842718e+01
2.202925588892878039e+00 1.192796724534709618e+01
4.904422299482307790e-01 1.200071192420471888e+01
1.385340225022818617e+00 1.207300578151322590e+01
4.637125833652822604e-01 1.229749174046819071e+01
1.931344417927976620e+00 1.232563335177513153e+01
3.037449464215739581e-01 1.348680075416620383e+01
5.574201857648757308e-01 1.195927890819921124e+01
1.477817155900011281e+00 1.212743786125738410e+01
3.709386483112325217e-01 1.265273762880221931e+01
4.308372169605733104e-01 1.254032655674487984e+01
2.092480162336922245e+00 1.142743380137017084e+01
7.540255188815390142e-01 1.189770231269297618e+01
1.763729739630426119e+00 1.218065090949599849e+01
1.813035503368373602e+00 1.189181153601743013e+01
8.380866735346461649e-01 1.175558673662120057e+01
1.639482281340164382e+00 1.229774672111399880e+01
3.568371456184014079e-01 1.312977000852515452e+01
3.162055458130672569e-01 1.332254860298353627e+01
5.732061365094781591e-01 1.201141203429523152e+01
3.326558070116913957e-01 1.293580382178833865e+01
2.962785529058337697e-01 1.344474581925321921e+01
2.060343898820496733e+00 1.204265022760684367e+01
8.597279349369845169e-01 1.200245101985561824e+01
4.021780694434773373e-01 1.271488255926153244e+01
1.953552080694991755e+00 1.168149532831944271e+01
5.054046701871429681e-01 1.219264122596957201e+01
5.740150169338780195e-01 1.207400049246753504e+01
1.691717582056620595e+00 1.198546779467862322e+01
1.375282696965184126e+00 1.205762087806171934e+01
3.685814997196685816e-01 1.267568511274992638e+01
4.899416641928767135e-01 1.236951162051661157e+01
3.832154912550922443e-01 1.247880073393482725e+01
1.132074142393359129e+00 1.196324504233988151e+01
1.051951516071818249e+00 1.199243752040966804e+01
1.920049308857597836e+00 1.217091326230763926e+01
1.816046768218551710e+00 1.211538874941115473e+01
1.072608989755927222e+00 1.213440301323082693e+01
7.349705049565966597e-01 1.206314222292999894e+01
1.878822025402120177e+00 1.173351912338582537e+01
1.931806219642779432e+00 1.200468103500138106e+01
1.376048211770845908e+00 1.186257238761523958e+01
1.658010027014905408e+00 1.174037083293589134e+01
5.794528080385422664e-01 1.190047592439569968e+01
1.488734931990193910e+00 1.159972651221158380e+01
1.588812590001109859e+00 1.177864674460280980e+01
4.984213106929550885e-01 1.220659345159827502e+01
3.525681150666506447e-01 1.324715923572740905e+01
4.052174352414185110e-01 1.287965970566540896e+01
9.111711372973410050e-01 1.193456735875456509e+01
1.618349670443572474e+00 1.208887588142857439e+01
5.878513529497076950e-01 1.230576809760526302e+01
1.058103926983307241e+00 1.181449192136523330e+01
1.702037659955460525e+00 1.179846704457456319e+01
8.561681650847636771e-01 1.181374460426559736e+01
7.687865626897084637e-01 1.167433689029453703e+01
1.113143904447696286e+00 1.194733383693568918e+01
7.478316628608863148e-01 1.184797788346200775e+01
5.036982786635243459e-01 1.214725830712177590e+01
2.096666402492904258e+00 1.200518485122297641e+01
2.007598417925255507e+00 1.190619260415043001e+01
5.861951895407713220e-01 1.221254675070913009e+01
1.311460373129520240e+00 1.217195755133898061e+01
2.161667176061652818e+00 1.103096596548465769e+01
1.976198687385468000e+00 1.172643473165159200e+01
2.207801693971943813e+00 1.157534854492786636e+01
1.052027247370549867e+00 1.198065008347294480e+01
4.420506147021687204e-01 1.227650274040610334e+01
3.739429997272672446e-01 1.282279550602488705e+01
3.344772727357860354e-01 1.303374722978776035e+01
1.926518259718207338e+00 1.196785286466539411e+01
6.168764759412221910e-01 1.184333766067743277e+01
6.145770064919821030e-01 1.201042493951583090e+01
1.367367065156031236e+00 1.170950402826916381e+01
2.053487197428588651e+00 1.163651346462273217e+01
1.479422438941569773e+00 1.180662231282317975e+01
3.480184740024536150e-01 1.283397888491563954e+01
2.060224055731102677e+00 1.188150177033617361e+01
2.063449276394854426e+00 1.185492542044353925e+01
2.976411490437030904e-01 1.348652189756312936e+01
1.363712323669068693e+00 1.202959914905124528e+01
1.622091733900265842e+00 1.188439341166442098e+01
5.110419656220414053e-01 1.217321376284173517e+01
2.167388151483922609e+00 1.185381551405691525e+01
1.055075447887347417e+00 1.175408738897702854e+01
3.350399075090866319e-01 1.290657750365702583e+01
1.716282277721090432e+00 1.150758520113171990e+01
8.364425954137142405e-01 1.179000788351144635e+01
1.917513831166166138e+00 1.193455112067997881e+01
6.525143186067577927e-01 1.171283094789534296e+01
1.003547398721243766e+00 1.195985373078527481e+01
4.354570601601394086e-01 1.263857463908333401e+01
9.035583658326749035e-01 1.179082070563660167e+01
1.696409475687080670e+00 1.173767067875764170e+01
1.327875142612549686e+00 1.201014665397934778e+01
4.369170777845680642e-01 1.225451644202733092e+01
1.849926404718568618e+00 1.225004646295266042e+01
1.418840443890771574e+00 1.212466494094182679e+01
1.024042319111881261e+00 1.189119426495132537e+01
2.107919345961958513e+00 1.200015356495218555e+01
7.148340828964617755e-01 1.179829016541747677e+01
1.456102741076129803e+00 1.173948108582980687e+01
1.826242869702761285e+00 1.218074010790074091e+01
3.205309536638263901e-01 1.331156737799536849e+01
1.537401314081197512e+00 1.187890050291838051e+01
4.231585725692777467e-01 1.239125739564532225e+01
1.920130959096649326e+00 1.209240215832793197e+01
5.025290722084286843e-01 1.201797824334175324e+01
3.373585441685473807e-01 1.317935792335437206e+01
3.976630737357165213e-01 1.257376252323470922e+01
7.968455039899372538e-01 1.176060461709568195e+01
6.390774777674972373e-01 1.215527928609713904e+01
1.236698325886757877e+00 1.214110275510914327e+01
4.561657948207534230e-01 1.257340095382136980e+01
6.068240544999204955e-01 1.207587135638957676e+01
1.404004182554052127e+00 1.183394547002351338e+01
1.026556365646397406e+00 1.177740360962246591e+01
1.385507006183209766e+00 1.196096306172460366e+01
1.243007084368058068e+00 1.207411358270175050e+01
1.939458321698954046e+00 1.183824506672694987e+01
1.710561758501449203e+00 1.182671361969769031e+01
1.648717828462625601e+00 1.203762242114696157e+01
1.569897151241756550e+00 1.200032689960992016e+01
9.918829745374804219e-01 1.189577491231845308e+01
4.350868317019910281e-01 1.240328217402408661e+01
1.976241810399837817e+00 1.210402700060808989e+01
1.527200796789011328e+00 1.204419682956433135e+01
1.039931147124011579e+00 1.185260594290277858e+01
2.038742094219574863e+00 1.227377159381252092e+01
2.926076807198145224e-01 1.350624809470818910e+01
1.979326579951060427e+00 1.175865549542660737e+01
3.692775815195413758e-01 1.259687340058668603e+01
1.781167890130981535e+00 1.210530269774252154e+01
2.984410089433916502e-01 1.338788900058942311e+01
7.335126712880012390e-01 1.175118840742317516e+01
7.367786439679869792e-01 1.180822120954738175e+01
6.612000490977658629e-01 1.189906340246716532e+01
5.545351270176099856e-01 1.194864618152614177e+01
3.986657246161224855e-01 1.277073070554891920e+01
1.201549717957716368e+00 1.192216009132205201e+01
2.020163423980558814e+00 1.160951890891170812e+01
1.789355181694757047e+00 1.208802728749110855e+01
3.386247585766816726e-01 1.331362144971725137e+01
1.468732285146261418e+00 1.164605450976132417e+01
8.240139720494646935e-01 1.198252307061809496e+01
1.704899553396865608e+00 1.196855493721130337e+01
1.997161059381919124e+00 1.125201645547586971e+01
5.609389031204949916e-01 1.209214866111849140e+01
9.221810130669333416e-01 1.199691707062803836e+01
3.798851769963454972e-01 1.305178257326098645e+01
1.277198156949412411e+00 1.183481358413583173e+01
1.431090748863219630e+00 1.152518839230997649e+01
4.663882555414532449e-01 1.212210829432717318e+01
9.292883958968205516e-01 1.171161882869674287e+01
1.579136950323708266e+00 1.173745417246896316e+01
1.472525156666129931e+00 1.172175978186537826e+01
6.573795174103922445e-01 1.191822460404933359e+01
1.725121952318872109e+00 1.204777268938539869e+01
3.295161287401270900e-01 1.306517246452374437e+01
1.953842302530101493e+00 1.122200776752238838e+01
5.344398144703894626e-01 1.205171250687728879e+01
2.020091588248037251e+00 1.189645939667574659e+01
1.440669532396540164e+00 1.171382078831275919e+01
1.816941960007430801e+00 1.165933303146016087e+01
1.433950939274928116e+00 1.178586865581905485e+01
2.114880213536070475e+00 1.147129686710588814e+01
6.754789802983074409e-01 1.180792444403818386e+01
3.585015102654734442e-01 1.281791279229889469e+01
6.267255941565090804e-01 1.181650533999392572e+01
1.796233515680791371e+00 1.204696634599705618e+01
1.272346734737429541e+00 1.181216254696716561e+01
6.836101379286799729e-01 1.182186107222684690e+01
1.605932777554292867e+00 1.189473927334131709e+01
1.682952487320651391e+00 1.204186579941676172e+01
4.483563041220035572e-01 1.232853698360124284e+01
1.177123935815710842e+00 1.179638720318960310e+01
1.049560164697499465e+00 1.183513818084442448e+01
3.775555527554221302e-01 1.279634462078341706e+01
2.088923010364740929e+00 1.211359136842962059e+01
1.204427982851222545e+00 1.178789674730409587e+01
8.115847513982030748e-01 1.178139525193315684e+01
2.116218264205262933e+00 1.189970891030445266e+01
5.048540232134961503e-01 1.206201049918138679e+01
3.842058383423045398e-01 1.251116993280458090e+01
7.181892495730217707e-01 1.174863902282825379e+01
7.045809646636317369e-01 1.199123364095589395e+01
2.960001183032917038e-01 1.349897733209349404e+01
8.022903086083318369e-01 1.184756519382644235e+01
1.854238600271788551e+00 1.217812143413925341e+01
1.072408974181740637e+00 1.185548969023023069e+01
7.642227990858367903e-01 1.179872527000226867e+01
1.398870049158607243e+00 1.205130505168739674e+01
5.982028388842700606e-01 1.178313876072709832e+01
1.121364179702107000e+00 1.179595598045706240e+01
1.087083457787265006e+00 1.196965424684064416e+01
2.147937587169934659e+00 1.151903287578124235e+01
1.241274775883085546e+00 1.176038846533474214e+01
7.629471941922928435e-01 1.176131106311635754e+01
1.605124873172026900e+00 1.213257251202021969e+01
2.095074495630926847e+00 1.175054766249857607e+01
4.114914402604214483e-01 1.241808905208205083e+01
6.238122277097155610e-01 1.185989846908991474e+01
7.111893285291226441e-01 1.192335467887111022e+01
1.726545404090851665e+00 1.199690799714786493e+01
1.770461835838818443e+00 1.153341135105425330e+01
1.931114289258517358e+00 1.215757268003760672e+01
3.210633580978385915e-01 1.313174256882468072e+01
1.984105200707864114e+00 1.148130918703718883e+01
1.495343906944026191e+00 1.163616182349371009e+01
6.576967089804895972e-01 1.180270145708033880e+01
4.161789426160664718e-01 1.230925043037373534e+01
1.477008513612738660e+00 1.178766035659043787e+01
7.715430020625645424e-01 1.171707857646048723e+01
2.969433686905060266e-01 1.354323577713113202e+01
6.156488992058634091e-01 1.176992501939617952e+01
2.053990051278902662e+00 1.174947274965491317e+01
6.594095171584170023e-01 1.176263607334434091e+01
6.016735212692790880e-01 1.181719173246100141e+01
5.626255132563333650e-01 1.195203676728266906e+01
1.700219793429483595e+00 1.217413740039050651e+01
1.685004496513569983e+00 1.223919876987283395e+01
5.350898351999097136e-01 1.201595045157302799e+01
6.398153790187838252e-01 1.201429057617522744e+01
1.842631703472555227e+00 1.188962008080882882e+01
2.030623094496540215e+00 1.219075891890425467e+01
6.820727713256302671e-01 1.208922000993984547e+01
1.136459196834785690e+00 1.180401155892703713e+01
1.274838235041072076e+00 1.202079170021821319e+01
1.436134533117421119e+00 1.170552475181441565e+01
1.751891179733412462e+00 1.186183417230005688e+01
2.135050088932124446e+00 1.204022469705637377e+01
1.205543482709149350e+00 1.202095296611965480e+01
2.030905576775068333e+00 1.180649391555283856e+01
5.092215423454294898e-01 1.200882590002920480e+01
1.461799164120385575e+00 1.218534873048476896e+01
1.666442359547021690e+00 1.230025509047091958e+01
1.860210578045773167e+00 1.228718115258488375e+01
3.420429513935594468e-01 1.308990201552161459e+01
1.573949125542062788e+00 1.179546499259549641e+01
6.099508024572006804e-01 1.187278124279377067e+01
1.387656173520073644e+00 1.215035524574953563e+01
4.156805870974651373e-01 1.273126063094431615e+01
1.315711533094968688e+00 1.199344281044181493e+01
6.345844112688052707e-01 1.182243542001261360e+01
9.082945941826461311e-01 1.176365470656050682e+01
1.866168026149190862e+00 1.159074520287438936e+01
2.011315439094483626e+00 1.194116356710026494e+01
7.404894147270254523e-01 1.200889886945666696e+01
5.908198542215657989e-01 1.239895153936561734e+01
5.120663441670604277e-01 1.249608844737247715e+01
1.894497718657149665e+00 1.153758156781848676e+01
8.517171024707418381e-01 1.222565192564979952e+01
1.528362942297266880e+00 1.215901618307925780e+01
3.589756186337257904e-01 1.311614160917402039e+01
5.539549040319665663e-01 1.222287885245939876e+01
2.122042257386642650e+00 1.185362615435414924e+01
3.323115133286715372e-01 1.329697993159384239e+01
1.990970928466878398e+00 1.161705346338306377e+01
1.169024851027793854e+00 1.191753605867973143e+01
2.009302776279202174e+00 1.196658200922727033e+01
1.390660365784227803e+00 1.214301598575294960e+01
8.061684497979185737e-01 1.205963167928452684e+01
1.235744370276178783e+00 1.222802996539408760e+01
1.195267696465928120e+00 1.208158675810461702e+01
1.120411586222480382e+00 1.173163413817049161e+01
1.955158395159117601e+00 1.160313274396358274e+01
2.097142929972954040e+00 1.142426577038499502e+01
2.037105539507863217e+00 1.180853158168424777e+01
2.026476795348937099e+00 1.125305629234105353e+01
2.042595277419339439e+00 1.125287818896224934e+01
2.173135402203371758e+00 1.136237832850407514e+01
8.637665750704013323e-01 1.229261356579809750e+01
6.444567150383192500e-01 1.214598359196202537e+01
4.573044374157967384e-01 1.248465597615806821e+01
4.901078798575718154e-01 1.235973869522974056e+01
1.018668395893251644e+00 1.209656208848689296e+01
1.120408781252547836e+00 1.215124477566681627e+01
4.817497720085794355e-01 1.239199559423150276e+01
9.397781759789459732e-01 1.209304675552427355e+01
1.930798159859603347e+00 1.181599486191696080e+01
4.518269238195745108e-01 1.229983137515646696e+01
2.010039159936733100e+00 1.198245222111658848e+01
7.153717851830510011e-01 1.180780860062147752e+01
1.995098299756510318e+00 1.210475008695525112e+01
1.386778141168726108e+00 1.194543878617295007e+01
1.481285935142626409e+00 1.213529078568560315e+01
1.169847686618381566e+00 1.182864719044067492e+01
3.701504082931999506e-01 1.260410557930873487e+01
7.306783200379435295e-01 1.184017098652592814e+01
3.275446542770736325e-01 1.300063030811448783e+01
2.980531500750098761e-01 1.354220186922660751e+01
1.952859493999509422e+00 1.221406870560665325e+01
4.203941414269027343e-01 1.252482279729426828e+01
3.198675342205003491e-01 1.319617674655102846e+01
8.055865012296697936e-01 1.202249515515751632e+01
2.888107492215728489e-01 1.355386449027663964e+01
8.619110200332984473e-01 1.171174179510081714e+01
4.447753181976910608e-01 1.221694475606646790e+01
2.010514267458181514e+00 1.213954325037315662e+01
3.805264921087100349e-01 1.253123160477448472e+01
3.476907329885143838e-01 1.294890843013836701e+01
7.349333119226618694e-01 1.185664999039897971e+01
1.161177614691073279e+00 1.202868781441100232e+01
1.601959624661266623e+00 1.227307574322560768e+01
7.916476134651535546e-01 1.185297219893747744e+01
6.491423783037154616e-01 1.181566584964155986e+01
4.027633746038993823e-01 1.243647621784241686e+01
1.248777094158190604e+00 1.209252046975941397e+01
1.393478335466422413e+00 1.200461980854378474e+01
3.732615628266846008e-01 1.284122399729149144e+01
1.007489378374312627e+00 1.207356192706147446e+01
2.005363965516493874e+00 1.182690121626659341e+01
2.083852006738682761e+00 1.147023173246084227e+01
5.546156405412037138e-01 1.202477209748095888e+01
4.004555733809810891e-01 1.252286310790236890e+01
1.893708324494588480e+00 1.201316783074227779e+01
3.105870136169416318e-01 1.325729089233283631e+01
5.308616514917977591e-01 1.213154747951634960e+01
1.298776604277221969e+00 1.190855122354568252e+01
5.777429954839778947e-01 1.193336103857403607e+01
9.134059093741949686e-01 1.198431351685515622e+01
1.569919638961184472e+00 1.199759239820400403e+01
1.101000251649734363e+00 1.188074601827077537e+01
3.945910404730139098e-01 1.271238408184572855e+01
2.126636110603343344e+00 1.188180106491394383e+01
1.073870898728342294e+00 1.186244857155100974e+01
1.152670805593436931e+00 1.173888480628964714e+01
4.367889026043333955e-01 1.230283423141823462e+01
4.529598249066433269e-01 1.255768511064869308e+01
1.362861212648136089e+00 1.209142421679485402e+01
5.407388135772538407e-01 1.231421886975931734e+01
1.067713370592305866e+00 1.192633858731380414e+01
4.932726927458496169e-01 1.253010603819612889e+01
2.161635861850928819e+00 1.157265870549706932e+01
1.161545979341107593e+00 1.200782501110679057e+01
1.203430940125058912e+00 1.205461924461564927e+01
4.582507798358059770e-01 1.264759333918670237e+01
1.735557243007606498e+00 1.195157662157548195e+01
1.288941743966015796e+00 1.215214294653622495e+01
1.819620743468984392e+00 1.172780621204014473e+01
4.471785746375555037e-01 1.223896337870316664e+01
7.266728062344737227e-01 1.192594437214477487e+01
3.784624645725963021e-01 1.263653686913202279e+01
1.513683025276338689e+00 1.192627462633083546e+01
4.413120119320840806e-01 1.259249703227909478e+01
9.288049569013346884e-01 1.204301364181679013e+01
4.067438590641588303e-01 1.234351401600000742e+01
2.939739716245055590e-01 1.355719943630007407e+01
1.873908524232556605e+00 1.216167515794727549e+01
1.325174411057456370e+00 1.181880750837729543e+01
6.780556642268301681e-01 1.181555332902818201e+01
4.539770229560586845e-01 1.222656988951920098e+01
7.904323234234540418e-01 1.183635094085699180e+01
6.846527502351236194e-01 1.187443042092816192e+01
8.223035261606044255e-01 1.181631970296234790e+01
1.113126881762143361e+00 1.201098699575695505e+01
7.981410198962879399e-01 1.182864609102817965e+01
1.773055763461521828e+00 1.219187713057146816e+01
1.342709156844741569e+00 1.197949239371273400e+01
1.374791629398308013e+00 1.199243250675571204e+01
4.474585294216981146e-01 1.223665692076622946e+01
4.050162883111629863e-01 1.256167004036983315e+01
2.090067229432275298e+00 1.161598897564052990e+01
1.124757636897664170e+00 1.191611907798374048e+01
4.914140163921428828e-01 1.202035531873619867e+01
1.198742198750044174e+00 1.194620588243713222e+01
1.375984076999385186e+00 1.218590066759460377e+01
1.412898892621877067e+00 1.199299764042079630e+01
3.649932021903330437e-01 1.269832910998156805e+01
1.810657554929374191e+00 1.190423968812730671e+01
4.050119051071345844e-01 1.247826329078904983e+01
3.251888048062371861e-01 1.302576756854351103e+01
1.216408706909731796e+00 1.209109606024436800e+01
2.020490231187066055e+00 1.185026385606780330e+01
1.109906430791013365e+00 1.181734489310936276e+01
3.185081142108798780e-01 1.321660962140540363e+01
3.594624974555496455e-01 1.269964506233796797e+01
5.195298857946522020e-01 1.204715363869132005e+01
1.475720606749134856e+00 1.195828305065277064e+01
3.119482136901276514e-01 1.336512872418359876e+01
4.495870895708272696e-01 1.227241611249435671e+01
1.749396286373832154e+00 1.190112755603378325e+01
6.799849732886089626e-01 1.195122217439167933e+01
1.778302988324024669e+00 1.210512388977140041e+01
4.042279679853544305e-01 1.242593502039290243e+01
7.126486731748415959e-01 1.177404237466751624e+01
1.441165132475110466e+00 1.178525701988703567e+01
9.649831783323314927e-01 1.189932531744598698e+01
8.095207101969573715e-01 1.168549482219220792e+01
4.934213590442551589e-01 1.205125768933542219e+01
1.419950405539061045e+00 1.207558482872057937e+01
2.095179405573121656e+00 1.184342284271752277e+01
8.663489354427261757e-01 1.174445296036060427e+01
1.360529726481964241e+00 1.210819587387568497e+01
6.946626029697360316e-01 1.182072106145758816e+01
7.017580738866330270e-01 1.177479866163734634e+01
1.682932197508294481e+00 1.196870745127580804e+01
1.105333819088751168e+00 1.189576424061321624e+01
3.567639593767577555e-01 1.327010120752080624e+01
5.218347631665029018e-01 1.202365612589940014e+01
3.219124876581136996e-01 1.332440947158692879e+01
1.858570922310239126e+00 1.213452970728657654e+01
8.016519844596292632e-01 1.192216121155139241e+01
3.074928770678458934e-01 1.333749658650803127e+01
1.825788704372102389e+00 1.176835259517860521e+01
1.907183919319999532e+00 1.180357291838563327e+01
1.076546591913378981e+00 1.183968745362599861e+01
3.577135927307665830e-01 1.285173659252925304e+01
3.506851252146820364e-01 1.291253350026441460e+01
5.002961544898996138e-01 1.233983996760059831e+01
1.852086783230896483e+00 1.178372389032301548e+01
1.582424828705665698e+00 1.203056153872076628e+01
5.144650706247345662e-01 1.211534498488073552e+01
1.101678703581972840e+00 1.167540881255000329e+01
1.861351617193283126e+00 1.181530001633650606e+01
5.220134824456070799e-01 1.227508805615212317e+01
7.963853072313417103e-01 1.187806401292692904e+01
6.028894600367298295e-01 1.181420000497868728e+01
4.408814289065877134e-01 1.240654417767974849e+01
1.666767577447155757e+00 1.200491153079861739e+01
6.684108678631102141e-01 1.203539180901747940e+01
3.708967543566937253e-01 1.286439129320426566e+01
2.049972736034476828e+00 1.190498288987364006e+01
1.808248164392787238e+00 1.170282320706364665e+01
6.660896096209976136e-01 1.210382035849561966e+01
4.568141381774643572e-01 1.220104135028183201e+01
1.058629579667971221e+00 1.170430751235950062e+01
1.645240324715450120e+00 1.165885796944473718e+01
1.482050088843936075e+00 1.186883421458083632e+01
2.118201000335157236e+00 1.152931137047276877e+01
1.729817703389615380e+00 1.201068929075270120e+01
1.678846483702012282e+00 1.174518135452680490e+01
4.665685017007231150e-01 1.210000636586431888e+01
7.542458696507058358e-01 1.187347830713063956e+01
2.052093894793329820e+00 1.151356775953316358e+01
6.470934487153889858e-01 1.194346757998803454e+01
3.790654250694562299e-01 1.293328985867222336e+01
3.549829881778395202e-01 1.296094410587050305e+01
2.144684893022777761e+00 1.154446866421505291e+01
1.851124442030050998e+00 1.189988507303229071e+01
1.244109714636721709e+00 1.204132545670161925e+01
2.006948738021352430e+00 1.176632780279611090e+01
5.853865908728433931e-01 1.209160858542926675e+01
1.239790222676931508e+00 1.212009677775887617e+01
3.261877156602905337e-01 1.320253219124465183e+01
1.714757242155561023e+00 1.205955816504634726e+01
3.558173354274417610e-01 1.272748607578940927e+01
2.071634179369435724e+00 1.222040724018873803e+01
1.916956623666631554e+00 1.215616273427918870e+01
1.238365717889677642e+00 1.199243542497846349e+01
1.279411476361127731e+00 1.179862647472826964e+01
4.241664628944101789e-01 1.248048876365040627e+01
1.513183188110278632e+00 1.168964856381161077e+01
9.980044348344571103e-01 1.174180419270223297e+01
3.136075384246959086e-01 1.322725380620224378e+01
3.987300576457295520e-01 1.247018405401827223e+01
1.338229929994938949e+00 1.200689128746506995e+01
3.924466801703861418e-01 1.246263446369019157e+01
1.729112522827186416e+00 1.206452667473378426e+01
1.470565541751001515e+00 1.193759757300408175e+01
1.916998023723318845e+00 1.184642722083720123e+01
9.346026897191289651e-01 1.183465331352925354e+01
8.735928539636848011e-01 1.191310705272027803e+01
6.676127420410205016e-01 1.189496588013287415e+01
2.075855051450481881e+00 1.208723928877532039e+01
5.128949291480605632e-01 1.194871092884572406e+01
1.927096901852380695e+00 1.165941818736962432e+01
1.241609943339573974e+00 1.196618033834266015e+01
7.289417114887966065e-01 1.210973042420186374e+01
2.092397603335306222e+00 1.199853335602951532e+01
1.478064789657779876e+00 1.205184922724849628e+01
1.442868123230278243e+00 1.215563217819833852e+01
2.040789424029161747e+00 1.212773123073388604e+01
7.703924657581965318e-01 1.171986140416847988e+01
1.808468453560224898e+00 1.207797096472647524e+01
1.343614310059147776e+00 1.201373739026482923e+01
6.464719920026608113e-01 1.178303218616468051e+01
1.068905507806036770e+00 1.194607043072242014e+01
6.829650389572157199e-01 1.183828751473621210e+01
2.051842685523409759e+00 1.196682850577408175e+01
8.752862964938333823e-01 1.200040916332847374e+01
1.663540698960278563e+00 1.224715392696838556e+01
1.575792303267359973e+00 1.181470367483536421e+01
2.085301940184780101e+00 1.211390243328340866e+01
5.893353319289973413e-01 1.195025051334585520e+01
9.005114505779339140e-01 1.186368069956830418e+01
4.829179276875583682e-01 1.223076095954494491e+01
1.358984481015334422e+00 1.193297444727804191e+01
1.808164590212378631e+00 1.188532223817131062e+01
6.499167617808989661e-01 1.183663777231260461e+01
6.927369036175383687e-01 1.183616192782507959e+01
1.768836588773792462e+00 1.163223498343718276e+01
1.085061413867809410e+00 1.177591452931835292e+01
1.251558610640461033e+00 1.194069952183708239e+01
4.912350754223288041e-01 1.214277613650336640e+01
1.796432755906646639e+00 1.210362745582689570e+01
5.211213068187843245e-01 1.206169506836730321e+01
1.782503963031225380e+00 1.216324343159297428e+01
3.233481213489202699e-01 1.321593601399385776e+01
1.633581372624999917e+00 1.204361763330685875e+01
6.235214744652040064e-01 1.187203171075532993e+01
1.421704402435948866e+00 1.204480296121852234e+01
9.414226488060052356e-01 1.183315522384444662e+01
7.740889519573321831e-01 1.174069344539416804e+01
4.198323088934420855e-01 1.231451918701407777e+01
1.675380442669608172e+00 1.180703093400326331e+01
4.296094357991499524e-01 1.275979411205586445e+01
4.192877753257048257e-01 1.257948261506369292e+01
7.886718679911851604e-01 1.212511638365374722e+01
7.146516719064197609e-01 1.199582832042429104e+01
4.002330761731398567e-01 1.277292912382574031e+01
1.995865580926703631e+00 1.143240005863801301e+01
2.135226729073286034e+00 1.175005865914162051e+01
1.396561809024178924e+00 1.198284137909285185e+01
7.019719840504915487e-01 1.195871776868406400e+01
2.182408260753258222e+00 1.123406622287648204e+01
1.957244873359661685e+00 1.190997009105408999e+01
1.210982280985616777e+00 1.179720165403665888e+01
1.188555373521912761e+00 1.196202641558073410e+01
6.973067243699427875e-01 1.176827179316138583e+01
6.612719050738707915e-01 1.195357870140425227e+01
9.766325160959971052e-01 1.186796874119639789e+01
1.311569512172313212e+00 1.197582043676715813e+01
6.626817507418700792e-01 1.197377152697447755e+01
9.973505017750849966e-01 1.166334989734597904e+01
1.614814643296655472e+00 1.203813027158926552e+01
5.041106897871678871e-01 1.215343186030889377e+01
4.074092885722868096e-01 1.245826737017135599e+01
1.946759645574550834e+00 1.192496394886929956e+01
7.050005499948006626e-01 1.211846057385323761e+01
6.395693708362633068e-01 1.247236824038543723e+01
1.404542092626039240e+00 1.204860641111643993e+01
4.454397261739740377e-01 1.287734689926405629e+01
8.034203532896445621e-01 1.232131563906275140e+01
1.631094564405384029e+00 1.161962700032866813e+01
4.108889181473434626e-01 1.309746785414542991e+01
7.180727076095612116e-01 1.183823622177794732e+01
1.005391456016682561e+00 1.173403251245825984e+01
1.431712784953842910e+00 1.144631111012674474e+01
2.100857791467357849e+00 1.160452248734916836e+01
5.345054109845642776e-01 1.227759875614769491e+01
1.404652110303131085e+00 1.176386105303117802e+01
8.083778218784030134e-01 1.207410933051250623e+01
2.127102321057988021e+00 1.206930733760209051e+01
5.389355553174925983e-01 1.229100456192103508e+01
1.971082241583319128e+00 1.145650200651935258e+01
5.619115222789375919e-01 1.280941947869778907e+01
6.322404402471644147e-01 1.222950448262560208e+01
1.567514685905458505e+00 1.203200820518184955e+01
7.965735246972014405e-01 1.228212403488252846e+01
1.667810128929928082e+00 1.156459563357536169e+01
1.808978450761294043e+00 1.133942597472349689e+01
2.083459731306733342e+00 1.177634537876168430e+01
4.308645767831609796e-01 1.263333969557012892e+01
6.146905217999342197e-01 1.184606798579110709e+01
2.125014562988002176e+00 1.160373392116186508e+01
1.762481372967185322e+00 1.163091383996445671e+01
1.404240719931216574e+00 1.195929197406616318e+01
1.140346035747374698e+00 1.179575869118456311e+01
6.238148852598720540e-01 1.191341771539862648e+01
7.051169664677781057e-01 1.191315366639854822e+01
9.037965198494556374e-01 1.178676144523999447e+01
1.649866049498085241e+00 1.180149202493929472e+01
1.914807643601186493e+00 1.198302314037161587e+01
6.899356302146467668e-01 1.180146058051334279e+01
1.981600690810112475e+00 1.163554875058325422e+01
1.916462103766929603e+00 1.126877398355187232e+01
1.429566624657730545e+00 1.170422645830119102e+01
3.212959997733824680e-01 1.311586026750378942e+01
7.789852842060202009e-01 1.178749548207381004e+01
5.928098513714237239e-01 1.227989871908686403e+01
1.920760036947296134e+00 1.190783735146535705e+01
2.136020784155429286e+00 1.152862477304464051e+01
9.921442733698981886e-01 1.161061951558181526e+01
8.791018375788900441e-01 1.193795561036715114e+01
1.428004221577482191e+00 1.193482944776641475e+01
3.535862674505334535e-01 1.300671971335656174e+01
5.516567152626500325e-01 1.199804461493211782e+01
8.313807689886338892e-01 1.173715911988215588e+01
3.548820390040158257e-01 1.293989390070043299e+01
1.003995896026163237e+00 1.208211382481681362e+01
8.937271814725022967e-01 1.181639493103314464e+01
1.109548636496952456e+00 1.185966980970530926e+01
1.047171732215571804e+00 1.170616955889229160e+01
1.901291526891942585e+00 1.177499129362613850e+01
1.494748525061518230e+00 1.196031107149535266e+01
5.710067069531969963e-01 1.229065966538984789e+01
3.971787955185154817e-01 1.277115621317528671e+01
1.667590896015707314e+00 1.212093741574751427e+01
3.648680793341074202e-01 1.293073018089694060e+01
2.015309383857907477e+00 1.168917293615687569e+01
1.296631209654447225e+00 1.200836989776145813e+01
1.553474242763769997e+00 1.184896448823728576e+01
1.393144301967276233e+00 1.187930702575515696e+01
1.524031381896658210e+00 1.202582895280089303e+01
2.111880781620123049e+00 1.157283510553955885e+01
4.714312426298914449e-01 1.206814300920612482e+01
1.947322643833359068e+00 1.159936616967001477e+01
1.071198571961070378e+00 1.170106872445600388e+01
3.720569628904774606e-01 1.268742195946312101e+01
3.461061799306602849e-01 1.307491948175518992e+01
1.672406350225515315e+00 1.165560290365175611e+01
3.149421710686034492e-01 1.321783243947972863e+01
8.684212595274544144e-01 1.174297661871824161e+01
6.922174816191757341e-01 1.182351646944030676e+01
2.033592862683332392e+00 1.214529614605126717e+01
1.648637135834696954e+00 1.231662941233059350e+01
4.385646525819378305e-01 1.234434236850573008e+01
5.479479501651079998e-01 1.187391851752961003e+01
8.751437313016099395e-01 1.184145697248256290e+01
8.743284122726440177e-01 1.181981968046430431e+01
1.265970001672894973e+00 1.181004320348731262e+01
1.552838256991031951e+00 1.176298238719464528e+01
1.609363167332455991e+00 1.188013732209812368e+01
6.683762160014651288e-01 1.184945026352103348e+01
1.690234466601370000e+00 1.215150741023604475e+01
6.913426851991955058e-01 1.194401996736031535e+01
1.732277301678500248e+00 1.217567887620329081e+01
1.245693636390815984e+00 1.179775504420057786e+01
4.845447572622798571e-01 1.204369288274599015e+01
1.416119510544157523e+00 1.208792006577848888e+01
9.899461336841079984e-01 1.187688537397729860e+01
2.066766763538357310e+00 1.163087364012748459e+01
4.473037865884481601e-01 1.229573649628713028e+01
3.170406146210709708e-01 1.316759395364335461e+01
3.427874692873831286e-01 1.292307545011742675e+01
1.357210439743240737e+00 1.195227424381556602e+01
1.845012785755234086e+00 1.214155168845116428e+01
1.435582910255144284e+00 1.187304382529055857e+01
1.928057748132262494e+00 1.186292193845563325e+01
8.714873909216512837e-01 1.185688253190379271e+01
1.835079079304571481e+00 1.190439926780301860e+01
1.074405692340147267e+00 1.190814240172194083e+01
1.186966130820756193e+00 1.179559408825790534e+01
3.190479466097703165e-01 1.336933737927377841e+01
1.207005139331210675e+00 1.187701835906810999e+01
1.908671735442877493e+00 1.187535050008903248e+01
1.407106446539450717e+00 1.193922846040627661e+01
7.847226277560777064e-01 1.189592041623896002e+01
5.572131596502879480e-01 1.190900004441365212e+01
2.006273313939242353e+00 1.193727550037059970e+01
7.756920226623321701e-01 1.190960040207320603e+01
1.411591842758300519e+00 1.191467035902685900e+01
1.840258947979111159e+00 1.204010252966164352e+01
6.972706789307535624e-01 1.186535998167467021e+01
4.475747351913599292e-01 1.216216506190035318e+01
1.653815705939943204e+00 1.215275946625758507e+01
1.070814247969903876e+00 1.200328988910403538e+01
3.571374039468862560e-01 1.279926256846218457e+01
1.357721993074261668e+00 1.212368215709247821e+01
2.061186917328679868e+00 1.167339562241324913e+01
7.256734977293839428e-01 1.202945261926723397e+01
7.817564053565109194e-01 1.219682567202954537e+01
1.765384959125949171e+00 1.220116726737480839e+01
8.580923507240869608e-01 1.205276432853793089e+01
4.132776365412830777e-01 1.286008784490876877e+01
5.123157646846194790e-01 1.245290325439653856e+01
5.500213235118696087e-01 1.241684241290144008e+01
5.743630493205543752e-01 1.200567150982126563e+01
1.891810765507629721e+00 1.220864012919540009e+01
1.236424126571367577e+00 1.198370279694098350e+01
2.067746936914526490e+00 1.195420166510957216e+01
4.477727354233816959e-01 1.222707769941403377e+01
1.423914173176462850e+00 1.205002653310561556e+01
5.691927928507894974e-01 1.185273859175263844e+01
3.318953713666230043e-01 1.297183141782901217e+01
1.831297273437044515e+00 1.221579014178995592e+01
2.116882585082957569e+00 1.158615573905236573e+01
4.067655961925721320e-01 1.244238686342685796e+01
2.954537751333367601e-01 1.356439867293706669e+01
1.991856142707355781e+00 1.198975702794937881e+01
1.342106655765787915e+00 1.185552628865933755e+01
1.194152757944396237e+00 1.187892562289525955e+01
1.749796103069782616e+00 1.207510847483307970e+01
4.638397553017842845e-01 1.242569610050179385e+01
1.959245765195295252e+00 1.183043571402476779e+01
1.098901469509671491e+00 1.184157944704957366e+01
9.255412303415139208e-01 1.181662391515163080e+01
7.695906772365938009e-01 1.177445477668247342e+01
4.259821041176644063e-01 1.229273270011856667e+01
3.222670595307238761e-01 1.305517387151116715e+01
2.057993355508163980e+00 1.210482966081342404e+01
1.755094679090517307e+00 1.191830982375551251e+01
1.164417895908407941e+00 1.166173454640479612e+01
1.984660960566770660e+00 1.160318629927259337e+01
1.564857875578829161e+00 1.170766233265683454e+01
1.841294423186170759e+00 1.160464730758907770e+01
2.006799755004897712e+00 1.209339435245075656e+01
1.037272743202696468e+00 1.184137053259988370e+01
3.593179247135423471e-01 1.267899087882428155e+01
8.566539856470808401e-01 1.165985767165335396e+01
4.832303175801243023e-01 1.211265663910066692e+01
1.909381402207429579e+00 1.134126562716422981e+01
1.837268074398128892e+00 1.188709441980647341e+01
2.001387723593289980e+00 1.189955206439126556e+01
1.088084574983762209e+00 1.207542268449059009e+01
6.943589715578730726e-01 1.184967445268565811e+01
7.081818060740068255e-01 1.212070638332458827e+01
1.406746370572593330e+00 1.185107305637027686e+01
1.838409641171895981e+00 1.202751973269844399e+01
3.510794210020637407e-01 1.282393037316575146e+01
1.702031642964057401e+00 1.217511772593265462e+01
1.020391157800709658e+00 1.198112433913533970e+01
1.729298672126921899e+00 1.151676470174608546e+01
1.583620021690681279e+00 1.198896931294888724e+01
1.646960214998618888e+00 1.155123191986639064e+01
3.377070091801877560e-01 1.315589914315846265e+01
7.869298097609541687e-01 1.201869505771158408e+01
4.613547959424234013e-01 1.278824724852502648e+01
9.368637457350618147e-01 1.198301716471353018e+01
3.615828757305593610e-01 1.317736840373439478e+01
1.930823809289860860e+00 1.184441364095887117e+01
1.632207215934198485e+00 1.192067740510739071e+01
9.266085100671458408e-01 1.182165093576974435e+01
1.758850883275939525e+00 1.159600381627542198e+01
1.260709205699654278e+00 1.189566894910164230e+01
1.746012137541393949e+00 1.207888824030892216e+01
3.754176769171287398e-01 1.295750151418582696e+01
1.208722099992650678e+00 1.194655557884287056e+01
2.124324677564791042e+00 1.163003121164046050e+01
9.220068474129801128e-01 1.207603503346518004e+01
1.374255346272195810e+00 1.209110615107090858e+01
1.683164249876945018e+00 1.217109231281309434e+01
1.031756078388216702e+00 1.205386149659045003e+01
1.042089714822424851e+00 1.203155466815234220e+01
9.037475284051651458e-01 1.195349396046344381e+01
1.685216921113113830e+00 1.213348790403635746e+01
2.099805122800572299e+00 1.190483499079710583e+01
2.136669308325983341e+00 1.206373906644453520e+01
4.092896134494812821e-01 1.300758526945066684e+01
1.097122671072133793e+00 1.220303739901660656e+01
1.291616636493062575e+00 1.207845688278892382e+01
2.222478550433339972e+00 1.171804361793133964e+01
3.782109669146063724e-01 1.287443583174105655e+01
7.729511750268438508e-01 1.203254999978361184e+01
1.997786295415218127e+00 1.191266763553924690e+01
1.550611716867497991e+00 1.209691776768070248e+01
1.857659567638355824e+00 1.191178570194676922e+01
3.644143403933620129e-01 1.314676471540937186e+01
1.136341613751009616e+00 1.171830290509184103e+01
1.676657568571404466e+00 1.184141722091669990e+01
7.480067046454098589e-01 1.202617115000968084e+01
1.252353370858578119e+00 1.178534121370607224e+01
1.908841995733508323e+00 1.166414026995282605e+01
4.829836378210371484e-01 1.237122558499335234e+01
1.497461356848987180e+00 1.194974131235256998e+01
7.495378962785625987e-01 1.188500286252700100e+01
4.350591945654632142e-01 1.267029102591077994e+01
1.567893571515285966e+00 1.162183479833219657e+01
1.926413890551045505e+00 1.198749088193618029e+01
1.916021108370883796e+00 1.219999367702674320e+01
1.326618288472565244e+00 1.190627030566014888e+01
5.553915464645523548e-01 1.201735002657824403e+01
4.019466143409467507e-01 1.255663070757030297e+01
3.156999860778366696e-01 1.335303667334497213e+01
4.365603624125196092e-01 1.223879772143701139e+01
1.519293848978422901e+00 1.199411843932693600e+01
1.243175562237050391e+00 1.179069796147374660e+01
2.147994469478699653e+00 1.171222100430584945e+01
1.841873392335956705e+00 1.160153668960127327e+01
1.137090213619989187e+00 1.189119520595220081e+01
3.325577313008073466e-01 1.300251796050608810e+01
9.832600094343950659e-01 1.185914564481202227e+01
6.014082331458741049e-01 1.203213200439071784e+01
5.534985276704856849e-01 1.187220128941304331e+01
1.887992112716739390e+00 1.178705386506509356e+01
1.831545593092704927e+00 1.198604290330348121e+01
2.905071304394346576e-01 1.356759222341783655e+01
1.134151897034352263e+00 1.181429560169628523e+01
4.134946171034720730e-01 1.258804409584148409e+01
1.632147017680788181e+00 1.199525296287574605e+01
1.396045186471020827e+00 1.206528151289737139e+01
1.867109281174335278e+00 1.169790648982845482e+01
4.280445529102157587e-01 1.265793471847768181e+01
8.930578549199065241e-01 1.191836763950500178e+01
1.737888104170227876e+00 1.181505996759974231e+01
3.578222986861738786e-01 1.293647520087374581e+01
1.591320410119637652e+00 1.192990543399759140e+01
4.094166830736258311e-01 1.274326737879593452e+01
1.953373691844435323e+00 1.172888227121262084e+01
1.100348580438892832e+00 1.190141739790836972e+01
1.301730578738786503e+00 1.222270072022287479e+01
9.659886570668981820e-01 1.214433622913082189e+01
1.514920120129381376e+00 1.201902088277910607e+01
1.502436006461209894e+00 1.220018497650156242e+01
1.845365155968699877e+00 1.178164930999564319e+01
1.518279823068020118e+00 1.209797449266527458e+01
1.083212514796682902e+00 1.196379086066675335e+01
1.815377101870262022e+00 1.128924474723795868e+01
1.486909536982837565e+00 1.192897289496468538e+01
1.383559766726852880e+00 1.176688190713745286e+01
2.063332823062879129e+00 1.198594769505550417e+01
1.243031238796581173e+00 1.172640086139573867e+01
3.778880877957505047e-01 1.270533836129774308e+01
3.988506997947457999e-01 1.250087217834981601e+01
1.275174493089319627e+00 1.181423859672897514e+01
7.608080256766788230e-01 1.190299731565604624e+01
1.046581359796778576e+00 1.169949737458090766e+01
1.990780155460683432e+00 1.160876091708198388e+01
1.357351411059356527e+00 1.215749537246139944e+01
1.593552354179427866e+00 1.179665106433757593e+01
1.484621780585986706e+00 1.208239396968408208e+01
1.705529114499968024e+00 1.189615791139877388e+01
4.008130840710050768e-01 1.237965021191969939e+01
1.776339898864213174e+00 1.204435330601125997e+01
3.204501220411120066e-01 1.337431158480327653e+01
2.124376956930378313e+00 1.167085823761065555e+01
5.708369034585251134e-01 1.188089225615923539e+01
1.586090485137063633e+00 1.208228164897685808e+01
2.963211088810973060e-01 1.344241108579874933e+01
6.378376607313245295e-01 1.176886889875694564e+01
4.012281753678334506e-01 1.238439796905625379e+01
1.560529464349946105e+00 1.216765187540378612e+01
5.952182658190376952e-01 1.182048398077445128e+01
1.658934281498917196e+00 1.195142078145026510e+01
1.306511678885438954e+00 1.193255228838720150e+01
9.502484797919668047e-01 1.180536592980721977e+01
1.826769694859686766e+00 1.195150646712480658e+01
7.956712001403603018e-01 1.193384429668556734e+01
3.060975677495982872e-01 1.333706073920184210e+01
1.145428892998214820e+00 1.192744373775030020e+01
9.298786643330074764e-01 1.182138628416169368e+01
2.071730607416381265e+00 1.161729675114275828e+01
1.745991075484437216e+00 1.188757356443351831e+01
1.292797892236115853e+00 1.167830028505968087e+01
4.495733785195186738e-01 1.212489529472565586e+01
3.058997811478777473e-01 1.336098120211077678e+01
1.673417694820006352e+00 1.200321535383269200e+01
3.495483430896446086e-01 1.319969155877974565e+01
9.794380583534204598e-01 1.187809474076172123e+01
1.923749075222339178e+00 1.200191005098001185e+01
3.183183286952357416e-01 1.337881986623977504e+01
1.687117109054378394e+00 1.169250107937974192e+01
3.159360907370815652e-01 1.337073911217995636e+01
5.701814512382039624e-01 1.223489003453675039e+01
5.371352323467408763e-01 1.227131461462885653e+01
1.136301923138205883e+00 1.196908750817800104e+01
1.287212284115520466e+00 1.205054033296301874e+01
1.361346287855657922e+00 1.193950312350685294e+01
6.045157589956234867e-01 1.181890916176498862e+01
1.423300989727174670e+00 1.206606522106209134e+01
5.652947064716558057e-01 1.208159903036477800e+01
2.081303690502275039e+00 1.164811379489237986e+01
7.760174097761469714e-01 1.185073266816436366e+01
7.220618100128044503e-01 1.181239528679410000e+01
1.201762036109375709e+00 1.201148203906521239e+01
1.900587794978543021e+00 1.203859114397687691e+01
1.834248635281869655e+00 1.205642132153919199e+01
9.345436329459966274e-01 1.188441182616948311e+01
4.175061350493476930e-01 1.235488569919759705e+01
5.301115455444683766e-01 1.213764494225805812e+01
8.883367998808130439e-01 1.194029159979373844e+01
4.733406521526634658e-01 1.205524007906526762e+01
9.498282190152614879e-01 1.175512346373928629e+01
1.960294373637155196e+00 1.174454006538364048e+01
2.045791433444864804e+00 1.186373780335753381e+01
2.125949778426044379e+00 1.225679786403082616e+01
1.781550721441272911e+00 1.193838612835485691e+01
6.771824953119017776e-01 1.182578803353547414e+01
1.212585519614029161e+00 1.209738259981769382e+01
1.858235822462843911e+00 1.208143156865775580e+01
5.145361936011401127e-01 1.220367424199915263e+01
9.634364683916646355e-01 1.199263043460009648e+01
1.236870064727801477e+00 1.206883241657362404e+01
5.980400572693529426e-01 1.197475718436781378e+01
1.441199806168668163e+00 1.197233440844867225e+01
2.002364188213151763e+00 1.167724468289210726e+01
1.701847832202223465e+00 1.144048422130196840e+01
1.700869607604061917e+00 1.182068169616641207e+01
1.456202739160466164e+00 1.184780185484899739e+01
1.699322885089502133e+00 1.193085868950006834e+01
2.014298409383039612e+00 1.170728335049690294e+01
4.285946249129577446e-01 1.237234261499095034e+01
8.291357757991864030e-01 1.189822024882496265e+01
1.442486752049465526e+00 1.195301602199380042e+01
9.150481575432024561e-01 1.209079077993055584e+01
1.959371312433933809e+00 1.138852276404105623e+01
3.619735611557026722e-01 1.310256770290401995e+01
1.493590861092747746e+00 1.184188906165814181e+01
2.060423489625994975e+00 1.133038676797327504e+01
1.152203525053996813e+00 1.187691437682284779e+01
1.535623725497132552e+00 1.221913525431791570e+01
1.777910193176721831e+00 1.167622982216223626e+01
1.401545989806826764e+00 1.157737284852547965e+01
1.955429160553257883e+00 1.146738995356370516e+01
6.548741354784262114e-01 1.224438709593151664e+01
1.806625513219142443e+00 1.206545038915970380e+01
3.631952511938106309e-01 1.318102746180604257e+01
1.718672922877463760e+00 1.185589224802449770e+01
1.389092696079932132e+00 1.194796480886912704e+01
7.474903871299786173e-01 1.167155441276812411e+01
1.597622054197844976e+00 1.196366064255279760e+01
8.578629804194306541e-01 1.176133067285153366e+01
2.149725761538181956e+00 1.180302892164550776e+01
5.206346181449875710e-01 1.242648372785816591e+01
3.920006979816044734e-01 1.282728607037688917e+01
1.846855236140171330e+00 1.155289165175114086e+01
2.170720007909241467e+00 1.138577747548140096e+01
7.849944293630942704e-01 1.204350739161961670e+01
1.255469702245453956e+00 1.173485958302893373e+01
5.395399287973251523e-01 1.193166087037118217e+01
8.806962201248155209e-01 1.167955753664871388e+01
1.321261811719983470e+00 1.161399949924975239e+01
1.584437507867948458e+00 1.182277786541642151e+01
9.019165310630500310e-01 1.176887638397200320e+01
1.149277844337633914e+00 1.177820999611490471e+01
6.314439327595630091e-01 1.186491261651913121e+01
8.227189424244575333e-01 1.203620985553555656e+01
1.306274219647454160e+00 1.190560173874168193e+01
1.103149810684329157e+00 1.216065136988414430e+01
1.873481793278046981e+00 1.180863370835176163e+01
1.460424137370250675e+00 1.182399807040166273e+01
5.614059003885883969e-01 1.220573848277436113e+01
1.233991219738026945e+00 1.179930447219186007e+01
2.162462840633537997e+00 1.168745642707104260e+01
1.518765291468239464e+00 1.178623624801845082e+01
1.502243475571466869e+00 1.225581799378834269e+01
4.214777327773430726e-01 1.249835208249632679e+01
1.517250728484335065e+00 1.187608154925707282e+01
1.736214206592317844e+00 1.213452801396488034e+01
3.983693686827345370e-01 1.240594443206992459e+01
8.437941407742486355e-01 1.182543546923663769e+01
1.450226664157360679e+00 1.191729164639234817e+01
1.643193202069331393e+00 1.185522805106078970e+01
1.263258976694955127e+00 1.208748256721666969e+01
4.529648085584154216e-01 1.223569512227851419e+01
1.963179496937552004e+00 1.205339830213578267e+01
9.513844820087399290e-01 1.165815553825904161e+01
4.695767657630169900e-01 1.222729503259357742e+01
5.206916940792992721e-01 1.197989912758396791e+01
2.017355644676127380e+00 1.217428368343614054e+01
1.060780442296796355e+00 1.173923029624924474e+01
2.056295371628348523e+00 1.175103987429686647e+01
1.102649272632762800e+00 1.170804324808737462e+01
6.861491099493900458e-01 1.178647810759768610e+01
3.325778127483678959e-01 1.300362173975005931e+01
8.758660273105576266e-01 1.176459533548723968e+01
7.528266340653511079e-01 1.180718387753988452e+01
4.261867179338343914e-01 1.242661309410840964e+01
3.105654077532021273e-01 1.326711155821750943e+01
1.609008690761800864e+00 1.193239494104143716e+01
1.136029462314894767e+00 1.201646158900880046e+01
2.003731486591693312e+00 1.212296878291120805e+01
5.142310343711391507e-01 1.260101371008126137e+01
1.306560059183779154e+00 1.210680623024457603e+01
1.215122236935695987e+00 1.193265874630579049e+01
1.951844690508326652e+00 1.201528842118374030e+01
1.999703470941546435e+00 1.178950802605768011e+01
5.101905664515833383e-01 1.218621274984210423e+01
6.676849500972162899e-01 1.185816817443856053e+01
3.552928948927899788e-01 1.278075171799757470e+01
1.018304016985390525e+00 1.181305284203950379e+01
9.648326017759136786e-01 1.197845000712258745e+01
5.851485247863194017e-01 1.187117176128068863e+01
1.477770021003463441e+00 1.211083263412693789e+01
9.204954378983845054e-01 1.224145087302673574e+01
8.432629575683636691e-01 1.187225878112344724e+01
7.479585903980754402e-01 1.183574178266069410e+01
1.856302310859755611e+00 1.191369819637163729e+01
3.438769755414217144e-01 1.302812301133467621e+01
1.207597675117119573e+00 1.189871645794578292e+01
4.876944217839115359e-01 1.228690500666263929e+01
1.397884031379921899e+00 1.186130413169067666e+01
1.851384512108936065e+00 1.172267506064800990e+01
4.536108010712701644e-01 1.225753918914918295e+01
1.398584004408497616e+00 1.194587506695297385e+01
1.079473297083041627e+00 1.202144725387577395e+01
3.051437841329513456e-01 1.349275050374877338e+01
1.910998960942702052e+00 1.208511825232715786e+01
2.111327083865254028e+00 1.212773876878108759e+01
3.488846226398701900e-01 1.279200988164398645e+01
1.050703172191701951e+00 1.173303275210102470e+01
1.859702586490011411e+00 1.224060019187795234e+01
3.192196771895763896e-01 1.314320581407551813e+01
3.035840335938038703e-01 1.343320529915678740e+01
5.242622187165152381e-01 1.193264301187818255e+01
2.056943163555642329e+00 1.193229249670204162e+01
4.263113789877683857e-01 1.232273095744405822e+01
2.863456078701934193e-01 1.360993352916130128e+01
1.667417379357196472e+00 1.234277548304677019e+01
9.082215302783647193e-01 1.179085930303256191e+01
1.200704189845031689e+00 1.197239767455694093e+01
3.671373824891328019e-01 1.272109979064233087e+01
1.619997360725166979e+00 1.180291156917441242e+01
1.983620060160834919e+00 1.193104030688790651e+01
1.699067206070377756e+00 1.207190441524717883e+01
5.242018215323545061e-01 1.208342191960540291e+01
4.109001907075290894e-01 1.252583253703698318e+01
1.058272575855111253e+00 1.188333081527611235e+01
4.461592233328536272e-01 1.220025103835480351e+01
1.157886717624757145e+00 1.201894621422395737e+01
1.919307653355812215e+00 1.239102068237578536e+01
1.538012205814432543e+00 1.202573861674443378e+01
5.361372246793799645e-01 1.193592549511957479e+01
5.065022300014749845e-01 1.213708310628549825e+01
1.719494646118137737e+00 1.196793530563209451e+01
1.962688114474519407e+00 1.247154389482052217e+01
3.850471831849993087e-01 1.250243741868120928e+01
3.000474766949079442e-01 1.348781357154399352e+01
1.715270447830521183e+00 1.180217489700793010e+01
2.111821746091402829e+00 1.100387304915196474e+01
1.933539668101844189e+00 1.193115504696722340e+01
1.616333254635058836e+00 1.212689790452988170e+01
7.450678949663761541e-01 1.191258854007937096e+01
5.556451251587952722e-01 1.209720156961070536e+01
4.602579929999713326e-01 1.240276513551729209e+01
2.055139245551854454e+00 1.133643100011804883e+01
1.654359796322417253e+00 1.204833252217926542e+01
1.334748779600998247e+00 1.181627267828562999e+01
1.847199578131933251e+00 1.145012925999860975e+01
1.503019234002649140e+00 1.208408994426007155e+01
2.031915606893313964e+00 1.167927559208656341e+01
6.018532790871360394e-01 1.197551828885043257e+01
1.930255335288977081e+00 1.142105647887167486e+01
2.022900557832399748e+00 1.103779190049809422e+01
2.068272356677748114e+00 1.139866832391790830e+01
6.698761601215491579e-01 1.197197177182222916e+01
1.481870143223454894e+00 1.217365179334494307e+01
3.827908269148906917e-01 1.248297584445418096e+01
3.432051109044170212e-01 1.282854954553759264e+01
1.431573146029306409e+00 1.179755343688425562e+01
1.729937768193141823e+00 1.207125714151450602e+01
5.175254105964423035e-01 1.205248570148012810e+01
1.149072132673385482e+00 1.188873108970901704e+01
4.746542573442777413e-01 1.229264052338472979e+01
1.542428040592263239e+00 1.167080397725489505e+01
3.947339695598690579e-01 1.243940509327070565e+01
6.096996274931381077e-01 1.179673960933854637e+01
3.800133527738481787e-01 1.250583347665798151e+01
5.047852514253088341e-01 1.200870788185744509e+01
5.673683857242075579e-01 1.192270292168465495e+01
7.731843542124895441e-01 1.170259775359193810e+01
1.248780372012471052e+00 1.196468240324100663e+01
7.277363466781063828e-01 1.185097656252152731e+01
1.912941098014528940e+00 1.220914148287551093e+01
8.989766694931121682e-01 1.182321271314402544e+01
4.262570937675204674e-01 1.252347178867559130e+01
1.440040155801068034e+00 1.195535096742501224e+01
2.085151155651860488e+00 1.185619063967508779e+01
7.124611076671868437e-01 1.195604938500570569e+01
2.021242455471296662e+00 1.160030729951151329e+01
2.017500729329569253e+00 1.171669899066817955e+01
9.686099080721436438e-01 1.188476154468103374e+01
2.176732816702056095e+00 1.180235552238438679e+01
1.914384020280616827e+00 1.202262353832307440e+01
1.977607406611320284e+00 1.232560529634832491e+01
1.502955110868128497e+00 1.207353991472561106e+01
1.350228196072944087e+00 1.214486049154146841e+01
1.859919987552574705e+00 1.205883934113582434e+01
6.128170476685057544e-01 1.183870846666871302e+01
3.236984426183071584e-01 1.310860658680273971e+01
2.159804038387087122e+00 1.167379785480180487e+01
2.025591321029773795e+00 1.178042215268250992e+01
2.158311313667674369e+00 1.156290719461089189e+01
1.381667433133107581e+00 1.185453943051665604e+01
1.709533252891423993e+00 1.149231319451824618e+01
1.865739202252395090e+00 1.165148029865066803e+01
1.154975413888879698e+00 1.197017331308506449e+01
8.244798490571113581e-01 1.198732373236668103e+01
1.260383818359561481e+00 1.193565102998080008e+01
5.159021352436807817e-01 1.239392404991682639e+01
4.668141410003971425e-01 1.223676542868747674e+01
1.914840821797160419e+00 1.168611895441479298e+01
4.829912870044770767e-01 1.229820724541630916e+01
3.423361217891379149e-01 1.323166841834169283e+01
1.877037099982445501e+00 1.166733153555645330e+01
1.121028099727113148e+00 1.213127585935747987e+01
4.283310659179923041e-01 1.257479081866662796e+01
5.396486533798668939e-01 1.230849909239669948e+01
1.635511674497714729e+00 1.202749312660208680e+01
8.851266519892089235e-01 1.211790950078566809e+01
8.584591373260772595e-01 1.207183940913071396e+01
6.347736867428561691e-01 1.227199386267833425e+01
6.471745794584425893e-01 1.243280137861986567e+01
5.681787701799586587e-01 1.239617057665786071e+01
4.483351699281865610e-01 1.291345798012522295e+01
2.029755365597533778e+00 1.166928232070099547e+01
9.084604295862163115e-01 1.186549846612155612e+01
1.807678111970571821e+00 1.197336467544757710e+01
3.479585504875574720e-01 1.325317116680475493e+01
6.582514161249199969e-01 1.209027986898251150e+01
8.024038599259832871e-01 1.197949863326839370e+01
4.871354229176914630e-01 1.259632782801361017e+01
4.707571087217444217e-01 1.211563916871632429e+01
6.809562461341176487e-01 1.198898315393790881e+01
9.544963004599472667e-01 1.194991785955637731e+01
4.809487819751671611e-01 1.229833579405936383e+01
1.007926781164204311e+00 1.217669203729349192e+01
3.690944375533424804e-01 1.267516428388081096e+01
5.904945238833804178e-01 1.193494268190566210e+01
4.666062440548665036e-01 1.212349528437668411e+01
5.788726153331145152e-01 1.235998761267410551e+01
9.946642714610769431e-01 1.191307357679985657e+01
4.013788610782925703e-01 1.282760019857672340e+01
1.579714894781471424e+00 1.198805163861369927e+01
5.166059198691250742e-01 1.241793550938968060e+01
1.673577303740445554e+00 1.229658657764087160e+01
4.809635570343094302e-01 1.220988460774629658e+01
3.242926741982209426e-01 1.307031554665569395e+01
8.125116974087331911e-01 1.174548421835689105e+01
1.838499192125336412e+00 1.177107804896269982e+01
1.151121339764604068e+00 1.191115783522653615e+01
2.012967778042499045e+00 1.214591749716162994e+01
3.034644874555288974e-01 1.335470104309688288e+01
1.710846118171099661e+00 1.208046898791817014e+01
1.642534530624378597e+00 1.215333656185977773e+01
6.457277437453544655e-01 1.178127762244111842e+01
1.011362720194527443e+00 1.180550261450047067e+01
